step,time_s,phase,cmd_x,cmd_y,cmd_yaw,height,x,y,speed,yaw_speed,roll_deg,pitch_deg,foot_contacts,base_contact,done,vx,vy,vx_b,vy_b,wz,push_delta_vy,joint_rms_deviation,FL_foot_x_b,FL_foot_y_b,FL_foot_z_w,FL_foot_fz,FL_foot_contact,FL_foot_speed_xy,FR_foot_x_b,FR_foot_y_b,FR_foot_z_w,FR_foot_fz,FR_foot_contact,FR_foot_speed_xy,RL_foot_x_b,RL_foot_y_b,RL_foot_z_w,RL_foot_fz,RL_foot_contact,RL_foot_speed_xy,RR_foot_x_b,RR_foot_y_b,RR_foot_z_w,RR_foot_fz,RR_foot_contact,RR_foot_speed_xy
1,0.02,stand,0.0,0.0,0.0,0.3985777199268341,6.642565131187439e-05,2.297592072864063e-05,0.006976396776735783,0.0288850087672472,-0.3283843428759589,-0.0038173462031265122,0,0,0,0.005808402318507433,0.0038642690051347017,0.005800207611173391,0.0030478723347187042,0.0288850087672472,0.0,0.07530683279037476,0.17262209951877594,0.16956917941570282,0.07762280106544495,0.0,0,0.3519399166107178,0.1674419343471527,-0.1774114966392517,0.08012412488460541,0.0,0,0.41358476877212524,-0.28831225633621216,0.16771957278251648,0.09514960646629333,0.0,0,1.0032334327697754,-0.28233274817466736,-0.17000268399715424,0.09449219703674316,0.0,0,0.6873641610145569
2,0.04,stand,0.0,0.0,0.0,0.39350661635398865,-7.310882210731506e-05,1.1037853255402297e-05,0.012606276199221611,0.0035986003931611776,-0.5369182891686463,0.15530262687235497,0,0,0,-0.012592137791216373,0.0005968875484541059,-0.0116583202034235,-0.0026212790980935097,-0.0035986003931611776,0.0,0.16052985191345215,0.17469362914562225,0.1678338497877121,0.051269739866256714,0.0,0,0.36537423729896545,0.15956202149391174,-0.18173550069332123,0.05534536391496658,0.0,0,0.15487055480480194,-0.31119731068611145,0.16108866035938263,0.07597992569208145,0.0,0,1.0009424686431885,-0.28474217653274536,-0.16217868030071259,0.0794207975268364,0.0,0,0.4525828957557678
3,0.06,stand,0.0,0.0,0.0,0.3843690752983093,-0.0003797970712184906,1.398822496412322e-05,0.016731545329093933,0.00515024783089757,-0.695175052898311,0.4846317503291706,0,0,0,-0.016709931194782257,0.0008501701522618532,-0.012062863446772099,-0.005800335202366114,0.00515024783089757,0.0,0.2341705709695816,0.1806766390800476,0.16717834770679474,0.028574228286743164,0.0,0,0.22048655152320862,0.15218783915042877,-0.18451444804668427,0.029505379498004913,0.0,0,0.3889573812484741,-0.32235702872276306,0.15525317192077637,0.05389025807380676,0.0,0,0.33074015378952026,-0.2802879810333252,-0.1584063470363617,0.06115809828042984,0.0,0,0.324844092130661
4,0.08,stand,0.0,0.0,0.0,0.37288933992385864,-0.0006988998502492905,7.525044202338904e-05,0.015893083065748215,0.008200452663004398,-0.6743326772851643,0.19117862237467007,2,0,0,-0.015209224075078964,0.004611893557012081,-0.013329129666090012,-0.001996129285544157,-0.008200452663004398,0.0,0.24862641096115112,0.17868171632289886,0.16758973896503448,0.022973328828811646,79.66972351074219,1,0.04525909200310707,0.14982075989246368,-0.1843779981136322,0.022792749106884003,86.67273712158203,1,0.0409170426428318,-0.3226567804813385,0.15274298191070557,0.026802413165569305,0.0,0,0.5025674104690552,-0.2744593024253845,-0.1623723953962326,0.04041089117527008,0.0,0,0.6431876420974731
5,0.1,stand,0.0,0.0,0.0,0.36264944076538086,-0.0013996437191963196,0.00019084442465100437,0.030171707272529602,0.15549618005752563,-1.247695201678559,-1.2371659314644554,4,0,0,-0.029574191197752953,0.005974876694381237,-0.03842457756400108,-0.002919005462899804,0.15549618005752563,0.0,0.2168329358100891,0.17039571702480316,0.16397646069526672,0.023027345538139343,103.9891128540039,1,0.029599379748106003,0.1413808912038803,-0.18776904046535492,0.022859282791614532,107.65522766113281,1,0.027197550982236862,-0.3311368525028229,0.14945606887340546,0.022303573787212372,72.55693054199219,1,0.08820445090532303,-0.27092882990837097,-0.17385226488113403,0.022663243114948273,139.94261169433594,1,0.5073801279067993
6,0.12,stand,0.0,0.0,0.0,0.3555435836315155,-0.0023461580276489258,0.00018326354620512575,0.05167438089847565,0.10461869835853577,-1.29337764128172,-1.8180450256785963,4,0,0,-0.05167438089847565,3.5503603612596635e-06,-0.06121441721916199,-0.006594363134354353,0.10461869835853577,0.0,0.17880879342556,0.16791526973247528,0.16342474520206451,0.023091822862625122,60.86937713623047,1,0.03582553192973137,0.13822726905345917,-0.18815980851650238,0.022893771529197693,71.63088989257812,1,0.02818376012146473,-0.33369460701942444,0.15002481639385223,0.0223892480134964,65.81243896484375,1,0.030848117545247078,-0.2747530937194824,-0.17317140102386475,0.022828631103038788,53.00387191772461,1,0.019361991435289383
7,0.14,stand,0.0,0.0,0.0,0.35040590167045593,-0.0032757986336946487,0.00024723727256059647,0.04463120549917221,0.10558851808309555,-1.0074313447923129,-1.7089279512108824,4,0,0,-0.04404915124177933,0.007184471003711224,-0.050845298916101456,0.0034096590243279934,0.10558851808309555,0.0,0.15360099077224731,0.16945888102054596,0.16473887860774994,0.023107990622520447,50.271873474121094,1,0.03163592889904976,0.13911330699920654,-0.18672332167625427,0.02292543649673462,77.34447479248047,1,0.02216513454914093,-0.33201634883880615,0.1523284614086151,0.02242901921272278,58.50509262084961,1,0.01013680174946785,-0.27378273010253906,-0.17095819115638733,0.022863127291202545,35.71152114868164,1,0.013936561532318592
8,0.16,stand,0.0,0.0,0.0,0.3461090624332428,-0.0040438175201416016,0.0004881901550106704,0.039998989552259445,0.07298283278942108,-0.8723411419843033,-1.5523999723931712,4,0,0,-0.03627579286694527,0.01685188151896,-0.04171914979815483,0.013994439505040646,0.07298283278942108,0.0,0.1337091624736786,0.1710762232542038,0.1650301069021225,0.02314421534538269,44.95695877075195,1,0.025409268215298653,0.14022108912467957,-0.18629366159439087,0.02295442670583725,75.2848129272461,1,0.018883323296904564,-0.3302823007106781,0.1534418910741806,0.022459007799625397,45.10213851928711,1,0.0012114146957173944,-0.272594153881073,-0.16991402208805084,0.02289089560508728,19.950979232788086,1,0.01565614342689514
9,0.18,stand,0.0,0.0,0.0,0.342113196849823,-0.004757348448038101,0.0008993603987619281,0.0431145615875721,0.02464991807937622,-0.9087618984337799,-1.4981825710918446,4,0,0,-0.03575824573636055,0.024087615311145782,-0.04058932885527611,0.02133307047188282,0.02464991807937622,0.0,0.11633121967315674,0.17195101082324982,0.16430628299713135,0.023172564804553986,47.25895690917969,1,0.026848776265978813,0.14086493849754333,-0.18689723312854767,0.022980354726314545,70.29541778564453,1,0.01999092288315296,-0.3293132781982422,0.15314866602420807,0.022485770285129547,41.29371643066406,1,0.013125601224601269,-0.27190184593200684,-0.17021426558494568,0.02291432023048401,20.448728561401367,1,0.016769111156463623
10,0.2,stand,0.0,0.0,0.0,0.33838897943496704,-0.005496770143508911,0.001431911252439022,0.04742961749434471,0.01703515648841858,-1.0263249286970375,-1.471005675271187,4,0,0,-0.037905771285295486,0.02850826270878315,-0.04226250946521759,0.025616679340600967,-0.01703515648841858,0.0,0.10137701779603958,0.17257273197174072,0.16318273544311523,0.023198463022708893,50.76944351196289,1,0.020284932106733322,0.14155054092407227,-0.18793709576129913,0.023003466427326202,64.62232208251953,1,0.017316972836852074,-0.3285934329032898,0.152024045586586,0.022506535053253174,37.44398498535156,1,0.002385082421824336,-0.27118465304374695,-0.17128697037696838,0.02293500304222107,24.880672454833984,1,0.014304065145552158
11,0.22,stand,0.0,0.0,0.0,0.3348942697048187,-0.006276304833590984,0.0020311695989221334,0.04992453381419182,0.04365692660212517,-1.1435584023328422,-1.4493322043742674,4,0,0,-0.03978746756911278,0.030156534165143967,-0.04382235184311867,0.027092918753623962,-0.04365692660212517,0.0,0.08867571502923965,0.17311887443065643,0.1620972603559494,0.023221157491207123,53.67753982543945,1,0.027225658297538757,0.14237013459205627,-0.18891942501068115,0.023030266165733337,57.80935287475586,1,0.019593985751271248,-0.32796788215637207,0.15065722167491913,0.022528603672981262,34.937744140625,1,0.0027593104168772697,-0.27034813165664673,-0.17256489396095276,0.02295248955488205,27.261247634887695,1,0.017281150445342064
12,0.24,stand,0.0,0.0,0.0,0.33152884244918823,-0.007096857763826847,0.0026260584127157927,0.050390683114528656,0.04835809767246246,-1.214325245271404,-1.444914139198327,4,0,0,-0.04175290837883949,0.02821197733283043,-0.0456908755004406,0.025021269917488098,-0.04835809767246246,0.0,0.07799655199050903,0.17357993125915527,0.16134284436702728,0.023241892457008362,56.11909103393555,1,0.02765796147286892,0.14317943155765533,-0.1896214783191681,0.023051932454109192,53.67755126953125,1,0.01841970533132553,-0.3274259865283966,0.14948508143424988,0.022550620138645172,34.24701690673828,1,0.011416599154472351,-0.26952096819877625,-0.17364296317100525,0.022968634963035583,27.274301528930664,1,0.016538076102733612
13,0.26,stand,0.0,0.0,0.0,0.32824504375457764,-0.007958720438182354,0.0031660704407840967,0.05035815015435219,0.04209739714860916,-1.22340587505123,-1.4548286923871292,4,0,0,-0.043867722153663635,0.024729866534471512,-0.047796908766031265,0.021557830274105072,-0.04209739714860916,0.0,0.06943747401237488,0.17402078211307526,0.16097207367420197,0.02326202392578125,56.5598258972168,1,0.018455352634191513,0.14395077526569366,-0.18994753062725067,0.02307046204805374,52.00914001464844,1,0.014778759330511093,-0.3269008994102478,0.14871755242347717,0.02256915718317032,33.550724029541016,1,0.0042516677640378475,-0.26873695850372314,-0.17432460188865662,0.02298945188522339,27.320613861083984,1,0.013293292373418808
14,0.28,stand,0.0,0.0,0.0,0.3250565230846405,-0.008854376152157784,0.003641508985310793,0.05018451064825058,0.03592977672815323,-1.1835698639341885,-1.4714173008903861,4,0,0,-0.04527509585022926,0.0216483436524868,-0.04912823066115379,0.018688103184103966,-0.03592977672815323,0.0,0.06345050036907196,0.17449258267879486,0.16087706387043,0.023282714188098907,56.34497833251953,1,0.031186973676085472,0.14470960199832916,-0.1899591088294983,0.02309034764766693,50.93220520019531,1,0.017488202080130577,-0.3263552784919739,0.14831429719924927,0.022589541971683502,34.492923736572266,1,0.0041546085849404335,-0.26797187328338623,-0.1746574193239212,0.023006342351436615,27.57323455810547,1,0.01455628126859665
15,0.3,stand,0.0,0.0,0.0,0.32201144099235535,-0.009770023636519909,0.0040546986274421215,0.0495556965470314,0.030256975442171097,-1.1082321303370073,-1.492403697445485,4,0,0,-0.0459420308470726,0.018576785922050476,-0.049665119498968124,0.01595294289290905,-0.030256975442171097,0.0,0.06042756885290146,0.17498540878295898,0.16102643311023712,0.023316845297813416,56.92266082763672,1,0.02956199273467064,0.14544732868671417,-0.1897691786289215,0.023109063506126404,51.590145111083984,1,0.01761569082736969,-0.32578450441360474,0.1481853574514389,0.022609449923038483,35.78046798706055,1,0.010593698360025883,-0.26722368597984314,-0.17472708225250244,0.023024216294288635,28.081809997558594,1,0.013662472367286682
16,0.32,stand,0.0,0.0,0.0,0.31916430592536926,-0.010690586641430855,0.004412642680108547,0.0486997552216053,0.025716574862599373,-1.0112429105142975,-1.5175637664702848,4,0,0,-0.046002402901649475,0.015982646495103836,-0.049541935324668884,0.013760634697973728,-0.025716574862599373,0.0,0.06028302386403084,0.17549312114715576,0.16131344437599182,0.023334309458732605,56.90528106689453,1,0.016204243525862694,0.14616340398788452,-0.1894427388906479,0.02312377095222473,52.2191276550293,1,0.012238578870892525,-0.3251986503601074,0.14823906123638153,0.022625908255577087,35.24232482910156,1,0.0028012609109282494,-0.26649996638298035,-0.17462216317653656,0.023042216897010803,28.782039642333984,1,0.011485367082059383
17,0.34,stand,0.0,0.0,0.0,0.31656256318092346,-0.01160343550145626,0.004727191757410765,0.04747014120221138,0.02256474643945694,-0.9093424645132309,-1.5481998329404365,4,0,0,-0.04530070722103119,0.014186612330377102,-0.0485517792403698,0.012403465807437897,-0.02256474643945694,0.0,0.062444671988487244,0.17599545419216156,0.1616159975528717,0.023350790143013,56.80467987060547,1,0.03111114725470543,0.14685045182704926,-0.18905605375766754,0.02314283698797226,51.35127258300781,1,0.01891096867620945,-0.3246314823627472,0.14836928248405457,0.02264336496591568,35.88243865966797,1,0.0018414751393720508,-0.2658127248287201,-0.17444491386413574,0.02305682748556137,29.1200008392334,1,0.011625071056187153
18,0.36,stand,0.0,0.0,0.0,0.314249187707901,-0.012499535456299782,0.0050026364624500275,0.045974988490343094,0.019095180556178093,-0.8119494631166968,-1.583285020602911,4,0,0,-0.04429731145501137,0.012306418269872665,-0.04721561074256897,0.01092537771910429,-0.019095180556178093,0.0,0.06601517647504807,0.17648647725582123,0.16193412244319916,0.023364901542663574,57.4317626953125,1,0.028889063745737076,0.14749495685100555,-0.18869835138320923,0.02315586805343628,51.728355407714844,1,0.01858009770512581,-0.3240811228752136,0.14852294325828552,0.022658906877040863,36.234947204589844,1,0.0008049887837842107,-0.2651638686656952,-0.17425242066383362,0.023071378469467163,29.713970184326172,1,0.010540862567722797
19,0.38,stand,0.0,0.0,0.0,0.3122568130493164,-0.013371712528169155,0.005242423620074987,0.04427849128842354,0.0161515474319458,-0.7257594660628646,-1.6206512780047584,4,0,0,-0.04296518489718437,0.01070410292595625,-0.04549812152981758,0.009673833847045898,-0.0161515474319458,0.0,0.07013554126024246,0.1769719421863556,0.16220372915267944,0.023377403616905212,57.27935028076172,1,0.028419647365808487,0.14811018109321594,-0.18838588893413544,0.02316819131374359,51.49287414550781,1,0.018717465922236443,-0.32354480028152466,0.14866095781326294,0.022672854363918304,36.324222564697266,1,0.0002258686872664839,-0.26454800367355347,-0.17407873272895813,0.023084372282028198,30.119190216064453,1,0.009358950890600681
20,0.4,stand,0.0,0.0,0.0,0.31059715151786804,-0.014213880524039268,0.005450364202260971,0.042372703552246094,0.0135912224650383,-0.6534203989547306,-1.6587412152935097,4,0,0,-0.04134247824549675,0.009286848828196526,-0.04346313327550888,0.008544129319489002,-0.0135912224650383,0.0,0.07417599856853485,0.17745070159435272,0.16241642832756042,0.02338831126689911,57.052730560302734,1,0.02772238664329052,0.14869843423366547,-0.18813209235668182,0.02317902445793152,51.0203971862793,1,0.018747428432106972,-0.3230235278606415,0.14876584708690643,0.0226852148771286,36.236473083496094,1,0.0011079689720645547,-0.2639610171318054,-0.1739426702260971,0.02309586852788925,30.372079849243164,1,0.008170893415808678
21,0.42,stand,0.0,0.0,0.0,0.30926480889320374,-0.015021230094134808,0.005628821440041065,0.04030425474047661,0.011310937814414501,-0.596571507193098,-1.6967741631913735,4,0,0,-0.03951285779476166,0.007947766222059727,-0.04121407866477966,0.007431725971400738,-0.011310937814414501,0.0,0.07775874435901642,0.17792043089866638,0.16256578266620636,0.023397155106067657,56.72260665893555,1,0.026988163590431213,0.14925946295261383,-0.18794453144073486,0.02318807691335678,50.40012741088867,1,0.018665345385670662,-0.3225206434726715,0.1488274484872818,0.022696249186992645,36.03695297241211,1,0.001961099449545145,-0.26340338587760925,-0.17385391891002655,0.02310594916343689,30.511856079101562,1,0.00705149257555604
22,0.44,stand,0.0,0.0,0.0,0.30824145674705505,-0.01579018495976925,0.005778950173407793,0.038113903254270554,0.009289180859923363,-0.55550856998554,-1.7345073298176974,4,0,0,-0.03753748536109924,0.006603540852665901,-0.03883020579814911,0.006262210197746754,-0.009289180859923363,0.0,0.08069760352373123,0.17837655544281006,0.1626518815755844,0.023404620587825775,56.300662994384766,1,0.026262924075126648,0.14979171752929688,-0.18782052397727966,0.023197904229164124,49.00452423095703,1,0.019611656665802002,-0.3220396041870117,0.14884401857852936,0.022705145180225372,35.2161750793457,1,0.003125227754935622,-0.26287779211997986,-0.17381387948989868,0.023114725947380066,30.404441833496094,1,0.005582342855632305
23,0.46,stand,0.0,0.0,0.0,0.30749863386154175,-0.016518644988536835,0.005900553893297911,0.03584008291363716,0.007295821327716112,-0.5292054047701151,-1.771700057725944,4,0,0,-0.03543528914451599,0.005371393635869026,-0.03635275736451149,0.005161657929420471,-0.007295821327716112,0.0,0.0829341858625412,0.17881536483764648,0.16268318891525269,0.023410700261592865,55.85875701904297,1,0.02549844980239868,0.1502874791622162,-0.1877705454826355,0.023202180862426758,48.844295501708984,1,0.018249157816171646,-0.32158997654914856,0.14882056415081024,0.022714585065841675,35.98299789428711,1,0.004391201306134462,-0.2623854875564575,-0.17381899058818817,0.023122049868106842,30.723527908325195,1,0.0052192797884345055
24,0.48,stand,0.0,0.0,0.0,0.3070019781589508,-0.017204470932483673,0.005991898011416197,0.033559150993824005,0.0050996155478060246,-0.5084998463837802,-1.8061865366189847,4,0,0,-0.0333411730825901,0.0038187173195183277,-0.033932626247406006,0.003709666430950165,-0.0050996155478060246,0.0,0.08444284647703171,0.17924298346042633,0.16272717714309692,0.02341495454311371,55.13410568237305,1,0.006683427840471268,0.15076284110546112,-0.1877164989709854,0.023207180202007294,47.99361801147461,1,0.01966523751616478,-0.3211522698402405,0.14880535006523132,0.022721529006958008,35.110355377197266,1,0.004015384707599878,-0.26191800832748413,-0.17381955683231354,0.023128792643547058,30.45598602294922,1,0.0026726063806563616
25,0.5,stand,0.0,0.0,0.0,0.30670884251594543,-0.017847422510385513,0.006059088744223118,0.03130155801773071,0.0043583824299275875,-0.505910350914699,-1.8403317194969362,4,0,0,-0.03117191046476364,0.0028459548484534025,-0.03146276995539665,0.0028172980528324842,-0.0043583824299275875,0.0,0.0853937491774559,0.17964619398117065,0.1626746952533722,0.0234183669090271,54.518489837646484,1,0.023954441770911217,0.15119963884353638,-0.18774865567684174,0.023211568593978882,47.478126525878906,1,0.0177878737449646,-0.3207467496395111,0.14872972667217255,0.02272742986679077,34.58481979370117,1,0.0044724103063344955,-0.2614884674549103,-0.17388217151165009,0.023133933544158936,30.36995506286621,1,0.0037155563477426767
26,0.52,stand,0.0,0.0,0.0,0.30658188462257385,-0.018448753282427788,0.006098381243646145,0.029123567044734955,0.0036580467130988836,-0.5063734163960848,-1.8741492667381388,4,0,0,-0.02909153141081333,0.001365609117783606,-0.029145201668143272,0.0013973970199003816,-0.0036580467130988836,0.0,0.0858282819390297,0.18002206087112427,0.16264872252941132,0.023421309888362885,54.066158294677734,1,0.023716678842902184,0.15160341560840607,-0.18776504695415497,0.02321474254131317,46.67229080200195,1,0.01728939637541771,-0.32037726044654846,0.1486692577600479,0.022732317447662354,34.368892669677734,1,0.0050256443209946156,-0.2610952854156494,-0.1739351898431778,0.023138374090194702,30.177370071411133,1,0.003200757084414363
27,0.54,stand,0.0,0.0,0.0,0.30658507347106934,-0.01900911144912243,0.00611078180372715,0.027080785483121872,0.002247672528028488,-0.5179261477686324,-1.905770054387536,4,0,0,-0.027080409228801727,0.00014271547843236476,-0.026946475729346275,0.00022120859648566693,-0.002247672528028488,0.0,0.08587253093719482,0.18037883937358856,0.16257286071777344,0.02342315763235092,53.47158432006836,1,0.023274796083569527,0.15197694301605225,-0.18782804906368256,0.02321748435497284,46.18977355957031,1,0.017000319436192513,-0.32002687454223633,0.14858472347259521,0.022736817598342896,34.100460052490234,1,0.005409105680882931,-0.26072990894317627,-0.1740114837884903,0.023142144083976746,30.098241806030273,1,0.0028691727202385664
28,0.56,stand,0.0,0.0,0.0,0.30668365955352783,-0.01953033171594143,0.0060975258238613605,0.025176556780934334,0.0020771257113665342,-0.5321233896495915,-1.9354634480305202,4,0,0,-0.025152862071990967,-0.0010920388158410788,-0.024882588535547256,-0.0009792324854061007,-0.0020771257113665342,0.0,0.0856037512421608,0.18071503937244415,0.16252072155475616,0.023424506187438965,52.927581787109375,1,0.022829120978713036,0.15232382714748383,-0.18788349628448486,0.02321963757276535,45.75522994995117,1,0.016728445887565613,-0.3197036385536194,0.14851410686969757,0.022740505635738373,33.7697639465332,1,0.005740190390497446,-0.2603912353515625,-0.17407846450805664,0.023145325481891632,29.943979263305664,1,0.0026378370821475983
29,0.58,stand,0.0,0.0,0.0,0.3068459630012512,-0.02001439407467842,0.006060673855245113,0.02345709688961506,0.0022306572645902634,-0.5472310744025721,-1.963788669405386,4,0,0,-0.023350421339273453,-0.0022345492616295815,-0.022990642115473747,-0.002099087927490473,-0.0022306572645902634,0.0,0.08513142913579941,0.18102622032165527,0.16248568892478943,0.02342531830072403,52.43077850341797,1,0.022452909499406815,0.15264663100242615,-0.18791255354881287,0.023221492767333984,45.46601104736328,1,0.016596335917711258,-0.31940758228302,0.1484605222940445,0.022743798792362213,33.55644226074219,1,0.005990686826407909,-0.2600792646408081,-0.17412935197353363,0.023146875202655792,29.799264907836914,1,0.0024936674162745476
30,0.6,stand,0.0,0.0,0.0,0.30704671144485474,-0.02046380378305912,0.006003257818520069,0.021899649873375893,0.0018387055024504662,-0.566839960540297,-1.9894859754970897,4,0,0,-0.02167063020169735,-0.003158870153129101,-0.021258831024169922,-0.003009339328855276,-0.0018387055024504662,0.0,0.08453747630119324,0.18132008612155914,0.16244645416736603,0.023425698280334473,51.97621154785156,1,0.022186053916811943,0.15294796228408813,-0.18795597553253174,0.023222781717777252,45.2159423828125,1,0.016351154074072838,-0.31912529468536377,0.14840346574783325,0.022746562957763672,33.3575325012207,1,0.006172398570924997,-0.2597859501838684,-0.1741810292005539,0.023149333894252777,29.69460105895996,1,0.0023997975513339043
31,0.62,stand,0.0,0.0,0.0,0.3072632849216461,-0.0208808071911335,0.00592860858887434,0.02048644609749317,0.0019598929211497307,-0.588899070321058,-2.0135824560020716,4,0,0,-0.020099986344575882,-0.003960436210036278,-0.01967167854309082,-0.003805730026215315,-0.0019598929211497307,0.0,0.08389876782894135,0.18159258365631104,0.16241054236888885,0.023426078259944916,51.57361602783203,1,0.02194890007376671,0.1532268524169922,-0.18799592554569244,0.023224174976348877,45.103858947753906,1,0.016149891540408134,-0.31886905431747437,0.14835099875926971,0.022749215364456177,33.22224426269531,1,0.006336909253150225,-0.25951462984085083,-0.17423103749752045,0.023151680827140808,29.628950119018555,1,0.002359258709475398
32,0.64,stand,0.0,0.0,0.0,0.30747920274734497,-0.021267900243401527,0.005839856807142496,0.019224759191274643,0.0021596401929855347,-0.6106606399861005,-2.0358285955722146,4,0,0,-0.018663296476006508,-0.004612238612025976,-0.018243130296468735,-0.004459346178919077,-0.0021596401929855347,0.0,0.08325687795877457,0.18184629082679749,0.16238988935947418,0.023426227271556854,51.23616027832031,1,0.021766571328043938,0.15348759293556213,-0.1880205124616623,0.023225538432598114,45.064456939697266,1,0.016018297523260117,-0.31863072514533997,0.14831194281578064,0.02275131642818451,33.14674758911133,1,0.006460459437221289,-0.25926119089126587,-0.17426763474941254,0.02315370738506317,29.580997467041016,1,0.002339745406061411
33,0.66,stand,0.0,0.0,0.0,0.30768337845802307,-0.021627632901072502,0.005740181542932987,0.018089503049850464,0.002426204737275839,-0.631742925993844,-2.0558760545598482,4,0,0,-0.01735309325158596,-0.005108844954520464,-0.01695980131626129,-0.004963580518960953,-0.002426204737275839,0.0,0.08264414221048355,0.18208444118499756,0.1623835414648056,0.023426271975040436,50.95783615112305,1,0.021626625210046768,0.15373380482196808,-0.18803080916404724,0.023226678371429443,45.09638595581055,1,0.01591472141444683,-0.31840717792510986,0.1482848972082138,0.022753462195396423,33.10305404663086,1,0.0065563456155359745,-0.259022057056427,-0.1742912232875824,0.023156121373176575,29.760250091552734,1,0.0014294395223259926
34,0.68,stand,0.0,0.0,0.0,0.30786916613578796,-0.021962428465485573,0.005632847547531128,0.017048435285687447,0.002609196351841092,-0.6512806287538125,-2.072475975563918,4,0,0,-0.01616004668176174,-0.005431578494608402,-0.015803206712007523,-0.005297353956848383,-0.002609196351841092,0.0,0.08206471055746078,0.18231511116027832,0.162392720580101,0.02342645823955536,50.68552017211914,1,0.021545449271798134,0.15397340059280396,-0.18802489340305328,0.023227930068969727,45.17625427246094,1,0.015890413895249367,-0.3181861937046051,0.14827074110507965,0.022755257785320282,33.071224212646484,1,0.0066511789336800575,-0.25878778100013733,-0.174299955368042,0.023157358169555664,29.52853775024414,1,0.0023294296115636826
35,0.7000000000000001,stand,0.0,0.0,0.0,0.30803123116493225,-0.022274425253272057,0.00552026042714715,0.016105707734823227,0.0033745865803211927,-0.6678220129022612,-2.0875613021195374,4,0,0,-0.015072370879352093,-0.0056760432198643684,-0.01475832611322403,-0.005555792711675167,-0.0033745865803211927,0.0,0.08154884725809097,0.18252941966056824,0.16242384910583496,0.02342645823955536,50.57672119140625,1,0.021452689543366432,0.15420275926589966,-0.18798720836639404,0.02322912961244583,45.30527877807617,1,0.01584072969853878,-0.31798407435417175,0.1482737809419632,0.022756993770599365,33.08693313598633,1,0.006743003148585558,-0.2585660517215729,-0.1742933988571167,0.023159362375736237,29.498308181762695,1,0.0023608452174812555
36,0.72,stand,0.0,0.0,0.0,0.30816951394081116,-0.02256586030125618,0.005405304953455925,0.015215126797556877,0.0035956758074462414,-0.6861748379237912,-2.101482508308493,4,0,0,-0.014088183641433716,-0.005746577866375446,-0.013815602287650108,-0.005640034098178148,-0.0035956758074462414,0.0,0.08111345767974854,0.1827286332845688,0.16244946420192719,0.023426689207553864,50.4366340637207,1,0.021423600614070892,0.1544172763824463,-0.18796448409557343,0.023230470716953278,45.450504302978516,1,0.01582990027964115,-0.31779608130455017,0.14826779067516327,0.022758670151233673,33.13020324707031,1,0.006801956333220005,-0.2583564519882202,-0.17429471015930176,0.02316085249185562,29.524717330932617,1,0.002354599069803953
37,0.74,stand,0.0,0.0,0.0,0.30828526616096497,-0.022838430479168892,0.005290457513183355,0.014319044537842274,0.003460953012108803,-0.7050152744190367,-2.113957421940698,4,0,0,-0.013165934011340141,-0.005629673600196838,-0.012934763915836811,-0.005537199322134256,-0.003460953012108803,0.0,0.0807526484131813,0.1829153448343277,0.16245654225349426,0.023426972329616547,50.113731384277344,1,0.023195557296276093,0.15462104976177216,-0.18794333934783936,0.02323160320520401,45.623268127441406,1,0.015421218238770962,-0.3176189064979553,0.14825865626335144,0.02276022732257843,33.183048248291016,1,0.006914244964718819,-0.25815674662590027,-0.1742987334728241,0.023162558674812317,29.502460479736328,1,0.002642963780090213
38,0.76,stand,0.0,0.0,0.0,0.30837979912757874,-0.023093434050679207,0.005177593324333429,0.013558278791606426,0.0040464443154633045,-0.7202718359515825,-2.1244133743429297,4,0,0,-0.01233886368572712,-0.005619552917778492,-0.012142905034124851,-0.0055396719835698605,-0.0040464443154633045,0.0,0.08043328672647476,0.18309487402439117,0.1625000238418579,0.023427166044712067,50.22694396972656,1,0.021370841190218925,0.15481851994991302,-0.18790479004383087,0.023232832551002502,45.72163772583008,1,0.015753647312521935,-0.3174477219581604,0.14826464653015137,0.022761553525924683,33.24409866333008,1,0.006947235204279423,-0.2579626142978668,-0.17428556084632874,0.023164182901382446,29.595609664916992,1,0.0024049298372119665
39,0.78,stand,0.0,0.0,0.0,0.30845770239830017,-0.023332661017775536,0.0050672320649027824,0.012810079380869865,0.004062537103891373,-0.733548389676765,-2.133124426855635,4,0,0,-0.01158637274056673,-0.005463889800012112,-0.011418734677135944,-0.005394654348492622,-0.004062537103891373,0.0,0.08015405386686325,0.1832672506570816,0.16254937648773193,0.023427382111549377,50.157569885253906,1,0.021337563171982765,0.15501008927822113,-0.18785777688026428,0.023233994841575623,45.862178802490234,1,0.015810245648026466,-0.3172798454761505,0.14827659726142883,0.02276303619146347,33.32920837402344,1,0.006969387177377939,-0.2577744126319885,-0.1742679476737976,0.023166701197624207,29.59210205078125,1,0.0023530463222414255
40,0.8,stand,0.0,0.0,0.0,0.30852118134498596,-0.023557323962450027,0.004960889928042889,0.012096581980586052,0.004882879089564085,-0.7462784215466407,-2.1408241844843547,4,0,0,-0.010896256193518639,-0.0052534653805196285,-0.01076684333384037,-0.005198497790843248,-0.004882879089564085,0.0,0.07991662621498108,0.18342995643615723,0.16259843111038208,0.023427635431289673,50.0844841003418,1,0.02175774984061718,0.15519285202026367,-0.18781441450119019,0.023232705891132355,46.42251205444336,1,0.0031354434322565794,-0.31712424755096436,0.14828701317310333,0.022764302790164948,33.34392166137695,1,0.007392773870378733,-0.25759387016296387,-0.17425239086151123,0.023168206214904785,29.624614715576172,1,0.002723134821280837
41,0.8200000000000001,stand,0.0,0.0,0.0,0.308572381734848,-0.023767124861478806,0.004857609048485756,0.011340035125613213,0.0042540403082966805,-0.753642539410678,-2.147849460932536,4,0,0,-0.010117185302078724,-0.005122397560626268,-0.009996882639825344,-0.005072012543678284,-0.0042540403082966805,0.0,0.07970584183931351,0.1835816353559494,0.1626719981431961,0.023427970707416534,50.01316833496094,1,0.021318821236491203,0.15536899864673615,-0.1877293884754181,0.023236460983753204,46.04000473022461,1,0.015815291553735733,-0.31697893142700195,0.14832060039043427,0.022765427827835083,33.49144744873047,1,0.007130305282771587,-0.25742360949516296,-0.1742132008075714,0.023169465363025665,29.62459373474121,1,0.0023883830290287733
42,0.84,stand,0.0,0.0,0.0,0.3086147904396057,-0.02396382950246334,0.004760637413710356,0.010642177425324917,0.004605295602232218,-0.7648160885625842,-2.153990441326612,4,0,0,-0.00953755248337984,-0.004721338395029306,-0.009430437348783016,-0.0046766274608671665,-0.004605295602232218,0.0,0.07953439652919769,0.1837243288755417,0.16272112727165222,0.023427970707416534,49.952117919921875,1,0.021266674622893333,0.1555343121290207,-0.18768219649791718,0.023237846791744232,46.23768997192383,1,0.015882374718785286,-0.3168419897556305,0.14832903444766998,0.022766761481761932,33.45103454589844,1,0.007186417002230883,-0.25726059079170227,-0.17419880628585815,0.02316994220018387,29.639774322509766,1,0.0025514326989650726
43,0.86,stand,0.0,0.0,0.0,0.3086511194705963,-0.02414916828274727,0.004671086557209492,0.009985160082578659,0.004700029268860817,-0.7763968877437524,-2.1596059240414203,4,0,0,-0.008976684883236885,-0.004372934345155954,-0.00888121034950018,-0.004333329852670431,-0.004700029268860817,0.0,0.07938916981220245,0.18385843932628632,0.16276225447654724,0.02342855930328369,49.90963363647461,1,0.021241705864667892,0.15569262206554413,-0.18764320015907288,0.023238934576511383,46.28218078613281,1,0.015862517058849335,-0.31671327352523804,0.14832766354084015,0.02276766300201416,33.49515914916992,1,0.00723554752767086,-0.2571047842502594,-0.1741935908794403,0.02317141741514206,29.856157302856445,1,0.0011470497120171785
44,0.88,stand,0.0,0.0,0.0,0.3086824119091034,-0.024323435500264168,0.0045891208574175835,0.009331295266747475,0.004641310311853886,-0.7855886148192971,-2.163922176710045,4,0,0,-0.00843632873147726,-0.0039876592345535755,-0.00834943912923336,-0.0039521013386547565,-0.004641310311853886,0.0,0.07925013452768326,0.18398770689964294,0.16280826926231384,0.023428693413734436,49.80960464477539,1,0.021221604198217392,0.15584702789783478,-0.18759915232658386,0.02323979139328003,46.324947357177734,1,0.01591031812131405,-0.3165886700153351,0.148330956697464,0.022768788039684296,33.54827117919922,1,0.007289784494787455,-0.256952166557312,-0.17418254911899567,0.02317226678133011,29.67170524597168,1,0.0026196367107331753
45,0.9,stand,0.0,0.0,0.0,0.30870968103408813,-0.024487199261784554,0.004514461383223534,0.008719254285097122,0.00453703198581934,-0.7943928353811492,-2.1677833680252183,4,0,0,-0.00792467501014471,-0.003636609297245741,-0.007843623869121075,-0.00360400159843266,-0.00453703198581934,0.0,0.07912714034318924,0.18411004543304443,0.1628490537405014,0.023429013788700104,49.82042694091797,1,0.0212105605751276,0.1559934765100479,-0.18756017088890076,0.02324102073907852,46.38232421875,1,0.015871983021497726,-0.3164707124233246,0.14833015203475952,0.022769778966903687,33.59077453613281,1,0.007343953009694815,-0.25680744647979736,-0.1741776168346405,0.023173391819000244,29.655139923095703,1,0.0026587543543428183
46,0.92,stand,0.0,0.0,0.0,0.30873483419418335,-0.024641109630465508,0.004446667153388262,0.008131716400384903,0.0045045469887554646,-0.8025730541292974,-2.1714259932869506,4,0,0,-0.007432795595377684,-0.003298234660178423,-0.007354832720011473,-0.003267476800829172,-0.0045045469887554646,0.0,0.0790163055062294,0.1842239797115326,0.16288621723651886,0.02342917025089264,49.78328323364258,1,0.021194497123360634,0.15613165497779846,-0.1875249296426773,0.023242026567459106,46.42198944091797,1,0.015916546806693077,-0.3163611590862274,0.14832596480846405,0.022770702838897705,34.20754623413086,1,0.0012173709692433476,-0.2566710114479065,-0.17417530715465546,0.023174606263637543,29.663774490356445,1,0.002405002247542143
47,0.9400000000000001,stand,0.0,0.0,0.0,0.3087596297264099,-0.024785177782177925,0.004383676219731569,0.007636594586074352,0.004382673185318708,-0.8072203575292564,-2.1735732340072733,4,0,0,-0.006955714896321297,-0.0031520796474069357,-0.006879488006234169,-0.003122617257758975,-0.004382673185318708,0.0,0.0788862481713295,0.18433745205402374,0.16293573379516602,0.02342946082353592,49.759864807128906,1,0.021105488762259483,0.1562698483467102,-0.18746523559093475,0.023242197930812836,45.794822692871094,1,0.01701141893863678,-0.3162473440170288,0.14833791553974152,0.02277132123708725,33.675045013427734,1,0.007416252512484789,-0.2565373480319977,-0.17415861785411835,0.023176386952400208,29.689048767089844,1,0.002468742895871401
48,0.96,stand,0.0,0.0,0.0,0.3087819814682007,-0.024919932708144188,0.004326389636844397,0.00706865731626749,0.004082593135535717,-0.8132823105002013,-2.1756893119895078,4,0,0,-0.006506950594484806,-0.0027614329010248184,-0.006435303948819637,-0.002734209643676877,-0.004082593135535717,0.0,0.07877660542726517,0.18444181978702545,0.1629728227853775,0.023429669439792633,49.712135314941406,1,0.021217044442892075,0.15639637410640717,-0.1874316930770874,0.023243717849254608,46.46649932861328,1,0.015927059575915337,-0.3161464035511017,0.1483372449874878,0.022772304713726044,33.68729782104492,1,0.007510402239859104,-0.256411612033844,-0.17415446043014526,0.023176319897174835,29.640113830566406,1,0.0027580191381275654
49,0.98,stand,0.0,0.0,0.0,0.30880358815193176,-0.025046370923519135,0.004276007879525423,0.006570272147655487,0.004025283269584179,-0.8209425277369293,-2.1782760326942388,4,0,0,-0.006106481421738863,-0.0024247397668659687,-0.006034709978848696,-0.0023978480603545904,-0.004025283269584179,0.0,0.07868655025959015,0.18453627824783325,0.16299499571323395,0.02342977374792099,49.66791915893555,1,0.021160181611776352,0.15651308000087738,-0.18741120398044586,0.02324448525905609,46.525909423828125,1,0.015866419300436974,-0.3160551190376282,0.14832304418087006,0.0227731391787529,33.7236213684082,1,0.007561766542494297,-0.2562964856624603,-0.17416365444660187,0.023177191615104675,29.654830932617188,1,0.0027969530783593655
50,1.0,stand,0.0,0.0,0.0,0.3088252544403076,-0.025165008381009102,0.0042320978827774525,0.006099207792431116,0.003909004386514425,-0.8274003648754705,-2.1809312687340814,4,0,0,-0.005721514578908682,-0.002112961607053876,-0.00564949493855238,-0.002086298307403922,-0.003909004386514425,0.0,0.07860035449266434,0.1846236288547516,0.16301698982715607,0.023430094122886658,49.62815475463867,1,0.021139925345778465,0.15662223100662231,-0.1873909831047058,0.023245036602020264,46.53144836425781,1,0.015849415212869644,-0.31597086787223816,0.14830945432186127,0.022773660719394684,33.76713943481445,1,0.007598527707159519,-0.25618886947631836,-0.17417240142822266,0.02317776530981064,29.650569915771484,1,0.0028163818642497063
51,1.02,stand,0.0,0.0,0.0,0.3088460862636566,-0.02527584135532379,0.004195213783532381,0.005618145689368248,0.0034165659453719854,-0.8351911561192221,-2.1833128703203,4,0,0,-0.0053374492563307285,-0.0017536230152472854,-0.005270099267363548,-0.001728894654661417,-0.0034165659453719854,0.0,0.07853052020072937,0.18470452725887299,0.16301050782203674,0.023430168628692627,49.59424591064453,1,0.021138189360499382,0.15672414004802704,-0.18738512694835663,0.023245640099048615,46.54235076904297,1,0.015817778185009956,-0.3158913850784302,0.14828477799892426,0.022774413228034973,33.794708251953125,1,0.007632644847035408,-0.2560884654521942,-0.17419207096099854,0.02317921072244644,29.842571258544922,1,0.0010307776974514127
52,1.04,stand,0.0,0.0,0.0,0.30886611342430115,-0.025379478931427002,0.004164266865700483,0.005203867331147194,0.003535238327458501,-0.8384734889022364,-2.184632377490582,4,0,0,-0.004989250563085079,-0.001479059224948287,-0.004923391155898571,-0.0014551229542121291,-0.003535238327458501,0.0,0.07844138145446777,0.18478532135486603,0.1630348116159439,0.0234304741024971,49.532474517822266,1,0.02113555744290352,0.15682464838027954,-0.18736228346824646,0.023246288299560547,46.52571487426758,1,0.015855640172958374,-0.31581321358680725,0.1482774168252945,0.0227750763297081,33.8241081237793,1,0.0076751806773245335,-0.2559889853000641,-0.17419356107711792,0.02317935973405838,29.633689880371094,1,0.0028809888754040003
53,1.06,stand,0.0,0.0,0.0,0.30888500809669495,-0.025476427748799324,0.00413842499256134,0.004827987868338823,0.0034887774381786585,-0.8416396551085076,-2.1859892372578873,4,0,0,-0.004665259271860123,-0.0012429091148078442,-0.004600532818585634,-0.0012195836752653122,-0.0034887774381786585,0.0,0.078360915184021,0.18485988676548004,0.163054957985878,0.023430779576301575,49.57412338256836,1,0.021153848618268967,0.1569189727306366,-0.1873439997434616,0.023246996104717255,46.5345344543457,1,0.015814021229743958,-0.3157409429550171,0.1482662409543991,0.0227755606174469,33.849517822265625,1,0.0077085066586732864,-0.25589609146118164,-0.17420105636119843,0.02317976951599121,29.598934173583984,1,0.0029086864087730646
54,1.08,stand,0.0,0.0,0.0,0.3089035153388977,-0.02556724101305008,0.004116869531571865,0.004489128012210131,0.003405763767659664,-0.8449757222703828,-2.1875951854864866,4,0,0,-0.004367407411336899,-0.0010382785694673657,-0.0043032667599618435,-0.001015305402688682,-0.003405763767659664,0.0,0.07829021662473679,0.18492715060710907,0.16307005286216736,0.02343066781759262,49.559104919433594,1,0.021148480474948883,0.15700601041316986,-0.18733060359954834,0.02324729412794113,46.535804748535156,1,0.015799643471837044,-0.3156754672527313,0.14825037121772766,0.022776156663894653,33.88078689575195,1,0.007745841518044472,-0.2558101415634155,-0.17421281337738037,0.023180551826953888,29.595050811767578,1,0.0029264020267874002
55,1.1,stand,0.0,0.0,0.0,0.3089219629764557,-0.02565230056643486,0.004099127370864153,0.004175120033323765,0.0032932364847511053,-0.8479556591000653,-2.1891486266358413,4,0,0,-0.004086632281541824,-0.0008550224010832608,-0.00402343925088644,-0.0008325027301907539,-0.0032932364847511053,0.0,0.07822222262620926,0.1849898397922516,0.1630830466747284,0.02343110740184784,49.5360221862793,1,0.021151522174477577,0.15708783268928528,-0.18731941282749176,0.023247770965099335,46.53424072265625,1,0.015782369300723076,-0.3156149089336395,0.14823327958583832,0.022776395082473755,33.90779113769531,1,0.0077752540819346905,-0.2557293176651001,-0.17422601580619812,0.023180946707725525,29.587871551513672,1,0.0029382670763880014
56,1.12,stand,0.0,0.0,0.0,0.30893978476524353,-0.02573195844888687,0.0040848213247954845,0.0038835916202515364,0.003165567759424448,-0.8505247707233421,-2.1905966267398838,4,0,0,-0.0038219010457396507,-0.0006894603138789535,-0.0037602600641548634,-0.0006675972836092114,-0.003165567759424448,0.0,0.07815972715616226,0.1850481480360031,0.1630944311618805,0.023431308567523956,49.51571273803711,1,0.02113906852900982,0.15716491639614105,-0.18730944395065308,0.023248396813869476,46.5315055847168,1,0.01575702242553234,-0.31555846333503723,0.14821594953536987,0.022777065634727478,33.929325103759766,1,0.00782326702028513,-0.25565364956855774,-0.17423976957798004,0.023182570934295654,29.608253479003906,1,0.002810196951031685
57,1.1400000000000001,stand,0.0,0.0,0.0,0.3089567720890045,-0.02580651268362999,0.004073633346706629,0.0036138936411589384,0.0030550553929060698,-0.8526926620937336,-2.191841855602942,4,0,0,-0.00357351778075099,-0.0005387002602219582,-0.0035142251290380955,-0.0005177775747142732,-0.0030550553929060698,0.0,0.07809852808713913,0.1851029396057129,0.1631045937538147,0.023431338369846344,49.496925354003906,1,0.021134324371814728,0.1572379171848297,-0.18730099499225616,0.023248672485351562,46.529510498046875,1,0.01574042998254299,-0.3155050277709961,0.14819836616516113,0.022777415812015533,33.95026779174805,1,0.007844251580536366,-0.2555817663669586,-0.1742539405822754,0.023182816803455353,29.59757423400879,1,0.002818049630150199
58,1.16,stand,0.0,0.0,0.0,0.30897262692451477,-0.025876285508275032,0.004065230488777161,0.00336614903062582,0.0029525610152632,-0.8544838258427165,-2.1928947719521816,4,0,0,-0.0033417113590985537,-0.00040487642399966717,-0.0032849733252078295,-0.0003849547647405416,-0.0029525610152632,0.0,0.07804180681705475,0.18515466153621674,0.16311368346214294,0.023431338369846344,49.48530960083008,1,0.021139396354556084,0.15730684995651245,-0.1872934103012085,0.023248933255672455,46.529441833496094,1,0.01572691835463047,-0.31545501947402954,0.14818067848682404,0.02277795970439911,33.97117233276367,1,0.00785890594124794,-0.2555135488510132,-0.17426830530166626,0.023183412849903107,29.584758758544922,1,0.002832571044564247
59,1.18,stand,0.0,0.0,0.0,0.30898723006248474,-0.025941569358110428,0.004059279803186655,0.003138404106721282,0.0028535632882267237,-0.8559721667515446,-2.1938401128219938,4,0,0,-0.003125193063169718,-0.00028766089235432446,-0.003070993348956108,-0.00026871866430155933,-0.0028535632882267237,0.0,0.07798885554075241,0.18520262837409973,0.16312159597873688,0.02343153953552246,49.47635269165039,1,0.021143926307559013,0.1573721319437027,-0.1872870773077011,0.023249372839927673,46.53087615966797,1,0.015720309689641,-0.3154081404209137,0.1481630504131317,0.022778354585170746,33.99174880981445,1,0.007880841381847858,-0.2554493546485901,-0.1742829829454422,0.02318272739648819,29.54619789123535,1,0.0029818755574524403
60,1.2,stand,0.0,0.0,0.0,0.3090008497238159,-0.026002684608101845,0.004055069759488106,0.002933293115347624,0.003062604460865259,-0.8554453884118074,-2.1947530102932484,4,0,0,-0.002923650899901986,-0.00023764294746797532,-0.002872599521651864,-0.0002199676091549918,-0.003062604460865259,0.0,0.07793615758419037,0.1852470189332962,0.163138285279274,0.023431673645973206,49.47810745239258,1,0.021121324971318245,0.1574353277683258,-0.18726210296154022,0.023249879479408264,46.629234313964844,1,0.015681803226470947,-0.31536510586738586,0.1481534242630005,0.022778742015361786,34.02163314819336,1,0.007917799055576324,-0.2553888261318207,-0.17428934574127197,0.02318313717842102,29.523929595947266,1,0.0030240723863244057
61,1.22,stand,0.0,0.0,0.0,0.3090132772922516,-0.026060013100504875,0.004052665550261736,0.0027393081691116095,0.002758798887953162,-0.8566548655034285,-2.195684904228132,4,0,0,-0.0027370648458600044,-0.0001108409560401924,-0.002686780644580722,-9.342561679659411e-05,-0.002758798887953162,0.0,0.07789462804794312,0.18528799712657928,0.16314420104026794,0.02343180775642395,49.47249984741211,1,0.021133102476596832,0.15749363601207733,-0.1872575283050537,0.02325015515089035,46.54670715332031,1,0.015727773308753967,-0.31532517075538635,0.14813390374183655,0.022779010236263275,34.0340576171875,1,0.007933332584798336,-0.2553320825099945,-0.17430591583251953,0.023183397948741913,29.52154541015625,1,0.00301535171456635
62,1.24,stand,0.0,0.0,0.0,0.30902576446533203,-0.02611371874809265,0.00405177753418684,0.002563842572271824,0.002408506814390421,-0.8586688641740832,-2.1962612014393517,4,0,0,-0.0025633913464844227,-4.8107027396326885e-05,-0.0025130969006568193,-3.0617480661021546e-05,-0.002408506814390421,0.0,0.07785484939813614,0.1853279173374176,0.16314367949962616,0.02343200147151947,49.45341491699219,1,0.021140508353710175,0.15754857659339905,-0.18725937604904175,0.023250199854373932,46.545188903808594,1,0.015672696754336357,-0.31528276205062866,0.14811034500598907,0.022779539227485657,34.0882682800293,1,0.007917685434222221,-0.2552773058414459,-0.17432616651058197,0.023184798657894135,29.52508544921875,1,0.0028726919554173946
63,1.26,stand,0.0,0.0,0.0,0.30903753638267517,-0.02616390958428383,0.004052100237458944,0.0023880559019744396,0.002401200123131275,-0.8597737539940385,-2.1968684479452483,4,0,0,-0.0023880074732005596,1.5217152395052835e-05,-0.00234041060321033,3.17293633997906e-05,-0.002401200123131275,0.0,0.07781541347503662,0.1853649765253067,0.1631460189819336,0.02343202382326126,49.445533752441406,1,0.02114114910364151,0.15760020911693573,-0.18725831806659698,0.023250728845596313,46.53984451293945,1,0.01566483825445175,-0.3152465522289276,0.14809146523475647,0.022779494524002075,34.05242156982422,1,0.007975627668201923,-0.25522688031196594,-0.17434246838092804,0.023185059428215027,29.535600662231445,1,0.0028740507550537586
64,1.28,stand,0.0,0.0,0.0,0.3090480864048004,-0.026210889220237732,0.004053717479109764,0.0022332859225571156,0.0023412702139467,-0.8604056532139704,-2.1977164586193876,4,0,0,-0.0022319636773318052,7.684078445890918e-05,-0.0021868725307285786,9.243848035112023e-05,-0.0023412702139467,0.0,0.07778316736221313,0.18539787828922272,0.16314944624900818,0.023432135581970215,49.43769454956055,1,0.021142711862921715,0.1576470583677292,-0.1872560977935791,0.023250803351402283,46.53649139404297,1,0.015660837292671204,-0.31521445512771606,0.1480739414691925,0.02278006076812744,34.07562255859375,1,0.00798836350440979,-0.2551806569099426,-0.1743573695421219,0.02318529784679413,29.533710479736328,1,0.0028702933341264725
65,1.3,stand,0.0,0.0,0.0,0.3090573847293854,-0.026254914700984955,0.00405644066631794,0.002092577749863267,0.002274448284879327,-0.8608809916915211,-2.1985495282547176,4,0,0,-0.0020885588601231575,0.00012962934852112085,-0.002045808359980583,0.0001443769142497331,-0.002274448284879327,0.0,0.07775501906871796,0.18542838096618652,0.16315241158008575,0.023432299494743347,49.431182861328125,1,0.021150879561901093,0.15769121050834656,-0.1872543841600418,0.02325104922056198,46.53422927856445,1,0.015645654872059822,-0.3151845932006836,0.14805665612220764,0.022780142724514008,34.093929290771484,1,0.007995427586138248,-0.2551370859146118,-0.17437240481376648,0.023185521364212036,29.528770446777344,1,0.0028727161698043346
66,1.32,stand,0.0,0.0,0.0,0.30906566977500916,-0.026296166703104973,0.004060050472617149,0.001962816808372736,0.002204223070293665,-0.861176930981653,-2.199320912744106,4,0,0,-0.0019553019665181637,0.00017159311391878873,-0.0019147044513374567,0.00018556363647803664,-0.002204223070293665,0.0,0.07773096859455109,0.18545663356781006,0.16315513849258423,0.023432381451129913,49.42851638793945,1,0.021147608757019043,0.15773305296897888,-0.18725278973579407,0.02325141429901123,46.53398513793945,1,0.015627237036824226,-0.31515684723854065,0.14803975820541382,0.022780515253543854,34.10963821411133,1,0.008013304322957993,-0.2550962567329407,-0.1743869036436081,0.0231858491897583,29.522478103637695,1,0.002880208194255829
67,1.34,stand,0.0,0.0,0.0,0.3090728223323822,-0.02633490040898323,0.004064381588250399,0.0018427993636578321,0.002132406923919916,-0.8613215388929869,-2.1999825873199508,4,0,0,-0.0018314174376428127,0.00020449829753488302,-0.001792669645510614,0.00021781015675514936,-0.002132406923919916,0.0,0.07770933210849762,0.18548324704170227,0.16315774619579315,0.023432374000549316,49.426795959472656,1,0.021151011809706688,0.15777266025543213,-0.18725143373012543,0.02325151115655899,46.534427642822266,1,0.01562572829425335,-0.31513074040412903,0.14802341163158417,0.02278061956167221,34.123268127441406,1,0.008021666668355465,-0.2550572156906128,-0.17440104484558105,0.023186035454273224,29.515844345092773,1,0.002884563524276018
68,1.36,stand,0.0,0.0,0.0,0.30907943844795227,-0.02637120522558689,0.004069230984896421,0.0017317734891548753,0.0020583022851496935,-0.8613421361822027,-2.200579375098681,4,0,0,-0.0017165553290396929,0.00022907822858542204,-0.0016793699469417334,0.00024184244102798402,-0.0020583022851496935,0.0,0.07768992334604263,0.18550819158554077,0.16316024959087372,0.023432448506355286,49.42560958862305,1,0.021149661391973495,0.1578100472688675,-0.18724997341632843,0.02325168251991272,46.53449630737305,1,0.015614702366292477,-0.31510642170906067,0.14800766110420227,0.022780895233154297,34.1357307434082,1,0.008039749227464199,-0.2550203502178192,-0.17441454529762268,0.023186318576335907,29.510107040405273,1,0.002887367969378829
69,1.3800000000000001,stand,0.0,0.0,0.0,0.30908524990081787,-0.026405319571495056,0.004074473865330219,0.0016285366145893931,0.0019838809967041016,-0.861267751153273,-2.2011033786740675,4,0,0,-0.0016097599873319268,0.0002465849684085697,-0.0015738804358989,0.000258901622146368,-0.0019838809967041016,0.0,0.0776727944612503,0.18553192913532257,0.16316266357898712,0.023432649672031403,49.426063537597656,1,0.021157680079340935,0.1578453779220581,-0.18724887073040009,0.023251861333847046,46.53425979614258,1,0.015609413385391235,-0.3150835931301117,0.1479925662279129,0.022781245410442352,34.14763641357422,1,0.008055132813751698,-0.2549857199192047,-0.17442776262760162,0.023186631500720978,29.5047550201416,1,0.0028891011606901884
70,1.4000000000000001,stand,0.0,0.0,0.0,0.30909040570259094,-0.026437385007739067,0.004079948179423809,0.0015325648710131645,0.0019103337544947863,-0.8611191945388252,-2.2016333586649783,4,0,0,-0.0015107165090739727,0.0002578577259555459,-0.0014758799225091934,0.0002698271709959954,-0.0019103337544947863,0.0,0.07765769958496094,0.1855533868074417,0.16316473484039307,0.023432552814483643,49.42323303222656,1,0.021152541041374207,0.1578788310289383,-0.18724767863750458,0.02325204759836197,46.5339469909668,1,0.015598890371620655,-0.3150620460510254,0.1479780226945877,0.022781379520893097,34.15923309326172,1,0.008064188063144684,-0.2549525797367096,-0.17444021999835968,0.023186668753623962,29.500732421875,1,0.0028847858775407076
71,1.42,stand,0.0,0.0,0.0,0.3090953230857849,-0.026467561721801758,0.004085570573806763,0.0014425740810111165,0.001839980250224471,-0.860922026187394,-2.202169955401647,4,0,0,-0.0014181139413267374,0.00026452404563315213,-0.0013841489562764764,0.00027621208573691547,-0.001839980250224471,0.0,0.0776442140340805,0.18557363748550415,0.163166806101799,0.02343270182609558,49.42098617553711,1,0.02116425521671772,0.15791013836860657,-0.18724659085273743,0.023252278566360474,46.534542083740234,1,0.015586519613862038,-0.3150421380996704,0.14796385169029236,0.022781655192375183,34.169979095458984,1,0.008074689656496048,-0.2549218535423279,-0.17445248365402222,0.023186810314655304,29.496458053588867,1,0.0028943968936800957
72,1.44,stand,0.0,0.0,0.0,0.3090997636318207,-0.02649601176381111,0.004091243725270033,0.0013597760116681457,0.0017835426842793822,-0.8606772065943313,-2.2027127419972516,4,0,0,-0.0013332328526303172,0.000267359078861773,-0.001299911760725081,0.0002788508718367666,-0.0017835426842793822,0.0,0.07763118296861649,0.1855924129486084,0.16316890716552734,0.02343279868364334,49.41960906982422,1,0.02116355113685131,0.15793953835964203,-0.18724548816680908,0.023252233862876892,46.53345489501953,1,0.01556865219026804,-0.3150235414505005,0.14795032143592834,0.02278164029121399,34.180301666259766,1,0.008083971217274666,-0.2548927068710327,-0.1744641810655594,0.023185819387435913,29.4639949798584,1,0.003051002277061343
73,1.46,stand,0.0,0.0,0.0,0.3091043531894684,-0.02652278169989586,0.004096889868378639,0.0012835056986659765,0.0017598397098481655,-0.860060141691503,-2.2031646016995303,4,0,0,-0.0012562491465359926,0.00026310636894777417,-0.0012227100087329745,0.0002747264807112515,-0.0017598397098481655,0.0,0.07761853188276291,0.18561001121997833,0.16317278146743774,0.023432962596416473,49.42369842529297,1,0.02114945650100708,0.15796776115894318,-0.1872428059577942,0.023252397775650024,46.532142639160156,1,0.015562254935503006,-0.31500622630119324,0.14793884754180908,0.022781722247600555,34.18769073486328,1,0.008099817670881748,-0.2548651099205017,-0.17447148263454437,0.023185931146144867,29.476715087890625,1,0.0030461843125522137
74,1.48,stand,0.0,0.0,0.0,0.309108704328537,-0.026548059657216072,0.004102454520761967,0.0012076360872015357,0.0016619659727439284,-0.8598536351908159,-2.2037280923060565,4,0,0,-0.0011788023402914405,0.0002623164327815175,-0.0011457186192274094,0.000273816374829039,-0.0016619659727439284,0.0,0.0776083767414093,0.18562600016593933,0.1631743311882019,0.023432910442352295,49.41975784301758,1,0.021159633994102478,0.1579938381910324,-0.18724209070205688,0.02325260639190674,46.532127380371094,1,0.0155514907091856,-0.31499049067497253,0.1479257196187973,0.02278183400630951,34.19650650024414,1,0.008099363185465336,-0.25483936071395874,-0.1744827777147293,0.02318623661994934,29.44961166381836,1,0.0030560961458832026
75,1.5,stand,0.0,0.0,0.0,0.3091127872467041,-0.02657187730073929,0.004107815213501453,0.001136736129410565,0.0015915775438770652,-0.8598342652012166,-2.20433491192513,4,0,0,-0.0011085900478065014,0.0002513901563361287,-0.0010758790886029601,0.00026279647136107087,-0.0015915775438770652,0.0,0.07760044932365417,0.1856405884027481,0.16317476332187653,0.02343302220106125,49.41270065307617,1,0.02114979177713394,0.1580180525779724,-0.18724243342876434,0.023252591490745544,46.53154754638672,1,0.015546295791864395,-0.31497636437416077,0.1479123830795288,0.02278216928243637,34.20537185668945,1,0.008111939765512943,-0.25481581687927246,-0.17449449002742767,0.023186378180980682,29.448976516723633,1,0.0030541601590812206
76,1.52,stand,0.0,0.0,0.0,0.30911678075790405,-0.026594338938593864,0.004112907685339451,0.001070125144906342,0.0015277521451935172,-0.8597189523981197,-2.204942371874438,4,0,0,-0.001043037511408329,0.0002392499300185591,-0.0010107331909239292,0.0002505463780835271,-0.0015277521451935172,0.0,0.07759232819080353,0.18565425276756287,0.1631760448217392,0.02343311905860901,49.408878326416016,1,0.021159235388040543,0.15804101526737213,-0.1872420459985733,0.02325272560119629,46.530330657958984,1,0.01552563812583685,-0.31496289372444153,0.14790017902851105,0.022782281041145325,34.2134895324707,1,0.008113271556794643,-0.25479352474212646,-0.17450526356697083,0.023186437785625458,29.447477340698242,1,0.003053610445931554
77,1.54,stand,0.0,0.0,0.0,0.3091205656528473,-0.02661554515361786,0.004117732867598534,0.0010079439962282777,0.0014689656672999263,-0.8595546009712163,-2.2055532469183308,4,0,0,-0.0009822167921811342,0.00022627729049418122,-0.0009503735927864909,0.00023743945348542184,-0.0014689656672999263,0.0,0.07758508622646332,0.1856670081615448,0.1631772667169571,0.023433230817317963,49.40557861328125,1,0.021155260503292084,0.15806223452091217,-0.1872415989637375,0.0232529416680336,46.529212951660156,1,0.015523715876042843,-0.31495049595832825,0.14788870513439178,0.022782444953918457,34.220367431640625,1,0.008121143095195293,-0.25477227568626404,-0.17451521754264832,0.023186616599559784,29.444732666015625,1,0.003058787202462554
78,1.56,stand,0.0,0.0,0.0,0.3091241121292114,-0.02663557603955269,0.004122260492295027,0.0009498535073362291,0.0014161895960569382,-0.8593738144016225,-2.2061096938922753,4,0,0,-0.0009257756755687296,0.00021251120779197663,-0.0008944637374952435,0.00022350958897732198,-0.0014161895960569382,0.0,0.0775778740644455,0.18567875027656555,0.1631786972284317,0.023433074355125427,49.40147018432617,1,0.021145829930901527,0.15808258950710297,-0.18724094331264496,0.02325303852558136,46.52980422973633,1,0.015514510683715343,-0.3149389922618866,0.14787793159484863,0.02278255671262741,34.22553634643555,1,0.008135481737554073,-0.25475257635116577,-0.1745244711637497,0.023186691105365753,29.441781997680664,1,0.003054945496842265
79,1.58,stand,0.0,0.0,0.0,0.3091273009777069,-0.026654548943042755,0.004126486834138632,0.0008955879020504653,0.0013664417201653123,-0.8591852371475067,-2.2066507729405873,4,0,0,-0.0008733320282772183,0.00019841582980006933,-0.0008425443083979189,0.00020925089484080672,-0.0013664417201653123,0.0,0.07757176458835602,0.18568989634513855,0.163180410861969,0.02343323826789856,49.398380279541016,1,0.021151868626475334,0.1581019014120102,-0.18724006414413452,0.023253202438354492,46.52852249145508,1,0.015507051721215248,-0.3149278461933136,0.14786779880523682,0.02278270572423935,34.23003387451172,1,0.008150561712682247,-0.25473347306251526,-0.17453324794769287,0.02318672090768814,29.439842224121094,1,0.0030560807790607214
80,1.6,stand,0.0,0.0,0.0,0.30913034081459045,-0.026672488078475,0.004130410961806774,0.00084445666288957,0.001319158705882728,-0.8589905233953085,-2.2071549262786987,4,0,0,-0.0008242370095103979,0.00018368569726590067,-0.0007939826464280486,0.00019435198919381946,-0.001319158705882728,0.0,0.07756562530994415,0.1857004314661026,0.1631821095943451,0.023433171212673187,49.39560317993164,1,0.02115352265536785,0.15812022984027863,-0.18723896145820618,0.023253075778484344,46.52886962890625,1,0.015497899614274502,-0.31491759419441223,0.14785829186439514,0.022782742977142334,34.236328125,1,0.008147702552378178,-0.25471559166908264,-0.17454147338867188,0.023186787962913513,29.43826675415039,1,0.0030503617599606514
81,1.62,stand,0.0,0.0,0.0,0.3091331422328949,-0.02668948657810688,0.004134002607315779,0.0007965936092659831,0.0012725511332973838,-0.8588196619443523,-2.2075393378629236,4,0,0,-0.000778436369728297,0.0001691099751042202,-0.0007486707181669772,0.00017962406855076551,-0.0012725511332973838,0.0,0.07755950093269348,0.18571056425571442,0.16318388283252716,0.023433081805706024,49.39307403564453,1,0.021141650155186653,0.15813793241977692,-0.18723784387111664,0.023253068327903748,46.529884338378906,1,0.015490274876356125,-0.3149072825908661,0.1478492170572281,0.0227830708026886,34.24138259887695,1,0.008144650608301163,-0.2546981871128082,-0.1745491474866867,0.023186996579170227,29.436176300048828,1,0.003052731975913048
82,1.6400000000000001,stand,0.0,0.0,0.0,0.30913570523262024,-0.026705605909228325,0.004137301351875067,0.0007516478071920574,0.0012272472959011793,-0.8586513084534821,-2.207929725862672,4,0,0,-0.0007354695117101073,0.00015510981029365212,-0.0007061435026116669,0.00016548942949157208,-0.0012272472959011793,0.0,0.07755400985479355,0.18572047352790833,0.1631857007741928,0.023433290421962738,49.389793395996094,1,0.021151535212993622,0.1581547111272812,-0.1872367560863495,0.02325335144996643,46.53040313720703,1,0.01548837497830391,-0.31489771604537964,0.1478406935930252,0.02278321236371994,34.246376037597656,1,0.008147559128701687,-0.2546815574169159,-0.17455650866031647,0.023187018930912018,29.434642791748047,1,0.003055837005376816
83,1.6600000000000001,stand,0.0,0.0,0.0,0.30913811922073364,-0.02672090381383896,0.004140298813581467,0.0007095066248439252,0.0011833964381366968,-0.8584861566137854,-2.2083265171647675,4,0,0,-0.0006952132098376751,0.00014169792120810598,-0.0006662929663434625,0.00015195478044915944,-0.0011833964381366968,0.0,0.07754898816347122,0.18572954833507538,0.163187637925148,0.02343343198299408,49.387001037597656,1,0.02114707976579666,0.15817052125930786,-0.18723532557487488,0.023253411054611206,46.53158187866211,1,0.015489364974200726,-0.31488895416259766,0.1478327065706253,0.022783011198043823,34.25033950805664,1,0.008161287754774094,-0.2546660304069519,-0.17456328868865967,0.023187078535556793,29.432960510253906,1,0.0030550009105354548
84,1.68,stand,0.0,0.0,0.0,0.30914026498794556,-0.02673538774251938,0.004143028985708952,0.0006702945102006197,0.0011414350010454655,-0.8583320504706369,-2.2087297117692097,4,0,0,-0.0006577300373464823,0.0001291739899897948,-0.0006291437894105911,0.00013933439913671464,-0.0011414350010454655,0.0,0.0775449350476265,0.1857377141714096,0.16318975389003754,0.023433484137058258,49.38325119018555,1,0.0211477093398571,0.15818583965301514,-0.18723401427268982,0.02325371652841568,46.53355026245117,1,0.015479478985071182,-0.31488069891929626,0.14782509207725525,0.022783227264881134,34.25567626953125,1,0.008160837925970554,-0.25465133786201477,-0.17456986010074615,0.023187197744846344,29.431856155395508,1,0.0030524148605763912
85,1.7,stand,0.0,0.0,0.0,0.30914223194122314,-0.026749202981591225,0.0041454853489995,0.0006329336320050061,0.0010982060339301825,-0.8581975811213522,-2.2091401634496455,4,0,0,-0.0006219387287274003,0.00011746150266844779,-0.0005936617380939424,0.00012753502232953906,-0.0010982060339301825,0.0,0.07754222303628922,0.185745507478714,0.1631917655467987,0.023433461785316467,49.38050079345703,1,0.021143313497304916,0.15819981694221497,-0.18723249435424805,0.023253701627254486,46.533111572265625,1,0.015472060069441795,-0.3148730397224426,0.14781789481639862,0.02278316766023636,34.260196685791016,1,0.00816324446350336,-0.2546372413635254,-0.17457613348960876,0.02318824827671051,29.445314407348633,1,0.0029048649594187737
86,1.72,stand,0.0,0.0,0.0,0.30914413928985596,-0.02676232159137726,0.004147740546613932,0.0005990710924379528,0.0010658594546839595,-0.8580239449060458,-2.209485728332966,4,0,0,-0.0005892575136385858,0.00010798963921843097,-0.0005615275003947318,0.00011788198025897145,-0.0010658594546839595,0.0,0.07753850519657135,0.18575315177440643,0.16319401562213898,0.023433439433574677,49.37396240234375,1,0.021135447546839714,0.15821366012096405,-0.18723078072071075,0.0232536643743515,46.53494644165039,1,0.015473023056983948,-0.31486544013023376,0.14781109988689423,0.022783346474170685,34.26250076293945,1,0.008172671310603619,-0.2546238601207733,-0.1745816171169281,0.023188486695289612,29.4620361328125,1,0.002886440372094512
87,1.74,stand,0.0,0.0,0.0,0.3091457188129425,-0.026774834841489792,0.004149829037487507,0.0005679132882505655,0.0010413608979433775,-0.8578253358115866,-2.20980994887513,4,0,0,-0.0005587915075011551,0.00010137818026123568,-0.0005315520684234798,0.00011111080675618723,-0.0010413608979433775,0.0,0.07753442227840424,0.18576055765151978,0.16319647431373596,0.023433677852153778,49.3698844909668,1,0.021134672686457634,0.15822681784629822,-0.18722887337207794,0.023253917694091797,46.53627014160156,1,0.015468262135982513,-0.3148582875728607,0.14780493080615997,0.022783488035202026,34.26661682128906,1,0.00817659217864275,-0.25461092591285706,-0.17458677291870117,0.023187413811683655,29.432838439941406,1,0.003048141486942768
88,1.76,stand,0.0,0.0,0.0,0.30914708971977234,-0.026786712929606438,0.004151723347604275,0.0005360249197110534,0.0009950280655175447,-0.8576838761905733,-2.2101467625785762,4,0,0,-0.0005280979676172137,9.184376540360972e-05,-0.0005010127206332982,0.00010154795018024743,-0.0009950280655175447,0.0,0.077533058822155,0.18576715886592865,0.1631985902786255,0.023433521389961243,49.37375259399414,1,0.021137304604053497,0.1582389622926712,-0.18722714483737946,0.02325395494699478,46.537208557128906,1,0.015463071875274181,-0.3148517608642578,0.1477988362312317,0.022783532738685608,34.270973205566406,1,0.008181281387805939,-0.25459861755371094,-0.17459191381931305,0.023188531398773193,29.441410064697266,1,0.0028961356729269028
89,1.78,stand,0.0,0.0,0.0,0.309148371219635,-0.026798032224178314,0.004153430927544832,0.0005082828574813902,0.0009667910053394735,-0.8575479660982606,-2.2104867779331956,4,0,0,-0.0005013082991354167,8.39135391288437e-05,-0.0004744140896946192,9.35708885663189e-05,-0.0009667910053394735,0.0,0.07752987742424011,0.18577340245246887,0.16320079565048218,0.023433491587638855,49.36857986450195,1,0.021130641922354698,0.15825068950653076,-0.1872253566980362,0.023253843188285828,46.53777313232422,1,0.015452582389116287,-0.314845472574234,0.1477930247783661,0.02278336137533188,34.274688720703125,1,0.008183145895600319,-0.2545870840549469,-0.17459675669670105,0.02318761497735977,29.42732048034668,1,0.003053790656849742
90,1.8,stand,0.0,0.0,0.0,0.3091496527194977,-0.026808805763721466,0.004154949449002743,0.0004803268820978701,0.000925540691241622,-0.857453090501821,-2.2108368251281587,4,0,0,-0.0004744413017760962,7.496233592974022e-05,-0.00044750102097168565,8.466590952593833e-05,-0.000925540691241622,0.0,0.0775282233953476,0.1857791692018509,0.1632029116153717,0.023433491587638855,49.36919403076172,1,0.021135929971933365,0.15826193988323212,-0.18722382187843323,0.02325412631034851,46.53951644897461,1,0.015456818975508213,-0.3148396611213684,0.1477874219417572,0.022783584892749786,34.27840042114258,1,0.008189879357814789,-0.2545764744281769,-0.17460137605667114,0.023187600076198578,29.427120208740234,1,0.003049782244488597
91,1.82,stand,0.0,0.0,0.0,0.30915096402168274,-0.026819057762622833,0.004156271927058697,0.0004539136425592005,0.0008844654075801373,-0.857391512077585,-2.211194556285938,4,0,0,-0.00044900691136717796,6.656118057435378e-05,-0.0004219828697387129,7.632500637555495e-05,-0.0008844654075801373,0.0,0.0775274857878685,0.18578457832336426,0.16320478916168213,0.023433655500411987,49.36598587036133,1,0.021120119839906693,0.15827226638793945,-0.18722237646579742,0.0232541486620903,46.539833068847656,1,0.015451112762093544,-0.3148345351219177,0.1477821171283722,0.02278348058462143,34.28120803833008,1,0.008195259608328342,-0.25456610321998596,-0.17460589110851288,0.023188695311546326,29.440397262573242,1,0.0029008351266384125
92,1.84,stand,0.0,0.0,0.0,0.3091523349285126,-0.02682885341346264,0.0041574519127607346,0.0004302097368054092,0.0008609392098151147,-0.8573208089475048,-2.211443858190644,4,0,0,-0.0004258805129211396,6.0878774092998356e-05,-0.00039906869642436504,7.058728078845888e-05,-0.0008609392098151147,0.0,0.07752487808465958,0.18579015135765076,0.16320686042308807,0.023433610796928406,49.358367919921875,1,0.021112889051437378,0.15828269720077515,-0.18722084164619446,0.023254133760929108,46.539939880371094,1,0.015458548441529274,-0.3148290812969208,0.14777706563472748,0.02278381586074829,34.28248596191406,1,0.008198803290724754,-0.25455614924430847,-0.17461007833480835,0.023188911378383636,29.439449310302734,1,0.0028983252122998238
93,1.86,stand,0.0,0.0,0.0,0.3091534972190857,-0.026838146150112152,0.004158513620495796,0.0004067959380336106,0.0008267507655546069,-0.8572649401345283,-2.2115913475880338,4,0,0,-0.00040293848724104464,5.588826388702728e-05,-0.00037645731936208904,6.54972463962622e-05,-0.0008267507655546069,0.0,0.07752179354429245,0.1857958734035492,0.16320881247520447,0.023433677852153778,49.356353759765625,1,0.021113963797688484,0.15829314291477203,-0.18721912801265717,0.0232539102435112,46.54207992553711,1,0.015449966304004192,-0.3148234784603119,0.14777223765850067,0.022783778607845306,34.284393310546875,1,0.008193302899599075,-0.2545461058616638,-0.17461419105529785,0.023189052939414978,29.456478118896484,1,0.0028950676787644625
94,1.8800000000000001,stand,0.0,0.0,0.0,0.3091543912887573,-0.02684701979160309,0.004159487783908844,0.0003846939653158188,0.0007956735789775848,-0.857195250860653,-2.2116974289635807,4,0,0,-0.0003810454800259322,5.285639417706989e-05,-0.00035484202089719474,6.238678906811401e-05,-0.0007956735789775848,0.0,0.07751879841089249,0.18580128252506256,0.1632108837366104,0.023433499038219452,49.35388946533203,1,0.021112361922860146,0.15830296277999878,-0.18721753358840942,0.0232539102435112,46.54250717163086,1,0.015453068539500237,-0.3148178160190582,0.1477675884962082,0.02278400957584381,34.287906646728516,1,0.008188632316887379,-0.25453612208366394,-0.17461778223514557,0.023188918828964233,29.45619773864746,1,0.002888687187805772
95,1.9000000000000001,stand,0.0,0.0,0.0,0.3091553747653961,-0.02685544453561306,0.0041604056023061275,0.00036464619915932417,0.0007788382354192436,-0.8571118478475848,-2.2118039372259504,4,0,0,-0.0003610459098126739,5.1114519010297954e-05,-0.00033498412813059986,6.061720341676846e-05,-0.0007788382354192436,0.0,0.07751486450433731,0.18580664694309235,0.16321299970149994,0.023433536291122437,49.35231018066406,1,0.0211256742477417,0.15831254422664642,-0.18721577525138855,0.023254141211509705,46.543792724609375,1,0.015453983098268509,-0.3148128092288971,0.1477634459733963,0.022783905267715454,34.29029083251953,1,0.008195915259420872,-0.25452667474746704,-0.1746213287115097,0.023188002407550812,29.422388076782227,1,0.003055549692362547
96,1.92,stand,0.0,0.0,0.0,0.30915629863739014,-0.02686348930001259,0.004161229357123375,0.0003439107968006283,0.000739625480491668,-0.8570906635889871,-2.212029760355384,4,0,0,-0.00034084287472069263,4.5834265620214865e-05,-0.00031459779711440206,5.543400766327977e-05,-0.000739625480491668,0.0,0.07751422375440598,0.18581126630306244,0.16321462392807007,0.023433685302734375,49.355960845947266,1,0.02112293802201748,0.15832111239433289,-0.1872144490480423,0.023254483938217163,46.54482650756836,1,0.015436235815286636,-0.3148081302642822,0.14775905013084412,0.022783838212490082,34.29335403442383,1,0.008209122344851494,-0.25451794266700745,-0.17462506890296936,0.023189052939414978,29.435617446899414,1,0.0029020507354289293
97,1.94,stand,0.0,0.0,0.0,0.30915728211402893,-0.02687113732099533,0.004161954391747713,0.0003262331592850387,0.0007192198536358774,-0.8570590206032229,-2.2122773547127967,4,0,0,-0.000323464599205181,4.2411487811477855e-05,-0.0002971961803268641,5.204304397921078e-05,-0.0007192198536358774,0.0,0.07751193642616272,0.18581514060497284,0.16321641206741333,0.02343360334634781,49.35008239746094,1,0.02112477272748947,0.15832895040512085,-0.18721315264701843,0.02325425297021866,46.544586181640625,1,0.015445255674421787,-0.31480446457862854,0.1477552205324173,0.022784143686294556,34.2972526550293,1,0.008203435689210892,-0.25451043248176575,-0.174628347158432,0.023188136518001556,29.42715072631836,1,0.00305096129886806
98,1.96,stand,0.0,0.0,0.0,0.3091583251953125,-0.026878472417593002,0.0041625844314694405,0.0003077752480749041,0.0006860402645543218,-0.857070706630006,-2.212490157794125,4,0,0,-0.0003053766558878124,3.834977906080894e-05,-0.00027897470863536,4.8057867388706654e-05,-0.0006860402645543218,0.0,0.07751107960939407,0.18581931293010712,0.1632179319858551,0.023433737456798553,49.349483489990234,1,0.021110743284225464,0.15833668410778046,-0.1872120350599289,0.023254357278347015,46.544464111328125,1,0.015436739660799503,-0.3148004412651062,0.147751122713089,0.02278406172990799,34.297210693359375,1,0.008221112191677094,-0.25450289249420166,-0.1746314913034439,0.023189157247543335,29.43563461303711,1,0.0028972600121051073
99,1.98,stand,0.0,0.0,0.0,0.3091592490673065,-0.026885399594902992,0.004163139965385199,0.00029047473799437284,0.0006587330135516822,-0.8570755624676191,-2.2126606990799638,4,0,0,-0.0002882641856558621,3.5767763620242476e-05,-0.00026205400354228914,4.5426320866681635e-05,-0.0006587330135516822,0.0,0.07750915735960007,0.18582305312156677,0.1632194221019745,0.023433588445186615,49.34431076049805,1,0.02111555077135563,0.15834425389766693,-0.18721064925193787,0.023254409432411194,46.54462814331055,1,0.015438845381140709,-0.31479671597480774,0.14774751663208008,0.022784315049648285,34.2999267578125,1,0.008204812183976173,-0.25449565052986145,-0.174634650349617,0.023189328610897064,29.453617095947266,1,0.0028873118571937084
100,2.0,stand,0.0,0.0,0.0,0.3091602921485901,-0.0268920436501503,0.0041636694222688675,0.0002744435623753816,0.0006364734726957977,-0.8570499492582315,-2.212786630692786,4,0,0,-0.0002722055942285806,3.497694342513569e-05,-0.0002462646225467324,4.4555668864632025e-05,-0.0006364734726957977,0.0,0.07750654220581055,0.18582706153392792,0.16322088241577148,0.023433618247509003,49.340755462646484,1,0.0211033895611763,0.15835148096084595,-0.18720942735671997,0.02325444668531418,46.54475021362305,1,0.015436124056577682,-0.31479278206825256,0.14774402976036072,0.022784367203712463,34.30093765258789,1,0.008212970569729805,-0.25448811054229736,-0.1746375560760498,0.023189298808574677,29.453107833862305,1,0.0028866014908999205
101,2.02,stand,0.0,0.0,0.0,0.30916112661361694,-0.026898376643657684,0.004164182115346193,0.00025881556211970747,0.0006151229026727378,-0.8570066736065372,-2.2129123488621967,4,0,0,-0.0002564636815804988,3.4812066587619483e-05,-0.00023082485131453723,4.4298332795733586e-05,-0.0006151229026727378,0.0,0.07750420272350311,0.18583069741725922,0.16322274506092072,0.023433707654476166,49.34082794189453,1,0.021111346781253815,0.15835854411125183,-0.18720805644989014,0.02325444668531418,46.54661560058594,1,0.015426785685122013,-0.3147890865802765,0.14774075150489807,0.022784247994422913,34.30256652832031,1,0.008213624358177185,-0.2544814646244049,-0.1746402382850647,0.023189447820186615,29.452613830566406,1,0.0028889693785458803
102,2.04,stand,0.0,0.0,0.0,0.3091617226600647,-0.026904387399554253,0.004164676647633314,0.0002443781995680183,0.0005938485846854746,-0.856965212223841,-2.2129972993399987,4,0,0,-0.00024193705758079886,3.4455144486855716e-05,-0.00021647263201884925,4.389673995319754e-05,-0.0005938485846854746,0.0,0.07750243693590164,0.1858343780040741,0.1632242351770401,0.023433774709701538,49.33758544921875,1,0.021107934415340424,0.15836529433727264,-0.18720674514770508,0.02325441688299179,46.547637939453125,1,0.015426765196025372,-0.3147854208946228,0.14773765206336975,0.022784173488616943,34.305015563964844,1,0.008213553577661514,-0.2544747591018677,-0.17464269697666168,0.02318926900625229,29.45171356201172,1,0.00288774655200541
103,2.06,stand,0.0,0.0,0.0,0.3091623783111572,-0.02691010944545269,0.00416517211124301,0.00023134842922445387,0.0005858176737092435,-0.8569108908755982,-2.213060051702998,4,0,0,-0.00022868943051435053,3.497482612146996e-05,-0.0002033009222941473,4.440848351805471e-05,-0.0005858176737092435,0.0,0.07749951630830765,0.18583784997463226,0.16322576999664307,0.02343360334634781,49.33676528930664,1,0.021110616624355316,0.1583719551563263,-0.18720540404319763,0.023254521191120148,46.54886245727539,1,0.015431210398674011,-0.3147820234298706,0.14773473143577576,0.022784337401390076,34.306068420410156,1,0.008223486132919788,-0.25446802377700806,-0.1746450513601303,0.023188404738903046,29.418506622314453,1,0.0030497561674565077
104,2.08,stand,0.0,0.0,0.0,0.30916306376457214,-0.02691555954515934,0.0041656047105789185,0.0002175390109186992,0.0005577473202720284,-0.85692956717411,-2.2132184267143775,4,0,0,-0.00021515152184292674,3.214095704606734e-05,-0.000189499682164751,4.169687963440083e-05,-0.0005577473202720284,0.0,0.07749861478805542,0.1858409196138382,0.16322705149650574,0.023433685302734375,49.34138488769531,1,0.021112481132149696,0.15837767720222473,-0.1872045248746872,0.02325456589460373,46.549320220947266,1,0.015430633910000324,-0.3147791624069214,0.14773163199424744,0.02278444916009903,34.30950164794922,1,0.008218607865273952,-0.2544623613357544,-0.17464756965637207,0.023188434541225433,29.41802406311035,1,0.0030513007659465075
105,2.1,stand,0.0,0.0,0.0,0.309163898229599,-0.02692076377570629,0.004165976773947477,0.00020473494078032672,0.0005323645891621709,-0.8569757776727134,-2.2134470246081617,4,0,0,-0.00020271689572837204,2.867499460990075e-05,-0.00017676730931270868,3.836435644188896e-05,-0.0005323645891621709,0.0,0.0774976909160614,0.185843363404274,0.16322794556617737,0.023433752357959747,49.33990478515625,1,0.02111249417066574,0.15838296711444855,-0.18720372021198273,0.02325472980737686,46.54801940917969,1,0.015429866500198841,-0.31477662920951843,0.14772866666316986,0.022784247994422913,34.31169891357422,1,0.008227167651057243,-0.2544572651386261,-0.17465028166770935,0.02318836748600006,29.41892433166504,1,0.0030587546061724424
106,2.12,stand,0.0,0.0,0.0,0.30916479229927063,-0.026925738900899887,0.004166257567703724,0.00019278058607596904,0.0005123938899487257,-0.8570241759662852,-2.213677330049238,4,0,0,-0.0001910536811919883,2.5745854145498015e-05,-0.00016494824376422912,3.5512970498530194e-05,-0.0005123938899487257,0.0,0.07749677449464798,0.18584570288658142,0.16322888433933258,0.023433677852153778,49.337005615234375,1,0.02109670080244541,0.15838778018951416,-0.18720294535160065,0.02325458824634552,46.54888153076172,1,0.015417383052408695,-0.3147743344306946,0.14772582054138184,0.022784337401390076,34.31321716308594,1,0.008222990669310093,-0.25445258617401123,-0.17465251684188843,0.023188486695289612,29.41872787475586,1,0.00305682304315269
107,2.14,stand,0.0,0.0,0.0,0.3091657757759094,-0.026930484920740128,0.004166479222476482,0.00018145368085242808,0.000494833046104759,-0.8570729477858274,-2.213865800581648,4,0,0,-0.00017995636153500527,2.3262520699063316e-05,-0.00015381054254248738,3.306239887024276e-05,-0.000494833046104759,0.0,0.07749532908201218,0.18584775924682617,0.16322994232177734,0.023433707654476166,49.334293365478516,1,0.021101495251059532,0.158392533659935,-0.18720220029354095,0.02325473725795746,46.54730224609375,1,0.015416419133543968,-0.3147721588611603,0.1477232277393341,0.022784538567066193,34.31398010253906,1,0.00822583306580782,-0.25444793701171875,-0.17465467751026154,0.02318856120109558,29.41775894165039,1,0.0030517438426613808
108,2.16,stand,0.0,0.0,0.0,0.30916666984558105,-0.026935001835227013,0.004166646394878626,0.00017040986858773977,0.00047786423237994313,-0.857113181868907,-2.2140536307838232,4,0,0,-0.00016915806918404996,2.0617209884221666e-05,-0.00014307734090834856,3.0408476959564723e-05,-0.00047786423237994313,0.0,0.07749395817518234,0.1858501434326172,0.16323088109493256,0.023433886468410492,49.33307647705078,1,0.02110154554247856,0.15839719772338867,-0.1872013956308365,0.02325473725795746,46.546878814697266,1,0.015419712290167809,-0.3147701919078827,0.14772070944309235,0.02278454601764679,34.31430435180664,1,0.008236221969127655,-0.2544434070587158,-0.17465686798095703,0.023188546299934387,29.417150497436523,1,0.003058129223063588
109,2.18,stand,0.0,0.0,0.0,0.3091675639152527,-0.02693931758403778,0.004166766535490751,0.00016023535863496363,0.00046309520257636905,-0.857151761765547,-2.214179135509822,4,0,0,-0.00015919037105049938,1.827008782129269e-05,-0.00013322899758350104,2.8030877729179338e-05,-0.00046309520257636905,0.0,0.07749219238758087,0.18585237860679626,0.16323189437389374,0.0234336256980896,49.33099365234375,1,0.021098267287015915,0.15840156376361847,-0.18720057606697083,0.0232546404004097,46.547760009765625,1,0.015419426374137402,-0.3147677183151245,0.14771832525730133,0.022784605622291565,34.3155632019043,1,0.008233296684920788,-0.25443896651268005,-0.17465873062610626,0.02318871021270752,29.416587829589844,1,0.0030518407002091408
110,2.2,stand,0.0,0.0,0.0,0.30916839838027954,-0.026943420991301537,0.0041668349876999855,0.000150437030242756,0.0004482640651986003,-0.8571879404238069,-2.2142830824512534,4,0,0,-0.0001495419564889744,1.6386065908591263e-05,-0.0001237358374055475,2.610246156109497e-05,-0.0004482640651986003,0.0,0.07748980820178986,0.18585458397865295,0.16323287785053253,0.023433595895767212,49.3305778503418,1,0.021103041246533394,0.1584061235189438,-0.18719971179962158,0.023254603147506714,46.548431396484375,1,0.01541178673505783,-0.31476545333862305,0.14771616458892822,0.022784598171710968,34.3157958984375,1,0.008231970481574535,-0.2544347941875458,-0.17466063797473907,0.023188680410385132,29.415897369384766,1,0.0030578437726944685
111,2.22,stand,0.0,0.0,0.0,0.30916911363601685,-0.026947323232889175,0.004166856408119202,0.0001415707083651796,0.0004332782991696149,-0.8572179292231314,-2.2143656850515283,4,0,0,-0.00014081771951168776,1.458205770177301e-05,-0.00011514481593621895,2.4261087673949078e-05,-0.0004332782991696149,0.0,0.07748790830373764,0.18585674464702606,0.16323399543762207,0.023433580994606018,49.32818603515625,1,0.021093236282467842,0.15841034054756165,-0.1871989518404007,0.023254722356796265,46.54845428466797,1,0.015409186482429504,-0.3147633373737335,0.14771416783332825,0.022784523665905,34.317588806152344,1,0.008225871250033379,-0.2544304132461548,-0.1746622920036316,0.023188620805740356,29.416015625,1,0.003055773675441742
112,2.24,stand,0.0,0.0,0.0,0.3091697096824646,-0.026951085776090622,0.004166842438280582,0.00013260381820145994,0.00041984490235336125,-0.857243062184843,-2.2144271567540583,4,0,0,-0.0001319127914030105,1.351990158582339e-05,-0.0001064023090293631,2.3151338609750383e-05,-0.00041984490235336125,0.0,0.07748643308877945,0.1858590990304947,0.16323496401309967,0.023433737456798553,49.3275032043457,1,0.02109464630484581,0.15841461718082428,-0.18719808757305145,0.023254752159118652,46.54975509643555,1,0.01541912741959095,-0.3147609531879425,0.14771220088005066,0.022784635424613953,34.31900405883789,1,0.0082236984744668,-0.2544262707233429,-0.17466384172439575,0.023188866674900055,29.415979385375977,1,0.003056202782317996
113,2.2600000000000002,stand,0.0,0.0,0.0,0.3091703951358795,-0.026954665780067444,0.004166814032942057,0.0001244620798388496,0.00040704605635255575,-0.857265046856234,-2.214489482230235,4,0,0,-0.00012376818631310016,1.3124225006322376e-05,-9.838016558205709e-05,2.2722670109942555e-05,-0.00040704605635255575,0.0,0.07748448848724365,0.18586121499538422,0.16323596239089966,0.023433707654476166,49.325130462646484,1,0.021097581833600998,0.15841877460479736,-0.18719731271266937,0.02325483411550522,46.55061340332031,1,0.015411647967994213,-0.3147588074207306,0.14771053194999695,0.022784575819969177,34.31944274902344,1,0.008225025609135628,-0.2544223368167877,-0.174665167927742,0.023188762366771698,29.415708541870117,1,0.0030552863609045744
114,2.2800000000000002,stand,0.0,0.0,0.0,0.3091709613800049,-0.026958052068948746,0.004166773054748774,0.000116519040602725,0.00039465606096200645,-0.8572886323532117,-2.2145518077064112,4,0,0,-0.0001157830047304742,1.3076070899842307e-05,-9.052940004039556e-05,2.2636995709035546e-05,-0.00039465606096200645,0.0,0.07748303562402725,0.18586325645446777,0.1632370501756668,0.023433685302734375,49.32592010498047,1,0.02109735831618309,0.15842247009277344,-0.18719638884067535,0.023254744708538055,46.55039978027344,1,0.015411637723445892,-0.3147570788860321,0.14770880341529846,0.022784754633903503,34.320194244384766,1,0.008230192586779594,-0.2544187009334564,-0.174666628241539,0.023188821971416473,29.415393829345703,1,0.0030561259482055902
115,2.3000000000000003,stand,0.0,0.0,0.0,0.3091714680194855,-0.026961330324411392,0.004166736733168364,0.00010921224748017266,0.00038241970469243824,-0.8573135518715117,-2.214615413843057,4,0,0,-0.00010842920164577663,1.3054618648311589e-05,-8.326355600729585e-05,2.2594937036046758e-05,-0.00038241970469243824,0.0,0.07748162746429443,0.18586516380310059,0.16323791444301605,0.023433730006217957,49.32468795776367,1,0.021096238866448402,0.15842603147029877,-0.18719571828842163,0.023254849016666412,46.552001953125,1,0.015403167344629765,-0.3147551715373993,0.14770713448524475,0.02278468757867813,34.32184600830078,1,0.008228964172303677,-0.2544151842594147,-0.17466798424720764,0.023188747465610504,29.415199279785156,1,0.003056776709854603
116,2.32,stand,0.0,0.0,0.0,0.30917200446128845,-0.026964440941810608,0.004166690167039633,0.00010213142377324402,0.000371062895283103,-0.8573359100688729,-2.214678379649468,4,0,0,-0.00010124794789589942,1.3404521268967073e-05,-7.6165801146999e-05,2.292598037456628e-05,-0.000371062895283103,0.0,0.07747989147901535,0.18586699664592743,0.1632387638092041,0.02343360334634781,49.32337951660156,1,0.021099865436553955,0.15842962265014648,-0.18719488382339478,0.023254774510860443,46.55160140991211,1,0.01540827751159668,-0.31475332379341125,0.147705540060997,0.022784702479839325,34.32307434082031,1,0.008223868906497955,-0.2544114887714386,-0.17466917634010315,0.02318873256444931,29.41522216796875,1,0.003052604617550969
117,2.34,stand,0.0,0.0,0.0,0.3091723620891571,-0.026967409998178482,0.004166647791862488,9.567427332513034e-05,0.00036034820368513465,-0.8573562939146772,-2.2147426261163483,4,0,0,-9.466421761317179e-05,1.3865489563613664e-05,-6.966212094994262e-05,2.3368425900116563e-05,-0.00036034820368513465,0.0,0.07747901976108551,0.18586860597133636,0.16323958337306976,0.023433804512023926,49.32133102416992,1,0.021084874868392944,0.1584327667951584,-0.18719419836997986,0.023254752159118652,46.55247497558594,1,0.01540815643966198,-0.31475168466567993,0.1477041095495224,0.022784598171710968,34.324039459228516,1,0.00822728406637907,-0.25440821051597595,-0.17467039823532104,0.023188762366771698,29.415353775024414,1,0.0030498437117785215
118,2.36,stand,0.0,0.0,0.0,0.3091728389263153,-0.02697024494409561,0.0041666217148303986,8.912134217098355e-05,0.0003509774396661669,-0.8573743298829541,-2.2148066591398172,4,0,0,-8.784561941865832e-05,1.5025322682049591e-05,-6.293042679317296e-05,2.450811371090822e-05,-0.0003509774396661669,0.0,0.07747803628444672,0.1858702301979065,0.1632404923439026,0.023433759808540344,49.31990051269531,1,0.02109391801059246,0.15843607485294342,-0.18719352781772614,0.023254983127117157,46.55279541015625,1,0.01540819089859724,-0.31475013494491577,0.1477026641368866,0.022784732282161713,34.32497024536133,1,0.00822976790368557,-0.2544051706790924,-0.17467163503170013,0.023188777267932892,29.414962768554688,1,0.003055976238101721
119,2.38,stand,0.0,0.0,0.0,0.30917322635650635,-0.026972951367497444,0.004166613798588514,8.303959475597367e-05,0.0003416764666326344,-0.8573862293531488,-2.214870692163286,4,0,0,-8.149596396833658e-05,1.5936804629745893e-05,-5.666196011588909e-05,2.540058812883217e-05,-0.0003416764666326344,0.0,0.07747714966535568,0.18587154150009155,0.16324131190776825,0.02343381941318512,49.319313049316406,1,0.021091390401124954,0.15843892097473145,-0.1871928572654724,0.023254983127117157,46.55255889892578,1,0.015401031821966171,-0.3147486746311188,0.14770129323005676,0.022784732282161713,34.32630157470703,1,0.00822401326149702,-0.25440242886543274,-0.17467261850833893,0.023188814520835876,29.414228439331055,1,0.0030548162758350372
120,2.4,stand,0.0,0.0,0.0,0.3091735541820526,-0.026975560933351517,0.004166615195572376,7.695597014389932e-05,0.0003306809812784195,-0.8573992494012541,-2.214935578960401,4,0,0,-7.519020437030122e-05,1.639068614167627e-05,-5.0432616262696683e-05,2.583696914371103e-05,-0.0003306809812784195,0.0,0.07747603207826614,0.1858731359243393,0.16324201226234436,0.023433737456798553,49.31961441040039,1,0.02109840326011181,0.15844185650348663,-0.18719227612018585,0.02325485646724701,46.5532341003418,1,0.015406534075737,-0.314747154712677,0.14769993722438812,0.022784695029258728,34.32670974731445,1,0.008230005390942097,-0.25439950823783875,-0.17467384040355682,0.023188643157482147,29.414579391479492,1,0.0030534546822309494
121,2.42,stand,0.0,0.0,0.0,0.3091738522052765,-0.02697800099849701,0.004166619386523962,7.186291622929275e-05,0.00032161606941372156,-0.857409067798186,-2.215000679200928,4,0,0,-6.979669706197456e-05,1.7108450265368447e-05,-4.5074357331031933e-05,2.6551624614512548e-05,-0.00032161606941372156,0.0,0.07747557759284973,0.1858743578195572,0.16324268281459808,0.023433752357959747,49.31804275512695,1,0.02107398211956024,0.15844440460205078,-0.18719163537025452,0.023254811763763428,46.55390930175781,1,0.015405461192131042,-0.3147457540035248,0.14769868552684784,0.022784695029258728,34.32814025878906,1,0.008229786530137062,-0.2543969750404358,-0.17467482388019562,0.023188821971416473,29.41482925415039,1,0.003052018117159605
122,2.44,stand,0.0,0.0,0.0,0.3091740906238556,-0.026980401948094368,0.004166643600910902,6.666369154118001e-05,0.00031325555755756795,-0.8574155244613858,-2.2150653525546313,4,0,0,-6.409413617802784e-05,1.8330021703150123e-05,-3.943654883187264e-05,2.7759675504057668e-05,-0.00031325555755756795,0.0,0.07747519761323929,0.18587571382522583,0.163243368268013,0.023433737456798553,49.3170051574707,1,0.021083712577819824,0.1584470123052597,-0.18719103932380676,0.02325495332479477,46.5531120300293,1,0.015406958758831024,-0.3147446811199188,0.14769743382930756,0.02278468757867813,34.328514099121094,1,0.008231311105191708,-0.2543942928314209,-0.17467573285102844,0.023188814520835876,29.413732528686523,1,0.0030582828912883997
123,2.46,stand,0.0,0.0,0.0,0.3091743588447571,-0.02698264643549919,0.0041666836477816105,6.159386975923553e-05,0.00030454111401923,-0.8574221945679972,-2.215130452795158,4,0,0,-5.864320701221004e-05,1.8835567971109413e-05,-3.404361996217631e-05,2.82533419522224e-05,-0.00030454111401923,0.0,0.07747487723827362,0.1858769655227661,0.1632441133260727,0.02343379706144333,49.318084716796875,1,0.02109616994857788,0.15844941139221191,-0.1871904879808426,0.023254871368408203,46.553531646728516,1,0.01539984904229641,-0.3147434592247009,0.14769616723060608,0.0227847620844841,34.329193115234375,1,0.008232258260250092,-0.2543919086456299,-0.17467671632766724,0.02318888157606125,29.41358184814453,1,0.0030541601590812206
124,2.48,stand,0.0,0.0,0.0,0.30917465686798096,-0.026984795928001404,0.004166710190474987,5.6996716011781245e-05,0.00029541278490796685,-0.8574252361366119,-2.2151953395922734,4,0,0,-5.3803432820132e-05,1.8810005713021383e-05,-2.9202863515820354e-05,2.823714748956263e-05,-0.00029541278490796685,0.0,0.07747448235750198,0.185878187417984,0.16324473917484283,0.023433946073055267,49.31813430786133,1,0.021085606887936592,0.15845173597335815,-0.18718983232975006,0.02325502038002014,46.554039001464844,1,0.015403485856950283,-0.3147422969341278,0.1476951241493225,0.02278478443622589,34.33083724975586,1,0.00822964683175087,-0.25438979268074036,-0.17467764019966125,0.023189060389995575,29.413164138793945,1,0.003064205404371023
125,2.5,stand,0.0,0.0,0.0,0.3091747462749481,-0.0269868616014719,0.004166760016232729,5.2773837524000555e-05,0.0002868940937332809,-0.8574261432711111,-2.2152604398327997,4,0,0,-4.9195921747013927e-05,1.9100765712209977e-05,-2.458914059388917e-05,2.8539099730551243e-05,-0.0002868940937332809,0.0,0.07747408747673035,0.18587905168533325,0.16324542462825775,0.023433640599250793,49.31745529174805,1,0.021093998104333878,0.15845412015914917,-0.18718940019607544,0.02325497567653656,46.554039001464844,1,0.015405857935547829,-0.3147413730621338,0.14769406616687775,0.02278468757867813,34.330509185791016,1,0.008239632472395897,-0.25438764691352844,-0.1746785044670105,0.023188792169094086,29.413616180419922,1,0.00305570219643414
126,2.52,stand,0.0,0.0,0.0,0.30917492508888245,-0.02698882669210434,0.004166800063103437,4.885181624558754e-05,0.00027983615291304886,-0.8574309457478713,-2.2153259669601497,4,0,0,-4.482993244891986e-05,1.941075242939405e-05,-2.0210880393278785e-05,2.8862245017080568e-05,-0.00027983615291304886,0.0,0.07747416198253632,0.18588018417358398,0.16324591636657715,0.0234338641166687,49.31699752807617,1,0.021086134016513824,0.15845614671707153,-0.18718886375427246,0.0232551246881485,46.55460739135742,1,0.01540082972496748,-0.31474021077156067,0.14769288897514343,0.022784754633903503,34.331146240234375,1,0.008235092274844646,-0.2543855309486389,-0.17467951774597168,0.02318904548883438,29.4134521484375,1,0.003065316705033183
127,2.54,stand,0.0,0.0,0.0,0.309175044298172,-0.026990719139575958,0.004166834056377411,4.445650483830832e-05,0.00026501165120862424,-0.8574322264083406,-2.215390853757265,4,0,0,-3.9941660361364484e-05,1.952036291186232e-05,-1.5356981748482212e-05,2.8967840989935212e-05,-0.00026501165120862424,0.0,0.07747536152601242,0.18588082492351532,0.1632465422153473,0.023433886468410492,49.31507873535156,1,0.021086951717734337,0.1584579199552536,-0.18718843162059784,0.023255065083503723,46.5543212890625,1,0.01541005540639162,-0.3147393763065338,0.1476919949054718,0.022784873843193054,34.33106994628906,1,0.008241639472544193,-0.25438347458839417,-0.17468015849590302,0.023190036416053772,29.445642471313477,1,0.0028862599283456802
128,2.56,stand,0.0,0.0,0.0,0.3091752529144287,-0.026992518454790115,0.004166924394667149,4.231066850479692e-05,0.00026423120289109647,-0.8573787054728912,-2.215449764138856,4,0,0,-3.559310789569281e-05,2.2876263756188564e-05,-1.1383646778995171e-05,3.218873098376207e-05,-0.00026423120289109647,0.0,0.07747460156679153,0.18588194251060486,0.16324734687805176,0.02343393862247467,49.309844970703125,1,0.02108486369252205,0.15846014022827148,-0.18718773126602173,0.023255065083503723,46.55337142944336,1,0.01540380623191595,-0.31473860144615173,0.14769130945205688,0.02278466522693634,34.331119537353516,1,0.008243467658758163,-0.2543817162513733,-0.174680694937706,0.023189924657344818,29.446264266967773,1,0.002888030605390668
129,2.58,stand,0.0,0.0,0.0,0.3091752827167511,-0.0269942469894886,0.004167087376117706,4.093359530088492e-05,0.00026188549236394465,-0.8572926877780314,-2.215504619095628,4,0,0,-3.1404146284330636e-05,2.625526030897163e-05,-7.533124062319985e-06,3.544637365848757e-05,-0.00026188549236394465,0.0,0.07747454196214676,0.1858828216791153,0.16324816644191742,0.02343379706144333,49.31040954589844,1,0.02108539082109928,0.15846194326877594,-0.18718697130680084,0.023255161941051483,46.55405807495117,1,0.015408959239721298,-0.31473761796951294,0.14769062399864197,0.02278464287519455,34.331546783447266,1,0.008244592696428299,-0.25438010692596436,-0.17468129098415375,0.023189827799797058,29.44536781311035,1,0.002893720054998994
130,2.6,stand,0.0,0.0,0.0,0.30917519330978394,-0.02699592337012291,0.0041673267260193825,4.111456291866489e-05,0.00027080331346951425,-0.8571760409536122,-2.215554351410522,4,0,0,-2.8610380468307994e-05,2.9527165679610334e-05,-4.886799160885857e-06,3.8667716580675915e-05,-0.00027080331346951425,0.0,0.0774746835231781,0.18588373064994812,0.16324909031391144,0.023433983325958252,49.31170654296875,1,0.02108297124505043,0.15846410393714905,-0.18718601763248444,0.02325531840324402,46.554176330566406,1,0.015401608310639858,-0.31473666429519653,0.14768995344638824,0.022784695029258728,34.332210540771484,1,0.00825161300599575,-0.2543780207633972,-0.17468176782131195,0.023189827799797058,29.429752349853516,1,0.0029000137001276016
131,2.62,stand,0.0,0.0,0.0,0.30917513370513916,-0.026997551321983337,0.004167592152953148,3.996930900029838e-05,0.0002691605477593839,-0.8570851140602864,-2.2156077122634126,4,0,0,-2.5578243366908282e-05,3.0713174055563286e-05,-1.8827529402187793e-06,3.9848502638051286e-05,-0.0002691605477593839,0.0,0.07747510820627213,0.18588456511497498,0.16325004398822784,0.023433908820152283,49.314491271972656,1,0.021090859547257423,0.1584656834602356,-0.18718528747558594,0.023255057632923126,46.55510330200195,1,0.015406153164803982,-0.3147362470626831,0.14768923819065094,0.02278464287519455,34.33277893066406,1,0.008256757631897926,-0.25437602400779724,-0.17468225955963135,0.023189812898635864,29.428646087646484,1,0.002899794839322567
132,2.64,stand,0.0,0.0,0.0,0.3091751039028168,-0.02699907310307026,0.0041678668931126595,3.790049595409073e-05,0.00025411133538000286,-0.8570310595163082,-2.215643143869732,4,0,0,-2.23129682126455e-05,3.063623807975091e-05,1.399360144205275e-06,3.978371023549698e-05,-0.00025411133538000286,0.0,0.07747531682252884,0.18588511645793915,0.16325058043003082,0.023434042930603027,49.31486511230469,1,0.021089425310492516,0.15846756100654602,-0.18718482553958893,0.023255184292793274,46.55448913574219,1,0.015413799323141575,-0.3147355020046234,0.14768831431865692,0.022784650325775146,34.334171295166016,1,0.008244533091783524,-0.25437429547309875,-0.17468304932117462,0.023189857602119446,29.443689346313477,1,0.002887553535401821
133,2.66,stand,0.0,0.0,0.0,0.3091751039028168,-0.02700056880712509,0.004168153740465641,3.756064688786864e-05,0.0002533655206207186,-0.856963291233137,-2.2156986391567384,4,0,0,-1.9728402548935264e-05,3.196235775249079e-05,4.029846422781702e-06,4.1132727346848696e-05,-0.0002533655206207186,0.0,0.07747569680213928,0.18588583171367645,0.16325141489505768,0.023433946073055267,49.31205368041992,1,0.021082866936922073,0.15846917033195496,-0.1871841996908188,0.02325526624917984,46.554656982421875,1,0.015406855382025242,-0.3147347569465637,0.14768734574317932,0.022784635424613953,34.334625244140625,1,0.008252558298408985,-0.2543725073337555,-0.17468370497226715,0.02318989485502243,29.429471969604492,1,0.0028980972710996866
134,2.68,stand,0.0,0.0,0.0,0.309175044298172,-0.027001984417438507,0.0041684540919959545,3.638385169324465e-05,0.0002480982802808285,-0.8569005388701374,-2.215754988217391,4,0,0,-1.6840642274473794e-05,3.225178079446778e-05,6.980063972150674e-06,4.145131606492214e-05,-0.0002480982802808285,0.0,0.07747641950845718,0.1858862340450287,0.1632518619298935,0.02343389391899109,49.31377410888672,1,0.021076755598187447,0.15847064554691315,-0.18718361854553223,0.02325524389743805,46.55448913574219,1,0.015400005504488945,-0.31473416090011597,0.14768660068511963,0.02278468757867813,34.33457946777344,1,0.008261223323643208,-0.2543712258338928,-0.17468437552452087,0.023189932107925415,29.428709030151367,1,0.002896638587117195
135,2.7,stand,0.0,0.0,0.0,0.3091750144958496,-0.027003362774848938,0.0041687339544296265,3.3679360058158636e-05,0.0002275296428706497,-0.8568853843879165,-2.2157748384546667,4,0,0,-1.2827833415940404e-05,3.1140745704760775e-05,1.100075041904347e-05,4.035019810544327e-05,-0.0002275296428706497,0.0,0.07747670263051987,0.18588699400424957,0.16325215995311737,0.023433849215507507,49.3138427734375,1,0.0210841316729784,0.1584721952676773,-0.18718348443508148,0.023255258798599243,46.55426025390625,1,0.015400867909193039,-0.3147334158420563,0.14768563210964203,0.0227847620844841,34.33639907836914,1,0.008244677446782589,-0.2543695569038391,-0.1746850609779358,0.023189984261989594,29.443681716918945,1,0.002888426184654236
136,2.72,stand,0.0,0.0,0.0,0.30917492508888245,-0.027004661038517952,0.004168995656073093,3.306622602394782e-05,0.00022705868468619883,-0.8568415751276932,-2.215790633267122,4,0,0,-1.0238462891720701e-05,3.144120273645967e-05,1.366013748338446e-05,4.068256021128036e-05,-0.00022705868468619883,0.0,0.07747600227594376,0.18588782846927643,0.16325266659259796,0.023433811962604523,49.31269836425781,1,0.021088531240820885,0.15847383439540863,-0.18718302249908447,0.023255199193954468,46.55449676513672,1,0.015397063456475735,-0.31473276019096375,0.14768490195274353,0.022784851491451263,34.33734893798828,1,0.008247461169958115,-0.2543680965900421,-0.17468571662902832,0.023188970983028412,29.4148006439209,1,0.003060923656448722
137,2.74,stand,0.0,0.0,0.0,0.30917492508888245,-0.027005868032574654,0.004169221501797438,2.9302475013537332e-05,0.0002116135583491996,-0.8568478717083343,-2.2158563738378834,4,0,0,-6.738563570252154e-06,2.851713179552462e-05,1.7512276826892048e-05,3.789916809182614e-05,-0.0002116135583491996,0.0,0.07747656852006912,0.18588824570178986,0.16325289011001587,0.02343393862247467,49.316917419433594,1,0.02108650654554367,0.1584748476743698,-0.1871829330921173,0.023255154490470886,46.55573272705078,1,0.01539356354624033,-0.3147321045398712,0.1476840376853943,0.022784769535064697,34.3377799987793,1,0.00824990589171648,-0.25436684489250183,-0.17468644678592682,0.023188918828964233,29.411006927490234,1,0.003055249573662877
138,2.7600000000000002,stand,0.0,0.0,0.0,0.3091752827167511,-0.02700701728463173,0.004169370513409376,2.575775761215482e-05,0.00020004052203148603,-0.8568910939991757,-2.2159270236071107,4,0,0,-3.543683533280273e-06,2.5512828869977966e-05,2.1068210116936825e-05,3.503866901155561e-05,-0.00020004052203148603,0.0,0.07747653871774673,0.18588869273662567,0.16325293481349945,0.02343396097421646,49.316650390625,1,0.02109033241868019,0.15847602486610413,-0.18718299269676208,0.023255392909049988,46.55413818359375,1,0.015398439951241016,-0.3147318363189697,0.14768317341804504,0.022784844040870667,34.339115142822266,1,0.008245057426393032,-0.2543657422065735,-0.17468729615211487,0.02318914234638214,29.411510467529297,1,0.003059503622353077
139,2.7800000000000002,stand,0.0,0.0,0.0,0.3091756999492645,-0.02700808085501194,0.0041694603860378265,2.2578557036467828e-05,0.00019135272304993123,-0.8569430141090385,-2.2159985271499845,4,0,0,-8.072022978922178e-07,2.256412335555069e-05,2.402601057838183e-05,3.2178992114495486e-05,-0.00019135272304993123,0.0,0.07747591286897659,0.18588900566101074,0.1632527858018875,0.023433871567249298,49.31517791748047,1,0.02108164131641388,0.15847700834274292,-0.18718305230140686,0.02325531095266342,46.553253173828125,1,0.015398659743368626,-0.3147313594818115,0.1476823091506958,0.022784754633903503,34.338523864746094,1,0.008247343823313713,-0.254364937543869,-0.17468798160552979,0.023188963532447815,29.411754608154297,1,0.0030516572296619415
140,2.8000000000000003,stand,0.0,0.0,0.0,0.30917617678642273,-0.027009127661585808,0.0041694920510053635,2.0325885998317972e-05,0.00018644034571480006,-0.8569926397022268,-2.216070457579681,4,0,0,1.7370316527376417e-06,2.025152753049042e-05,2.6676900233724155e-05,2.991118344652932e-05,-0.00018644034571480006,0.0,0.07747513055801392,0.18588924407958984,0.16325293481349945,0.023433908820152283,49.31273651123047,1,0.021089967340230942,0.15847788751125336,-0.18718314170837402,0.023255273699760437,46.55341339111328,1,0.015400457195937634,-0.3147311508655548,0.14768148958683014,0.022784776985645294,34.338279724121094,1,0.008251228369772434,-0.2543640434741974,-0.17468872666358948,0.023188941180706024,29.411802291870117,1,0.003055702429264784
141,2.82,stand,0.0,0.0,0.0,0.30917662382125854,-0.027010086923837662,0.00416948739439249,1.8968572476296686e-05,0.00018401606939733028,-0.8570370359318319,-2.2161406804620856,4,0,0,4.186736532574287e-06,1.8500755686545745e-05,2.9125654691597447e-05,2.8163804017822258e-05,-0.00018401606939733028,0.0,0.07747437059879303,0.18588966131210327,0.16325286030769348,0.02343396097421646,49.31252670288086,1,0.021091200411319733,0.158478781580925,-0.18718314170837402,0.02325528860092163,46.553863525390625,1,0.015394922345876694,-0.31473076343536377,0.1476808488368988,0.022784888744354248,34.33794403076172,1,0.008252349682152271,-0.25436320900917053,-0.17468926310539246,0.02318897843360901,29.411046981811523,1,0.003062869654968381
142,2.84,stand,0.0,0.0,0.0,0.30917713046073914,-0.027011066675186157,0.004169452469795942,1.800024983822368e-05,0.00018354927306063473,-0.8570665444834805,-2.2162094092406086,4,0,0,6.114179086580407e-06,1.6930027413764037e-05,3.1007301004137844e-05,2.6578072720440105e-05,-0.00018354927306063473,0.0,0.0774744302034378,0.1858900636434555,0.163253054022789,0.02343389391899109,49.31159210205078,1,0.02107718586921692,0.158479705452919,-0.18718284368515015,0.023255236446857452,46.55356216430664,1,0.015396139584481716,-0.31473031640052795,0.14768023788928986,0.022784799337387085,34.338436126708984,1,0.008245306089520454,-0.25436240434646606,-0.1746896356344223,0.023189909756183624,29.428752899169922,1,0.002889147726818919
143,2.86,stand,0.0,0.0,0.0,0.3091775178909302,-0.027012011036276817,0.004169429652392864,1.9454646462691016e-05,0.00019400837481953204,-0.8570518168880826,-2.21625060381904,4,0,0,7.026621915429132e-06,1.8141385226044804e-05,3.1599662179360166e-05,2.7668142138281837e-05,-0.00019400837481953204,0.0,0.07747352868318558,0.1858905702829361,0.1632535457611084,0.023434020578861237,49.307716369628906,1,0.021088074892759323,0.15848062932491302,-0.18718263506889343,0.023255296051502228,46.552734375,1,0.015394026413559914,-0.3147299587726593,0.14767979085445404,0.022784769535064697,34.3372802734375,1,0.008255330845713615,-0.2543615400791168,-0.17469005286693573,0.023190051317214966,29.428110122680664,1,0.0028949277475476265
144,2.88,stand,0.0,0.0,0.0,0.3091776669025421,-0.027012906968593597,0.00416941661387682,2.0580198906827718e-05,0.00019312034419272095,-0.8570232154709332,-2.2162474021678666,4,0,0,8.752275789447594e-06,1.8626386008691043e-05,3.2925843697739765e-05,2.800229594868142e-05,-0.00019312034419272095,0.0,0.07747261226177216,0.1858910173177719,0.16325417160987854,0.02343405783176422,49.307395935058594,1,0.021080296486616135,0.1584818810224533,-0.18718209862709045,0.023255199193954468,46.55280685424805,1,0.015394270420074463,-0.3147295415401459,0.14767950773239136,0.02278473973274231,34.33684539794922,1,0.008253360167145729,-0.2543603479862213,-0.1746903359889984,0.023189939558506012,29.428064346313477,1,0.002894957782700658
145,2.9,stand,0.0,0.0,0.0,0.3091777563095093,-0.027013778686523438,0.004169431049376726,2.1892021322855726e-05,0.00018582474149297923,-0.856995948075106,-2.216201511834381,4,0,0,1.0649651812855154e-05,1.912708830786869e-05,3.449223004281521e-05,2.8379181458149105e-05,-0.00018582474149297923,0.0,0.07747206836938858,0.1858917623758316,0.163254514336586,0.023433901369571686,49.308250427246094,1,0.02108040265738964,0.15848304331302643,-0.18718165159225464,0.023255273699760437,46.553741455078125,1,0.015399075113236904,-0.3147287964820862,0.14767895638942719,0.02278481423854828,34.33659744262695,1,0.008253499865531921,-0.2543589174747467,-0.17469069361686707,0.023190133273601532,29.441696166992188,1,0.0028891279362142086
146,2.92,stand,0.0,0.0,0.0,0.3091776669025421,-0.027014605700969696,0.004169465973973274,2.437345392536372e-05,0.0001850383123382926,-0.8569520854540299,-2.216154127397014,4,0,0,1.2401426829455886e-05,2.0982608475605957e-05,3.602490323828533e-05,3.0154727937770076e-05,-0.0001850383123382926,0.0,0.07747144997119904,0.18589241802692413,0.1632550060749054,0.023433923721313477,49.30782699584961,1,0.021081628277897835,0.15848445892333984,-0.18718115985393524,0.02325534075498581,46.55482482910156,1,0.015401151031255722,-0.31472790241241455,0.1476786881685257,0.022784635424613953,34.338462829589844,1,0.008242812007665634,-0.25435754656791687,-0.17469097673892975,0.023190006613731384,29.428295135498047,1,0.002901599509641528
147,2.94,stand,0.0,0.0,0.0,0.3091774582862854,-0.027015406638383865,0.004169510677456856,2.593566387076862e-05,0.000181536641321145,-0.8569148395787122,-2.216128727631038,4,0,0,1.3847289665136486e-05,2.1929688955424353e-05,3.739284511539154e-05,3.1075072911335155e-05,-0.000181536641321145,0.0,0.07747174054384232,0.18589308857917786,0.1632554680109024,0.023433923721313477,49.309486389160156,1,0.021085282787680626,0.1584855318069458,-0.18718066811561584,0.02325522154569626,46.555660247802734,1,0.015394550748169422,-0.3147275149822235,0.14767834544181824,0.02278481423854828,34.33937072753906,1,0.008248412050306797,-0.2543562948703766,-0.1746911108493805,0.023190103471279144,29.428001403808594,1,0.002896639285609126
148,2.96,stand,0.0,0.0,0.0,0.3091772198677063,-0.0270161684602499,0.004169573541730642,2.7190884793526493e-05,0.0001775872806319967,-0.8568912007208815,-2.216127233527157,4,0,0,1.526447886135429e-05,2.2501997591461986e-05,3.8825681258458644e-05,3.1656516512157395e-05,-0.0001775872806319967,0.0,0.07747215032577515,0.1858934909105301,0.16325591504573822,0.023433804512023926,49.31052780151367,1,0.021087950095534325,0.15848639607429504,-0.18718041479587555,0.023255251348018646,46.55562973022461,1,0.015399501658976078,-0.31472694873809814,0.14767791330814362,0.02278481423854828,34.338741302490234,1,0.008256889879703522,-0.25435560941696167,-0.17469137907028198,0.02318991720676422,29.428422927856445,1,0.0028963929507881403
149,2.98,stand,0.0,0.0,0.0,0.30917713046073914,-0.027016909793019295,0.004169650375843048,2.8172316888230853e-05,0.0001771546812960878,-0.8568692694103435,-2.2161255259798645,4,0,0,1.6156544006662443e-05,2.307911381649319e-05,3.9803373510949314e-05,3.2268781069433317e-05,-0.0001771546812960878,0.0,0.07747156918048859,0.18589404225349426,0.16325607895851135,0.023433931171894073,49.309574127197266,1,0.021087108179926872,0.1584874540567398,-0.18718019127845764,0.023255281150341034,46.55615234375,1,0.01540073286741972,-0.31472665071487427,0.14767751097679138,0.02278488129377365,34.339012145996094,1,0.008267657831311226,-0.2543546259403229,-0.1746918112039566,0.023188911378383636,29.409542083740234,1,0.0030647721141576767
150,3.0,stand,0.0,0.0,0.0,0.309177041053772,-0.0270176250487566,0.004169701598584652,2.8262782507226802e-05,0.0001641315029701218,-0.8568970170538467,-2.2161737641908776,4,0,0,1.8220092897536233e-05,2.1605857909889892e-05,4.217263267491944e-05,3.091682447120547e-05,-0.0001641315029701218,0.0,0.07747228443622589,0.18589431047439575,0.16325612366199493,0.023433886468410492,49.312408447265625,1,0.02107197791337967,0.15848800539970398,-0.18718023598194122,0.023255296051502228,46.556949615478516,1,0.015392939560115337,-0.3147262632846832,0.1476769596338272,0.022784799337387085,34.34033203125,1,0.008259404450654984,-0.2543541491031647,-0.17469222843647003,0.023189008235931396,29.410289764404297,1,0.003054108703508973
151,3.02,stand,0.0,0.0,0.0,0.30917713046073914,-0.027018286287784576,0.004169709514826536,2.8889990062452853e-05,0.00014633203682024032,-0.8569450418214483,-2.216245267733751,4,0,0,2.0823810700676404e-05,2.0024994228151627e-05,4.504139724303968e-05,2.9442677259794436e-05,-0.00014633203682024032,0.0,0.07747369259595871,0.18589438498020172,0.16325615346431732,0.02343393862247467,49.312259674072266,1,0.021076327189803123,0.1584887057542801,-0.18718020617961884,0.023255303502082825,46.556602478027344,1,0.015391218475997448,-0.3147263526916504,0.14767645299434662,0.022784776985645294,34.340660095214844,1,0.0082579106092453,-0.2543538212776184,-0.17469266057014465,0.02319008857011795,29.4434757232666,1,0.0028876017313450575
152,3.04,stand,0.0,0.0,0.0,0.3091772794723511,-0.027018936350941658,0.004169738385826349,3.097738226642832e-05,0.00015494598483201116,-0.8569355969504866,-2.216311221747924,4,0,0,2.171370761061553e-05,2.2093283405411057e-05,4.5896835217718035e-05,3.150069824187085e-05,-0.00015494598483201116,0.0,0.07747354358434677,0.18589454889297485,0.16325643658638,0.023433946073055267,49.30519485473633,1,0.021081238985061646,0.15848912298679352,-0.18717999756336212,0.023255325853824615,46.55488204956055,1,0.015389141626656055,-0.31472596526145935,0.14767605066299438,0.02278478443622589,34.340614318847656,1,0.008258460089564323,-0.25435304641723633,-0.1746930032968521,0.0231899693608284,29.429943084716797,1,0.002891342155635357
153,3.06,stand,0.0,0.0,0.0,0.30917733907699585,-0.027019532397389412,0.004169808700680733,3.284155172877945e-05,0.00015530557720921934,-0.8569040073255754,-2.2162871026424176,4,0,0,2.339820275665261e-05,2.3045424313750118e-05,4.7393812565132976e-05,3.2384305086452514e-05,-0.00015530557720921934,0.0,0.07747340202331543,0.18589487671852112,0.16325674951076508,0.023433834314346313,49.30748748779297,1,0.021080542355775833,0.15848980844020844,-0.1871798187494278,0.023255281150341034,46.555091857910156,1,0.015404355712234974,-0.3147256374359131,0.14767596125602722,0.02278495579957962,34.34001922607422,1,0.00825366098433733,-0.25435253977775574,-0.17469312250614166,0.023190155625343323,29.441802978515625,1,0.002888475777581334
154,3.08,stand,0.0,0.0,0.0,0.30917733907699585,-0.027020113542675972,0.004169908817857504,3.5096418287139386e-05,0.0001497672637924552,-0.8568762063212193,-2.21626426419738,4,0,0,2.5246716177207418e-05,2.4379542082897387e-05,4.905364039586857e-05,3.365010707057081e-05,-0.0001497672637924552,0.0,0.07747301459312439,0.18589544296264648,0.1632569581270218,0.02343372255563736,49.307212829589844,1,0.02107708901166916,0.1584906280040741,-0.1871795356273651,0.023255281150341034,46.555294036865234,1,0.015398013405501842,-0.31472495198249817,0.14767560362815857,0.022785022854804993,34.33980178833008,1,0.008255536668002605,-0.2543516755104065,-0.17469339072704315,0.023190222680568695,29.442718505859375,1,0.002887087408453226
155,3.1,stand,0.0,0.0,0.0,0.30917733907699585,-0.02702065370976925,0.004170022439211607,3.731407559826039e-05,0.0001455816236557439,-0.8568436028401031,-2.2162625566500878,4,0,0,2.708781357796397e-05,2.5663017368060537e-05,5.076481829746626e-05,3.48877911164891e-05,-0.0001455816236557439,0.0,0.07747267186641693,0.18589577078819275,0.16325728595256805,0.023433946073055267,49.3063850402832,1,0.02108186110854149,0.1584915816783905,-0.18717925250530243,0.02325526624917984,46.55634307861328,1,0.015396485105156898,-0.3147246539592743,0.1476752907037735,0.02278488129377365,34.34025192260742,1,0.008256741799414158,-0.2543506622314453,-0.1746934950351715,0.023190006613731384,29.443008422851562,1,0.002884443150833249
156,3.12,stand,0.0,0.0,0.0,0.3091772198677063,-0.02702118456363678,0.004170168656855822,3.891781670972705e-05,0.00016055589367169887,-0.8567939772469146,-2.216193614428153,4,0,0,2.7266438337392174e-05,2.7769368898589164e-05,5.0975166232092306e-05,3.700820161611773e-05,-0.00016055589367169887,0.0,0.07747133076190948,0.1858963668346405,0.16325773298740387,0.023433774709701538,49.30687713623047,1,0.021089287474751472,0.15849240124225616,-0.18717902898788452,0.023255228996276855,46.556846618652344,1,0.015399792231619358,-0.31472405791282654,0.14767511188983917,0.02278481423854828,34.341609954833984,1,0.008247725665569305,-0.25434982776641846,-0.1746937483549118,0.023189060389995575,29.412979125976562,1,0.003059813752770424
157,3.14,stand,0.0,0.0,0.0,0.3091771602630615,-0.027021657675504684,0.004170295782387257,3.915672641596757e-05,0.00014442337851505727,-0.8568131337931024,-2.216219014194129,4,0,0,2.9550194085459225e-05,2.569115167716518e-05,5.3552812460111454e-05,3.5046698030782863e-05,-0.00014442337851505727,0.0,0.07747284322977066,0.18589664995670319,0.16325749456882477,0.02343389391899109,49.31270980834961,1,0.02108042687177658,0.15849296748638153,-0.1871790587902069,0.023255184292793274,46.55784606933594,1,0.015388122759759426,-0.31472402811050415,0.147674560546875,0.022784851491451263,34.342254638671875,1,0.008250781334936619,-0.25434914231300354,-0.17469416558742523,0.02319011092185974,29.423063278198242,1,0.002903958549723029
158,3.16,stand,0.0,0.0,0.0,0.3091772794723511,-0.027022115886211395,0.004170397762209177,3.934720371034928e-05,0.0001354798296233639,-0.8568366125683744,-2.216245481177163,4,0,0,3.07513982988894e-05,2.4546976419514976e-05,5.479961328092031e-05,3.3921860449481755e-05,-0.0001354798296233639,0.0,0.07747289538383484,0.18589681386947632,0.16325750946998596,0.023433856666088104,49.30875778198242,1,0.021083546802401543,0.15849341452121735,-0.18717902898788452,0.023255273699760437,46.556373596191406,1,0.01538864430040121,-0.3147236704826355,0.14767415821552277,0.022784985601902008,34.34204864501953,1,0.008253582753241062,-0.2543486952781677,-0.17469458281993866,0.023190177977085114,29.44264793395996,1,0.002883518347516656
159,3.18,stand,0.0,0.0,0.0,0.30917730927467346,-0.0270225889980793,0.004170500207692385,4.0617571357870474e-05,0.00014200113946571946,-0.8568159085574527,-2.2162885967462986,4,0,0,3.137002568109892e-05,2.5801327865337953e-05,5.538377081393264e-05,3.516475044307299e-05,-0.00014200113946571946,0.0,0.07747295498847961,0.18589696288108826,0.16325761377811432,0.023433931171894073,49.306549072265625,1,0.021080832928419113,0.15849372744560242,-0.18717904388904572,0.023255452513694763,46.55491256713867,1,0.015396066009998322,-0.3147237002849579,0.14767393469810486,0.022784844040870667,34.34233856201172,1,0.008257386274635792,-0.2543485164642334,-0.17469482123851776,0.023189954459667206,29.428693771362305,1,0.002900597872212529
160,3.2,stand,0.0,0.0,0.0,0.30917736887931824,-0.027023009955883026,0.004170626401901245,4.140165765420534e-05,0.00014403968816623092,-0.8567875739445678,-2.216286462312183,4,0,0,3.222847590222955e-05,2.5988892957684584e-05,5.620307274512015e-05,3.533881681505591e-05,-0.00014403968816623092,0.0,0.07747285813093185,0.18589696288108826,0.16325798630714417,0.023433923721313477,49.30779266357422,1,0.021085087209939957,0.15849432349205017,-0.18717877566814423,0.023255392909049988,46.55522537231445,1,0.015394493006169796,-0.31472352147102356,0.1476736068725586,0.022784866392612457,34.341434478759766,1,0.008261911571025848,-0.25434809923171997,-0.17469492554664612,0.023190096020698547,29.4228515625,1,0.0029071299359202385
161,3.22,stand,0.0,0.0,0.0,0.3091773986816406,-0.027023423463106155,0.00417072931304574,4.179623647360131e-05,0.00013436804874800146,-0.8567924297821808,-2.2163110083045123,4,0,0,3.354834552737884e-05,2.4928578568506055e-05,5.745496673625894e-05,3.425406612223014e-05,-0.00013436804874800146,0.0,0.07747282087802887,0.18589726090431213,0.163257896900177,0.023433908820152283,49.30868148803711,1,0.02107860893011093,0.15849468111991882,-0.1871788650751114,0.0232553631067276,46.55513000488281,1,0.015398271381855011,-0.3147231936454773,0.1476733386516571,0.022784680128097534,34.34156036376953,1,0.008258268237113953,-0.2543475031852722,-0.1746952086687088,0.02319008857011795,29.442420959472656,1,0.0028862236067652702
162,3.24,stand,0.0,0.0,0.0,0.3091773986816406,-0.027023812755942345,0.0041708434000611305,4.266848191036843e-05,0.0001392489211866632,-0.8567710320801717,-2.2163103679742777,4,0,0,3.399072011234239e-05,2.579206193331629e-05,5.786880501545966e-05,3.510789974825457e-05,-0.0001392489211866632,0.0,0.07747291773557663,0.18589751422405243,0.16325800120830536,0.0234338641166687,49.30731201171875,1,0.0210773553699255,0.15849529206752777,-0.18717868626117706,0.023255325853824615,46.556236267089844,1,0.015400286763906479,-0.31472310423851013,0.1476730853319168,0.022784844040870667,34.34149169921875,1,0.008261491544544697,-0.25434693694114685,-0.1746954321861267,0.02319004386663437,29.428403854370117,1,0.0028944166842848063
163,3.2600000000000002,stand,0.0,0.0,0.0,0.3091774582862854,-0.02702418714761734,0.00417097145691514,4.271130819688551e-05,0.00014376673789229244,-0.8567349067827646,-2.2162860354253597,4,0,0,3.394229497644119e-05,2.592636337794829e-05,5.788634007330984e-05,3.526745058479719e-05,-0.00014376673789229244,0.0,0.07747236639261246,0.185897558927536,0.1632583886384964,0.023433923721313477,49.308101654052734,1,0.02108064666390419,0.15849587321281433,-0.18717846274375916,0.023255370557308197,46.55549240112305,1,0.015401121228933334,-0.31472277641296387,0.1476728618144989,0.02278483659029007,34.34184265136719,1,0.008257856592535973,-0.25434646010398865,-0.17469562590122223,0.0231899693608284,29.426197052001953,1,0.0029005398973822594
164,3.2800000000000002,stand,0.0,0.0,0.0,0.3091774582862854,-0.027024567127227783,0.004171086475253105,4.328237264417112e-05,0.00013600970851257443,-0.8567262089637434,-2.216286462312183,4,0,0,3.506412758724764e-05,2.5374603865202516e-05,5.8967911172658205e-05,3.470192677923478e-05,-0.00013600970851257443,0.0,0.07747252285480499,0.18589812517166138,0.1632584035396576,0.023433998227119446,49.308467864990234,1,0.02108287438750267,0.15849627554416656,-0.18717844784259796,0.023255355656147003,46.555294036865234,1,0.015398290008306503,-0.31472253799438477,0.14767254889011383,0.022784791886806488,34.34141159057617,1,0.008260991424322128,-0.25434595346450806,-0.17469580471515656,0.023190192878246307,29.441287994384766,1,0.002886795671656728
165,3.3000000000000003,stand,0.0,0.0,0.0,0.309177428483963,-0.027024928480386734,0.004171200096607208,4.451085260370746e-05,0.000126190745504573,-0.8567131889156381,-2.2163086604269853,4,0,0,3.6510362406261265e-05,2.5459958123974502e-05,6.03286134719383e-05,3.47570312442258e-05,-0.000126190745504573,0.0,0.07747306674718857,0.18589812517166138,0.1632583737373352,0.023433983325958252,49.306095123291016,1,0.021076148375868797,0.15849681198596954,-0.1871783286333084,0.023255467414855957,46.55498123168945,1,0.015401819720864296,-0.3147225081920624,0.1476723849773407,0.022784918546676636,34.342491149902344,1,0.008260334841907024,-0.2543456554412842,-0.17469601333141327,0.02319016307592392,29.443056106567383,1,0.0028841833118349314
166,3.3200000000000003,stand,0.0,0.0,0.0,0.30917736887931824,-0.027025256305933,0.004171311389654875,4.631669071386568e-05,0.00012242762022651732,-0.8566856013546936,-2.2163291509944956,4,0,0,3.809950067079626e-05,2.633749863889534e-05,6.18407066212967e-05,3.560836557880975e-05,-0.00012242762022651732,0.0,0.07747307419776917,0.18589839339256287,0.1632586419582367,0.023434005677700043,49.306827545166016,1,0.021092528477311134,0.15849700570106506,-0.1871781349182129,0.023255333304405212,46.55521011352539,1,0.015391726046800613,-0.3147222697734833,0.14767217636108398,0.022784724831581116,34.34286880493164,1,0.008257048204541206,-0.25434523820877075,-0.17469610273838043,0.023190081119537354,29.44279670715332,1,0.002889234572649002
167,3.34,stand,0.0,0.0,0.0,0.30917730927467346,-0.02702554501593113,0.004171445500105619,4.730557702714577e-05,0.00011981406714767218,-0.8566620692185688,-2.216307166323104,4,0,0,3.9142207242548466e-05,2.6565114239929244e-05,6.287489668466151e-05,3.583485522540286e-05,-0.00011981406714767218,0.0,0.07747314870357513,0.18589861690998077,0.16325883567333221,0.023434005677700043,49.30778121948242,1,0.02108478732407093,0.1584974229335785,-0.18717816472053528,0.02325531840324402,46.55509948730469,1,0.015393543988466263,-0.31472206115722656,0.14767201244831085,0.022784918546676636,34.34185791015625,1,0.008267016150057316,-0.2543450593948364,-0.17469629645347595,0.023190155625343323,29.442258834838867,1,0.0028886881191283464
168,3.36,stand,0.0,0.0,0.0,0.30917733907699585,-0.027025803923606873,0.004171576350927353,4.831567275687121e-05,0.00011896471551153809,-0.8566407782382653,-2.2163075932099274,4,0,0,4.011939381598495e-05,2.6922823963104747e-05,6.385380402207375e-05,3.619528797571547e-05,-0.00011896471551153809,0.0,0.07747311145067215,0.18589870631694794,0.16325882077217102,0.023433983325958252,49.3073616027832,1,0.02108239382505417,0.15849792957305908,-0.18717800080776215,0.02325550466775894,46.5565185546875,1,0.015397859737277031,-0.31472182273864746,0.14767184853553772,0.022784903645515442,34.3419189453125,1,0.008262895047664642,-0.2543444037437439,-0.17469647526741028,0.023190200328826904,29.442161560058594,1,0.002882659202441573
169,3.38,stand,0.0,0.0,0.0,0.3091772794723511,-0.027026070281863213,0.004171720240265131,4.896283644484356e-05,0.000127020975924097,-0.8566118032951457,-2.216306099106047,4,0,0,4.0361410356126726e-05,2.771850813587662e-05,6.416810356313363e-05,3.701973764691502e-05,-0.000127020975924097,0.0,0.07747294753789902,0.18589885532855988,0.16325896978378296,0.023433953523635864,49.30733871459961,1,0.02108072116971016,0.1584981083869934,-0.18717792630195618,0.023255303502082825,46.5565185546875,1,0.015398593619465828,-0.31472161412239075,0.14767177402973175,0.022784844040870667,34.34418869018555,1,0.008247307501733303,-0.2543438673019409,-0.17469659447669983,0.023190081119537354,29.427734375,1,0.002899361541494727
170,3.4,stand,0.0,0.0,0.0,0.3091772198677063,-0.027026331052184105,0.004171865992248058,4.8589976358925924e-05,0.0001285299804294482,-0.8566057735187691,-2.216307166323104,4,0,0,4.04576858272776e-05,2.6910245651379228e-05,6.436940748244524e-05,3.6251574783818796e-05,-0.0001285299804294482,0.0,0.07747320830821991,0.18589900434017181,0.16325895488262177,0.023433782160282135,49.31022262573242,1,0.021086592227220535,0.15849854052066803,-0.18717791140079498,0.023255370557308197,46.556427001953125,1,0.015389006584882736,-0.3147217631340027,0.14767144620418549,0.022784829139709473,34.342838287353516,1,0.008263397961854935,-0.254343718290329,-0.17469681799411774,0.02319004386663437,29.427152633666992,1,0.0028991710860282183
171,3.42,stand,0.0,0.0,0.0,0.3091772794723511,-0.027026569470763206,0.0041719782166182995,4.753928806167096e-05,0.0001306050253333524,-0.8566053999927988,-2.216308873870397,4,0,0,4.003839421784505e-05,2.5630271920817904e-05,6.409511115634814e-05,3.502578329062089e-05,-0.0001306050253333524,0.0,0.07747247070074081,0.18589907884597778,0.16325892508029938,0.023433975875377655,49.308250427246094,1,0.02108229696750641,0.15849870443344116,-0.18717792630195618,0.023255325853824615,46.5546989440918,1,0.01539726834744215,-0.3147214353084564,0.14767111837863922,0.022785000503063202,34.342689514160156,1,0.0082653583958745,-0.2543434202671051,-0.17469702661037445,0.02318909764289856,29.408676147460938,1,0.0030523899476975203
172,3.44,stand,0.0,0.0,0.0,0.309177428483963,-0.02702682837843895,0.004172038286924362,4.710220673587173e-05,0.00011863138934131712,-0.8566513436871378,-2.2163598868457606,4,0,0,4.141686804359779e-05,2.243347989860922e-05,6.574915460078046e-05,3.193606607965194e-05,-0.00011863138934131712,0.0,0.07747240364551544,0.18589907884597778,0.16325877606868744,0.02343396097421646,49.31121063232422,1,0.0210927352309227,0.15849871933460236,-0.18717820942401886,0.02325538545846939,46.55500793457031,1,0.01538803894072771,-0.31472140550613403,0.14767077565193176,0.022784970700740814,34.343040466308594,1,0.008268251083791256,-0.2543434798717499,-0.17469750344753265,0.02318902313709259,29.408910751342773,1,0.0030575846321880817
173,3.46,stand,0.0,0.0,0.0,0.3091776669025421,-0.02702704444527626,0.004172021057456732,4.627577436622232e-05,0.0001101593516068533,-0.8567155367931653,-2.216433951709573,4,0,0,4.219088441459462e-05,1.900990719150286e-05,6.679617945337668e-05,2.8617270800168626e-05,-0.0001101593516068533,0.0,0.07747244834899902,0.1858988106250763,0.16325850784778595,0.023433834314346313,49.31087875366211,1,0.02108626998960972,0.15849892795085907,-0.18717847764492035,0.02325541526079178,46.55460739135742,1,0.01538641657680273,-0.3147219121456146,0.14767037332057953,0.022784806787967682,34.34415054321289,1,0.008265412412583828,-0.25434350967407227,-0.1746978908777237,0.023189030587673187,29.4096736907959,1,0.0030594489071518183
174,3.48,stand,0.0,0.0,0.0,0.30917805433273315,-0.027027256786823273,0.004171944223344326,4.5778175262967125e-05,0.00010791728709591553,-0.8567770084956954,-2.216507589686562,4,0,0,4.274109232937917e-05,1.6396355931647122e-05,6.75113988108933e-05,2.6066920327139087e-05,-0.00010791728709591553,0.0,0.07747218012809753,0.18589872121810913,0.16325832903385162,0.023433834314346313,49.30955505371094,1,0.021080197766423225,0.15849865972995758,-0.1871786266565323,0.023255236446857452,46.555057525634766,1,0.015384183265268803,-0.3147219717502594,0.14767014980316162,0.022784925997257233,34.3436393737793,1,0.008263042196631432,-0.25434356927871704,-0.17469805479049683,0.023189112544059753,29.410573959350586,1,0.003054290544241667
175,3.5,stand,0.0,0.0,0.0,0.3091784417629242,-0.02702745795249939,0.004171822685748339,4.572976104100235e-05,0.00010458973702043295,-0.8568430158707212,-2.216581867993786,4,0,0,4.3419528083177283e-05,1.4351148820423987e-05,6.824188312748447e-05,2.4042019504122436e-05,-0.00010458973702043295,0.0,0.07747285068035126,0.18589848279953003,0.16325800120830536,0.023433931171894073,49.30714416503906,1,0.02107710763812065,0.15849831700325012,-0.18717887997627258,0.023255273699760437,46.55447769165039,1,0.015389656648039818,-0.31472212076187134,0.14766985177993774,0.02278478443622589,34.34329605102539,1,0.008257269859313965,-0.2543438673019409,-0.1746983826160431,0.023190118372440338,29.42364501953125,1,0.0028977496549487114
176,3.52,stand,0.0,0.0,0.0,0.3091788589954376,-0.027027655392885208,0.004171700216829777,4.5462384150596336e-05,0.0001149607851402834,-0.8568601447044991,-2.2166292524311526,4,0,0,4.3100921175209805e-05,1.4461641512752976e-05,6.76225172355771e-05,2.403573671472259e-05,-0.0001149607851402834,0.0,0.07747223973274231,0.1858983188867569,0.16325806081295013,0.02343389391899109,49.303226470947266,1,0.02107202634215355,0.1584986001253128,-0.18717879056930542,0.023255445063114166,46.55279541015625,1,0.015392876230180264,-0.3147223889827728,0.14766983687877655,0.022784918546676636,34.3424186706543,1,0.00826108269393444,-0.2543438971042633,-0.1746983826160431,0.02319014072418213,29.427772521972656,1,0.002896280027925968
177,3.54,stand,0.0,0.0,0.0,0.30917903780937195,-0.02702784724533558,0.004171586595475674,4.6246736019384116e-05,0.00011331884161336347,-0.8568633997165255,-2.216610255967524,4,0,0,4.38457791460678e-05,1.4707424270454794e-05,6.793548527639359e-05,2.4116485292324796e-05,-0.00011331884161336347,0.0,0.07747106999158859,0.185898557305336,0.16325828433036804,0.02343389391899109,49.30427932739258,1,0.021083848550915718,0.1584988534450531,-0.18717868626117706,0.0232553631067276,46.55335998535156,1,0.015392757020890713,-0.31472206115722656,0.14766980707645416,0.022784829139709473,34.34129333496094,1,0.008259139023721218,-0.25434380769729614,-0.17469839751720428,0.02319006621837616,29.441452026367188,1,0.002887880429625511
178,3.56,stand,0.0,0.0,0.0,0.30917906761169434,-0.027028042823076248,0.004171487409621477,4.6760043915128335e-05,0.00011597734555834904,-0.8568457372742186,-2.2165024670446845,4,0,0,4.3912419641856104e-05,1.606863588676788e-05,6.766592559870332e-05,2.5349278075736947e-05,-0.00011597734555834904,0.0,0.07747010886669159,0.18589931726455688,0.16325850784778595,0.02343384176492691,49.30379867553711,1,0.021074771881103516,0.15849970281124115,-0.18717841804027557,0.023255355656147003,46.55389404296875,1,0.015394305810332298,-0.31472140550613403,0.14766985177993774,0.022784993052482605,34.34183120727539,1,0.008252622559666634,-0.2543430030345917,-0.17469823360443115,0.023190222680568695,29.441312789916992,1,0.0028889256063848734
179,3.58,stand,0.0,0.0,0.0,0.3091789484024048,-0.027028221637010574,0.004171416163444519,4.8103047447511926e-05,0.00011215561244171113,-0.8568062502430795,-2.216457217041433,4,0,0,4.4796794099966064e-05,1.7525704606669024e-05,6.828356708865613e-05,2.6706011340138502e-05,-0.00011215561244171113,0.0,0.07746999710798264,0.1858995407819748,0.16325895488262177,0.023433968424797058,49.304019927978516,1,0.021074749529361725,0.15849989652633667,-0.1871781051158905,0.023255430161952972,46.55513000488281,1,0.015402300283312798,-0.31472086906433105,0.1476699858903885,0.022785060107707977,34.34221267700195,1,0.008256034925580025,-0.2543421685695648,-0.1746981143951416,0.023190200328826904,29.441781997680664,1,0.002888003597036004
180,3.6,stand,0.0,0.0,0.0,0.3091786503791809,-0.027028370648622513,0.004171386361122131,4.943154635839164e-05,0.0001116329149226658,-0.8567634548390611,-2.216432884492515,4,0,0,4.548229480860755e-05,1.9360757505637594e-05,6.879092688905075e-05,2.8474734790506773e-05,-0.0001116329149226658,0.0,0.0774700939655304,0.18589988350868225,0.16325922310352325,0.023434020578861237,49.30442428588867,1,0.02107507921755314,0.15850043296813965,-0.1871776431798935,0.023255333304405212,46.555946350097656,1,0.01539528276771307,-0.3147207498550415,0.14767010509967804,0.022784844040870667,34.34253692626953,1,0.00825793668627739,-0.2543419599533081,-0.17469793558120728,0.02319006621837616,29.442066192626953,1,0.0028870718088001013
181,3.62,stand,0.0,0.0,0.0,0.3091784119606018,-0.0270285252481699,0.004171403124928474,4.989923399989493e-05,0.0001231863716384396,-0.8567227938691584,-2.216387421045852,4,0,0,4.500800059759058e-05,2.1545618437812664e-05,6.835776002844796e-05,3.067601574002765e-05,-0.0001231863716384396,0.0,0.0774693489074707,0.18590015172958374,0.16325952112674713,0.023433953523635864,49.30537796020508,1,0.021084856241941452,0.1585008203983307,-0.18717749416828156,0.023255467414855957,46.55733871459961,1,0.01539985928684473,-0.3147205412387848,0.14767009019851685,0.02278478443622589,34.34382629394531,1,0.008255998603999615,-0.2543414235115051,-0.17469796538352966,0.023189030587673187,29.409393310546875,1,0.0030570444650948048
182,3.64,stand,0.0,0.0,0.0,0.30917826294898987,-0.027028672397136688,0.004171399865299463,5.026383223594166e-05,0.00010635313810780644,-0.8567388554858786,-2.216412820811828,4,0,0,4.619514584192075e-05,1.9810635421890765e-05,6.985763320699334e-05,2.9063001420581713e-05,-0.00010635313810780644,0.0,0.07747116684913635,0.18589989840984344,0.16325952112674713,0.02343391627073288,49.311134338378906,1,0.021079743281006813,0.15850089490413666,-0.18717746436595917,0.023255355656147003,46.55759048461914,1,0.015395737253129482,-0.31472066044807434,0.14767006039619446,0.022784948348999023,34.34294509887695,1,0.008265342563390732,-0.2543415129184723,-0.1746981143951416,0.02319028228521347,29.441360473632812,1,0.002893216209486127
183,3.66,stand,0.0,0.0,0.0,0.3091781437397003,-0.02702881582081318,0.004171403590589762,5.055215660831891e-05,0.00011357471521478146,-0.8567364008866456,-2.216436726473923,4,0,0,4.585515853250399e-05,2.127968764398247e-05,6.963058694964275e-05,3.0576040444429964e-05,-0.00011357471521478146,0.0,0.07747158408164978,0.18589989840984344,0.1632596105337143,0.023433946073055267,49.30596160888672,1,0.02108972705900669,0.15850088000297546,-0.18717747926712036,0.02325531095266342,46.556522369384766,1,0.01539922971278429,-0.31472066044807434,0.14766988158226013,0.02278491109609604,34.34488296508789,1,0.008258391171693802,-0.2543415427207947,-0.17469801008701324,0.02319006621837616,29.428255081176758,1,0.0028993382584303617
184,3.68,stand,0.0,0.0,0.0,0.3091781437397003,-0.027028976008296013,0.004171428736299276,5.0301568990107626e-05,0.00012206586688989773,-0.8567119616160216,-2.2164136745854743,4,0,0,4.524106770986691e-05,2.1988495063851587e-05,6.907086208229885e-05,3.1305018637795e-05,-0.00012206586688989773,0.0,0.07747124880552292,0.1859002411365509,0.16325975954532623,0.023433931171894073,49.30732727050781,1,0.021079765632748604,0.15850116312503815,-0.18717722594738007,0.02325538545846939,46.55564880371094,1,0.015391376800835133,-0.31472048163414,0.14766989648342133,0.022784851491451263,34.343902587890625,1,0.008254650980234146,-0.2543410062789917,-0.17469815909862518,0.023190028965473175,29.426422119140625,1,0.002893556607887149
185,3.7,stand,0.0,0.0,0.0,0.30917808413505554,-0.027029165998101234,0.004171466920524836,5.005593266105279e-05,0.00012253684690222144,-0.8567046511791756,-2.216415382132767,4,0,0,4.4972544856136665e-05,2.1978778022457846e-05,6.884352478664368e-05,3.131060293526389e-05,-0.00012253684690222144,0.0,0.07747069746255875,0.1859002262353897,0.1632598340511322,0.02343393862247467,49.306549072265625,1,0.021085064858198166,0.1585015058517456,-0.1871771216392517,0.023255303502082825,46.55618667602539,1,0.015394078567624092,-0.31472042202949524,0.14766977727413177,0.02278491109609604,34.343021392822266,1,0.008266991935670376,-0.2543407380580902,-0.174698144197464,0.02318909764289856,29.40777015686035,1,0.0030584794003516436
186,3.72,stand,0.0,0.0,0.0,0.30917808413505554,-0.02702927403151989,0.004171454347670078,4.998730219085701e-05,0.00011091341730207205,-0.8567492074913393,-2.216465968221307,4,0,0,4.5916160161141306e-05,1.9759469068958424e-05,7.005097722867504e-05,2.9193697628215887e-05,-0.00011091341730207205,0.0,0.07747102528810501,0.18590010702610016,0.16325953602790833,0.023433901369571686,49.31058120727539,1,0.021084854379296303,0.1585015207529068,-0.18717743456363678,0.02325555682182312,46.556671142578125,1,0.015390990301966667,-0.31472060084342957,0.1476694941520691,0.022784695029258728,34.343841552734375,1,0.008264189586043358,-0.2543410062789917,-0.17469847202301025,0.023188970983028412,29.408815383911133,1,0.0030542202293872833
187,3.74,stand,0.0,0.0,0.0,0.30917826294898987,-0.02702942118048668,0.004171396140009165,4.9460475565865636e-05,0.00010219476098427549,-0.8568088115640183,-2.2165400330851197,4,0,0,4.63062351627741e-05,1.7380196368321776e-05,7.07475483068265e-05,2.693211536097806e-05,-0.00010219476098427549,0.0,0.07747141271829605,0.18589989840984344,0.1632593870162964,0.023433849215507507,49.31013488769531,1,0.021082287654280663,0.15850108861923218,-0.1871776133775711,0.023255430161952972,46.555171966552734,1,0.015394957736134529,-0.3147207498550415,0.14766913652420044,0.022784747183322906,34.345420837402344,1,0.008258868008852005,-0.25434112548828125,-0.17469871044158936,0.023189030587673187,29.409643173217773,1,0.0030587981455028057
188,3.7600000000000002,stand,0.0,0.0,0.0,0.3091786205768585,-0.02702954038977623,0.0041712867096066475,4.949382127961144e-05,9.63742786552757e-05,-0.8568699097405782,-2.2166136710621087,4,0,0,4.705078390543349e-05,1.5357807569671422e-05,7.163731788750738e-05,2.4966126147774048e-05,-9.63742786552757e-05,0.0,0.07747208327054977,0.18589968979358673,0.16325919330120087,0.023433931171894073,49.30854797363281,1,0.021074790507555008,0.15850086510181427,-0.18717776238918304,0.023255333304405212,46.554141998291016,1,0.015384799800813198,-0.3147209882736206,0.14766909182071686,0.022784940898418427,34.34470748901367,1,0.008258501067757607,-0.2543414831161499,-0.17469888925552368,0.02319008857011795,29.423776626586914,1,0.0029041431844234467
189,3.7800000000000002,stand,0.0,0.0,0.0,0.3091788589954376,-0.027029698714613914,0.004171193577349186,4.869278927799314e-05,0.00011048342275898904,-0.8568740185262508,-2.216658494178537,4,0,0,4.608078961609863e-05,1.5733676264062524e-05,7.04997219145298e-05,2.5275416192016564e-05,-0.00011048342275898904,0.0,0.07747171074151993,0.18589945137500763,0.163259357213974,0.023433774709701538,49.303497314453125,1,0.021081266924738884,0.15850096940994263,-0.1871778517961502,0.023255281150341034,46.55376434326172,1,0.015397260896861553,-0.314721018075943,0.1476689577102661,0.022784851491451263,34.343231201171875,1,0.008264141157269478,-0.2543414533138275,-0.17469891905784607,0.023190103471279144,29.427183151245117,1,0.0028956052847206593
190,3.8000000000000003,stand,0.0,0.0,0.0,0.3091789782047272,-0.0270298533141613,0.00417111162096262,4.874928345088847e-05,0.00011805543181253597,-0.8568678286673155,-2.2166172996001055,4,0,0,4.5765991671942174e-05,1.6791873349575326e-05,6.991061673033983e-05,2.6227935450151563e-05,-0.00011805543181253597,0.0,0.07746993750333786,0.18589983880519867,0.16325944662094116,0.023433804512023926,49.30451202392578,1,0.02108265832066536,0.158501535654068,-0.1871776282787323,0.02325538545846939,46.55447006225586,1,0.01539437472820282,-0.3147205412387848,0.14766894280910492,0.02278485894203186,34.34274673461914,1,0.008252824656665325,-0.25434091687202454,-0.1746988594532013,0.023189067840576172,29.412508010864258,1,0.0030576924327760935
191,3.8200000000000003,stand,0.0,0.0,0.0,0.30917906761169434,-0.027029968798160553,0.004171004053205252,4.886075475951657e-05,0.0001094375693355687,-0.8568868784917975,-2.2166219953551596,4,0,0,4.640735642169602e-05,1.528824031993281e-05,7.058694609440863e-05,2.473813947290182e-05,-0.0001094375693355687,0.0,0.07746978849172592,0.18589994311332703,0.1632595658302307,0.023433879017829895,49.308006286621094,1,0.021083803847432137,0.15850143134593964,-0.18717753887176514,0.02325528860092163,46.555763244628906,1,0.015389552339911461,-0.3147207498550415,0.14766907691955566,0.022784963250160217,34.34342575073242,1,0.008258477784693241,-0.2543410360813141,-0.17469894886016846,0.023189209401607513,29.40835952758789,1,0.003055724548175931
192,3.84,stand,0.0,0.0,0.0,0.3091791868209839,-0.027030099183321,0.004170869942754507,4.8796799092087895e-05,0.00010410258983029053,-0.8569162803217402,-2.2166920047941523,4,0,0,4.684660234488547e-05,1.365736716252286e-05,7.112951425369829e-05,2.314683842996601e-05,-0.00010410258983029053,0.0,0.07747097313404083,0.18589968979358673,0.16325946152210236,0.023433975875377655,49.307735443115234,1,0.02107575535774231,0.15850119292736053,-0.18717755377292633,0.023255392909049988,46.55535125732422,1,0.015387176536023617,-0.314721018075943,0.14766888320446014,0.02278495579957962,34.34379577636719,1,0.008261101320385933,-0.254341185092926,-0.17469891905784607,0.02319001406431198,29.426876068115234,1,0.002894283039495349
193,3.86,stand,0.0,0.0,0.0,0.3091793358325958,-0.027030231431126595,0.004170746076852083,4.8555761168245226e-05,0.0001137691069743596,-0.8569098236585404,-2.216670660452996,4,0,0,4.6239671064540744e-05,1.4817383998888545e-05,7.036501483526081e-05,2.424567355774343e-05,-0.0001137691069743596,0.0,0.07747038453817368,0.18589970469474792,0.16325980424880981,0.023433923721313477,49.30405044555664,1,0.021083561703562737,0.15850140154361725,-0.1871773600578308,0.023255325853824615,46.553985595703125,1,0.015398592688143253,-0.31472089886665344,0.1476689726114273,0.02278495579957962,34.34288787841797,1,0.008260831236839294,-0.2543410360813141,-0.1746988296508789,0.023190200328826904,29.427047729492188,1,0.0028917680028826
194,3.88,stand,0.0,0.0,0.0,0.3091793358325958,-0.027030369266867638,0.004170638974756002,4.952016024617478e-05,0.00010583828407106921,-0.8569083829155124,-2.2166514505459554,4,0,0,4.7010664275148883e-05,1.5564181012450717e-05,7.082423690008e-05,2.4874241717043333e-05,-0.00010583828407106921,0.0,0.0774703174829483,0.18590009212493896,0.16325989365577698,0.023434028029441833,49.30388641357422,1,0.021081555634737015,0.15850162506103516,-0.18717719614505768,0.023255497217178345,46.55406188964844,1,0.015398961491882801,-0.31472060084342957,0.14766892790794373,0.022784888744354248,34.34235763549805,1,0.008260817267000675,-0.25434058904647827,-0.1746988296508789,0.02319014072418213,29.441802978515625,1,0.0028877006843686104
195,3.9,stand,0.0,0.0,0.0,0.3091792166233063,-0.02703048288822174,0.004170559346675873,5.088914986117743e-05,0.00010379674495197833,-0.8568850642227991,-2.2166083349768195,4,0,0,4.777403955813497e-05,1.7531310732010752e-05,7.130682934075594e-05,2.6735919163911603e-05,-0.00010379674495197833,0.0,0.07746990770101547,0.1859002560377121,0.16326014697551727,0.023433811962604523,49.30245590209961,1,0.02108265459537506,0.1585019826889038,-0.18717697262763977,0.02325531840324402,46.554832458496094,1,0.015395903028547764,-0.3147205412387848,0.14766916632652283,0.022785000503063202,34.342647552490234,1,0.008262026123702526,-0.25434044003486633,-0.17469865083694458,0.023190148174762726,29.442590713500977,1,0.0028835576958954334
196,3.92,stand,0.0,0.0,0.0,0.3091789782047272,-0.027030570432543755,0.00417053047567606,5.249006790108979e-05,0.0001023799559334293,-0.8568588640440298,-2.2165218903951365,4,0,0,4.863565118284896e-05,1.974286169570405e-05,7.197824015747756e-05,2.887756454583723e-05,-0.0001023799559334293,0.0,0.07746938616037369,0.1859007030725479,0.1632603406906128,0.023434028029441833,49.30318832397461,1,0.021073050796985626,0.1585026979446411,-0.1871766448020935,0.023255452513694763,46.55645751953125,1,0.015394499525427818,-0.3147198557853699,0.14766927063465118,0.022784806787967682,34.34273147583008,1,0.008252651430666447,-0.2543398141860962,-0.17469868063926697,0.0231902077794075,29.441944122314453,1,0.002887961221858859
197,3.94,stand,0.0,0.0,0.0,0.30917876958847046,-0.027030659839510918,0.004170550033450127,5.336319372872822e-05,0.0001137176514021121,-0.8568148947012478,-2.2164550826073177,4,0,0,4.8393219913123176e-05,2.2488366084871814e-05,7.172996993176639e-05,3.162229768349789e-05,-0.0001137176514021121,0.0,0.07746828347444534,0.1859012097120285,0.16326066851615906,0.023434072732925415,49.304317474365234,1,0.02108754962682724,0.15850327908992767,-0.18717648088932037,0.023255452513694763,46.558006286621094,1,0.015392149798572063,-0.3147193491458893,0.14766934514045715,0.022784806787967682,34.344512939453125,1,0.008246053010225296,-0.2543392777442932,-0.17469848692417145,0.023189112544059753,29.413259506225586,1,0.0030538211576640606
198,3.96,stand,0.0,0.0,0.0,0.3091786801815033,-0.027030732482671738,0.004170571453869343,5.382566814660095e-05,0.00010140027734450996,-0.8568234857985633,-2.2164802689298817,4,0,0,4.940241706208326e-05,2.1368285160860978e-05,7.306963379960507e-05,3.063108670176007e-05,-0.00010140027734450996,0.0,0.0774698406457901,0.18590106070041656,0.16326050460338593,0.023433975875377655,49.30891036987305,1,0.021079322323203087,0.15850311517715454,-0.18717660009860992,0.023255474865436554,46.557498931884766,1,0.015389340929687023,-0.314719557762146,0.14766915142536163,0.022784829139709473,34.34455490112305,1,0.008264383301138878,-0.25433921813964844,-0.1746985763311386,0.0231899693608284,29.422697067260742,1,0.002904252614825964
199,3.98,stand,0.0,0.0,0.0,0.30917859077453613,-0.027030834928154945,0.004170594271272421,5.291769411996938e-05,0.00011448634177213535,-0.8568199106214196,-2.216503320818331,4,0,0,4.8086276365211233e-05,2.209055128332693e-05,7.189965981524438e-05,3.140759145026095e-05,-0.00011448634177213535,0.0,0.07746952772140503,0.1859009712934494,0.16326050460338593,0.023433886468410492,49.305912017822266,1,0.021076228469610214,0.15850315988063812,-0.18717649579048157,0.02325538545846939,46.55714416503906,1,0.015387746505439281,-0.31471970677375793,0.14766928553581238,0.022784963250160217,34.34485626220703,1,0.008258146233856678,-0.2543392479419708,-0.1746985763311386,0.02318911999464035,29.412803649902344,1,0.0030518430285155773
200,4.0,stand,0.0,0.0,0.0,0.30917859077453613,-0.02703092060983181,0.004170597530901432,5.317941031535156e-05,0.000104153310530819,-0.8568557157537092,-2.2165308550184224,4,0,0,4.896241443930194e-05,2.075407246593386e-05,7.304023893084377e-05,3.017431117768865e-05,-0.000104153310530819,0.0,0.07746995240449905,0.18590103089809418,0.16326040029525757,0.023433968424797058,49.30850601196289,1,0.021081462502479553,0.15850289165973663,-0.18717673420906067,0.02325531095266342,46.55672836303711,1,0.015396893955767155,-0.3147197961807251,0.1476690173149109,0.02278505265712738,34.34414291381836,1,0.008266187272965908,-0.2543394863605499,-0.17469875514507294,0.023189082741737366,29.40932273864746,1,0.003054948290809989
201,4.0200000000000005,walk,0.5,0.0,-0.5,0.3095680773258209,-0.026536645367741585,0.0041413926519453526,0.03871003910899162,0.10465306043624878,-0.43872113971904897,-1.9473859701136005,4,0,0,0.038240697234869,-0.006009679287672043,0.03901245445013046,-0.005713155493140221,-0.10465306043624878,0.0,0.0729328989982605,0.18658041954040527,0.1656525880098343,0.02343544363975525,36.75657653808594,1,0.02354416996240616,0.15958042442798615,-0.1848503202199936,0.023262985050678253,36.70088577270508,1,0.024461066350340843,-0.31400033831596375,0.14936402440071106,0.02277476340532303,54.06977081298828,1,0.05497805029153824,-0.25323158502578735,-0.17294679582118988,0.023175455629825592,47.106414794921875,1,0.026476692408323288
202,4.04,walk,0.5,0.0,-0.5,0.3109451234340668,-0.025233423337340355,0.003987359348684549,0.07974634319543839,0.12446010857820511,0.18572075427908774,-1.3875322258771687,4,0,0,0.07814037054777145,-0.015923630446195602,0.08016709238290787,-0.01574539951980114,-0.12446010857820511,0.0,0.06358833611011505,0.1878129541873932,0.16935046017169952,0.023442983627319336,56.56003189086914,1,0.04580177739262581,0.1615363508462906,-0.18121224641799927,0.023217767477035522,36.736324310302734,1,0.06475568562746048,-0.3126806616783142,0.15188823640346527,0.02275862544775009,53.82954025268555,1,0.10456791520118713,-0.2511799931526184,-0.1702721118927002,0.02314981073141098,50.84410858154297,1,0.04332344979047775
203,4.0600000000000005,walk,0.5,0.0,-0.5,0.3121820390224457,-0.0234361719340086,0.003652688581496477,0.09859168529510498,0.26109910011291504,0.9078258423523707,-0.6632771623398523,3,0,0,0.09436751157045364,-0.02854984626173973,0.09485694766044617,-0.027986783534288406,-0.26109910011291504,0.0,0.05463019758462906,0.18917815387248993,0.1739170104265213,0.02339331805706024,60.68122482299805,1,0.061713144183158875,0.19554193317890167,-0.19571346044540405,0.028389766812324524,0.0,0,2.730149745941162,-0.3147713243961334,0.174625962972641,0.02265782654285431,10.800646781921387,1,1.6945797204971313,-0.24843429028987885,-0.16718707978725433,0.023131094872951508,55.86467361450195,1,0.018680505454540253
204,4.08,walk,0.5,0.0,-0.5,0.31139522790908813,-0.021606171503663063,0.003535986877977848,0.09508675336837769,0.521483302116394,0.7544296653516691,-0.30523992670825334,2,0,0,0.09455864131450653,-0.010007714852690697,0.09429334104061127,-0.007300950586795807,-0.521483302116394,0.0,0.11600472033023834,0.18791918456554413,0.174647718667984,0.023393072187900543,67.44317626953125,1,0.05111192539334297,0.26361942291259766,-0.22651594877243042,0.05129021406173706,0.0,0,3.812133312225342,-0.29093652963638306,0.21411530673503876,0.047935307025909424,0.0,0,2.865649700164795,-0.24692583084106445,-0.16976554691791534,0.023134097456932068,58.75412368774414,1,0.011408393271267414
205,4.1,walk,0.5,0.0,-0.5,0.31026074290275574,-0.019141968339681625,0.003383080242201686,0.1441703736782074,0.5928308963775635,0.3538979542315862,-0.08466550416717068,2,0,0,0.14256705343723297,-0.02144133672118187,0.14304393529891968,-0.01700875163078308,-0.5928308963775635,0.0,0.18506760895252228,0.184920996427536,0.17463244497776031,0.02337343990802765,74.676513671875,1,0.022099362686276436,0.3144453167915344,-0.2467534840106964,0.07197098433971405,0.0,0,1.9617506265640259,-0.27401968836784363,0.25196439027786255,0.0682622641324997,0.0,0,1.9080320596694946,-0.24623867869377136,-0.1742810606956482,0.023125365376472473,79.03498077392578,1,0.010925007984042168
206,4.12,walk,0.5,0.0,-0.5,0.3095332980155945,-0.015609053894877434,0.0030710885766893625,0.19721518456935883,0.5841050744056702,0.41538289025321784,0.10284261190013157,2,0,0,0.19459688663482666,-0.0320294126868248,0.19578853249549866,-0.02390466257929802,-0.5841050744056702,0.0,0.2147330492734909,0.18065911531448364,0.17705893516540527,0.023361533880233765,74.14228057861328,1,0.0422784760594368,0.33221638202667236,-0.25377240777015686,0.08392972499132156,0.0,0,0.6203033924102783,-0.2606869339942932,0.2696378827095032,0.08231230080127716,0.0,0,1.1007105112075806,-0.24655304849147797,-0.17652522027492523,0.023113161325454712,79.6220932006836,1,0.029257886111736298
207,4.14,walk,0.5,0.0,-0.5,0.3090498447418213,-0.011293155141174793,0.002585514448583126,0.23040646314620972,0.5449919104576111,0.851407199147596,0.23647086074106755,2,0,0,0.2265804409980774,-0.04181443527340889,0.22853238880634308,-0.029719356447458267,-0.5449919104576111,0.0,0.22480857372283936,0.17548108100891113,0.1812593787908554,0.023324161767959595,79.07042694091797,1,0.03584177419543266,0.33210134506225586,-0.2583189308643341,0.08548800647258759,0.0,0,0.4910416007041931,-0.24901068210601807,0.27755528688430786,0.08997233211994171,0.0,0,0.9437441229820251,-0.2479267567396164,-0.1766536384820938,0.023074470460414886,73.64545440673828,1,0.046493466943502426
208,4.16,walk,0.5,0.0,-0.5,0.3087633550167084,-0.006569063290953636,0.0019052143907174468,0.24734941124916077,0.5507892370223999,1.2715051344035175,0.3540284748777569,2,0,0,0.2417701780796051,-0.05223895609378815,0.24464544653892517,-0.03672468662261963,-0.5507892370223999,0.0,0.2318493127822876,0.16986218094825745,0.18538431823253632,0.02328561246395111,84.1651382446289,1,0.03173409774899483,0.33013707399368286,-0.2622511684894562,0.08005553483963013,0.0,0,0.3536827266216278,-0.23881693184375763,0.27965113520622253,0.09169886261224747,0.0,0,0.8332216739654541,-0.2497773915529251,-0.17671692371368408,0.023058444261550903,71.72980499267578,1,0.022752033546566963
209,4.18,walk,0.5,0.0,-0.5,0.3086942434310913,-0.0015377867966890335,0.0009509378578513861,0.2653646469116211,0.5533527135848999,1.6906757647579043,0.5033646113449883,2,0,0,0.2566712200641632,-0.06736677139997482,0.2609594464302063,-0.04821700230240822,-0.5533527135848999,0.0,0.23702822625637054,0.16408373415470123,0.18961331248283386,0.02324816584587097,85.7923812866211,1,0.037556324154138565,0.3300454616546631,-0.2627536356449127,0.07114201784133911,0.0,0,0.2204495370388031,-0.23132357001304626,0.27745524048805237,0.08695177733898163,0.0,0,0.7317644953727722,-0.2517121434211731,-0.17661897838115692,0.023043178021907806,67.06302642822266,1,0.057471826672554016
210,4.2,walk,0.5,0.0,-0.5,0.30881422758102417,0.0038333404809236526,-0.0003554446157068014,0.2875731885433197,0.5264888405799866,2.2159916969608147,0.6867752008796648,2,0,0,0.2744695246219635,-0.08581852167844772,0.28066542744636536,-0.06259921193122864,-0.5264888405799866,0.0,0.24068503081798553,0.15818557143211365,0.19445595145225525,0.023208163678646088,87.08905029296875,1,0.04651936516165733,0.3280206024646759,-0.26037076115608215,0.057677194476127625,0.0,0,0.12611283361911774,-0.2273813784122467,0.2730506956577301,0.07499539107084274,0.0,0,0.6867961287498474,-0.25385090708732605,-0.1756291538476944,0.022987671196460724,67.7001724243164,1,0.06199994310736656
211,4.22,walk,0.5,0.0,-0.5,0.30911168456077576,0.009586639702320099,-0.0020758635364472866,0.31322741508483887,0.49862369894981384,2.9011439808606605,0.8736536588828565,2,0,0,0.29427459836006165,-0.107302725315094,0.30286768078804016,-0.07980672270059586,-0.49862369894981384,0.0,0.24521496891975403,0.15200793743133545,0.2001792937517166,0.02318180352449417,88.87616729736328,1,0.060183875262737274,0.3187180161476135,-0.25510093569755554,0.03720308840274811,0.0,0,0.4697625935077667,-0.2278461903333664,0.2670994997024536,0.05547657608985901,0.0,0,0.7275272607803345,-0.2564406991004944,-0.17334327101707458,0.022977717220783234,62.08249282836914,1,0.06808452308177948
212,4.24,walk,0.5,0.0,-0.5,0.30974870920181274,0.015688031911849976,-0.004224234260618687,0.3319242000579834,0.4941391348838806,3.8760444152966724,0.981702449075698,3,0,0,0.3076321482658386,-0.12464401125907898,0.3181881010532379,-0.09486760944128036,-0.4941391348838806,0.0,0.2493417114019394,0.14511112868785858,0.20747505128383636,0.023141823709011078,91.98300170898438,1,0.09521953761577606,0.3083202838897705,-0.2461160123348236,0.02337828278541565,33.483978271484375,1,0.0057351416908204556,-0.23683543503284454,0.25877851247787476,0.025056950747966766,0.0,0,1.0203919410705566,-0.25979429483413696,-0.16915208101272583,0.02293817698955536,57.89508056640625,1,0.07498365640640259
213,4.26,walk,0.5,0.0,-0.5,0.3117339313030243,0.02186860516667366,-0.0063458653166890144,0.3285609483718872,0.05841385945677757,4.9629896207551,0.8283589392367996,4,0,0,0.3089207708835602,-0.1118939220905304,0.3170015215873718,-0.09107141196727753,-0.05841385945677757,0.0,0.24875910580158234,0.13780486583709717,0.214716836810112,0.023108020424842834,62.09781265258789,1,0.03632846474647522,0.30271533131599426,-0.23758015036582947,0.023375265300273895,69.22701263427734,1,0.02310166135430336,-0.2442554235458374,0.26494738459587097,0.022888481616973877,80.27106475830078,1,0.033078376203775406,-0.265433132648468,-0.16306111216545105,0.022892773151397705,45.79045486450195,1,0.08216889202594757
214,4.28,walk,0.5,0.0,-0.5,0.314914345741272,0.027985531836748123,-0.008635012432932854,0.3324938714504242,0.03965025767683983,4.905792335984944,0.3548088506708573,2,0,0,0.31040385365486145,-0.11917053908109665,0.3202981650829315,-0.10089791566133499,-0.03965025767683983,0.0,0.2580181360244751,0.20101264119148254,0.18956930935382843,0.057465553283691406,0.0,0,4.406890392303467,0.29439279437065125,-0.2361639142036438,0.023335546255111694,80.74895477294922,1,0.039456017315387726,-0.25223836302757263,0.26648086309432983,0.02282392978668213,84.63623046875,1,0.03147877752780914,-0.2716994285583496,-0.14978642761707306,0.03925620764493942,0.0,0,0.6862518787384033
215,4.3,walk,0.5,0.0,-0.5,0.31904318928718567,0.03377809375524521,-0.011168628931045532,0.3160758316516876,0.11344270408153534,4.398622188694348,-0.4087365559018401,2,0,0,0.291170209646225,-0.12297901511192322,0.3044377565383911,-0.10665176808834076,-0.11344270408153534,0.0,0.2696305215358734,0.2780924439430237,0.16664718091487885,0.058783989399671555,0.0,0,4.647912502288818,0.28541266918182373,-0.2363300323486328,0.02332848310470581,69.86234283447266,1,0.043896473944187164,-0.2619189918041229,0.26556697487831116,0.022801131010055542,81.222412109375,1,0.033170755952596664,-0.2668614089488983,-0.13800925016403198,0.05520756542682648,0.0,0,1.109372615814209
216,4.32,walk,0.5,0.0,-0.5,0.3231200575828552,0.039677128195762634,-0.013665243051946163,0.33594733476638794,0.1596039980649948,4.5198401172155025,-0.6772391362204163,2,0,0,0.3106214702129364,-0.12796452641487122,0.32518500089645386,-0.10669276118278503,-0.1596039980649948,0.0,0.3096037805080414,0.3521292805671692,0.1503177434206009,0.06368593871593475,0.0,0,3.7569010257720947,0.27893534302711487,-0.233074352145195,0.02330758422613144,65.65789031982422,1,0.03575236722826958,-0.2692902386188507,0.2675923705101013,0.022745296359062195,88.0008544921875,1,0.04452526196837425,-0.24585528671741486,-0.12034469097852707,0.057788632810115814,0.0,0,1.7877808809280396
217,4.34,walk,0.5,0.0,-0.5,0.3263864517211914,0.04658035933971405,-0.01638009026646614,0.40216273069381714,0.3419331908226013,4.349376097891732,-0.9467934589494686,2,0,0,0.37383025884628296,-0.14827610552310944,0.3910142481327057,-0.11408865451812744,-0.3419331908226013,0.0,0.3513263165950775,0.39780211448669434,0.1405995935201645,0.06956685334444046,0.0,0,2.098893404006958,0.2719605267047882,-0.23066304624080658,0.023283764719963074,60.936607360839844,1,0.029783861711621284,-0.2783477008342743,0.2674790620803833,0.02267719805240631,84.28768920898438,1,0.044132400304079056,-0.22280816733837128,-0.103002168238163,0.05668385326862335,0.0,0,1.6660184860229492
218,4.36,walk,0.5,0.0,-0.5,0.32916587591171265,0.05469708517193794,-0.019332313910126686,0.45577216148376465,0.4192556142807007,4.060814265837034,-1.704488861858903,2,0,0,0.426960289478302,-0.1594778597354889,0.4478449821472168,-0.11444374918937683,-0.4192556142807007,0.0,0.3615488111972809,0.4038695693016052,0.13383084535598755,0.06650781631469727,0.0,0,0.68776935338974,0.26185184717178345,-0.22813405096530914,0.023259088397026062,77.65991973876953,1,0.023986633867025375,-0.2919445037841797,0.26569777727127075,0.022610552608966827,84.44961547851562,1,0.03676845133304596,-0.2148793637752533,-0.08879467844963074,0.04710518568754196,0.0,0,1.072807788848877
219,4.38,walk,0.5,0.0,-0.5,0.33200743794441223,0.06364093720912933,-0.022297021001577377,0.4873785674571991,0.3847506046295166,3.354314652573136,-2.9580945250470503,2,0,0,0.4620482325553894,-0.15507842600345612,0.4865519404411316,-0.10004964470863342,-0.3847506046295166,0.0,0.3437507152557373,0.37100934982299805,0.11986569315195084,0.041714370250701904,0.0,0,1.7326570749282837,0.248329296708107,-0.2280317097902298,0.02322431653738022,81.31339263916016,1,0.02497122250497341,-0.309166818857193,0.26118913292884827,0.022550828754901886,80.387451171875,1,0.034106604754924774,-0.22460541129112244,-0.07921680063009262,0.024911552667617798,0.0,0,0.6973777413368225
220,4.4,walk,0.5,0.0,-0.5,0.3357676863670349,0.0723951980471611,-0.0251243207603693,0.4475039839744568,0.35004445910453796,2.5498387504297555,-3.7601958692367936,4,0,0,0.4240488111972809,-0.1429770141839981,0.45447054505348206,-0.09045162796974182,-0.35004445910453796,0.0,0.3387030363082886,0.34186437726020813,0.11024797707796097,0.02373998984694481,45.95884323120117,1,0.04655696079134941,0.2371140867471695,-0.22906331717967987,0.023180626332759857,63.932640075683594,1,0.020960034802556038,-0.32363393902778625,0.25634765625,0.022471889853477478,65.14070892333984,1,0.04992470145225525,-0.236564502120018,-0.08351905643939972,0.023339852690696716,72.34114074707031,1,0.03379250690340996
221,4.42,walk,0.5,0.0,-0.5,0.3401052951812744,0.0806288793683052,-0.027824372053146362,0.4246201515197754,0.5566481351852417,1.7610156141516342,-4.045221797735541,2,0,0,0.4008600115776062,-0.1400483399629593,0.43193838000297546,-0.08315356075763702,-0.5566481351852417,0.0,0.31938445568084717,0.33128276467323303,0.11063585430383682,0.023688193410634995,65.28784942626953,1,0.0407034270465374,0.24699142575263977,-0.22479401528835297,0.03898722678422928,0.0,0,1.0326906442642212,-0.33673253655433655,0.2478417456150055,0.0223696231842041,1.2820236682891846,0,0.22667057812213898,-0.24506103992462158,-0.0883641391992569,0.02327050268650055,80.56878662109375,1,0.03419453650712967
222,4.44,walk,0.5,0.0,-0.5,0.3434692919254303,0.08821915835142136,-0.030217058956623077,0.38553524017333984,0.44067808985710144,1.1401686007921061,-4.26785224061893,2,0,0,0.364549845457077,-0.12546253204345703,0.39096692204475403,-0.06680471450090408,-0.44067808985710144,0.0,0.28362318873405457,0.32150357961654663,0.11172568053007126,0.023655638098716736,67.97309112548828,1,0.028786998242139816,0.28028735518455505,-0.22532086074352264,0.07412397861480713,0.0,0,2.055542230606079,-0.31541746854782104,0.23988117277622223,0.04260670393705368,0.0,0,1.615302324295044,-0.2525365650653839,-0.09288676083087921,0.02323746681213379,81.1252670288086,1,0.031051062047481537
223,4.46,walk,0.5,0.0,-0.5,0.346371591091156,0.09541139751672745,-0.03241247311234474,0.3767073154449463,0.40268972516059875,0.5846011737858275,-4.449428550835488,2,0,0,0.35818788409233093,-0.11666121333837509,0.3832031488418579,-0.05426293984055519,-0.40268972516059875,0.0,0.28180426359176636,0.31245139241218567,0.11226656287908554,0.023647896945476532,64.76483917236328,1,0.03725692257285118,0.31253841519355774,-0.23387904465198517,0.10693766176700592,0.0,0,1.6583861112594604,-0.28683653473854065,0.24134935438632965,0.06858870387077332,0.0,0,1.6628731489181519,-0.25958362221717834,-0.09695938229560852,0.023202694952487946,86.2274398803711,1,0.027505798265337944
224,4.48,walk,0.5,0.0,-0.5,0.3491475284099579,0.10276847332715988,-0.03457850217819214,0.3915616571903229,0.41542816162109375,0.40397404642049,-4.55795470721829,2,0,0,0.3732592463493347,-0.11831340938806534,0.3982270359992981,-0.04950692132115364,-0.41542816162109375,0.0,0.28998273611068726,0.30366942286491394,0.11460159718990326,0.02363503724336624,54.61391830444336,1,0.04180280119180679,0.330647736787796,-0.24211667478084564,0.1278938353061676,0.0,0,0.9974601864814758,-0.27004292607307434,0.24434113502502441,0.08662857115268707,0.0,0,1.0355770587921143,-0.26643362641334534,-0.09903597831726074,0.023151591420173645,85.40546417236328,1,0.031365346163511276
225,4.5,walk,0.5,0.0,-0.5,0.3514830470085144,0.1104259192943573,-0.03666258603334427,0.4028756022453308,0.4219013750553131,0.49597840208785426,-4.52869204237984,2,0,0,0.3865884840488434,-0.11339355260133743,0.4080871343612671,-0.038763657212257385,-0.4219013750553131,0.0,0.2971280515193939,0.29535359144210815,0.11829501390457153,0.023611530661582947,50.36623001098633,1,0.03581629693508148,0.339756578207016,-0.2511536180973053,0.14011123776435852,0.0,0,0.8487264513969421,-0.25949665904045105,0.24419651925563812,0.09985513240098953,0.0,0,0.8304761052131653,-0.272764652967453,-0.09983658045530319,0.023084178566932678,82.28271484375,1,0.03461914509534836
226,4.5200000000000005,walk,0.5,0.0,-0.5,0.3532674014568329,0.11827228963375092,-0.03864632546901703,0.4077671468257904,0.4452268183231354,0.6046389210982351,-4.417878626398729,2,0,0,0.39318934082984924,-0.10805638134479523,0.41161078214645386,-0.028598085045814514,-0.4452268183231354,0.0,0.30445918440818787,0.2872796952724457,0.12192756682634354,0.02357371151447296,58.82105255126953,1,0.027068866416811943,0.34794268012046814,-0.2590184509754181,0.14976872503757477,0.0,0,0.8118278980255127,-0.25119179487228394,0.2440810650587082,0.11056335270404816,0.0,0,0.8108434081077576,-0.2787374258041382,-0.1008467823266983,0.02302965521812439,79.82410430908203,1,0.03561261668801308
227,4.54,walk,0.5,0.0,-0.5,0.3547392785549164,0.12621057033538818,-0.04056692123413086,0.4108332097530365,0.46636930108070374,0.5993605188911375,-4.308796663372218,2,0,0,0.39700230956077576,-0.10570278763771057,0.41422978043556213,-0.021653693169355392,-0.46636930108070374,0.0,0.3116970956325531,0.27905958890914917,0.12479269504547119,0.023537039756774902,66.54121398925781,1,0.022343890741467476,0.3567834794521332,-0.26423752307891846,0.15627798438072205,0.0,0,0.7454193234443665,-0.2447534054517746,0.24454666674137115,0.11740291863679886,0.0,0,0.7824841737747192,-0.28471797704696655,-0.10279965400695801,0.022976592183113098,79.43304443359375,1,0.03580012544989586
228,4.5600000000000005,walk,0.5,0.0,-0.5,0.3560633063316345,0.1342281997203827,-0.04247612506151199,0.41473808884620667,0.48300406336784363,0.49866341348360976,-4.222353789236537,2,0,0,0.4009224474430084,-0.1061548963189125,0.41787829995155334,-0.017164122313261032,-0.48300406336784363,0.0,0.31710392236709595,0.2705840468406677,0.1270255595445633,0.02350320667028427,70.77693176269531,1,0.0201680026948452,0.36471790075302124,-0.2666153907775879,0.15935245156288147,0.0,0,0.6452825665473938,-0.23901993036270142,0.2436874359846115,0.12106127291917801,0.0,0,0.7803946733474731,-0.29082226753234863,-0.1055552214384079,0.022923648357391357,79.4375991821289,1,0.03617541119456291
229,4.58,walk,0.5,0.0,-0.5,0.3572625517845154,0.14233168959617615,-0.04442068189382553,0.4193635880947113,0.5002420544624329,0.37076305199409637,-4.153084571995206,2,0,0,0.4049853980541229,-0.10886988788843155,0.42210477590560913,-0.014610827900469303,-0.5002420544624329,0.0,0.32023119926452637,0.261873722076416,0.12904559075832367,0.02346958965063095,73.87419891357422,1,0.01881525106728077,0.3709021210670471,-0.26686596870422363,0.16007989645004272,0.0,0,0.5517005920410156,-0.23321020603179932,0.2414713203907013,0.12305962294340134,0.0,0,0.8018907308578491,-0.2970389425754547,-0.10868563503026962,0.022869683802127838,79.22113037109375,1,0.036691226065158844
230,4.6000000000000005,walk,0.5,0.0,-0.5,0.35832712054252625,0.15052862465381622,-0.04643900319933891,0.42500776052474976,0.5169719457626343,0.24580407411805197,-4.093381034686478,2,0,0,0.409608393907547,-0.11336906999349594,0.42724817991256714,-0.013453963212668896,-0.5169719457626343,0.0,0.32153382897377014,0.2529590129852295,0.13104479014873505,0.023436829447746277,75.62322235107422,1,0.018306918442249298,0.37533095479011536,-0.2660273313522339,0.15948337316513062,0.0,0,0.4750564694404602,-0.227589413523674,0.2388622909784317,0.1241648867726326,0.0,0,0.7992452383041382,-0.30334046483039856,-0.11198510229587555,0.02281472086906433,78.87178802490234,1,0.03726153075695038
231,4.62,walk,0.5,0.0,-0.5,0.3592444360256195,0.15883854031562805,-0.048562392592430115,0.43221765756607056,0.5319653153419495,0.14277855455442423,-4.03107989105903,2,0,0,0.4154112935066223,-0.119354747235775,0.43387094140052795,-0.013246798887848854,-0.5319653153419495,0.0,0.3215038478374481,0.24388806521892548,0.13314126431941986,0.02340378612279892,76.71956634521484,1,0.018052514642477036,0.37818267941474915,-0.2648788094520569,0.15806844830513,0.0,0,0.4131764769554138,-0.22279569506645203,0.23660072684288025,0.12454766780138016,0.0,0,0.764106273651123,-0.30968374013900757,-0.11531887948513031,0.02275829017162323,78.31942749023438,1,0.03798333555459976
232,4.64,walk,0.5,0.0,-0.5,0.3600066900253296,0.1672843098640442,-0.050819311290979385,0.4408770799636841,0.5445937514305115,0.08034610320822519,-3.952344885401708,2,0,0,0.42225611209869385,-0.12677690386772156,0.4419076442718506,-0.013947438448667526,-0.5445937514305115,0.0,0.32050177454948425,0.2347179651260376,0.13544510304927826,0.023369386792182922,77.94847106933594,1,0.017842037603259087,0.37969329953193665,-0.26374492049217224,0.1559634953737259,0.0,0,0.36756056547164917,-0.21917803585529327,0.23503722250461578,0.12415546923875809,0.0,0,0.7187796235084534,-0.3160202205181122,-0.11855297535657883,0.022700071334838867,77.28746795654297,1,0.03883285075426102
233,4.66,walk,0.5,0.0,-0.5,0.36060580611228943,0.17587684094905853,-0.053242072463035583,0.4502837359905243,0.552727997303009,0.058158800648500736,-3.854114385419054,2,0,0,0.42929506301879883,-0.13587196171283722,0.45059022307395935,-0.015970859676599503,-0.552727997303009,0.0,0.31887945532798767,0.2254553884267807,0.1379552036523819,0.02333390712738037,79.18832397460938,1,0.017931222915649414,0.3800966143608093,-0.2626519203186035,0.15301769971847534,0.0,0,0.33420535922050476,-0.21664056181907654,0.23419247567653656,0.12284338474273682,0.0,0,0.6865732669830322,-0.32235512137413025,-0.12165237963199615,0.022640228271484375,73.42108917236328,1,0.03932894021272659
234,4.68,walk,0.5,0.0,-0.5,0.36100277304649353,0.18460236489772797,-0.055872246623039246,0.45965221524238586,0.5572119355201721,0.05977066526166424,-3.7495672411146073,2,0,0,0.43546876311302185,-0.1471295952796936,0.4590736925601959,-0.020073510706424713,-0.5572119355201721,0.0,0.31696799397468567,0.21603472530841827,0.14058417081832886,0.023296669125556946,80.49369812011719,1,0.018490098416805267,0.3795047104358673,-0.2614796459674835,0.1488242745399475,0.0,0,0.30233460664749146,-0.21484684944152832,0.23381748795509338,0.12033425271511078,0.0,0,0.6751986742019653,-0.32877117395401,-0.12465611100196838,0.022579096257686615,69.69944763183594,1,0.0394916757941246
235,4.7,walk,0.5,0.0,-0.5,0.3611823320388794,0.19343823194503784,-0.058754805475473404,0.468850702047348,0.5597051978111267,0.09000402404515628,-3.640982174350214,2,0,0,0.4404582977294922,-0.16067814826965332,0.46725523471832275,-0.0264858640730381,-0.5597051978111267,0.0,0.3149854242801666,0.20645533502101898,0.14338615536689758,0.02325807511806488,82.03641510009766,1,0.019611472263932228,0.37786272168159485,-0.25991564989089966,0.14280931651592255,0.0,0,0.2586933672428131,-0.21336500346660614,0.23342549800872803,0.11623566597700119,0.0,0,0.6822475790977478,-0.3352820575237274,-0.12748102843761444,0.02251671999692917,66.46984100341797,1,0.03957105055451393
236,4.72,walk,0.5,0.0,-0.5,0.36114752292633057,0.2023622840642929,-0.06193576380610466,0.4781525433063507,0.5602080225944519,0.16009871367038653,-3.5251466483384406,2,0,0,0.4443758428096771,-0.17652186751365662,0.47535818815231323,-0.03519299253821373,-0.5602080225944519,0.0,0.313018262386322,0.19674807786941528,0.1464577317237854,0.023218072950839996,83.8394546508789,1,0.02179715223610401,0.3747754395008087,-0.25760433077812195,0.1342926323413849,0.0,0,0.18716804683208466,-0.21187621355056763,0.2325078547000885,0.11014827340841293,0.0,0,0.7037160396575928,-0.34187307953834534,-0.1300055831670761,0.02245287597179413,63.458560943603516,1,0.03964204713702202
237,4.74,walk,0.5,0.0,-0.5,0.36092904210090637,0.2113562673330307,-0.06546123325824738,0.48809292912483215,0.5582481622695923,0.2708194285098121,-3.398929448231659,2,0,0,0.44761648774147034,-0.19461290538311005,0.48392653465270996,-0.04605235904455185,-0.5582481622695923,0.0,0.31129834055900574,0.18693988025188446,0.14982813596725464,0.02317652851343155,86.02710723876953,1,0.025907214730978012,0.3689919114112854,-0.25434011220932007,0.12185265868902206,0.0,0,0.060840051621198654,-0.21054957807064056,0.23064705729484558,0.10124891996383667,0.0,0,0.7244706749916077,-0.3485379219055176,-0.13216106593608856,0.022387392818927765,60.75996017456055,1,0.039824020117521286
238,4.76,walk,0.5,0.0,-0.5,0.3606208562850952,0.2204102873802185,-0.06938154250383377,0.4995688796043396,0.5580859184265137,0.420917371193338,-3.262491937249012,2,0,0,0.45074227452278137,-0.21540765464305878,0.4939021170139313,-0.05934969335794449,-0.5580859184265137,0.0,0.3107376992702484,0.17702661454677582,0.1535215973854065,0.02313360571861267,88.84957122802734,1,0.03541954979300499,0.35727012157440186,-0.2497064173221588,0.10242991149425507,0.0,0,0.316120445728302,-0.21047192811965942,0.2272220104932785,0.08772588521242142,0.0,0,0.7289091944694519,-0.3552960753440857,-0.1338941603899002,0.022319354116916656,58.26448059082031,1,0.040334586054086685
239,4.78,walk,0.5,0.0,-0.5,0.3604094982147217,0.22951723635196686,-0.07376500964164734,0.5139439702033997,0.5794814229011536,0.6204211937534603,-3.140506252776465,2,0,0,0.4540114998817444,-0.24085678160190582,0.5064703226089478,-0.07679511606693268,-0.5794814229011536,0.0,0.3160717189311981,0.16682280600070953,0.15768314898014069,0.023088805377483368,92.62646484375,1,0.06625713407993317,0.3315229117870331,-0.24169284105300903,0.06991894543170929,0.0,0,1.1512523889541626,-0.21463720500469208,0.22046951949596405,0.0658600777387619,0.0,0,0.7733778357505798,-0.36228862404823303,-0.1351446658372879,0.022249311208724976,54.340415954589844,1,0.0411224327981472
240,4.8,walk,0.5,0.0,-0.5,0.36009445786476135,0.23865900933742523,-0.07871782034635544,0.5291798114776611,0.682599663734436,0.8451869245261242,-2.9753642314766044,2,0,0,0.453479140996933,-0.27274152636528015,0.5168262124061584,-0.10044334083795547,-0.682599663734436,0.0,0.32049062848091125,0.15647315979003906,0.16245247423648834,0.02299271523952484,84.8660659790039,1,0.1243860125541687,0.28282564878463745,-0.21943145990371704,0.028270848095417023,0.0,0,2.527177572250366,-0.2285027801990509,0.20407284796237946,0.030531369149684906,0.0,0,1.325474739074707,-0.36909565329551697,-0.1362796276807785,0.022179946303367615,39.856807708740234,1,0.04148954898118973
241,4.82,walk,0.5,0.0,-0.5,0.3585836887359619,0.2469649314880371,-0.08356568962335587,0.45515409111976624,0.4908963739871979,0.9678847629413506,-2.6379219371832976,2,0,0,0.3874143362045288,-0.23890453577041626,0.44327715039253235,-0.08549267053604126,-0.4908963739871979,0.0,0.2852999269962311,0.19417721033096313,0.16670723259449005,0.03406999260187149,0.0,0,3.272787570953369,0.26974135637283325,-0.20750531554222107,0.02321523427963257,88.8576889038086,1,0.022063765674829483,-0.23734453320503235,0.2008299082517624,0.023005641996860504,86.62652587890625,1,0.03045552596449852,-0.35449478030204773,-0.13675589859485626,0.026561573147773743,0.0,0,1.0901033878326416
242,4.84,walk,0.5,0.0,-0.5,0.35753774642944336,0.25460749864578247,-0.08807645738124847,0.44327545166015625,0.3810400068759918,1.0353719411395426,-2.4959999977405416,2,0,0,0.37860527634620667,-0.23054537177085876,0.43386679887771606,-0.07777688652276993,-0.3810400068759918,0.0,0.2619118392467499,0.27221983671188354,0.156435027718544,0.06192516162991524,0.0,0,4.447895050048828,0.2633320987224579,-0.20368528366088867,0.023335866630077362,79.56480407714844,1,0.03405330702662468,-0.24606364965438843,0.20094804465770721,0.02297443151473999,81.58662414550781,1,0.04804756119847298,-0.30881577730178833,-0.12981712818145752,0.04544028639793396,0.0,0,2.511237621307373
243,4.86,walk,0.5,0.0,-0.5,0.3571483790874481,0.2622101604938507,-0.09249204397201538,0.44914478063583374,0.32322168350219727,1.6297041601410813,-2.371957359110763,2,0,0,0.3860625922679901,-0.22953584790229797,0.4419533908367157,-0.07139679789543152,-0.32322168350219727,0.0,0.2900089919567108,0.34773772954940796,0.1443966031074524,0.08539370447397232,0.0,0,3.919642925262451,0.25677794218063354,-0.19722262024879456,0.02329649031162262,76.67417907714844,1,0.024794921278953552,-0.2545495927333832,0.20414835214614868,0.022917382419109344,83.60769653320312,1,0.050219565629959106,-0.26432502269744873,-0.11795308440923691,0.05264444649219513,0.0,0,2.552150249481201
244,4.88,walk,0.5,0.0,-0.5,0.3568340539932251,0.2702747583389282,-0.09704503417015076,0.4836168885231018,0.38597220182418823,2.384007520353958,-2.3991250768647236,2,0,0,0.41821062564849854,-0.24286861717700958,0.4772980809211731,-0.06852809339761734,-0.38597220182418823,0.0,0.33364352583885193,0.3987763226032257,0.13735979795455933,0.09663243591785431,0.0,0,2.4727582931518555,0.24897301197052002,-0.18984819948673248,0.02326614409685135,78.4925308227539,1,0.01126753818243742,-0.2644042372703552,0.20798812806606293,0.022860340774059296,87.44505310058594,1,0.04666830971837044,-0.2233973741531372,-0.10130604356527328,0.057318881154060364,0.0,0,2.35884165763855
245,4.9,walk,0.5,0.0,-0.5,0.35645920038223267,0.2791973352432251,-0.10193459689617157,0.528721272945404,0.47138217091560364,2.848544053732158,-2.8069334740913825,2,0,0,0.4594132602214813,-0.2616976499557495,0.5233554840087891,-0.06620742380619049,-0.47138217091560364,0.0,0.35224413871765137,0.41317489743232727,0.1345522701740265,0.09671434015035629,0.0,0,0.8919861316680908,0.23848013579845428,-0.1838003247976303,0.02323237806558609,83.10237884521484,1,0.014251154847443104,-0.2777092754840851,0.20941632986068726,0.02279825508594513,88.58745574951172,1,0.045887574553489685,-0.19974082708358765,-0.08699537813663483,0.058059170842170715,0.0,0,1.53691828250885
246,4.92,walk,0.5,0.0,-0.5,0.35641613602638245,0.2888606786727905,-0.10701267421245575,0.5588374137878418,0.43900084495544434,2.7882514126075164,-3.65006888726727,2,0,0,0.49187102913856506,-0.2652586102485657,0.5565696954727173,-0.05303062126040459,-0.43900084495544434,0.0,0.33765289187431335,0.39137300848960876,0.12762437760829926,0.0783514752984047,0.0,0,1.0432684421539307,0.2249072939157486,-0.18097618222236633,0.023194581270217896,88.25662231445312,1,0.016990164294838905,-0.29429367184638977,0.20733419060707092,0.02273433655500412,83.85330200195312,1,0.0629243329167366,-0.2005126178264618,-0.07643502950668335,0.04549718648195267,0.0,0,0.7419837117195129
247,4.94,walk,0.5,0.0,-0.5,0.3570007085800171,0.29872018098831177,-0.11189942061901093,0.5555620789527893,0.32530954480171204,2.2034770828540586,-4.6252508535631325,3,0,0,0.4981112480163574,-0.24603739380836487,0.5570237040519714,-0.029256561771035194,-0.32530954480171204,0.0,0.32750052213668823,0.33748432993888855,0.10920466482639313,0.0320466049015522,0.0,0,2.5381035804748535,0.21015948057174683,-0.18207865953445435,0.023149244487285614,94.29483795166016,1,0.019163116812705994,-0.31136268377304077,0.20235802233219147,0.022668130695819855,76.9424819946289,1,0.0841129943728447,-0.2168797105550766,-0.0730065256357193,0.02336917072534561,59.75444793701172,1,0.062328990548849106
248,4.96,walk,0.5,0.0,-0.5,0.3578164279460907,0.3079085648059845,-0.11648193746805191,0.4903222620487213,0.4170413017272949,1.2978809771005797,-4.467763339888741,3,0,0,0.43462589383125305,-0.22697195410728455,0.4911245107650757,-0.03242858126759529,-0.4170413017272949,0.0,0.31885960698127747,0.3182036280632019,0.10195481777191162,0.023488938808441162,74.16226196289062,1,0.03983094543218613,0.22566016018390656,-0.19054527580738068,0.028535857796669006,0.0,0,1.7073569297790527,-0.3214331269264221,0.19564373791217804,0.02257658541202545,26.183679580688477,1,0.07897785305976868,-0.22487352788448334,-0.07916086912155151,0.02332880347967148,82.88291931152344,1,0.015336297452449799
249,4.98,walk,0.5,0.0,-0.5,0.3581697344779968,0.31623101234436035,-0.12078919261693954,0.45344069600105286,0.38840577006340027,0.3906394627677888,-4.061854589024992,2,0,0,0.3989359438419342,-0.21554253995418549,0.45140373706817627,-0.031805913895368576,-0.38840577006340027,0.0,0.2916037142276764,0.3106463551521301,0.09975814819335938,0.02355525642633438,81.9550552368164,1,0.01066155917942524,0.270732045173645,-0.20180928707122803,0.057693302631378174,0.0,0,2.4988744258880615,-0.3106553852558136,0.19855080544948578,0.0386345311999321,0.0,0,1.3171236515045166,-0.23046989738941193,-0.0854901373386383,0.023267067968845367,82.8433837890625,1,0.01831994019448757
250,5.0,walk,0.5,0.0,-0.5,0.3582395613193512,0.3240502178668976,-0.12486296892166138,0.4367440938949585,0.3943788409233093,-0.21726727696147424,-3.8632049403175177,2,0,0,0.3835074305534363,-0.20896761119365692,0.4348987638950348,-0.028698064386844635,-0.3943788409233093,0.0,0.2891319692134857,0.3024633526802063,0.09905990958213806,0.023541465401649475,77.46003723144531,1,0.012267738580703735,0.30905959010124207,-0.21786785125732422,0.08412444591522217,0.0,0,2.027371406555176,-0.2946939170360565,0.21429237723350525,0.060379959642887115,0.0,0,1.5771373510360718,-0.23677845299243927,-0.09018000960350037,0.023226909339427948,86.22364044189453,1,0.012014961801469326
251,5.0200000000000005,walk,0.5,0.0,-0.5,0.35849085450172424,0.3317421078681946,-0.1289650946855545,0.43709853291511536,0.4297349452972412,-0.6051964352892374,-3.7855580691723434,2,0,0,0.3805033564567566,-0.21511003375053406,0.436281681060791,-0.03167542442679405,-0.4297349452972412,0.0,0.2922365367412567,0.2936539053916931,0.09971336275339127,0.02353479713201523,75.89430236816406,1,0.013755020685493946,0.3301621675491333,-0.23144419491291046,0.1038515716791153,0.0,0,1.1927672624588013,-0.28331345319747925,0.22811980545520782,0.07803190499544144,0.0,0,1.1505203247070312,-0.24365092813968658,-0.09373468905687332,0.023184947669506073,86.78825378417969,1,0.011545057408511639
252,5.04,walk,0.5,0.0,-0.5,0.3589099943637848,0.3393743336200714,-0.13312144577503204,0.4340958595275879,0.4525684714317322,-0.7223139557917105,-3.749277384961705,2,0,0,0.3752162754535675,-0.21829326450824738,0.4335477352142334,-0.03280621021986008,-0.4525684714317322,0.0,0.2921596169471741,0.2845911681652069,0.10205294191837311,0.02352823317050934,74.69385528564453,1,0.016184888780117035,0.3381528854370117,-0.242436021566391,0.11706037819385529,0.0,0,0.8521499037742615,-0.2734006345272064,0.235126793384552,0.0926535502076149,0.0,0,0.9674606919288635,-0.25067445635795593,-0.09590195119380951,0.023146726191043854,83.68354797363281,1,0.020995352417230606
253,5.0600000000000005,walk,0.5,0.0,-0.5,0.3593635857105255,0.3468538820743561,-0.1372777670621872,0.42583444714546204,0.4806360900402069,-0.7332891626534218,-3.7247173053668083,2,0,0,0.36593136191368103,-0.21778248250484467,0.4252837896347046,-0.032349634915590286,-0.4806360900402069,0.0,0.2927902042865753,0.2755480110645294,0.1050642803311348,0.023509502410888672,75.8315658569336,1,0.017756588757038116,0.34302034974098206,-0.251382976770401,0.12773297727108002,0.0,0,0.7754085063934326,-0.2627761960029602,0.23874589800834656,0.10554009675979614,0.0,0,1.0045576095581055,-0.2575782239437103,-0.09763354808092117,0.0231076180934906,80.90442657470703,1,0.030295355245471
254,5.08,walk,0.5,0.0,-0.5,0.35986292362213135,0.3541553318500519,-0.14141812920570374,0.4185727834701538,0.5119478702545166,-0.7877000504073302,-3.725577055428584,2,0,0,0.3575611710548401,-0.21760784089565277,0.41826117038726807,-0.0316384956240654,-0.5119478702545166,0.0,0.29638102650642395,0.26645970344543457,0.10787136852741241,0.023487597703933716,76.05496215820312,1,0.020579146221280098,0.34922951459884644,-0.258064866065979,0.13697487115859985,0.0,0,0.744727611541748,-0.2525160312652588,0.24071906507015228,0.11628583818674088,0.0,0,0.9785058498382568,-0.26440101861953735,-0.09982548654079437,0.023065343499183655,80.16792297363281,1,0.03406629338860512
255,5.1000000000000005,walk,0.5,0.0,-0.5,0.3604399263858795,0.36133384704589844,-0.145582914352417,0.41560477018356323,0.5349445939064026,-0.8695306258625488,-3.736481025551686,2,0,0,0.35254380106925964,-0.220091313123703,0.4155227243900299,-0.031651146709918976,-0.5349445939064026,0.0,0.30117151141166687,0.2573529779911041,0.11054745316505432,0.023461848497390747,75.80441284179688,1,0.02272103913128376,0.3560987114906311,-0.2624950110912323,0.14403033256530762,0.0,0,0.6856624484062195,-0.244075208902359,0.24117828905582428,0.12381964176893234,0.0,0,0.8906136751174927,-0.271122008562088,-0.10236600786447525,0.02302093803882599,79.89533233642578,1,0.036349888890981674
256,5.12,walk,0.5,0.0,-0.5,0.3610609769821167,0.3684502840042114,-0.1498151570558548,0.4157311022281647,0.5488370656967163,-0.934506268797733,-3.737815473760777,2,0,0,0.35002654790878296,-0.22430729866027832,0.41566672921180725,-0.031988728791475296,-0.5488370656967163,0.0,0.3055049479007721,0.248281791806221,0.11331520974636078,0.023432955145835876,76.05492401123047,1,0.02390892803668976,0.362257182598114,-0.26527920365333557,0.14876976609230042,0.0,0,0.6137492060661316,-0.23722688853740692,0.24031071364879608,0.12858924269676208,0.0,0,0.8319255113601685,-0.2777107357978821,-0.1049545481801033,0.02297547459602356,79.07746124267578,1,0.04020057991147041
257,5.14,walk,0.5,0.0,-0.5,0.3616636097431183,0.37554609775543213,-0.15414676070213318,0.4180912375450134,0.559694766998291,-0.9717236494200152,-3.719712911139305,2,0,0,0.3492664694786072,-0.22981126606464386,0.4178194999694824,-0.03258208930492401,-0.559694766998291,0.0,0.3089123070240021,0.2392590045928955,0.11621706187725067,0.023401767015457153,76.63654327392578,1,0.024614421650767326,0.36727654933929443,-0.2670271396636963,0.15176092088222504,0.0,0,0.5518168210983276,-0.23136819899082184,0.23887237906455994,0.13160037994384766,0.0,0,0.8007615208625793,-0.28416675329208374,-0.10749805718660355,0.022928111255168915,77.93476867675781,1,0.044902246445417404
258,5.16,walk,0.5,0.0,-0.5,0.36220359802246094,0.3826536238193512,-0.15860864520072937,0.42268913984298706,0.5706736445426941,-0.9827560057551725,-3.6770626486408062,2,0,0,0.35006824135780334,-0.23689305782318115,0.4220619201660156,-0.03369159996509552,-0.5706736445426941,0.0,0.3113200068473816,0.23027202486991882,0.1192430630326271,0.023368827998638153,77.36321258544922,1,0.02525545284152031,0.37116724252700806,-0.26809266209602356,0.15342307090759277,0.0,0,0.4992636442184448,-0.22635731101036072,0.23753781616687775,0.13337984681129456,0.0,0,0.7709789872169495,-0.29050061106681824,-0.10999365895986557,0.022878214716911316,76.67488861083984,1,0.049660664051771164
259,5.18,walk,0.5,0.0,-0.5,0.3626589775085449,0.38980168104171753,-0.16323550045490265,0.4295189082622528,0.5820149779319763,-0.965845417865573,-3.606161016187843,2,0,0,0.3522196412086487,-0.24582070112228394,0.42843320965766907,-0.035555560141801834,-0.5820149779319763,0.0,0.31274592876434326,0.2212986946105957,0.1224130243062973,0.023333832621574402,78.19915771484375,1,0.02594047412276268,0.37398606538772583,-0.2686423361301422,0.15385736525058746,0.0,0,0.45350465178489685,-0.22220191359519958,0.2365770787000656,0.13409242033958435,0.0,0,0.7417792081832886,-0.29672858119010925,-0.11242412030696869,0.022826261818408966,75.28532409667969,1,0.0543423630297184
260,5.2,walk,0.5,0.0,-0.5,0.36301761865615845,0.39701297879219055,-0.16806522011756897,0.4383693337440491,0.5931625962257385,-0.9171592958531931,-3.50348128829116,2,0,0,0.35532093048095703,-0.2567386031150818,0.43671467900276184,-0.03841163590550423,-0.5931625962257385,0.0,0.31333184242248535,0.21232029795646667,0.12576065957546234,0.023296892642974854,79.15103149414062,1,0.02665317803621292,0.3758236765861511,-0.26874715089797974,0.1530376523733139,0.0,0,0.4151580333709717,-0.21876418590545654,0.23598428070545197,0.1337941437959671,0.0,0,0.7221400737762451,-0.3028644919395447,-0.11475546658039093,0.022771194577217102,73.03321075439453,1,0.05836488679051399
261,5.22,walk,0.5,0.0,-0.5,0.3632376790046692,0.4042932689189911,-0.17313948273658752,0.44856879115104675,0.6018970012664795,-0.8506992073514419,-3.3789035470285937,2,0,0,0.3583923876285553,-0.2697570323944092,0.44605717062950134,-0.04282715544104576,-0.6018970012664795,0.0,0.3133014738559723,0.2032531052827835,0.12921370565891266,0.023257628083229065,80.1408462524414,1,0.02760057896375656,0.3767637610435486,-0.26848670840263367,0.15090785920619965,0.0,0,0.38355058431625366,-0.21583065390586853,0.2356347143650055,0.13247418403625488,0.0,0,0.716067910194397,-0.3089919090270996,-0.11703968048095703,0.022714100778102875,68.95864868164062,1,0.060170724987983704
262,5.24,walk,0.5,0.0,-0.5,0.36326882243156433,0.4116302728652954,-0.1785021424293518,0.45973262190818787,0.6097675561904907,-0.7714834204095745,-3.2446980138006594,2,0,0,0.36069467663764954,-0.2850498855113983,0.45607638359069824,-0.0492788702249527,-0.6097675561904907,0.0,0.31287243962287903,0.19401240348815918,0.13276314735412598,0.02321568876504898,81.34454345703125,1,0.028561566025018692,0.3768342137336731,-0.26783111691474915,0.14723414182662964,0.0,0,0.35153770446777344,-0.2132337987422943,0.23530210554599762,0.1299150586128235,0.0,0,0.7186944484710693,-0.31519922614097595,-0.1192660704255104,0.022655218839645386,65.67142486572266,1,0.06127694994211197
263,5.26,walk,0.5,0.0,-0.5,0.36309579014778137,0.4190051257610321,-0.18419766426086426,0.4718014597892761,0.6162476539611816,-0.6659665493255449,-3.0994685552523245,2,0,0,0.36199626326560974,-0.30258113145828247,0.46672746539115906,-0.05781354755163193,-0.6162476539611816,0.0,0.31213775277137756,0.18459852039813995,0.13651607930660248,0.023171447217464447,82.84383392333984,1,0.029484793543815613,0.3759247958660126,-0.2665879726409912,0.141619011759758,0.0,0,0.3088706135749817,-0.2108006328344345,0.23466596007347107,0.12572219967842102,0.0,0,0.7310230731964111,-0.32149264216423035,-0.12131217867136002,0.022594913840293884,62.86581802368164,1,0.06221899017691612
264,5.28,walk,0.5,0.0,-0.5,0.362720251083374,0.4263969659805298,-0.1902710199356079,0.48492005467414856,0.62037193775177,-0.5229864108091128,-2.9398910036919084,2,0,0,0.3622656762599945,-0.3223523199558258,0.47810572385787964,-0.06842351704835892,-0.62037193775177,0.0,0.31117695569992065,0.17502464354038239,0.14056260883808136,0.02312435954809189,84.65589904785156,1,0.03048839420080185,0.37361806631088257,-0.26454222202301025,0.133437842130661,0.0,0,0.24285206198692322,-0.2084181010723114,0.23343534767627716,0.1194472685456276,0.0,0,0.7526763081550598,-0.3278709053993225,-0.12306219339370728,0.022532232105731964,60.10082244873047,1,0.06306811422109604
265,5.3,walk,0.5,0.0,-0.5,0.3621712923049927,0.43378546833992004,-0.1967684030532837,0.4994555711746216,0.621232807636261,-0.3455433255357648,-2.7652255642549344,2,0,0,0.3616879880428314,-0.34443819522857666,0.4905751347541809,-0.08105503022670746,-0.621232807636261,0.0,0.31024712324142456,0.1652919501066208,0.144901841878891,0.023074790835380554,86.91343688964844,1,0.03176954388618469,0.3686869740486145,-0.2615736424922943,0.12128272652626038,0.0,0,0.13748329877853394,-0.20632266998291016,0.23130913078784943,0.11025985330343246,0.0,0,0.7729072570800781,-0.33435386419296265,-0.12447144091129303,0.02246803045272827,57.457340240478516,1,0.06393497437238693
266,5.32,walk,0.5,0.0,-0.5,0.36154496669769287,0.4411534368991852,-0.20374172925949097,0.5161935091018677,0.6227853894233704,-0.14120475623969164,-2.5769699693603387,2,0,0,0.36055418848991394,-0.3694000244140625,0.5049344301223755,-0.09600179642438889,-0.6227853894233704,0.0,0.3103591203689575,0.15538175404071808,0.14951299130916595,0.023021981120109558,89.95020294189453,1,0.03382866457104683,0.35792502760887146,-0.25737303495407104,0.10198718309402466,0.0,0,0.30019763112068176,-0.2055596113204956,0.22767409682273865,0.09632045775651932,0.0,0,0.7788568735122681,-0.34097903966903687,-0.1255219578742981,0.022400930523872375,55.04347229003906,1,0.06536363065242767
267,5.34,walk,0.5,0.0,-0.5,0.36103105545043945,0.4484821557998657,-0.21126395463943481,0.5368335247039795,0.6442650556564331,0.09795220979461565,-2.405010565495159,2,0,0,0.35858505964279175,-0.39950844645500183,0.5224941372871399,-0.11519312858581543,-0.6442650556564331,0.0,0.3162912130355835,0.14506912231445312,0.15451638400554657,0.02296566218137741,94.03484344482422,1,0.0389830619096756,0.33308812975883484,-0.2500389516353607,0.06920800358057022,0.0,0,1.1244724988937378,-0.20910614728927612,0.22072410583496094,0.07382442057132721,0.0,0,0.8207035064697266,-0.34793516993522644,-0.1261567771434784,0.02233152836561203,51.024253845214844,1,0.0670645460486412
268,5.36,walk,0.5,0.0,-0.5,0.36032575368881226,0.45572882890701294,-0.21941734850406647,0.5563114881515503,0.7353276014328003,0.37007704486933324,-2.1655565129123824,2,0,0,0.35068607330322266,-0.43185850977897644,0.5359393954277039,-0.1386394202709198,-0.7353276014328003,0.0,0.31824150681495667,0.13464708626270294,0.1601094752550125,0.022930309176445007,75.08792877197266,1,0.04249309003353119,0.2858999967575073,-0.22785571217536926,0.027712315320968628,0.0,0,2.46197247505188,-0.22258155047893524,0.20416264235973358,0.03719985485076904,0.0,0,1.3701878786087036,-0.35468024015426636,-0.12656815350055695,0.022265538573265076,35.9096565246582,1,0.06363000720739365
269,5.38,walk,0.5,0.0,-0.5,0.3579934239387512,0.46233469247817993,-0.22706735134124756,0.4809812307357788,0.6076857447624207,0.9377751546458188,-1.992298092444431,2,0,0,0.30585286021232605,-0.37121015787124634,0.4640618562698364,-0.1086026206612587,-0.6076857447624207,0.0,0.2806900143623352,0.17959652841091156,0.16675123572349548,0.03501617908477783,0.0,0,3.7692341804504395,0.2729780077934265,-0.21321843564510345,0.0232028067111969,93.18095397949219,1,0.036641571670770645,-0.23715560138225555,0.2003270834684372,0.02296769618988037,90.39671325683594,1,0.024909164756536484,-0.3426780700683594,-0.1272292286157608,0.02871338278055191,0.0,0,0.9641788005828857
270,5.4,walk,0.5,0.0,-0.5,0.3562951683998108,0.46839815378189087,-0.23402757942676544,0.4599717855453491,0.4147975742816925,1.0042509312383199,-2.0836493112724126,2,0,0,0.2981370985507965,-0.3502689003944397,0.4473848342895508,-0.09309259802103043,-0.4147975742816925,0.0,0.2593516409397125,0.26256901025772095,0.15370070934295654,0.055272284895181656,0.0,0,4.861612796783447,0.2651796340942383,-0.20872089266777039,0.02328798919916153,82.3902816772461,1,0.024655738845467567,-0.24783289432525635,0.20037856698036194,0.022946804761886597,84.14629364013672,1,0.042149171233177185,-0.3038098216056824,-0.12600433826446533,0.046384572982788086,0.0,0,2.201026678085327
271,5.42,walk,0.5,0.0,-0.5,0.3553398549556732,0.4744083285331726,-0.24080072343349457,0.46144869923591614,0.3456196188926697,1.6397581985993401,-2.0337108100426877,2,0,0,0.302839457988739,-0.3481711745262146,0.4510903060436249,-0.08508957177400589,-0.3456196188926697,0.0,0.2874631881713867,0.3438730239868164,0.14013908803462982,0.0760013610124588,0.0,0,4.228773593902588,0.2580365538597107,-0.20164290070533752,0.023289620876312256,79.06062316894531,1,0.016272004693746567,-0.2570650577545166,0.2039126753807068,0.02289624512195587,86.68315124511719,1,0.0481637641787529,-0.2622380554676056,-0.11709968000650406,0.052352532744407654,0.0,0,2.4758925437927246
272,5.44,walk,0.5,0.0,-0.5,0.3544832766056061,0.48083749413490295,-0.24780139327049255,0.49631091952323914,0.4084450900554657,2.504060474734803,-2.0330327003241524,2,0,0,0.3315056264400482,-0.36936235427856445,0.48744329810142517,-0.07983776181936264,-0.4084450900554657,0.0,0.33217543363571167,0.39825883507728577,0.1342182159423828,0.08739583939313889,0.0,0,2.5715038776397705,0.2502402067184448,-0.1933189183473587,0.023276738822460175,80.15706634521484,1,0.012019617483019829,-0.2670494318008423,0.20842021703720093,0.02283744513988495,89.05024719238281,1,0.04694089666008949,-0.2214803546667099,-0.1023980900645256,0.05622030049562454,0.0,0,2.3533616065979004
273,5.46,walk,0.5,0.0,-0.5,0.3536681532859802,0.48804157972335815,-0.2553490102291107,0.5420346260070801,0.4710344970226288,3.0576374885674045,-2.390766846311332,2,0,0,0.3686019778251648,-0.39740926027297974,0.5349127054214478,-0.07408011704683304,-0.4710344970226288,0.0,0.35017552971839905,0.41314685344696045,0.1329161673784256,0.08758598566055298,0.0,0,0.8564428687095642,0.2398686707019806,-0.18655481934547424,0.023214705288410187,85.24483489990234,1,0.011109616607427597,-0.28031179308891296,0.21039888262748718,0.022772468626499176,89.40185546875,1,0.047755829989910126,-0.19774320721626282,-0.0888904258608818,0.056022949516773224,0.0,0,1.520379662513733
274,5.48,walk,0.5,0.0,-0.5,0.3532636761665344,0.49592557549476624,-0.2632598578929901,0.5710915327072144,0.42587998509407043,3.032050105832656,-3.1634172685736264,2,0,0,0.39975547790527344,-0.40784937143325806,0.5672778487205505,-0.058685652911663055,-0.42587998509407043,0.0,0.3350953161716461,0.39114606380462646,0.12724417448043823,0.06878763437271118,0.0,0,1.0319197177886963,0.22648659348487854,-0.1834406852722168,0.02320900559425354,89.83281707763672,1,0.016161417588591576,-0.2966495752334595,0.20863965153694153,0.022706076502799988,83.85292053222656,1,0.06489047408103943,-0.1984069049358368,-0.07806193828582764,0.04317145794630051,0.0,0,0.7434287071228027
275,5.5,walk,0.5,0.0,-0.5,0.35356414318084717,0.5040683150291443,-0.27097153663635254,0.5639491677284241,0.3206382095813751,2.4887188026418965,-4.041748646542589,3,0,0,0.41041842103004456,-0.38677558302879333,0.5643799901008606,-0.032763510942459106,-0.3206382095813751,0.0,0.3252643346786499,0.3381708860397339,0.11012950539588928,0.023374997079372406,3.5628232955932617,0,2.3720462322235107,0.21212920546531677,-0.1842568963766098,0.023169972002506256,96.697509765625,1,0.01751963049173355,-0.3132670521736145,0.2040313184261322,0.022636093199253082,76.61897277832031,1,0.08368419855833054,-0.21358485519886017,-0.07506946474313736,0.02341504395008087,50.03597640991211,1,0.017270848155021667
276,5.5200000000000005,walk,0.5,0.0,-0.5,0.35433170199394226,0.5115780234336853,-0.2780850827693939,0.4909692406654358,0.40955817699432373,1.550034165619408,-3.842576915250433,3,0,0,0.35020002722740173,-0.3441086411476135,0.49182403087615967,-0.03494666516780853,-0.40955817699432373,0.0,0.31287965178489685,0.32557934522628784,0.10552490502595901,0.02356652170419693,82.95609283447266,1,0.015970174223184586,0.2266262173652649,-0.19340118765830994,0.026437006890773773,0.0,0,1.6850121021270752,-0.3231143355369568,0.19726553559303284,0.02254369854927063,25.070030212402344,1,0.07728021591901779,-0.22139757871627808,-0.08128541707992554,0.023333214223384857,81.70565032958984,1,0.013439622707664967
277,5.54,walk,0.5,0.0,-0.5,0.3547320067882538,0.5182810425758362,-0.28466325998306274,0.4551122486591339,0.3984582722187042,0.6251508863102825,-3.4929990823493062,2,0,0,0.3189157247543335,-0.3246843218803406,0.4532478153705597,-0.03558945655822754,-0.3984582722187042,0.0,0.2864673137664795,0.31763771176338196,0.10340595245361328,0.023563019931316376,81.25072479248047,1,0.02169809862971306,0.27078256011009216,-0.2035931646823883,0.05451878905296326,0.0,0,2.4742448329925537,-0.31144165992736816,0.20001089572906494,0.03901097923517227,0.0,0,1.3659589290618896,-0.22731277346611023,-0.08763141930103302,0.02327398955821991,82.92008972167969,1,0.01886211708188057
278,5.5600000000000005,walk,0.5,0.0,-0.5,0.35484579205513,0.5245764851570129,-0.29087719321250916,0.4383462369441986,0.4022311270236969,0.027294911684458713,-3.345296454991192,2,0,0,0.3063106834888458,-0.3135620951652527,0.4366922676563263,-0.03187476098537445,-0.4022311270236969,0.0,0.2842472493648529,0.30908143520355225,0.10294285416603088,0.023583073168992996,76.65670013427734,1,0.013311509042978287,0.3085033595561981,-0.21838462352752686,0.08019609749317169,0.0,0,2.0087890625,-0.294868528842926,0.21558310091495514,0.06048578768968582,0.0,0,1.601500391960144,-0.233911395072937,-0.09220661222934723,0.02323359251022339,86.4107894897461,1,0.011992505751550198
279,5.58,walk,0.5,0.0,-0.5,0.35513755679130554,0.5307484865188599,-0.2970699667930603,0.43855494260787964,0.4336121380329132,-0.38130368806986564,-3.3131990482037748,2,0,0,0.30203869938850403,-0.31796708703041077,0.4377511143684387,-0.03414440155029297,-0.4336121380329132,0.0,0.28758013248443604,0.299957811832428,0.10359933972358704,0.02358323335647583,75.26878356933594,1,0.016771657392382622,0.32940903306007385,-0.23127466440200806,0.09934984147548676,0.0,0,1.1868538856506348,-0.2830250859260559,0.22868642210960388,0.07776451110839844,0.0,0,1.1598173379898071,-0.24103549122810364,-0.09583663940429688,0.023192256689071655,87.04678344726562,1,0.01160880271345377
280,5.6000000000000005,walk,0.5,0.0,-0.5,0.355634868144989,0.5368305444717407,-0.30328240990638733,0.43413490056991577,0.4533347189426422,-0.556372428832988,-3.3419434724389503,2,0,0,0.2949053943157196,-0.3185967803001404,0.4337517321109772,-0.03532465547323227,-0.4533347189426422,0.0,0.28798729181289673,0.29050570726394653,0.10567585378885269,0.023563198745250702,75.64228057861328,1,0.018228158354759216,0.33753353357315063,-0.24192875623703003,0.11238520592451096,0.0,0,0.8478842377662659,-0.27305543422698975,0.23499220609664917,0.09195703268051147,0.0,0,0.9794402122497559,-0.24839986860752106,-0.09829023480415344,0.02315457910299301,84.24674987792969,1,0.020245814695954323
281,5.62,walk,0.5,0.0,-0.5,0.3562142848968506,0.54274582862854,-0.3094349801540375,0.42475003004074097,0.47934138774871826,-0.6239803626412715,-3.3958223524895383,2,0,0,0.2852652966976166,-0.31470033526420593,0.4244840145111084,-0.03489314019680023,-0.47934138774871826,0.0,0.2892262637615204,0.2810233533382416,0.10842178761959076,0.023541860282421112,75.56733703613281,1,0.020085034891963005,0.34266236424446106,-0.2506692409515381,0.12323839217424393,0.0,0,0.7829452157020569,-0.2626197338104248,0.238060861825943,0.10459784418344498,0.0,0,1.0045894384384155,-0.2556982636451721,-0.10029583424329758,0.023115932941436768,81.8536605834961,1,0.028366200625896454
282,5.64,walk,0.5,0.0,-0.5,0.3568497896194458,0.5484908223152161,-0.31551024317741394,0.4171505272388458,0.5068830847740173,-0.701249225504568,-3.4596867556632733,2,0,0,0.2773185670375824,-0.31162312626838684,0.4171116352081299,-0.03383904695510864,-0.5068830847740173,0.0,0.29335182905197144,0.2715986371040344,0.11114708334207535,0.023518353700637817,75.16053009033203,1,0.022393839433789253,0.3490779399871826,-0.2572939395904541,0.1328347772359848,0.0,0,0.75909823179245,-0.2527148127555847,0.23970019817352295,0.11514259874820709,0.0,0,0.9665604829788208,-0.2628227770328522,-0.102555051445961,0.023074090480804443,81.06924438476562,1,0.03218424692749977
283,5.66,walk,0.5,0.0,-0.5,0.35755568742752075,0.5541139841079712,-0.3215629756450653,0.4138016998767853,0.5257604122161865,-0.7849010068689471,-3.5146136428646346,2,0,0,0.2719534933567047,-0.31188639998435974,0.4139847457408905,-0.03334824740886688,-0.5257604122161865,0.0,0.29855021834373474,0.26227524876594543,0.11384084820747375,0.02349141240119934,75.03809356689453,1,0.024047482758760452,0.356062650680542,-0.2618226706981659,0.14029130339622498,0.0,0,0.69889235496521,-0.2446471005678177,0.2400875836610794,0.12245649844408035,0.0,0,0.878629744052887,-0.26973992586135864,-0.10502657294273376,0.02303037792444229,80.56500244140625,1,0.03511681407690048
284,5.68,walk,0.5,0.0,-0.5,0.3582974672317505,0.5596613883972168,-0.3276491165161133,0.41347408294677734,0.5368872284889221,-0.8479889562722691,-3.5489340627834793,2,0,0,0.26851314306259155,-0.31442248821258545,0.4136897921562195,-0.03312395513057709,-0.5368872284889221,0.0,0.30323970317840576,0.25306153297424316,0.1166253387928009,0.02346178889274597,75.35018157958984,1,0.024918878450989723,0.36230307817459106,-0.2647799849510193,0.1454150676727295,0.0,0,0.6249169111251831,-0.23804427683353424,0.23935796320438385,0.12707406282424927,0.0,0,0.8250877261161804,-0.27646172046661377,-0.10751661658287048,0.022985123097896576,79.6009750366211,1,0.03935261443257332
285,5.7,walk,0.5,0.0,-0.5,0.35901468992233276,0.5651639699935913,-0.33381059765815735,0.4154284596443176,0.546596109867096,-0.8854158316030002,-3.557270948995715,2,0,0,0.2664027810096741,-0.318763792514801,0.41546431183815,-0.03321055322885513,-0.546596109867096,0.0,0.3069351017475128,0.24394196271896362,0.11951673030853271,0.02343006432056427,75.95185852050781,1,0.02541797049343586,0.3673955202102661,-0.2666769027709961,0.14875192940235138,0.0,0,0.5597509145736694,-0.23229815065860748,0.23814702033996582,0.13001930713653564,0.0,0,0.7973690629005432,-0.2830113172531128,-0.10997341573238373,0.022937797009944916,78.39688873291016,1,0.04418833926320076
286,5.72,walk,0.5,0.0,-0.5,0.35966479778289795,0.5706440210342407,-0.34008780121803284,0.41967305541038513,0.5573232769966125,-0.8984435103103003,-3.5365103755700495,2,0,0,0.26531434059143066,-0.32516729831695557,0.4193769097328186,-0.033914096653461456,-0.5573232769966125,0.0,0.3095315396785736,0.23488906025886536,0.12251453846693039,0.023397065699100494,76.68600463867188,1,0.02589622512459755,0.3713456690311432,-0.26782315969467163,0.15070034563541412,0.0,0,0.5034809708595276,-0.22731010615825653,0.23703321814537048,0.1317848563194275,0.0,0,0.7696706056594849,-0.28941071033477783,-0.11239729821681976,0.022888310253620148,77.10315704345703,1,0.04900089651346207
287,5.74,walk,0.5,0.0,-0.5,0.36022576689720154,0.576119065284729,-0.34652337431907654,0.42617130279541016,0.5687119960784912,-0.8843244420788262,-3.4840579378389362,2,0,0,0.26495933532714844,-0.33379411697387695,0.4254288375377655,-0.035454049706459045,-0.5687119960784912,0.0,0.3110557794570923,0.2258731573820114,0.12564757466316223,0.023361697793006897,77.52507019042969,1,0.026448441669344902,0.374206006526947,-0.26839518547058105,0.151358500123024,0.0,0,0.4545448422431946,-0.22311794757843018,0.23624414205551147,0.13251298666000366,0.0,0,0.7416988015174866,-0.2956807613372803,-0.11476586759090424,0.022836223244667053,75.68958282470703,1,0.053719762712717056
288,5.76,walk,0.5,0.0,-0.5,0.36068564653396606,0.5815995931625366,-0.35316118597984314,0.4347414970397949,0.5803348422050476,-0.8377066934461966,-3.3966293820286575,2,0,0,0.2649640142917633,-0.34466540813446045,0.43344712257385254,-0.038027048110961914,-0.5803348422050476,0.0,0.3116699755191803,0.21687321364879608,0.12896102666854858,0.023324839770793915,78.47748565673828,1,0.027088919654488564,0.3760732114315033,-0.2684831917285919,0.15071840584278107,0.0,0,0.4139637351036072,-0.21961136162281036,0.2357722818851471,0.1322517693042755,0.0,0,0.7219651341438293,-0.30183687806129456,-0.11703653633594513,0.022781357169151306,74.12240600585938,1,0.058322563767433167
289,5.78,walk,0.5,0.0,-0.5,0.3610219657421112,0.5870848298072815,-0.36004510521888733,0.4449511170387268,0.5900701880455017,-0.7625873658198973,-3.276780479549267,2,0,0,0.26465675234794617,-0.3576846420764923,0.44288504123687744,-0.04200809448957443,-0.5900701880455017,0.0,0.3116229772567749,0.20784300565719604,0.13244390487670898,0.02328554540872574,79.50167083740234,1,0.027864238247275352,0.37706130743026733,-0.26815319061279297,0.1487559974193573,0.0,0,0.3812731206417084,-0.21657699346542358,0.23550540208816528,0.13098718225955963,0.0,0,0.7148725390434265,-0.30792415142059326,-0.11920936405658722,0.02272413671016693,70.15452575683594,1,0.060638703405857086
290,5.8,walk,0.5,0.0,-0.5,0.3611771762371063,0.5925528407096863,-0.36721622943878174,0.4561993479728699,0.5979363322257996,-0.6739084051438301,-3.1417408094689447,2,0,0,0.2630281448364258,-0.3727385699748993,0.45304080843925476,-0.04803456366062164,-0.5979363322257996,0.0,0.3111473619937897,0.1986677646636963,0.13602475821971893,0.02324426919221878,80.66388702392578,1,0.028754599392414093,0.3771958351135254,-0.26744145154953003,0.14531540870666504,0.0,0,0.3502298593521118,-0.21386709809303284,0.2352665662765503,0.12855374813079834,0.0,0,0.7172254323959351,-0.31406161189079285,-0.12132695317268372,0.02266532927751541,66.47687530517578,1,0.061834946274757385
291,5.82,walk,0.5,0.0,-0.5,0.36112573742866516,0.5979715585708618,-0.3747127056121826,0.4683373272418976,0.6044415831565857,-0.5626390740356217,-2.9959666433343015,2,0,0,0.2597360610961914,-0.3897140324115753,0.4638051390647888,-0.05623719096183777,-0.6044415831565857,0.0,0.31038400530815125,0.18931475281715393,0.13978305459022522,0.023200534284114838,82.12285614013672,1,0.02961818501353264,0.3763757348060608,-0.2661934494972229,0.13998708128929138,0.0,0,0.30950266122817993,-0.21136662364006042,0.23476937413215637,0.12454550713300705,0.0,0,0.7264019846916199,-0.32029008865356445,-0.12329147756099701,0.022604525089263916,63.50910186767578,1,0.06271708756685257
292,5.84,walk,0.5,0.0,-0.5,0.36086907982826233,0.6033067107200623,-0.3825724124908447,0.48145145177841187,0.6085020303726196,-0.4154863302665465,-2.836700505711356,2,0,0,0.25471848249435425,-0.40855109691619873,0.47522813081741333,-0.06659923493862152,-0.6085020303726196,0.0,0.30940309166908264,0.1797947883605957,0.14382220804691315,0.023153699934482574,83.91114044189453,1,0.030519038438796997,0.37420928478240967,-0.26417475938796997,0.13213911652565002,0.0,0,0.24576571583747864,-0.20898759365081787,0.23369820415973663,0.11847476661205292,0.0,0,0.7440710663795471,-0.3266107439994812,-0.12497261166572571,0.022541940212249756,60.758846282958984,1,0.06353748589754105
293,5.86,walk,0.5,0.0,-0.5,0.3604357838630676,0.6085237264633179,-0.39083313941955566,0.4958703815937042,0.608984649181366,-0.2319882556135558,-2.6621674011895506,2,0,0,0.24811697006225586,-0.42933133244514465,0.4876209795475006,-0.07905985414981842,-0.608984649181366,0.0,0.308430939912796,0.1701177954673767,0.14816337823867798,0.023104563355445862,86.12702178955078,1,0.031650517135858536,0.36955082416534424,-0.2612333595752716,0.1204267293214798,0.0,0,0.1401027888059616,-0.2069137841463089,0.2317436933517456,0.1095317080616951,0.0,0,0.76311194896698,-0.3330363631248474,-0.12630295753479004,0.022477425634860992,58.12245178222656,1,0.06438076496124268
294,5.88,walk,0.5,0.0,-0.5,0.3599179983139038,0.6135901808738708,-0.39953917264938354,0.5123734474182129,0.6091304421424866,-0.019371163538096633,-2.472623034975938,2,0,0,0.24013182520866394,-0.452618271112442,0.5017743706703186,-0.09382927417755127,-0.6091304421424866,0.0,0.3083745539188385,0.16027525067329407,0.15278597176074982,0.0230521559715271,89.08373260498047,1,0.03345024958252907,0.35938015580177307,-0.2570829689502716,0.10184168815612793,0.0,0,0.269684761762619,-0.2060854434967041,0.2283344566822052,0.09597278386354446,0.0,0,0.7701219320297241,-0.33959752321243286,-0.1272570639848709,0.022410228848457336,55.75152587890625,1,0.0657271295785904
295,5.9,walk,0.5,0.0,-0.5,0.3595031499862671,0.6184685826301575,-0.4087536036968231,0.5326929688453674,0.6261809468269348,0.22998143397761497,-2.294069723797346,2,0,0,0.23008014261722565,-0.48044246435165405,0.519088625907898,-0.11265484988689423,-0.6261809468269348,0.0,0.3135984241962433,0.15007410943508148,0.15780246257781982,0.022996291518211365,93.12303161621094,1,0.037946783006191254,0.3358161449432373,-0.25001060962677,0.07018303126096725,0.0,0,1.0535390377044678,-0.20930825173854828,0.22182005643844604,0.07413159310817719,0.0,0,0.8064744472503662,-0.3464633822441101,-0.12776657938957214,0.022340424358844757,52.05732727050781,1,0.06746164709329605
296,5.92,walk,0.5,0.0,-0.5,0.3589923083782196,0.6230940818786621,-0.41855230927467346,0.55377197265625,0.7120962142944336,0.5084663357681648,-2.069377631001671,2,0,0,0.21382194757461548,-0.5108263492584229,0.5343340635299683,-0.13695330917835236,-0.7120962142944336,0.0,0.31747132539749146,0.139657661318779,0.16338004171848297,0.022964634001255035,78.65374755859375,1,0.045195963233709335,0.2895689308643341,-0.22923685610294342,0.02830604463815689,0.0,0,2.402005672454834,-0.22216878831386566,0.20630669593811035,0.03851483017206192,0.0,0,1.3097789287567139,-0.3532505929470062,-0.12804439663887024,0.022273391485214233,38.45731735229492,1,0.06464659422636032
297,5.94,walk,0.5,0.0,-0.5,0.35688096284866333,0.6272647380828857,-0.42774033546447754,0.4805237948894501,0.599104106426239,1.0073070140050775,-1.9059679164300547,2,0,0,0.18973086774349213,-0.441480815410614,0.4644318222999573,-0.10663090646266937,-0.599104106426239,0.0,0.2843693196773529,0.1818397045135498,0.16998353600502014,0.03345068544149399,0.0,0,3.639695167541504,0.2761169970035553,-0.21476255357265472,0.023205265402793884,89.89669799804688,1,0.02563316561281681,-0.23651552200317383,0.20170924067497253,0.022973716259002686,91.56568908691406,1,0.023133588954806328,-0.3437075614929199,-0.12877944111824036,0.02731231600046158,0.0,0,0.8623958230018616
298,5.96,walk,0.5,0.0,-0.5,0.3552497625350952,0.6311154365539551,-0.43611323833465576,0.4586814045906067,0.41248226165771484,1.0695848923006654,-2.026777100818067,2,0,0,0.1864880621433258,-0.4190594553947449,0.4464108645915985,-0.09256051480770111,-0.41248226165771484,0.0,0.2618429958820343,0.2640509605407715,0.15657535195350647,0.055133942514657974,0.0,0,4.843759059906006,0.2681560218334198,-0.21033164858818054,0.023317210376262665,82.3453140258789,1,0.02397077903151512,-0.24733702838420868,0.20174910128116608,0.022949106991291046,84.92045593261719,1,0.04035426303744316,-0.30469393730163574,-0.12625917792320251,0.045678578317165375,0.0,0,2.2322394847869873
299,5.98,walk,0.5,0.0,-0.5,0.3544048070907593,0.6349479556083679,-0.44426843523979187,0.4589001536369324,0.3388828933238983,1.6910451285816137,-1.9969949147158725,2,0,0,0.19119594991207123,-0.41717320680618286,0.4489283263683319,-0.08437374234199524,-0.3388828933238983,0.0,0.2900458872318268,0.3453071713447571,0.14230555295944214,0.0765812024474144,0.0,0,4.2441935539245605,0.26095011830329895,-0.20336946845054626,0.0232948437333107,78.80410766601562,1,0.01778014563024044,-0.2566377520561218,0.20520102977752686,0.022899657487869263,86.74771118164062,1,0.04678158089518547,-0.26283666491508484,-0.11682784557342529,0.05172767490148544,0.0,0,2.5040862560272217
300,6.0,walk,0.5,0.0,-0.5,0.3536670207977295,0.6391047239303589,-0.45274800062179565,0.49333491921424866,0.40413302183151245,2.554750083329818,-2.013896217817069,2,0,0,0.21204979717731476,-0.44543713331222534,0.48472100496292114,-0.07970042526721954,-0.40413302183151245,0.0,0.3354383707046509,0.400013267993927,0.13565216958522797,0.08803986012935638,0.0,0,2.593714714050293,0.2531113922595978,-0.19506897032260895,0.02327568829059601,79.66040802001953,1,0.008775884285569191,-0.2666521668434143,0.20971176028251648,0.02284129709005356,89.39387512207031,1,0.045372527092695236,-0.2213669717311859,-0.10175171494483948,0.055755242705345154,0.0,0,2.3940250873565674
301,6.0200000000000005,walk,0.5,0.0,-0.5,0.35295405983924866,0.6438461542129517,-0.4619777798652649,0.5392945408821106,0.4735196828842163,3.1191185826076278,-2.390052878099654,2,0,0,0.23929470777511597,-0.4832977056503296,0.5323192477226257,-0.07456837594509125,-0.4735196828842163,0.0,0.35387760400772095,0.41510123014450073,0.13401877880096436,0.0883682519197464,0.0,0,0.8693621158599854,0.24269536137580872,-0.18822291493415833,0.023246951401233673,84.0049057006836,1,0.01348879560828209,-0.2799685001373291,0.21174335479736328,0.0227762833237648,89.90096282958984,1,0.04627533257007599,-0.19697022438049316,-0.08813641220331192,0.055844396352767944,0.0,0,1.546994924545288
302,6.04,walk,0.5,0.0,-0.5,0.3526415228843689,0.6491395831108093,-0.4717640280723572,0.5692617893218994,0.42990416288375854,3.0938991763144137,-3.1916240288550752,2,0,0,0.2664853632450104,-0.5030353665351868,0.565656840801239,-0.059459999203681946,-0.42990416288375854,0.0,0.3382568061351776,0.39281967282295227,0.12824733555316925,0.0696762204170227,0.0,0,1.0473288297653198,0.2292313426733017,-0.18504728376865387,0.023214414715766907,89.28450012207031,1,0.01639333926141262,-0.29644572734832764,0.20996615290641785,0.02270997315645218,84.39125061035156,1,0.06411592662334442,-0.19751578569412231,-0.07745172828435898,0.04302021116018295,0.0,0,0.7366846203804016
303,6.0600000000000005,walk,0.5,0.0,-0.5,0.35303303599357605,0.6547387838363647,-0.4814399480819702,0.5620105862617493,0.327245831489563,2.5343113825687893,-4.106126167677722,3,0,0,0.28260159492492676,-0.48579034209251404,0.5628155469894409,-0.033515989780426025,-0.327245831489563,0.0,0.3272673785686493,0.3390471935272217,0.11085696518421173,0.02388130873441696,0.0,0,2.5151867866516113,0.21473228931427002,-0.1858987659215927,0.023174963891506195,96.1657485961914,1,0.017692280933260918,-0.31325089931488037,0.20525307953357697,0.02264034003019333,77.01541900634766,1,0.08322455734014511,-0.21291178464889526,-0.07482056319713593,0.02344585210084915,46.401084899902344,1,0.021275578066706657
304,6.08,walk,0.5,0.0,-0.5,0.3538534641265869,0.6599224209785461,-0.49040383100509644,0.492145299911499,0.4124646484851837,1.6213330162612902,-3.8749784788993273,3,0,0,0.23843742907047272,-0.4305282533168793,0.4930754005908966,-0.03571535646915436,-0.4124646484851837,0.0,0.31521546840667725,0.32586193084716797,0.10609429329633713,0.02350761741399765,84.80315399169922,1,0.04529262334108353,0.2289125919342041,-0.19477885961532593,0.02616196870803833,0.0,0,1.6476185321807861,-0.32295867800712585,0.19863824546337128,0.02254679799079895,26.951143264770508,1,0.07955542206764221,-0.2205386757850647,-0.08087093383073807,0.023357726633548737,80.27764892578125,1,0.02959076128900051
305,6.1000000000000005,walk,0.5,0.0,-0.5,0.3542923629283905,0.6644939184188843,-0.49866312742233276,0.4576130509376526,0.40615102648735046,0.702792794896138,-3.4872533991534445,2,0,0,0.21402043104171753,-0.40448111295700073,0.45571061968803406,-0.036923348903656006,-0.40615102648735046,0.0,0.28788435459136963,0.31806373596191406,0.1040806844830513,0.023600321263074875,80.57270050048828,1,0.01100840512663126,0.27259838581085205,-0.2041977196931839,0.054522983729839325,0.0,0,2.4252524375915527,-0.31168434023857117,0.20134492218494415,0.038711756467819214,0.0,0,1.3409565687179565,-0.2262704074382782,-0.08715694397687912,0.02328990399837494,81.88014221191406,1,0.028580276295542717
306,6.12,walk,0.5,0.0,-0.5,0.35442590713500977,0.6687776446342468,-0.5064572095870972,0.44055411219596863,0.4058343172073364,0.10219555152787202,-3.3215609072951633,2,0,0,0.20501567423343658,-0.3899442255496979,0.4388507306575775,-0.03303031623363495,-0.4058343172073364,0.0,0.28529223799705505,0.30956465005874634,0.10365331918001175,0.023581888526678085,76.90096282958984,1,0.012956810183823109,0.30981314182281494,-0.21855339407920837,0.08014748990535736,0.0,0,1.9854228496551514,-0.2949494421482086,0.21664758026599884,0.0601133331656456,0.0,0,1.6114376783370972,-0.23280104994773865,-0.09173476696014404,0.023252561688423157,85.00585174560547,1,0.025273211300373077
307,6.140000000000001,walk,0.5,0.0,-0.5,0.35472097992897034,0.6729443669319153,-0.5141940116882324,0.4407019019126892,0.43683329224586487,-0.32501818019305334,-3.2829622276349517,2,0,0,0.19955739378929138,-0.3929312825202942,0.4398154318332672,-0.03534941375255585,-0.43683329224586487,0.0,0.28824180364608765,0.30042946338653564,0.10425125062465668,0.02357354387640953,75.390380859375,1,0.014904124662280083,0.3304092586040497,-0.23134811222553253,0.09929013252258301,0.0,0,1.1748172044754028,-0.2825353741645813,0.2294377237558365,0.07749448716640472,0.0,0,1.1786081790924072,-0.23992210626602173,-0.09545347839593887,0.0232120081782341,85.76776123046875,1,0.026448193937540054
308,6.16,walk,0.5,0.0,-0.5,0.35522744059562683,0.6770120859146118,-0.5219232439994812,0.4361536502838135,0.45801714062690735,-0.5185052197442026,-3.3162587595085293,2,0,0,0.19213221967220306,-0.39155489206314087,0.43569135665893555,-0.03683900833129883,-0.45801714062690735,0.0,0.28832754492759705,0.29090616106987,0.10627199709415436,0.023545965552330017,76.02522277832031,1,0.014151670038700104,0.33824068307876587,-0.24196821451187134,0.1122971773147583,0.0,0,0.8394384384155273,-0.27230697870254517,0.23543177545070648,0.09171411395072937,0.0,0,0.9842533469200134,-0.2473418414592743,-0.09799529612064362,0.023169048130512238,83.72549438476562,1,0.02883077599108219
309,6.18,walk,0.5,0.0,-0.5,0.35582324862480164,0.6809301376342773,-0.5295445919036865,0.42646822333335876,0.484071284532547,-0.5968393253137566,-3.379121686195211,2,0,0,0.18365591764450073,-0.3848969340324402,0.42613038420677185,-0.03653615713119507,-0.484071284532547,0.0,0.2892991900444031,0.2813302278518677,0.1090116947889328,0.023524336516857147,75.98827362060547,1,0.01484372466802597,0.34309497475624084,-0.25067049264907837,0.12310729920864105,0.0,0,0.7763969302177429,-0.2619447708129883,0.23815153539180756,0.10435079038143158,0.0,0,0.9965440034866333,-0.2547150254249573,-0.10004660487174988,0.02312558889389038,82.06153869628906,1,0.029924605041742325
310,6.2,walk,0.5,0.0,-0.5,0.35647618770599365,0.6847003698348999,-0.5370384454727173,0.4184775948524475,0.5106680989265442,-0.6773944696631812,-3.450151384695112,2,0,0,0.1766175627708435,-0.3793807327747345,0.41835957765579224,-0.035528019070625305,-0.5106680989265442,0.0,0.29324871301651,0.2718294858932495,0.11177185922861099,0.023502469062805176,75.55720520019531,1,0.016520490869879723,0.3493162989616394,-0.2572643458843231,0.13269709050655365,0.0,0,0.7552721500396729,-0.25226908922195435,0.23953033983707428,0.11488941311836243,0.0,0,0.9550034403800964,-0.261898398399353,-0.10230480134487152,0.02308221161365509,81.60205841064453,1,0.030412783846259117
311,6.22,walk,0.5,0.0,-0.5,0.35719960927963257,0.6883537769317627,-0.544469952583313,0.41471144556999207,0.528274655342102,-0.7621664020514424,-3.5092694467259227,2,0,0,0.17109458148479462,-0.377772718667984,0.4148070216178894,-0.03510020673274994,-0.528274655342102,0.0,0.29838550090789795,0.26245686411857605,0.1145072877407074,0.023476675152778625,75.38916015625,1,0.018070509657263756,0.35620859265327454,-0.26179561018943787,0.14017391204833984,0.0,0,0.6985628008842468,-0.24443843960762024,0.23980377614498138,0.12219677120447159,0.0,0,0.8693979978561401,-0.2688520550727844,-0.10475599020719528,0.02303752303123474,81.28709411621094,1,0.03131311386823654
312,6.24,walk,0.5,0.0,-0.5,0.35795915126800537,0.6919183731079102,-0.5519059300422668,0.414058119058609,0.5384449362754822,-0.8265312233035864,-3.544989201650974,2,0,0,0.16679228842258453,-0.3789781928062439,0.414174348115921,-0.03498023748397827,-0.5384449362754822,0.0,0.30310872197151184,0.25321879982948303,0.11732861399650574,0.023447997868061066,75.67454528808594,1,0.018880154937505722,0.36243805289268494,-0.26478704810142517,0.14533686637878418,0.0,0,0.6272262334823608,-0.2379937767982483,0.23905926942825317,0.1268257200717926,0.0,0,0.8198302984237671,-0.27559003233909607,-0.10721931606531143,0.02299138903617859,80.62045288085938,1,0.032458797097206116
313,6.26,walk,0.5,0.0,-0.5,0.358693927526474,0.6954127550125122,-0.5593980550765991,0.4158054292201996,0.54774409532547,-0.8649233431022579,-3.552420874354771,2,0,0,0.1632746011018753,-0.38240760564804077,0.41572466492652893,-0.035218387842178345,-0.54774409532547,0.0,0.3068835139274597,0.24409371614456177,0.12025810778141022,0.02341664582490921,76.26371002197266,1,0.01930118352174759,0.3675691485404968,-0.26672640442848206,0.14874544739723206,0.0,0,0.5633975863456726,-0.23231235146522522,0.2378668189048767,0.12981534004211426,0.0,0,0.7953411340713501,-0.28213971853256226,-0.10964276641607285,0.022943250834941864,79.78702545166016,1,0.03359787166118622
314,6.28,walk,0.5,0.0,-0.5,0.35936102271080017,0.6988477110862732,-0.566993236541748,0.41993415355682373,0.5584009289741516,-0.8777571084701532,-3.529048607345222,2,0,0,0.16016793251037598,-0.38818928599357605,0.41949933767318726,-0.036103755235672,-0.5584009289741516,0.0,0.30957022309303284,0.235048308968544,0.12330341339111328,0.023383915424346924,76.98860931396484,1,0.01979495957493782,0.37158283591270447,-0.2679123878479004,0.15079890191555023,0.0,0,0.5077600479125977,-0.22732341289520264,0.23677082359790802,0.13165315985679626,0.0,0,0.7695147395133972,-0.2885269224643707,-0.11202262341976166,0.02289333939552307,78.88150787353516,1,0.034743379801511765
315,6.3,walk,0.5,0.0,-0.5,0.35993826389312744,0.7022280097007751,-0.5747380256652832,0.4263787865638733,0.5698390007019043,-0.8623476147332226,-3.472903598594071,2,0,0,0.1571504920721054,-0.39636167883872986,0.4254711866378784,-0.037836045026779175,-0.5698390007019043,0.0,0.31118398904800415,0.22604699432849884,0.1264939308166504,0.0233498215675354,77.81144714355469,1,0.02051662839949131,0.37451738119125366,-0.2685239613056183,0.1515839844942093,0.0,0,0.4592774212360382,-0.22309553623199463,0.2359880805015564,0.13247397541999817,0.0,0,0.7422934174537659,-0.2947777509689331,-0.11433814465999603,0.022841505706310272,77.86851501464844,1,0.03592807799577713
316,6.32,walk,0.5,0.0,-0.5,0.360413134098053,0.7055515646934509,-0.5826782584190369,0.4349418580532074,0.5815544724464417,-0.814018850352652,-3.381274263000823,2,0,0,0.15385308861732483,-0.4068213999271393,0.4334508180618286,-0.040604159235954285,-0.5815544724464417,0.0,0.31188854575157166,0.21706482768058777,0.12987101078033447,0.023313455283641815,78.75713348388672,1,0.0214246679097414,0.3764653205871582,-0.2686571776866913,0.15108419954776764,0.0,0,0.41928547620773315,-0.21953889727592468,0.23551051318645477,0.1323244273662567,0.0,0,0.7226666212081909,-0.3009110987186432,-0.11655083298683167,0.022787488996982574,76.71149444580078,1,0.03715905547142029
317,6.34,walk,0.5,0.0,-0.5,0.36076679825782776,0.7088068127632141,-0.5908571481704712,0.445235937833786,0.5917605757713318,-0.7353322963497548,-3.2556534237859482,2,0,0,0.14970453083515167,-0.4193132221698761,0.44295600056648254,-0.04474751651287079,-0.5917605757713318,0.0,0.311932235956192,0.20805931091308594,0.13343293964862823,0.023275405168533325,79.73040008544922,1,0.02292468585073948,0.37754887342453003,-0.26836907863616943,0.1492743194103241,0.0,0,0.38735896348953247,-0.2164475917816162,0.2352260798215866,0.13119593262672424,0.0,0,0.7152692079544067,-0.30696576833724976,-0.11865339428186417,0.022731438279151917,73.2440414428711,1,0.03802063316106796
318,6.36,walk,0.5,0.0,-0.5,0.36094340682029724,0.7119617462158203,-0.599308967590332,0.4566638469696045,0.5997555255889893,-0.6425609851437921,-3.1130059901872897,2,0,0,0.14377741515636444,-0.4334396421909332,0.45325881242752075,-0.05089560151100159,-0.5997555255889893,0.0,0.3115496039390564,0.19891607761383057,0.13709913194179535,0.02323555201292038,80.77513122558594,1,0.02521635964512825,0.377801775932312,-0.2677079141139984,0.14601756632328033,0.0,0,0.35783207416534424,-0.2136714905500412,0.2349735051393509,0.12893855571746826,0.0,0,0.7179218530654907,-0.31306201219558716,-0.12069734930992126,0.022673673927783966,69.58021545410156,1,0.03843254595994949
319,6.38,walk,0.5,0.0,-0.5,0.36091184616088867,0.7149751782417297,-0.608062744140625,0.469046413898468,0.6064010858535767,-0.5298323947915812,-2.960332479217287,2,0,0,0.13570745289325714,-0.4489855468273163,0.4642115831375122,-0.05923691391944885,-0.6064010858535767,0.0,0.3108872175216675,0.18958549201488495,0.1409299224615097,0.023192964494228363,82.07667541503906,1,0.02825808897614479,0.37713101506233215,-0.26653963327407837,0.14091087877750397,0.0,0,0.31942513585090637,-0.21110394597053528,0.23448339104652405,0.12515786290168762,0.0,0,0.7272385954856873,-0.3192557692527771,-0.12260256707668304,0.022614501416683197,66.62460327148438,1,0.038757383823394775
320,6.4,walk,0.5,0.0,-0.5,0.360670804977417,0.7178030610084534,-0.6171448826789856,0.48243141174316406,0.610706090927124,-0.383987792331122,-2.795303369482143,2,0,0,0.1254275143146515,-0.4658411741256714,0.47583216428756714,-0.0697612464427948,-0.610706090927124,0.0,0.31000185012817383,0.1800764799118042,0.1450280100107193,0.023148052394390106,83.6823959350586,1,0.03250633552670479,0.37517258524894714,-0.264629065990448,0.13332729041576385,0.0,0,0.2591336667537689,-0.20865970849990845,0.23343758285045624,0.119350865483284,0.0,0,0.7449939250946045,-0.32555145025253296,-0.1242399662733078,0.022553235292434692,63.936378479003906,1,0.039127547293901443
321,6.42,walk,0.5,0.0,-0.5,0.36024731397628784,0.7204007506370544,-0.6265822649002075,0.49710947275161743,0.6115522980690002,-0.20277629692556495,-2.6154858329768635,2,0,0,0.11303301155567169,-0.4840881824493408,0.4883878529071808,-0.08240741491317749,-0.6115522980690002,0.0,0.30907511711120605,0.17040173709392548,0.14942587912082672,0.023100830614566803,85.6776123046875,1,0.03899290785193443,0.37086910009384155,-0.2618020176887512,0.12198925018310547,0.0,0,0.15683510899543762,-0.2064826488494873,0.23152653872966766,0.1107349544763565,0.0,0,0.7656521201133728,-0.33195751905441284,-0.12553197145462036,0.022490225732326508,61.32832717895508,1,0.03960530459880829
322,6.44,walk,0.5,0.0,-0.5,0.3597280979156494,0.7227240204811096,-0.6364074945449829,0.5138347744941711,0.611576497554779,0.006670612705679713,-2.419968252890664,2,0,0,0.09863488376140594,-0.5042790174484253,0.5026505589485168,-0.09730124473571777,-0.611576497554779,0.0,0.30887722969055176,0.1605604737997055,0.15410283207893372,0.02305058389902115,88.31376647949219,1,0.0512070506811142,0.3614243268966675,-0.257793128490448,0.10405728220939636,0.0,0,0.2360575646162033,-0.20542962849140167,0.2282278686761856,0.09765420854091644,0.0,0,0.7747390270233154,-0.3384966552257538,-0.12645182013511658,0.02242419868707657,58.99007797241211,1,0.04042699933052063
323,6.46,walk,0.5,0.0,-0.5,0.35929638147354126,0.7247210741043091,-0.6466694474220276,0.5343514680862427,0.626162052154541,0.25148537744490096,-2.2308896202010815,2,0,0,0.0812762901186943,-0.5281341671943665,0.520100474357605,-0.11593976616859436,-0.626162052154541,0.0,0.3132634460926056,0.15038739144802094,0.1591600775718689,0.02299582213163376,92.01841735839844,1,0.08462623506784439,0.33945268392562866,-0.25109341740608215,0.07351994514465332,0.0,0,0.96197509765625,-0.20813389122486115,0.22205135226249695,0.07658924162387848,0.0,0,0.8023308515548706,-0.3453209400177002,-0.12692560255527496,0.022354893386363983,55.40495681762695,1,0.041572317481040955
324,6.48,walk,0.5,0.0,-0.5,0.35883399844169617,0.7263095378875732,-0.6574217081069946,0.557283878326416,0.7075726985931396,0.5389934393767136,-2.00760049094961,2,0,0,0.05728448927402496,-0.55433189868927,0.5372892022132874,-0.1406697928905487,-0.7075726985931396,0.0,0.3188496232032776,0.13994765281677246,0.16485595703125,0.022939719259738922,85.28931427001953,1,0.13956917822360992,0.29498210549354553,-0.23193907737731934,0.031178638339042664,0.0,0,2.285789966583252,-0.22010648250579834,0.20772214233875275,0.04205390810966492,0.0,0,1.2422152757644653,-0.3521476984024048,-0.12705948948860168,0.02228490263223648,42.355995178222656,1,0.04234036058187485
325,6.5,walk,0.5,0.0,-0.5,0.35673463344573975,0.7275144457817078,-0.6676551103591919,0.49182337522506714,0.5834065079689026,0.8245090604224395,-1.6910803467445217,2,0,0,0.044760268181562424,-0.4897823631763458,0.4724409580230713,-0.12209990620613098,-0.5834065079689026,0.0,0.2890225052833557,0.17961394786834717,0.17157259583473206,0.030302390456199646,0.0,0,3.5283374786376953,0.2784474492073059,-0.21727006137371063,0.023213371634483337,94.22941589355469,1,0.03137880563735962,-0.23330315947532654,0.1986733078956604,0.022963806986808777,80.93546295166016,1,0.03978675603866577,-0.34495872259140015,-0.12860359251499176,0.025795556604862213,0.0,0,0.7298051118850708
326,6.5200000000000005,walk,0.5,0.0,-0.5,0.3548935651779175,0.7286385893821716,-0.6770309805870056,0.46925216913223267,0.4176310896873474,0.8866327258531732,-1.7161977270870088,2,0,0,0.050724923610687256,-0.46650248765945435,0.4545906186103821,-0.10502058267593384,-0.4176310896873474,0.0,0.26210179924964905,0.26142042875289917,0.15860067307949066,0.051459550857543945,0.0,0,4.822173595428467,0.27080708742141724,-0.21259468793869019,0.02329828590154648,84.36637878417969,1,0.022366274148225784,-0.2437044084072113,0.19900235533714294,0.022959880530834198,84.14349365234375,1,0.04170653596520424,-0.30597633123397827,-0.12554198503494263,0.04475558549165726,0.0,0,2.2274811267852783
327,6.54,walk,0.5,0.0,-0.5,0.35386568307876587,0.7298466563224792,-0.6861687302589417,0.4684731662273407,0.33886027336120605,1.523207530437125,-1.6531334165415175,2,0,0,0.05731707811355591,-0.46495363116264343,0.45670148730278015,-0.09482771158218384,-0.33886027336120605,0.0,0.2869592010974884,0.34255069494247437,0.14337798953056335,0.07343555986881256,0.0,0,4.274083614349365,0.26360005140304565,-0.20532789826393127,0.023303896188735962,79.6116714477539,1,0.01714308001101017,-0.2529875934123993,0.20274795591831207,0.02290923148393631,86.14868927001953,1,0.046884141862392426,-0.264549195766449,-0.11686781048774719,0.05118028074502945,0.0,0,2.472231864929199
328,6.5600000000000005,walk,0.5,0.0,-0.5,0.3529841899871826,0.7312839031219482,-0.6956508159637451,0.49977511167526245,0.403328001499176,2.4365711621024952,-1.6457286377075775,2,0,0,0.06983397156000137,-0.4948720932006836,0.48982447385787964,-0.08845368027687073,-0.403328001499176,0.0,0.33137622475624084,0.3980700373649597,0.1359855830669403,0.08458928763866425,0.0,0,2.6699891090393066,0.2557658553123474,-0.19658847153186798,0.023293055593967438,80.09369659423828,1,0.012646345421671867,-0.2629825472831726,0.20773252844810486,0.02285143733024597,89.00390625,1,0.046139758080244064,-0.22284282743930817,-0.10254848748445511,0.05506648123264313,0.0,0,2.414160966873169
329,6.58,walk,0.5,0.0,-0.5,0.3521251380443573,0.7330885529518127,-0.7059808373451233,0.5448960065841675,0.4782800078392029,3.064792538609816,-1.991930329446308,2,0,0,0.08631253987550735,-0.5380165576934814,0.536884069442749,-0.08177706599235535,-0.4782800078392029,0.0,0.35069018602371216,0.4145987629890442,0.13397255539894104,0.08511514216661453,0.0,0,0.943495512008667,0.24545201659202576,-0.18922315537929535,0.02323690801858902,84.775146484375,1,0.010882625356316566,-0.2762322723865509,0.2102755904197693,0.022785894572734833,89.73908996582031,1,0.04607485607266426,-0.19697436690330505,-0.08938125520944595,0.05574195832014084,0.0,0,1.6047295331954956
330,6.6000000000000005,walk,0.5,0.0,-0.5,0.3516519367694855,0.7352787852287292,-0.7169967889785767,0.5746825337409973,0.4414367973804474,3.097661970216856,-2.7594374058201714,2,0,0,0.1072058454155922,-0.5645945072174072,0.5700594186782837,-0.06604969501495361,-0.4414367973804474,0.0,0.33595386147499084,0.394212543964386,0.12834249436855316,0.06741568446159363,0.0,0,0.9830765724182129,0.2321295440196991,-0.1855420172214508,0.023230716586112976,89.28678131103516,1,0.0165883619338274,-0.292641282081604,0.20892702043056488,0.02271987497806549,84.47754669189453,1,0.06295137107372284,-0.1958751231431961,-0.0788533017039299,0.04385029524564743,0.0,0,0.7604328989982605
331,6.62,walk,0.5,0.0,-0.5,0.3518669903278351,0.7378094792366028,-0.7280365824699402,0.5705369114875793,0.3398662805557251,2.574886548220073,-3.664121574597748,3,0,0,0.1288285106420517,-0.5558017492294312,0.5702078938484192,-0.03965058922767639,-0.3398662805557251,0.0,0.32305631041526794,0.34248197078704834,0.11132004857063293,0.023396920412778854,0.0,0,2.4425783157348633,0.21762332320213318,-0.18598012626171112,0.023194000124931335,95.80677032470703,1,0.017600735649466515,-0.30956682562828064,0.20447883009910583,0.02265014499425888,77.48646545410156,1,0.08256527036428452,-0.21120405197143555,-0.07507873326539993,0.023369200527668,54.356048583984375,1,0.048735860735177994
332,6.640000000000001,walk,0.5,0.0,-0.5,0.3525364398956299,0.7401827573776245,-0.7382881045341492,0.5018007755279541,0.43016353249549866,1.6545895274951996,-3.5066139972426686,3,0,0,0.10417518764734268,-0.49086815118789673,0.5018028020858765,-0.040153324604034424,-0.43016353249549866,0.0,0.31128349900245667,0.3290410041809082,0.10678153485059738,0.02359190583229065,77.52062225341797,1,0.015513692982494831,0.22806809842586517,-0.1948605179786682,0.02415625751018524,0.0,0,1.4896790981292725,-0.3198518753051758,0.19783484935760498,0.022557854652404785,28.60324478149414,1,0.07987530529499054,-0.21939115226268768,-0.08114354312419891,0.023309804499149323,79.59413146972656,1,0.01485748402774334
333,6.66,walk,0.5,0.0,-0.5,0.35282182693481445,0.7421659231185913,-0.7477036714553833,0.4664616286754608,0.4325108826160431,0.7311861580801455,-3.1676543337365617,2,0,0,0.08712176233530045,-0.4582534730434418,0.46389418840408325,-0.04202926158905029,-0.4325108826160431,0.0,0.28421682119369507,0.3207448124885559,0.10499641299247742,0.02358078584074974,81.59562683105469,1,0.023376571014523506,0.268966406583786,-0.20410360395908356,0.0506410151720047,0.0,0,2.3490991592407227,-0.31021469831466675,0.20063886046409607,0.037940613925457,0.0,0,1.3087631464004517,-0.2255345582962036,-0.08745476603507996,0.023276813328266144,82.71259307861328,1,0.019934719428420067
334,6.68,walk,0.5,0.0,-0.5,0.3528019189834595,0.7439942359924316,-0.7565456032752991,0.4463006258010864,0.43123355507850647,0.13461691872329534,-3.028545791901616,2,0,0,0.08173446357250214,-0.4387524724006653,0.4439316391944885,-0.03796154260635376,-0.43123355507850647,0.0,0.28014203906059265,0.31188952922821045,0.10486932843923569,0.023598749190568924,77.4316635131836,1,0.014820612035691738,0.3059157431125641,-0.21842503547668457,0.07593046128749847,0.0,0,2.028289318084717,-0.29387739300727844,0.21574769914150238,0.05959831923246384,0.0,0,1.6150950193405151,-0.2322976291179657,-0.092032290995121,0.023236803710460663,86.06318664550781,1,0.012598852626979351
335,6.7,walk,0.5,0.0,-0.5,0.3529704809188843,0.7457097768783569,-0.7652612328529358,0.4453475773334503,0.45742419362068176,-0.28447460416668074,-2.99847929917522,2,0,0,0.07505518198013306,-0.4389774203300476,0.4437379539012909,-0.04039078950881958,-0.45742419362068176,0.0,0.28338193893432617,0.3025616705417633,0.10574893653392792,0.023602526634931564,75.69963073730469,1,0.017249315977096558,0.3275114595890045,-0.23119789361953735,0.09501492977142334,0.0,0,1.2269998788833618,-0.2820606827735901,0.22880791127681732,0.07693549245595932,0.0,0,1.172952651977539,-0.2395123541355133,-0.09571459889411926,0.023195482790470123,87.01582336425781,1,0.011646421626210213
336,6.72,walk,0.5,0.0,-0.5,0.35338470339775085,0.7473186254501343,-0.7739337682723999,0.4407029449939728,0.47097134590148926,-0.4779742902399651,-3.035591132030484,2,0,0,0.06781064718961716,-0.43545469641685486,0.4395013451576233,-0.042203545570373535,-0.47097134590148926,0.0,0.28399866819381714,0.29289913177490234,0.10796266794204712,0.02358298748731613,75.80690002441406,1,0.019045645371079445,0.3363158106803894,-0.24160033464431763,0.10796891152858734,0.0,0,0.86320960521698,-0.27238672971725464,0.23498281836509705,0.09080778807401657,0.0,0,0.977353036403656,-0.24699555337429047,-0.09823878854513168,0.023157626390457153,84.38932037353516,1,0.019848234951496124
337,6.74,walk,0.5,0.0,-0.5,0.3539089262485504,0.7488027811050415,-0.782462477684021,0.4310847818851471,0.4905289113521576,-0.5556789511888202,-3.0995176472369836,2,0,0,0.06105130538344383,-0.42673975229263306,0.42998629808425903,-0.04233598709106445,-0.4905289113521576,0.0,0.28531864285469055,0.28321486711502075,0.11086101830005646,0.023561567068099976,75.68987274169922,1,0.020887333899736404,0.3417913615703583,-0.25015562772750854,0.11863136291503906,0.0,0,0.797311544418335,-0.2621467411518097,0.23776189982891083,0.10304845869541168,0.0,0,1.006977915763855,-0.25442636013031006,-0.100234754383564,0.02311895787715912,82.02972412109375,1,0.027814248576760292
338,6.76,walk,0.5,0.0,-0.5,0.3544917404651642,0.7501732707023621,-0.7908323407173157,0.4233262836933136,0.5141005516052246,-0.6307717584712328,-3.167860733515543,2,0,0,0.055485259741544724,-0.4196743071079254,0.4223951995372772,-0.04170230031013489,-0.5141005516052246,0.0,0.28952091932296753,0.2736307680606842,0.11379165202379227,0.023537442088127136,75.31696319580078,1,0.023039435967803,0.3484661281108856,-0.2567102909088135,0.12819112837314606,0.0,0,0.7797110080718994,-0.25218838453292847,0.2391337752342224,0.11337558925151825,0.0,0,0.976582944393158,-0.2616574764251709,-0.10238555073738098,0.023077048361301422,81.20794677734375,1,0.031742505729198456
339,6.78,walk,0.5,0.0,-0.5,0.3551454246044159,0.7514411807060242,-0.7991166710853577,0.4199801981449127,0.5304564833641052,-0.707885447974323,-3.222953039360866,2,0,0,0.05028098449110985,-0.4169594645500183,0.41921266913414,-0.041669607162475586,-0.5304564833641052,0.0,0.2948761284351349,0.26417866349220276,0.11670741438865662,0.0235104039311409,75.17327117919922,1,0.024679668247699738,0.3557330071926117,-0.26123085618019104,0.1357690989971161,0.0,0,0.7209221124649048,-0.24402499198913574,0.23938359320163727,0.12058475613594055,0.0,0,0.8875773549079895,-0.2686614990234375,-0.10470083355903625,0.023032918572425842,80.6823501586914,1,0.034732382744550705
340,6.8,walk,0.5,0.0,-0.5,0.35583969950675964,0.7526143193244934,-0.8073895573616028,0.4198043644428253,0.5393197536468506,-0.7624516691709962,-3.2545179048364337,2,0,0,0.04541809856891632,-0.4173402786254883,0.4190313518047333,-0.041974008083343506,-0.5393197536468506,0.0,0.2997612953186035,0.25485479831695557,0.1197204738855362,0.023480892181396484,75.44821166992188,1,0.025593029335141182,0.36222556233406067,-0.26420721411705017,0.14101165533065796,0.0,0,0.6445145606994629,-0.2373965084552765,0.23861917853355408,0.12510085105895996,0.0,0,0.8300939202308655,-0.2754603922367096,-0.10700365900993347,0.022987373173236847,79.6890640258789,1,0.03902151808142662
341,6.82,walk,0.5,0.0,-0.5,0.3565140962600708,0.7536956667900085,-0.8157052397727966,0.42199528217315674,0.5469897389411926,-0.7912055916379863,-3.257718061905996,2,0,0,0.04063256457448006,-0.4200345277786255,0.4210088551044464,-0.04266190528869629,-0.5469897389411926,0.0,0.3036583960056305,0.24563734233379364,0.12283959984779358,0.023448988795280457,76.00608825683594,1,0.026159116998314857,0.3675035536289215,-0.2661411464214325,0.14439615607261658,0.0,0,0.5766814947128296,-0.23164838552474976,0.23740194737911224,0.1279505342245102,0.0,0,0.8014664649963379,-0.2820826768875122,-0.10925283282995224,0.022939585149288177,78.43090057373047,1,0.04397372156381607
342,6.84,walk,0.5,0.0,-0.5,0.35712435841560364,0.7546796798706055,-0.8241105675697327,0.4265535771846771,0.5562268495559692,-0.7960231161586667,-3.229429979684742,2,0,0,0.03546568378806114,-0.4250766336917877,0.42518389225006104,-0.04409173130989075,-0.5562268495559692,0.0,0.306453138589859,0.2364969253540039,0.12606428563594818,0.023415111005306244,76.69913482666016,1,0.026715606451034546,0.37159159779548645,-0.2673235535621643,0.1463266760110855,0.0,0,0.5188502669334412,-0.22662806510925293,0.23628288507461548,0.12963783740997314,0.0,0,0.7749372720718384,-0.2885502576828003,-0.11145173758268356,0.022889181971549988,77.07452392578125,1,0.04892219230532646
343,6.86,walk,0.5,0.0,-0.5,0.3576468229293823,0.7555556893348694,-0.8326528668403625,0.4334770739078522,0.5665505528450012,-0.7741192864598176,-3.1668872181154044,2,0,0,0.02957061119377613,-0.4324672818183899,0.43158072233200073,-0.04650026559829712,-0.5665505528450012,0.0,0.3081715703010559,0.2274026721715927,0.1294291615486145,0.023379646241664886,77.50934600830078,1,0.027332384139299393,0.3745644986629486,-0.26791828870773315,0.146904855966568,0.0,0,0.4689424932003021,-0.22235822677612305,0.2354755401611328,0.1302860677242279,0.0,0,0.7484889626502991,-0.29488521814346313,-0.11357773840427399,0.022836484014987946,75.59734344482422,1,0.05378368869423866
344,6.88,walk,0.5,0.0,-0.5,0.35806843638420105,0.7563061714172363,-0.8413759469985962,0.44260290265083313,0.5774179697036743,-0.7197018886818566,-3.066764969176069,2,0,0,0.022607842460274696,-0.4420251250267029,0.4400349259376526,-0.050094664096832275,-0.5774179697036743,0.0,0.3089768588542938,0.21833017468452454,0.13298526406288147,0.023341991007328033,78.46086120605469,1,0.027958301827311516,0.37652063369750977,-0.26801416277885437,0.14611029624938965,0.0,0,0.42737486958503723,-0.2187359482049942,0.2349577695131302,0.12991172075271606,0.0,0,0.7299627065658569,-0.3011031150817871,-0.11558441817760468,0.022781066596508026,73.96552276611328,1,0.05854611471295357
345,6.9,walk,0.5,0.0,-0.5,0.3583793342113495,0.7569060325622559,-0.8503202795982361,0.45374977588653564,0.5879195332527161,-0.6279403248951452,-2.9265384107513563,2,0,0,0.01422088872641325,-0.45352688431739807,0.4503243565559387,-0.05510827898979187,-0.5879195332527161,0.0,0.30911386013031006,0.20925694704055786,0.13677853345870972,0.02330227941274643,79.51915740966797,1,0.0287405364215374,0.3775728940963745,-0.2676391899585724,0.14389169216156006,0.0,0,0.3926987946033478,-0.21554352343082428,0.23460441827774048,0.12846362590789795,0.0,0,0.7237916588783264,-0.30722224712371826,-0.1174238920211792,0.022722244262695312,71.2080307006836,1,0.06229642033576965
346,6.92,walk,0.5,0.0,-0.5,0.3585372567176819,0.7573168277740479,-0.859516441822052,0.46633076667785645,0.5957580804824829,-0.5123612511423645,-2.7591799930658265,2,0,0,0.0037173826713114977,-0.46631595492362976,0.46168485283851624,-0.062083899974823,-0.5957580804824829,0.0,0.3087899684906006,0.20008417963981628,0.14074614644050598,0.023259535431861877,80.64483642578125,1,0.029804939404129982,0.37771329283714294,-0.26681751012802124,0.14009100198745728,0.0,0,0.3582318425178528,-0.21259766817092896,0.23423808813095093,0.125779390335083,0.0,0,0.7299153804779053,-0.31334444880485535,-0.11913378536701202,0.022661030292510986,66.88471221923828,1,0.06390656530857086
347,6.94,walk,0.5,0.0,-0.5,0.35850200057029724,0.7574866414070129,-0.8689810633659363,0.47996801137924194,0.6019290685653687,-0.3771318565495895,-2.5797227490392656,2,0,0,-0.009451094083487988,-0.47987496852874756,0.4737074673175812,-0.07144182920455933,-0.6019290685653687,0.0,0.3081551194190979,0.19071781635284424,0.1448887586593628,0.02321457862854004,82.07775115966797,1,0.030927812680602074,0.3767366409301758,-0.26543062925338745,0.1341833770275116,0.0,0,0.31005755066871643,-0.20987196266651154,0.23362503945827484,0.12138157337903976,0.0,0,0.7405965924263,-0.3195745050907135,-0.12068526446819305,0.022598445415496826,63.38043975830078,1,0.06492341309785843
348,6.96,walk,0.5,0.0,-0.5,0.3582771420478821,0.7573619484901428,-0.8787260055541992,0.4946938753128052,0.6052513718605042,-0.21264770786480522,-2.3895130797118114,2,0,0,-0.025319810956716537,-0.4940454959869385,0.4864099621772766,-0.08317536115646362,-0.6052513718605042,0.0,0.30732786655426025,0.18114691972732544,0.14928843080997467,0.023166142404079437,83.93079376220703,1,0.03209368884563446,0.3740200996398926,-0.2632334232330322,0.12519152462482452,0.0,0,0.2284991443157196,-0.20741546154022217,0.23238754272460938,0.11455027759075165,0.0,0,0.7563123106956482,-0.32593798637390137,-0.12196291983127594,0.022533714771270752,60.43499755859375,1,0.06588461995124817
349,6.98,walk,0.5,0.0,-0.5,0.3579179048538208,0.756888747215271,-0.8887647986412048,0.5109320878982544,0.6048410534858704,-0.020287811276793376,-2.184485741866838,2,0,0,-0.04371149092912674,-0.5090588331222534,0.5002264380455017,-0.09715411067008972,-0.6048410534858704,0.0,0.3066864609718323,0.1713971197605133,0.15395666658878326,0.023114770650863647,86.39018249511719,1,0.03352618217468262,0.3677634000778198,-0.26003962755203247,0.11107222735881805,0.0,0,0.13469690084457397,-0.2056121826171875,0.2300359457731247,0.10407724976539612,0.0,0,0.7712408900260925,-0.33243510127067566,-0.12290093302726746,0.02246624231338501,57.91140365600586,1,0.0671679824590683
350,7.0,walk,0.5,0.0,-0.5,0.3575654923915863,0.7560103535652161,-0.8991219997406006,0.5300214886665344,0.6076149940490723,0.20131220852437567,-1.96984192455731,2,0,0,-0.06510056555271149,-0.5260083079338074,0.5164062976837158,-0.11399409174919128,-0.6076149940490723,0.0,0.30806511640548706,0.16142599284648895,0.1589336395263672,0.02305973321199417,89.79918670654297,1,0.03613830357789993,0.353055864572525,-0.25519537925720215,0.0872926190495491,0.0,0,0.5391266345977783,-0.20601025223731995,0.22564838826656342,0.08741671591997147,0.0,0,0.7793914675712585,-0.3391273617744446,-0.12342321872711182,0.02239583432674408,55.2807502746582,1,0.06919325888156891
351,7.0200000000000005,walk,0.5,0.0,-0.5,0.35741570591926575,0.754640519618988,-0.9098244905471802,0.5531085133552551,0.6492030620574951,0.44620393211991527,-1.793509705519441,2,0,0,-0.09267745167016983,-0.5452888011932373,0.5351500511169434,-0.1367342472076416,-0.6492030620574951,0.0,0.32043522596359253,0.15087687969207764,0.16431844234466553,0.023000448942184448,93.30416107177734,1,0.04349853843450546,0.3182510733604431,-0.2452056109905243,0.046476952731609344,0.0,0,1.7499631643295288,-0.21286988258361816,0.21625444293022156,0.059813492000103,0.0,0,0.9348151087760925,-0.3462747633457184,-0.1236111968755722,0.022324278950691223,49.11311340332031,1,0.07026061415672302
352,7.04,walk,0.5,0.0,-0.5,0.35658806562423706,0.7527487277984619,-0.9207053780555725,0.5418180227279663,0.7993457913398743,0.7505121783366966,-1.5433751580654687,4,0,0,-0.11197663843631744,-0.5301207304000854,0.5189617276191711,-0.146308034658432,-0.7993457913398743,0.0,0.3087341785430908,0.14019347727298737,0.17060382664203644,0.022974930703639984,63.3481559753418,1,0.03181696683168411,0.2847110331058502,-0.22225135564804077,0.02321375161409378,91.32803344726562,1,0.020941469818353653,-0.22932645678520203,0.19642925262451172,0.022523105144500732,78.92084503173828,1,0.7493682503700256,-0.35288646817207336,-0.12393048405647278,0.022254787385463715,25.296178817749023,1,0.05939590930938721
353,7.0600000000000005,walk,0.5,0.0,-0.5,0.3552027642726898,0.7508841156959534,-0.9306222200393677,0.4912930727005005,0.48300492763519287,1.6055377769188126,-1.5466224861289868,2,0,0,-0.10576565563678741,-0.4797734022140503,0.47144782543182373,-0.1309291422367096,-0.48300492763519287,0.0,0.270633727312088,0.190551295876503,0.17320537567138672,0.039152488112449646,0.0,0,4.115849494934082,0.27716493606567383,-0.21181917190551758,0.023268558084964752,83.296630859375,1,0.015752585604786873,-0.24058625102043152,0.20113839209079742,0.02296324074268341,86.06360626220703,1,0.03503730893135071,-0.33644330501556396,-0.11791080236434937,0.0300770103931427,0.0,0,1.262302279472351
354,7.08,walk,0.5,0.0,-0.5,0.35453706979751587,0.7490511536598206,-0.9398505091667175,0.469271183013916,0.3590157926082611,1.5981978848819878,-1.7048535299275582,2,0,0,-0.0940721333026886,-0.45974546670913696,0.45375338196754456,-0.11555755138397217,-0.3590157926082611,0.0,0.261338472366333,0.2764883041381836,0.15624098479747772,0.058708306401968,0.0,0,5.046901702880859,0.2687191963195801,-0.20770150423049927,0.023313306272029877,80.84612274169922,1,0.032238587737083435,-0.2513493001461029,0.2015206664800644,0.022920146584510803,84.30615234375,1,0.03484146669507027,-0.293214350938797,-0.1164369285106659,0.04835924506187439,0.0,0,2.4631032943725586
355,7.1000000000000005,walk,0.5,0.0,-0.5,0.3543767035007477,0.7473915815353394,-0.94896399974823,0.47411778569221497,0.33046430349349976,2.1509108797845826,-1.6959536867173257,2,0,0,-0.0872485563158989,-0.466020792722702,0.4612043499946594,-0.10610005259513855,-0.33046430349349976,0.0,0.29836905002593994,0.358447790145874,0.14082884788513184,0.08052614331245422,0.0,0,4.205626010894775,0.2611783742904663,-0.20086577534675598,0.02329416573047638,78.00038146972656,1,0.018405435606837273,-0.2607632577419281,0.20509247481822968,0.022870846092700958,88.0550537109375,1,0.03983273729681969,-0.24897268414497375,-0.11069130897521973,0.05504670739173889,0.0,0,2.5855071544647217
356,7.12,walk,0.5,0.0,-0.5,0.35415762662887573,0.745868980884552,-0.9586970806121826,0.5168489813804626,0.42893826961517334,2.8972712636012634,-1.7884121432427902,2,0,0,-0.08423396944999695,-0.5099387168884277,0.505936324596405,-0.10092481970787048,-0.42893826961517334,0.0,0.34395554661750793,0.40899983048439026,0.13471263647079468,0.09238769859075546,0.0,0,2.353609561920166,0.25267335772514343,-0.19277989864349365,0.02326994389295578,79.2081069946289,1,0.01541848387569189,-0.27155137062072754,0.20920532941818237,0.022804833948612213,89.86763000488281,1,0.040489837527275085,-0.20980016887187958,-0.0997128114104271,0.05948521941900253,0.0,0,2.2270712852478027
357,7.140000000000001,walk,0.5,0.0,-0.5,0.35395750403404236,0.7444512248039246,-0.9694843888282776,0.5652688145637512,0.486881822347641,3.28585587996551,-2.288072604262663,2,0,0,-0.08026237040758133,-0.5595415830612183,0.5569846034049988,-0.09408026933670044,-0.486881822347641,0.0,0.3554563522338867,0.41717082262039185,0.1333083212375641,0.0908374935388565,0.0,0,0.6295722723007202,0.2412521094083786,-0.18647122383117676,0.023206137120723724,85.02033233642578,1,0.011242381297051907,-0.2860555052757263,0.21042898297309875,0.022729985415935516,89.63810729980469,1,0.04071824997663498,-0.1915367990732193,-0.08878928422927856,0.05741165578365326,0.0,0,1.2746102809906006
358,7.16,walk,0.5,0.0,-0.5,0.35421106219291687,0.7432428002357483,-0.9810110926628113,0.592354416847229,0.4019787609577179,2.9880831109282258,-3.19986934784375,2,0,0,-0.064021997153759,-0.5888844728469849,0.5889306664466858,-0.07452541589736938,-0.4019787609577179,0.0,0.33526524901390076,0.3874264359474182,0.12534400820732117,0.06690734624862671,0.0,0,1.3831020593643188,0.22672979533672333,-0.18463537096977234,0.023162558674812317,91.31694793701172,1,0.008568419143557549,-0.3035195469856262,0.20742782950401306,0.022657178342342377,83.7708511352539,1,0.04298814386129379,-0.19868993759155273,-0.079318568110466,0.04031657427549362,0.0,0,0.6488637924194336
359,7.18,walk,0.5,0.0,-0.5,0.3552132248878479,0.7423757910728455,-0.9924392104148865,0.5715506672859192,0.3227575123310089,2.2801660199681386,-4.001503891292405,4,0,0,-0.04182930663228035,-0.57001793384552,0.5734707117080688,-0.048864662647247314,-0.3227575123310089,0.0,0.3263213336467743,0.33404114842414856,0.10706758499145508,0.023151710629463196,52.32775115966797,1,1.1319496631622314,0.21254479885101318,-0.18625779449939728,0.02310943603515625,93.27682495117188,1,0.10466329753398895,-0.31986531615257263,0.20228487253189087,0.022583313286304474,73.91549682617188,1,0.04735637456178665,-0.2149733006954193,-0.07895410060882568,0.023342125117778778,38.36629104614258,1,0.02629786916077137
360,7.2,walk,0.5,0.0,-0.5,0.35696884989738464,0.7415621280670166,-1.0028557777404785,0.49856677651405334,0.42975249886512756,1.4974300763443797,-3.912167151382754,3,0,0,-0.0470425970852375,-0.4963424503803253,0.5020791888237,-0.049528926610946655,-0.42975249886512756,0.0,0.3123878240585327,0.32373571395874023,0.10581648349761963,0.02348555251955986,86.05631256103516,1,0.03561342507600784,0.2234760820865631,-0.18677012622356415,0.02928519994020462,0.0,0,1.3650994300842285,-0.3303661048412323,0.1966055929660797,0.02248203009366989,16.209636688232422,1,0.05955162271857262,-0.22343695163726807,-0.08401001989841461,0.023304060101509094,81.99525451660156,1,0.032880425453186035
361,7.22,walk,0.5,0.0,-0.5,0.35833436250686646,0.7407504916191101,-1.0121854543685913,0.45106902718544006,0.35975223779678345,0.582203297139477,-3.6994934167619515,2,0,0,-0.046477798372507095,-0.44866812229156494,0.45160919427871704,-0.043327271938323975,-0.35975223779678345,0.0,0.28681680560112,0.3151470422744751,0.10374510288238525,0.02352350577712059,80.55457305908203,1,0.019896848127245903,0.2630133628845215,-0.19524380564689636,0.05499669164419174,0.0,0,2.431351661682129,-0.31534332036972046,0.1994026005268097,0.03950217366218567,0.0,0,1.552860975265503,-0.2300986349582672,-0.09011778235435486,0.023260921239852905,81.1517333984375,1,0.030055586248636246
362,7.24,walk,0.5,0.0,-0.5,0.35921239852905273,0.7400034666061401,-1.0209275484085083,0.435592919588089,0.37939101457595825,-0.17451229378917782,-3.5947985696167035,2,0,0,-0.04366938769817352,-0.43339839577674866,0.43564584851264954,-0.0366993248462677,-0.37939101457595825,0.0,0.28384900093078613,0.306525856256485,0.10223081707954407,0.0235530287027359,73.84616088867188,1,0.01543799601495266,0.3020298480987549,-0.21347680687904358,0.08250007033348083,0.0,0,2.185027837753296,-0.2931387722492218,0.21419045329093933,0.06467603892087936,0.0,0,1.7521870136260986,-0.23688022792339325,-0.0954386442899704,0.023222625255584717,85.74972534179688,1,0.025469545274972916
363,7.26,walk,0.5,0.0,-0.5,0.36009475588798523,0.7392050623893738,-1.029669165611267,0.44286125898361206,0.4425804615020752,-0.5524168955299044,-3.554258195241504,2,0,0,-0.0508485771715641,-0.4399324059486389,0.44322481751441956,-0.03969937562942505,-0.4425804615020752,0.0,0.28955507278442383,0.2974590063095093,0.1031053364276886,0.023538507521152496,71.54069519042969,1,0.01877319999039173,0.3254467248916626,-0.22932001948356628,0.10477329790592194,0.0,0,1.3552128076553345,-0.2814143896102905,0.22871151566505432,0.08393236249685287,0.0,0,1.1161935329437256,-0.2439618557691574,-0.0988161712884903,0.023178108036518097,85.69502258300781,1,0.02818893827497959
364,7.28,walk,0.5,0.0,-0.5,0.36097168922424316,0.7383736968040466,-1.038506031036377,0.44581523537635803,0.4636373817920685,-0.5557845523166909,-3.5025318919965285,2,0,0,-0.053652118891477585,-0.44257503747940063,0.44594693183898926,-0.03837713599205017,-0.4636373817920685,0.0,0.29224932193756104,0.28828495740890503,0.10630851984024048,0.023516416549682617,66.61941528320312,1,0.01694052293896675,0.33555173873901367,-0.24193772673606873,0.12026721984148026,0.0,0,0.9853280186653137,-0.2737753987312317,0.23589840531349182,0.09881193190813065,0.0,0,0.8476437926292419,-0.2509932518005371,-0.10027864575386047,0.023129552602767944,82.46269989013672,1,0.03205360472202301
365,7.3,walk,0.5,0.0,-0.5,0.36172109842300415,0.7375226020812988,-1.0472981929779053,0.4410386085510254,0.47933268547058105,-0.44042423138033576,-3.430210220526437,2,0,0,-0.05453897640109062,-0.43765348196029663,0.4409351944923401,-0.035362064838409424,-0.47933268547058105,0.0,0.29499462246894836,0.27923208475112915,0.11017467081546783,0.023490510880947113,70.7027359008789,1,0.015349882654845715,0.34212028980255127,-0.2519300878047943,0.1324005126953125,0.0,0,0.8667051792144775,-0.26512712240219116,0.239638090133667,0.11105461418628693,0.0,0,0.9412649273872375,-0.2578188180923462,-0.10122993588447571,0.023079626262187958,79.69071960449219,1,0.033575113862752914
366,7.32,walk,0.5,0.0,-0.5,0.36243507266044617,0.7366456985473633,-1.0559628009796143,0.43485715985298157,0.503618597984314,-0.42599759119279945,-3.3961856331760183,2,0,0,-0.056073129177093506,-0.43122681975364685,0.4350343942642212,-0.03285109996795654,-0.503618597984314,0.0,0.30023300647735596,0.27003365755081177,0.11340735852718353,0.023461930453777313,76.23461151123047,1,0.0160197913646698,0.34981220960617065,-0.2590230703353882,0.14204105734825134,0.0,0,0.8118358850479126,-0.2553243041038513,0.2416900098323822,0.12080759555101395,0.0,0,1.0005022287368774,-0.26469069719314575,-0.10297289490699768,0.023031078279018402,79.29146575927734,1,0.03334857150912285
367,7.34,walk,0.5,0.0,-0.5,0.3632083535194397,0.7357171773910522,-1.0645421743392944,0.4326484799385071,0.5272431373596191,-0.5044040273984468,-3.4047935925209383,2,0,0,-0.059395529329776764,-0.4285520613193512,0.43311601877212524,-0.03173741698265076,-0.5272431373596191,0.0,0.3062434792518616,0.2606147229671478,0.1160850077867508,0.023435160517692566,75.87242889404297,1,0.0181563813239336,0.35795438289642334,-0.2632353901863098,0.14887557923793793,0.0,0,0.7384305000305176,-0.24602434039115906,0.24168932437896729,0.1275363564491272,0.0,0,0.9632736444473267,-0.27166542410850525,-0.10546883940696716,0.022982656955718994,79.68367767333984,1,0.03355098143219948
368,7.36,walk,0.5,0.0,-0.5,0.3640023171901703,0.734716534614563,-1.0731137990951538,0.4338337481021881,0.5448777675628662,-0.5878662176525052,-3.4233650903176147,2,0,0,-0.06365212053060532,-0.42913880944252014,0.4343201816082001,-0.031221985816955566,-0.5448777675628662,0.0,0.31133854389190674,0.2510901689529419,0.1187182068824768,0.023403823375701904,76.15956115722656,1,0.01925986260175705,0.3650912046432495,-0.26539066433906555,0.1533138006925583,0.0,0,0.6533275246620178,-0.23782502114772797,0.239950492978096,0.13175800442695618,0.0,0,0.9175586104393005,-0.2786320745944977,-0.10817630589008331,0.022933192551136017,79.53939819335938,1,0.03433699160814285
369,7.38,walk,0.5,0.0,-0.5,0.36474546790122986,0.733628511428833,-1.0817317962646484,0.4372726380825043,0.5591030120849609,-0.6472062074704884,-3.4330046216706185,2,0,0,-0.06846369057893753,-0.4318796992301941,0.4375373125076294,-0.03098413348197937,-0.5591030120849609,0.0,0.3151756525039673,0.24152150750160217,0.12146203219890594,0.02337021380662918,76.89913940429688,1,0.01963743381202221,0.37075474858283997,-0.2664729058742523,0.1561584621667862,0.0,0,0.5806261301040649,-0.23081961274147034,0.23758511245250702,0.13438519835472107,0.0,0,0.8717937469482422,-0.28553834557533264,-0.11089536547660828,0.022882089018821716,78.99143981933594,1,0.03529483452439308
370,7.4,walk,0.5,0.0,-0.5,0.36539503931999207,0.7324367165565491,-1.0904343128204346,0.4427264928817749,0.5719577670097351,-0.6810528363765164,-3.4256506423686304,2,0,0,-0.07410914450883865,-0.436479777097702,0.442633718252182,-0.03125488758087158,-0.5719577670097351,0.0,0.31784147024154663,0.23191875219345093,0.12431767582893372,0.023333854973316193,77.80619812011719,1,0.01988501474261284,0.37497833371162415,-0.2670671045780182,0.15782079100608826,0.0,0,0.520877480506897,-0.22520002722740173,0.23554366827011108,0.13585272431373596,0.0,0,0.8165966868400574,-0.29237669706344604,-0.11360044777393341,0.022828765213489532,77.8787841796875,1,0.03627738729119301
371,7.42,walk,0.5,0.0,-0.5,0.36590954661369324,0.7311171889305115,-1.0992509126663208,0.4496898055076599,0.5818263292312622,-0.7019668222542425,-3.4052527092992104,2,0,0,-0.08112186193466187,-0.4423123002052307,0.4490247964859009,-0.03258052468299866,-0.5818263292312622,0.0,0.3194427192211151,0.22223038971424103,0.12721015512943268,0.023296162486076355,78.70858764648438,1,0.02046341635286808,0.3778522312641144,-0.26743167638778687,0.15831749141216278,0.0,0,0.47093135118484497,-0.22099550068378448,0.2341853380203247,0.13628257811069489,0.0,0,0.7664564251899719,-0.29920125007629395,-0.11634252965450287,0.022774189710617065,74.64801788330078,1,0.03682280331850052
372,7.44,walk,0.5,0.0,-0.5,0.36624109745025635,0.729634165763855,-1.10819411277771,0.4575265645980835,0.5901468992233276,-0.7180160592564799,-3.3804646721407647,2,0,0,-0.09010951966047287,-0.4485653042793274,0.4560638964176178,-0.035614848136901855,-0.5901468992233276,0.0,0.3201614320278168,0.21239246428012848,0.13010357320308685,0.02325619012117386,79.73003387451172,1,0.021333521232008934,0.3795038163661957,-0.26758861541748047,0.15743933618068695,0.0,0,0.4280623197555542,-0.2179531455039978,0.23343372344970703,0.13562951982021332,0.0,0,0.7337449193000793,-0.30608174204826355,-0.11913464963436127,0.02271842211484909,71.79273223876953,1,0.037153929471969604
373,7.46,walk,0.5,0.0,-0.5,0.36636871099472046,0.7279462218284607,-1.1172661781311035,0.4659748077392578,0.5976393818855286,-0.7192804446657257,-3.346131872504049,2,0,0,-0.1012987345457077,-0.4548308253288269,0.46350279450416565,-0.040603458881378174,-0.5976393818855286,0.0,0.3202276825904846,0.20242831110954285,0.13308191299438477,0.02321508526802063,80.92858123779297,1,0.022625841200351715,0.38011911511421204,-0.2673910856246948,0.15496498346328735,0.0,0,0.38969141244888306,-0.21557098627090454,0.2329428642988205,0.13376471400260925,0.0,0,0.7241965532302856,-0.3129982650279999,-0.1218818724155426,0.022661633789539337,69.25752258300781,1,0.03747817128896713
374,7.48,walk,0.5,0.0,-0.5,0.36628246307373047,0.7260083556175232,-1.1264667510986328,0.4751283526420593,0.6042771339416504,-0.6930686865913026,-3.291931973562471,2,0,0,-0.11479514092206955,-0.4610520899295807,0.4714006781578064,-0.04763585329055786,-0.6042771339416504,0.0,0.31983524560928345,0.1923932582139969,0.13625001907348633,0.023172058165073395,82.28008270263672,1,0.02473256178200245,0.3798244297504425,-0.26666319370269775,0.15073809027671814,0.0,0,0.35145068168640137,-0.21333299577236176,0.23236165940761566,0.13051947951316833,0.0,0,0.7358042001724243,-0.3199009299278259,-0.12447004020214081,0.022603198885917664,66.74917602539062,1,0.03782806172966957
375,7.5,walk,0.5,0.0,-0.5,0.36597293615341187,0.7237743735313416,-1.1357982158660889,0.4853115677833557,0.6098572015762329,-0.6312642257825613,-3.2124279312932877,2,0,0,-0.13061955571174622,-0.4674032926559448,0.4800350069999695,-0.05667680501937866,-0.6098572015762329,0.0,0.3191162645816803,0.1823100745677948,0.13968461751937866,0.023127861320972443,83.78559875488281,1,0.02802586555480957,0.3785254657268524,-0.26525062322616577,0.14450876414775848,0.0,0,0.30371883511543274,-0.21092237532138824,0.2314084768295288,0.1257139891386032,0.0,0,0.7597519755363464,-0.3267730474472046,-0.12680992484092712,0.022543318569660187,64.10887145996094,1,0.03815704956650734
376,7.5200000000000005,walk,0.5,0.0,-0.5,0.3654375672340393,0.7211952209472656,-1.1452645063400269,0.4968603551387787,0.613896906375885,-0.530414988583442,-3.108938825979959,2,0,0,-0.14888809621334076,-0.47402799129486084,0.48969388008117676,-0.06777685880661011,-0.613896906375885,0.0,0.3181699812412262,0.17215944826602936,0.14343160390853882,0.023081794381141663,85.49412536621094,1,0.033072005957365036,0.3757448196411133,-0.2630114257335663,0.13568083941936493,0.0,0,0.23075975477695465,-0.20836913585662842,0.22988884150981903,0.11897145211696625,0.0,0,0.7843815684318542,-0.33364352583885193,-0.1288345754146576,0.022481732070446014,61.37455749511719,1,0.03846496343612671
377,7.54,walk,0.5,0.0,-0.5,0.36470818519592285,0.7182201147079468,-1.1548703908920288,0.5101505517959595,0.6155673861503601,-0.3947766897749654,-2.9846236201136143,2,0,0,-0.1696833223104477,-0.4811040759086609,0.5007714033126831,-0.08094877004623413,-0.6155673861503601,0.0,0.3172900378704071,0.16191351413726807,0.14748677611351013,0.02303304523229599,87.6114273071289,1,0.041197676211595535,0.370134562253952,-0.2598370909690857,0.12272500991821289,0.0,0,0.11505172401666641,-0.2061311900615692,0.22752706706523895,0.10938060283660889,0.0,0,0.7988677620887756,-0.3405579924583435,-0.13051161170005798,0.022417843341827393,58.83592224121094,1,0.038904450833797455
378,7.5600000000000005,walk,0.5,0.0,-0.5,0.36389270424842834,0.714792013168335,-1.1646262407302856,0.526015043258667,0.6186268329620361,-0.22983055616606646,-2.8433983599661996,2,0,0,-0.1935081034898758,-0.4891282320022583,0.5141268968582153,-0.09656393527984619,-0.6186268329620361,0.0,0.31760960817337036,0.15153135359287262,0.15184348821640015,0.022982090711593628,90.44782257080078,1,0.05799171328544617,0.3582345247268677,-0.25533297657966614,0.10226240754127502,0.0,0,0.3335520923137665,-0.20545674860477448,0.22363682091236115,0.09491008520126343,0.0,0,0.7949032187461853,-0.3475731611251831,-0.1318129003047943,0.022351302206516266,56.45247268676758,1,0.039754897356033325
379,7.58,walk,0.5,0.0,-0.5,0.363136351108551,0.7108460664749146,-1.1745457649230957,0.5454537868499756,0.6399679183959961,0.006530272828813781,-2.6961678694344626,2,0,0,-0.22152984142303467,-0.4984419345855713,0.5303752422332764,-0.11557269096374512,-0.6399679183959961,0.0,0.3244626820087433,0.1408965289592743,0.1568182110786438,0.022922784090042114,91.96065521240234,1,0.10175739228725433,0.3316270411014557,-0.24725580215454102,0.06791574507951736,0.0,0,1.204795002937317,-0.20939578115940094,0.21626970171928406,0.0715997964143753,0.0,0,0.841333270072937,-0.35477137565612793,-0.13248488306999207,0.022281736135482788,51.75486373901367,1,0.04099748283624649
380,7.6000000000000005,walk,0.5,0.0,-0.5,0.36205923557281494,0.7062849998474121,-1.1845976114273071,0.5612829327583313,0.7447277903556824,0.28817019007490724,-2.432409869350665,2,0,0,-0.25418251752853394,-0.5004295706748962,0.5395558476448059,-0.13950246572494507,-0.7447277903556824,0.0,0.3237943649291992,0.13046130537986755,0.162511944770813,0.022823229432106018,78.87689971923828,1,0.0714159905910492,0.2852552831172943,-0.222377210855484,0.027470432221889496,0.0,0,2.45745587348938,-0.22361895442008972,0.1984439343214035,0.033912576735019684,0.0,0,1.4491446018218994,-0.36139899492263794,-0.13292071223258972,0.02221301943063736,33.8951301574707,1,0.0411326065659523
381,7.62,walk,0.5,0.0,-0.5,0.35976558923721313,0.7018085718154907,-1.1937317848205566,0.4818481206893921,0.5329717993736267,0.50701497393039,-2.0455357884866836,2,0,0,-0.22363844513893127,-0.42680612206459045,0.4627218544483185,-0.11927884817123413,-0.5329717993736267,0.0,0.2802278399467468,0.177446648478508,0.16638246178627014,0.03538433462381363,0.0,0,3.824525833129883,0.2736566960811615,-0.20982906222343445,0.02319014072418213,96.37516784667969,1,0.04084350913763046,-0.23434919118881226,0.19370277225971222,0.02299627661705017,86.54643249511719,1,0.03256790339946747,-0.34518301486968994,-0.13282319903373718,0.029408015310764313,0.0,0,1.1008435487747192
382,7.640000000000001,walk,0.5,0.0,-0.5,0.35823309421539307,0.6976667642593384,-1.2020944356918335,0.46613645553588867,0.39763447642326355,0.5681560526159938,-1.935605601342621,2,0,0,-0.21132710576057434,-0.41548049449920654,0.4512035846710205,-0.10636967420578003,-0.39763447642326355,0.0,0.25726211071014404,0.2623237669467926,0.15345482528209686,0.056280482560396194,0.0,0,4.872476100921631,0.26677653193473816,-0.20530930161476135,0.023293189704418182,83.33492279052734,1,0.012581960298120975,-0.24368250370025635,0.19419491291046143,0.022963210940361023,81.0080795288086,1,0.047133442014455795,-0.30389007925987244,-0.12839651107788086,0.04741894453763962,0.0,0,2.257183313369751
383,7.66,walk,0.5,0.0,-0.5,0.35734274983406067,0.6936789751052856,-1.2103848457336426,0.4689786732196808,0.3457700312137604,1.2665228315691106,-1.814664508926263,2,0,0,-0.20713070034980774,-0.4207586944103241,0.4566666781902313,-0.09741532802581787,-0.3457700312137604,0.0,0.28543728590011597,0.3438153564929962,0.13968133926391602,0.07735289633274078,0.0,0,4.235943794250488,0.25988906621932983,-0.1976463496685028,0.023301854729652405,79.39617156982422,1,0.013023409992456436,-0.25254571437835693,0.19841636717319489,0.022908739745616913,84.69967651367188,1,0.05015813186764717,-0.2620032727718353,-0.11784705519676208,0.053914181888103485,0.0,0,2.46101713180542
384,7.68,walk,0.5,0.0,-0.5,0.35650303959846497,0.6896706223487854,-1.2191532850265503,0.5030219554901123,0.4221275746822357,2.1616569017831284,-1.8031855222524102,2,0,0,-0.21413101255893707,-0.4551691710948944,0.49251335859298706,-0.09143000841140747,-0.4221275746822357,0.0,0.3299455940723419,0.39807695150375366,0.1331263780593872,0.08862043917179108,0.0,0,2.5915019512176514,0.252058207988739,-0.18886741995811462,0.023288816213607788,80.07745361328125,1,0.008378773927688599,-0.2625878155231476,0.20335058867931366,0.022848881781101227,87.85054779052734,1,0.04723015055060387,-0.22180241346359253,-0.10281328856945038,0.05764414370059967,0.0,0,2.3315415382385254
385,7.7,walk,0.5,0.0,-0.5,0.35566410422325134,0.685489296913147,-1.2288391590118408,0.5478863716125488,0.4973558485507965,2.723961616714537,-2.176724939422411,2,0,0,-0.2245384156703949,-0.4997619092464447,0.5392823219299316,-0.08534646034240723,-0.4973558485507965,0.0,0.34743577241897583,0.4128614068031311,0.1312168836593628,0.08871273696422577,0.0,0,0.8843053579330444,0.24153049290180206,-0.1817435324192047,0.023240171372890472,84.63044738769531,1,0.01078719086945057,-0.2761150300502777,0.20554503798484802,0.02278471738100052,88.67463684082031,1,0.0473141074180603,-0.19824758172035217,-0.08961659669876099,0.057344309985637665,0.0,0,1.5177090167999268
386,7.72,walk,0.5,0.0,-0.5,0.355211079120636,0.6812463998794556,-1.239280104637146,0.5764729380607605,0.45005348324775696,2.6772283951962517,-2.975725804615792,2,0,0,-0.2218841314315796,-0.5320606231689453,0.5713782906532288,-0.07003062963485718,-0.45005348324775696,0.0,0.3317292034626007,0.3906150758266449,0.12474927306175232,0.06975701451301575,0.0,0,1.0705691576004028,0.22794345021247864,-0.1784297525882721,0.023190349340438843,91.40217590332031,1,0.01410664152354002,-0.29280078411102295,0.20378044247627258,0.022718600928783417,83.29218292236328,1,0.06570129096508026,-0.19905632734298706,-0.07929639518260956,0.04412851482629776,0.0,0,0.7332614064216614
387,7.74,walk,0.5,0.0,-0.5,0.35545584559440613,0.6772734522819519,-1.2498563528060913,0.568776547908783,0.33623626828193665,2.0959842060266327,-3.887998527004664,3,0,0,-0.19917552173137665,-0.5327624678611755,0.5682750344276428,-0.04463911056518555,-0.33623626828193665,0.0,0.3224260210990906,0.3368293344974518,0.10623916983604431,0.023634139448404312,0.0,0,2.5425238609313965,0.2133258879184723,-0.17917203903198242,0.023166000843048096,97.85032653808594,1,0.059478893876075745,-0.30977699160575867,0.1990736722946167,0.022648856043815613,75.90272521972656,1,0.08714081346988678,-0.21461720764636993,-0.07626211643218994,0.023375317454338074,55.57798767089844,1,0.03792531415820122
388,7.76,walk,0.5,0.0,-0.5,0.355995237827301,0.6736444234848022,-1.2596529722213745,0.4962802827358246,0.4251028001308441,1.2145066721712323,-3.6972607986770036,3,0,0,-0.17994767427444458,-0.4625072479248047,0.49553775787353516,-0.04115581512451172,-0.4251028001308441,0.0,0.31001994013786316,0.32330942153930664,0.10164996981620789,0.023550715297460556,83.19200897216797,1,0.017070025205612183,0.22766146063804626,-0.1892089992761612,0.025976717472076416,0.0,0,1.7526706457138062,-0.31976836919784546,0.19262433052062988,0.022558510303497314,20.971797943115234,1,0.07685338705778122,-0.22254496812820435,-0.08211545646190643,0.023316681385040283,82.44561004638672,1,0.014217359013855457
389,7.78,walk,0.5,0.0,-0.5,0.35603785514831543,0.6702253818511963,-1.268520474433899,0.46095898747444153,0.3938077390193939,0.30384091186716433,-3.3480259693382584,2,0,0,-0.1734650731086731,-0.42707499861717224,0.4576990306377411,-0.04050803184509277,-0.3938077390193939,0.0,0.28317201137542725,0.31526944041252136,0.09968522191047668,0.02355358749628067,82.10718536376953,1,0.022913604974746704,0.27224695682525635,-0.20222127437591553,0.0547223836183548,0.0,0,2.536240816116333,-0.3073432445526123,0.1961992383003235,0.040905751287937164,0.0,0,1.4155768156051636,-0.22856223583221436,-0.08834429085254669,0.02326992154121399,83.95159149169922,1,0.016018932685256004
390,7.8,walk,0.5,0.0,-0.5,0.35586461424827576,0.666948676109314,-1.2768930196762085,0.44639620184898376,0.4065551459789276,-0.21280066674961648,-3.1998074492543966,2,0,0,-0.17037348449230194,-0.4126044809818268,0.4435892701148987,-0.03829371929168701,-0.4065551459789276,0.0,0.2819003164768219,0.30659282207489014,0.0997694730758667,0.02357492223381996,77.40229034423828,1,0.013306845910847187,0.30916735529899597,-0.21831035614013672,0.08018985390663147,0.0,0,1.9869706630706787,-0.29331454634666443,0.2142123579978943,0.062310606241226196,0.0,0,1.5562697649002075,-0.23530597984790802,-0.0923655778169632,0.023231394588947296,86.94529724121094,1,0.010393663309514523
391,7.82,walk,0.5,0.0,-0.5,0.35593995451927185,0.6636436581611633,-1.2851475477218628,0.4457124173641205,0.4342470169067383,-0.5548098629777889,-3.1604380254350315,2,0,0,-0.17554984986782074,-0.40968501567840576,0.44388914108276367,-0.04016941785812378,-0.4342470169067383,0.0,0.28526946902275085,0.29738157987594604,0.10090517997741699,0.02357543259859085,76.32577514648438,1,0.015752213075757027,0.32897669076919556,-0.23162928223609924,0.09848666191101074,0.0,0,1.1741541624069214,-0.2835526466369629,0.22833849489688873,0.07941336184740067,0.0,0,1.1052733659744263,-0.24253541231155396,-0.09553712606430054,0.023189201951026917,86.94815063476562,1,0.011165793985128403
392,7.84,walk,0.5,0.0,-0.5,0.3562854826450348,0.6602815985679626,-1.2933003902435303,0.4401486814022064,0.4516918659210205,-0.7002510573903942,-3.174167345996992,2,0,0,-0.17918898165225983,-0.4020226001739502,0.4387861490249634,-0.04187774658203125,-0.4516918659210205,0.0,0.28552791476249695,0.28792086243629456,0.10323774814605713,0.02355699986219406,76.38117980957031,1,0.017647983506321907,0.3366374969482422,-0.2422066330909729,0.1107693687081337,0.0,0,0.8438020944595337,-0.27433502674102783,0.23508918285369873,0.09336256980895996,0.0,0,0.9738884568214417,-0.24993644654750824,-0.09772032499313354,0.023136340081691742,83.73612213134766,1,0.022402523085474968
393,7.86,walk,0.5,0.0,-0.5,0.35675132274627686,0.6568983197212219,-1.3012555837631226,0.4303630590438843,0.4776139557361603,-0.7524953344343803,-3.2058389331783412,2,0,0,-0.18008065223693848,-0.39087507128715515,0.429101824760437,-0.042154014110565186,-0.4776139557361603,0.0,0.2868296802043915,0.27849137783050537,0.10616278648376465,0.023536317050457,76.1396484375,1,0.019724661484360695,0.34195542335510254,-0.25061923265457153,0.12104718387126923,0.0,0,0.7912448644638062,-0.2634207606315613,0.23839251697063446,0.10578575730323792,0.0,0,1.043506383895874,-0.25721901655197144,-0.09952181577682495,0.02309667319059372,81.25542449951172,1,0.030580269172787666
394,7.88,walk,0.5,0.0,-0.5,0.35727933049201965,0.6535018682479858,-1.3090261220932007,0.4235556423664093,0.5069447159767151,-0.8157512104417494,-3.2392014190660916,2,0,0,-0.18140771985054016,-0.38274091482162476,0.4224398136138916,-0.0417904257774353,-0.5069447159767151,0.0,0.29114457964897156,0.2691582441329956,0.10907664895057678,0.023513101041316986,75.70902252197266,1,0.022086134180426598,0.3488612174987793,-0.25694504380226135,0.13035151362419128,0.0,0,0.780442476272583,-0.2524707019329071,0.2399526685476303,0.11622555553913116,0.0,0,1.0142717361450195,-0.2642863690853119,-0.10158181190490723,0.02305331826210022,80.51439666748047,1,0.03418504819273949
395,7.9,walk,0.5,0.0,-0.5,0.3578745722770691,0.6500557661056519,-1.3166917562484741,0.4215972423553467,0.5278688073158264,-0.8772000745268269,-3.2621965315674086,2,0,0,-0.18498314917087555,-0.37884756922721863,0.42060524225234985,-0.04201382398605347,-0.5278688073158264,0.0,0.2965061366558075,0.2599095106124878,0.11202797293663025,0.02348664402961731,75.60691833496094,1,0.023853212594985962,0.35628560185432434,-0.2612644135951996,0.1377665251493454,0.0,0,0.7205624580383301,-0.24352170526981354,0.24010562896728516,0.12344588339328766,0.0,0,0.9125893712043762,-0.2711571156978607,-0.1038060188293457,0.023008190095424652,80.00736999511719,1,0.03711734712123871
396,7.92,walk,0.5,0.0,-0.5,0.35850194096565247,0.6465272307395935,-1.3243213891983032,0.42267826199531555,0.5396462082862854,-0.9100504563093851,-3.2681308987390922,2,0,0,-0.18975761532783508,-0.3776889741420746,0.4216592013835907,-0.04236215353012085,-0.5396462082862854,0.0,0.30130523443222046,0.2507219910621643,0.11513182520866394,0.023457027971744537,75.9666748046875,1,0.024876469746232033,0.36277270317077637,-0.26412615180015564,0.14289216697216034,0.0,0,0.6425380706787109,-0.23648391664028168,0.23915408551692963,0.12788915634155273,0.0,0,0.8409052491188049,-0.2778772711753845,-0.10599866509437561,0.02296142280101776,78.9974365234375,1,0.041505444794893265
397,7.94,walk,0.5,0.0,-0.5,0.3591036796569824,0.6428919434547424,-1.3319568634033203,0.4258507788181305,0.5488419532775879,-0.9163588830598323,-3.252773004946907,2,0,0,-0.19552886486053467,-0.3783085346221924,0.42462530732154846,-0.04294818639755249,-0.5488419532775879,0.0,0.30508795380592346,0.24157865345478058,0.11835417151451111,0.023425325751304626,76.5901870727539,1,0.02556881122291088,0.36793890595436096,-0.26602041721343994,0.14613589644432068,0.0,0,0.5741993188858032,-0.23066115379333496,0.23778115212917328,0.13058140873908997,0.0,0,0.8018905520439148,-0.284475713968277,-0.10814517736434937,0.022912397980690002,77.72468566894531,1,0.04653902351856232
398,7.96,walk,0.5,0.0,-0.5,0.3596397042274475,0.6391221880912781,-1.33963143825531,0.43114909529685974,0.5587885975837708,-0.9013236089842244,-3.211506282642159,2,0,0,-0.2027938812971115,-0.3804788887500763,0.42956677079200745,-0.04422813653945923,-0.5587885975837708,0.0,0.30777987837791443,0.2324644774198532,0.12166863679885864,0.023391738533973694,77.32726287841797,1,0.026247046887874603,0.3718722462654114,-0.26718851923942566,0.14786432683467865,0.0,0,0.5164862275123596,-0.22575446963310242,0.23655760288238525,0.13203920423984528,0.0,0,0.771452784538269,-0.290962815284729,-0.1102638840675354,0.022860974073410034,76.35747528076172,1,0.051500480622053146
399,7.98,walk,0.5,0.0,-0.5,0.36008936166763306,0.6351844668388367,-1.347374677658081,0.4386429786682129,0.5695430040359497,-0.8625953158123414,-3.1392349838171962,2,0,0,-0.21191558241844177,-0.38405656814575195,0.43656837940216064,-0.04649704694747925,-0.5695430040359497,0.0,0.3094346821308136,0.2233666181564331,0.12510369718074799,0.023355893790721893,78.1655044555664,1,0.02697891741991043,0.37469708919525146,-0.26775291562080383,0.14818915724754333,0.0,0,0.467173308134079,-0.22163087129592896,0.23566900193691254,0.13241606950759888,0.0,0,0.7469398379325867,-0.2973440885543823,-0.11233294010162354,0.022806912660598755,74.86540222167969,1,0.056300871074199677
400,8.0,walk,0.5,0.0,-0.5,0.360439658164978,0.6310394406318665,-1.3552113771438599,0.4482252299785614,0.5805713534355164,-0.7942656764687107,-3.0311929170918193,2,0,0,-0.22311709821224213,-0.3887474834918976,0.44550442695617676,-0.049987971782684326,-0.5805713534355164,0.0,0.3102288544178009,0.21427187323570251,0.1287114918231964,0.023317955434322357,79.13587951660156,1,0.027722086757421494,0.3765292465686798,-0.26779112219810486,0.14711697399616241,0.0,0,0.426144540309906,-0.21809399127960205,0.23506717383861542,0.13174787163734436,0.0,0,0.7331922650337219,-0.30362462997436523,-0.1143045425415039,0.022749967873096466,72.61774444580078,1,0.06045401096343994
401,8.02,walk,0.5,0.0,-0.5,0.3606491684913635,0.6266427040100098,-1.3631525039672852,0.4592992663383484,0.5896273255348206,-0.7071167848884321,-2.896263170368452,2,0,0,-0.2366163432598114,-0.39366039633750916,0.4556107819080353,-0.055214524269104004,-0.5896273255348206,-0.0,0.3103928864002228,0.2051011621952057,0.13244429230690002,0.02327767014503479,80.16098022460938,1,0.028708308935165405,0.37743285298347473,-0.26740142703056335,0.14460481703281403,0.0,0,0.391430526971817,-0.2149498462677002,0.23462000489234924,0.12998640537261963,0.0,0,0.7313956022262573,-0.3098849952220917,-0.11621078848838806,0.02269073575735092,68.40471649169922,1,0.06226024776697159
402,8.040000000000001,walk,0.5,0.0,-0.5,0.3606661856174469,0.6219450831413269,-1.371189832687378,0.47146645188331604,0.5977646112442017,-0.6061530352990094,-2.7489814534179398,2,0,0,-0.25265952944755554,-0.3980499804019928,0.46646037697792053,-0.06264817714691162,-0.5977646112442017,0.0,0.31011658906936646,0.1957559883594513,0.13629667460918427,0.023234739899635315,81.41606140136719,1,0.02975456230342388,0.37735891342163086,-0.26655447483062744,0.14036227762699127,0.0,0,0.3528895676136017,-0.21209746599197388,0.23411458730697632,0.12684796750545502,0.0,0,0.7365822792053223,-0.316226065158844,-0.11803719401359558,0.02262958139181137,64.94383239746094,1,0.06335727870464325
403,8.06,walk,0.5,0.0,-0.5,0.3604778051376343,0.6168968677520752,-1.3793087005615234,0.48462095856666565,0.6041521430015564,-0.4784744948749628,-2.5902297144168607,2,0,0,-0.27121198177337646,-0.40162360668182373,0.4779496192932129,-0.07233524322509766,-0.6041521430015564,0.0,0.3094983994960785,0.1862235963344574,0.1403723657131195,0.023189224302768707,83.02043914794922,1,0.03078475408256054,0.37605994939804077,-0.26504597067832947,0.13382133841514587,0.0,0,0.29733243584632874,-0.20945177972316742,0.2332323044538498,0.1218278706073761,0.0,0,0.7494715452194214,-0.32266953587532043,-0.11966016888618469,0.022566907107830048,62.01176452636719,1,0.06427836418151855
404,8.08,walk,0.5,0.0,-0.5,0.36009901762008667,0.6114476919174194,-1.3874919414520264,0.4989304542541504,0.6074643731117249,-0.3157439305585132,-2.4173685121378274,2,0,0,-0.2922549545764923,-0.404374361038208,0.49020642042160034,-0.08424633741378784,-0.6074643731117249,0.0,0.3086661696434021,0.17651696503162384,0.14474369585514069,0.023140542209148407,85.02381134033203,1,0.03193632885813713,0.3727703094482422,-0.26265749335289,0.12395399808883667,0.0,0,0.20449857413768768,-0.20703347027301788,0.23163020610809326,0.1142418384552002,0.0,0,0.7691518664360046,-0.3292187452316284,-0.12097221612930298,0.022501930594444275,59.209495544433594,1,0.06518381088972092
405,8.1,walk,0.5,0.0,-0.5,0.35959482192993164,0.6055457592010498,-1.3957240581512451,0.5149445533752441,0.6081802248954773,-0.12499259521336557,-2.228039083439659,2,0,0,-0.31589657068252563,-0.4066660702228546,0.503798246383667,-0.09832745790481567,-0.6081802248954773,0.0,0.3081493675708771,0.16664734482765198,0.14938750863075256,0.02308875322341919,87.66106414794922,1,0.03350364789366722,0.3653574585914612,-0.2592231333255768,0.10846233367919922,0.0,0,0.15265972912311554,-0.20538729429244995,0.22883987426757812,0.10275030136108398,0.0,0,0.7825486063957214,-0.33588507771492004,-0.12194377183914185,0.02243451029062271,56.73112106323242,1,0.06645504385232925
406,8.120000000000001,walk,0.5,0.0,-0.5,0.3591226041316986,0.5991278290748596,-1.4039980173110962,0.5341671705245972,0.6162604689598083,0.09582049041237749,-2.034264482252282,2,0,0,-0.3434864580631256,-0.40908634662628174,0.520087480545044,-0.11550617218017578,-0.6162604689598083,0.0,0.3104728162288666,0.15652358531951904,0.1543562412261963,0.023033499717712402,91.32490539550781,1,0.036692339926958084,0.34800440073013306,-0.2538619935512543,0.08220227062702179,0.0,0,0.6872023344039917,-0.20646598935127258,0.2237270474433899,0.08444550633430481,0.0,0,0.7919706702232361,-0.3427664041519165,-0.1225106418132782,0.02236413210630417,53.82606887817383,1,0.06851433217525482
407,8.14,walk,0.5,0.0,-0.5,0.3587813377380371,0.592106819152832,-1.412293553352356,0.5603325366973877,0.6684900522232056,0.35570680710330244,-1.8604696784910726,2,0,0,-0.38016459345817566,-0.41163989901542664,0.5411823987960815,-0.14000219106674194,-0.6684900522232056,0.0,0.3221787214279175,0.14589229226112366,0.15984635055065155,0.023004576563835144,89.61488342285156,1,0.045360151678323746,0.30852943658828735,-0.24123723804950714,0.03972429037094116,0.0,0,1.917614221572876,-0.2150631844997406,0.21256302297115326,0.05415807664394379,0.0,0,1.0357718467712402,-0.34998783469200134,-0.12269860506057739,0.022293873131275177,45.65483474731445,1,0.06886491179466248
408,8.16,walk,0.5,0.0,-0.5,0.35665562748908997,0.5850090980529785,-1.4201627969741821,0.5099298357963562,0.6505872011184692,0.709147752310306,-1.5482662138414325,3,0,0,-0.3478304445743561,-0.3728839159011841,0.49049535393714905,-0.1214592456817627,-0.6505872011184692,0.0,0.3050190508365631,0.17874668538570404,0.1730382889509201,0.02476642280817032,0.0,0,3.2184054851531982,0.2833932638168335,-0.2206287831068039,0.023290373384952545,116.66351318359375,1,0.05369851738214493,-0.23156847059726715,0.19863632321357727,0.023097999393939972,92.55874633789062,1,0.06862647831439972,-0.35212719440460205,-0.1244448721408844,0.022276178002357483,7.331136703491211,1,0.2632919251918793
409,8.18,walk,0.5,0.0,-0.5,0.3541205823421478,0.5787296295166016,-1.4273910522460938,0.4705906808376312,0.46584588289260864,0.8906717155301779,-1.6572271544535881,2,0,0,-0.31316715478897095,-0.3512576222419739,0.4569110870361328,-0.0973631739616394,-0.46584588289260864,0.0,0.26974454522132874,0.25603097677230835,0.16336393356323242,0.045199744403362274,0.0,0,4.65371036529541,0.27529752254486084,-0.2150772660970688,0.02328626811504364,90.34635925292969,1,0.016142666339874268,-0.2428770214319229,0.19930881261825562,0.02295934408903122,89.7259750366211,1,0.028305094689130783,-0.31629371643066406,-0.12176051735877991,0.04096744954586029,0.0,0,2.207998514175415
410,8.2,walk,0.5,0.0,-0.5,0.35263174772262573,0.5727934837341309,-1.434421181678772,0.4655321538448334,0.3628355860710144,1.4300627466217803,-1.6136012421208359,2,0,0,-0.3041474521160126,-0.35244080424308777,0.45509612560272217,-0.08522307872772217,-0.3628355860710144,0.0,0.2854212522506714,0.3358646631240845,0.14664193987846375,0.06951959431171417,0.0,0,4.271359920501709,0.2680578827857971,-0.20836783945560455,0.02330426126718521,81.3096923828125,1,0.01099894754588604,-0.2524622082710266,0.2021452635526657,0.022916384041309357,89.03968048095703,1,0.033411554992198944,-0.2736986577510834,-0.11555784940719604,0.04767203330993652,0.0,0,2.53483247756958
411,8.22,walk,0.5,0.0,-0.5,0.3514564037322998,0.5668066143989563,-1.4417243003845215,0.4904484450817108,0.40306004881858826,2.3494687478250844,-1.5880179148109068,2,0,0,-0.3154381811618805,-0.3755508363246918,0.4816131293773651,-0.07908076047897339,-0.40306004881858826,0.0,0.3274246156215668,0.3934077024459839,0.13793686032295227,0.08109600096940994,0.0,0,2.831951379776001,0.26045817136764526,-0.19972173869609833,0.023305192589759827,80.52059173583984,1,0.011342301033437252,-0.2622896134853363,0.20693421363830566,0.022864706814289093,91.27046203613281,1,0.035999901592731476,-0.22872336208820343,-0.10267266631126404,0.05187512934207916,0.0,0,2.5692038536071777
412,8.24,walk,0.5,0.0,-0.5,0.3503417372703552,0.5604516267776489,-1.4497984647750854,0.5342590808868408,0.4757736325263977,3.1157352910909446,-1.8695442251336691,2,0,0,-0.33689630031585693,-0.4146488308906555,0.5269962549209595,-0.07291674613952637,-0.4757736325263977,0.0,0.3504577875137329,0.4142625331878662,0.13547176122665405,0.08280549198389053,0.0,0,1.1270198822021484,0.250670850276947,-0.1917268931865692,0.023254282772541046,84.38585662841797,1,0.011441560462117195,-0.27497249841690063,0.21009700000286102,0.022801093757152557,92.4259262084961,1,0.0361003503203392,-0.19806374609470367,-0.08943240344524384,0.05440128594636917,0.0,0,1.790190577507019
413,8.26,walk,0.5,0.0,-0.5,0.34959718585014343,0.5538062453269958,-1.4586302042007446,0.5664034485816956,0.457088440656662,3.3350592820858123,-2.564182361130194,2,0,0,-0.3454180955886841,-0.4488866329193115,0.5619146823883057,-0.05851137638092041,-0.457088440656662,0.0,0.3391890525817871,0.398736834526062,0.13103145360946655,0.06808178126811981,0.0,0,0.7977539896965027,0.23796027898788452,-0.18703606724739075,0.023249968886375427,88.77963256835938,1,0.014485428109765053,-0.29081985354423523,0.20959727466106415,0.02273545414209366,88.56504821777344,1,0.03877747431397438,-0.19279131293296814,-0.07844953238964081,0.04525616019964218,0.0,0,0.8426172137260437
414,8.28,walk,0.5,0.0,-0.5,0.34948912262916565,0.54727703332901,-1.4678337574005127,0.570122480392456,0.3580193817615509,2.913978333197938,-3.467239450781426,3,0,0,-0.3288344740867615,-0.4657333195209503,0.5688344240188599,-0.03203850984573364,-0.3580193817615509,0.0,0.3210369646549225,0.3517264127731323,0.11581960320472717,0.029111966490745544,0.0,0,2.236382484436035,0.22360697388648987,-0.18684878945350647,0.023214422166347504,94.73746490478516,1,0.015429539605975151,-0.30775004625320435,0.20546695590019226,0.022670000791549683,82.51300811767578,1,0.04153487831354141,-0.20686325430870056,-0.0716521292924881,0.023181147873401642,37.30387496948242,1,0.3694418966770172
415,8.3,walk,0.5,0.0,-0.5,0.3506168723106384,0.5412626266479492,-1.476569652557373,0.507764995098114,0.26898321509361267,2.1044809613541284,-3.5798169765591035,4,0,0,-0.2875639498233795,-0.4184880554676056,0.5127339363098145,-0.02219444513320923,-0.26898321509361267,0.0,0.305670827627182,0.3340968191623688,0.10995617508888245,0.02362000197172165,63.61771774291992,1,0.010697264224290848,0.21410906314849854,-0.18983279168605804,0.02317102998495102,60.40403747558594,1,0.02555607445538044,-0.31927257776260376,0.1997249871492386,0.022581569850444794,61.47524642944336,1,0.05675121024250984,-0.21685299277305603,-0.07695561647415161,0.02334900200366974,70.50341033935547,1,0.033359237015247345
416,8.32,walk,0.5,0.0,-0.5,0.35234305262565613,0.535870373249054,-1.4844032526016235,0.45607924461364746,0.4415836036205292,1.255774888579861,-3.3649232170146353,2,0,0,-0.2644370496273041,-0.3715929687023163,0.4591725766658783,-0.022349059581756592,-0.4415836036205292,0.0,0.2906084656715393,0.32537612318992615,0.10786059498786926,0.023625899106264114,77.36859893798828,1,0.013769992627203465,0.23459266126155853,-0.19741345942020416,0.038370199501514435,0.0,0,1.8841205835342407,-0.3248363733291626,0.20182496309280396,0.026206165552139282,0.0,0,0.7270442843437195,-0.22374767065048218,-0.08284193277359009,0.02330245077610016,78.85017395019531,1,0.03321491926908493
417,8.34,walk,0.5,0.0,-0.5,0.35319486260414124,0.5310935378074646,-1.4915659427642822,0.41809454560279846,0.39794260263442993,0.4850213912769787,-3.303216299844978,2,0,0,-0.23708714544773102,-0.34437295794487,0.4192149043083191,-0.009181797504425049,-0.39794260263442993,0.0,0.274288535118103,0.3165200352668762,0.10624641180038452,0.02361851930618286,75.77188873291016,1,0.014549406245350838,0.2782503068447113,-0.21388539671897888,0.06838618218898773,0.0,0,2.6399054527282715,-0.3027610182762146,0.21192042529582977,0.052413783967494965,0.0,0,1.9075098037719727,-0.23058295249938965,-0.08885550498962402,0.023268036544322968,83.10311126708984,1,0.02569943480193615
418,8.36,walk,0.5,0.0,-0.5,0.3540359139442444,0.526441216468811,-1.4984668493270874,0.41828349232673645,0.44429394602775574,-0.13519174851106067,-3.340087155088588,2,0,0,-0.24159957468509674,-0.3414538502693176,0.4202987253665924,-0.010575830936431885,-0.44429394602775574,0.0,0.2814713418483734,0.3073970079421997,0.10534435510635376,0.02360566332936287,71.83860778808594,1,0.02168213203549385,0.31179556250572205,-0.230116605758667,0.09358945488929749,0.0,0,1.6939301490783691,-0.28836724162101746,0.22852349281311035,0.07362844794988632,0.0,0,1.380549430847168,-0.2377137839794159,-0.09410804510116577,0.023246757686138153,86.31339263916016,1,0.0247480645775795
419,8.38,walk,0.5,0.0,-0.5,0.3550774157047272,0.5216953158378601,-1.5053939819335938,0.4219438135623932,0.46158042550086975,-0.4005699174907527,-3.422475244734809,2,0,0,-0.24816256761550903,-0.3412505090236664,0.42453762888908386,-0.011957526206970215,-0.46158042550086975,0.0,0.2858530282974243,0.29789695143699646,0.10658374428749084,0.023580655455589294,70.14209747314453,1,0.021668488159775734,0.3273485600948334,-0.24079708755016327,0.11046627163887024,0.0,0,0.9582349061965942,-0.28020375967025757,0.23723943531513214,0.08886545896530151,0.0,0,0.903576135635376,-0.2450999915599823,-0.0975213348865509,0.023188181221485138,84.89747619628906,1,0.02844909206032753
420,8.4,walk,0.5,0.0,-0.5,0.35608965158462524,0.5169380307197571,-1.5122734308242798,0.4173138439655304,0.46514737606048584,-0.4349684043373765,-3.4752361081956304,2,0,0,-0.2469545155763626,-0.33639904856681824,0.4194805324077606,-0.009803473949432373,-0.46514737606048584,0.0,0.2878282964229584,0.2885761857032776,0.10910442471504211,0.02355821430683136,68.481689453125,1,0.02054532617330551,0.3347949683666229,-0.24941638112068176,0.1224869042634964,0.0,0,0.8008854389190674,-0.2710416913032532,0.2405141294002533,0.10156071931123734,0.0,0,0.9581717252731323,-0.25224974751472473,-0.09973695874214172,0.023143157362937927,81.78802490234375,1,0.031036142259836197
421,8.42,walk,0.5,0.0,-0.5,0.356994092464447,0.5122432708740234,-1.5190223455429077,0.4092167913913727,0.4850916564464569,-0.47846793149005723,-3.5239191352785424,2,0,0,-0.24313731491565704,-0.3291544020175934,0.4112160801887512,-0.006869137287139893,-0.4850916564464569,0.0,0.29223912954330444,0.2793861925601959,0.11151140928268433,0.02353367954492569,73.52188873291016,1,0.021116528660058975,0.3424851894378662,-0.25646936893463135,0.13304878771305084,0.0,0,0.8025686740875244,-0.25997546315193176,0.2423011064529419,0.11291422694921494,0.0,0,1.0428130626678467,-0.2591950297355652,-0.10216686129570007,0.023098766803741455,80.73448944091797,1,0.03124108910560608
422,8.44,walk,0.5,0.0,-0.5,0.357906699180603,0.5075878500938416,-1.5256503820419312,0.40473607182502747,0.5085403323173523,-0.5941274734089971,-3.596367805578514,2,0,0,-0.24242183566093445,-0.32410329580307007,0.40692850947380066,-0.005038619041442871,-0.5085403323173523,0.0,0.2984326183795929,0.2701333165168762,0.11348220705986023,0.023508034646511078,74.09426879882812,1,0.023186862468719482,0.3510773181915283,-0.2614290714263916,0.14166061580181122,0.0,0,0.7536441683769226,-0.24998244643211365,0.24296829104423523,0.12147384881973267,0.0,0,0.9655768871307373,-0.26609528064727783,-0.10520899295806885,0.023054875433444977,81.07007598876953,1,0.0313541442155838
423,8.46,walk,0.5,0.0,-0.5,0.35885143280029297,0.5029169917106628,-1.5322160720825195,0.40380609035491943,0.5238969326019287,-0.7081085497002592,-3.673714575287031,2,0,0,-0.24423223733901978,-0.32157421112060547,0.40610557794570923,-0.003690481185913086,-0.5238969326019287,0.0,0.30397844314575195,0.260853111743927,0.11543673276901245,0.023478955030441284,74.36280059814453,1,0.024255404248833656,0.3586976230144501,-0.2644936442375183,0.14767007529735565,0.0,0,0.6567366123199463,-0.24214938282966614,0.2422141432762146,0.12689897418022156,0.0,0,0.8671862483024597,-0.2729198932647705,-0.10841858386993408,0.023009948432445526,80.96957397460938,1,0.03213655203580856
424,8.48,walk,0.5,0.0,-0.5,0.35977479815483093,0.4981977045536041,-1.5387567281723022,0.4046366512775421,0.5342132449150085,-0.7884510510509142,-3.738915987990796,2,0,0,-0.24704109132289886,-0.32047078013420105,0.4067993760108948,-0.0022753477096557617,-0.5342132449150085,0.0,0.3080848157405853,0.25160324573516846,0.11753267049789429,0.023447707295417786,75.07493591308594,1,0.024517878890037537,0.36462196707725525,-0.26633191108703613,0.15159010887145996,0.0,0,0.5680667757987976,-0.23588231205940247,0.24063751101493835,0.1302790343761444,0.0,0,0.8106192946434021,-0.27962732315063477,-0.11158144474029541,0.022963181138038635,80.36021423339844,1,0.033100951462984085
425,8.5,walk,0.5,0.0,-0.5,0.3606295883655548,0.4934066832065582,-1.5452940464019775,0.40694817900657654,0.5440326929092407,-0.8400184990368345,-3.7830885289005605,2,0,0,-0.25095638632774353,-0.3203555941581726,0.4088200628757477,-0.0010930895805358887,-0.5440326929092407,0.0,0.310837984085083,0.24240882694721222,0.11973181366920471,0.023415103554725647,75.92900085449219,1,0.024616749957203865,0.3690272867679596,-0.26742488145828247,0.15404704213142395,0.0,0,0.49909868836402893,-0.23076322674751282,0.2391347885131836,0.13239365816116333,0.0,0,0.7695019841194153,-0.28619784116744995,-0.11471149325370789,0.0229150652885437,79.58140563964844,1,0.03407372534275055
426,8.52,walk,0.5,0.0,-0.5,0.36139339208602905,0.4885156750679016,-1.5518479347229004,0.4110027253627777,0.5542978644371033,-0.8650911096237464,-3.799433598471224,2,0,0,-0.2564442455768585,-0.3211846649646759,0.41251033544540405,-0.0004640817642211914,-0.5542978644371033,0.0,0.3123931586742401,0.23327797651290894,0.12202617526054382,0.023380987346172333,76.83589172363281,1,0.02476060763001442,0.37217164039611816,-0.2679958939552307,0.15529273450374603,0.0,0,0.4427988529205322,-0.22666382789611816,0.23813173174858093,0.13349699974060059,0.0,0,0.7329147458076477,-0.2926192581653595,-0.11781692504882812,0.022865355014801025,78.68974304199219,1,0.0351015105843544
427,8.540000000000001,walk,0.5,0.0,-0.5,0.36205750703811646,0.4834914207458496,-1.5584356784820557,0.4168289303779602,0.5647991299629211,-0.858712406630042,-3.782767936896393,2,0,0,-0.26373109221458435,-0.322788268327713,0.4179358184337616,-0.0005955100059509277,-0.5647991299629211,0.0,0.3129239082336426,0.22420740127563477,0.12445589900016785,0.02334592491388321,77.81719207763672,1,0.024974387139081955,0.37424370646476746,-0.2681272327899933,0.15539231896400452,0.0,0,0.3965683877468109,-0.2233920395374298,0.23764808475971222,0.13369493186473846,0.0,0,0.7068697214126587,-0.2988896369934082,-0.12086212635040283,0.022813566029071808,77.64445495605469,1,0.03619004040956497
428,8.56,walk,0.5,0.0,-0.5,0.3625965416431427,0.47829779982566833,-1.5650646686553955,0.42394670844078064,0.572912335395813,-0.8274783784423968,-3.737339921839815,2,0,0,-0.2728322446346283,-0.32448938488960266,0.424509197473526,-0.0018912553787231445,-0.572912335395813,0.0,0.3126769959926605,0.21514704823493958,0.12699025869369507,0.02330939471721649,78.80766296386719,1,0.02541312202811241,0.3754052221775055,-0.2678919732570648,0.15437673032283783,0.0,0,0.36048999428749084,-0.2206788957118988,0.23754414916038513,0.1330505907535553,0.0,0,0.6954293251037598,-0.30505990982055664,-0.12386605143547058,0.022760406136512756,73.80989074707031,1,0.03675834834575653
429,8.58,walk,0.5,0.0,-0.5,0.3629526197910309,0.4728982746601105,-1.5717217922210693,0.43173813819885254,0.5794469714164734,-0.784619848535066,-3.6799859696055717,2,0,0,-0.2837974429130554,-0.32535645365715027,0.4316025972366333,-0.004952490329742432,-0.5794469714164734,0.0,0.31191208958625793,0.2059878408908844,0.12956464290618896,0.02327089011669159,79.94963836669922,1,0.025855299085378647,0.37576696276664734,-0.26733317971229553,0.15215517580509186,0.0,0,0.33067628741264343,-0.21835857629776,0.2376309633255005,0.13145624101161957,0.0,0,0.691853940486908,-0.3112424612045288,-0.12686672806739807,0.02270590513944626,70.47804260253906,1,0.03695718199014664
430,8.6,walk,0.5,0.0,-0.5,0.36309975385665894,0.4672577679157257,-1.578386902809143,0.4400193989276886,0.5850968956947327,-0.7200354473732765,-3.6124785142832816,2,0,0,-0.2965250611305237,-0.3250999450683594,0.43910837173461914,-0.009845614433288574,-0.5850968956947327,0.0,0.310822457075119,0.19671456515789032,0.13226264715194702,0.023230858147144318,81.34307861328125,1,0.0261832345277071,0.37539756298065186,-0.2663559019565582,0.14851638674736023,0.0,0,0.3010806143283844,-0.21627363562583923,0.23760873079299927,0.12863722443580627,0.0,0,0.6932751536369324,-0.3174588680267334,-0.1297687590122223,0.02265089750289917,67.88135528564453,1,0.03711354359984398
431,8.620000000000001,walk,0.5,0.0,-0.5,0.363031804561615,0.4613417387008667,-1.5850367546081543,0.44884708523750305,0.5891492962837219,-0.6193678505173974,-3.5289613089898926,2,0,0,-0.3109416365623474,-0.3236958384513855,0.4470706880092621,-0.016506195068359375,-0.5891492962837219,0.0,0.3094887137413025,0.18735799193382263,0.1351923644542694,0.02318921685218811,82.97406768798828,1,0.026470553129911423,0.37422752380371094,-0.26480376720428467,0.14321787655353546,0.0,0,0.26428186893463135,-0.21424123644828796,0.2372070550918579,0.12430843710899353,0.0,0,0.7032883167266846,-0.3236875832080841,-0.13244763016700745,0.02259417623281479,65.48070526123047,1,0.03729015216231346
432,8.64,walk,0.5,0.0,-0.5,0.3627466559410095,0.45511600375175476,-1.591649055480957,0.45842939615249634,0.5910865068435669,-0.4751761538360813,-3.427317421969525,2,0,0,-0.32708117365837097,-0.32120928168296814,0.45564836263656616,-0.024893879890441895,-0.5910865068435669,0.0,0.3079879581928253,0.17792700231075287,0.138418048620224,0.02314595878124237,84.82842254638672,1,0.026865854859352112,0.37194326519966125,-0.26253411173820496,0.1358599066734314,0.0,0,0.2095605581998825,-0.2121778428554535,0.2362593710422516,0.11821020394563675,0.0,0,0.7188184857368469,-0.32993224263191223,-0.1348153054714203,0.022535860538482666,62.96531677246094,1,0.03744634985923767
433,8.66,walk,0.5,0.0,-0.5,0.36225515604019165,0.44854310154914856,-1.5982000827789307,0.46903884410858154,0.5906829237937927,-0.2873741528714834,-3.3110891600804755,2,0,0,-0.34512925148010254,-0.31762123107910156,0.4650782346725464,-0.03513592481613159,-0.5906829237937927,0.0,0.3064820170402527,0.16839724779129028,0.1419578641653061,0.023100942373275757,86.95085906982422,1,0.027542538940906525,0.3677563965320587,-0.25939464569091797,0.12555789947509766,0.0,0,0.11559193581342697,-0.21028545498847961,0.23463737964630127,0.10981485992670059,0.0,0,0.7314715385437012,-0.3362337052822113,-0.13681957125663757,0.02247609943151474,60.33021926879883,1,0.03759096562862396
434,8.68,walk,0.5,0.0,-0.5,0.3616178631782532,0.44158226251602173,-1.6046661138534546,0.48114463686943054,0.588979184627533,-0.06417605723504313,-3.1837614139033326,2,0,0,-0.3653937876224518,-0.31302961707115173,0.475877046585083,-0.04738211631774902,-0.588979184627533,0.0,0.3056160509586334,0.15874330699443817,0.14578284323215485,0.023053497076034546,89.64994812011719,1,0.02869481034576893,0.3595835566520691,-0.2552184760570526,0.11011827737092972,0.0,0,0.13850520551204681,-0.20927274227142334,0.23192580044269562,0.09784390777349472,0.0,0,0.7319038510322571,-0.3426375389099121,-0.13845029473304749,0.022414572536945343,57.91862487792969,1,0.037922490388154984
435,8.700000000000001,walk,0.5,0.0,-0.5,0.3609893321990967,0.43417665362358093,-1.6110239028930664,0.49612635374069214,0.5952746868133545,0.20295973819759003,-3.057650295172098,2,0,0,-0.38939255475997925,-0.3074325621128082,0.4894065260887146,-0.06271946430206299,-0.5952746868133545,0.0,0.30780845880508423,0.1488688439130783,0.1499856412410736,0.023003265261650085,93.358642578125,1,0.031390052288770676,0.3418937623500824,-0.24900631606578827,0.08479438722133636,0.0,0,0.6864603757858276,-0.21111741662025452,0.22702577710151672,0.07938610017299652,0.0,0,0.7311285138130188,-0.34924232959747314,-0.1396113634109497,0.022350281476974487,55.14348602294922,1,0.038644939661026
436,8.72,walk,0.5,0.0,-0.5,0.3604744076728821,0.4262646734714508,-1.6172349452972412,0.5173068642616272,0.6376884579658508,0.557467180090894,-2.9446232575696696,2,0,0,-0.4214780628681183,-0.2999376952648163,0.5075479745864868,-0.08455878496170044,-0.6376884579658508,0.0,0.32237708568573,0.13861460983753204,0.15494085848331451,0.02298072725534439,90.87899780273438,1,0.03813968598842621,0.302354097366333,-0.23609662055969238,0.04296783357858658,0.0,0,1.8846474885940552,-0.22029760479927063,0.2163393199443817,0.04929564893245697,0.0,0,0.9883581399917603,-0.35609474778175354,-0.14011457562446594,0.022285811603069305,47.39213180541992,1,0.038641203194856644
437,8.74,walk,0.5,0.0,-0.5,0.35808509588241577,0.4182592034339905,-1.6229948997497559,0.4709373712539673,0.5853538513183594,0.8536555586841467,-2.571082559739199,3,0,0,-0.38772493600845337,-0.2673039138317108,0.4562532305717468,-0.07605880498886108,-0.5853538513183594,0.0,0.3019699454307556,0.17362134158611298,0.1683344841003418,0.025028467178344727,0.0,0,3.284825563430786,0.27136489748954773,-0.2128334641456604,0.023240886628627777,103.04106140136719,1,0.05211784690618515,-0.23676615953445435,0.20648795366287231,0.023037225008010864,67.61132049560547,1,0.033290814608335495,-0.35916611552238464,-0.14080291986465454,0.02225477248430252,7.274798393249512,1,0.029317742213606834
438,8.76,walk,0.5,0.0,-0.5,0.3552110493183136,0.41100984811782837,-1.6282930374145508,0.4414946436882019,0.4243182837963104,0.8999537291688137,-2.4143621616859643,2,0,0,-0.3599068522453308,-0.2557040750980377,0.4312174916267395,-0.06172764301300049,-0.4243182837963104,0.0,0.26372307538986206,0.25321632623672485,0.16222283244132996,0.047034792602062225,0.0,0,4.529268264770508,0.2650347650051117,-0.20910514891147614,0.0232916921377182,89.41697692871094,1,0.01255052164196968,-0.245885968208313,0.2059318870306015,0.02295638620853424,89.07219696044922,1,0.02799995243549347,-0.3241932988166809,-0.13264840841293335,0.04040580987930298,0.0,0,2.1115405559539795
439,8.78,walk,0.5,0.0,-0.5,0.35338670015335083,0.4040403962135315,-1.633509635925293,0.4409836232662201,0.3414650559425354,1.3679261678646473,-2.1794352438624367,2,0,0,-0.35606345534324646,-0.2601641118526459,0.43381786346435547,-0.05258435010910034,-0.3414650559425354,0.0,0.27915558218955994,0.33319127559661865,0.14806526899337769,0.07173474878072739,0.0,0,4.154542446136475,0.2591616213321686,-0.20360012352466583,0.023301348090171814,81.46611785888672,1,0.014912278391420841,-0.25390496850013733,0.20791493356227875,0.02291318029165268,87.90513610839844,1,0.03214157745242119,-0.28176289796829224,-0.12009072303771973,0.047245413064956665,0.0,0,2.4948151111602783
440,8.8,walk,0.5,0.0,-0.5,0.3519238829612732,0.3968932330608368,-1.638959288597107,0.46669989824295044,0.38252338767051697,2.1622344796548174,-2.0172351131041473,2,0,0,-0.37524667382240295,-0.2774864435195923,0.46069812774658203,-0.04912984371185303,-0.38252338767051697,0.0,0.32172831892967224,0.39116254448890686,0.1389675736427307,0.08386070281267166,0.0,0,2.8138766288757324,0.2526077330112457,-0.19639740884304047,0.023295626044273376,81.24593353271484,1,0.007030691485852003,-0.26254117488861084,0.2115800827741623,0.022865913808345795,90.61067962646484,1,0.03414915129542351,-0.23660199344158173,-0.10271236300468445,0.051080673933029175,0.0,0,2.5868427753448486
441,8.82,walk,0.5,0.0,-0.5,0.35053136944770813,0.3891618847846985,-1.6449705362319946,0.5090776085853577,0.46949467062950134,2.881902911081912,-2.1776574736875296,2,0,0,-0.4080650508403778,-0.3043730854988098,0.5037661790847778,-0.04706960916519165,-0.46949467062950134,0.0,0.34785982966423035,0.41389867663383484,0.13584083318710327,0.08503279834985733,0.0,0,1.1764768362045288,0.24383831024169922,-0.18931159377098083,0.023258008062839508,84.82032012939453,1,0.01008120458573103,-0.2741234600543976,0.21410387754440308,0.022807851433753967,92.42183685302734,1,0.03363243490457535,-0.2038305103778839,-0.0870894193649292,0.05401228368282318,0.0,0,1.8954070806503296
442,8.84,walk,0.5,0.0,-0.5,0.34948045015335083,0.3808978199958801,-1.6515754461288452,0.5425620675086975,0.4769006669521332,3.171044455442415,-2.7626892161953323,2,0,0,-0.42909491062164307,-0.33204084634780884,0.5389317274093628,-0.03662675619125366,-0.4769006669521332,0.0,0.3391844630241394,0.40044331550598145,0.13181549310684204,0.0702085942029953,0.0,0,0.7332778573036194,0.23216992616653442,-0.18467959761619568,0.02324756234884262,89.4981460571289,1,0.012337190099060535,-0.2890263497829437,0.21355366706848145,0.02274644374847412,89.25057220458984,1,0.03594391793012619,-0.1953505575656891,-0.07569526135921478,0.04631610959768295,0.0,0,0.9257276654243469
443,8.86,walk,0.5,0.0,-0.5,0.3490687310695648,0.372538298368454,-1.6585688591003418,0.5519299507141113,0.37942034006118774,2.9185259585246968,-3.587565826172483,2,0,0,-0.4251573383808136,-0.35194873809814453,0.5506265163421631,-0.015868306159973145,-0.37942034006118774,0.0,0.31903505325317383,0.35463157296180725,0.11808544397354126,0.03207502141594887,0.0,0,2.19745135307312,0.21869903802871704,-0.1838025152683258,0.02321723848581314,94.62973022460938,1,0.01512792520225048,-0.3053130805492401,0.209856778383255,0.022685684263706207,83.4742202758789,1,0.03873303160071373,-0.20843788981437683,-0.06751352548599243,0.0233396515250206,2.5273022651672363,0,0.5070473551750183
444,8.88,walk,0.5,0.0,-0.5,0.3503156304359436,0.3650292754173279,-1.6651930809020996,0.471457302570343,0.22118648886680603,2.421609419282171,-3.95813432449694,4,0,0,-0.350752055644989,-0.3150317072868347,0.47951728105545044,0.0026076436042785645,-0.22118648886680603,0.0,0.3088850975036621,0.3350178599357605,0.1134975254535675,0.023600544780492783,74.86819458007812,1,0.011014343239367008,0.20817884802818298,-0.18546916544437408,0.02317969501018524,91.89956665039062,1,0.015109536238014698,-0.31767070293426514,0.20544728636741638,0.022612683475017548,68.68769836425781,1,0.04868751019239426,-0.21936072409152985,-0.07145777344703674,0.02335241436958313,62.21520233154297,1,0.029551105573773384
445,8.9,walk,0.5,0.0,-0.5,0.3530699610710144,0.3583287000656128,-1.6710761785507202,0.43130141496658325,0.3740226924419403,1.5114141416180404,-3.8881364114485337,3,0,0,-0.3301869332790375,-0.2774842381477356,0.43959903717041016,-0.007604271173477173,-0.3740226924419403,0.0,0.2995491921901703,0.32618921995162964,0.11032235622406006,0.023619920015335083,72.55094909667969,1,0.02050892449915409,0.22573059797286987,-0.19329950213432312,0.03583277016878128,0.0,0,1.7120558023452759,-0.3273729383945465,0.19986973702907562,0.0225176140666008,10.449963569641113,1,0.18435698747634888,-0.22667285799980164,-0.07778623700141907,0.023305989801883698,78.38394927978516,1,0.034739553928375244
446,8.92,walk,0.5,0.0,-0.5,0.3548949658870697,0.3522692024707794,-1.676457166671753,0.39148464798927307,0.30924704670906067,0.757241462133893,-3.86839076144485,2,0,0,-0.29545190930366516,-0.2568431496620178,0.39572298526763916,0.004657119512557983,-0.30924704670906067,0.0,0.28216907382011414,0.31776365637779236,0.10808166861534119,0.023602686822414398,73.07463073730469,1,0.01693696528673172,0.2713375985622406,-0.20896443724632263,0.06861153244972229,0.0,0,2.7651889324188232,-0.30852454900741577,0.20618736743927002,0.044943735003471375,0.0,0,1.8031642436981201,-0.23343341052532196,-0.0836101770401001,0.02326950430870056,82.31361389160156,1,0.02655700035393238
447,8.94,walk,0.5,0.0,-0.5,0.3563157916069031,0.3464847803115845,-1.6816802024841309,0.39212965965270996,0.34933874011039734,0.05715210813807754,-3.9258382018933577,2,0,0,-0.29490917921066284,-0.2584458291530609,0.39599835872650146,0.009818345308303833,-0.34933874011039734,0.0,0.2898174822330475,0.3092045485973358,0.1058565080165863,0.02359100431203842,65.57836151123047,1,0.023804746568202972,0.30903691053390503,-0.22825495898723602,0.09758807718753815,0.0,0,1.9120292663574219,-0.2912384271621704,0.22260959446430206,0.06843417137861252,0.0,0,1.5069053173065186,-0.24036380648612976,-0.08927720785140991,0.023251764476299286,86.82210540771484,1,0.02320890501141548
448,8.96,walk,0.5,0.0,-0.5,0.35765135288238525,0.340523362159729,-1.68704354763031,0.406249076128006,0.40403708815574646,-0.1634688117161928,-3.953865456265682,2,0,0,-0.3083413243293762,-0.2645069658756256,0.40977638959884644,0.009306073188781738,-0.40403708815574646,0.0,0.29607221484184265,0.30050909519195557,0.10660985112190247,0.02356874942779541,57.22625732421875,1,0.02202480100095272,0.32735875248908997,-0.2405957281589508,0.11733275651931763,0.0,0,1.014341950416565,-0.2832688093185425,0.23442113399505615,0.0848599448800087,0.0,0,0.8898236155509949,-0.2472456991672516,-0.09248363971710205,0.023204058408737183,84.78032684326172,1,0.028459113091230392
449,8.98,walk,0.5,0.0,-0.5,0.35871070623397827,0.33447182178497314,-1.6925318241119385,0.40927019715309143,0.41464877128601074,-0.0870031764312472,-3.896858136131817,2,0,0,-0.3095533549785614,-0.2677289843559265,0.41121840476989746,0.014322340488433838,-0.41464877128601074,0.0,0.29796096682548523,0.29210788011550903,0.10911500453948975,0.02354750782251358,58.99639129638672,1,0.016813352704048157,0.3349231779575348,-0.24999096989631653,0.1295158714056015,0.0,0,0.7658640742301941,-0.2753562331199646,0.24010764062404633,0.09785263240337372,0.0,0,0.8886496424674988,-0.2537088990211487,-0.09422057867050171,0.023141875863075256,81.05815124511719,1,0.03193892911076546
450,9.0,walk,0.5,0.0,-0.5,0.35948434472084045,0.32848161458969116,-1.698010802268982,0.4039027988910675,0.4447269141674042,-0.0713361031873065,-3.8326522234995815,2,0,0,-0.3045313060283661,-0.26532649993896484,0.40489327907562256,0.01910996437072754,-0.4447269141674042,0.0,0.30093690752983093,0.2837567627429962,0.11122986674308777,0.02351827174425125,69.25529479980469,1,0.012819542549550533,0.3420282304286957,-0.25721535086631775,0.13914012908935547,0.0,0,0.7463619112968445,-0.26452910900115967,0.24373535811901093,0.10940409451723099,0.0,0,1.0453732013702393,-0.2600070536136627,-0.09654876589775085,0.023096144199371338,79.4791259765625,1,0.03208601102232933
451,9.02,walk,0.5,0.0,-0.5,0.36019083857536316,0.3225691020488739,-1.7034226655960083,0.39952197670936584,0.47990602254867554,-0.2219276804508179,-3.8319090135405194,2,0,0,-0.3019044101238251,-0.26167067885398865,0.4005124568939209,0.021717041730880737,-0.47990602254867554,0.0,0.3056908845901489,0.27507784962654114,0.11239352822303772,0.023488633334636688,75.0524673461914,1,0.012972119264304638,0.35044240951538086,-0.26181450486183167,0.14646175503730774,0.0,0,0.7154712677001953,-0.2536620497703552,0.24551551043987274,0.11845842748880386,0.0,0,1.0114938020706177,-0.266476035118103,-0.10011667013168335,0.023052923381328583,80.30594635009766,1,0.03140882030129433
452,9.040000000000001,walk,0.5,0.0,-0.5,0.36092817783355713,0.3166658580303192,-1.7087777853012085,0.39853066205978394,0.5070287585258484,-0.41693171568879756,-3.8760666134114747,2,0,0,-0.3030489683151245,-0.25882041454315186,0.39959651231765747,0.022871702909469604,-0.5070287585258484,0.0,0.3097834587097168,0.26612746715545654,0.11333480477333069,0.023463040590286255,75.19580078125,1,0.014195920899510384,0.3580573797225952,-0.2640773355960846,0.15112751722335815,0.0,0,0.6223762631416321,-0.2447296380996704,0.24498166143894196,0.12437659502029419,0.0,0,0.9060649871826172,-0.2730676829814911,-0.10418301820755005,0.023009546101093292,80.89752197265625,1,0.031749334186315536
453,9.06,walk,0.5,0.0,-0.5,0.3616454005241394,0.3107253909111023,-1.714099645614624,0.39918720722198486,0.5239947438240051,-0.5695059754724233,-3.927182468499381,2,0,0,-0.3054727017879486,-0.2569763660430908,0.4000164270401001,0.024150848388671875,-0.5239947438240051,0.0,0.31237873435020447,0.25709161162376404,0.11451748013496399,0.02343473583459854,76.02069091796875,1,0.013919413089752197,0.3638758659362793,-0.26505881547927856,0.1538102626800537,0.0,0,0.5308748483657837,-0.2376348078250885,0.24302828311920166,0.12804770469665527,0.0,0,0.8323171138763428,-0.2796277403831482,-0.10819053649902344,0.022964827716350555,80.62628173828125,1,0.03259483352303505
454,9.08,walk,0.5,0.0,-0.5,0.3622942864894867,0.30472704768180847,-1.7193994522094727,0.4007878005504608,0.5361599326133728,-0.680254131130448,-3.970147773473346,2,0,0,-0.30857932567596436,-0.2557530999183655,0.4012279510498047,0.025587350130081177,-0.5361599326133728,0.0,0.313720703125,0.24804838001728058,0.115897536277771,0.023405134677886963,76.98959350585938,1,0.013388000428676605,0.3680438995361328,-0.26554447412490845,0.15528379380702972,0.0,0,0.4615303575992584,-0.2320994734764099,0.24098359048366547,0.13030534982681274,0.0,0,0.7736719250679016,-0.28610098361968994,-0.11210700869560242,0.022918611764907837,80.04508209228516,1,0.033471595495939255
455,9.1,walk,0.5,0.0,-0.5,0.3628638982772827,0.29864993691444397,-1.7246860265731812,0.4036107659339905,0.5464324951171875,-0.7585037131090231,-3.999171808577669,2,0,0,-0.31284427642822266,-0.2550099790096283,0.4036533236503601,0.026824206113815308,-0.5464324951171875,0.0,0.31402164697647095,0.23901669681072235,0.11740493774414062,0.02337489277124405,77.95954895019531,1,0.013010363094508648,0.3708468973636627,-0.2657957375049591,0.15582972764968872,0.0,0,0.4052548110485077,-0.2280328869819641,0.23957864940166473,0.13147202134132385,0.0,0,0.7198631763458252,-0.29247668385505676,-0.11597177386283875,0.022870898246765137,79.32856750488281,1,0.034402500838041306
456,9.120000000000001,walk,0.5,0.0,-0.5,0.3633544445037842,0.2924673855304718,-1.7299679517745972,0.40778258442878723,0.555450975894928,-0.7987612749639014,-4.005499978843686,2,0,0,-0.31853169202804565,-0.2546059787273407,0.40745094418525696,0.02763652801513672,-0.555450975894928,0.0,0.3134147524833679,0.23002594709396362,0.11907029151916504,0.023343898355960846,78.97119903564453,1,0.012756073847413063,0.37250182032585144,-0.26581087708473206,0.15545770525932312,0.0,0,0.3582780361175537,-0.22515898942947388,0.2389335036277771,0.1316857933998108,0.0,0,0.6815548539161682,-0.2987293303012848,-0.11974307894706726,0.022821687161922455,78.40753173828125,1,0.03544463962316513
457,9.14,walk,0.5,0.0,-0.5,0.3637649118900299,0.2861502468585968,-1.7352491617202759,0.41315779089927673,0.5630167126655579,-0.7972094346401333,-3.982220559718167,2,0,0,-0.3256831169128418,-0.25422403216362,0.41246384382247925,0.02777990698814392,-0.5630167126655579,0.0,0.31210166215896606,0.2210952788591385,0.12091872096061707,0.02331235259771347,80.02127075195312,1,0.012694945558905602,0.3732346296310425,-0.2655206620693207,0.15415507555007935,0.0,0,0.3209564983844757,-0.22301140427589417,0.23888027667999268,0.13104595243930817,0.0,0,0.66490638256073,-0.3048435151576996,-0.12338656187057495,0.022770680487155914,76.06475067138672,1,0.03637384995818138
458,9.16,walk,0.5,0.0,-0.5,0.3640509843826294,0.27967163920402527,-1.740516185760498,0.4190678000450134,0.5673294067382812,-0.7725178205428611,-3.9414140214087485,2,0,0,-0.33410540223121643,-0.25296521186828613,0.4179106056690216,0.02661609649658203,-0.5673294067382812,0.0,0.31033340096473694,0.2121434211730957,0.12284258008003235,0.023279212415218353,81.07736206054688,1,0.01296260952949524,0.3732134699821472,-0.2649241089820862,0.15189629793167114,0.0,0,0.29177722334861755,-0.22120919823646545,0.2391839623451233,0.12956520915031433,0.0,0,0.6652770042419434,-0.3109062910079956,-0.12697914242744446,0.02271832525730133,72.17452239990234,1,0.03670641407370567
459,9.18,walk,0.5,0.0,-0.5,0.3641691505908966,0.27300870418548584,-1.745744228363037,0.4251985549926758,0.5709707140922546,-0.7274866501492315,-3.893581352877503,2,0,0,-0.34370067715644836,-0.25032711029052734,0.4235925078392029,0.023814916610717773,-0.5709707140922546,0.0,0.30833470821380615,0.20310665667057037,0.12484240531921387,0.02324465662240982,82.34358215332031,1,0.013423265889286995,0.37253284454345703,-0.2639475166797638,0.14848093688488007,0.0,0,0.2644359767436981,-0.21957525610923767,0.23954913020133972,0.1270184963941574,0.0,0,0.6682989597320557,-0.31698644161224365,-0.13050144910812378,0.022665098309516907,69.15910339355469,1,0.03684147074818611
460,9.200000000000001,walk,0.5,0.0,-0.5,0.3641045391559601,0.2661393880844116,-1.7509063482284546,0.4315827190876007,0.5736478567123413,-0.6489538287635125,-3.836217155359505,2,0,0,-0.3543851375579834,-0.24632258713245392,0.429569274187088,0.019461393356323242,-0.5736478567123413,0.0,0.3061949908733368,0.19399788975715637,0.1270204782485962,0.023209407925605774,83.833984375,1,0.014222667552530766,0.3711593747138977,-0.26243868470191956,0.14367204904556274,0.0,0,0.23187988996505737,-0.21796593070030212,0.23962371051311493,0.12312842905521393,0.0,0,0.674630880355835,-0.32307758927345276,-0.1338433027267456,0.022610656917095184,66.63846588134766,1,0.036960944533348083
461,9.22,walk,0.5,0.0,-0.5,0.36385077238082886,0.25904175639152527,-1.7559746503829956,0.43835580348968506,0.5747373104095459,-0.5266576908488475,-3.766329379111465,2,0,0,-0.36614784598350525,-0.24102191627025604,0.435944139957428,0.013641059398651123,-0.5747373104095459,0.0,0.3039465844631195,0.18483200669288635,0.1294553577899933,0.023172788321971893,85.52926635742188,1,0.01562186237424612,0.3688651919364929,-0.2602601647377014,0.13718006014823914,0.0,0,0.18592704832553864,-0.21631279587745667,0.23919841647148132,0.11765264719724655,0.0,0,0.6843392848968506,-0.32917502522468567,-0.13690859079360962,0.022555120289325714,64.1468734741211,1,0.03705008700489998
462,9.24,walk,0.5,0.0,-0.5,0.36340734362602234,0.25169336795806885,-1.7609217166900635,0.44564175605773926,0.5742013454437256,-0.35801746543560303,-3.6861634488230255,2,0,0,-0.3790483772754669,-0.23434782028198242,0.4428178071975708,0.0062795281410217285,-0.5742013454437256,0.0,0.30168643593788147,0.17559440433979034,0.13218027353286743,0.023135244846343994,87.42223358154297,1,0.01811184175312519,0.36513006687164307,-0.2572672367095947,0.12843911349773407,0.0,0,0.1115996241569519,-0.21474450826644897,0.23817405104637146,0.11022801697254181,0.0,0,0.6921159625053406,-0.335304856300354,-0.13964027166366577,0.022497981786727905,61.50853729248047,1,0.03707428276538849
463,9.26,walk,0.5,0.0,-0.5,0.3627997636795044,0.24407027661800385,-1.7657172679901123,0.45365387201309204,0.5722487568855286,-0.14896816002569704,-3.6014733719830985,2,0,0,-0.3932691216468811,-0.22614426910877228,0.45042717456817627,-0.0028378069400787354,-0.5722487568855286,0.0,0.299765408039093,0.16625061631202698,0.13517749309539795,0.023096539080142975,89.63488006591797,1,0.02283199317753315,0.3586655259132385,-0.2532958984375,0.11607837677001953,0.0,0,0.03946079686284065,-0.21370956301689148,0.23629146814346313,0.10003863275051117,0.0,0,0.6910251975059509,-0.3415165841579437,-0.142025887966156,0.022440105676651,58.789974212646484,1,0.037106528878211975
464,9.28,walk,0.5,0.0,-0.5,0.3621230125427246,0.23614129424095154,-1.7703239917755127,0.4630490243434906,0.5736361742019653,0.0971779238088514,-3.5198797187147144,2,0,0,-0.4094981849193573,-0.2161611169576645,0.45953550934791565,-0.014272481203079224,-0.5736361742019653,0.0,0.299471378326416,0.15674889087677002,0.13845759630203247,0.023057274520397186,92.47484588623047,1,0.03423519432544708,0.3460886776447296,-0.24785777926445007,0.09691327810287476,0.0,0,0.38743817806243896,-0.21445348858833313,0.23286467790603638,0.08507779240608215,0.0,0,0.6753724813461304,-0.34787192940711975,-0.1440368890762329,0.022380352020263672,56.091182708740234,1,0.03738377243280411
465,9.3,walk,0.5,0.0,-0.5,0.3615702986717224,0.22785425186157227,-1.774690866470337,0.47533175349235535,0.5994049310684204,0.3932875751337704,-3.4736826670462757,2,0,0,-0.42973998188972473,-0.20313502848148346,0.4716176986694336,-0.030052900314331055,-0.5994049310684204,0.0,0.3061501681804657,0.14685013890266418,0.14218243956565857,0.02301531285047531,96.4013671875,1,0.07294777780771255,0.31880512833595276,-0.23857049643993378,0.06480243057012558,0.0,0,1.2643264532089233,-0.2201329469680786,0.22575998306274414,0.06133171170949936,0.0,0,0.738341212272644,-0.35455337166786194,-0.1456056535243988,0.02231910079717636,51.84033966064453,1,0.03792433813214302
466,9.32,walk,0.5,0.0,-0.5,0.36079519987106323,0.2191627025604248,-1.7787253856658936,0.4855920970439911,0.7068958282470703,0.7836643691032046,-3.376248310988751,2,0,0,-0.4501970410346985,-0.18199537694454193,0.47808295488357544,-0.051780909299850464,-0.7068958282470703,0.0,0.315401166677475,0.13690173625946045,0.14687854051589966,0.02292044460773468,82.41734313964844,1,0.07153526693582535,0.2678201198577881,-0.21381784975528717,0.023750320076942444,0.0,0,2.604440450668335,-0.23638322949409485,0.2079848051071167,0.02298472821712494,0.0,0,1.4470247030258179,-0.3609532415866852,-0.14668798446655273,0.022260643541812897,34.534027099609375,1,0.03752588853240013
467,9.34,walk,0.5,0.0,-0.5,0.35862526297569275,0.211122527718544,-1.782213807106018,0.41353073716163635,0.4760745167732239,1.0712874236729968,-3.1141195244654134,2,0,0,-0.3836767375469208,-0.1542719453573227,0.40586647391319275,-0.03915029764175415,-0.4760745167732239,0.0,0.2684452533721924,0.18466393649578094,0.15240547060966492,0.03952445834875107,0.0,0,3.7670507431030273,0.25895705819129944,-0.2055193930864334,0.023198626935482025,92.97559356689453,1,0.030865048989653587,-0.24511119723320007,0.20823366940021515,0.022968001663684845,88.92990112304688,1,0.0290632676333189,-0.3457753658294678,-0.14474797248840332,0.03049924224615097,0.0,0,0.9539878368377686
468,9.36,walk,0.5,0.0,-0.5,0.3572860360145569,0.20367871224880219,-1.78534996509552,0.4050922691822052,0.3524838387966156,1.176246833926877,-2.927596449742474,2,0,0,-0.3752838969230652,-0.15251798927783966,0.39994803071022034,-0.034423828125,-0.3524838387966156,0.0,0.2543008029460907,0.2661888599395752,0.14641734957695007,0.061373982578516006,0.0,0,4.485892295837402,0.25345826148986816,-0.20243605971336365,0.023275665938854218,79.01052856445312,1,0.03566214069724083,-0.25289881229400635,0.20781777799129486,0.02293572574853897,83.60325622558594,1,0.030974315479397774,-0.3069635331630707,-0.13415998220443726,0.04773849993944168,0.0,0,2.115424633026123
469,9.38,walk,0.5,0.0,-0.5,0.3565228581428528,0.1962091624736786,-1.7885466814041138,0.41715142130851746,0.31518200039863586,1.7884745754406723,-2.713868944998785,2,0,0,-0.38567808270454407,-0.15895827114582062,0.4132792353630066,-0.03068658709526062,-0.31518200039863586,0.0,0.2853996157646179,0.34354835748672485,0.13827425241470337,0.08205001801252365,0.0,0,3.881556510925293,0.2479267418384552,-0.19676437973976135,0.02327656000852585,76.25692749023438,1,0.02576417289674282,-0.2602897584438324,0.21040792763233185,0.02288953959941864,86.8834228515625,1,0.034133072942495346,-0.26760998368263245,-0.11732512712478638,0.053255923092365265,0.0,0,2.3573293685913086
470,9.4,walk,0.5,0.0,-0.5,0.3557661473751068,0.18822652101516724,-1.792007327079773,0.45588675141334534,0.3807811737060547,2.4645706688313163,-2.65417394542652,2,0,0,-0.42129042744636536,-0.17420415580272675,0.4522899091243744,-0.029644876718521118,-0.3807811737060547,0.0,0.3291846513748169,0.39492765069007874,0.13396680355072021,0.09267555177211761,0.0,0,2.3901596069335938,0.24108871817588806,-0.19066879153251648,0.023247741162776947,78.79461669921875,1,0.0115247443318367,-0.26920589804649353,0.21306753158569336,0.02283940464258194,89.46942138671875,1,0.03424452990293503,-0.22976036369800568,-0.09862875938415527,0.056568168103694916,0.0,0,2.2449421882629395
471,9.42,walk,0.5,0.0,-0.5,0.35497769713401794,0.17938891053199768,-1.7958638668060303,0.5014016628265381,0.45609891414642334,2.91290791448895,-2.9735454801666767,2,0,0,-0.4635870158672333,-0.19102543592453003,0.4982002079486847,-0.029288679361343384,-0.45609891414642334,0.0,0.34758809208869934,0.40915966033935547,0.13300836086273193,0.09165628999471664,0.0,0,0.7899523377418518,0.23156499862670898,-0.18553659319877625,0.02319851517677307,84.1344985961914,1,0.006157825235277414,-0.2815505564212799,0.2137264758348465,0.02278001606464386,90.64212799072266,1,0.0334237702190876,-0.20709963142871857,-0.08388037979602814,0.056027092039585114,0.0,0,1.505990743637085
472,9.44,walk,0.5,0.0,-0.5,0.35454776883125305,0.1699085533618927,-1.8001210689544678,0.5325210094451904,0.426276832818985,2.962682704622006,-3.708935299515848,2,0,0,-0.48871907591819763,-0.21150004863739014,0.5311267971992493,-0.018261611461639404,-0.426276832818985,0.0,0.3344500958919525,0.38730287551879883,0.12811926007270813,0.07176613807678223,0.0,0,1.0129694938659668,0.2190781831741333,-0.18284189701080322,0.023138321936130524,90.6227035522461,1,0.017349863424897194,-0.2970183491706848,0.2116517722606659,0.02272062748670578,86.63957977294922,1,0.03516172990202904,-0.20659467577934265,-0.07332392036914825,0.04363207519054413,0.0,0,0.7607424259185791
473,9.46,walk,0.5,0.0,-0.5,0.35477277636528015,0.16041594743728638,-1.804636001586914,0.5306351184844971,0.32558271288871765,2.621758721399286,-4.537442368480272,3,0,0,-0.479800820350647,-0.2266380339860916,0.5316027402877808,0.001979917287826538,-0.32558271288871765,0.0,0.32659679651260376,0.3339823782444,0.11304834485054016,0.02528507262468338,0.0,0,2.4791858196258545,0.2056630253791809,-0.1831808090209961,0.02312188595533371,95.05624389648438,1,0.04127173870801926,-0.3127548396587372,0.20747032761573792,0.022658884525299072,80.42101287841797,1,0.037726979702711105,-0.22046004235744476,-0.06985439360141754,0.023365139961242676,53.580509185791016,1,0.042238637804985046
474,9.48,walk,0.5,0.0,-0.5,0.3555082082748413,0.15162865817546844,-1.8087857961654663,0.4602798521518707,0.3728097081184387,1.6705024808791542,-4.244394382801344,3,0,0,-0.41975489258766174,-0.18884748220443726,0.4623093903064728,-0.0036600232124328613,-0.3728097081184387,0.0,0.3155479431152344,0.32114434242248535,0.1070219874382019,0.02350139617919922,82.13178253173828,1,0.04506641998887062,0.2219494879245758,-0.19263654947280884,0.026596203446388245,0.0,0,1.721105933189392,-0.32149598002433777,0.200197234749794,0.022571943700313568,33.014408111572266,1,0.05705553665757179,-0.2272278368473053,-0.07668204605579376,0.023314684629440308,78.97696685791016,1,0.011226664297282696
475,9.5,walk,0.5,0.0,-0.5,0.3558824956417084,0.143544003367424,-1.8124057054519653,0.4295550584793091,0.3893802762031555,0.7382842720925226,-3.8091106958646628,2,0,0,-0.39507630467414856,-0.16861867904663086,0.42870673537254333,-0.007209062576293945,-0.3893802762031555,0.0,0.2894338369369507,0.3142242431640625,0.10415816307067871,0.02358507737517357,80.02498626708984,1,0.00876116193830967,0.2687107026576996,-0.20241528749465942,0.05521468073129654,0.0,0,2.520867347717285,-0.31243544816970825,0.20364299416542053,0.03763341158628464,0.0,0,1.2825275659561157,-0.2322242558002472,-0.0835440456867218,0.023258239030838013,81.72642517089844,1,0.020932450890541077
476,9.52,walk,0.5,0.0,-0.5,0.35590794682502747,0.135915607213974,-1.8158330917358398,0.4141407608985901,0.3847426474094391,0.08062622767558165,-3.615096611169512,2,0,0,-0.38072773814201355,-0.16296923160552979,0.4131973385810852,-0.0032471418380737305,-0.3847426474094391,0.0,0.28741616010665894,0.3064197301864624,0.10270583629608154,0.02356879413127899,76.7088623046875,1,0.010863074101507664,0.30856746435165405,-0.217250794172287,0.08139100670814514,0.0,0,2.051238775253296,-0.2966705858707428,0.2188466489315033,0.05918235331773758,0.0,0,1.5879892110824585,-0.23815563321113586,-0.08896982669830322,0.02321942150592804,85.69828033447266,1,0.01249550748616457
477,9.540000000000001,walk,0.5,0.0,-0.5,0.3560847043991089,0.1283070296049118,-1.8191590309143066,0.41679081320762634,0.4145753085613251,-0.395786223750805,-3.552002952154931,2,0,0,-0.38592779636383057,-0.15739861130714417,0.41689440608024597,-0.006945222616195679,-0.4145753085613251,0.0,0.29053595662117004,0.2979138493537903,0.10234087705612183,0.023562967777252197,75.10033416748047,1,0.012639645487070084,0.3305058181285858,-0.23011760413646698,0.10120047628879547,0.0,0,1.1580570936203003,-0.28464242815971375,0.23191192746162415,0.0767369195818901,0.0,0,1.1743860244750977,-0.24474897980690002,-0.09344540536403656,0.023178905248641968,86.9587631225586,1,0.010626331903040409
478,9.56,walk,0.5,0.0,-0.5,0.35647469758987427,0.12067084014415741,-1.8223985433578491,0.4140440821647644,0.43499839305877686,-0.6036666863585661,-3.565530141806141,2,0,0,-0.3856458067893982,-0.15069778263568878,0.4147285521030426,-0.009251624345779419,-0.43499839305877686,0.0,0.2900192439556122,0.28894904255867004,0.10363420844078064,0.023554369807243347,75.6314697265625,1,0.015502652153372765,0.3382854163646698,-0.2406606376171112,0.11421255767345428,0.0,0,0.785470187664032,-0.2742898762226105,0.23823200166225433,0.09108830988407135,0.0,0,0.9806240200996399,-0.25171393156051636,-0.0965137779712677,0.023142583668231964,84.3071517944336,1,0.019292017444968224
479,9.58,walk,0.5,0.0,-0.5,0.356952428817749,0.11313219368457794,-1.8255187273025513,0.40547534823417664,0.4630029499530792,-0.6875170768174045,-3.6124477784320166,2,0,0,-0.3790806531906128,-0.14390318095684052,0.4062879681587219,-0.009221762418746948,-0.4630029499530792,0.0,0.2901017367839813,0.2798880934715271,0.10571292042732239,0.023535393178462982,75.67977905273438,1,0.01729467883706093,0.3424830734729767,-0.24941998720169067,0.12462688982486725,0.0,0,0.7197905778884888,-0.26350662112236023,0.24113377928733826,0.10388293117284775,0.0,0,0.9978159070014954,-0.2586781680583954,-0.0990300178527832,0.023105867207050323,81.87091064453125,1,0.027831334620714188
480,9.6,walk,0.5,0.0,-0.5,0.35748475790023804,0.10572439432144165,-1.8285260200500488,0.39815548062324524,0.49366986751556396,-0.7783287640618082,-3.6754959739999347,2,0,0,-0.3733033239841461,-0.13846442103385925,0.39916282892227173,-0.00813862681388855,-0.49366986751556396,0.0,0.2932519018650055,0.2708399295806885,0.10780909657478333,0.02351352572441101,75.31641387939453,1,0.01964925415813923,0.3480454087257385,-0.2561206817626953,0.1338203400373459,0.0,0,0.7025901675224304,-0.2534181475639343,0.2425718903541565,0.11470764875411987,0.0,0,0.9517961740493774,-0.2655045986175537,-0.10179218649864197,0.023065976798534393,81.13372802734375,1,0.03167102113366127
481,9.620000000000001,walk,0.5,0.0,-0.5,0.35809221863746643,0.09838499128818512,-1.831443190574646,0.3948560953140259,0.5143365263938904,-0.8738637405606873,-3.7338052989443336,2,0,0,-0.37140172719955444,-0.13406001031398773,0.3961066007614136,-0.007421314716339111,-0.5143365263938904,0.0,0.2977231442928314,0.26186832785606384,0.10989677906036377,0.02348881959915161,75.2041244506836,1,0.021329369395971298,0.35439881682395935,-0.2607215940952301,0.14092426002025604,0.0,0,0.6500710844993591,-0.24547827243804932,0.242890402674675,0.1222437396645546,0.0,0,0.8517912030220032,-0.27214235067367554,-0.10476568341255188,0.023024223744869232,80.71910095214844,1,0.03433338925242424
482,9.64,walk,0.5,0.0,-0.5,0.35874733328819275,0.09104873239994049,-1.8342900276184082,0.39436349272727966,0.5255863666534424,-0.9451120584748819,-3.7735194338733726,2,0,0,-0.3721347749233246,-0.1305307000875473,0.39568600058555603,-0.006806820631027222,-0.5255863666534424,0.0,0.3018057644367218,0.25300171971321106,0.11209902167320251,0.023461654782295227,75.54597473144531,1,0.022132359445095062,0.36014726758003235,-0.2637409269809723,0.14565885066986084,0.0,0,0.5804598927497864,-0.23922839760780334,0.2421964704990387,0.1269073784351349,0.0,0,0.7909198999404907,-0.27859044075012207,-0.10774120688438416,0.02298123389482498,79.79241943359375,1,0.038426607847213745
483,9.66,walk,0.5,0.0,-0.5,0.35939186811447144,0.08366963267326355,-1.8370791673660278,0.3958878815174103,0.5346991419792175,-0.9863040755855825,-3.7881787273795124,2,0,0,-0.37476637959480286,-0.1275828778743744,0.39707496762275696,-0.006291061639785767,-0.5346991419792175,0.0,0.304958313703537,0.24423718452453613,0.11442872881889343,0.023432545363903046,76.1919174194336,1,0.022495729848742485,0.3648413419723511,-0.26568087935447693,0.14859580993652344,0.0,0,0.5183045268058777,-0.23386377096176147,0.2410489171743393,0.12977531552314758,0.0,0,0.76426762342453,-0.284862756729126,-0.11066162586212158,0.022936150431632996,78.58454895019531,1,0.04323883354663849
484,9.68,walk,0.5,0.0,-0.5,0.35998332500457764,0.07620681822299957,-1.8398174047470093,0.39947012066841125,0.544735848903656,-0.9992089709703812,-3.774939686333912,2,0,0,-0.3794463276863098,-0.12488742172718048,0.40039628744125366,-0.006151765584945679,-0.544735848903656,0.0,0.30705222487449646,0.2355506271123886,0.11687621474266052,0.023402169346809387,76.9703598022461,1,0.022816287353634834,0.36848002672195435,-0.2668292820453644,0.15021292865276337,0.0,0,0.46400126814842224,-0.22917568683624268,0.23999658226966858,0.13142207264900208,0.0,0,0.7411082983016968,-0.2909797132015228,-0.11353206634521484,0.02288910746574402,77.2924575805664,1,0.04800521582365036
485,9.700000000000001,walk,0.5,0.0,-0.5,0.3604990243911743,0.06861868500709534,-1.8425074815750122,0.4051031172275543,0.5554226636886597,-0.981858262766139,-3.7322463082662782,2,0,0,-0.3862437307834625,-0.12216505408287048,0.4057033658027649,-0.006580427289009094,-0.5554226636886597,0.0,0.30808189511299133,0.22690999507904053,0.11946311593055725,0.023370154201984406,77.8531494140625,1,0.023190999403595924,0.3710973262786865,-0.2673533856868744,0.15065570175647736,0.0,0,0.4153955280780792,-0.22521039843559265,0.23927092552185059,0.13202892243862152,0.0,0,0.7160688042640686,-0.29696565866470337,-0.11633986234664917,0.022839441895484924,75.90669250488281,1,0.05260797590017319
486,9.72,walk,0.5,0.0,-0.5,0.36092761158943176,0.060865163803100586,-1.845144271850586,0.4125865399837494,0.5662147402763367,-0.9295529942672986,-3.6581408902057553,2,0,0,-0.39502403140068054,-0.11909513920545578,0.4128252863883972,-0.00775475800037384,-0.5662147402763367,0.0,0.3081773519515991,0.21829038858413696,0.12222537398338318,0.02333659678697586,78.87506103515625,1,0.02354278787970543,0.3727594316005707,-0.2673516571521759,0.14993071556091309,0.0,0,0.3737174868583679,-0.2219158113002777,0.23887866735458374,0.13165879249572754,0.0,0,0.6961631178855896,-0.3028405010700226,-0.11905026435852051,0.022787220776081085,74.3857650756836,1,0.05706753954291344
487,9.74,walk,0.5,0.0,-0.5,0.3612509071826935,0.052910737693309784,-1.847715973854065,0.42145439982414246,0.575050950050354,-0.8457702120090728,-3.555207164649313,2,0,0,-0.4054182469844818,-0.115151546895504,0.4212210774421692,-0.010015293955802917,-0.575050950050354,0.0,0.30757299065589905,0.2096477448940277,0.1251492202281952,0.0233011394739151,79.94993591308594,1,0.02408703975379467,0.3735627830028534,-0.26689761877059937,0.14801672101020813,0.0,0,0.33939194679260254,-0.21912881731987,0.23872427642345428,0.13031324744224548,0.0,0,0.6863282322883606,-0.3086462616920471,-0.12166455388069153,0.022732838988304138,70.67621612548828,1,0.05941605567932129
488,9.76,walk,0.5,0.0,-0.5,0.3614141643047333,0.04473184794187546,-1.8501901626586914,0.43101057410240173,0.5815481543540955,-0.7466605919750441,-3.4403844276254056,2,0,0,-0.41688016057014465,-0.10945799201726913,0.4301253855228424,-0.014012724161148071,-0.5815481543540955,0.0,0.30651724338531494,0.20087453722953796,0.12815062701702118,0.02326403558254242,81.1377182006836,1,0.024761827662587166,0.3735441565513611,-0.26605546474456787,0.14479011297225952,0.0,0,0.3082246780395508,-0.21672415733337402,0.23865798115730286,0.12785932421684265,0.0,0,0.6848066449165344,-0.3144978880882263,-0.12423604726791382,0.022676758468151093,67.03291320800781,1,0.060482218861579895
489,9.78,walk,0.5,0.0,-0.5,0.3613893687725067,0.03631134331226349,-1.8525279760360718,0.44106027483940125,0.5867516994476318,-0.6252565407990062,-3.3184851877345416,2,0,0,-0.42917126417160034,-0.10171623528003693,0.4394112229347229,-0.019919022917747498,-0.5867516994476318,0.0,0.3051924407482147,0.19193844497203827,0.13129155337810516,0.023224666714668274,82.59388732910156,1,0.02537423186004162,0.3726537823677063,-0.26472198963165283,0.13993003964424133,0.0,0,0.27123090624809265,-0.21457985043525696,0.238413006067276,0.12395327538251877,0.0,0,0.6886776089668274,-0.32043391466140747,-0.12668275833129883,0.022619277238845825,64.13391876220703,1,0.06121375039219856
490,9.8,walk,0.5,0.0,-0.5,0.36117246747016907,0.027633406221866608,-1.8546886444091797,0.4516914188861847,0.5899273753166199,-0.46748813559499725,-3.1870542054135136,2,0,0,-0.4422363042831421,-0.0919359102845192,0.449144184589386,-0.02768804132938385,-0.5899273753166199,0.0,0.30366554856300354,0.1828518807888031,0.1346776932477951,0.02318347990512848,84.33983612060547,1,0.025984078645706177,0.3706165850162506,-0.2626926004886627,0.13299384713172913,0.0,0,0.2168763130903244,-0.2125757932662964,0.2376900017261505,0.11823531985282898,0.0,0,0.699841320514679,-0.32645249366760254,-0.12887772917747498,0.022560209035873413,61.45703887939453,1,0.06187868118286133
491,9.82,walk,0.5,0.0,-0.5,0.3607737123966217,0.018682364374399185,-1.8566299676895142,0.4631100594997406,0.590625524520874,-0.2671618355288438,-3.046056475942825,2,0,0,-0.4561334252357483,-0.08008257299661636,0.45948830246925354,-0.03735588490962982,-0.590625524520874,0.0,0.30209261178970337,0.1736152470111847,0.13836464285850525,0.023139864206314087,86.39734649658203,1,0.026764756068587303,0.36671093106269836,-0.2597767412662506,0.12313517928123474,0.0,0,0.1270504593849182,-0.21078532934188843,0.23626458644866943,0.11016678810119629,0.0,0,0.7137898802757263,-0.3325708210468292,-0.13073259592056274,0.022499553859233856,58.738182067871094,1,0.06250517070293427
492,9.84,walk,0.5,0.0,-0.5,0.36024728417396545,0.009440050460398197,-1.8583095073699951,0.4757867753505707,0.5896418690681458,-0.03143428813349077,-2.8970558991989965,2,0,0,-0.4711642861366272,-0.0661609023809433,0.470939040184021,-0.04899880290031433,-0.5896418690681458,0.0,0.3010607063770294,0.16421809792518616,0.1423286348581314,0.023093901574611664,89.02361297607422,1,0.027936792001128197,0.3589663505554199,-0.2558145225048065,0.10830219835042953,0.0,0,0.1335807591676712,-0.20978379249572754,0.23371729254722595,0.09855588525533676,0.0,0,0.7195769548416138,-0.33881875872612,-0.13222891092300415,0.02243673801422119,56.21343231201172,1,0.06343168765306473
493,9.86,walk,0.5,0.0,-0.5,0.3597392737865448,-0.00012465380132198334,-1.8596760034561157,0.49103590846061707,0.5960506200790405,0.24629347318033926,-2.750689427597266,2,0,0,-0.4885369539260864,-0.04947647079825401,0.4847918152809143,-0.06358660757541656,-0.5960506200790405,0.0,0.3028331696987152,0.15458005666732788,0.14664818346500397,0.02304469794034958,92.66107940673828,1,0.030477816238999367,0.34205931425094604,-0.24991145730018616,0.08389206230640411,0.0,0,0.6560887098312378,-0.21143853664398193,0.2290375977754593,0.08061887323856354,0.0,0,0.7219852805137634,-0.3452805280685425,-0.13328048586845398,0.022371724247932434,53.46876907348633,1,0.06537257879972458
494,9.88,walk,0.5,0.0,-0.5,0.3594195246696472,-0.010043153539299965,-1.8606544733047485,0.5092388391494751,0.6440921425819397,0.5760967344955155,-2.6457316181689725,2,0,0,-0.5085009932518005,-0.02740362472832203,0.5006592869758606,-0.08354029804468155,-0.6440921425819397,0.0,0.3178809881210327,0.14438816905021667,0.1515144407749176,0.02302566170692444,94.08575439453125,1,0.03862101212143898,0.3034293055534363,-0.23800328373908997,0.04256557673215866,0.0,0,1.9680111408233643,-0.2202763557434082,0.21874257922172546,0.05134168267250061,0.0,0,0.9478533864021301,-0.3521478474140167,-0.13390293717384338,0.02230668067932129,46.77470397949219,1,0.06674041599035263
495,9.9,walk,0.5,0.0,-0.5,0.35815560817718506,-0.02012353576719761,-1.8611552715301514,0.49262627959251404,0.7481156587600708,0.9767562181778452,-2.478564445780203,4,0,0,-0.49259915947914124,-0.005166869610548019,0.4788801968097687,-0.09370174258947372,-0.7481156587600708,0.0,0.30218181014060974,0.1341649293899536,0.15727488696575165,0.022976070642471313,61.409454345703125,1,0.03388068825006485,0.2704927325248718,-0.2151355743408203,0.023275837302207947,79.67094421386719,1,0.023467468097805977,-0.2364557981491089,0.20641842484474182,0.023085832595825195,77.11613464355469,1,0.02583787962794304,-0.3584599196910858,-0.13453862071037292,0.022249430418014526,22.146493911743164,1,0.0456770621240139
496,9.92,walk,0.5,0.0,-0.5,0.3565931022167206,-0.029247833415865898,-1.861379623413086,0.44344040751457214,0.5270089507102966,1.7742326705258435,-2.3381993625813866,2,0,0,-0.4433958828449249,0.00628367206081748,0.43085992336273193,-0.08952844887971878,-0.5270089507102966,0.0,0.26031237840652466,0.19051110744476318,0.1617913693189621,0.04476042836904526,0.0,0,4.244475364685059,0.264571875333786,-0.20592284202575684,0.023250877857208252,84.24346923828125,1,0.013583771884441376,-0.24614793062210083,0.2099476456642151,0.022944211959838867,86.70060729980469,1,0.033359359949827194,-0.33433082699775696,-0.12586870789527893,0.03514169156551361,0.0,0,1.4342013597488403
497,9.94,walk,0.5,0.0,-0.5,0.35588762164115906,-0.037833891808986664,-1.8614864349365234,0.4314214587211609,0.36360403895378113,1.890265098084784,-2.335766534576393,2,0,0,-0.4314161539077759,-0.002139083109796047,0.42283326387405396,-0.07664217799901962,-0.36360403895378113,0.0,0.25778427720069885,0.27528703212738037,0.15123942494392395,0.06157855689525604,0.0,0,4.812094688415527,0.25779470801353455,-0.20177656412124634,0.023296304047107697,78.04713439941406,1,0.03830328211188316,-0.255472332239151,0.21020203828811646,0.02290576696395874,82.99569702148438,1,0.03371875360608101,-0.2939954400062561,-0.12033385038375854,0.051034994423389435,0.0,0,2.2152485847473145
498,9.96,walk,0.5,0.0,-0.5,0.3555876612663269,-0.04645473510026932,-1.8617228269577026,0.44356438517570496,0.3414197862148285,2.3445943406352225,-2.2443602473482276,2,0,0,-0.44348078966140747,-0.008611674420535564,0.4365726411342621,-0.06961452215909958,-0.3414197862148285,0.0,0.2955741882324219,0.35450947284698486,0.13828782737255096,0.08137264102697372,0.0,0,3.9995925426483154,0.2512630820274353,-0.19620993733406067,0.0232737734913826,77.49869537353516,1,0.01966678909957409,-0.2640056014060974,0.21249926090240479,0.022853977978229523,87.86878204345703,1,0.03805635869503021,-0.2530093789100647,-0.11021688580513,0.05703648179769516,0.0,0,2.3919193744659424
499,9.98,walk,0.5,0.0,-0.5,0.35520678758621216,-0.055727846920490265,-1.8621256351470947,0.48753851652145386,0.4325866401195526,2.9234093303378446,-2.284385369327914,2,0,0,-0.4873248040676117,-0.014433656819164753,0.48124513030052185,-0.06777442991733551,-0.4325866401195526,0.0,0.3394309878349304,0.40355727076530457,0.13270780444145203,0.09267592430114746,0.0,0,2.272247314453125,0.2435493767261505,-0.189748153090477,0.02324511855840683,79.40849304199219,1,0.009299535304307938,-0.2741348147392273,0.2150074541568756,0.02279254049062729,89.45664978027344,1,0.03803485631942749,-0.21691763401031494,-0.09710763394832611,0.06034749001264572,0.0,0,2.0993611812591553
500,10.0,walk,0.5,0.0,-0.5,0.35485658049583435,-0.06599253416061401,-1.862715721130371,0.534283459186554,0.48869001865386963,3.2538893139893807,-2.726602338602393,2,0,0,-0.5338336229324341,-0.021919405087828636,0.5294622182846069,-0.06398499011993408,-0.48869001865386963,0.0,0.35193222761154175,0.4121898412704468,0.13143983483314514,0.09015753865242004,0.0,0,0.6096915602684021,0.23294714093208313,-0.18443068861961365,0.023215249180793762,84.31774139404297,1,0.014776861295104027,-0.28787994384765625,0.2153322696685791,0.022724248468875885,89.58268737792969,1,0.03791290894150734,-0.19934886693954468,-0.08558741211891174,0.05747608095407486,0.0,0,1.2713121175765991
501,10.02,walk,0.5,0.0,-0.5,0.35493919253349304,-0.076959528028965,-1.8635567426681519,0.5628129839897156,0.4136315584182739,3.043859502907608,-3.5668278777484432,2,0,0,-0.5614953637123108,-0.038489025086164474,0.5613790154457092,-0.048255547881126404,-0.4136315584182739,0.0,0.3341729938983917,0.3831586241722107,0.12441827356815338,0.06565779447555542,0.0,0,1.353623867034912,0.21935778856277466,-0.18263410031795502,0.02317740023136139,89.59346771240234,1,0.018514065071940422,-0.30450448393821716,0.21227286756038666,0.022657126188278198,84.13253021240234,1,0.039800431579351425,-0.20490065217018127,-0.07636730372905731,0.040797799825668335,0.0,0,0.6483076810836792
502,10.040000000000001,walk,0.5,0.0,-0.5,0.3557039797306061,-0.08784972131252289,-1.864662766456604,0.5471997261047363,0.3176848292350769,2.440899581045579,-4.3203588929765795,4,0,0,-0.5443674921989441,-0.05560155585408211,0.5495792031288147,-0.025789394974708557,-0.3176848292350769,0.0,0.3262956142425537,0.3302830159664154,0.10783052444458008,0.022744905203580856,38.40650177001953,1,1.5009243488311768,0.2058938443660736,-0.1841246634721756,0.02313557267189026,91.4465103149414,1,0.012786325998604298,-0.3201606273651123,0.20727500319480896,0.02258913964033127,75.02177429199219,1,0.04379294067621231,-0.22060279548168182,-0.07571932673454285,0.023337669670581818,40.55270004272461,1,0.026994336396455765
503,10.06,walk,0.5,0.0,-0.5,0.3569898009300232,-0.09780160337686539,-1.8656549453735352,0.4742833077907562,0.41464880108833313,1.818838181395964,-4.107373957861719,3,0,0,-0.47268983721733093,-0.038845691829919815,0.47760075330734253,-0.028450585901737213,-0.41464880108833313,0.0,0.3094187080860138,0.32037147879600525,0.10662747919559479,0.0235513336956501,87.58674621582031,1,0.013837531208992004,0.2221592366695404,-0.18802157044410706,0.03195049613714218,0.0,0,1.619106411933899,-0.32958436012268066,0.202170267701149,0.022492818534374237,15.456239700317383,1,0.05666587874293327,-0.2279914766550064,-0.08024677634239197,0.023289859294891357,82.32003784179688,1,0.0323592908680439
504,10.08,walk,0.5,0.0,-0.5,0.35788634419441223,-0.10671261698007584,-1.8665179014205933,0.43191415071487427,0.3444500267505646,0.9914004639234699,-3.8046668040359233,2,0,0,-0.4304572641849518,-0.035445455461740494,0.43248459696769714,-0.020968079566955566,-0.3444500267505646,0.0,0.28461936116218567,0.31269320845603943,0.10455416142940521,0.023535411804914474,80.59405517578125,1,0.01902378350496292,0.2662815451622009,-0.1992184817790985,0.05979742854833603,0.0,0,2.567556142807007,-0.31405195593833923,0.20461857318878174,0.03979820758104324,0.0,0,1.507712721824646,-0.23381637036800385,-0.08620807528495789,0.023247763514518738,81.17068481445312,1,0.029042530804872513
505,10.1,walk,0.5,0.0,-0.5,0.3584110140800476,-0.11511775851249695,-1.867360234260559,0.4201548099517822,0.3619413673877716,0.30319652620765597,-3.665747586507034,2,0,0,-0.4186529517173767,-0.03549332916736603,0.4204784631729126,-0.015980012714862823,-0.3619413673877716,0.0,0.28380727767944336,0.30458199977874756,0.10295858979225159,0.023562990128993988,74.525146484375,1,0.012305041775107384,0.3059636354446411,-0.21654777228832245,0.08701391518115997,0.0,0,2.095438003540039,-0.2938644587993622,0.21905016899108887,0.0628356784582138,0.0,0,1.6539522409439087,-0.24015763401985168,-0.09146353602409363,0.0232105553150177,85.75239562988281,1,0.0248564463108778
506,10.120000000000001,walk,0.5,0.0,-0.5,0.35905689001083374,-0.12353112548589706,-1.868151307106018,0.42545783519744873,0.40857216715812683,-0.10940871153908151,-3.646543228995074,2,0,0,-0.4243922531604767,-0.030092746019363403,0.426680326461792,-0.018493004143238068,-0.40857216715812683,0.0,0.2888988256454468,0.2957450747489929,0.10308647155761719,0.023554623126983643,73.56480407714844,1,0.018181387335062027,0.3282318115234375,-0.23046405613422394,0.10803276300430298,0.0,0,1.2224050760269165,-0.28207576274871826,0.23203147947788239,0.08085022866725922,0.0,0,1.1098843812942505,-0.2471306174993515,-0.09532584249973297,0.023168057203292847,86.00255584716797,1,0.026801690459251404
507,10.14,walk,0.5,0.0,-0.5,0.3598118722438812,-0.1319936215877533,-1.868916392326355,0.42541027069091797,0.42993107438087463,-0.22586632504396162,-3.6595389445514925,2,0,0,-0.4245280623435974,-0.027382969856262207,0.4267929494380951,-0.01747097820043564,-0.42993107438087463,0.0,0.29074063897132874,0.28662893176078796,0.10503712296485901,0.023533113300800323,71.63604736328125,1,0.01810314692556858,0.33729106187820435,-0.24152745306491852,0.12216117978096008,0.0,0,0.8637622594833374,-0.2732970416545868,0.2381296306848526,0.09541165083646774,0.0,0,0.8945966362953186,-0.25426265597343445,-0.0976957380771637,0.02312266081571579,83.28040313720703,1,0.02997027151286602
508,10.16,walk,0.5,0.0,-0.5,0.36054039001464844,-0.14037445187568665,-1.8696527481079102,0.41919299960136414,0.4535333514213562,-0.235764042883677,-3.66732578709213,2,0,0,-0.41840991377830505,-0.02561059594154358,0.42044612765312195,-0.014821626245975494,-0.4535333514213562,0.0,0.29302307963371277,0.2775847017765045,0.10761728882789612,0.023511536419391632,73.0805435180664,1,0.018675586208701134,0.3432132601737976,-0.2504018545150757,0.1333428919315338,0.0,0,0.7812255620956421,-0.2638589143753052,0.24110718071460724,0.1079050824046135,0.0,0,0.9522459506988525,-0.2612270414829254,-0.099642813205719,0.023076191544532776,80.96240234375,1,0.03142702952027321
509,10.18,walk,0.5,0.0,-0.5,0.3612748682498932,-0.14862696826457977,-1.8703547716140747,0.4131706953048706,0.48024439811706543,-0.3023456607278869,-3.6926995129719042,2,0,0,-0.4124908745288849,-0.023691730573773384,0.4146348834037781,-0.012194383889436722,-0.48024439811706543,0.0,0.297884464263916,0.26851963996887207,0.10986122488975525,0.02348761260509491,75.20014190673828,1,0.020760418847203255,0.35023072361946106,-0.25695449113845825,0.14248135685920715,0.0,0,0.7489398717880249,-0.25420328974723816,0.24266177415847778,0.11801794171333313,0.0,0,0.9606677889823914,-0.26810088753700256,-0.10214002430438995,0.02303052693605423,80.46617889404297,1,0.03168361261487007
510,10.200000000000001,walk,0.5,0.0,-0.5,0.36206433176994324,-0.15681032836437225,-1.87101411819458,0.4111354351043701,0.5026195049285889,-0.41210541330781664,-3.731217511022545,2,0,0,-0.41059410572052,-0.021090738475322723,0.4128226935863495,-0.010449409484863281,-0.5026195049285889,0.0,0.3035033941268921,0.25940370559692383,0.11184479296207428,0.023460768163204193,75.12106323242188,1,0.022611478343605995,0.35757172107696533,-0.2612072825431824,0.1491370052099228,0.0,0,0.6846756935119629,-0.2457004189491272,0.24270308017730713,0.1250193566083908,0.0,0,0.9004186987876892,-0.27491092681884766,-0.10510019958019257,0.022984445095062256,80.42604064941406,1,0.032312776893377304
511,10.22,walk,0.5,0.0,-0.5,0.36287039518356323,-0.16499759256839752,-1.8716262578964233,0.4120798408985138,0.5187169909477234,-0.5075490093461204,-3.7634547232445357,2,0,0,-0.4116710126399994,-0.018351590260863304,0.4137672781944275,-0.008966702967882156,-0.5187169909477234,0.0,0.30826207995414734,0.25028565526008606,0.11388491094112396,0.023431092500686646,75.5599594116211,1,0.023492787033319473,0.3639339208602905,-0.2637600898742676,0.15353979170322418,0.0,0,0.6057575941085815,-0.23847538232803345,0.24145619571208954,0.129451185464859,0.0,0,0.850594699382782,-0.2816199064254761,-0.10815916955471039,0.022936701774597168,79.96601867675781,1,0.03328840062022209
512,10.24,walk,0.5,0.0,-0.5,0.363634318113327,-0.17323718965053558,-1.872188687324524,0.4150267243385315,0.5324578881263733,-0.5723581130594326,-3.779903953200042,2,0,0,-0.4147360026836395,-0.015531475655734539,0.41650527715682983,-0.007595088332891464,-0.5324578881263733,0.0,0.31176504492759705,0.24117852747440338,0.11605878174304962,0.023399554193019867,76.34574890136719,1,0.023897353559732437,0.3689403533935547,-0.26526787877082825,0.15633231401443481,0.0,0,0.5362013578414917,-0.23233212530612946,0.2397548258304596,0.13220641016960144,0.0,0,0.8120509386062622,-0.288222074508667,-0.1112007200717926,0.022887438535690308,79.23932647705078,1,0.03432276472449303
513,10.26,walk,0.5,0.0,-0.5,0.36431849002838135,-0.18156735599040985,-1.8726942539215088,0.41983288526535034,0.545609176158905,-0.6066556411723871,-3.775532632131234,2,0,0,-0.4196512699127197,-0.012347869575023651,0.42099255323410034,-0.006544463336467743,-0.545609176158905,0.0,0.31403622031211853,0.232077494263649,0.11836123466491699,0.02336590737104416,77.29053497314453,1,0.02417719177901745,0.3726383149623871,-0.26612401008605957,0.1578659564256668,0.0,0,0.4767492711544037,-0.22729961574077606,0.23829759657382965,0.1337262988090515,0.0,0,0.7710946798324585,-0.2947228252887726,-0.11421619355678558,0.02283608913421631,78.38250732421875,1,0.035382501780986786
514,10.28,walk,0.5,0.0,-0.5,0.3648959696292877,-0.19002114236354828,-1.873130202293396,0.4261520802974701,0.5567041039466858,-0.6173035859233197,-3.7513362601096407,2,0,0,-0.4260706901550293,-0.008329502306878567,0.4268619120121002,-0.006214279681444168,-0.5567041039466858,0.0,0.3151835799217224,0.2229461967945099,0.12075148522853851,0.023330703377723694,78.27115631103516,1,0.024564621970057487,0.37511810660362244,-0.26652592420578003,0.15819630026817322,0.0,0,0.42558276653289795,-0.22336842119693756,0.2373429387807846,0.1341697722673416,0.0,0,0.7344622611999512,-0.30115652084350586,-0.11723367869853973,0.022783510386943817,75.374267578125,1,0.03610185533761978
515,10.3,walk,0.5,0.0,-0.5,0.3653106689453125,-0.19861623644828796,-1.873468041419983,0.43318691849708557,0.5654423832893372,-0.6215113026171649,-3.7221218334822037,2,0,0,-0.43317851424217224,-0.002699919044971466,0.4332631528377533,-0.007326212245970964,-0.5654423832893372,0.0,0.3154008686542511,0.21368519961833954,0.12313063442707062,0.02329372614622116,79.33210754394531,1,0.02503827027976513,0.37646934390068054,-0.26658135652542114,0.1572265774011612,0.0,0,0.38206857442855835,-0.22039160132408142,0.23685728013515472,0.1335654854774475,0.0,0,0.7098748683929443,-0.30762702226638794,-0.12032283842563629,0.022729739546775818,72.13296508789062,1,0.036383919417858124
516,10.32,walk,0.5,0.0,-0.5,0.36553043127059937,-0.20735974609851837,-1.8736718893051147,0.44057705998420715,0.5733603835105896,-0.6129718586073565,-3.689420168396652,2,0,0,-0.4405500888824463,0.004876432474702597,0.43992772698402405,-0.010176350362598896,-0.5733603835105896,0.0,0.3149314224720001,0.20428147912025452,0.12555734813213348,0.023254916071891785,80.61798095703125,1,0.025364156812429428,0.3768387734889984,-0.26622503995895386,0.1547711193561554,0.0,0,0.34333184361457825,-0.21807047724723816,0.23658818006515503,0.13177543878555298,0.0,0,0.6980714797973633,-0.3141515254974365,-0.12341344356536865,0.022674977779388428,69.54645538330078,1,0.03659174591302872
517,10.34,walk,0.5,0.0,-0.5,0.3655458688735962,-0.21625562012195587,-1.873703122138977,0.4483063817024231,0.5801101922988892,-0.577024252840462,-3.643873051916422,2,0,0,-0.4480728507041931,0.01446837279945612,0.4468469023704529,-0.014815029688179493,-0.5801101922988892,0.0,0.31396546959877014,0.19478817284107208,0.1281416416168213,0.023214533925056458,82.1191635131836,1,0.02556699514389038,0.376336932182312,-0.26532936096191406,0.15070319175720215,0.0,0,0.3057772219181061,-0.21602167189121246,0.23622600734233856,0.12861394882202148,0.0,0,0.7016099095344543,-0.3206825852394104,-0.12638233602046967,0.02261897176504135,67.18629455566406,1,0.03682936728000641
518,10.36,walk,0.5,0.0,-0.5,0.3653492331504822,-0.22530889511108398,-1.8735212087631226,0.4566042423248291,0.5854638814926147,-0.5033343023805464,-3.5786396227009227,2,0,0,-0.4558604955673218,0.026050597429275513,0.45421385765075684,-0.021198337897658348,-0.5854638814926147,0.0,0.31265413761138916,0.18524281680583954,0.13096876442432404,0.02317294478416443,83.80831146240234,1,0.025802819058299065,0.37491124868392944,-0.2637820839881897,0.14486941695213318,0.0,0,0.2620669901371002,-0.2139374017715454,0.2355298101902008,0.12394217401742935,0.0,0,0.7170899510383606,-0.32719218730926514,-0.1291300654411316,0.022561803460121155,64.70436096191406,1,0.03704899176955223
519,10.38,walk,0.5,0.0,-0.5,0.36493510007858276,-0.23452627658843994,-1.873085379600525,0.465745747089386,0.5892450213432312,-0.38731956394433953,-3.4939185965663193,2,0,0,-0.46405258774757385,0.039677564054727554,0.46226969361305237,-0.029348742216825485,-0.5892450213432312,0.0,0.3111118972301483,0.17563745379447937,0.1340864598751068,0.02312956005334854,85.7117691040039,1,0.02621566131711006,0.3722156584262848,-0.2614741027355194,0.13687342405319214,0.0,0,0.19906848669052124,-0.21178582310676575,0.23435725271701813,0.11750877648591995,0.0,0,0.7342513203620911,-0.333696573972702,-0.13158735632896423,0.02250303328037262,62.08201217651367,1,0.03721440210938454
520,10.4,walk,0.5,0.0,-0.5,0.364318311214447,-0.24391566216945648,-1.8723512887954712,0.4760049879550934,0.5909465551376343,-0.23031827436148766,-3.394684699105908,2,0,0,-0.4727594256401062,0.0554911233484745,0.4712824523448944,-0.03937826305627823,-0.5909465551376343,0.0,0.3095582127571106,0.1659383326768875,0.13750635087490082,0.02308429777622223,87.93340301513672,1,0.026949360966682434,0.36730727553367615,-0.25828033685684204,0.12566715478897095,0.0,0,0.09307118505239487,-0.20988509058952332,0.23252958059310913,0.10867679119110107,0.0,0,0.7440018653869629,-0.34024477005004883,-0.1337122917175293,0.022442631423473358,59.42098617553711,1,0.0373852513730526
521,10.42,walk,0.5,0.0,-0.5,0.3635745644569397,-0.2534874379634857,-1.8712718486785889,0.4878760278224945,0.5925374627113342,-0.039054047838567654,-3.284576500156602,2,0,0,-0.48227187991142273,0.07373511046171188,0.48181867599487305,-0.05150706321001053,-0.5925374627113342,0.0,0.3088260293006897,0.1561153084039688,0.14120915532112122,0.023036696016788483,90.82820129394531,1,0.028270235285162926,0.3577108383178711,-0.25398749113082886,0.10870389640331268,0.0,0,0.20531778037548065,-0.2091187834739685,0.22951793670654297,0.09592025727033615,0.0,0,0.7384520769119263,-0.34688296914100647,-0.13548921048641205,0.022380486130714417,57.01106643676758,1,0.03780096396803856
522,10.44,walk,0.5,0.0,-0.5,0.3628752827644348,-0.26326221227645874,-1.8697841167449951,0.5028234124183655,0.6067162156105042,0.19849619623477346,-3.1821144845397136,2,0,0,-0.49359583854675293,0.09588830173015594,0.49527397751808167,-0.06711989641189575,-0.6067162156105042,0.0,0.3120974600315094,0.1460265964269638,0.14532087743282318,0.02298625558614731,94.79423522949219,1,0.03169465437531471,0.3369585871696472,-0.24723467230796814,0.08070340752601624,0.0,0,0.855488657951355,-0.21181583404541016,0.2239093780517578,0.07596345245838165,0.0,0,0.7438652515411377,-0.3537391126155853,-0.13681763410568237,0.02231573313474655,53.77820587158203,1,0.038568079471588135
523,10.46,walk,0.5,0.0,-0.5,0.36218664050102234,-0.2732557952404022,-1.8678081035614014,0.5213826298713684,0.6703149080276489,0.5310509432281938,-3.0580946843549723,2,0,0,-0.506216287612915,0.12483946979045868,0.5101876854896545,-0.08865921199321747,-0.6703149080276489,0.0,0.32182595133781433,0.13571743667125702,0.15028122067451477,0.022964321076869965,86.05778503417969,1,0.03908400982618332,0.29360994696617126,-0.2307022511959076,0.03901664912700653,0.0,0,2.1427409648895264,-0.22285698354244232,0.2110997885465622,0.04326842725276947,0.0,0,1.1146982908248901,-0.3606138527393341,-0.13751552999019623,0.022249989211559296,43.26195526123047,1,0.039601247757673264
524,10.48,walk,0.5,0.0,-0.5,0.35974958539009094,-0.2827465534210205,-1.8655534982681274,0.46286579966545105,0.5570552945137024,0.7695673389039743,-2.680983505135878,2,0,0,-0.447959303855896,0.11652127653360367,0.44887882471084595,-0.07723572850227356,-0.5570552945137024,0.0,0.2936391532421112,0.176349475979805,0.16193720698356628,0.029570728540420532,0.0,0,3.5405290126800537,0.2682400047779083,-0.21011552214622498,0.023308537900447845,121.44610595703125,1,0.05776018276810646,-0.2355019897222519,0.2019803673028946,0.022981956601142883,80.89677429199219,1,0.026536496356129646,-0.3551110625267029,-0.13881975412368774,0.02432086318731308,0.0,0,0.6028752326965332
525,10.5,walk,0.5,0.0,-0.5,0.35745537281036377,-0.2913707494735718,-1.863547682762146,0.4379105269908905,0.40103879570961,0.7616548849156319,-2.5608746285812036,2,0,0,-0.4253903031349182,0.10396500676870346,0.42825931310653687,-0.06357459723949432,-0.40103879570961,0.0,0.26221466064453125,0.25696682929992676,0.15436294674873352,0.050523120909929276,0.0,0,4.578718662261963,0.2617935836315155,-0.20678368210792542,0.023289017379283905,87.30900573730469,1,0.01270121056586504,-0.24458295106887817,0.20126619935035706,0.022975921630859375,84.95975494384766,1,0.037015728652477264,-0.31484678387641907,-0.13223932683467865,0.04221333563327789,0.0,0,2.285257339477539
526,10.52,walk,0.5,0.0,-0.5,0.356022447347641,-0.29983586072921753,-1.8616738319396973,0.44067466259002686,0.3314945101737976,1.3555731304204444,-2.3719836126503853,2,0,0,-0.42898812890052795,0.10081334412097931,0.4333411455154419,-0.0567043274641037,-0.3314945101737976,0.0,0.282499223947525,0.3369951844215393,0.14209598302841187,0.07590566575527191,0.0,0,4.105849266052246,0.25567084550857544,-0.2005425989627838,0.023288503289222717,79.80795288085938,1,0.016328638419508934,-0.25272056460380554,0.20413090288639069,0.022929340600967407,86.54621124267578,1,0.04288652539253235,-0.27215075492858887,-0.11913559585809708,0.049049317836761475,0.0,0,2.4712839126586914
527,10.540000000000001,walk,0.5,0.0,-0.5,0.3548121452331543,-0.30866777896881104,-1.8598014116287231,0.47022947669029236,0.38031134009361267,2.1689427926368277,-2.2885225429742375,2,0,0,-0.458617240190506,0.1038556694984436,0.46393224596977234,-0.05291590094566345,-0.38031134009361267,0.0,0.32588857412338257,0.39319977164268494,0.13568630814552307,0.08818983286619186,0.0,0,2.6850714683532715,0.24863681197166443,-0.19314703345298767,0.023274801671504974,80.30659484863281,1,0.007729828357696533,-0.2617833614349365,0.20803697407245636,0.022878579795360565,88.66960144042969,1,0.04273110255599022,-0.23015812039375305,-0.10198893398046494,0.052926599979400635,0.0,0,2.4234578609466553
528,10.56,walk,0.5,0.0,-0.5,0.35364070534706116,-0.318361759185791,-1.8578604459762573,0.513827383518219,0.45994359254837036,2.7973268130237594,-2.5669332198184165,2,0,0,-0.501902163028717,0.11005833745002747,0.5083556175231934,-0.050114184617996216,-0.45994359254837036,0.0,0.3482741117477417,0.41260388493537903,0.13396601378917694,0.08968190848827362,0.0,0,1.025824785232544,0.23908782005310059,-0.18652740120887756,0.023230336606502533,84.56803131103516,1,0.00944221206009388,-0.2740786075592041,0.21016579866409302,0.022821202874183655,90.67318725585938,1,0.04094235226511955,-0.20254379510879517,-0.08711700141429901,0.05476125329732895,0.0,0,1.6827096939086914
529,10.58,walk,0.5,0.0,-0.5,0.3528478145599365,-0.32883113622665405,-1.8559242486953735,0.5454185605049133,0.4449029564857483,2.9628139723201175,-3.267136252441209,2,0,0,-0.5349650979042053,0.1062721237540245,0.5420728325843811,-0.03875841200351715,-0.4449029564857483,0.0,0.3364289104938507,0.39559444785118103,0.1297115832567215,0.07398851215839386,0.0,0,0.8237078785896301,0.22659441828727722,-0.18266546726226807,0.02317548543214798,90.9233169555664,1,0.01894855871796608,-0.2895966172218323,0.20911020040512085,0.022762008011341095,86.19070434570312,1,0.05771786719560623,-0.1988770216703415,-0.07599010318517685,0.04482976347208023,0.0,0,0.8164201378822327
530,10.6,walk,0.5,0.0,-0.5,0.35271233320236206,-0.3395429253578186,-1.85420560836792,0.5486611723899841,0.33929529786109924,2.573458825240129,-4.1675082239749806,3,0,0,-0.5417572855949402,0.08676455914974213,0.5478706359863281,-0.015334755182266235,-0.33929529786109924,0.0,0.320490300655365,0.3464537560939789,0.11454348266124725,0.0325322225689888,0.0,0,2.3288073539733887,0.21253648400306702,-0.18277013301849365,0.023155629634857178,96.630126953125,1,0.028616784140467644,-0.30611521005630493,0.2049180269241333,0.02270250767469406,79.5013656616211,1,0.07977939397096634,-0.21280094981193542,-0.07035954296588898,0.02318470925092697,46.241783142089844,1,0.231288880109787
531,10.620000000000001,walk,0.5,0.0,-0.5,0.3536582589149475,-0.34960827231407166,-1.8526511192321777,0.4877932667732239,0.2789704501628876,1.7473180966579969,-4.153204527192504,4,0,0,-0.4816824495792389,0.07696938514709473,0.49228280782699585,-0.012538418173789978,-0.2789704501628876,0.0,0.3102305829524994,0.3275185823440552,0.10781912505626678,0.023592926561832428,63.52937698364258,1,0.008425181731581688,0.20744967460632324,-0.1877674162387848,0.023152604699134827,47.940887451171875,1,0.1966966837644577,-0.3166027069091797,0.19886279106140137,0.022614791989326477,52.23212432861328,1,0.0902886614203453,-0.22169266641139984,-0.07600720226764679,0.02333691716194153,73.56046295166016,1,0.03188634291291237
532,10.64,walk,0.5,0.0,-0.5,0.3548906743526459,-0.3586798906326294,-1.8511918783187866,0.441193550825119,0.42356738448143005,0.9638900627722452,-3.8357813039130932,2,0,0,-0.43445947766304016,0.07678994536399841,0.44311684370040894,-0.013955265283584595,-0.42356738448143005,0.0,0.2909889221191406,0.3196868300437927,0.10583988577127457,0.023564979434013367,78.80497741699219,1,0.016520405188202858,0.23493151366710663,-0.19675403833389282,0.042258381843566895,0.0,0,2.1508359909057617,-0.31929630041122437,0.2033197283744812,0.02858901023864746,0.0,0,0.9203398823738098,-0.22773624956607819,-0.08169183880090714,0.02329232543706894,78.85661315917969,1,0.03175979107618332
533,10.66,walk,0.5,0.0,-0.5,0.3553597629070282,-0.366961807012558,-1.8500107526779175,0.4073512554168701,0.3969964385032654,0.18178527131647781,-3.7106740095464392,2,0,0,-0.4023700952529907,0.06350861489772797,0.40750569105148315,-0.001290544867515564,-0.3969964385032654,0.0,0.2785238027572632,0.31141555309295654,0.1039089560508728,0.023575134575366974,76.6009292602539,1,0.01213605422526598,0.28068768978118896,-0.2151578962802887,0.07197127491235733,0.0,0,2.6535708904266357,-0.29973143339157104,0.21506407856941223,0.055180951952934265,0.0,0,1.7721627950668335,-0.23401585221290588,-0.08792191743850708,0.023259729146957397,84.11095428466797,1,0.02379893884062767
534,10.68,walk,0.5,0.0,-0.5,0.3559325635433197,-0.3750074803829193,-1.8487870693206787,0.40909460186958313,0.4487968385219574,-0.417108766998689,-3.68297246982016,2,0,0,-0.4027210474014282,0.0719316154718399,0.41052722930908203,-0.0057183802127838135,-0.4487968385219574,0.0,0.2859835624694824,0.30281326174736023,0.10300350934267044,0.02358216792345047,72.7622299194336,1,0.018556663766503334,0.3139271140098572,-0.23096168041229248,0.0964454710483551,0.0,0,1.616206169128418,-0.28875023126602173,0.2310723066329956,0.07521620392799377,0.0,0,1.2198935747146606,-0.24061837792396545,-0.09319709241390228,0.023239269852638245,86.3409652709961,1,0.02407175675034523
535,10.700000000000001,walk,0.5,0.0,-0.5,0.3567022383213043,-0.38311874866485596,-1.8474687337875366,0.4124501645565033,0.4560020864009857,-0.6281810890633881,-3.6921168124583374,2,0,0,-0.4049525260925293,0.07828531414270401,0.4143034517765045,-0.007623836398124695,-0.4560020864009857,0.0,0.28921079635620117,0.29389163851737976,0.1044425368309021,0.023560769855976105,69.8471908569336,1,0.018143029883503914,0.3287675976753235,-0.24114596843719482,0.11242498457431793,0.0,0,0.913358747959137,-0.28140687942504883,0.23895803093910217,0.0897899717092514,0.0,0,0.8633993864059448,-0.24744538962841034,-0.09639335423707962,0.023180954158306122,84.43575286865234,1,0.027951987460255623
536,10.72,walk,0.5,0.0,-0.5,0.3574296832084656,-0.3911798596382141,-1.846103549003601,0.40744471549987793,0.45936110615730286,-0.6361795073857375,-3.677899773700956,2,0,0,-0.39955466985702515,0.07979518175125122,0.4088183641433716,-0.006329178810119629,-0.45936110615730286,0.0,0.2903258800506592,0.2851410508155823,0.107004813849926,0.02353048324584961,69.93902587890625,1,0.013985286466777325,0.3358919024467468,-0.24959257245063782,0.12370532751083374,0.0,0,0.7750223278999329,-0.27146095037460327,0.2421097755432129,0.10212424397468567,0.0,0,0.988369882106781,-0.2540722191333771,-0.09850674867630005,0.02313718944787979,81.42182159423828,1,0.030234383419156075
537,10.74,walk,0.5,0.0,-0.5,0.3580765128135681,-0.3990918695926666,-1.8447257280349731,0.39956775307655334,0.48464104533195496,-0.6841000612416941,-3.6822582881650705,2,0,0,-0.3914281725883484,0.08023941516876221,0.400861531496048,-0.004386305809020996,-0.48464104533195496,0.0,0.29402682185173035,0.2763895094394684,0.10930514335632324,0.023502953350543976,75.40139770507812,1,0.013447838835418224,0.34333741664886475,-0.2565052807331085,0.13362520933151245,0.0,0,0.772911012172699,-0.2594117820262909,0.24372491240501404,0.11333003640174866,0.0,0,1.063719630241394,-0.2606150209903717,-0.10101012885570526,0.02309449017047882,80.77001953125,1,0.030119987204670906
538,10.76,walk,0.5,0.0,-0.5,0.35875558853149414,-0.4068853259086609,-1.8433175086975098,0.3958057165145874,0.512823224067688,-0.7983397775869175,-3.723716682653402,2,0,0,-0.3870930075645447,0.08259037882089615,0.3973175287246704,-0.0034120678901672363,-0.512823224067688,0.0,0.29941636323928833,0.2674792408943176,0.1112445518374443,0.023480094969272614,75.05650329589844,1,0.015438076108694077,0.35150885581970215,-0.26127585768699646,0.14168871939182281,0.0,0,0.7178987264633179,-0.24894402921199799,0.24405616521835327,0.12181035429239273,0.0,0,0.9598936438560486,-0.2671893835067749,-0.10410021245479584,0.02305229753255844,81.27719116210938,1,0.030215829610824585
539,10.78,walk,0.5,0.0,-0.5,0.3594803810119629,-0.4146362245082855,-1.8418556451797485,0.39531219005584717,0.5298455357551575,-0.9003487062019109,-3.7757076557287155,2,0,0,-0.3858586549758911,0.08593498915433884,0.3969487249851227,-0.0026974529027938843,-0.5298455357551575,0.0,0.304164320230484,0.25849589705467224,0.11325593292713165,0.023453325033187866,75.32424926757812,1,0.01632588915526867,0.35860005021095276,-0.2642345428466797,0.14719298481941223,0.0,0,0.6220976710319519,-0.2411511242389679,0.24303242564201355,0.1271228939294815,0.0,0,0.8450846076011658,-0.27372512221336365,-0.10729555785655975,0.023009300231933594,81.1609878540039,1,0.031043659895658493
540,10.8,walk,0.5,0.0,-0.5,0.360198050737381,-0.4223867654800415,-1.8403289318084717,0.3962758779525757,0.5402979850769043,-0.9676031243597935,-3.8193803121686,2,0,0,-0.38604485988616943,0.0894647091627121,0.39780208468437195,-0.001841232180595398,-0.5402979850769043,0.0,0.30760884284973145,0.24951836466789246,0.11542990058660507,0.02342338114976883,76.04902648925781,1,0.01627087965607643,0.36403584480285645,-0.26607421040534973,0.1506212204694748,0.0,0,0.539493978023529,-0.2351972758769989,0.24133408069610596,0.13034793734550476,0.0,0,0.782370924949646,-0.2801675498485565,-0.11042863875627518,0.022964216768741608,80.52704620361328,1,0.03205440193414688
541,10.82,walk,0.5,0.0,-0.5,0.36086326837539673,-0.4301626682281494,-1.8387256860733032,0.3985970616340637,0.5496106743812561,-1.0074541832373503,-3.8436607808943495,2,0,0,-0.38745856285095215,0.09357067197561264,0.3998695909976959,-0.0012253373861312866,-0.5496106743812561,0.0,0.3098582327365875,0.2405886948108673,0.11770907044410706,0.023392602801322937,76.8882064819336,1,0.016135670244693756,0.3680696487426758,-0.2672140598297119,0.1526169776916504,0.0,0,0.47704020142555237,-0.23043331503868103,0.23980659246444702,0.13228845596313477,0.0,0,0.7430594563484192,-0.2864830791950226,-0.11352361738681793,0.02291785180568695,79.73064422607422,1,0.033083632588386536
542,10.84,walk,0.5,0.0,-0.5,0.3614535331726074,-0.4379919469356537,-1.8370282649993896,0.4026530683040619,0.5592455863952637,-1.0214106075892133,-3.8405389575568303,2,0,0,-0.39036208391189575,0.09872660785913467,0.40360450744628906,-0.001178830862045288,-0.5592455863952637,0.0,0.31103432178497314,0.2317228615283966,0.12008809298276901,0.023360900580883026,77.75733184814453,1,0.01621099002659321,0.3709689676761627,-0.2678248882293701,0.15346869826316833,0.0,0,0.4261627197265625,-0.2265951782464981,0.23880386352539062,0.13323065638542175,0.0,0,0.7120797038078308,-0.2926524877548218,-0.11658254265785217,0.022869765758514404,78.8291015625,1,0.03416954725980759
543,10.86,walk,0.5,0.0,-0.5,0.3619590997695923,-0.4459048807621002,-1.8352127075195312,0.40852853655815125,0.5691275000572205,-1.0035520107871572,-3.8045306271393464,2,0,0,-0.39475247263908386,0.10519525408744812,0.40912535786628723,-0.0018813610076904297,-0.5691275000572205,0.0,0.3112773001194,0.2229193150997162,0.122613824903965,0.02332805097103119,78.70914459228516,1,0.016398468986153603,0.3729000985622406,-0.2679758369922638,0.15325847268104553,0.0,0,0.3840654790401459,-0.22345983982086182,0.2383100688457489,0.1332930028438568,0.0,0,0.6915291547775269,-0.29867419600486755,-0.11956480145454407,0.02281969040632248,77.78109741210938,1,0.035325899720191956
544,10.88,walk,0.5,0.0,-0.5,0.3623703122138977,-0.45392823219299316,-1.8332520723342896,0.41604578495025635,0.5783562660217285,-0.9501655446870451,-3.733483426279697,2,0,0,-0.4003598988056183,0.11316379904747009,0.4162328541278839,-0.0035190433263778687,-0.5783562660217285,0.0,0.31079885363578796,0.21415793895721436,0.1253177523612976,0.02329399436712265,79.71427917480469,1,0.01691947877407074,0.3740118741989136,-0.267704039812088,0.15201543271541595,0.0,0,0.3505430817604065,-0.22077061235904694,0.23817232251167297,0.13252758979797363,0.0,0,0.6828655004501343,-0.30456429719924927,-0.12243622541427612,0.02276783436536789,75.29761505126953,1,0.036314379423856735
545,10.9,walk,0.5,0.0,-0.5,0.3626387417316437,-0.4620741903781891,-1.8311103582382202,0.42452168464660645,0.5847806334495544,-0.877906625579953,-3.6423780942618356,2,0,0,-0.4063096344470978,0.12300867587327957,0.4241119921207428,-0.00666847825050354,-0.5847806334495544,0.0,0.3098381757736206,0.20533311367034912,0.12810999155044556,0.023258768022060394,80.74320220947266,1,0.017969558015465736,0.37438899278640747,-0.26709169149398804,0.14970456063747406,0.0,0,0.32344508171081543,-0.21836933493614197,0.238224595785141,0.13088341057300568,0.0,0,0.6833432912826538,-0.31043148040771484,-0.12526041269302368,0.022714443504810333,71.48157501220703,1,0.03672915697097778
546,10.92,walk,0.5,0.0,-0.5,0.36272063851356506,-0.47034043073654175,-1.828747272491455,0.4336065948009491,0.5902339220046997,-0.7882700510379088,-3.542687214457268,2,0,0,-0.41207075119018555,0.13495326042175293,0.43248751759529114,-0.011636406183242798,-0.5902339220046997,0.0,0.3086133897304535,0.19637051224708557,0.13100045919418335,0.023221440613269806,81.98320770263672,1,0.01940646395087242,0.37405237555503845,-0.2661127746105194,0.14608478546142578,0.0,0,0.29605305194854736,-0.21619272232055664,0.23823246359825134,0.1280917525291443,0.0,0,0.6856456398963928,-0.31635522842407227,-0.12800659239292145,0.022659964859485626,68.53535461425781,1,0.036969054490327835
547,10.94,walk,0.5,0.0,-0.5,0.3626040518283844,-0.4787214696407318,-1.82612144947052,0.4432680606842041,0.5942180156707764,-0.6672846157527987,-3.4325299235233024,2,0,0,-0.4174928069114685,0.14895080029964447,0.44134464859962463,-0.0183849036693573,-0.5942180156707764,0.0,0.30719390511512756,0.18727707862854004,0.13409459590911865,0.02318267524242401,83.46527862548828,1,0.021390220150351524,0.3728986978530884,-0.26459747552871704,0.1408269703388214,0.0,0,0.25965893268585205,-0.21414150297641754,0.23789864778518677,0.12380417436361313,0.0,0,0.6932232975959778,-0.3223375380039215,-0.1305541843175888,0.022603735327720642,66.02172088623047,1,0.03721660003066063
548,10.96,walk,0.5,0.0,-0.5,0.36228814721107483,-0.48720988631248474,-1.82319176197052,0.4536307156085968,0.5959965586662292,-0.5048009787831009,-3.309478089209999,2,0,0,-0.42256563901901245,0.1649821549654007,0.4507596492767334,-0.026876866817474365,-0.5959965586662292,0.0,0.3056335151195526,0.17806300520896912,0.13747233152389526,0.023142099380493164,85.16726684570312,1,0.02436375990509987,0.3705867528915405,-0.2623622715473175,0.13345952332019806,0.0,0,0.20382709801197052,-0.21214184165000916,0.2370089888572693,0.11769192665815353,0.0,0,0.7071543335914612,-0.32837989926338196,-0.13279858231544495,0.02254623919725418,63.48122787475586,1,0.03745729476213455
549,10.98,walk,0.5,0.0,-0.5,0.36178621649742126,-0.4957980215549469,-1.8199137449264526,0.46494755148887634,0.5953378081321716,-0.3000205416044529,-3.175624524167732,2,0,0,-0.42733973264694214,0.18318559229373932,0.46094658970832825,-0.03721299767494202,-0.5953378081321716,0.0,0.3041059970855713,0.16871531307697296,0.14115604758262634,0.023100435733795166,87.12462615966797,1,0.02913176454603672,0.3662794828414917,-0.25923576951026917,0.12302742898464203,0.0,0,0.10889725387096405,-0.21036359667778015,0.2353915274143219,0.10918335616588593,0.0,0,0.7204525470733643,-0.33451393246650696,-0.13468284904956818,0.022487200796604156,60.827796936035156,1,0.03770031780004501
550,11.0,walk,0.5,0.0,-0.5,0.3611617088317871,-0.5044793486595154,-1.8162418603897095,0.4777344763278961,0.5938087105751038,-0.06113005299937528,-3.0334105941379574,2,0,0,-0.4320736825466156,0.20381996035575867,0.47246164083480835,-0.049555063247680664,-0.5938087105751038,0.0,0.30330121517181396,0.15921512246131897,0.1451168954372406,0.02305641770362854,89.60803985595703,1,0.038091111928224564,0.35775816440582275,-0.25501906871795654,0.10723420977592468,0.0,0,0.16858217120170593,-0.20952917635440826,0.23259833455085754,0.09693346917629242,0.0,0,0.7226552963256836,-0.3407764434814453,-0.13619650900363922,0.0224258154630661,58.38813781738281,1,0.0381515808403492
551,11.02,walk,0.5,0.0,-0.5,0.3605741560459137,-0.5132560133934021,-1.8121126890182495,0.49346572160720825,0.601982593536377,0.2221135496416495,-2.896759639743747,2,0,0,-0.4374452829360962,0.22836384177207947,0.4867413341999054,-0.06506437063217163,-0.601982593536377,0.0,0.3058878183364868,0.149455264210701,0.14946109056472778,0.02301020920276642,92.972900390625,1,0.06186959519982338,0.3391094207763672,-0.2485595941543579,0.08111949265003204,0.0,0,0.7553266286849976,-0.2117614597082138,0.22746741771697998,0.07788766920566559,0.0,0,0.7289016842842102,-0.34727340936660767,-0.13723808526992798,0.022361978888511658,55.42901611328125,1,0.03901856020092964
552,11.040000000000001,walk,0.5,0.0,-0.5,0.36010077595710754,-0.522117555141449,-1.8074474334716797,0.5153698921203613,0.6525692939758301,0.5827865312615726,-2.7740580660688186,2,0,0,-0.4443339705467224,0.2611004114151001,0.5055031180381775,-0.08711835741996765,-0.6525692939758301,0.0,0.3196587562561035,0.13928042352199554,0.15452168881893158,0.022978313267230988,90.94451141357422,1,0.1291508674621582,0.29779863357543945,-0.2343016266822815,0.03906808793544769,0.0,0,2.0203356742858887,-0.22187422215938568,0.2160041630268097,0.04671471565961838,0.0,0,1.0369579792022705,-0.3540266752243042,-0.13769285380840302,0.022297263145446777,46.655426025390625,1,0.03933729976415634
553,11.06,walk,0.5,0.0,-0.5,0.3580746054649353,-0.5304874777793884,-1.8025548458099365,0.4615580141544342,0.511677622795105,0.7435822577326311,-2.374788685965145,2,0,0,-0.3929872214794159,0.24206781387329102,0.4484612047672272,-0.08071807026863098,-0.511677622795105,0.0,0.3000410199165344,0.17619377374649048,0.16504935920238495,0.02626582235097885,0.0,0,3.3735861778259277,0.2727271318435669,-0.21511045098304749,0.023275040090084076,119.47589874267578,1,0.05481472983956337,-0.23594458401203156,0.2058325707912445,0.022969156503677368,65.50106048583984,1,0.03202929347753525,-0.353311151266098,-0.13880383968353271,0.022435888648033142,0.0,0,0.3963440954685211
554,11.08,walk,0.5,0.0,-0.5,0.35596781969070435,-0.5381249189376831,-1.7981102466583252,0.4363895654678345,0.38632476329803467,0.7033691454682107,-2.2476135518272695,2,0,0,-0.3748364746570587,0.2234579622745514,0.4271640479564667,-0.06718531250953674,-0.38632476329803467,0.0,0.2672275900840759,0.2568913698196411,0.15674163401126862,0.048795267939567566,0.0,0,4.5908074378967285,0.2662564516067505,-0.21201986074447632,0.023291729390621185,87.71227264404297,1,0.01248370110988617,-0.244886577129364,0.20510998368263245,0.022945865988731384,86.36322021484375,1,0.029712125658988953,-0.3145468533039093,-0.13153818249702454,0.041427046060562134,0.0,0,2.254826784133911
555,11.1,walk,0.5,0.0,-0.5,0.3547225892543793,-0.5456429123878479,-1.7938481569290161,0.4396316707134247,0.31854447722435,1.252120310487081,-2.0793379678022537,2,0,0,-0.3798876702785492,0.22127218544483185,0.43269026279449463,-0.060150980949401855,-0.31854447722435,0.0,0.28680479526519775,0.3370938301086426,0.14384204149246216,0.07462217658758163,0.0,0,4.134350776672363,0.26001954078674316,-0.2060452401638031,0.02329219877719879,79.36302185058594,1,0.018740283325314522,-0.2530948519706726,0.20782357454299927,0.022903233766555786,87.40138244628906,1,0.03277130424976349,-0.2727927565574646,-0.11951032280921936,0.0485718697309494,0.0,0,2.440007448196411
556,11.120000000000001,walk,0.5,0.0,-0.5,0.3536955714225769,-0.5535175800323486,-1.7894837856292725,0.4693625867366791,0.3716658353805542,2.0685586486315044,-2.022535553343489,2,0,0,-0.40750202536582947,0.23290196061134338,0.4633573293685913,-0.05678340792655945,-0.3716658353805542,0.0,0.32970112562179565,0.39375534653663635,0.1368868499994278,0.08711852878332138,0.0,0,2.7230887413024902,0.25285279750823975,-0.19862037897109985,0.023277416825294495,79.75794982910156,1,0.008913137018680573,-0.2622765302658081,0.21184581518173218,0.0228547602891922,90.11808013916016,1,0.03436047211289406,-0.23065245151519775,-0.1030796617269516,0.052584804594516754,0.0,0,2.4416005611419678
557,11.14,walk,0.5,0.0,-0.5,0.3526897728443146,-0.5622109174728394,-1.7848021984100342,0.5139287114143372,0.456339955329895,2.712521263298177,-2.325385287368208,2,0,0,-0.4480847716331482,0.2516798675060272,0.5087044835090637,-0.05418175458908081,-0.456339955329895,0.0,0.3524971008300781,0.4138651192188263,0.134915292263031,0.08902270346879959,0.0,0,1.0670894384384155,0.24320168793201447,-0.19185706973075867,0.02323249727487564,83.9095687866211,1,0.00896356999874115,-0.27471569180488586,0.21414482593536377,0.022796504199504852,91.85723876953125,1,0.03347668796777725,-0.2021961212158203,-0.08849763870239258,0.054721541702747345,0.0,0,1.726378321647644
558,11.16,walk,0.5,0.0,-0.5,0.3520425260066986,-0.5716694593429565,-1.779893398284912,0.5467429161071777,0.44404128193855286,2.875220211309289,-3.05764645319069,2,0,0,-0.481975257396698,0.25812336802482605,0.5436675548553467,-0.04293173551559448,-0.44404128193855286,0.0,0.34136393666267395,0.3976500928401947,0.13054680824279785,0.0738731175661087,0.0,0,0.7958196997642517,0.23056510090827942,-0.18792596459388733,0.02317650616168976,90.27678680419922,1,0.01880180649459362,-0.29046300053596497,0.2131422460079193,0.022735700011253357,88.28305053710938,1,0.035477083176374435,-0.19765277206897736,-0.07752057164907455,0.045114532113075256,0.0,0,0.8473567962646484
559,11.18,walk,0.5,0.0,-0.5,0.3520345985889435,-0.5814579129219055,-1.7751041650772095,0.5519365668296814,0.34139010310173035,2.460910754653247,-4.008634181899075,3,0,0,-0.4958851635456085,0.24234668910503387,0.5515300035476685,-0.01949116587638855,-0.34139010310173035,0.0,0.32484889030456543,0.3491002023220062,0.1151612177491188,0.03313881531357765,0.0,0,2.3035428524017334,0.2162211537361145,-0.18807291984558105,0.02315487712621689,95.88692474365234,1,0.02471044473350048,-0.30735552310943604,0.20887112617492676,0.022675812244415283,82.2910385131836,1,0.03796854987740517,-0.21135973930358887,-0.07166656851768494,0.023166686296463013,44.24302673339844,1,0.28638339042663574
560,11.200000000000001,walk,0.5,0.0,-0.5,0.35314345359802246,-0.5906909108161926,-1.7706609964370728,0.49134695529937744,0.28112760186195374,1.6253366810536813,-4.095479183422142,4,0,0,-0.44212591648101807,0.2143513262271881,0.49660950899124146,-0.014778703451156616,-0.28112760186195374,0.0,0.3141385614871979,0.3294069170951843,0.10835245996713638,0.023546915501356125,61.14208221435547,1,0.02139461785554886,0.20761652290821075,-0.19157078862190247,0.023076437413692474,52.516807556152344,1,0.060057755559682846,-0.31849193572998047,0.20279717445373535,0.022590190172195435,55.38038635253906,1,0.05601440742611885,-0.22088158130645752,-0.0773073360323906,0.023341692984104156,74.06127166748047,1,0.03158839792013168
561,11.22,walk,0.5,0.0,-0.5,0.3546474277973175,-0.5989635586738586,-1.7666598558425903,0.439664363861084,0.43695467710494995,0.8075360403349578,-3.8377804149057915,2,0,0,-0.3927114009857178,0.19769297540187836,0.44260895252227783,-0.015000790357589722,-0.43695467710494995,0.0,0.2946341335773468,0.32119736075401306,0.10628114640712738,0.023595336824655533,77.84962463378906,1,0.01198628731071949,0.230861097574234,-0.19924533367156982,0.04075902700424194,0.0,0,2.0043883323669434,-0.3219308853149414,0.205659419298172,0.028420157730579376,0.0,0,0.8244256377220154,-0.2272460013628006,-0.08320694416761398,0.02329682558774948,78.96460723876953,1,0.031959693878889084
562,11.24,walk,0.5,0.0,-0.5,0.35534945130348206,-0.6065077185630798,-1.7631709575653076,0.4038659930229187,0.4086360037326813,0.037581471726715464,-3.737845355838396,2,0,0,-0.3638090193271637,0.1753588616847992,0.4047360122203827,-0.0025181472301483154,-0.4086360037326813,0.0,0.2791031002998352,0.31281524896621704,0.10453291237354279,0.023568958044052124,76.10725402832031,1,0.011847350746393204,0.276658296585083,-0.21605899930000305,0.07125554978847504,0.0,0,2.6828720569610596,-0.30107203125953674,0.21614181995391846,0.05553882569074631,0.0,0,1.8049404621124268,-0.23358821868896484,-0.08939852565526962,0.02326381206512451,83.53436279296875,1,0.024406438693404198
563,11.26,walk,0.5,0.0,-0.5,0.356109619140625,-0.6137906312942505,-1.759734034538269,0.4048042297363281,0.45528730750083923,-0.5654663454651839,-3.731386985091326,2,0,0,-0.3614685833454132,0.18222768604755402,0.406838983297348,-0.0056999921798706055,-0.45528730750083923,0.0,0.286417692899704,0.30414509773254395,0.10366610437631607,0.02358125150203705,71.98765563964844,1,0.020143624395132065,0.3112551271915436,-0.2314344346523285,0.09640861302614212,0.0,0,1.6777626276016235,-0.28877928853034973,0.2318473756313324,0.07654379308223724,0.0,0,1.253227710723877,-0.2402113825082779,-0.09472543001174927,0.02324400097131729,86.35655975341797,1,0.02402411587536335
564,11.28,walk,0.5,0.0,-0.5,0.35701122879981995,-0.6211375594139099,-1.756181001663208,0.4105532169342041,0.4639250636100769,-0.7629005940263659,-3.737715582244166,2,0,0,-0.36405688524246216,0.18978023529052734,0.41274014115333557,-0.007331281900405884,-0.4639250636100769,0.0,0.2903124988079071,0.2952664792537689,0.10523655265569687,0.023559972643852234,66.49239349365234,1,0.019262300804257393,0.3272768557071686,-0.24142643809318542,0.11286186426877975,0.0,0,0.9430229067802429,-0.28132200241088867,0.23974135518074036,0.09140068292617798,0.0,0,0.8473997116088867,-0.24695053696632385,-0.09787535667419434,0.023185335099697113,84.5046157836914,1,0.028242966160178185
565,11.3,walk,0.5,0.0,-0.5,0.35778921842575073,-0.6284716725349426,-1.7525891065597534,0.4076581597328186,0.463623583316803,-0.7331096033834446,-3.6967148104302257,2,0,0,-0.3606829345226288,0.189981609582901,0.409066379070282,-0.005360335111618042,-0.463623583316803,0.0,0.2917708158493042,0.28665024042129517,0.10805400460958481,0.023530341684818268,67.09259033203125,1,0.014398560859262943,0.33502182364463806,-0.24992772936820984,0.12430678308010101,0.0,0,0.7945331335067749,-0.2717135548591614,0.2427772581577301,0.10363927483558655,0.0,0,0.9628643989562988,-0.2533993124961853,-0.09980745613574982,0.023140713572502136,81.19914245605469,1,0.030760103836655617
566,11.32,walk,0.5,0.0,-0.5,0.35842201113700867,-0.6356887817382812,-1.7490233182907104,0.4006705582141876,0.48665058612823486,-0.7446916832250821,-3.669853383971858,2,0,0,-0.35378432273864746,0.1880785971879959,0.4018297791481018,-0.0029726028442382812,-0.48665058612823486,0.0,0.2955305278301239,0.27803194522857666,0.11058157682418823,0.023518607020378113,73.96903991699219,1,0.018054205924272537,0.34282535314559937,-0.256976842880249,0.13424453139305115,0.0,0,0.7866014838218689,-0.25990408658981323,0.24439525604248047,0.11461735516786575,0.0,0,1.0539801120758057,-0.25976914167404175,-0.1021331399679184,0.023097343742847443,80.4022445678711,1,0.030596498399972916
567,11.34,walk,0.5,0.0,-0.5,0.35906529426574707,-0.6427914500236511,-1.74546217918396,0.39700233936309814,0.5143157839775085,-0.8478395458841751,-3.6942341711010416,2,0,0,-0.3491257131099701,0.1890029013156891,0.39838486909866333,-0.001819908618927002,-0.5143157839775085,0.0,0.3009238839149475,0.2691694498062134,0.11258217692375183,0.02349567413330078,74.86650085449219,1,0.020672345533967018,0.3512478768825531,-0.261812686920166,0.14215192198753357,0.0,0,0.7255885004997253,-0.24948075413703918,0.24474257230758667,0.12285192310810089,0.0,0,0.9627500176429749,-0.26625823974609375,-0.10519029200077057,0.02305515855550766,81.04674530029297,1,0.030418144538998604
568,11.36,walk,0.5,0.0,-0.5,0.35975396633148193,-0.6498374342918396,-1.741862177848816,0.3964504599571228,0.5322567224502563,-0.9535769040123491,-3.7424984222104674,2,0,0,-0.34691762924194336,0.19188830256462097,0.3979697525501251,-0.0011320114135742188,-0.5322567224502563,0.0,0.30557990074157715,0.2601565420627594,0.1145688146352768,0.02346883714199066,75.07664489746094,1,0.022115400061011314,0.3584958612918854,-0.26468491554260254,0.14738228917121887,0.0,0,0.6245792508125305,-0.24160301685333252,0.24359893798828125,0.1279473751783371,0.0,0,0.8524875640869141,-0.2727820873260498,-0.10844224691390991,0.0230119451880455,81.1280746459961,1,0.03105926886200905
569,11.38,walk,0.5,0.0,-0.5,0.3604334592819214,-0.6568624973297119,-1.7381993532180786,0.39729464054107666,0.5433542132377625,-1.0258563136869512,-3.7873548358108797,2,0,0,-0.3459460437297821,0.19535699486732483,0.3986925184726715,-0.00033974647521972656,-0.5433542132377625,0.0,0.30884382128715515,0.2511206567287445,0.11671444773674011,0.023439578711986542,75.75756072998047,1,0.022571971639990807,0.3640187084674835,-0.2663496732711792,0.15053759515285492,0.0,0,0.5390264987945557,-0.23550325632095337,0.2416674792766571,0.13099218904972076,0.0,0,0.7914881706237793,-0.2792370617389679,-0.11164308339357376,0.022967249155044556,80.59478759765625,1,0.03197770193219185
570,11.4,walk,0.5,0.0,-0.5,0.36105871200561523,-0.6638856530189514,-1.7344555854797363,0.39939337968826294,0.5529431700706482,-1.071834158971715,-3.8158926468236625,2,0,0,-0.3458826243877411,0.1997004598379135,0.4005342423915863,0.0001856088638305664,-0.5529431700706482,0.0,0.31089264154434204,0.24211785197257996,0.1189604103565216,0.02340877801179886,76.54486846923828,1,0.02285872958600521,0.368096262216568,-0.2673247456550598,0.15233083069324493,0.0,0,0.4758220613002777,-0.2306033968925476,0.23989984393119812,0.13279074430465698,0.0,0,0.7511593103408813,-0.28557711839675903,-0.11481254547834396,0.022920966148376465,79.86334228515625,1,0.03292637690901756
571,11.42,walk,0.5,0.0,-0.5,0.36161014437675476,-0.6709275245666504,-1.730606198310852,0.4031835198402405,0.562608540058136,-1.0931405072007467,-3.819938680133249,2,0,0,-0.34690895676612854,0.20545348525047302,0.40401139855384827,0.00014063715934753418,-0.562608540058136,0.0,0.31189119815826416,0.2331671416759491,0.12130116671323776,0.023377031087875366,77.37001037597656,1,0.02317703701555729,0.3710082471370697,-0.2678285241127014,0.1530672162771225,0.0,0,0.42505890130996704,-0.22669123113155365,0.23871716856956482,0.13363492488861084,0.0,0,0.716930627822876,-0.2917819321155548,-0.11795201152563095,0.022873394191265106,79.02172088623047,1,0.03394559398293495
572,11.44,walk,0.5,0.0,-0.5,0.3620779812335968,-0.6780099272727966,-1.7266207933425903,0.4087866246700287,0.5722544193267822,-1.0820633277491614,-3.792513763068355,2,0,0,-0.3489934504032135,0.21286159753799438,0.4092714190483093,-0.0006313025951385498,-0.5722544193267822,0.0,0.3119800388813019,0.2242748737335205,0.12379161268472672,0.02334383875131607,78.2737045288086,1,0.023528940975666046,0.37292638421058655,-0.26793748140335083,0.1528206318616867,0.0,0,0.38330262899398804,-0.22355937957763672,0.2381206750869751,0.13364055752754211,0.0,0,0.6927915215492249,-0.2978411316871643,-0.12100961059331894,0.022823825478553772,78.01683807373047,1,0.03504756838083267
573,11.46,walk,0.5,0.0,-0.5,0.3624557554721832,-0.6851519346237183,-1.7224653959274292,0.4160597026348114,0.5812773108482361,-1.033168458080273,-3.7296858411011695,2,0,0,-0.35186073184013367,0.22203537821769714,0.41616272926330566,-0.0023025572299957275,-0.5812773108482361,0.0,0.3113666772842407,0.2154327630996704,0.1264738291501999,0.02330903708934784,79.27063751220703,1,0.023926010355353355,0.3740117847919464,-0.26767075061798096,0.15160292387008667,0.0,0,0.3502807021141052,-0.22092774510383606,0.23795127868652344,0.13285276293754578,0.0,0,0.6819587349891663,-0.3037625253200531,-0.12394092977046967,0.02277226746082306,75.84164428710938,1,0.03605695441365242
574,11.48,walk,0.5,0.0,-0.5,0.3626994788646698,-0.6923561692237854,-1.7181031703948975,0.42433610558509827,0.587282121181488,-0.9624497466310188,-3.6443366510063364,2,0,0,-0.3545895218849182,0.2330823838710785,0.42387712001800537,-0.005438327789306641,-0.587282121181488,0.0,0.31029412150382996,0.20654582977294922,0.12926006317138672,0.02327243983745575,80.3003921508789,1,0.02454015240073204,0.37436938285827637,-0.2670894265174866,0.14936858415603638,0.0,0,0.324006587266922,-0.21858929097652435,0.23802196979522705,0.13122662901878357,0.0,0,0.6822933554649353,-0.3096429705619812,-0.12680679559707642,0.022719137370586395,71.95368957519531,1,0.03647693619132042
575,11.5,walk,0.5,0.0,-0.5,0.3627638518810272,-0.699609637260437,-1.7134957313537598,0.43323737382888794,0.5922802090644836,-0.8739768655688156,-3.549119971994951,2,0,0,-0.3565526604652405,0.24609923362731934,0.4320995807647705,-0.01040637493133545,-0.5922802090644836,0.0,0.3089868128299713,0.19753390550613403,0.13214462995529175,0.02323407679796219,81.5457992553711,1,0.02513975463807583,0.37403732538223267,-0.2661612033843994,0.14587445557117462,0.0,0,0.297867089509964,-0.21646055579185486,0.23808807134628296,0.12849940359592438,0.0,0,0.6850763559341431,-0.31557029485702515,-0.12959030270576477,0.022664986550807953,68.92874908447266,1,0.03669676184654236
576,11.52,walk,0.5,0.0,-0.5,0.3626348078250885,-0.706895112991333,-1.708605170249939,0.44273385405540466,0.5959058403968811,-0.7544688855785437,-3.442716937226965,2,0,0,-0.3576183021068573,0.26100268959999084,0.4408193528652191,-0.017168283462524414,-0.5959058403968811,0.0,0.3075235188007355,0.1883985698223114,0.13522954285144806,0.023193910717964172,83.05078125,1,0.025686563923954964,0.3729317784309387,-0.2647121548652649,0.14079289138317108,0.0,0,0.2634904682636261,-0.21443292498588562,0.23783114552497864,0.12432485073804855,0.0,0,0.6930142641067505,-0.3215498626232147,-0.13217541575431824,0.022609397768974304,66.38793182373047,1,0.03691817820072174
577,11.540000000000001,walk,0.5,0.0,-0.5,0.3623100519180298,-0.7141943573951721,-1.7033941745758057,0.452957421541214,0.5973777770996094,-0.5935013371611773,-3.3224678283508937,2,0,0,-0.35779091715812683,0.2777698338031769,0.45011985301971436,-0.025679737329483032,-0.5973777770996094,0.0,0.3059484660625458,0.17915219068527222,0.13859707117080688,0.023151710629463196,84.80736541748047,1,0.026293832808732986,0.37074118852615356,-0.2625594139099121,0.13368041813373566,0.0,0,0.21108144521713257,-0.21242253482341766,0.23702159523963928,0.11838538199663162,0.0,0,0.707377552986145,-0.32758185267448425,-0.13445627689361572,0.02255214750766754,63.85365676879883,1,0.037137843668460846
578,11.56,walk,0.5,0.0,-0.5,0.36179858446121216,-0.7214881777763367,-1.6978213787078857,0.4641466438770294,0.5964215397834778,-0.3893468494673639,-3.1901975865356005,2,0,0,-0.35706430673599243,0.29654204845428467,0.4601929783821106,-0.03604215383529663,-0.5964215397834778,0.0,0.30441099405288696,0.16978144645690918,0.1422756314277649,0.02310757339000702,86.84646606445312,1,0.027129346504807472,0.36671215295791626,-0.2595292329788208,0.12367123365402222,0.0,0,0.12217680364847183,-0.21057048439979553,0.23549890518188477,0.1101536750793457,0.0,0,0.7219114899635315,-0.33369722962379456,-0.13637074828147888,0.022493377327919006,61.19989013671875,1,0.03734654188156128
579,11.58,walk,0.5,0.0,-0.5,0.36115562915802,-0.7287572026252747,-1.6918456554412842,0.47678595781326294,0.5940336585044861,-0.1502034637701173,-3.0484528051244415,2,0,0,-0.35559970140457153,0.3176061809062958,0.47155216336250305,-0.0483892560005188,-0.5940336585044861,0.0,0.3035162091255188,0.1602674126625061,0.14623554050922394,0.02306097000837326,89.44837188720703,1,0.02839970774948597,0.3588426113128662,-0.25545358657836914,0.10866550356149673,0.0,0,0.1346351057291031,-0.20951852202415466,0.23285838961601257,0.09840591996908188,0.0,0,0.7262682914733887,-0.33993467688560486,-0.1379082053899765,0.022432468831539154,58.74469757080078,1,0.03772176057100296
580,11.6,walk,0.5,0.0,-0.5,0.36052870750427246,-0.7359856963157654,-1.685407280921936,0.4922437071800232,0.5990662574768066,0.13167182653055046,-2.908334675952803,2,0,0,-0.35363543033599854,0.3424118459224701,0.48554080724716187,-0.06374520063400269,-0.5990662574768066,0.0,0.30555298924446106,0.1505228579044342,0.1505638062953949,0.023011192679405212,93.04497528076172,1,0.03109848126769066,0.34178483486175537,-0.24939289689064026,0.08405651897192001,0.0,0,0.6593915820121765,-0.21116888523101807,0.22806978225708008,0.08032149821519852,0.0,0,0.7280242443084717,-0.34638550877571106,-0.13897575438022614,0.022368907928466797,55.99724578857422,1,0.03847852349281311
581,11.620000000000001,walk,0.5,0.0,-0.5,0.3600422739982605,-0.7431426644325256,-1.678443193435669,0.5103210806846619,0.6403840780258179,0.4968798269757373,-2.7894507511370885,2,0,0,-0.349568247795105,0.3717924952507019,0.501129150390625,-0.08352744579315186,-0.6403840780258179,0.0,0.3210497796535492,0.14035023748874664,0.15561243891716003,0.02298886328935623,91.7061538696289,1,0.038617443293333054,0.3031410276889801,-0.23718273639678955,0.042573899030685425,0.0,0,1.9642372131347656,-0.2199307084083557,0.21773159503936768,0.050859175622463226,0.0,0,0.9605057835578918,-0.35313910245895386,-0.13939982652664185,0.022304080426692963,48.6363410949707,1,0.03912084549665451
582,11.64,walk,0.5,0.0,-0.5,0.35853445529937744,-0.7500328421592712,-1.6710424423217773,0.4927124083042145,0.7284979224205017,0.9504711956524031,-2.592397659148105,4,0,0,-0.32183513045310974,0.3730786442756653,0.47830328345298767,-0.0933142900466919,-0.7284979224205017,0.0,0.30414822697639465,0.13026218116283417,0.1616111695766449,0.022941403090953827,60.12931442260742,1,0.035880494862794876,0.2703440189361572,-0.21346673369407654,0.023262374103069305,85.80718994140625,1,0.02328246831893921,-0.23578554391860962,0.2060185968875885,0.02307289093732834,74.7057113647461,1,0.06037989631295204,-0.3592678904533386,-0.13964535295963287,0.022243939340114594,21.910497665405273,1,0.03391740843653679
583,11.66,walk,0.5,0.0,-0.5,0.35679304599761963,-0.756062388420105,-1.6642247438430786,0.4411071538925171,0.5086362957954407,1.8156062212580786,-2.414684034350601,2,0,0,-0.27922335267066956,0.3414818346500397,0.4280080497264862,-0.08946365118026733,-0.5086362957954407,0.0,0.25916144251823425,0.18837538361549377,0.16509553790092468,0.04503335803747177,0.0,0,4.30970573425293,0.26453590393066406,-0.20395731925964355,0.023262590169906616,85.69168853759766,1,0.013244018889963627,-0.2451382279396057,0.21009919047355652,0.022953689098358154,87.02261352539062,1,0.033186353743076324,-0.33434829115867615,-0.1292612999677658,0.035577207803726196,0.0,0,1.451352834701538
584,11.68,walk,0.5,0.0,-0.5,0.355980783700943,-0.7616307139396667,-1.657758116722107,0.42836007475852966,0.3483096957206726,1.9667749561765626,-2.3760627296887638,2,0,0,-0.2774093747138977,0.32639914751052856,0.41938385367393494,-0.07673722505569458,-0.3483096957206726,0.0,0.2565653920173645,0.2748161852359772,0.15332897007465363,0.061255570501089096,0.0,0,4.899185657501221,0.25793278217315674,-0.1996811330318451,0.023302383720874786,78.27039337158203,1,0.037217579782009125,-0.25412964820861816,0.2106582224369049,0.022916078567504883,82.8736801147461,1,0.03370894864201546,-0.2938358187675476,-0.12163388729095459,0.051464907824993134,0.0,0,2.216299533843994
585,11.700000000000001,walk,0.5,0.0,-0.5,0.3555673360824585,-0.7673178315162659,-1.651363492012024,0.4401393532752991,0.3332710862159729,2.420566748216686,-2.256346589011365,2,0,0,-0.29018792510032654,0.33092841506004333,0.43282365798950195,-0.06934356689453125,-0.3332710862159729,0.0,0.29590973258018494,0.35567188262939453,0.13907399773597717,0.08101388812065125,0.0,0,4.070048809051514,0.2515653967857361,-0.1941719651222229,0.02328108251094818,77.81044006347656,1,0.018536455929279327,-0.26239073276519775,0.21302425861358643,0.02286449819803238,87.8261489868164,1,0.03797689080238342,-0.2524435818195343,-0.11002511531114578,0.05759083479642868,0.0,0,2.4135005474090576
586,11.72,walk,0.5,0.0,-0.5,0.3550655245780945,-0.7735568881034851,-1.6445847749710083,0.48419472575187683,0.4330829083919525,3.0014006991492814,-2.2788279432210508,2,0,0,-0.322822630405426,0.3608740568161011,0.477558434009552,-0.06775188446044922,-0.4330829083919525,0.0,0.341116726398468,0.4055821895599365,0.13266825675964355,0.0925586074590683,0.0,0,2.2946524620056152,0.24398842453956604,-0.18771401047706604,0.02325301617383957,79.7121810913086,1,0.00838977936655283,-0.2723461985588074,0.21556803584098816,0.02280404418706894,89.68904113769531,1,0.03762199357151985,-0.2160792499780655,-0.09629952162504196,0.060736365616321564,0.0,0,2.1107871532440186
587,11.74,walk,0.5,0.0,-0.5,0.35459619760513306,-0.7805762887001038,-1.6371617317199707,0.5310994982719421,0.49516087770462036,3.3324610354368573,-2.717635580882636,2,0,0,-0.35825851559638977,0.3920682966709137,0.525877833366394,-0.06456887722015381,-0.49516087770462036,0.0,0.35347577929496765,0.4139973521232605,0.13118261098861694,0.08973392099142075,0.0,0,0.5907238125801086,0.23347537219524384,-0.18234851956367493,0.02320031076669693,85.15238952636719,1,0.010491535998880863,-0.2860364317893982,0.21588298678398132,0.02273710072040558,89.97161102294922,1,0.03735053166747093,-0.1984812170267105,-0.0847916305065155,0.057505786418914795,0.0,0,1.264248251914978
588,11.76,walk,0.5,0.0,-0.5,0.3545711636543274,-0.78823322057724,-1.6293601989746094,0.5593451857566833,0.42076390981674194,3.106618269209447,-3.5648306877464493,2,0,0,-0.3883572220802307,0.40254899859428406,0.5575160384178162,-0.04919153451919556,-0.42076390981674194,0.0,0.3343123495578766,0.38384607434272766,0.12405052781105042,0.0645570456981659,0.0,0,1.4167813062667847,0.21992969512939453,-0.18057841062545776,0.02315034717321396,91.91558074951172,1,0.011357221752405167,-0.302672803401947,0.21271201968193054,0.02267095446586609,84.3922348022461,1,0.039281830191612244,-0.20429177582263947,-0.07590212672948837,0.040424033999443054,0.0,0,0.6273325085639954
589,11.78,walk,0.5,0.0,-0.5,0.3553522527217865,-0.7960184812545776,-1.6218371391296387,0.5386296510696411,0.3167174756526947,2.5761183301482027,-4.322031008662764,4,0,0,-0.38770145177841187,0.3739110827445984,0.5417866706848145,-0.025873005390167236,-0.3167174756526947,0.0,0.3255585730075836,0.3315492272377014,0.10823237895965576,0.02277310937643051,31.81597900390625,1,1.5578936338424683,0.20656836032867432,-0.18159419298171997,0.02310442179441452,95.94596862792969,1,0.10674569755792618,-0.31824663281440735,0.20809656381607056,0.022603824734687805,74.78462219238281,1,0.0434708371758461,-0.21962344646453857,-0.0753016471862793,0.02333591878414154,38.12411880493164,1,0.03134826570749283
590,11.8,walk,0.5,0.0,-0.5,0.3568601608276367,-0.8030890822410583,-1.6150102615356445,0.465696781873703,0.38235795497894287,1.8298478060077898,-4.1102443448604165,3,0,0,-0.3297966718673706,0.32879725098609924,0.46993178129196167,-0.026962995529174805,-0.38235795497894287,0.0,0.3111232817173004,0.3218252956867218,0.1060103178024292,0.023558195680379868,85.9874038696289,1,0.01200113445520401,0.22309699654579163,-0.187100350856781,0.03126516938209534,0.0,0,1.6893349885940552,-0.3274652361869812,0.20242807269096375,0.02250925451517105,17.334375381469727,1,0.056775763630867004,-0.22689510881900787,-0.08046804368495941,0.023296155035495758,82.14280700683594,1,0.0321764200925827
591,11.82,walk,0.5,0.0,-0.5,0.357903391122818,-0.8094251155853271,-1.6088578701019287,0.4270835816860199,0.3361522853374481,0.9280218579544521,-3.825890336221269,2,0,0,-0.30239996314048767,0.30158689618110657,0.4281378388404846,-0.01980692148208618,-0.3361522853374481,0.0,0.2867152690887451,0.31419259309768677,0.10340443253517151,0.023546110838651657,78.73226928710938,1,0.014678504317998886,0.2687215805053711,-0.19987449049949646,0.060878969728946686,0.0,0,2.634215831756592,-0.312022864818573,0.2048194408416748,0.041166484355926514,0.0,0,1.4943203926086426,-0.23273658752441406,-0.08680760860443115,0.02325497567653656,81.67585754394531,1,0.02841344103217125
592,11.84,walk,0.5,0.0,-0.5,0.35857558250427246,-0.8154553174972534,-1.6030445098876953,0.4173226058483124,0.3564254939556122,0.2477049744610047,-3.7154244061141832,2,0,0,-0.29606133699417114,0.2941187620162964,0.4182289242744446,-0.015163630247116089,-0.3564254939556122,0.0,0.28726011514663696,0.30600905418395996,0.10180743038654327,0.023565612733364105,73.59745788574219,1,0.013420273549854755,0.3082233965396881,-0.2176198959350586,0.08900950849056244,0.0,0,2.062483787536621,-0.2940141260623932,0.2197856307029724,0.06423406302928925,0.0,0,1.5777074098587036,-0.23918834328651428,-0.0919947624206543,0.02321772277355194,85.89680480957031,1,0.024808334186673164
593,11.86,walk,0.5,0.0,-0.5,0.35936158895492554,-0.8214773535728455,-1.597188115119934,0.4228198528289795,0.39962464570999146,-0.13608572955996542,-3.7087683867680057,2,0,0,-0.2964234948158264,0.3015124201774597,0.42459648847579956,-0.01682990789413452,-0.39962464570999146,0.0,0.2923351228237152,0.29716822504997253,0.10204526782035828,0.0235539972782135,73.28414154052734,1,0.018381228670477867,0.32941198348999023,-0.2315528690814972,0.10992837697267532,0.0,0,1.177887201309204,-0.2836564779281616,0.23239633440971375,0.0819363221526146,0.0,0,1.0451968908309937,-0.24620117247104645,-0.095675989985466,0.02317500114440918,85.8139419555664,1,0.02710629254579544
594,11.88,walk,0.5,0.0,-0.5,0.36019885540008545,-0.8275249600410461,-1.5912882089614868,0.42297089099884033,0.4199868142604828,-0.2098097509244517,-3.712532674774329,2,0,0,-0.2953624725341797,0.3027629256248474,0.4245976209640503,-0.014876842498779297,-0.4199868142604828,0.0,0.2937389612197876,0.28817281126976013,0.10416743159294128,0.023533806204795837,68.53944396972656,1,0.017853571102023125,0.33774685859680176,-0.24248141050338745,0.12388458102941513,0.0,0,0.8441586494445801,-0.27506399154663086,0.238264799118042,0.09628020972013474,0.0,0,0.8907007575035095,-0.25325411558151245,-0.09778386354446411,0.023129306733608246,82.79989624023438,1,0.030505675822496414
595,11.9,walk,0.5,0.0,-0.5,0.36094361543655396,-0.8335123062133789,-1.5854473114013672,0.4166095554828644,0.4441574811935425,-0.1978574001246054,-3.7026092636839465,2,0,0,-0.2907960116863251,0.298330694437027,0.4179575741291046,-0.01118612289428711,-0.4441574811935425,0.0,0.2958829402923584,0.2792985439300537,0.10678006708621979,0.02351287752389908,71.76964569091797,1,0.017970241606235504,0.3435513377189636,-0.2512647807598114,0.13489234447479248,0.0,0,0.7729459404945374,-0.26506543159484863,0.24135500192642212,0.10864106565713882,0.0,0,0.9816274046897888,-0.2600901126861572,-0.09960353374481201,0.02308271825313568,80.53196716308594,1,0.03171533718705177
596,11.92,walk,0.5,0.0,-0.5,0.36166778206825256,-0.8394032716751099,-1.5796948671340942,0.4106226861476898,0.47405266761779785,-0.2724147579286861,-3.720212368722362,2,0,0,-0.28606781363487244,0.2945779860019684,0.4121570587158203,-0.007908433675765991,-0.47405266761779785,0.0,0.30061858892440796,0.27034130692481995,0.10888063907623291,0.023489393293857574,75.1851806640625,1,0.02005305327475071,0.3506444990634918,-0.25766903162002563,0.14380303025245667,0.0,0,0.7408438920974731,-0.25482413172721863,0.24298244714736938,0.11861205101013184,0.0,0,0.9831252694129944,-0.26688724756240845,-0.10217224061489105,0.023037530481815338,80.32376098632812,1,0.03167819231748581
597,11.94,walk,0.5,0.0,-0.5,0.36244088411331177,-0.8452262282371521,-1.5739755630493164,0.4085874855518341,0.49912258982658386,-0.39775860095620486,-3.763045338781158,2,0,0,-0.2832486629486084,0.29447227716445923,0.4103400707244873,-0.005698978900909424,-0.49912258982658386,0.0,0.30589279532432556,0.26125726103782654,0.11068277060985565,0.023463577032089233,75.09056091308594,1,0.02203003503382206,0.35792970657348633,-0.2616831958293915,0.15016791224479675,0.0,0,0.6710318326950073,-0.24603934586048126,0.24294844269752502,0.1254332959651947,0.0,0,0.9075788259506226,-0.27368414402008057,-0.10527321696281433,0.02299203723669052,80.49158477783203,1,0.0321645513176918
598,11.96,walk,0.5,0.0,-0.5,0.36322444677352905,-0.8510228395462036,-1.5682337284088135,0.40925031900405884,0.5163373947143555,-0.5054852783605716,-3.805837327704934,2,0,0,-0.2821030020713806,0.2964856028556824,0.4109768867492676,-0.003678441047668457,-0.5163373947143555,0.0,0.31016358733177185,0.25213533639907837,0.11256106197834015,0.023434288799762726,75.58490753173828,1,0.022838719189167023,0.36409980058670044,-0.263999879360199,0.15428325533866882,0.0,0,0.5894091129302979,-0.23878294229507446,0.2415812611579895,0.1297045350074768,0.0,0,0.8482034802436829,-0.28040891885757446,-0.10847125947475433,0.022945113480091095,80.1201171875,1,0.03308130428195
599,11.98,walk,0.5,0.0,-0.5,0.36396244168281555,-0.8568174242973328,-1.5624338388442993,0.4116249084472656,0.530273973941803,-0.5825513699828833,-3.836251733192178,2,0,0,-0.2820076644420624,0.29984453320503235,0.4131234288215637,-0.0017436742782592773,-0.530273973941803,0.0,0.31316077709198,0.2430138736963272,0.11456722021102905,0.02340308576822281,76.39224243164062,1,0.02317918837070465,0.36886999011039734,-0.2653336524963379,0.15684278309345245,0.0,0,0.5200583934783936,-0.23276329040527344,0.23981642723083496,0.13233402371406555,0.0,0,0.8042754530906677,-0.2870357036590576,-0.11166307330131531,0.022896505892276764,79.44886779785156,1,0.03406577184796333
600,12.0,walk,0.5,0.0,-0.5,0.3646235764026642,-0.8626271486282349,-1.5565468072891235,0.41568523645401,0.5432255268096924,-0.6308696756362873,-3.8482259085808566,2,0,0,-0.282725989818573,0.30472978949546814,0.4168604016304016,-0.00013768672943115234,-0.5432255268096924,0.0,0.31496894359588623,0.23389889299869537,0.1166815310716629,0.023370608687400818,77.30591583251953,1,0.02347617596387863,0.3723418712615967,-0.2660788297653198,0.15821145474910736,0.0,0,0.46163687109947205,-0.2279319167137146,0.23837432265281677,0.13376536965370178,0.0,0,0.7608926892280579,-0.2935605049133301,-0.11484725773334503,0.022846408188343048,78.64396667480469,1,0.03508271276950836
601,12.02,stop,0.0,0.0,0.0,0.3658139109611511,-0.868412971496582,-1.5504964590072632,0.41435861587524414,0.3331804871559143,-0.5723215075143495,-3.831775824851704,2,0,0,-0.28000393509864807,0.30543553829193115,0.4184683561325073,0.0011924505233764648,-0.3331804871559143,0.0,0.2929788827896118,0.22516565024852753,0.11879992485046387,0.023321636021137238,93.3284912109375,1,0.011860612779855728,0.36036670207977295,-0.25851333141326904,0.15299388766288757,0.0,0,0.6202515959739685,-0.23341315984725952,0.23341113328933716,0.12896570563316345,0.0,0,0.28515833616256714,-0.3002675771713257,-0.11677992343902588,0.022792592644691467,75.64043426513672,1,0.037432193756103516
602,12.040000000000001,stop,0.0,0.0,0.0,0.36760687828063965,-0.8737244009971619,-1.5446139574050903,0.3828712999820709,0.2256634682416916,-0.6403623579221356,-3.688694460797338,2,0,0,-0.25031742453575134,0.28970956802368164,0.3877818286418915,-0.007859617471694946,-0.2256634682416916,0.0,0.26434430480003357,0.21796873211860657,0.11955970525741577,0.023287959396839142,95.11962127685547,1,0.007353164721280336,0.33924928307533264,-0.24630093574523926,0.13439743220806122,0.0,0,0.9408199787139893,-0.246456578373909,0.22754329442977905,0.11705227196216583,0.0,0,0.33557868003845215,-0.30613040924072266,-0.11852897703647614,0.02273247390985489,61.97146224975586,1,0.03770116716623306
603,12.06,stop,0.0,0.0,0.0,0.3693971633911133,-0.878262460231781,-1.5390751361846924,0.34408020973205566,0.14872875809669495,-1.072243436713387,-3.4270222297313335,2,0,0,-0.2106974869966507,0.27202531695365906,0.3471076190471649,-0.02377191185951233,-0.14872875809669495,0.0,0.2481701821088791,0.21241378784179688,0.1179572194814682,0.023256585001945496,95.33052062988281,1,0.007803765591233969,0.3203302025794983,-0.2336774468421936,0.10801245272159576,0.0,0,0.9394323229789734,-0.2559109330177307,0.22092792391777039,0.10492255538702011,0.0,0,0.2724481523036957,-0.31073617935180664,-0.12172190845012665,0.02267473191022873,48.55951690673828,1,0.033799659460783005
604,12.08,stop,0.0,0.0,0.0,0.3706437349319458,-0.8820213675498962,-1.5337163209915161,0.3181455731391907,0.11724189668893814,-1.7506768421823506,-3.122964832883991,2,0,0,-0.1740032434463501,0.26634466648101807,0.3163236379623413,-0.04663887619972229,-0.11724189668893814,0.0,0.24268390238285065,0.20783403515815735,0.11500948667526245,0.02322925627231598,90.73320007324219,1,0.008009489625692368,0.30384230613708496,-0.22128087282180786,0.08135026693344116,0.0,0,0.9348419904708862,-0.2596632242202759,0.21255633234977722,0.09379065036773682,0.0,0,0.4251328408718109,-0.3145647644996643,-0.12576863169670105,0.022624991834163666,41.24490737915039,1,0.028788773342967033
605,12.1,stop,0.0,0.0,0.0,0.37103602290153503,-0.8851181864738464,-1.5283727645874023,0.30377617478370667,0.11793989688158035,-2.4170071524420518,-2.7671523179311124,2,0,0,-0.14331771433353424,0.26784324645996094,0.2947779893875122,-0.071321040391922,-0.11793989688158035,0.0,0.24402661621570587,0.20400024950504303,0.11251066625118256,0.02320019155740738,82.59707641601562,1,0.06022903695702553,0.2850339412689209,-0.20946380496025085,0.054372191429138184,0.0,0,1.059503436088562,-0.2609078586101532,0.20105984807014465,0.08055185526609421,0.0,0,0.6312329769134521,-0.3177022933959961,-0.12925855815410614,0.02258170396089554,38.86273956298828,1,0.024695096537470818
606,12.120000000000001,stop,0.0,0.0,0.0,0.370439350605011,-0.8876524567604065,-1.5229860544204712,0.29486867785453796,0.15648436546325684,-3.008222564026243,-2.337457433282794,3,0,0,-0.11577436327934265,0.2711896598339081,0.27720558643341064,-0.09622231125831604,-0.15648436546325684,0.0,0.2550271153450012,0.20083072781562805,0.11104364693164825,0.023182958364486694,77.49850463867188,1,0.06790579855442047,0.25644102692604065,-0.19691920280456543,0.023224040865898132,6.7541823387146,1,1.4264774322509766,-0.2621114253997803,0.18361559510231018,0.06248403340578079,0.0,0,0.957147479057312,-0.3200693726539612,-0.13200640678405762,0.022545218467712402,36.04508590698242,1,0.02081260085105896
607,12.14,stop,0.0,0.0,0.0,0.36907780170440674,-0.889724850654602,-1.5180201530456543,0.2548932731151581,0.24218802154064178,-2.80133656095338,-2.0874567148478715,3,0,0,-0.09249836951494217,0.23751765489578247,0.2371889352798462,-0.09017091989517212,-0.24218802154064178,0.0,0.25268498063087463,0.19693055748939514,0.11486124992370605,0.023182958364486694,61.102664947509766,1,0.015277509577572346,0.25349271297454834,-0.19287395477294922,0.023294150829315186,80.57669830322266,1,0.012456298805773258,-0.2649818956851959,0.1633637249469757,0.03686528652906418,0.0,0,1.2958903312683105,-0.322839617729187,-0.13035905361175537,0.02251797914505005,26.481258392333984,1,0.03395974636077881
608,12.16,stop,0.0,0.0,0.0,0.3666263222694397,-0.8916156888008118,-1.5140323638916016,0.20952746272087097,0.11859969049692154,-1.9860077016622608,-2.552077344930227,3,0,0,-0.09100308269262314,0.18873313069343567,0.1960115134716034,-0.05998086929321289,-0.11859969049692154,0.0,0.24785377085208893,0.20404337346553802,0.12439791858196259,0.023424774408340454,0.0,0,1.2357405424118042,0.2470446527004242,-0.18600666522979736,0.023301832377910614,78.76383972167969,1,0.011892197653651237,-0.2725348472595215,0.15976175665855408,0.02278316020965576,55.59634017944336,1,0.01034513395279646,-0.31474560499191284,-0.13742557168006897,0.023774906992912292,0.0,0,1.305840253829956
609,12.18,stop,0.0,0.0,0.0,0.363540381193161,-0.8933779001235962,-1.5107208490371704,0.18044105172157288,0.0700126439332962,-1.6062164202458769,-3.0278922281754106,2,0,0,-0.08461333066225052,0.15937238931655884,0.16802434623241425,-0.04465079307556152,-0.0700126439332962,0.0,0.22527530789375305,0.22837458550930023,0.12993627786636353,0.03151613473892212,0.0,0,1.5256365537643433,0.2408190369606018,-0.18250900506973267,0.0232832133769989,87.09468078613281,1,0.03218209370970726,-0.2790833115577698,0.16254180669784546,0.02280658483505249,70.26516723632812,1,0.010362287983298302,-0.2821815013885498,-0.15533967316150665,0.0302017480134964,0.0,0,2.3295938968658447
610,12.200000000000001,stop,0.0,0.0,0.0,0.3605169355869293,-0.8951674103736877,-1.5078115463256836,0.17180658876895905,0.0030897404067218304,-1.0303717090585642,-3.5259148311766557,2,0,0,-0.09227927029132843,0.14492079615592957,0.1608647257089615,-0.027813270688056946,-0.0030897404067218304,0.0,0.22247791290283203,0.24185770750045776,0.13424105942249298,0.03072531521320343,0.0,0,0.7538205981254578,0.23463012278079987,-0.1783623993396759,0.02328932285308838,86.02092742919922,1,0.026229847222566605,-0.285228967666626,0.16636085510253906,0.022813208401203156,67.22480010986328,1,0.012286005541682243,-0.24854202568531036,-0.17268364131450653,0.030517809092998505,0.0,0,2.1543967723846436
611,12.22,stop,0.0,0.0,0.0,0.3575441539287567,-0.8970442414283752,-1.5049591064453125,0.17473295331001282,0.10889171808958054,-0.42865618896637403,-4.075202059323666,3,0,0,-0.097014881670475,0.14532624185085297,0.1633254736661911,-0.0231478214263916,0.10889171808958054,0.0,0.22526298463344574,0.2384096086025238,0.1366882175207138,0.02343469113111496,20.971635818481445,1,0.01010857056826353,0.22785797715187073,-0.17467084527015686,0.02327614277601242,81.41018676757812,1,0.03002273291349411,-0.2912442684173584,0.17061299085617065,0.022818610072135925,77.18684387207031,1,0.017636077478528023,-0.22240060567855835,-0.18045072257518768,0.028661556541919708,0.0,0,1.5131841897964478
612,12.24,stop,0.0,0.0,0.0,0.3551529049873352,-0.8987566828727722,-1.5020970106124878,0.16519354283809662,0.20778916776180267,-0.6130425617374367,-4.7077544160950096,4,0,0,-0.08648283779621124,0.14074666798114777,0.15520340204238892,-0.02858412265777588,0.20778916776180267,0.0,0.21843713521957397,0.2319771945476532,0.13532833755016327,0.02339255064725876,37.66130447387695,1,0.006561323534697294,0.22047241032123566,-0.17599153518676758,0.023259900510311127,74.15986633300781,1,0.037097830325365067,-0.2972538471221924,0.17098265886306763,0.022821694612503052,75.32984924316406,1,0.018169425427913666,-0.2167539894580841,-0.18369004130363464,0.023275531828403473,34.44702911376953,1,0.05575708672404289
613,12.26,stop,0.0,0.0,0.0,0.35310056805610657,-0.9003128409385681,-1.4993479251861572,0.15402238070964813,0.10238637030124664,-0.931390848762561,-4.962345875425826,3,0,0,-0.07903638482093811,0.13219736516475677,0.1421271115541458,-0.029696837067604065,0.10238637030124664,0.0,0.20706869661808014,0.22944334149360657,0.1355251669883728,0.02341184765100479,3.0706281661987305,0,0.1907040923833847,0.21561859548091888,-0.1778251826763153,0.023269206285476685,65.45410919189453,1,0.03701477870345116,-0.3010480999946594,0.1704828143119812,0.022815033793449402,70.23743438720703,1,0.01871655508875847,-0.22151881456375122,-0.18433533608913422,0.023279361426830292,17.624908447265625,1,0.002370078582316637
614,12.280000000000001,stop,0.0,0.0,0.0,0.35092929005622864,-0.9018824100494385,-1.4966115951538086,0.1559067964553833,0.10630800575017929,-1.106854353115369,-4.822637344160977,2,0,0,-0.08013156801462173,0.13373802602291107,0.1433659940958023,-0.03070928156375885,0.10630800575017929,0.0,0.1870746910572052,0.23009994626045227,0.13841386139392853,0.028447479009628296,0.0,0,0.24767304956912994,0.21314285695552826,-0.17862460017204285,0.023276135325431824,79.27641296386719,1,0.04079985246062279,-0.3027254343032837,0.1706048846244812,0.022802062332630157,76.0431137084961,1,0.024729564785957336,-0.22623535990715027,-0.1811058074235916,0.0232621431350708,3.434471368789673,0,0.21588154137134552
615,12.3,stop,0.0,0.0,0.0,0.3487653434276581,-0.903518795967102,-1.4938862323760986,0.15628814697265625,0.08248945325613022,-1.21170874921076,-4.5814428740003175,2,0,0,-0.08434315025806427,0.13157589733600616,0.14531360566616058,-0.02651818096637726,0.08248945325613022,0.0,0.1652081310749054,0.22521671652793884,0.1424953192472458,0.03176899254322052,0.0,0,0.41079720854759216,0.21123656630516052,-0.17899435758590698,0.023275285959243774,91.19117736816406,1,0.045586392283439636,-0.3039053678512573,0.17103400826454163,0.02278733253479004,74.623779296875,1,0.029011469334363937,-0.23192711174488068,-0.17516642808914185,0.025404267013072968,0.0,0,0.3783763647079468
616,12.32,stop,0.0,0.0,0.0,0.3466868996620178,-0.9052528142929077,-1.4913147687911987,0.1504233032464981,0.053962141275405884,-1.3063609771202678,-4.333696117991499,2,0,0,-0.0882936492562294,0.12178424745798111,0.14139369130134583,-0.017346307635307312,0.053962141275405884,0.0,0.1446934938430786,0.21550515294075012,0.14466170966625214,0.033284999430179596,0.0,0,0.5107155442237854,0.2094775140285492,-0.17934834957122803,0.023320205509662628,92.06830596923828,1,0.01828056573867798,-0.3050993084907532,0.17123696208000183,0.022773101925849915,70.96263885498047,1,0.03076590597629547,-0.23865577578544617,-0.16984175145626068,0.028201311826705933,0.0,0,0.3464077413082123
617,12.34,stop,0.0,0.0,0.0,0.3446679413318634,-0.9070598483085632,-1.4890179634094238,0.14109832048416138,0.02836911380290985,-1.3918477314938533,-4.087902369198481,2,0,0,-0.09118977934122086,0.10767154395580292,0.13330626487731934,-0.006039083003997803,0.02836911380290985,0.0,0.1298765391111374,0.20389042794704437,0.14373983442783356,0.0315389484167099,0.0,0,0.515305757522583,0.20795288681983948,-0.17972153425216675,0.023302145302295685,91.51932525634766,1,0.04110831767320633,-0.30627432465553284,0.17111942172050476,0.022758372128009796,66.08393096923828,1,0.03165178745985031,-0.24493755400180817,-0.16728079319000244,0.02940283715724945,0.0,0,0.2280445396900177
618,12.36,stop,0.0,0.0,0.0,0.3426319360733032,-0.9089206457138062,-1.4870648384094238,0.13006572425365448,0.007200774271041155,-1.4227672508145606,-3.8331649145741555,2,0,0,-0.09340950846672058,0.09050831198692322,0.12218235433101654,0.006851643323898315,0.007200774271041155,0.0,0.12211894243955612,0.19193752110004425,0.1396743655204773,0.024964764714241028,0.0,0,0.5363554954528809,0.20675122737884521,-0.17991942167282104,0.023314543068408966,89.45072174072266,1,0.0372694693505764,-0.30729326605796814,0.17091986536979675,0.02274557203054428,61.703365325927734,1,0.03278334066271782,-0.24817588925361633,-0.16734683513641357,0.02793145179748535,0.0,0,0.007531796582043171
619,12.38,stop,0.0,0.0,0.0,0.3405229151248932,-0.9107804298400879,-1.4854531288146973,0.11859957128763199,0.009695455431938171,-1.480690029740619,-3.576454815940165,3,0,0,-0.09218493849039078,0.0746176615357399,0.11009947955608368,0.01643206924200058,0.009695455431938171,0.0,0.11444467306137085,0.18938036262989044,0.13832008838653564,0.023322485387325287,22.880382537841797,1,0.0079434709623456,0.2058211863040924,-0.18042618036270142,0.023330219089984894,85.60615539550781,1,0.03247261792421341,-0.3081301748752594,0.17031961679458618,0.022733643651008606,61.55193328857422,1,0.007964885793626308,-0.24673503637313843,-0.16954943537712097,0.023320995271205902,0.0,0,0.27541041374206543
620,12.4,stop,0.0,0.0,0.0,0.3391034007072449,-0.9125611186027527,-1.4841474294662476,0.10491792112588882,0.05113690719008446,-1.7831215214003806,-3.558605397204806,4,0,0,-0.08701913803815842,0.058612629771232605,0.09842895716428757,0.024542562663555145,-0.05113690719008446,0.0,0.10838253796100616,0.1873340904712677,0.13632172346115112,0.023321032524108887,47.82652282714844,1,0.004326737020164728,0.20397065579891205,-0.18235313892364502,0.023336797952651978,82.29171752929688,1,0.02338927984237671,-0.31011757254600525,0.16808876395225525,0.022727206349372864,50.85956573486328,1,0.029295319691300392,-0.24850787222385406,-0.17166906595230103,0.023190103471279144,23.745555877685547,1,0.009294087998569012
621,12.42,stop,0.0,0.0,0.0,0.3384624123573303,-0.9141895771026611,-1.483161449432373,0.08986546099185944,0.09410633891820908,-2.149447298311496,-3.6929206403462835,4,0,0,-0.07761260122060776,0.0452999584376812,0.08402359485626221,0.027310997247695923,-0.09410633891820908,0.0,0.10627273470163345,0.18464507162570953,0.13404473662376404,0.023313574492931366,54.28013610839844,1,0.010145309381186962,0.201812282204628,-0.1845335066318512,0.023344069719314575,58.68874740600586,1,0.010588510893285275,-0.3128114938735962,0.1651289165019989,0.02271922677755356,38.350608825683594,1,0.018373548984527588,-0.25061509013175964,-0.17445114254951477,0.023180946707725525,31.207048416137695,1,0.006749925669282675
622,12.44,stop,0.0,0.0,0.0,0.3378649353981018,-0.9156193137168884,-1.4823418855667114,0.07821828871965408,0.09054107218980789,-2.487608043128123,-3.849136031287761,4,0,0,-0.06703472137451172,0.040304429829120636,0.07228216528892517,0.022152207791805267,-0.09054107218980789,0.0,0.10493283718824387,0.182043194770813,0.13199767470359802,0.023329317569732666,49.47377395629883,1,0.017773142084479332,0.19981898367404938,-0.18647107481956482,0.02335222065448761,39.74713134765625,1,0.0021721816156059504,-0.3154260218143463,0.1623001992702484,0.02271319180727005,32.344879150390625,1,0.01244831271469593,-0.25255078077316284,-0.17708545923233032,0.023176968097686768,30.63713836669922,1,0.005058967974036932
623,12.46,stop,0.0,0.0,0.0,0.3368031978607178,-0.9168625473976135,-1.4815921783447266,0.0689922571182251,0.07979218661785126,-2.7168033650209518,-3.9355195681550277,4,0,0,-0.05803757533431053,0.037303779274225235,0.06191740557551384,0.01593497395515442,-0.07979218661785126,0.0,0.10205645114183426,0.1800161600112915,0.130658358335495,0.023329749703407288,42.97366714477539,1,0.0031518181785941124,0.19833016395568848,-0.18772312998771667,0.023352548480033875,37.16434097290039,1,0.002713414840400219,-0.31744977831840515,0.16021409630775452,0.02270819991827011,32.8012809753418,1,0.0037727507296949625,-0.25397777557373047,-0.1789962351322174,0.023174919188022614,28.497562408447266,1,0.004470775369554758
624,12.48,stop,0.0,0.0,0.0,0.33515068888664246,-0.9179569482803345,-1.4809132814407349,0.06090995669364929,0.0804314985871315,-2.8243506699183265,-3.9565510012699665,4,0,0,-0.05096296966075897,0.033358633518218994,0.05218034237623215,0.01173536479473114,-0.0804314985871315,0.0,0.09720446169376373,0.1785007119178772,0.13006891310214996,0.023325860500335693,41.485740661621094,1,0.027411364018917084,0.19730421900749207,-0.1882309913635254,0.023359112441539764,41.477848052978516,1,0.005976417567580938,-0.31894007325172424,0.15890049934387207,0.022707350552082062,33.44822692871094,1,0.010674559511244297,-0.2549355924129486,-0.18016330897808075,0.023175962269306183,26.21617317199707,1,0.006825145799666643
625,12.5,stop,0.0,0.0,0.0,0.333018958568573,-0.9189150333404541,-1.4803268909454346,0.05232706293463707,0.08670326322317123,-2.827233223191483,-3.9557680908363535,4,0,0,-0.04379815235733986,0.02863290347158909,0.04249229282140732,0.008546032011508942,-0.08670326322317123,0.0,0.09122985601425171,0.1772487759590149,0.13015714287757874,0.0233311727643013,43.8598518371582,1,0.0278623029589653,0.19654183089733124,-0.1880888044834137,0.0233670175075531,45.31132888793945,1,0.008642745204269886,-0.3201587200164795,0.1581917107105255,0.02270776778459549,35.05972671508789,1,0.008906988427042961,-0.2556251287460327,-0.18073952198028564,0.023179009556770325,25.978261947631836,1,0.008107638917863369
626,12.52,stop,0.0,0.0,0.0,0.33061954379081726,-0.9197351336479187,-1.4798423051834106,0.0435699038207531,0.09023940563201904,-2.7584822465534273,-3.9538300246593625,4,0,0,-0.03663050755858421,0.02359115146100521,0.03336188197135925,0.006251353770494461,-0.09023940563201904,0.0,0.08534492552280426,0.17614977061748505,0.1306876242160797,0.023339353501796722,46.954734802246094,1,0.028350790962576866,0.19594551622867584,-0.18750709295272827,0.02337762713432312,47.73861312866211,1,0.009564021602272987,-0.321211576461792,0.15789157152175903,0.022710084915161133,36.35878372192383,1,0.007984804920852184,-0.256145715713501,-0.18091753125190735,0.02318403124809265,27.305206298828125,1,0.009100537747144699
627,12.540000000000001,stop,0.0,0.0,0.0,0.32814764976501465,-0.9204198122024536,-1.4794570207595825,0.03545815870165825,0.08969710022211075,-2.6457854059086867,-3.956797741853733,4,0,0,-0.030018245801329613,0.01887289062142372,0.025431577116250992,0.004654262214899063,-0.08969710022211075,0.0,0.08049774169921875,0.17518208920955658,0.13148880004882812,0.023348093032836914,49.4317512512207,1,0.02772233821451664,0.19547556340694427,-0.18666386604309082,0.02338649332523346,48.832489013671875,1,0.009190339595079422,-0.3221316337585449,0.157850980758667,0.022714324295520782,37.712249755859375,1,0.006357075646519661,-0.256541907787323,-0.18084263801574707,0.023189663887023926,28.87875747680664,1,0.009268628433346748
628,12.56,stop,0.0,0.0,0.0,0.32573628425598145,-0.9209820628166199,-1.4791574478149414,0.028422309085726738,0.0849815309047699,-2.5132551900181093,-3.9674349077123816,4,0,0,-0.02425825223326683,0.01481096912175417,0.018921690061688423,0.00352468341588974,-0.0849815309047699,0.0,0.07720452547073364,0.17432402074337006,0.132399320602417,0.02335779368877411,50.77460479736328,1,0.03099573217332363,0.19509154558181763,-0.18571200966835022,0.023398779332637787,49.077327728271484,1,0.008059557527303696,-0.3229389786720276,0.15795519948005676,0.022718876600265503,37.953521728515625,1,0.006696214899420738,-0.2568543553352356,-0.18063285946846008,0.023198015987873077,30.2124080657959,1,0.007111049722880125
629,12.58,stop,0.0,0.0,0.0,0.32346290349960327,-0.9214389324188232,-1.4789280891418457,0.02257080189883709,0.07915005087852478,-2.37533702208945,-3.985027340580219,4,0,0,-0.019363034516572952,0.011598018929362297,0.013787814415991306,0.0025606416165828705,-0.07915005087852478,0.0,0.07555922865867615,0.17356519401073456,0.13335362076759338,0.023366615176200867,51.22366714477539,1,0.010071273893117905,0.1947716325521469,-0.1847425401210785,0.02340845763683319,48.8939094543457,1,0.008751315996050835,-0.3236497938632965,0.1581316888332367,0.02272426337003708,38.56355667114258,1,0.005941582843661308,-0.25710728764533997,-0.1803552359342575,0.023203358054161072,31.230506896972656,1,0.007360529154539108
630,12.6,stop,0.0,0.0,0.0,0.32136303186416626,-0.9218137860298157,-1.4787564277648926,0.018149008974432945,0.07334765046834946,-2.245535466772293,-4.007752233722497,4,0,0,-0.015842875465750694,0.008853801526129246,0.01003409456461668,0.002334440127015114,-0.07334765046834946,0.0,0.07540644705295563,0.17289113998413086,0.13422101736068726,0.023372776806354523,51.32261657714844,1,0.02668588235974312,0.19450175762176514,-0.1838347613811493,0.02341766655445099,48.621456146240234,1,0.006682324688881636,-0.32427555322647095,0.15830710530281067,0.022728726267814636,38.19625473022461,1,0.006980744656175375,-0.25731465220451355,-0.18008477985858917,0.023210152983665466,31.952646255493164,1,0.008174870163202286
631,12.620000000000001,stop,0.0,0.0,0.0,0.31946492195129395,-0.9221222400665283,-1.4786287546157837,0.014610996469855309,0.0675772875547409,-2.1268701080100185,-4.032413485494475,4,0,0,-0.012937276624143124,0.00679029431194067,0.0072716944850981236,0.002092222683131695,-0.0675772875547409,0.0,0.07637622207403183,0.17229776084423065,0.13501206040382385,0.023379802703857422,51.58306884765625,1,0.026495270431041718,0.194281205534935,-0.18300539255142212,0.023425951600074768,48.26350402832031,1,0.006228290498256683,-0.3248247802257538,0.15845787525177002,0.02273409813642502,38.635440826416016,1,0.006730387452989817,-0.2574785053730011,-0.17984172701835632,0.023216471076011658,32.564266204833984,1,0.00765635771676898
632,12.64,stop,0.0,0.0,0.0,0.31778889894485474,-0.922378420829773,-1.4785343408584595,0.011932628229260445,0.06235577166080475,-2.0226173021701177,-4.056838241966441,4,0,0,-0.01072549819946289,0.005229848437011242,0.005404951516538858,0.0020020408555865288,-0.06235577166080475,0.0,0.07806692272424698,0.17177921533584595,0.13570845127105713,0.02338559925556183,51.61892318725586,1,0.02576478198170662,0.1941073089838028,-0.18227118253707886,0.02343287318944931,47.93060302734375,1,0.006298924796283245,-0.3253055214881897,0.15856552124023438,0.02273762971162796,39.03895568847656,1,0.002058508340269327,-0.25760191679000854,-0.17964866757392883,0.023222513496875763,33.19941329956055,1,0.0051036737859249115
633,12.66,stop,0.0,0.0,0.0,0.31634435057640076,-0.9225929379463196,-1.478461742401123,0.009834232740104198,0.05737685039639473,-1.929478708213708,-4.0775614627950825,4,0,0,-0.008867358788847923,0.004252302926033735,0.0042130653746426105,0.0017349524423480034,-0.05737685039639473,0.0,0.08005887269973755,0.17133672535419464,0.13634830713272095,0.023391231894493103,51.41899490356445,1,0.007248524110764265,0.19398115575313568,-0.18161064386367798,0.023443050682544708,46.959251403808594,1,0.00798850692808628,-0.3257129192352295,0.1586492359638214,0.022741183638572693,38.33232498168945,1,0.00730052450671792,-0.25768306851387024,-0.17948678135871887,0.02322651445865631,33.461177825927734,1,0.004805677570402622
634,12.68,stop,0.0,0.0,0.0,0.3151216506958008,-0.9227795600891113,-1.4784044027328491,0.008607964962720871,0.053000811487436295,-1.8592931784065378,-4.096703067944043,4,0,0,-0.007890489883720875,0.003440526546910405,0.0037334542721509933,0.0019699069671332836,-0.053000811487436295,0.0,0.0821889340877533,0.17094306647777557,0.13682803511619568,0.02339453250169754,51.36567306518555,1,0.02482524700462818,0.19388101994991302,-0.181094229221344,0.023444853723049164,46.86170959472656,1,0.006623179651796818,-0.3260805010795593,0.15863940119743347,0.02274404466152191,37.913848876953125,1,0.008018158376216888,-0.257742702960968,-0.1794196367263794,0.023230865597724915,33.519264221191406,1,0.005867624655365944
635,12.700000000000001,stop,0.0,0.0,0.0,0.31411588191986084,-0.9229421615600586,-1.4783551692962646,0.007491259835660458,0.048855219036340714,-1.8023466896449682,-4.113395196501908,4,0,0,-0.006775075104087591,0.003196456003934145,0.0035419603809714317,0.0016626440919935703,-0.048855219036340714,0.0,0.08418325334787369,0.17059387266635895,0.13725021481513977,0.02339823544025421,51.345245361328125,1,0.00571850873529911,0.1938067078590393,-0.18065080046653748,0.0234530046582222,46.24755096435547,1,0.008470109663903713,-0.3264111578464508,0.15858587622642517,0.022745579481124878,38.207767486572266,1,0.0009061280288733542,-0.25778329372406006,-0.17940306663513184,0.023234054446220398,33.82462692260742,1,0.0031919642351567745
636,12.72,stop,0.0,0.0,0.0,0.31331121921539307,-0.9230868220329285,-1.478306531906128,0.006918406113982201,0.04499601572751999,-1.7612845528502035,-4.125846204472018,4,0,0,-0.006141691002994776,0.003184960223734379,0.0038177676033228636,0.001526841428130865,-0.04499601572751999,0.0,0.085947185754776,0.17028823494911194,0.13755719363689423,0.023399703204631805,51.22956085205078,1,0.024188194423913956,0.1937544345855713,-0.18030685186386108,0.023452751338481903,45.61900329589844,1,0.007380262948572636,-0.3266998529434204,0.15848448872566223,0.022747479379177094,37.26751708984375,1,0.008593302220106125,-0.25780707597732544,-0.17944219708442688,0.023236870765686035,34.058040618896484,1,0.003437846200540662
637,12.74,stop,0.0,0.0,0.0,0.3126891851425171,-0.9232163429260254,-1.478251338005066,0.006528772879391909,0.041777871549129486,-1.7284834231348636,-4.134462061223166,4,0,0,-0.005483703222125769,0.003543144790455699,0.004286176059395075,0.0010808994993567467,-0.041777871549129486,0.0,0.08738582581281662,0.170016810297966,0.13783584535121918,0.023401416838169098,51.197994232177734,1,0.024371454492211342,0.1937195211648941,-0.18000391125679016,0.02345549315214157,44.965980529785156,1,0.007947510108351707,-0.32696443796157837,0.1583649218082428,0.02274816483259201,36.95933151245117,1,0.008902282454073429,-0.25781911611557007,-0.1795004904270172,0.023238763213157654,33.88528060913086,1,0.00503027718514204
638,12.76,stop,0.0,0.0,0.0,0.31222712993621826,-0.923332929611206,-1.4781855344772339,0.006415960844606161,0.03888307884335518,-1.7093878150410946,-4.139907429538958,4,0,0,-0.004958421923220158,0.004071683157235384,0.0048850104212760925,0.0005742935463786125,-0.03888307884335518,0.0,0.08851951360702515,0.16976876556873322,0.1380438208580017,0.023402102291584015,51.03318786621094,1,0.024259069934487343,0.1936926394701004,-0.17977792024612427,0.023457840085029602,44.46788787841797,1,0.008261497132480145,-0.32721054553985596,0.15820464491844177,0.022748365998268127,36.53422164916992,1,0.009189103730022907,-0.2578257918357849,-0.1796063482761383,0.023240067064762115,33.84328079223633,1,0.004813672509044409
639,12.780000000000001,stop,0.0,0.0,0.0,0.31190013885498047,-0.9234384298324585,-1.4781056642532349,0.006542866583913565,0.036445923149585724,-1.6993915130256636,-4.142841422674302,4,0,0,-0.004500810522586107,0.004748874343931675,0.005550653673708439,-2.183998003602028e-05,-0.036445923149585724,0.0,0.08936294168233871,0.1695372760295868,0.13820777833461761,0.02340272068977356,50.82991027832031,1,0.024118781089782715,0.19366884231567383,-0.17959684133529663,0.023459523916244507,43.96873474121094,1,0.008595550432801247,-0.32744431495666504,0.1580248475074768,0.022748075425624847,36.11939239501953,1,0.009404237382113934,-0.2578331530094147,-0.17973516881465912,0.02324109524488449,33.774967193603516,1,0.0046773008070886135
640,12.8,stop,0.0,0.0,0.0,0.3116825222969055,-0.9235342741012573,-1.4780112504959106,0.0068527041003108025,0.03443478047847748,-1.6943710038205868,-4.143652080751418,4,0,0,-0.004084306303411722,0.005502544343471527,0.006213863380253315,-0.0006750468164682388,-0.03443478047847748,0.0,0.08994556218385696,0.16931700706481934,0.13835075497627258,0.023402146995067596,50.625099182128906,1,0.02400018274784088,0.19364628195762634,-0.17943120002746582,0.023459844291210175,43.58022689819336,1,0.00884563010185957,-0.32767072319984436,0.15784570574760437,0.02274727076292038,35.740081787109375,1,0.00958916638046503,-0.257843554019928,-0.1798671931028366,0.02324126660823822,33.68250274658203,1,0.004577043000608683
641,12.82,stop,0.0,0.0,0.0,0.311550110578537,-0.9236218333244324,-1.4779002666473389,0.0072857714258134365,0.032319530844688416,-1.6947989578607705,-4.14235904056417,4,0,0,-0.003746364964172244,0.006248777266591787,0.006838751491159201,-0.0012989193201065063,-0.032319530844688416,0.0,0.09031908959150314,0.16910581290721893,0.13847163319587708,0.023401468992233276,50.42523193359375,1,0.023973356932401657,0.1936207413673401,-0.17929431796073914,0.02346070110797882,43.152793884277344,1,0.00918050017207861,-0.3278895616531372,0.15766310691833496,0.022746093571186066,35.38499450683594,1,0.009696047753095627,-0.25785690546035767,-0.18000255525112152,0.023241408169269562,33.583251953125,1,0.004490907769650221
642,12.84,stop,0.0,0.0,0.0,0.31148073077201843,-0.9237020015716553,-1.4777737855911255,0.007788246497511864,0.03031819872558117,-1.6995864935821263,-4.1391821488264675,4,0,0,-0.003409466939046979,0.0070023080334067345,0.007396313827484846,-0.001957024447619915,-0.03031819872558117,0.0,0.09052526205778122,0.16890273988246918,0.13857623934745789,0.023400478065013885,50.23979568481445,1,0.023928821086883545,0.19359195232391357,-0.1791742444038391,0.023461177945137024,42.88645553588867,1,0.009319348260760307,-0.32809948921203613,0.15748459100723267,0.02274477481842041,35.09600830078125,1,0.009775662794709206,-0.25787627696990967,-0.18014121055603027,0.023241110146045685,33.48878860473633,1,0.004437263589352369
643,12.86,stop,0.0,0.0,0.0,0.31145521998405457,-0.9237752556800842,-1.477632761001587,0.008282423950731754,0.028998589143157005,-1.7069144327879038,-4.1348740070074825,4,0,0,-0.00312565709464252,0.0076699941419065,0.007856654934585094,-0.002545849420130253,-0.028998589143157005,0.0,0.0906151831150055,0.16870352625846863,0.13867439329624176,0.023399382829666138,50.07598876953125,1,0.02395780384540558,0.1935579627752304,-0.1790611445903778,0.02346160262823105,42.71200180053711,1,0.009382573887705803,-0.3283097743988037,0.1573132574558258,0.02274300903081894,34.77078628540039,1,0.009862051345407963,-0.25790101289749146,-0.18027359247207642,0.02324070781469345,33.40491485595703,1,0.004364258609712124
644,12.88,stop,0.0,0.0,0.0,0.31145745515823364,-0.9238424301147461,-1.477479100227356,0.00872162263840437,0.027842821553349495,-1.7156381851835967,-4.129982737788107,4,0,0,-0.0028564229141920805,0.00824060384184122,0.008202340453863144,-0.0030812127515673637,-0.027842821553349495,0.0,0.09062938392162323,0.1685052514076233,0.13877171277999878,0.02339780330657959,49.93630599975586,1,0.023938581347465515,0.19351747632026672,-0.17894911766052246,0.02346247434616089,42.63315963745117,1,0.009372098371386528,-0.3285196125507355,0.15715250372886658,0.022741228342056274,34.540985107421875,1,0.009930852800607681,-0.25793325901031494,-0.18039727210998535,0.023240141570568085,33.353946685791016,1,0.0043496317230165005
645,12.9,stop,0.0,0.0,0.0,0.31147560477256775,-0.9239043593406677,-1.4773151874542236,0.009076922200620174,0.02685120701789856,-1.7250216911644307,-4.124433209087472,4,0,0,-0.002607608214020729,0.008694302290678024,0.008433431386947632,-0.003541436977684498,-0.02685120701789856,0.0,0.09059406816959381,0.1683087944984436,0.13887131214141846,0.02339658886194229,49.81644821166992,1,0.02392534911632538,0.1934724897146225,-0.17883500456809998,0.02346251904964447,42.59059143066406,1,0.009379813447594643,-0.328727662563324,0.1570035219192505,0.022739440202713013,34.34235382080078,1,0.009955850429832935,-0.2579701244831085,-0.1805102676153183,0.023239634931087494,33.2862663269043,1,0.004312171600759029
646,12.92,stop,0.0,0.0,0.0,0.3115003705024719,-0.9239612221717834,-1.477143406867981,0.00933117140084505,0.025980928912758827,-1.7344266482081268,-4.118434168562085,4,0,0,-0.002376730088144541,0.009023409336805344,0.00855282973498106,-0.003919494338333607,-0.025980928912758827,0.0,0.09053169935941696,0.16811411082744598,0.1389758288860321,0.023395061492919922,49.727012634277344,1,0.023918118327856064,0.19342434406280518,-0.17871665954589844,0.023462772369384766,42.59653854370117,1,0.00937748420983553,-0.3289335370063782,0.15686804056167603,0.02273762971162796,34.17638397216797,1,0.00995226576924324,-0.2580104470252991,-0.18061122298240662,0.023238830268383026,33.241790771484375,1,0.004267137963324785
647,12.94,stop,0.0,0.0,0.0,0.31152573227882385,-0.9240134358406067,-1.476966381072998,0.009466842748224735,0.02447644993662834,-1.7453550576018528,-4.111685941662112,4,0,0,-0.0022179700899869204,0.009203353896737099,0.008581637404859066,-0.004156156443059444,-0.02447644993662834,0.0,0.09046497195959091,0.16792482137680054,0.1390603482723236,0.023394018411636353,49.70261764526367,1,0.023822121322155,0.19337527453899384,-0.1786046028137207,0.023462913930416107,42.641448974609375,1,0.009336048737168312,-0.3291299641132355,0.1567390263080597,0.022735722362995148,34.020694732666016,1,0.009890924207866192,-0.2580524981021881,-0.18070808053016663,0.02323818951845169,33.22355270385742,1,0.004166292026638985
648,12.96,stop,0.0,0.0,0.0,0.31154659390449524,-0.9240618348121643,-1.476786494255066,0.009524205699563026,0.02430942840874195,-1.7539604556258341,-4.104948386932718,4,0,0,-0.0019923944491893053,0.009313477203249931,0.008507630787789822,-0.004402380436658859,-0.02430942840874195,0.0,0.0903933048248291,0.16773903369903564,0.13917270302772522,0.023392491042613983,49.626914978027344,1,0.023950114846229553,0.19332355260849,-0.17847904562950134,0.02346307784318924,42.71202087402344,1,0.009300855919718742,-0.3293262720108032,0.15662863850593567,0.02273380011320114,33.91667175292969,1,0.009932939894497395,-0.25809651613235474,-0.1807861626148224,0.02323754131793976,33.190040588378906,1,0.0041796560399234295
649,12.98,stop,0.0,0.0,0.0,0.31156185269355774,-0.9241061210632324,-1.4766061305999756,0.009459380991756916,0.024050328880548477,-1.760251593459945,-4.098653940725728,4,0,0,-0.0017828792333602905,0.009289845824241638,0.008338851854205132,-0.004551975056529045,-0.024050328880548477,0.0,0.09032884985208511,0.16755454242229462,0.13929840922355652,0.023391015827655792,49.610137939453125,1,0.023863429203629494,0.1932719349861145,-0.17833355069160461,0.023467808961868286,42.382545471191406,1,0.009560021571815014,-0.3295215368270874,0.15653526782989502,0.022731974720954895,33.813140869140625,1,0.00969687383621931,-0.2581421136856079,-0.18084834516048431,0.023236684501171112,33.18756866455078,1,0.004086954053491354
650,13.0,stop,0.0,0.0,0.0,0.31157010793685913,-0.9241469502449036,-1.476427435874939,0.009322954341769218,0.023140577599406242,-1.7667881912173529,-4.092295461495269,4,0,0,-0.0016429724637418985,0.009177043102681637,0.008136153221130371,-0.00459564384073019,-0.023140577599406242,0.0,0.09028109908103943,0.16737380623817444,0.1394231915473938,0.02338983118534088,49.563255310058594,1,0.02395213395357132,0.193220317363739,-0.1781972348690033,0.023463182151317596,42.83484649658203,1,0.009339522570371628,-0.3297111392021179,0.1564454734325409,0.022730156779289246,33.770870208740234,1,0.009838477708399296,-0.2581862211227417,-0.18090692162513733,0.023236125707626343,33.18204116821289,1,0.004136201925575733
651,13.02,stop,0.0,0.0,0.0,0.3115710914134979,-0.9241843819618225,-1.476251482963562,0.009109794162213802,0.022472752258181572,-1.7738515673144981,-4.085948081322211,4,0,0,-0.0015080951852723956,0.00898409727960825,0.007884569466114044,-0.004580463282763958,-0.022472752258181572,0.0,0.09025109559297562,0.16719982028007507,0.13954278826713562,0.023388579487800598,49.54737854003906,1,0.023890450596809387,0.19317008554935455,-0.1780650019645691,0.023463524878025055,42.9609375,1,0.009355990216135979,-0.3298947811126709,0.15635591745376587,0.022727951407432556,34.152992248535156,1,0.00122816301882267,-0.2582288384437561,-0.18096454441547394,0.02323555201292038,33.199317932128906,1,0.003371704602614045
652,13.040000000000001,stop,0.0,0.0,0.0,0.3115665316581726,-0.9242186546325684,-1.4760792255401611,0.008898653090000153,0.021015096455812454,-1.7796872169083335,-4.078562085508489,4,0,0,-0.0013806258793920279,0.008790899068117142,0.007629139348864555,-0.004563510417938232,-0.021015096455812454,0.0,0.09022196382284164,0.1670375019311905,0.13965114951133728,0.02338755875825882,49.6221923828125,1,0.023753250017762184,0.19312603771686554,-0.17793133854866028,0.023463472723960876,42.9881477355957,1,0.009293678216636181,-0.33006104826927185,0.15628421306610107,0.022726930677890778,33.682472229003906,1,0.009628959000110626,-0.25826528668403625,-0.18101051449775696,0.023235075175762177,33.21751403808594,1,0.004039994906634092
653,13.06,stop,0.0,0.0,0.0,0.3115563988685608,-0.9242507815361023,-1.4759119749069214,0.008577493950724602,0.020770754665136337,-1.7845243782228777,-4.071673412843708,4,0,0,-0.0012709492584690452,0.008482811041176319,0.007312402594834566,-0.004452968016266823,-0.020770754665136337,0.0,0.0902046263217926,0.1668795794248581,0.13977433741092682,0.02338651567697525,49.585357666015625,1,0.02383897453546524,0.1930815875530243,-0.1777963936328888,0.023463957011699677,43.145809173583984,1,0.009290114045143127,-0.33022645115852356,0.15621721744537354,0.022725313901901245,33.59252166748047,1,0.009710527025163174,-0.25830215215682983,-0.181046724319458,0.023234672844409943,33.21900939941406,1,0.0040709781460464
654,13.08,stop,0.0,0.0,0.0,0.3115425109863281,-0.9242811799049377,-1.4757517576217651,0.008197877556085587,0.02028930000960827,-1.7897058237602728,-4.065889950164,4,0,0,-0.001196971395984292,0.00811002217233181,0.006969487760215998,-0.004273572936654091,-0.02028930000960827,0.0,0.09020819514989853,0.16672441363334656,0.13989174365997314,0.02338530123233795,49.56953811645508,1,0.02385614439845085,0.19303706288337708,-0.1776680052280426,0.02346399426460266,43.21223831176758,1,0.00932236947119236,-0.3303893804550171,0.15614783763885498,0.022723793983459473,33.55805206298828,1,0.009667323902249336,-0.2583392858505249,-0.18108853697776794,0.023234009742736816,33.215919494628906,1,0.004076262935996056
655,13.1,stop,0.0,0.0,0.0,0.31152552366256714,-0.9243097305297852,-1.4755992889404297,0.007797753904014826,0.019760427996516228,-1.7948313471238384,-4.060667416769879,4,0,0,-0.0011260084575042129,0.007716027088463306,0.006614295765757561,-0.004077673889696598,-0.019760427996516228,0.0,0.0902262032032013,0.16657352447509766,0.1400042027235031,0.023384377360343933,49.55470275878906,1,0.023856917396187782,0.1929943710565567,-0.17754429578781128,0.023464329540729523,43.26169967651367,1,0.009319390170276165,-0.33054712414741516,0.15607857704162598,0.022722408175468445,33.53166580200195,1,0.009598578326404095,-0.2583743929862976,-0.1811310052871704,0.02323368936777115,33.23582077026367,1,0.004064423032104969
656,13.120000000000001,stop,0.0,0.0,0.0,0.31150633096694946,-0.9243369698524475,-1.4754542112350464,0.007391946855932474,0.019121112301945686,-1.7992517601773061,-4.055576364517281,4,0,0,-0.0010668097529560328,0.00731456046923995,0.0062629301100969315,-0.0038673095405101776,-0.019121112301945686,0.0,0.09024990350008011,0.16642925143241882,0.14011481404304504,0.023383542895317078,49.55278396606445,1,0.02384399063885212,0.1929553747177124,-0.17742329835891724,0.023464597761631012,43.303619384765625,1,0.00934038870036602,-0.33069780468940735,0.15601244568824768,0.02272103726863861,33.50732421875,1,0.00953700952231884,-0.25840598344802856,-0.18117085099220276,0.023233428597450256,33.24602127075195,1,0.00404376070946455
657,13.14,stop,0.0,0.0,0.0,0.31148582696914673,-0.9243629574775696,-1.4753170013427734,0.006996714510023594,0.018375050276517868,-1.8030845635187411,-4.050481043396451,4,0,0,-0.0010222236160188913,0.006921637803316116,0.005934349726885557,-0.0036483495496213436,-0.018375050276517868,0.0,0.09027598053216934,0.16629363596439362,0.14022228121757507,0.023382708430290222,49.55709457397461,1,0.02380497194826603,0.19292046129703522,-0.17730525135993958,0.023464955389499664,43.3422737121582,1,0.009436395019292831,-0.330840528011322,0.15594884753227234,0.022719256579875946,33.928958892822266,1,0.0010118818609043956,-0.2584342360496521,-0.18120834231376648,0.02323298156261444,33.26085662841797,1,0.003320914227515459
658,13.16,stop,0.0,0.0,0.0,0.31146565079689026,-0.9243869781494141,-1.4751863479614258,0.006647936534136534,0.016703415662050247,-1.8055120554384458,-4.044270693893617,4,0,0,-0.0010076123289763927,0.0065711322240531445,0.005649912171065807,-0.0034369993954896927,-0.016703415662050247,0.0,0.09029120206832886,0.16617189347743988,0.14031243324279785,0.023381918668746948,49.39585494995117,1,0.026439575478434563,0.19289357960224152,-0.1771887242794037,0.023465104401111603,43.3458366394043,1,0.009090649895370007,-0.33096426725387573,0.15590012073516846,0.022718511521816254,33.49000930786133,1,0.009534367360174656,-0.2584545612335205,-0.18123632669448853,0.023232676088809967,33.204593658447266,1,0.004288258031010628
659,13.18,stop,0.0,0.0,0.0,0.31144455075263977,-0.9244108200073242,-1.475063443183899,0.006288816221058369,0.016807828098535538,-1.8073314470786082,-4.038455214702174,4,0,0,-0.000922853359952569,0.006220735609531403,0.0053313178941607475,-0.0032752929255366325,-0.016807828098535538,0.0,0.09030377864837646,0.1660558432340622,0.14042001962661743,0.023381061851978302,49.61547088623047,1,0.023823456838726997,0.19287002086639404,-0.1770687997341156,0.023465022444725037,43.467018127441406,1,0.009399437345564365,-0.33108556270599365,0.15585151314735413,0.0227174311876297,33.42439651489258,1,0.00941545981913805,-0.2584737539291382,-0.18126317858695984,0.0232323557138443,33.254005432128906,1,0.004055920522660017
660,13.200000000000001,stop,0.0,0.0,0.0,0.3114246428012848,-0.924434244632721,-1.4749484062194824,0.005864831153303385,0.016132289543747902,-1.8103177338497847,-4.033677070490927,4,0,0,-0.0009290074813179672,0.005790784955024719,0.005010502878576517,-0.0029924875125288963,-0.016132289543747902,0.0,0.09033118933439255,0.16594181954860687,0.14051224291324615,0.023380346596240997,49.604827880859375,1,0.023799343034625053,0.19284409284591675,-0.17696735262870789,0.023465603590011597,43.458885192871094,1,0.00946901086717844,-0.3312048017978668,0.15579482913017273,0.02271641045808792,33.395938873291016,1,0.009355530142784119,-0.25849300622940063,-0.18129773437976837,0.023232020437717438,33.263877868652344,1,0.004041607026010752
661,13.22,stop,0.0,0.0,0.0,0.3114055395126343,-0.9244569540023804,-1.4748409986495972,0.005477041006088257,0.015592762269079685,-1.8139695371782143,-4.02944107254505,4,0,0,-0.0009158758330158889,0.00539992144331336,0.0047047920525074005,-0.0027508391067385674,-0.015592762269079685,0.0,0.09036550670862198,0.16583237051963806,0.14059463143348694,0.023379571735858917,49.5865592956543,1,0.02378549799323082,0.19282013177871704,-0.17687618732452393,0.023465700447559357,43.459434509277344,1,0.009464127011597157,-0.331319659948349,0.15573439002037048,0.022715330123901367,33.377235412597656,1,0.009300523437559605,-0.25851133465766907,-0.18133671581745148,0.023231670260429382,33.27565002441406,1,0.004044902976602316
662,13.24,stop,0.0,0.0,0.0,0.3113871216773987,-0.9244790077209473,-1.4747414588928223,0.005113163031637669,0.014974856749176979,-1.8168742885661737,-4.025321614701886,4,0,0,-0.0009030478540807962,0.005032786633819342,0.004417114891111851,-0.0025244136340916157,-0.014974856749176979,0.0,0.09039852023124695,0.1657290905714035,0.14067482948303223,0.02337903529405594,49.585296630859375,1,0.023766132071614265,0.19279946386814117,-0.17678767442703247,0.02346605807542801,43.4649543762207,1,0.009502027183771133,-0.33142760396003723,0.1556764543056488,0.02271447330713272,33.3661994934082,1,0.009269656613469124,-0.2585265040397644,-0.18137392401695251,0.02323146164417267,33.27839279174805,1,0.004033637698739767
663,13.26,stop,0.0,0.0,0.0,0.3113693296909332,-0.9245008826255798,-1.4746487140655518,0.0047684223391115665,0.014331409707665443,-1.8192008217522093,-4.021222220539409,4,0,0,-0.0008940601837821305,0.0046838559210300446,0.004145475570112467,-0.002306954935193062,-0.014331409707665443,0.0,0.09042885899543762,0.16563305258750916,0.14075185358524323,0.023378588259220123,49.59018325805664,1,0.023765182122588158,0.19278210401535034,-0.17670249938964844,0.0234663262963295,43.471588134765625,1,0.009517272002995014,-0.3315284848213196,0.15562158823013306,0.02271343767642975,33.34962844848633,1,0.00921118725091219,-0.25853824615478516,-0.1814092993736267,0.02323129028081894,33.27656555175781,1,0.004015615209937096
664,13.280000000000001,stop,0.0,0.0,0.0,0.31135210394859314,-0.9245223999023438,-1.4745628833770752,0.004443103447556496,0.013694298453629017,-1.8211785884037512,-4.017133071660687,4,0,0,-0.000885427522007376,0.004353984724730253,0.0038887420669198036,-0.002101489342749119,-0.013694298453629017,0.0,0.0904577374458313,0.16554340720176697,0.14082439243793488,0.023377999663352966,49.60069274902344,1,0.023775363340973854,0.19276773929595947,-0.17662248015403748,0.023466572165489197,43.478126525878906,1,0.009545371867716312,-0.33162254095077515,0.15556803345680237,0.022712573409080505,33.33375930786133,1,0.009179064072668552,-0.2585475444793701,-0.18144434690475464,0.02323117107152939,33.27435302734375,1,0.004044644068926573
665,13.3,stop,0.0,0.0,0.0,0.31133556365966797,-0.9245434403419495,-1.474482774734497,0.004137058276683092,0.013073870912194252,-1.8228253043239588,-4.013079354388284,4,0,0,-0.0008755883318372071,0.004043339751660824,0.003646251279860735,-0.0019092215225100517,-0.013073870912194252,0.0,0.09048470854759216,0.1654599905014038,0.14089354872703552,0.02337729185819626,49.60954284667969,1,0.02378029190003872,0.19275596737861633,-0.17654633522033691,0.023466750979423523,43.484107971191406,1,0.009560147300362587,-0.3317103981971741,0.15551668405532837,0.022711865603923798,33.31950759887695,1,0.009135284461081028,-0.2585545778274536,-0.181477889418602,0.02323088049888611,33.272762298583984,1,0.004021442495286465
666,13.32,stop,0.0,0.0,0.0,0.31132030487060547,-0.9245637655258179,-1.4744083881378174,0.0038610687479376793,0.012205976992845535,-1.8238212312823114,-4.008796825778687,4,0,0,-0.000844085996504873,0.003767674556002021,0.0034196609631180763,-0.0017548142932355404,-0.012205976992845535,0.0,0.0905018225312233,0.16538368165493011,0.1409604251384735,0.02337687462568283,49.623558044433594,1,0.02376680262386799,0.192747563123703,-0.17647245526313782,0.023466840386390686,43.48942184448242,1,0.0095887565985322,-0.3317875266075134,0.15547192096710205,0.022710971534252167,33.33678436279297,1,0.00908519234508276,-0.2585583031177521,-0.18150773644447327,0.023230694234371185,33.26512145996094,1,0.004012753255665302
667,13.34,stop,0.0,0.0,0.0,0.3113059401512146,-0.9245836734771729,-1.4743396043777466,0.0035902655217796564,0.011737576685845852,-1.8251127773656786,-4.004724325486066,4,0,0,-0.0008466786239296198,0.003489003051072359,0.0032089329324662685,-0.0015738587826490402,-0.011737576685845852,0.0,0.09052210301160812,0.16531234979629517,0.14102044701576233,0.023376241326332092,49.63094711303711,1,0.02375052496790886,0.19274061918258667,-0.17640602588653564,0.023466937243938446,43.501033782958984,1,0.009606283158063889,-0.33186274766921997,0.15542447566986084,0.022710271179676056,33.28239440917969,1,0.009102553129196167,-0.25856125354766846,-0.181539386510849,0.023230507969856262,33.2613525390625,1,0.004038817714899778
668,13.36,stop,0.0,0.0,0.0,0.3112911880016327,-0.9246044158935547,-1.4742766618728638,0.0033204294741153717,0.010942281223833561,-1.8290275429771536,-4.001083407771627,4,0,0,-0.0009018080309033394,0.003195621073246002,0.003015897935256362,-0.0013450642582029104,-0.010942281223833561,0.0,0.09056388586759567,0.16524375975131989,0.14104607701301575,0.02337593585252762,49.63368606567383,1,0.023808181285858154,0.19273346662521362,-0.1763598620891571,0.023466989398002625,43.51436233520508,1,0.009591120295226574,-0.33193397521972656,0.15536421537399292,0.022709816694259644,33.27168655395508,1,0.00903990212827921,-0.2585645914077759,-0.1815841794013977,0.023230455815792084,33.27568817138672,1,0.004013857804238796
669,13.38,stop,0.0,0.0,0.0,0.3112770915031433,-0.9246246218681335,-1.4742180109024048,0.003100830828770995,0.010798386298120022,-1.8292785524291515,-3.997583789595641,4,0,0,-0.0008646388305351138,0.002977843629196286,0.002829388715326786,-0.0012325311545282602,-0.010798386298120022,0.0,0.09058666974306107,0.16517944633960724,0.14110158383846283,0.02337559312582016,49.6549072265625,1,0.023762447759509087,0.19272758066654205,-0.176298588514328,0.02346733957529068,43.50217056274414,1,0.009638400748372078,-0.3320015072822571,0.15532198548316956,0.022709012031555176,33.27796936035156,1,0.009014425799250603,-0.25856634974479675,-0.18161194026470184,0.023230068385601044,33.27040100097656,1,0.004020720720291138
670,13.4,stop,0.0,0.0,0.0,0.3112642467021942,-0.924644410610199,-1.4741637706756592,0.00288310251198709,0.010367769747972488,-1.828992751701069,-3.9942941997366335,4,0,0,-0.000850702403113246,0.002754738787189126,0.002653301926329732,-0.0010988314170390368,-0.010367769747972488,0.0,0.09060773253440857,0.1651182472705841,0.14115628600120544,0.023375146090984344,49.66414260864258,1,0.02377157099545002,0.19272316992282867,-0.1762385368347168,0.023467354476451874,43.499881744384766,1,0.009664878249168396,-0.33206576108932495,0.1552821397781372,0.02270844578742981,33.27434539794922,1,0.00899464450776577,-0.2585670053958893,-0.18163812160491943,0.023230068385601044,33.26322555541992,1,0.004034904297441244
671,13.42,stop,0.0,0.0,0.0,0.3112524151802063,-0.9246639013290405,-1.4741138219833374,0.0026798141188919544,0.009941077791154385,-1.829120604304595,-3.9911950014007402,4,0,0,-0.0008378672646358609,0.0025454629212617874,0.0024876415263861418,-0.0009735638741403818,-0.009941077791154385,0.0,0.09062936902046204,0.16506093740463257,0.14120516180992126,0.02337462455034256,49.667701721191406,1,0.023783089593052864,0.19271960854530334,-0.17618465423583984,0.02346763014793396,43.50050735473633,1,0.009688124060630798,-0.33212631940841675,0.15524038672447205,0.02270776778459549,33.26424789428711,1,0.008959164842963219,-0.2585669159889221,-0.1816665381193161,0.02322985976934433,33.26103591918945,1,0.004014213569462299
672,13.44,stop,0.0,0.0,0.0,0.31124162673950195,-0.9246829152107239,-1.4740676879882812,0.0024923994205892086,0.009508324787020683,-1.8292943472416072,-3.988278083738322,4,0,0,-0.0008225987548939884,0.0023527401499450207,0.002332942560315132,-0.0008608703501522541,-0.009508324787020683,0.0,0.09065093100070953,0.1650063544511795,0.14125007390975952,0.02337447553873062,49.671112060546875,1,0.02377614751458168,0.19271735846996307,-0.1761346459388733,0.023467786610126495,43.500362396240234,1,0.009694736450910568,-0.3321838974952698,0.1551990509033203,0.02270742505788803,33.25641632080078,1,0.008939391002058983,-0.2585660219192505,-0.18169564008712769,0.02322978526353836,33.25843048095703,1,0.004009035415947437
673,13.46,stop,0.0,0.0,0.0,0.3112315833568573,-0.924701452255249,-1.4740253686904907,0.0023198090493679047,0.009075568057596684,-1.8293709734263583,-3.985502465614358,4,0,0,-0.000807819829788059,0.002174612833186984,0.002189360558986664,-0.0007573305629193783,-0.009075568057596684,0.0,0.09067116677761078,0.16495487093925476,0.14129269123077393,0.023374192416667938,49.675724029541016,1,0.02375076711177826,0.19271522760391235,-0.17608720064163208,0.023467741906642914,43.49879837036133,1,0.009704292751848698,-0.3322380781173706,0.15515893697738647,0.02270703762769699,33.25050354003906,1,0.008916664868593216,-0.2585645020008087,-0.1817236840724945,0.02322981506586075,33.255680084228516,1,0.00400521932169795
674,13.48,stop,0.0,0.0,0.0,0.3112223148345947,-0.9247198104858398,-1.473986029624939,0.0021607482340186834,0.008649799972772598,-1.8294826043306056,-3.982894614011882,4,0,0,-0.0007932656444609165,0.0020098662935197353,0.002055875025689602,-0.0006623330991715193,-0.008649799972772598,0.0,0.09069117158651352,0.16490688920021057,0.14133118093013763,0.023373819887638092,49.68165588378906,1,0.023743178695440292,0.1927143931388855,-0.17604419589042664,0.023468032479286194,43.497188568115234,1,0.009726506657898426,-0.3322889506816864,0.1551189124584198,0.022706523537635803,33.244911193847656,1,0.008880984038114548,-0.2585623562335968,-0.1817520707845688,0.02322964370250702,33.2537841796875,1,0.004003801383078098
675,13.5,stop,0.0,0.0,0.0,0.31121379137039185,-0.9247376322746277,-1.4739501476287842,0.0020126027520745993,0.00824902392923832,-1.8295086444268163,-3.98041696289046,4,0,0,-0.0007770379888825119,0.0018565511563792825,0.0019298815168440342,-0.0005760537460446358,-0.00824902392923832,0.0,0.09071002900600433,0.16486144065856934,0.14136752486228943,0.023373648524284363,49.685585021972656,1,0.02376781776547432,0.1927143782377243,-0.17600378394126892,0.023467957973480225,43.497257232666016,1,0.009737146086990833,-0.33233678340911865,0.15508052706718445,0.02270616590976715,33.23741912841797,1,0.008876001462340355,-0.2585601806640625,-0.1817793846130371,0.02322935312986374,33.24937438964844,1,0.004008070565760136
676,13.52,stop,0.0,0.0,0.0,0.31120583415031433,-0.9247543811798096,-1.4739171266555786,0.0018753512995317578,0.007868772372603416,-1.8294401290917046,-3.9780357881910646,4,0,0,-0.0007597444346174598,0.0017145642777904868,0.0018115639686584473,-0.0004980098456144333,-0.007868772372603416,0.0,0.09072700142860413,0.1648189127445221,0.14140209555625916,0.02337343990802765,49.692161560058594,1,0.0237704049795866,0.1927146464586258,-0.17596524953842163,0.02346813678741455,43.49529266357422,1,0.009732578881084919,-0.33238163590431213,0.15504392981529236,0.022705599665641785,33.23362350463867,1,0.008830794133245945,-0.2585567831993103,-0.1818058341741562,0.023229241371154785,33.24583435058594,1,0.003982087131589651
677,13.540000000000001,stop,0.0,0.0,0.0,0.31119850277900696,-0.9247710108757019,-1.4738861322402954,0.0017492563929408789,0.007493135053664446,-1.8293538979534332,-3.975815549823987,4,0,0,-0.0007417236920446157,0.0015842170687392354,0.0017013698816299438,-0.00042813573963940144,-0.007493135053664446,0.0,0.0907444953918457,0.16477909684181213,0.1414337009191513,0.023373186588287354,49.697059631347656,1,0.023756779730319977,0.19271551072597504,-0.175929456949234,0.023468412458896637,43.49228286743164,1,0.009740609675645828,-0.3324238657951355,0.15500810742378235,0.02270534634590149,33.229610443115234,1,0.008815649896860123,-0.2585534155368805,-0.18183188140392303,0.023229561746120453,33.25621032714844,1,0.003988651558756828
678,13.56,stop,0.0,0.0,0.0,0.3111916184425354,-0.9247872233390808,-1.4738577604293823,0.0016322247684001923,0.00714837247505784,-1.8291957363854652,-3.9737302076930177,4,0,0,-0.0007243084255605936,0.0014627149794250727,0.0015980941243469715,-0.0003635741304606199,-0.00714837247505784,0.0,0.09076060354709625,0.16474096477031708,0.14146384596824646,0.02337297797203064,49.69837188720703,1,0.023764831945300102,0.1927163302898407,-0.17589566111564636,0.023468345403671265,43.49125289916992,1,0.009748275391757488,-0.3324640393257141,0.15497416257858276,0.02270488440990448,33.22550964355469,1,0.008807230740785599,-0.2585503160953522,-0.1818566471338272,0.02322918176651001,33.24139404296875,1,0.0039957244880497456
679,13.58,stop,0.0,0.0,0.0,0.3111855983734131,-0.9248026013374329,-1.4738316535949707,0.001512134331278503,0.007010883651673794,-1.8274376030044215,-3.971894594353577,4,0,0,-0.0006931179668754339,0.0013439261820167303,0.001489974558353424,-0.00031059549655765295,-0.007010883651673794,0.0,0.09077242016792297,0.16470450162887573,0.14149996638298035,0.023372650146484375,49.706451416015625,1,0.02372506447136402,0.19271904230117798,-0.17584961652755737,0.02346871793270111,43.477962493896484,1,0.009801723062992096,-0.3325023055076599,0.1549476683139801,0.02270451933145523,33.22747802734375,1,0.008786861784756184,-0.2585471272468567,-0.1818741261959076,0.02322903275489807,33.2325553894043,1,0.003996621817350388
680,13.6,stop,0.0,0.0,0.0,0.3111797273159027,-0.9248174428939819,-1.4738075733184814,0.0014103602152317762,0.006524861790239811,-1.827540909615618,-3.9701046579042103,4,0,0,-0.000688360829371959,0.0012309651356190443,0.0014005483826622367,-0.0002420699456706643,-0.006524861790239811,0.0,0.09078894555568695,0.1646704226732254,0.14152511954307556,0.02337237447500229,49.71015548706055,1,0.023780209943652153,0.19272038340568542,-0.1758212447166443,0.023468531668186188,43.48818588256836,1,0.009769707918167114,-0.3325386345386505,0.15491357445716858,0.02270413190126419,33.220359802246094,1,0.00875041913241148,-0.2585432529449463,-0.18189942836761475,0.023228883743286133,33.24678421020508,1,0.003977539483457804
681,13.620000000000001,stop,0.0,0.0,0.0,0.31117409467697144,-0.9248323440551758,-1.473785638809204,0.0013176859356462955,0.006222977768629789,-1.8278898895935234,-3.968410344103224,4,0,0,-0.0006685459520667791,0.001135492231696844,0.0013151653110980988,-0.00019627169240266085,-0.006222977768629789,0.0,0.09080690145492554,0.16463831067085266,0.1415461003780365,0.02337227761745453,49.71041488647461,1,0.023748723790049553,0.19272199273109436,-0.17579659819602966,0.023468658328056335,43.491214752197266,1,0.009776854887604713,-0.33257269859313965,0.15487951040267944,0.022703997790813446,33.21541213989258,1,0.008747228421270847,-0.25853919982910156,-0.18192541599273682,0.023228920996189117,33.23402404785156,1,0.003983804024755955
682,13.64,stop,0.0,0.0,0.0,0.31116926670074463,-0.9248459935188293,-1.4737653732299805,0.0012359137181192636,0.005659515503793955,-1.8274676985254519,-3.9662690797984252,4,0,0,-0.0006284760311245918,0.0010641900589689612,0.0012380353873595595,-0.00018039054702967405,-0.005659515503793955,0.0,0.09081213176250458,0.16461175680160522,0.1415693461894989,0.023372136056423187,49.720272064208984,1,0.023738529533147812,0.1927262842655182,-0.1757706105709076,0.023468680679798126,43.489810943603516,1,0.009795264340937138,-0.3325977325439453,0.15485349297523499,0.02270377427339554,33.20130920410156,1,0.008733999915421009,-0.2585331201553345,-0.18194568157196045,0.023228853940963745,33.22256851196289,1,0.003966525197029114
683,13.66,stop,0.0,0.0,0.0,0.3111647367477417,-0.9248594641685486,-1.4737470149993896,0.0011573650408536196,0.0055131311528384686,-1.827549233908669,-3.964525247125956,4,0,0,-0.0006161400233395398,0.0009797271341085434,0.001164799788966775,-0.00013633770868182182,-0.0055131311528384686,0.0,0.09082389622926712,0.1645851731300354,0.14158815145492554,0.023371867835521698,49.72712707519531,1,0.02372739091515541,0.192729189991951,-0.17574867606163025,0.0234687402844429,43.493221282958984,1,0.009792103432118893,-0.33262622356414795,0.1548236608505249,0.02270345389842987,33.199501037597656,1,0.008736401796340942,-0.2585285007953644,-0.18196812272071838,0.023228637874126434,33.219234466552734,1,0.003982482478022575
684,13.68,stop,0.0,0.0,0.0,0.31116005778312683,-0.9248726963996887,-1.4737297296524048,0.0010799439623951912,0.00531389843672514,-1.827620097121308,-3.9631455489136136,4,0,0,-0.0005922579439356923,0.0009030556539073586,0.0010881652124226093,-0.0001071443548426032,-0.00531389843672514,0.0,0.09083966910839081,0.16455836594104767,0.14160597324371338,0.023371808230876923,49.72726821899414,1,0.023756694048643112,0.19273090362548828,-0.175728440284729,0.023469001054763794,43.488582611083984,1,0.009782367385923862,-0.3326543867588043,0.15479442477226257,0.022703133523464203,33.200435638427734,1,0.008719677105545998,-0.2585248649120331,-0.18198955059051514,0.023228518664836884,33.38636016845703,1,0.0017544683068990707
685,13.700000000000001,stop,0.0,0.0,0.0,0.3111552894115448,-0.9248854517936707,-1.4737136363983154,0.0010188466403633356,0.005072668194770813,-1.8265614177999558,-3.96132871859439,4,0,0,-0.0006044222391210496,0.0008201965247280896,0.0010315978433936834,-4.5223976485431194e-05,-0.005072668194770813,0.0,0.09084708988666534,0.16453580558300018,0.14162835478782654,0.023371629416942596,49.683738708496094,1,0.0237735565751791,0.19273558259010315,-0.17570346593856812,0.02346908301115036,43.480499267578125,1,0.009823108091950417,-0.33267855644226074,0.154771625995636,0.02270308881998062,33.205841064453125,1,0.008711356669664383,-0.2585183084011078,-0.18200398981571198,0.02322755753993988,33.21353530883789,1,0.004059806000441313
686,13.72,stop,0.0,0.0,0.0,0.31114986538887024,-0.924898087978363,-1.4736992120742798,0.0009597213938832283,0.0048769935965538025,-1.8263155309898353,-3.9598119897118242,4,0,0,-0.0005912936758249998,0.0007559345103800297,0.0009737510699778795,-1.4504417777061462e-05,-0.0048769935965538025,0.0,0.09086113423109055,0.1645127385854721,0.14164523780345917,0.023371443152427673,49.739227294921875,1,0.023758865892887115,0.19273865222930908,-0.17568421363830566,0.023469097912311554,43.492530822753906,1,0.009786823764443398,-0.33270299434661865,0.15474581718444824,0.022702664136886597,33.19939422607422,1,0.00868929922580719,-0.2585136592388153,-0.18202361464500427,0.023227505385875702,33.194881439208984,1,0.004062802530825138
687,13.74,stop,0.0,0.0,0.0,0.31114453077316284,-0.9249104261398315,-1.4736857414245605,0.000895655422937125,0.004699239507317543,-1.8262436005601388,-3.958746053314479,4,0,0,-0.0005633182590827346,0.0006963269552215934,0.0009125404176302254,2.8867507353425026e-06,-0.004699239507317543,0.0,0.09088084846735,0.16448944807052612,0.14165988564491272,0.023371271789073944,49.75312805175781,1,0.02376996912062168,0.19273996353149414,-0.17566707730293274,0.023468904197216034,43.49318313598633,1,0.009782198816537857,-0.3327274024486542,0.15471944212913513,0.022702477872371674,33.204383850097656,1,0.008669925853610039,-0.2585104703903198,-0.18204370141029358,0.02322852611541748,33.216426849365234,1,0.003959247376769781
688,13.76,stop,0.0,0.0,0.0,0.311139851808548,-0.9249217510223389,-1.4736734628677368,0.0008357766200788319,0.004511827602982521,-1.8260164967702357,-3.9578103173981876,4,0,0,-0.0005360007635317743,0.0006412687944248319,0.0008548232726752758,1.7687911167740822e-05,-0.004511827602982521,0.0,0.09089824557304382,0.16446693241596222,0.1416746824979782,0.023371189832687378,49.748783111572266,1,0.023753928020596504,0.19274170696735382,-0.1756504774093628,0.023469045758247375,43.487037658691406,1,0.009809516370296478,-0.3327510356903076,0.154695063829422,0.022702321410179138,33.206809997558594,1,0.008667739108204842,-0.25850799679756165,-0.18206220865249634,0.023228466510772705,33.21844482421875,1,0.003953505307435989
689,13.780000000000001,stop,0.0,0.0,0.0,0.31113582849502563,-0.9249328374862671,-1.4736627340316772,0.0007810795796103776,0.004321614280343056,-1.8257353917972075,-3.956834881007345,4,0,0,-0.0005111540667712688,0.0005905987345613539,0.0008013139595277607,3.1265022698789835e-05,-0.004321614280343056,0.0,0.09091269224882126,0.164446622133255,0.14168819785118103,0.023370981216430664,49.750526428222656,1,0.023742107674479485,0.19274403154850006,-0.1756344437599182,0.023468978703022003,43.484107971191406,1,0.009832603856921196,-0.33277255296707153,0.15467196702957153,0.02270238846540451,33.203826904296875,1,0.008657289668917656,-0.2585039436817169,-0.18208006024360657,0.023228317499160767,33.215118408203125,1,0.0039544603787362576
690,13.8,stop,0.0,0.0,0.0,0.31113192439079285,-0.9249433875083923,-1.4736522436141968,0.0007289312197826803,0.004138704389333725,-1.825421203095387,-3.9559025601856384,4,0,0,-0.0004850468540098518,0.000544123409781605,0.0007498385384678841,4.10086358897388e-05,-0.004138704389333725,0.0,0.09092642366886139,0.16442735493183136,0.14170175790786743,0.02337092161178589,49.75373840332031,1,0.02375182881951332,0.19274647533893585,-0.1756192445755005,0.02346908301115036,43.48158645629883,1,0.00981633085757494,-0.33279263973236084,0.15464943647384644,0.022702082991600037,33.20183563232422,1,0.00863640382885933,-0.2584998607635498,-0.1820971965789795,0.02322842925786972,33.21178436279297,1,0.003944044932723045
691,13.82,stop,0.0,0.0,0.0,0.3111283779144287,-0.924953043460846,-1.4736428260803223,0.0006803172873333097,0.003959548659622669,-1.8250461830212708,-3.955071411541012,4,0,0,-0.00045883780694566667,0.0005022942204959691,0.0007016088347882032,4.7590292524546385e-05,-0.003959548659622669,0.0,0.09093944728374481,0.16440913081169128,0.14171463251113892,0.02337094396352768,49.75412368774414,1,0.023756040260195732,0.19274912774562836,-0.17560389637947083,0.023469142615795135,43.4786491394043,1,0.009807438589632511,-0.33281195163726807,0.15462851524353027,0.022701725363731384,33.200294494628906,1,0.008641931228339672,-0.2584960460662842,-0.1821131557226181,0.023228228092193604,33.20956802368164,1,0.003949203062802553
692,13.84,stop,0.0,0.0,0.0,0.3111248314380646,-0.9249624013900757,-1.4736343622207642,0.00063484808197245,0.0037871694657951593,-1.8246624117672807,-3.9543094185617327,4,0,0,-0.0004329821967985481,0.0004642827552743256,0.0006563841598108411,5.193974357098341e-05,-0.0037871694657951593,0.0,0.0909525603055954,0.16439174115657806,0.14172711968421936,0.023370780050754547,49.75567626953125,1,0.023756425827741623,0.1927514523267746,-0.17558979988098145,0.023469120264053345,43.47719192504883,1,0.009808726608753204,-0.3328307271003723,0.1546085774898529,0.022701658308506012,33.19843292236328,1,0.00862701702862978,-0.258492648601532,-0.1821284294128418,0.023228242993354797,33.2081413269043,1,0.0039445762522518635
693,13.86,stop,0.0,0.0,0.0,0.3111213743686676,-0.9249711632728577,-1.4736264944076538,0.0005922949058003724,0.003621757496148348,-1.8242762926357634,-3.9535085788815487,4,0,0,-0.0004077467310708016,0.00042959966231137514,0.0006140405312180519,5.461374530568719e-05,-0.003621757496148348,0.0,0.0909644365310669,0.16437597572803497,0.14173905551433563,0.023370541632175446,49.761138916015625,1,0.023757191374897957,0.19275453686714172,-0.17557626962661743,0.023469172418117523,43.476280212402344,1,0.00982407946139574,-0.33284711837768555,0.15458965301513672,0.022701606154441833,33.19879913330078,1,0.008619941771030426,-0.25848838686943054,-0.18214304745197296,0.023228071630001068,33.20631408691406,1,0.003946447279304266
694,13.88,stop,0.0,0.0,0.0,0.31111809611320496,-0.924979031085968,-1.4736192226409912,0.000551770266611129,0.003454659366980195,-1.8239247513369194,-3.9527482934495617,4,0,0,-0.0003823470033239573,0.00039782049134373665,0.0005739108310081065,5.5348267778754234e-05,-0.003454659366980195,0.0,0.09097597748041153,0.16436132788658142,0.14174985885620117,0.02337062358856201,49.76310348510742,1,0.023732952773571014,0.19275778532028198,-0.17556339502334595,0.023469217121601105,43.4769287109375,1,0.009816151112318039,-0.3328627347946167,0.1545713245868683,0.022701367735862732,33.19640350341797,1,0.008612839505076408,-0.2584839463233948,-0.1821569800376892,0.023228153586387634,33.217952728271484,1,0.003940802998840809
695,13.9,stop,0.0,0.0,0.0,0.31111496686935425,-0.9249865412712097,-1.4736125469207764,0.0005135228857398033,0.00331064872443676,-1.823548877489157,-3.952013194340139,4,0,0,-0.0003589654515963048,0.0003672187158372253,0.0005360990180633962,5.695270374417305e-05,-0.00331064872443676,0.0,0.09098640829324722,0.1643477976322174,0.14176112413406372,0.02337052673101425,49.76359558105469,1,0.02375749871134758,0.1927616000175476,-0.17555102705955505,0.023469358682632446,43.47677993774414,1,0.009835007600486279,-0.33287715911865234,0.1545543372631073,0.022701427340507507,33.196197509765625,1,0.008599602617323399,-0.25847959518432617,-0.18217015266418457,0.023228131234645844,33.20444869995117,1,0.003944783471524715
696,13.92,stop,0.0,0.0,0.0,0.31111204624176025,-0.9249935150146484,-1.4736062288284302,0.00047771126264706254,0.0031628261785954237,-1.8231800472739765,-3.9513024277796345,4,0,0,-0.0003358168760314584,0.00033975738915614784,0.0005007414729334414,5.668692756444216e-05,-0.0031628261785954237,0.0,0.09099530428647995,0.1643354296684265,0.14177173376083374,0.023370161652565002,49.769371032714844,1,0.023734336718916893,0.1927650272846222,-0.17553898692131042,0.02346942573785782,43.47654342651367,1,0.009816430509090424,-0.3328906297683716,0.15453851222991943,0.022701077163219452,33.19538497924805,1,0.008579342626035213,-0.2584749162197113,-0.18218201398849487,0.02322813868522644,33.21500778198242,1,0.003937970381230116
697,13.94,stop,0.0,0.0,0.0,0.3111093044281006,-0.9250003695487976,-1.4736007452011108,0.0004426160594448447,0.003034444060176611,-1.8228581746093395,-3.950709481982313,4,0,0,-0.0003133791615255177,0.00031257394584827125,0.00046636839397251606,5.693774437531829e-05,-0.003034444060176611,0.0,0.09100498259067535,0.16432267427444458,0.14178085327148438,0.023370161652565002,49.770042419433594,1,0.023748287931084633,0.19276802241802216,-0.1755281388759613,0.02346951514482498,43.476741790771484,1,0.009844417683780193,-0.3329036831855774,0.15452250838279724,0.02270127832889557,33.19541931152344,1,0.008589643985033035,-0.25847098231315613,-0.18219435214996338,0.02322714775800705,33.19204330444336,1,0.004029333125799894
698,13.96,stop,0.0,0.0,0.0,0.31110653281211853,-0.9250067472457886,-1.4735956192016602,0.00045916641829535365,0.0023116269148886204,-1.8241766145625635,-3.9502539937420376,4,0,0,-0.0003957859589718282,0.0002327816328033805,0.0004544230760075152,0.00017021788517013192,-0.0023116269148886204,0.0,0.09103050082921982,0.16431015729904175,0.14176344871520996,0.02337045967578888,49.550289154052734,1,0.026403125375509262,0.19277004897594452,-0.17552661895751953,0.023469410836696625,43.50905990600586,1,0.009506580419838428,-0.3329167664051056,0.15449997782707214,0.022701077163219452,33.19511032104492,1,0.008727935142815113,-0.25846803188323975,-0.18221306800842285,0.023228242993354797,33.14834976196289,1,0.004215257242321968
699,13.98,stop,0.0,0.0,0.0,0.3111029267311096,-0.9250131845474243,-1.473590612411499,0.00041214952943846583,0.0028074930887669325,-1.8239616770471199,-3.9494531540618536,4,0,0,-0.0003005199832841754,0.0002820549125317484,0.00043312061461620033,6.565870717167854e-05,-0.0028074930887669325,0.0,0.09103851020336151,0.16430020332336426,0.1417737901210785,0.02337026596069336,49.78643798828125,1,0.023772845044732094,0.19277384877204895,-0.17551776766777039,0.02346951514482498,43.46946334838867,1,0.009798738174140453,-0.332926869392395,0.1544855237007141,0.022700995206832886,33.20378875732422,1,0.00856828223913908,-0.25846338272094727,-0.18222421407699585,0.023228146135807037,33.20826721191406,1,0.003917249850928783
700,14.0,stop,0.0,0.0,0.0,0.3111003637313843,-0.9250190854072571,-1.473586082458496,0.0003821508726105094,0.0027217918541282415,-1.8225094080748458,-3.9487496445773425,4,0,0,-0.0002767914265859872,0.0002634877455420792,0.00040691581671126187,6.0506892623379827e-05,-0.0027217918541282415,0.0,0.09104231745004654,0.16429050266742706,0.14178819954395294,0.023370161652565002,49.79325485229492,1,0.023752868175506592,0.1927773803472519,-0.1755024492740631,0.02346944808959961,43.475364685058594,1,0.009845311753451824,-0.33293741941452026,0.15447771549224854,0.022701039910316467,33.19831848144531,1,0.008581838570535183,-0.25845929980278015,-0.18222951889038086,0.02322801947593689,33.197776794433594,1,0.003932831343263388
701,14.02,stop,0.0,0.0,0.0,0.3110983669757843,-0.9250245690345764,-1.4735817909240723,0.00035167450550943613,0.0026435223408043385,-1.8219017346821262,-3.9481942648204558,4,0,0,-0.0002539867418818176,0.00024323997786268592,0.0003780595725402236,5.62430068384856e-05,-0.0026435223408043385,0.0,0.09104862809181213,0.16428078711032867,0.14179787039756775,0.023370273411273956,49.78599548339844,1,0.023733578622341156,0.1927807629108429,-0.175491601228714,0.02346958965063095,43.4722900390625,1,0.0098403450101614,-0.33294764161109924,0.15446585416793823,0.022700965404510498,33.19120407104492,1,0.008567940443754196,-0.2584551274776459,-0.18223810195922852,0.02322816103696823,33.195037841796875,1,0.003913966938853264
702,14.040000000000001,stop,0.0,0.0,0.0,0.31109657883644104,-0.9250295758247375,-1.4735779762268066,0.00032225754694081843,0.002568010939285159,-1.8215608655538602,-3.9477789039415545,4,0,0,-0.0002296179736731574,0.00022610952146351337,0.00035025086253881454,4.861954948864877e-05,-0.002568010939285159,0.0,0.09105482697486877,0.164271280169487,0.1418055295944214,0.023369930684566498,49.78375244140625,1,0.023730488494038582,0.19278408586978912,-0.17548298835754395,0.02346961200237274,43.47180938720703,1,0.009852313436567783,-0.3329576551914215,0.1544530987739563,0.022700756788253784,33.19221878051758,1,0.008558941073715687,-0.25845101475715637,-0.18224814534187317,0.023227088153362274,33.18540573120117,1,0.004021970089524984
703,14.06,stop,0.0,0.0,0.0,0.31109490990638733,-0.9250338673591614,-1.4735742807388306,0.0002965980675071478,0.002464785473421216,-1.8212135931232474,-3.947550946378005,4,0,0,-0.00020710226090159267,0.00021231832215562463,0.00032648988417349756,4.044888191856444e-05,-0.002464785473421216,0.0,0.09106426686048508,0.16426140069961548,0.14181393384933472,0.02336999773979187,49.7838249206543,1,0.023720454424619675,0.192786306142807,-0.17547330260276794,0.023469649255275726,43.47209167480469,1,0.0098404660820961,-0.33296847343444824,0.1544414460659027,0.022700801491737366,33.19200134277344,1,0.008564380928874016,-0.25844812393188477,-0.1822565793991089,0.02322816103696823,33.197330474853516,1,0.0039180489256978035
704,14.08,stop,0.0,0.0,0.0,0.3110935688018799,-0.9250375032424927,-1.473570704460144,0.0002724678488448262,0.0023713705595582724,-1.8209216025362294,-3.9472563944700485,4,0,0,-0.00018745174747891724,0.00019773865642491728,0.0003033520479220897,3.4727127058431506e-05,-0.0023713705595582724,0.0,0.09107042849063873,0.1642528921365738,0.14182201027870178,0.0233699232339859,49.779598236083984,1,0.02374633029103279,0.19278927147388458,-0.17546424269676208,0.02346944808959961,43.4705924987793,1,0.00983670074492693,-0.3329775333404541,0.1544305384159088,0.022700756788253784,33.19175720214844,1,0.008541014045476913,-0.25844496488571167,-0.18226474523544312,0.02322801947593689,33.19613265991211,1,0.003917442634701729
705,14.1,stop,0.0,0.0,0.0,0.3110923171043396,-0.925041139125824,-1.4735676050186157,0.0002502486458979547,0.002275575650855899,-1.8207015423789081,-3.9469665383171457,4,0,0,-0.0001690574426902458,0.00018451007781550288,0.000281651271507144,2.8936192393302917e-05,-0.002275575650855899,0.0,0.09107660502195358,0.16424421966075897,0.14182907342910767,0.023369796574115753,49.780174255371094,1,0.02374354377388954,0.19279178977012634,-0.1754559874534607,0.02346964180469513,43.47010040283203,1,0.009828008711338043,-0.3329865336418152,0.15441974997520447,0.022700607776641846,33.19023132324219,1,0.008533958345651627,-0.25844138860702515,-0.18227297067642212,0.023228175938129425,33.208534240722656,1,0.0039085932075977325
706,14.120000000000001,stop,0.0,0.0,0.0,0.31109100580215454,-0.9250443577766418,-1.4735645055770874,0.00023020428488962352,0.0021810284815728664,-1.8205092298650898,-3.94670485669457,4,0,0,-0.0001527551212348044,0.00017222046153619885,0.0002618512080516666,2.4101027520373464e-05,-0.0021810284815728664,0.0,0.0910826325416565,0.1642363965511322,0.14183610677719116,0.023369930684566498,49.77732467651367,1,0.02372060902416706,0.19279460608959198,-0.17544814944267273,0.02346980571746826,43.470279693603516,1,0.009837835095822811,-0.3329946994781494,0.15440914034843445,0.022700540721416473,33.19065856933594,1,0.00853619072586298,-0.25843775272369385,-0.1822809875011444,0.023228123784065247,33.20885467529297,1,0.003919490613043308
707,14.14,stop,0.0,0.0,0.0,0.31108975410461426,-0.925046980381012,-1.4735617637634277,0.0002103822771459818,0.0021066402550786734,-1.8203053914070473,-3.946454701016218,4,0,0,-0.00013795569248031825,0.0001588361628819257,0.00024217214377131313,2.112874062731862e-05,-0.0021066402550786734,0.0,0.09108798205852509,0.16422989964485168,0.14184314012527466,0.02336999773979187,49.7769889831543,1,0.023722343146800995,0.1927979290485382,-0.1754406988620758,0.023469887673854828,43.47148513793945,1,0.009843944571912289,-0.33300209045410156,0.1543995440006256,0.022700347006320953,33.18995666503906,1,0.008520216681063175,-0.2584342658519745,-0.1822880059480667,0.023227959871292114,33.19462966918945,1,0.003906431142240763
708,14.16,stop,0.0,0.0,0.0,0.3110884726047516,-0.9250492453575134,-1.473559856414795,0.0001910324936034158,0.0020288326777517796,-1.8201679338500008,-3.946228024113138,4,0,0,-0.0001227638276759535,0.00014636410924140364,0.00022312307555694133,1.735326077323407e-05,-0.0020288326777517796,0.0,0.09109372645616531,0.16422295570373535,0.14184927940368652,0.023369796574115753,49.77802276611328,1,0.023736687377095222,0.1928010731935501,-0.1754334270954132,0.02346993237733841,43.472137451171875,1,0.009828099049627781,-0.3330093026161194,0.154389888048172,0.02270027995109558,33.19107437133789,1,0.008520212955772877,-0.2584303021430969,-0.1822955161333084,0.02322794497013092,33.19374084472656,1,0.003899303497746587
709,14.18,stop,0.0,0.0,0.0,0.3110872507095337,-0.925051212310791,-1.4735578298568726,0.00017381073848810047,0.0019504243973642588,-1.8200475517658794,-3.9460192764566298,4,0,0,-0.00010812888649525121,0.00013608203153125942,0.00020611639774870127,1.2620119377970695e-05,-0.0019504243973642588,0.0,0.0910993292927742,0.16421714425086975,0.1418551206588745,0.02336966246366501,49.779109954833984,1,0.02373185195028782,0.19280466437339783,-0.17542660236358643,0.02346981316804886,43.471961975097656,1,0.009832454845309258,-0.33301571011543274,0.1543804109096527,0.022700272500514984,33.191219329833984,1,0.008526611141860485,-0.2584264874458313,-0.18230275809764862,0.023228004574775696,33.19394302368164,1,0.003900443436577916
710,14.200000000000001,stop,0.0,0.0,0.0,0.3110860586166382,-0.9250527024269104,-1.4735554456710815,0.0001574716588947922,0.0018729156581684947,-1.8199058253406015,-3.9458250429521073,4,0,0,-9.481548477197066e-05,0.0001257272670045495,0.00018994970014318824,8.982999133877456e-06,-0.0018729156581684947,0.0,0.09110432118177414,0.1642107516527176,0.14186136424541473,0.02336978167295456,49.77685546875,1,0.023717127740383148,0.19280749559402466,-0.1754191815853119,0.023469746112823486,43.47364807128906,1,0.009842691011726856,-0.33302223682403564,0.15437239408493042,0.022700265049934387,33.18943405151367,1,0.00853588618338108,-0.25842300057411194,-0.1823086440563202,0.023227930068969727,33.1940803527832,1,0.003899423638358712
711,14.22,stop,0.0,0.0,0.0,0.3110849857330322,-0.925054132938385,-1.4735537767410278,0.00014243107580114156,0.0018029159400612116,-1.8198447805248945,-3.9456513000150952,4,0,0,-8.36742328829132e-05,0.00011526158777996898,0.0001750146911945194,7.0726091507822275e-06,-0.0018029159400612116,0.0,0.09110911190509796,0.16420629620552063,0.1418667435646057,0.02336982637643814,49.777896881103516,1,0.02371842786669731,0.19281092286109924,-0.17541301250457764,0.02346991002559662,43.473411560058594,1,0.00982695259153843,-0.3330274820327759,0.15436387062072754,0.022700168192386627,33.189395904541016,1,0.008523285388946533,-0.258419007062912,-0.18231512606143951,0.023228056728839874,33.19438552856445,1,0.0039004485588520765
712,14.24,stop,0.0,0.0,0.0,0.31108391284942627,-0.9250553250312805,-1.4735521078109741,0.00012921860616188496,0.0017250910168513656,-1.8197901390115345,-3.9454715806625593,4,0,0,-7.254390948219225e-05,0.00010693375952541828,0.0001617117231944576,3.8035796023905277e-06,-0.0017250910168513656,0.0,0.09111400693655014,0.16420088708400726,0.14187222719192505,0.02336963266134262,49.77922058105469,1,0.02370314672589302,0.19281384348869324,-0.17540666460990906,0.02346991002559662,43.474021911621094,1,0.009829318150877953,-0.3330332040786743,0.1543559432029724,0.02270021289587021,33.19024658203125,1,0.008504322730004787,-0.2584153413772583,-0.18232089281082153,0.023228123784065247,33.20781707763672,1,0.0038854347076267004
713,14.26,stop,0.0,0.0,0.0,0.3110828697681427,-0.9250562191009521,-1.4735506772994995,0.00011634173279162496,0.0016636895015835762,-1.8196936625895082,-3.945253014609119,4,0,0,-6.33334566373378e-05,9.759238309925422e-05,0.00014895322965458035,2.715081791393459e-06,-0.0016636895015835762,0.0,0.09111757576465607,0.16419696807861328,0.1418776512145996,0.0233696848154068,49.775970458984375,1,0.02372404932975769,0.1928175985813141,-0.1754007339477539,0.023469872772693634,43.47434997558594,1,0.009837187826633453,-0.3330375552177429,0.15434879064559937,0.022700220346450806,33.19088363647461,1,0.008513350039720535,-0.2584115266799927,-0.18232622742652893,0.023228131234645844,33.194602966308594,1,0.0038982366677373648
714,14.280000000000001,stop,0.0,0.0,0.0,0.3110819458961487,-0.9250569939613342,-1.4735490083694458,0.00010450700210640207,0.0016046511009335518,-1.8196161826311108,-3.945045120726257,4,0,0,-5.450199751066975e-05,8.916976366890594e-05,0.00013708100595977157,1.308653736487031e-06,-0.0016046511009335518,0.0,0.09112051874399185,0.16419310867786407,0.14188283681869507,0.02336953580379486,49.77762985229492,1,0.02371220476925373,0.19282083213329315,-0.1753949522972107,0.023469671607017517,43.47581481933594,1,0.009813562035560608,-0.3330420255661011,0.15434220433235168,0.022700056433677673,33.1899528503418,1,0.008502978831529617,-0.25840792059898376,-0.18233135342597961,0.02322809398174286,33.19356918334961,1,0.003893965156748891
715,14.3,stop,0.0,0.0,0.0,0.31108105182647705,-0.925057590007782,-1.473547101020813,9.34336130740121e-05,0.0015462220180779696,-1.8195600470138698,-3.944847899013973,4,0,0,-4.630698458640836e-05,8.115111268125474e-05,0.00012603533104993403,1.9071740098297596e-07,-0.0015462220180779696,0.0,0.09112358093261719,0.16418907046318054,0.14188790321350098,0.023369483649730682,49.77783966064453,1,0.0237213596701622,0.1928236335515976,-0.17538926005363464,0.023470014333724976,43.47630310058594,1,0.009827617555856705,-0.33304649591445923,0.15433591604232788,0.022700011730194092,33.18922424316406,1,0.00849513802677393,-0.2584046423435211,-0.18233567476272583,0.023228056728839874,33.19415283203125,1,0.003871731925755739
716,14.32,stop,0.0,0.0,0.0,0.31108030676841736,-0.925058126449585,-1.4735463857650757,8.369838906219229e-05,0.0014785324456170201,-1.819581818241849,-3.9446908046630624,4,0,0,-3.931285391445272e-05,7.389127131318673e-05,0.00011635891132755205,-4.6632339945062995e-07,-0.0014785324456170201,0.0,0.09112688153982162,0.16418568789958954,0.1418919563293457,0.023369520902633667,49.77666091918945,1,0.023699136450886726,0.19282715022563934,-0.17538461089134216,0.023470021784305573,43.47683334350586,1,0.009853481315076351,-0.3330502510070801,0.1543292999267578,0.022700078785419464,33.18850326538086,1,0.008499780669808388,-0.2584008574485779,-0.18234094977378845,0.023228153586387634,33.20717239379883,1,0.003897386835888028
717,14.34,stop,0.0,0.0,0.0,0.31107965111732483,-0.9250582456588745,-1.4735454320907593,7.391136750811711e-05,0.0014334347797557712,-1.8195717864015057,-3.9445191961601656,4,0,0,-3.379801273695193e-05,6.573115388164297e-05,0.0001068151177605614,5.428883014246821e-07,-0.0014334347797557712,0.0,0.09112946689128876,0.1641828417778015,0.1418960988521576,0.023369483649730682,49.7731819152832,1,0.023716865107417107,0.192830428481102,-0.1753796935081482,0.023469969630241394,43.47721862792969,1,0.009837649762630463,-0.3330535292625427,0.15432322025299072,0.02270001918077469,33.18885040283203,1,0.008499808609485626,-0.2583971619606018,-0.18234510719776154,0.02322811633348465,33.19488525390625,1,0.0038717479910701513
718,14.36,stop,0.0,0.0,0.0,0.3110789656639099,-0.9250585436820984,-1.473544716835022,6.628203118452802e-05,0.0013763767201453447,-1.8195993206015972,-3.9443821654899422,4,0,0,-2.8898901291540824e-05,5.9650326875271276e-05,9.91422712104395e-05,6.549962563440204e-07,-0.0013763767201453447,0.0,0.09113242477178574,0.16418005526065826,0.14189980924129486,0.02336955815553665,49.772769927978516,1,0.023689040914177895,0.19283358752727509,-0.17537572979927063,0.02347002923488617,43.47700119018555,1,0.009841286577284336,-0.3330564498901367,0.15431690216064453,0.02270006388425827,33.18903732299805,1,0.008510973304510117,-0.25839340686798096,-0.1823500394821167,0.023228131234645844,33.20679473876953,1,0.0038984683342278004
719,14.38,stop,0.0,0.0,0.0,0.31107833981513977,-0.9250587224960327,-1.4735437631607056,5.852236790815368e-05,0.0013398908777162433,-1.8195841661193763,-3.944248123027481,4,0,0,-2.521051101211924e-05,5.2813804359175265e-05,9.157657768810168e-05,2.148794010281563e-06,-0.0013398908777162433,0.0,0.09113474190235138,0.1641773134469986,0.1419041007757187,0.02336941659450531,49.77204513549805,1,0.02369838021695614,0.1928364634513855,-0.1753711700439453,0.023469962179660797,43.47762680053711,1,0.009839496575295925,-0.3330596089363098,0.15431156754493713,0.022700071334838867,33.19004821777344,1,0.008502718061208725,-0.2583904266357422,-0.18235397338867188,0.023228012025356293,33.195011138916016,1,0.003878421848639846
720,14.4,stop,0.0,0.0,0.0,0.311077743768692,-0.925058901309967,-1.4735431671142578,5.116884130984545e-05,0.0012956507271155715,-1.8196029491395938,-3.944166587644264,4,0,0,-2.0924280761391856e-05,4.669501868193038e-05,8.436797361355275e-05,2.8078138711862266e-06,-0.0012956507271155715,0.0,0.0911373496055603,0.16417421400547028,0.14190725982189178,0.023369356989860535,49.773468017578125,1,0.023695707321166992,0.19283908605575562,-0.17536687850952148,0.023470163345336914,43.47815704345703,1,0.009852181188762188,-0.3330628275871277,0.15430611371994019,0.022699862718582153,33.19002914428711,1,0.008504065684974194,-0.2583872675895691,-0.18235823512077332,0.023228012025356293,33.19356918334961,1,0.003899514675140381
721,14.42,stop,0.0,0.0,0.0,0.31107717752456665,-0.9250585436820984,-1.4735426902770996,4.4173906644573435e-05,0.0012537071015685797,-1.8196213052729882,-3.9441106654704345,4,0,0,-1.64899647643324e-05,4.098066710866988e-05,7.74577129050158e-05,3.132226993329823e-06,-0.0012537071015685797,0.0,0.09114022552967072,0.1641722321510315,0.1419108808040619,0.023369446396827698,49.77328109741211,1,0.02372947335243225,0.19284215569496155,-0.17536291480064392,0.02347014844417572,43.47767639160156,1,0.009836528450250626,-0.3330651521682739,0.15430095791816711,0.022699885070323944,33.19025802612305,1,0.00847088173031807,-0.25838401913642883,-0.18236203491687775,0.023228131234645844,33.194358825683594,1,0.0038727123755961657
722,14.44,stop,0.0,0.0,0.0,0.31107673048973083,-0.9250584244728088,-1.473542332649231,3.921877942048013e-05,0.001200951635837555,-1.8196381673025017,-3.944044924899673,4,0,0,-1.2256918125785887e-05,3.725427086465061e-05,7.204068242572248e-05,2.2754757083021104e-06,-0.001200951635837555,0.0,0.0911426842212677,0.16416960954666138,0.14191420376300812,0.023369327187538147,49.77166748046875,1,0.023700466379523277,0.19284500181674957,-0.17535901069641113,0.023470155894756317,43.47770690917969,1,0.009825619868934155,-0.33306801319122314,0.15429624915122986,0.022699952125549316,33.19078826904297,1,0.008486327715218067,-0.25838106870651245,-0.1823655664920807,0.023228153586387634,33.20729064941406,1,0.0038825408555567265
723,14.46,stop,0.0,0.0,0.0,0.3110763430595398,-0.9250582456588745,-1.4735416173934937,3.415604442125186e-05,0.0011676987633109093,-1.8196400882932058,-3.9439599744218707,4,0,0,-1.0008722711063456e-05,3.2656713301548734e-05,6.714077608194202e-05,3.4785043681040406e-06,-0.0011676987633109093,0.0,0.09114456921815872,0.16416770219802856,0.14191776514053345,0.02336951345205307,49.76923751831055,1,0.023717911913990974,0.19284750521183014,-0.17535525560379028,0.02347026765346527,43.477054595947266,1,0.009829368442296982,-0.3330703377723694,0.15429174900054932,0.022700048983097076,33.1914176940918,1,0.008495164103806019,-0.25837814807891846,-0.18236902356147766,0.02322816103696823,33.19486618041992,1,0.003883850295096636
724,14.48,stop,0.0,0.0,0.0,0.311075896024704,-0.9250577092170715,-1.4735409021377563,2.9360711778281257e-05,0.0011354825692251325,-1.8196251472543963,-3.9438566678106746,4,0,0,-7.21433934813831e-06,2.8460581233957782e-05,6.216123438207433e-05,3.983357601100579e-06,-0.0011354825692251325,0.0,0.09114494174718857,0.16416536271572113,0.1419212818145752,0.023369453847408295,49.77041244506836,1,0.02371518313884735,0.19284993410110474,-0.17535099387168884,0.02347012609243393,43.4775505065918,1,0.009809305891394615,-0.3330727815628052,0.15428796410560608,0.022699981927871704,33.19154739379883,1,0.00848293025046587,-0.2583754360675812,-0.18237155675888062,0.023227229714393616,33.18220138549805,1,0.003962506540119648
725,14.5,stop,0.0,0.0,0.0,0.3110755980014801,-0.9250572323799133,-1.473540186882019,2.7609346943791024e-05,0.0010866523953154683,-1.819680429097991,-3.943827212619879,4,0,0,-4.633390744857024e-06,2.721778400882613e-05,6.0065925936214626e-05,2.9995244403835386e-06,-0.0010866523953154683,0.0,0.09114785492420197,0.16416320204734802,0.14192429184913635,0.02336931973695755,49.77393341064453,1,0.023688536137342453,0.19285240769386292,-0.1753477156162262,0.02347029745578766,43.479270935058594,1,0.009831804782152176,-0.3330749273300171,0.15428367257118225,0.02269984781742096,33.191375732421875,1,0.008486147969961166,-0.2583729028701782,-0.182374507188797,0.02322825789451599,33.195091247558594,1,0.003877383191138506
726,14.52,stop,0.0,0.0,0.0,0.3110754191875458,-0.9250566363334656,-1.4735398292541504,2.3001586669124663e-05,0.0010549520375207067,-1.8197276000919465,-3.943800318750022,4,0,0,-2.557210791565012e-06,2.28589942707913e-05,5.560026693274267e-05,4.249439371051267e-06,-0.0010549520375207067,0.0,0.09114907681941986,0.16416147351264954,0.14192739129066467,0.02336934208869934,49.769596099853516,1,0.02369956485927105,0.19285453855991364,-0.17534402012825012,0.023470357060432434,43.47861862182617,1,0.009825908578932285,-0.3330768942832947,0.15427985787391663,0.02269977331161499,33.191871643066406,1,0.008483891375362873,-0.25836995244026184,-0.18237736821174622,0.023228101432323456,33.195411682128906,1,0.0038797850720584393
727,14.540000000000001,stop,0.0,0.0,0.0,0.31107521057128906,-0.9250562787055969,-1.4735397100448608,1.9297711332910694e-05,0.001025869743898511,-1.8198136177868065,-3.9437580569545325,4,0,0,-8.0749009612191e-07,1.9280809283372946e-05,5.180072184884921e-05,5.19243985763751e-06,-0.001025869743898511,0.0,0.0911506786942482,0.1641598641872406,0.14192967116832733,0.023369356989860535,49.76520538330078,1,0.02371690422296524,0.1928570568561554,-0.17534157633781433,0.023470409214496613,43.47815704345703,1,0.009849215857684612,-0.33307865262031555,0.15427574515342712,0.0226997509598732,33.19132614135742,1,0.008487453684210777,-0.25836750864982605,-0.18238060176372528,0.023228146135807037,33.194461822509766,1,0.003891813335940242
728,14.56,stop,0.0,0.0,0.0,0.31107503175735474,-0.9250556826591492,-1.4735394716262817,1.625583172426559e-05,0.0009998518507927656,-1.819862069441231,-3.943740127707961,4,0,0,6.078520868868509e-07,1.624446304049343e-05,4.83549119962845e-05,5.923720891587436e-06,-0.0009998518507927656,0.0,0.09115234017372131,0.16415847837924957,0.1419321596622467,0.023369334638118744,49.76681137084961,1,0.023692604154348373,0.1928595006465912,-0.17533856630325317,0.023470439016819,43.4790153503418,1,0.009833438321948051,-0.3330807685852051,0.15427237749099731,0.02269977331161499,33.19076156616211,1,0.008474337868392467,-0.2583652138710022,-0.18238328397274017,0.02322813868522644,33.19431686401367,1,0.003875690745189786
729,14.58,stop,0.0,0.0,0.0,0.31107470393180847,-0.9250549674034119,-1.473539113998413,1.3186243450036272e-05,0.0009686031844466925,-1.81988512132968,-3.943678656005431,4,0,0,1.8840089524019277e-06,1.3050958841631655e-05,4.5014261559117585e-05,6.926116839167662e-06,-0.0009686031844466925,0.0,0.09115326404571533,0.16415710747241974,0.14193497598171234,0.023369349539279938,49.765769958496094,1,0.023701144382357597,0.19286198914051056,-0.17533546686172485,0.023470431566238403,43.47902297973633,1,0.0098299914970994,-0.33308184146881104,0.15426892042160034,0.022699683904647827,33.191776275634766,1,0.008475587703287601,-0.2583625018596649,-0.18238559365272522,0.023228123784065247,33.194332122802734,1,0.003872344736009836
730,14.6,stop,0.0,0.0,0.0,0.31107446551322937,-0.9250542521476746,-1.4735387563705444,1.067870562110329e-05,0.0009392028441652656,-1.819923754587173,-3.943579618262466,4,0,0,2.8646879854932195e-06,1.028728911478538e-05,4.2174266127403826e-05,7.87726094131358e-06,-0.0009392028441652656,0.0,0.09115429222583771,0.16415631771087646,0.14193737506866455,0.02336924523115158,49.76655960083008,1,0.023676779121160507,0.19286425411701202,-0.17533248662948608,0.02347049117088318,43.47980880737305,1,0.009830123744904995,-0.3330833315849304,0.1542658805847168,0.022699937224388123,33.19186019897461,1,0.008473474532365799,-0.2583598494529724,-0.18238751590251923,0.023228198289871216,33.1946907043457,1,0.0038502556271851063
731,14.620000000000001,stop,0.0,0.0,0.0,0.3110741674900055,-0.9250533580780029,-1.4735389947891235,8.270610123872757e-06,0.0009100344614125788,-1.8199719927981861,-3.943506193728888,4,0,0,3.5814989587379387e-06,7.4549211603880394e-06,3.9596474380232394e-05,9.144779141934123e-06,-0.0009100344614125788,0.0,0.09115494787693024,0.16415563225746155,0.14193999767303467,0.023369349539279938,49.764949798583984,1,0.023680496960878372,0.19286693632602692,-0.17532965540885925,0.02347036451101303,43.480712890625,1,0.009828655049204826,-0.3330842852592468,0.15426301956176758,0.022699840366840363,33.191001892089844,1,0.008477825671434402,-0.2583569288253784,-0.1823902130126953,0.023228250443935394,33.19438934326172,1,0.0038718925788998604
732,14.64,stop,0.0,0.0,0.0,0.3110739290714264,-0.9250525832176208,-1.473538875579834,6.291461886576144e-06,0.0008844999829307199,-1.8200402946898862,-3.9434801536326773,4,0,0,3.814930096268654e-06,5.002878879167838e-06,3.763174754567444e-05,1.0552456842560787e-05,-0.0008844999829307199,0.0,0.09115616232156754,0.16415470838546753,0.14194214344024658,0.023369349539279938,49.76420593261719,1,0.023695236071944237,0.1928693652153015,-0.17532718181610107,0.023470371961593628,43.481468200683594,1,0.009827549569308758,-0.3330850601196289,0.15425953269004822,0.022699765861034393,33.19172668457031,1,0.008481289260089397,-0.25835442543029785,-0.182392418384552,0.023228108882904053,33.19456100463867,1,0.003872376400977373
733,14.66,stop,0.0,0.0,0.0,0.31107378005981445,-0.9250518679618835,-1.4735389947891235,4.47759839516948e-06,0.0008612275123596191,-1.8200840505892566,-3.943476311651269,4,0,0,3.7244333270791685e-06,2.485454160705558e-06,3.5847697290591896e-05,1.2264441465958953e-05,-0.0008612275123596191,0.0,0.09115726500749588,0.16415350139141083,0.1419444978237152,0.023369409143924713,49.76386260986328,1,0.02371305599808693,0.19287164509296417,-0.17532488703727722,0.023470468819141388,43.48140335083008,1,0.00982933584600687,-0.3330864906311035,0.15425655245780945,0.022699713706970215,33.192222595214844,1,0.008481553755700588,-0.25835198163986206,-0.18239465355873108,0.023228198289871216,33.19482421875,1,0.0038786998484283686
734,14.68,stop,0.0,0.0,0.0,0.31107357144355774,-0.925051212310791,-1.4735392332077026,3.945305252273101e-06,0.0008381027728319168,-1.8201504314902526,-3.9434131324014468,4,0,0,3.933671450795373e-06,3.027561774615606e-07,3.408647535252385e-05,1.3511282304534689e-05,-0.0008381027728319168,0.0,0.09115834534168243,0.16415297985076904,0.14194607734680176,0.023369304835796356,49.76219940185547,1,0.023670852184295654,0.192874014377594,-0.17532265186309814,0.023470290005207062,43.481956481933594,1,0.009835894219577312,-0.3330872654914856,0.15425357222557068,0.02269982546567917,33.1927375793457,1,0.008479844778776169,-0.25834935903549194,-0.18239691853523254,0.023228220641613007,33.194610595703125,1,0.0038802174385637045
735,14.700000000000001,stop,0.0,0.0,0.0,0.31107330322265625,-0.9250504374504089,-1.4735392332077026,3.872871729981853e-06,0.0008180074510164559,-1.820183942105868,-3.9433486724911546,4,0,0,3.3941630590561545e-06,-1.8651521713763941e-06,3.280302189523354e-05,1.53256314661121e-05,-0.0008180074510164559,0.0,0.09115871787071228,0.1641523391008377,0.1419486105442047,0.02336929738521576,49.76300048828125,1,0.0237054992467165,0.1928761601448059,-0.17532050609588623,0.023470446467399597,43.48294448852539,1,0.00983378104865551,-0.33308786153793335,0.15425091981887817,0.022699572145938873,33.19301223754883,1,0.008467612788081169,-0.25834715366363525,-0.18239876627922058,0.02322819083929062,33.19459915161133,1,0.003869443666189909
736,14.72,stop,0.0,0.0,0.0,0.3110732436180115,-0.9250496029853821,-1.473539113998413,5.110373422212433e-06,0.0007948995335027575,-1.820219587155599,-3.943329889470937,4,0,0,3.4104705264326185e-06,-3.805864707828732e-06,3.13915588776581e-05,1.6587169739068486e-05,-0.0007948995335027575,0.0,0.09115957468748093,0.1641513705253601,0.1419503390789032,0.02336922287940979,49.761810302734375,1,0.023694686591625214,0.19287779927253723,-0.17531776428222656,0.023470431566238403,43.481666564941406,1,0.00982190016657114,-0.3330889344215393,0.15424853563308716,0.022699840366840363,33.193546295166016,1,0.008475905284285545,-0.25834500789642334,-0.1824004352092743,0.023228265345096588,33.19451141357422,1,0.0038780872710049152
737,14.74,stop,0.0,0.0,0.0,0.31107297539711,-0.9250489473342896,-1.4735392332077026,5.720602985093137e-06,0.0007745926850475371,-1.8202665447061428,-3.9432931772041484,4,0,0,2.6277059532731073e-06,-5.081383733340772e-06,3.090935933869332e-05,1.8005826859734952e-05,-0.0007745926850475371,0.0,0.09115996211767197,0.16415095329284668,0.14195239543914795,0.02336912602186203,49.7617301940918,1,0.0236993245780468,0.19288012385368347,-0.1753159761428833,0.023470371961593628,43.482540130615234,1,0.009834019467234612,-0.3330899477005005,0.15424636006355286,0.022699594497680664,33.194007873535156,1,0.00846650917083025,-0.25834280252456665,-0.1824023723602295,0.023228175938129425,33.19451904296875,1,0.0038831515703350306
738,14.76,stop,0.0,0.0,0.0,0.31107282638549805,-0.9250481128692627,-1.4735394716262817,7.300204288185341e-06,0.0007549886940978467,-1.8203357003714893,-3.9432381088039654,4,0,0,2.34229764828342e-06,-6.914233381394297e-06,2.9799799449392594e-05,1.944625546457246e-05,-0.0007549886940978467,0.0,0.09116069227457047,0.16415105760097504,0.1419537216424942,0.02336926758289337,49.761940002441406,1,0.023702437058091164,0.1928824633359909,-0.1753143072128296,0.02347051352262497,43.48329162597656,1,0.00984348263591528,-0.3330901265144348,0.15424370765686035,0.02269963175058365,33.19319534301758,1,0.008480269461870193,-0.25834035873413086,-0.18240419030189514,0.023228086531162262,33.19429016113281,1,0.003873278386890888
739,14.780000000000001,stop,0.0,0.0,0.0,0.3110727071762085,-0.9250474572181702,-1.4735403060913086,8.85068584466353e-06,0.0007364851189777255,-1.8204093383484785,-3.9432295710675027,4,0,0,1.8055329746857751e-06,-8.664565029903315e-06,2.8924587240908295e-05,2.1034538804087788e-05,-0.0007364851189777255,0.0,0.09116161614656448,0.16415052115917206,0.14195461571216583,0.023369230329990387,49.76112365722656,1,0.023678628727793694,0.19288457930088043,-0.17531272768974304,0.023470543324947357,43.48342514038086,1,0.00984284933656454,-0.33309027552604675,0.15424108505249023,0.022699542343616486,33.19392395019531,1,0.008479082956910133,-0.2583382725715637,-0.18240633606910706,0.02322809398174286,33.19420623779297,1,0.0038857858162373304
740,14.8,stop,0.0,0.0,0.0,0.31107258796691895,-0.9250465631484985,-1.4735403060913086,1.0011117410613224e-05,0.0007208761526271701,-1.8204545883517298,-3.9432415238985503,4,0,0,1.2779809139829013e-06,-9.92921104625566e-06,2.834742008417379e-05,2.2274969524005428e-05,-0.0007208761526271701,0.0,0.0911625400185585,0.16415026783943176,0.1419564038515091,0.023369379341602325,49.75769805908203,1,0.023690488189458847,0.1928863227367401,-0.17531093955039978,0.023470550775527954,43.48237991333008,1,0.009825264103710651,-0.33309105038642883,0.154238760471344,0.022699624300003052,33.194950103759766,1,0.008482462726533413,-0.2583361864089966,-0.18240782618522644,0.023228123784065247,33.19426727294922,1,0.0038709358777850866
741,14.82,stop,0.0,0.0,0.0,0.31107255816459656,-0.9250457286834717,-1.473540186882019,1.0279920388711616e-05,0.0007037429604679346,-1.82048190910841,-3.9431915781402447,4,0,0,5.745067710449803e-08,-1.0279759408149403e-05,2.8762922738678753e-05,2.340417995583266e-05,-0.0007037429604679346,0.0,0.09116268157958984,0.1641496866941452,0.14195799827575684,0.023369312286376953,49.75853729248047,1,0.023689957335591316,0.19288815557956696,-0.17530906200408936,0.02347063273191452,43.482032775878906,1,0.009833339601755142,-0.3330915570259094,0.154237300157547,0.022699691355228424,33.19512939453125,1,0.008462377823889256,-0.2583343982696533,-0.18240907788276672,0.023228414356708527,33.19455337524414,1,0.0038678015116602182
742,14.84,stop,0.0,0.0,0.0,0.31107258796691895,-0.9250449538230896,-1.4735409021377563,1.0922933142865077e-05,0.0006843361770734191,-1.820533562414008,-3.943121995588075,4,0,0,-9.228232329405728e-07,-1.088388125936035e-05,2.887806658691261e-05,2.452983972034417e-05,-0.0006843361770734191,0.0,0.09116262197494507,0.16414974629878998,0.14195942878723145,0.023369289934635162,49.759037017822266,1,0.023683952167630196,0.19289018213748932,-0.17530742287635803,0.023470498621463776,43.4826774597168,1,0.009829056449234486,-0.3330918550491333,0.15423503518104553,0.02269979566335678,33.19365310668945,1,0.008478346280753613,-0.258332222700119,-0.18241071701049805,0.023228280246257782,33.19431686401367,1,0.0038706669583916664
743,14.86,stop,0.0,0.0,0.0,0.3110724985599518,-0.9250442981719971,-1.4735413789749146,1.1218439794902224e-05,0.0006694605690427125,-1.8205909786917185,-3.943119007380313,4,0,0,-1.6048268207669025e-06,-1.1103059478045907e-05,2.9121776606189087e-05,2.5189459847752005e-05,-0.0006694605690427125,0.0,0.09116309136152267,0.16414949297904968,0.14196059107780457,0.02336927503347397,49.75873565673828,1,0.023681573569774628,0.1928921788930893,-0.1753060519695282,0.02347065508365631,43.48374557495117,1,0.009833499789237976,-0.3330916166305542,0.15423282980918884,0.022699542343616486,33.197547912597656,1,0.008459728211164474,-0.25832998752593994,-0.18241235613822937,0.023228317499160767,33.1943244934082,1,0.0038686739280819893
744,14.88,stop,0.0,0.0,0.0,0.3110724985599518,-0.9250436425209045,-1.4735422134399414,1.1858870493597351e-05,0.0006520230672322214,-1.8206543713849526,-3.9431429130424083,4,0,0,-2.5915003334375797e-06,-1.1572248695301823e-05,2.9414313758024946e-05,2.626625973789487e-05,-0.0006520230672322214,0.0,0.09116410464048386,0.16414979100227356,0.14196118712425232,0.023369185626506805,49.758155822753906,1,0.023660629987716675,0.1928940713405609,-0.17530524730682373,0.023470528423786163,43.48357391357422,1,0.009834695607423782,-0.3330920338630676,0.1542302370071411,0.022699683904647827,33.19611358642578,1,0.008471222594380379,-0.2583279609680176,-0.18241438269615173,0.023228205740451813,33.19443893432617,1,0.0038799962494522333
745,14.9,stop,0.0,0.0,0.0,0.31107237935066223,-0.9250428676605225,-1.4735426902770996,1.200661608891096e-05,0.0006373168434947729,-1.8206752888392859,-3.943122422474898,4,0,0,-3.4793995382642606e-06,-1.1491414625197649e-05,3.0029859772184864e-05,2.68999210675247e-05,-0.0006373168434947729,0.0,0.09116441011428833,0.16414982080459595,0.14196263253688812,0.02336926758289337,49.75757598876953,1,0.023672206327319145,0.19289620220661163,-0.1753036379814148,0.023470662534236908,43.483577728271484,1,0.009835327975451946,-0.33309227228164673,0.15422889590263367,0.022699691355228424,33.19662094116211,1,0.008482902310788631,-0.2583259642124176,-0.18241548538208008,0.02322816103696823,33.190216064453125,1,0.0038841585628688335
746,14.92,stop,0.0,0.0,0.0,0.31107234954833984,-0.9250420331954956,-1.4735432863235474,1.2639773558476008e-05,0.0006258051143959165,-1.8207271555882956,-3.9431454743633467,4,0,0,-3.882433702528942e-06,-1.2028740457026288e-05,2.994527130795177e-05,2.7587808290263638e-05,-0.0006258051143959165,0.0,0.0911651998758316,0.16414982080459595,0.14196358621120453,0.023369163274765015,49.757080078125,1,0.023660054430365562,0.1928977221250534,-0.17530247569084167,0.023470595479011536,43.483341217041016,1,0.009831508621573448,-0.33309242129325867,0.15422701835632324,0.022699669003486633,33.19684600830078,1,0.008467321284115314,-0.2583243250846863,-0.18241703510284424,0.023228347301483154,33.19424057006836,1,0.003872469300404191
747,14.94,stop,0.0,0.0,0.0,0.3110722005367279,-0.9250413179397583,-1.4735440015792847,1.2555907233036123e-05,0.000612368865404278,-1.820750420920156,-3.9430840026608167,4,0,0,-4.662274477595929e-06,-1.1658215953502804e-05,3.072394247283228e-05,2.795804903144017e-05,-0.000612368865404278,0.0,0.09116531908512115,0.16414986550807953,0.14196473360061646,0.023369230329990387,49.756500244140625,1,0.023673631250858307,0.19289954006671906,-0.17530107498168945,0.023470573127269745,43.48411560058594,1,0.009839425794780254,-0.3330923020839691,0.1542252004146576,0.022699758410453796,33.1971435546875,1,0.00846707820892334,-0.2583222985267639,-0.1824180632829666,0.023228153586387634,33.19400405883789,1,0.0038701738230884075
748,14.96,stop,0.0,0.0,0.0,0.3110722005367279,-0.9250407218933105,-1.4735444784164429,1.2869651072833221e-05,0.0005984326126053929,-1.8207969515838767,-3.9430489979413204,4,0,0,-5.524943389900727e-06,-1.1623378668446094e-05,3.138335523544811e-05,2.864556881831959e-05,-0.0005984326126053929,0.0,0.09116458147764206,0.16414986550807953,0.1419655680656433,0.023369155824184418,49.756954193115234,1,0.02368842624127865,0.19290171563625336,-0.17530030012130737,0.02347046136856079,43.483795166015625,1,0.00983771588653326,-0.3330920934677124,0.15422338247299194,0.02269982546567917,33.19655227661133,1,0.0084743183106184,-0.25832024216651917,-0.18241959810256958,0.023227348923683167,33.17937469482422,1,0.003964266274124384
749,14.98,stop,0.0,0.0,0.0,0.3110721707344055,-0.925040066242218,-1.473544955253601,1.1473304766695946e-05,0.0005791138391941786,-1.8208383596057198,-3.943078453132116,4,0,0,-6.2248836911749095e-06,-9.637818948249333e-06,3.3826065191533417e-05,2.814666549966205e-05,-0.0005791138391941786,0.0,0.09116620570421219,0.1641499251127243,0.1419665515422821,0.02336924523115158,49.758750915527344,1,0.023674292489886284,0.19290295243263245,-0.17529916763305664,0.023470617830753326,43.48522186279297,1,0.00982855074107647,-0.3330925405025482,0.15422186255455017,0.022699810564517975,33.199134826660156,1,0.008471080102026463,-0.25831884145736694,-0.18242068588733673,0.02322835475206375,33.194862365722656,1,0.003884766483679414
750,15.0,stop,0.0,0.0,0.0,0.31107228994369507,-0.9250395894050598,-1.4735454320907593,1.1864290172525216e-05,0.0005704123177565634,-1.8208844633826176,-3.943108335209735,4,0,0,-7.050373369565932e-06,-9.542201951262541e-06,3.447903145570308e-05,2.8752838261425495e-05,-0.0005704123177565634,0.0,0.09116660058498383,0.16414965689182281,0.14196744561195374,0.02336929738521576,49.75324630737305,1,0.02366681396961212,0.19290438294410706,-0.175298273563385,0.023470722138881683,43.48256301879883,1,0.009827801026403904,-0.33309274911880493,0.15422013401985168,0.02269967645406723,33.19742202758789,1,0.008472413755953312,-0.2583175599575043,-0.1824219971895218,0.02322828769683838,33.194435119628906,1,0.0038714802358299494
751,15.02,stop,0.0,0.0,0.0,0.311072438955307,-0.9250389337539673,-1.473546028137207,1.211991002492141e-05,0.0005647058133035898,-1.8209269386215186,-3.943098943699626,4,0,0,-8.417431672569364e-06,-8.720037840248551e-06,3.566885425243527e-05,2.9149960028007627e-05,-0.0005647058133035898,0.0,0.09116674959659576,0.1641499251127243,0.1419678032398224,0.02336929738521576,49.75342559814453,1,0.02365930564701557,0.1929059624671936,-0.17529740929603577,0.023470580577850342,43.482460021972656,1,0.009833735413849354,-0.33309268951416016,0.1542184054851532,0.02269982546567917,33.198184967041016,1,0.008480938151478767,-0.25831565260887146,-0.1824234426021576,0.023228265345096588,33.19392395019531,1,0.003876234171912074
752,15.040000000000001,stop,0.0,0.0,0.0,0.311072438955307,-0.9250385761260986,-1.4735465049743652,1.246961528522661e-05,0.0005536286043934524,-1.820942733433974,-3.943064365866953,4,0,0,-9.482657333137468e-06,-8.097563295450527e-06,3.6569392250385135e-05,2.946506538137328e-05,-0.0005536286043934524,0.0,0.0911666676402092,0.16415007412433624,0.14196878671646118,0.02336924523115158,49.754249572753906,1,0.023663723841309547,0.19290728867053986,-0.17529666423797607,0.023470692336559296,43.48322677612305,1,0.009839829057455063,-0.33309265971183777,0.15421706438064575,0.022699661552906036,33.198326110839844,1,0.008473417721688747,-0.2583146393299103,-0.18242427706718445,0.023228399455547333,33.190086364746094,1,0.003867269493639469
753,15.06,stop,0.0,0.0,0.0,0.31107237935066223,-0.9250379800796509,-1.4735465049743652,1.2482254533097148e-05,0.0005445592105388641,-1.8209553265952563,-3.9430084436931234,4,0,0,-9.645678801462054e-06,-7.922597433207557e-06,3.6722616641782224e-05,2.944187872344628e-05,-0.0005445592105388641,0.0,0.09116657823324203,0.16414976119995117,0.14196959137916565,0.02336929738521576,49.75248718261719,1,0.023662470281124115,0.19290834665298462,-0.17529544234275818,0.023470699787139893,43.483333587646484,1,0.009830444119870663,-0.33309274911880493,0.15421628952026367,0.022699780762195587,33.19670104980469,1,0.008467999286949635,-0.25831323862075806,-0.18242496252059937,0.0232284814119339,33.19347381591797,1,0.0038569485768675804
754,15.08,stop,0.0,0.0,0.0,0.3110722303390503,-0.9250375628471375,-1.4735465049743652,1.3368422514759004e-05,0.0005363188683986664,-1.8209538324913754,-3.942952521519294,4,0,0,-1.102360420190962e-05,-7.562729479104746e-06,3.7723097193520516e-05,3.02140924759442e-05,-0.0005363188683986664,0.0,0.09116633236408234,0.1641499549150467,0.14197081327438354,0.02336924523115158,49.75404357910156,1,0.023680027574300766,0.1929096132516861,-0.17529428005218506,0.023470699787139893,43.483402252197266,1,0.00983037892729044,-0.3330928683280945,0.15421539545059204,0.022699832916259766,33.19767379760742,1,0.008466329425573349,-0.25831207633018494,-0.18242570757865906,0.023228339850902557,33.1937370300293,1,0.0038656778633594513
755,15.1,stop,0.0,0.0,0.0,0.31107211112976074,-0.9250369668006897,-1.473546028137207,1.3927755389886443e-05,0.0005190809024497867,-1.8209566072557257,-3.9429170899129744,4,0,0,-1.2114066521462519e-05,-6.8725353230547626e-06,3.890327934641391e-05,3.060330345761031e-05,-0.0005190809024497867,0.0,0.09116625040769577,0.16414973139762878,0.14197243750095367,0.023369260132312775,49.7563591003418,1,0.023705968633294106,0.19291046261787415,-0.1752927601337433,0.023470468819141388,43.484344482421875,1,0.009820935316383839,-0.3330930471420288,0.15421462059020996,0.02269979566335678,33.19826889038086,1,0.008458212949335575,-0.25831082463264465,-0.18242597579956055,0.02322838455438614,33.206787109375,1,0.0038668455090373755
756,15.120000000000001,stop,0.0,0.0,0.0,0.31107187271118164,-0.9250365495681763,-1.473546028137207,1.5909694411675446e-05,0.0005172872333787382,-1.8209548997084333,-3.942883792740771,4,0,0,-1.3767597010883037e-05,-7.973182619025465e-06,3.9194244891405106e-05,3.262641985202208e-05,-0.0005172872333787382,0.0,0.09116637706756592,0.1641494482755661,0.1419733464717865,0.023369066417217255,49.7535400390625,1,0.02369198389351368,0.192911297082901,-0.17529147863388062,0.023470617830753326,43.48584747314453,1,0.009826954454183578,-0.33309340476989746,0.1542140245437622,0.02269963175058365,33.199119567871094,1,0.008461830206215382,-0.2583101987838745,-0.18242642283439636,0.023228436708450317,33.19483184814453,1,0.003869992680847645
757,15.14,stop,0.0,0.0,0.0,0.31107181310653687,-0.9250360727310181,-1.4735465049743652,1.7450964151066728e-05,0.0005110689671710134,-1.8210020707023886,-3.9428752550043082,4,0,0,-1.5056618394737598e-05,-8.822377822070848e-06,3.947344157495536e-05,3.4219374356325716e-05,-0.0005110689671710134,0.0,0.09116697311401367,0.16414959728717804,0.1419735550880432,0.023369230329990387,49.75262451171875,1,0.02366924285888672,0.19291256368160248,-0.17529112100601196,0.023470863699913025,43.48529052734375,1,0.009822568856179714,-0.33309322595596313,0.1542125642299652,0.022699706256389618,33.19858169555664,1,0.008466213941574097,-0.2583088278770447,-0.18242740631103516,0.023228436708450317,33.19384002685547,1,0.003860150696709752
758,15.16,stop,0.0,0.0,0.0,0.3110717535018921,-0.9250353574752808,-1.4735467433929443,1.831565168686211e-05,0.0005056232330389321,-1.8210281107985993,-3.942908125289689,4,0,0,-1.617713314772118e-05,-8.588564924139064e-06,4.047062247991562e-05,3.499017111607827e-05,-0.0005056232330389321,0.0,0.09116743505001068,0.1641497015953064,0.14197459816932678,0.023369282484054565,49.75395965576172,1,0.02369128167629242,0.1929136961698532,-0.17529022693634033,0.023470550775527954,43.485477447509766,1,0.009837877936661243,-0.3330933451652527,0.15421155095100403,0.022699706256389618,33.198699951171875,1,0.008472385816276073,-0.258307546377182,-0.18242819607257843,0.02322835475206375,33.19389343261719,1,0.003878949675709009
759,15.18,stop,0.0,0.0,0.0,0.3110717833042145,-0.9250348806381226,-1.4735469818115234,1.930164398800116e-05,0.000498400186188519,-1.82106098108398,-3.942941422461893,4,0,0,-1.6824740669107996e-05,-9.459470675210468e-06,4.038270708406344e-05,3.612470391090028e-05,-0.000498400186188519,0.0,0.09116772562265396,0.16414929926395416,0.14197519421577454,0.023369304835796356,49.7542839050293,1,0.023681262508034706,0.19291464984416962,-0.17528954148292542,0.023470766842365265,43.485923767089844,1,0.009834554977715015,-0.33309364318847656,0.15421083569526672,0.022699549794197083,33.2005729675293,1,0.008467043749988079,-0.2583068013191223,-0.18242882192134857,0.023228339850902557,33.194236755371094,1,0.003867846680805087
760,15.200000000000001,stop,0.0,0.0,0.0,0.3110717833042145,-0.9250343441963196,-1.473547101020813,2.0072700863238424e-05,0.0004927886184304953,-1.82108830184066,-3.9429294696308452,4,0,0,-1.7667009160504676e-05,-9.528383998258505e-06,4.0959916077554226e-05,3.686690251925029e-05,-0.0004927886184304953,0.0,0.09116777777671814,0.1641494184732437,0.14197596907615662,0.023369193077087402,49.75466537475586,1,0.02370402403175831,0.1929154247045517,-0.175288587808609,0.023470617830753326,43.4855842590332,1,0.009835776872932911,-0.33309388160705566,0.1542099118232727,0.022699765861034393,33.20003890991211,1,0.008462962694466114,-0.25830578804016113,-0.18242941796779633,0.023228392004966736,33.194007873535156,1,0.0038667614571750164
761,15.22,stop,0.0,0.0,0.0,0.31107184290885925,-0.9250338077545166,-1.4735472202301025,2.0432687961147167e-05,0.00048297992907464504,-1.8211297098625032,-3.9428995875532267,4,0,0,-1.800621612346731e-05,-9.657686860009562e-06,4.117825665161945e-05,3.7260189856169745e-05,-0.00048297992907464504,0.0,0.09116733819246292,0.1641497164964676,0.14197641611099243,0.02336917072534561,49.755348205566406,1,0.02366415224969387,0.19291643798351288,-0.1752879023551941,0.023470774292945862,43.4864387512207,1,0.009844561107456684,-0.3330935537815094,0.1542089581489563,0.022699587047100067,33.200355529785156,1,0.008461751975119114,-0.2583043575286865,-0.18243014812469482,0.023228272795677185,33.193538665771484,1,0.0038732651155442
762,15.24,stop,0.0,0.0,0.0,0.3110719323158264,-0.9250333905220032,-1.4735474586486816,2.145261714758817e-05,0.00047780308523215353,-1.8211630070347071,-3.9429102597238046,4,0,0,-1.8786538930726238e-05,-1.0357643077441026e-05,4.119042932870798e-05,3.833607479464263e-05,-0.00047780308523215353,0.0,0.0911673828959465,0.16414935886859894,0.14197726547718048,0.023369312286376953,49.7522087097168,1,0.023684700950980186,0.19291739165782928,-0.17528682947158813,0.023470699787139893,43.48629379272461,1,0.00982698705047369,-0.3330936133861542,0.15420809388160706,0.022699572145938873,33.2005729675293,1,0.008461755700409412,-0.2583036422729492,-0.182430699467659,0.023228436708450317,33.193660736083984,1,0.003869500244036317
763,15.26,stop,0.0,0.0,0.0,0.3110719919204712,-0.9250329732894897,-1.4735479354858398,2.2181669919518754e-05,0.00047130329767242074,-1.8212197829821828,-3.9429482526510626,4,0,0,-1.9755996618187055e-05,-1.0085983376484364e-05,4.194773282506503e-05,3.888600622303784e-05,-0.00047130329767242074,0.0,0.09116821736097336,0.16414926946163177,0.14197736978530884,0.023369260132312775,49.75156021118164,1,0.023666705936193466,0.19291828572750092,-0.17528674006462097,0.023470699787139893,43.485294342041016,1,0.009828146547079086,-0.33309417963027954,0.1542070209980011,0.022699832916259766,33.20046615600586,1,0.00846012495458126,-0.25830286741256714,-0.18243184685707092,0.0232284814119339,33.19396209716797,1,0.003878906136378646
764,15.280000000000001,stop,0.0,0.0,0.0,0.31107205152511597,-0.9250324964523315,-1.4735482931137085,2.2741769498679787e-05,0.00046338888932950795,-1.8212404869931045,-3.942898306892757,4,0,0,-2.0618472262867726e-05,-9.595137271389831e-06,4.2770509026013315e-05,3.9197584555950016e-05,-0.00046338888932950795,0.0,0.09116801619529724,0.16414931416511536,0.14197789132595062,0.02336926758289337,49.75041580200195,1,0.023668769747018814,0.19291935861110687,-0.17528599500656128,0.023470796644687653,43.485382080078125,1,0.009838417172431946,-0.33309394121170044,0.15420597791671753,0.022699818015098572,33.19987487792969,1,0.008467811159789562,-0.25830164551734924,-0.1824324131011963,0.02322854846715927,33.19353103637695,1,0.003876939183101058
765,15.3,stop,0.0,0.0,0.0,0.3110722005367279,-0.9250322580337524,-1.4735486507415771,2.3697495635133237e-05,0.00045621811295859516,-1.8212754917126006,-3.9428722667965466,4,0,0,-2.1808049496030435e-05,-9.272554962080903e-06,4.362177423899993e-05,3.984702561865561e-05,-0.00045621811295859516,0.0,0.09116736799478531,0.16414983570575714,0.1419784426689148,0.023369260132312775,49.75177764892578,1,0.023669857531785965,0.19292056560516357,-0.17528557777404785,0.023470915853977203,43.48527145385742,1,0.009835870936512947,-0.3330938518047333,0.1542050540447235,0.02269972860813141,33.200164794921875,1,0.008463731966912746,-0.2583005726337433,-0.18243324756622314,0.023228392004966736,33.192996978759766,1,0.0038740148302167654
766,15.32,stop,0.0,0.0,0.0,0.3110721707344055,-0.9250319600105286,-1.4735488891601562,2.3863334718043916e-05,0.00044947679270990193,-1.8212927806289372,-3.942847507360805,4,0,0,-2.20533947867807e-05,-9.116276487475261e-06,4.385699867270887e-05,3.991991252405569e-05,-0.00044947679270990193,0.0,0.09116769582033157,0.164149671792984,0.14197860658168793,0.023369163274765015,49.75119400024414,1,0.023675812408328056,0.19292110204696655,-0.1752852499485016,0.023470938205718994,43.485294342041016,1,0.009835596196353436,-0.3330940008163452,0.1542043387889862,0.022699929773807526,33.19975662231445,1,0.008473329246044159,-0.25829988718032837,-0.18243378400802612,0.023228488862514496,33.193416595458984,1,0.0038599856197834015
767,15.34,stop,0.0,0.0,0.0,0.3110721707344055,-0.9250316023826599,-1.4735491275787354,2.4400624170084484e-05,0.0004438880714587867,-1.8213049469033964,-3.942862875286438,4,0,0,-2.276912891829852e-05,-8.772525688982569e-06,4.454112786334008e-05,4.024170993943699e-05,-0.0004438880714587867,0.0,0.09116753935813904,0.16414980590343475,0.14197924733161926,0.02336934208869934,49.75034713745117,1,0.023678908124566078,0.19292187690734863,-0.17528456449508667,0.02347070723772049,43.48584747314453,1,0.009831247851252556,-0.33309370279312134,0.1542036533355713,0.02269982546567917,33.199031829833984,1,0.008475189097225666,-0.2582988739013672,-0.18243446946144104,0.02322845160961151,33.193389892578125,1,0.0038758032023906708
768,15.36,stop,0.0,0.0,0.0,0.3110722303390503,-0.9250314235687256,-1.4735491275787354,2.5199560695909895e-05,0.0004411324334796518,-1.8213186072817364,-3.9428586064182065,4,0,0,-2.3615941245225258e-05,-8.792337212071288e-06,4.5045795559417456e-05,4.090393122169189e-05,-0.0004411324334796518,0.0,0.09116774052381516,0.16414950788021088,0.14197981357574463,0.023369155824184418,49.750732421875,1,0.023687763139605522,0.19292230904102325,-0.17528414726257324,0.023470669984817505,43.48512649536133,1,0.009833067655563354,-0.3330942392349243,0.15420308709144592,0.022699929773807526,33.20044708251953,1,0.008456524461507797,-0.2582986056804657,-0.18243467807769775,0.023228630423545837,33.19371795654297,1,0.0038736944552510977
769,15.38,stop,0.0,0.0,0.0,0.3110722303390503,-0.9250311851501465,-1.4735493659973145,2.562745430623181e-05,0.0004321781452745199,-1.8213320542166649,-3.9428769625516007,4,0,0,-2.4402783310506493e-05,-7.827553417882882e-06,4.619375613401644e-05,4.0859682485461235e-05,-0.0004321781452745199,0.0,0.09116785228252411,0.16414973139762878,0.1419801414012909,0.023369155824184418,49.75123596191406,1,0.023696258664131165,0.1929229497909546,-0.17528358101844788,0.023470737040042877,43.48613357543945,1,0.009829621762037277,-0.33309394121170044,0.154202401638031,0.0226997509598732,33.200408935546875,1,0.008453796617686749,-0.2582979202270508,-0.18243516981601715,0.023228459060192108,33.194480895996094,1,0.003857472911477089
770,15.4,stop,0.0,0.0,0.0,0.3110721707344055,-0.9250307679176331,-1.473549246788025,2.5705634470796213e-05,0.00042939273407682776,-1.8213361096414846,-3.9428522031158595,4,0,0,-2.4487924747518264e-05,-7.818001904524863e-06,4.631246702047065e-05,4.094637915841304e-05,-0.00042939273407682776,0.0,0.09116780012845993,0.1641494631767273,0.1419808566570282,0.02336922287940979,49.750892639160156,1,0.023683695122599602,0.19292360544204712,-0.17528286576271057,0.023470595479011536,43.486507415771484,1,0.009833386167883873,-0.33309388160705566,0.1542016565799713,0.022699721157550812,33.2017822265625,1,0.008460480719804764,-0.2582968473434448,-0.18243557214736938,0.02322835475206375,33.193519592285156,1,0.0038754341658204794
771,15.42,stop,0.0,0.0,0.0,0.31107214093208313,-0.9250306487083435,-1.473549246788025,2.6567444365355186e-05,0.0004246302123647183,-1.8213602287469912,-3.942850495568567,4,0,0,-2.539325214456767e-05,-7.811006071278825e-06,4.685069143306464e-05,4.162595359957777e-05,-0.0004246302123647183,0.0,0.091168113052845,0.16414916515350342,0.14198100566864014,0.023369215428829193,49.75045394897461,1,0.02367342635989189,0.19292426109313965,-0.17528265714645386,0.023470714688301086,43.486637115478516,1,0.009825234301388264,-0.33309459686279297,0.15420103073120117,0.022699594497680664,33.20030975341797,1,0.00847769994288683,-0.2582967281341553,-0.1824360191822052,0.023228369653224945,33.189903259277344,1,0.0038623164873570204
772,15.44,stop,0.0,0.0,0.0,0.31107211112976074,-0.9250302314758301,-1.4735496044158936,2.702312485780567e-05,0.0004227526078466326,-1.8213711143609808,-3.942888061609002,4,0,0,-2.580034197308123e-05,-8.036894541874062e-06,4.6972883865237236e-05,4.210272163618356e-05,-0.0004227526078466326,0.0,0.09116854518651962,0.1641492396593094,0.1419815719127655,0.023369185626506805,49.749900817871094,1,0.023693418130278587,0.19292481243610382,-0.17528197169303894,0.023470886051654816,43.48649978637695,1,0.009817763231694698,-0.3330947160720825,0.1542007029056549,0.022699669003486633,33.20018768310547,1,0.008469386957585812,-0.2582961916923523,-0.18243646621704102,0.023228518664836884,33.1938362121582,1,0.0038609423208981752
773,15.46,stop,0.0,0.0,0.0,0.31107208132743835,-0.9250298738479614,-1.4735488891601562,2.7214007786824368e-05,0.00040921318577602506,-1.8213766638896816,-3.9428624483996146,4,0,0,-2.6298535885871388e-05,-6.999230663495837e-06,4.8000187234720215e-05,4.179120878688991e-05,-0.00040921318577602506,0.0,0.09116832911968231,0.1641491800546646,0.14198249578475952,0.023369401693344116,49.75027084350586,1,0.023675987496972084,0.19292499125003815,-0.17528104782104492,0.023470669984817505,43.48649978637695,1,0.009824980981647968,-0.33309465646743774,0.15420016646385193,0.02269957959651947,33.201683044433594,1,0.008465692400932312,-0.25829586386680603,-0.18243646621704102,0.023228399455547333,33.20699691772461,1,0.003857026342302561
774,15.48,stop,0.0,0.0,0.0,0.31107211112976074,-0.9250298142433167,-1.473548412322998,2.936337114078924e-05,0.00041435103048570454,-1.8213640707283993,-3.9428142101886015,4,0,0,-2.8111840947531164e-05,-8.481270015181508e-06,4.793465996044688e-05,4.410451583680697e-05,-0.00041435103048570454,0.0,0.09116685390472412,0.16414882242679596,0.14198319613933563,0.023369237780570984,49.74819564819336,1,0.02367362193763256,0.19292517006397247,-0.1752801537513733,0.023470863699913025,43.48714828491211,1,0.009830101393163204,-0.3330951929092407,0.15420007705688477,0.022699683904647827,33.20165252685547,1,0.008477178402245045,-0.25829529762268066,-0.18243658542633057,0.023227453231811523,33.1826171875,1,0.003959221765398979
775,15.5,stop,0.0,0.0,0.0,0.31107208132743835,-0.9250293970108032,-1.4735480546951294,3.015142101503443e-05,0.00040141481440514326,-1.8213965141269568,-3.9428522031158595,4,0,0,-2.918101381510496e-05,-7.587923846585909e-06,4.968503344571218e-05,4.45455516455695e-05,-0.00040141481440514326,0.0,0.09116826951503754,0.16414807736873627,0.14198386669158936,0.02336941659450531,49.7520751953125,1,0.023663517087697983,0.19292522966861725,-0.1752794086933136,0.023470774292945862,43.487579345703125,1,0.00981727335602045,-0.3330956697463989,0.15419992804527283,0.022699616849422455,33.20036697387695,1,0.00846350658684969,-0.2582954168319702,-0.18243643641471863,0.02322845160961151,33.194305419921875,1,0.0038581835106015205
776,15.52,stop,0.0,0.0,0.0,0.31107214093208313,-0.9250293374061584,-1.4735476970672607,3.110263787675649e-05,0.000401828350732103,-1.8214289575255145,-3.942847934247628,4,0,0,-3.0034383598831482e-05,-8.081450687313918e-06,4.988523869542405e-05,4.553934559226036e-05,-0.000401828350732103,0.0,0.09116815030574799,0.16414774954319,0.141984224319458,0.023369193077087402,49.7515869140625,1,0.023674143478274345,0.19292493164539337,-0.17527905106544495,0.02347082644701004,43.48765182495117,1,0.009832770563662052,-0.33309611678123474,0.15419957041740417,0.02269982546567917,33.202903747558594,1,0.008464865386486053,-0.2582954168319702,-0.1824367344379425,0.023228436708450317,33.19437026977539,1,0.0038745668716728687
777,15.540000000000001,stop,0.0,0.0,0.0,0.31107228994369507,-0.9250290393829346,-1.4735474586486816,3.1494611903326586e-05,0.0004041228676214814,-1.8214643891318338,-3.9428014035839074,4,0,0,-3.0019653422641568e-05,-9.525287168798968e-06,4.878224353888072e-05,4.645242734113708e-05,-0.0004041228676214814,0.0,0.09116633981466293,0.16414789855480194,0.14198461174964905,0.02336910367012024,49.7506217956543,1,0.0236683152616024,0.19292578101158142,-0.17527863383293152,0.02347065508365631,43.48786163330078,1,0.009832777082920074,-0.3330960273742676,0.15419930219650269,0.022699669003486633,33.200340270996094,1,0.008471121080219746,-0.25829505920410156,-0.1824369579553604,0.023227468132972717,33.182369232177734,1,0.003965097013860941
778,15.56,stop,0.0,0.0,0.0,0.31107237935066223,-0.925028920173645,-1.4735472202301025,3.200813807779923e-05,0.00039233974530361593,-1.8215282087118911,-3.9428415309452816,4,0,0,-3.0677772883791476e-05,-9.13209169084439e-06,4.986159910913557e-05,4.688018816523254e-05,-0.00039233974530361593,0.0,0.09116765856742859,0.16414707899093628,0.1419844925403595,0.023369118571281433,49.7511100769043,1,0.023661363869905472,0.19292566180229187,-0.17527839541435242,0.02347070723772049,43.48780059814453,1,0.009821278043091297,-0.33309638500213623,0.15419891476631165,0.022699691355228424,33.199275970458984,1,0.008456902578473091,-0.258294939994812,-0.18243741989135742,0.023228317499160767,33.19468307495117,1,0.003866777056828141
779,15.58,stop,0.0,0.0,0.0,0.3110724985599518,-0.9250286221504211,-1.4735472202301025,3.2830801501404494e-05,0.00039384979754686356,-1.8215578773460983,-3.942860313965499,4,0,0,-3.135951919830404e-05,-9.718130058899987e-06,4.971022281097248e-05,4.772016836795956e-05,-0.00039384979754686356,0.0,0.0911676287651062,0.1641470491886139,0.14198508858680725,0.02336914837360382,49.7490119934082,1,0.023684758692979813,0.19292575120925903,-0.17527806758880615,0.023470811545848846,43.486873626708984,1,0.00983127485960722,-0.3330968916416168,0.15419870615005493,0.022699743509292603,33.20073318481445,1,0.008463650941848755,-0.2582949995994568,-0.1824376881122589,0.0232284814119339,33.1943473815918,1,0.00386928697116673
780,15.6,stop,0.0,0.0,0.0,0.3110726773738861,-0.9250283241271973,-1.4735474586486816,3.3560263545950875e-05,0.00039252807619050145,-1.8215847712159554,-3.9428137833017782,4,0,0,-3.18926468025893e-05,-1.0447502972965594e-05,4.925532630295493e-05,4.849027391173877e-05,-0.00039252807619050145,0.0,0.09116674214601517,0.16414737701416016,0.1419852375984192,0.023369155824184418,49.749961853027344,1,0.023675739765167236,0.19292661547660828,-0.17527785897254944,0.023470744490623474,43.486385345458984,1,0.009836326353251934,-0.3330964148044586,0.15419819951057434,0.02269979566335678,33.1995849609375,1,0.008459486998617649,-0.2582940459251404,-0.18243783712387085,0.02322854846715927,33.19329833984375,1,0.003867510939016938
781,15.620000000000001,stop,0.0,0.0,0.0,0.3110726475715637,-0.9250282049179077,-1.4735478162765503,3.393541192053817e-05,0.00038994161877781153,-1.8216257523509753,-3.942769387072173,4,0,0,-3.196396937710233e-05,-1.1398113201721571e-05,4.8364163376390934e-05,4.9054746341425925e-05,-0.00038994161877781153,0.0,0.09116671979427338,0.16414771974086761,0.14198504388332367,0.023369163274765015,49.74722671508789,1,0.023661550134420395,0.19292718172073364,-0.17527785897254944,0.023470677435398102,43.487606048583984,1,0.009821688756346703,-0.3330962061882019,0.1541975736618042,0.0226997509598732,33.19921875,1,0.008469635620713234,-0.2582933306694031,-0.18243855237960815,0.023228518664836884,33.193050384521484,1,0.003872209694236517
782,15.64,stop,0.0,0.0,0.0,0.31107261776924133,-0.9250279068946838,-1.4735476970672607,3.4593584132380784e-05,0.00039082500734366477,-1.8216208431525094,-3.9427237101820984,4,0,0,-3.2641928555676714e-05,-1.1455151252448559e-05,4.850556797464378e-05,4.9504520575283095e-05,-0.00039082500734366477,0.0,0.09116621315479279,0.16414815187454224,0.14198556542396545,0.023368969559669495,49.749298095703125,1,0.023686761036515236,0.1929277628660202,-0.175277441740036,0.023470714688301086,43.487613677978516,1,0.009817834012210369,-0.3330960273742676,0.15419742465019226,0.022699788212776184,33.199859619140625,1,0.008463439531624317,-0.25829288363456726,-0.18243835866451263,0.023228414356708527,33.19332504272461,1,0.003850662149488926
783,15.66,stop,0.0,0.0,0.0,0.31107255816459656,-0.9250276684761047,-1.4735475778579712,3.5034812754020095e-05,0.00038603469147346914,-1.8216076096609926,-3.942701085180473,4,0,0,-3.2946983992587775e-05,-1.1913613889191765e-05,4.8330352001357824e-05,5.0024849770125e-05,-0.00038603469147346914,0.0,0.09116483479738235,0.16414806246757507,0.14198622107505798,0.023369066417217255,49.74983596801758,1,0.023696696385741234,0.19292804598808289,-0.17527684569358826,0.023470669984817505,43.487552642822266,1,0.009817758575081825,-0.3330960273742676,0.15419742465019226,0.022699765861034393,33.20082473754883,1,0.008469481952488422,-0.2582924962043762,-0.182438462972641,0.023227468132972717,33.17863464355469,1,0.0039590951055288315
784,15.68,stop,0.0,0.0,0.0,0.31107255816459656,-0.9250274300575256,-1.4735479354858398,3.523815030348487e-05,0.0003739579115062952,-1.821656701645652,-3.942745481410078,4,0,0,-3.3539621654199436e-05,-1.0808376828208566e-05,4.998594522476196e-05,4.9982176278717816e-05,-0.0003739579115062952,0.0,0.09116654098033905,0.16414818167686462,0.1419861614704132,0.023369215428829193,49.75330352783203,1,0.023684924468398094,0.1929284930229187,-0.17527690529823303,0.023470886051654816,43.48826599121094,1,0.009822115302085876,-0.33309608697891235,0.15419664978981018,0.022699594497680664,33.201454162597656,1,0.00845593772828579,-0.258292019367218,-0.1824389547109604,0.02322854846715927,33.194602966308594,1,0.003867480671033263
785,15.700000000000001,stop,0.0,0.0,0.0,0.31107261776924133,-0.9250271320343018,-1.473548173904419,3.5397060855757445e-05,0.00037505803629755974,-1.8216746308922234,-3.9427877432055674,4,0,0,-3.3551830711076036e-05,-1.127947871282231e-05,4.976602576789446e-05,5.03527517139446e-05,-0.00037505803629755974,0.0,0.09116664528846741,0.1641479730606079,0.1419866979122162,0.023369237780570984,49.74973678588867,1,0.02369026094675064,0.1929287165403366,-0.1752767264842987,0.02347078174352646,43.487403869628906,1,0.00982982013374567,-0.33309608697891235,0.15419644117355347,0.022699713706970215,33.201934814453125,1,0.008463017642498016,-0.25829172134399414,-0.18243905901908875,0.02322838455438614,33.19438552856445,1,0.0038717829156666994
786,15.72,stop,0.0,0.0,0.0,0.3110727071762085,-0.9250268340110779,-1.4735486507415771,3.6185829230817035e-05,0.0003778495592996478,-1.8217034457527843,-3.942766398864411,4,0,0,-3.419422500883229e-05,-1.1839302715088706e-05,4.954933319822885e-05,5.11177750013303e-05,-0.0003778495592996478,0.0,0.09116673469543457,0.16414818167686462,0.14198602735996246,0.023369193077087402,49.747314453125,1,0.02365916781127453,0.19292940199375153,-0.1752767562866211,0.023470915853977203,43.486637115478516,1,0.009841851890087128,-0.3330956995487213,0.15419578552246094,0.022699743509292603,33.200965881347656,1,0.008469326421618462,-0.25829124450683594,-0.1824398934841156,0.023228459060192108,33.193485260009766,1,0.0038747668731957674
787,15.74,stop,0.0,0.0,0.0,0.3110727071762085,-0.9250267148017883,-1.4735490083694458,3.699847002280876e-05,0.0003773033677134663,-1.8217341816040493,-3.9427450545232547,4,0,0,-3.490897506708279e-05,-1.2257661182957236e-05,4.9438996938988566e-05,5.182691165828146e-05,-0.0003773033677134663,0.0,0.09116669744253159,0.16414839029312134,0.1419859528541565,0.023369312286376953,49.744873046875,1,0.023644229397177696,0.1929304450750351,-0.17527678608894348,0.023471064865589142,43.4871826171875,1,0.00984406378120184,-0.3330955505371094,0.15419507026672363,0.022699587047100067,33.19987487792969,1,0.008471861481666565,-0.25829017162323,-0.18244025111198425,0.023228585720062256,33.19304275512695,1,0.0038604969158768654
788,15.76,stop,0.0,0.0,0.0,0.31107258796691895,-0.9250267148017883,-1.473549485206604,3.8076566852396354e-05,0.00037718345993198454,-1.821743146227335,-3.9427672526380575,4,0,0,-3.595249290810898e-05,-1.2539667295641266e-05,4.9648650019662455e-05,5.2707415306940675e-05,-0.00037718345993198454,0.0,0.09116731584072113,0.16414868831634521,0.14198629558086395,0.023369260132312775,49.74610137939453,1,0.02366766147315502,0.1929304450750351,-0.1752767264842987,0.023470886051654816,43.48684310913086,1,0.009834147989749908,-0.3330952525138855,0.15419447422027588,0.022699706256389618,33.201141357421875,1,0.008466338738799095,-0.258289635181427,-0.182440847158432,0.023228496313095093,33.193336486816406,1,0.003870172193273902
789,15.780000000000001,stop,0.0,0.0,0.0,0.3110724687576294,-0.9250267148017883,-1.4735496044158936,3.781057966989465e-05,0.00037643813993781805,-1.8217331143869915,-3.9427266983898606,4,0,0,-3.5759057936957106e-05,-1.2285346201679204e-05,4.964711479260586e-05,5.236163269728422e-05,-0.00037643813993781805,0.0,0.09116634726524353,0.1641489714384079,0.14198628067970276,0.02336931973695755,49.74629211425781,1,0.023661449551582336,0.19293107092380524,-0.17527657747268677,0.02347084879875183,43.48674011230469,1,0.009838300757110119,-0.3330954313278198,0.15419399738311768,0.022699706256389618,33.202354431152344,1,0.00847180187702179,-0.2582891881465912,-0.1824413537979126,0.023227430880069733,33.18208694458008,1,0.003967979922890663
790,15.8,stop,0.0,0.0,0.0,0.3110724985599518,-0.9250267148017883,-1.473549723625183,3.78578006348107e-05,0.00036014540819451213,-1.8217354622645188,-3.9427510309387785,4,0,0,-3.6557110433932394e-05,-9.838234291237313e-06,5.236467404756695e-05,5.158031126484275e-05,-0.00036014540819451213,0.0,0.09116772562265396,0.1641487330198288,0.14198657870292664,0.023369185626506805,49.75029373168945,1,0.02368372492492199,0.19293135404586792,-0.17527645826339722,0.02347080409526825,43.488006591796875,1,0.009832195937633514,-0.33309540152549744,0.1541937291622162,0.02269967645406723,33.20204162597656,1,0.008464382030069828,-0.2582891583442688,-0.1824415773153305,0.023228518664836884,33.19038391113281,1,0.0038645693566650152
791,15.82,stop,0.0,0.0,0.0,0.31107258796691895,-0.9250267148017883,-1.4735499620437622,3.711983299581334e-05,0.00036169152008369565,-1.8217309799528758,-3.942795854055207,4,0,0,-3.57951685145963e-05,-9.827919711824507e-06,5.194658660911955e-05,5.100845010019839e-05,-0.00036169152008369565,0.0,0.09116823226213455,0.164148211479187,0.1419864296913147,0.02336924523115158,49.74898147583008,1,0.0236631091684103,0.19293132424354553,-0.175275981426239,0.023470990359783173,43.485836029052734,1,0.009823705069720745,-0.3330957591533661,0.15419325232505798,0.02269979566335678,33.20213317871094,1,0.008475071750581264,-0.2582889199256897,-0.182441845536232,0.023228392004966736,33.19402313232422,1,0.003863194026052952
792,15.84,stop,0.0,0.0,0.0,0.3110724985599518,-0.925026535987854,-1.4735500812530518,3.712466059369035e-05,0.0003649225109256804,-1.8217049398566652,-3.9427732290535813,4,0,0,-3.586471575545147e-05,-9.589703040546738e-06,5.200051600695588e-05,5.0831164116971195e-05,-0.0003649225109256804,0.0,0.09116806089878082,0.16414839029312134,0.14198720455169678,0.02336912602186203,49.74605941772461,1,0.023686295375227928,0.19293154776096344,-0.17527538537979126,0.023470737040042877,43.485782623291016,1,0.009805059060454369,-0.33309584856033325,0.15419316291809082,0.022699862718582153,33.20146560668945,1,0.008459518663585186,-0.2582884430885315,-0.18244199454784393,0.023228436708450317,33.19327163696289,1,0.0038569339085370302
793,15.860000000000001,stop,0.0,0.0,0.0,0.3110724687576294,-0.925026535987854,-1.4735499620437622,3.682522219605744e-05,0.00036314359749667346,-1.8216857299496245,-3.9427305403712687,4,0,0,-3.5791756090475246e-05,-8.662975233164616e-06,5.253355629974976e-05,5.012494875700213e-05,-0.00036314359749667346,0.0,0.09116746485233307,0.1641487330198288,0.14198732376098633,0.023369096219539642,49.749229431152344,1,0.023682724684476852,0.19293227791786194,-0.17527544498443604,0.023470699787139893,43.48613739013672,1,0.009829587303102016,-0.3330956697463989,0.15419289469718933,0.022699661552906036,33.20259094238281,1,0.00845663994550705,-0.2582881450653076,-0.18244227766990662,0.023228421807289124,33.1926155090332,1,0.0038721980527043343
794,15.88,stop,0.0,0.0,0.0,0.31107228994369507,-0.925026535987854,-1.4735498428344727,3.6789362638955936e-05,0.0003596876049414277,-1.8216769787697504,-3.942687424802133,4,0,0,-3.5652770748129115e-05,-9.073980436369311e-06,5.214969132794067e-05,5.0287395424675196e-05,-0.0003596876049414277,0.0,0.09116771072149277,0.1641484498977661,0.14198759198188782,0.02336907386779785,49.75120544433594,1,0.023686015978455544,0.19293256103992462,-0.17527499794960022,0.023470647633075714,43.488487243652344,1,0.009826735593378544,-0.33309587836265564,0.1541924774646759,0.02269967645406723,33.201053619384766,1,0.008468298241496086,-0.2582876682281494,-0.18244227766990662,0.023228421807289124,33.19278335571289,1,0.003873037174344063
795,15.9,stop,0.0,0.0,0.0,0.3110722005367279,-0.9250264167785645,-1.4735498428344727,3.662820017780177e-05,0.00035887982812710106,-1.8216750577790464,-3.9426665073477998,4,0,0,-3.531601032591425e-05,-9.716196473164018e-06,5.1519145927159116e-05,5.0469090638216585e-05,-0.00035887982812710106,0.0,0.09116797149181366,0.16414864361286163,0.1419878900051117,0.023369163274765015,49.749000549316406,1,0.023668305948376656,0.19293296337127686,-0.17527472972869873,0.023470856249332428,43.488304138183594,1,0.009832966141402721,-0.3330957293510437,0.15419214963912964,0.022699706256389618,33.201656341552734,1,0.008466401137411594,-0.2582874298095703,-0.18244239687919617,0.023228541016578674,33.19300842285156,1,0.0038623036816716194
796,15.92,stop,0.0,0.0,0.0,0.3110722005367279,-0.9250262379646301,-1.4735500812530518,3.718903099070303e-05,0.0003577980969566852,-1.8216782594302199,-3.9426895592362485,4,0,0,-3.578459291020408e-05,-1.0123587344423868e-05,5.154787504579872e-05,5.111203790875152e-05,-0.0003577980969566852,0.0,0.09116829931735992,0.16414856910705566,0.14198800921440125,0.023369193077087402,49.748939514160156,1,0.02367604523897171,0.19293302297592163,-0.17527443170547485,0.023470841348171234,43.48872375488281,1,0.009830111637711525,-0.3330957889556885,0.15419220924377441,0.0226997509598732,33.202152252197266,1,0.008461921475827694,-0.2582870125770569,-0.18244265019893646,0.02322860062122345,33.193214416503906,1,0.003872040193527937
797,15.94,stop,0.0,0.0,0.0,0.3110722005367279,-0.9250262975692749,-1.4735500812530518,3.734771962626837e-05,0.00035559042589738965,-1.8216780459868083,-3.942711330464228,4,0,0,-3.5873865272151306e-05,-1.0388353985035792e-05,5.1442115363897756e-05,5.136831532581709e-05,-0.00035559042589738965,0.0,0.09116865694522858,0.16414842009544373,0.14198827743530273,0.023369155824184418,49.74836349487305,1,0.02367420680820942,0.19293293356895447,-0.17527437210083008,0.023470818996429443,43.4876823425293,1,0.009826750494539738,-0.3330959677696228,0.154191792011261,0.022699914872646332,33.20265579223633,1,0.0084604537114501,-0.258287250995636,-0.1824430525302887,0.023228593170642853,33.193485260009766,1,0.0038776856381446123
798,15.96,stop,0.0,0.0,0.0,0.31107211112976074,-0.9250262379646301,-1.4735502004623413,3.742680200957693e-05,0.0003535012947395444,-1.8216776190999853,-3.942670776216031,4,0,0,-3.5988050512969494e-05,-1.0277443834638689e-05,5.157994746696204e-05,5.13776030857116e-05,-0.0003535012947395444,0.0,0.09116868674755096,0.1641485095024109,0.14198824763298035,0.02336910367012024,49.74806594848633,1,0.023674219846725464,0.19293351471424103,-0.1752743124961853,0.023470833897590637,43.48744583129883,1,0.009833503514528275,-0.33309608697891235,0.15419161319732666,0.022699862718582153,33.20180130004883,1,0.008472194895148277,-0.25828665494918823,-0.1824432909488678,0.023228563368320465,33.19312286376953,1,0.0038707577623426914
799,15.98,stop,0.0,0.0,0.0,0.3110722005367279,-0.9250263571739197,-1.4735502004623413,3.7768819311168045e-05,0.00035183486761525273,-1.821679113203866,-3.9426720568765004,4,0,0,-3.626185571192764e-05,-1.0562276656855829e-05,5.14946186740417e-05,5.175251862965524e-05,-0.00035183486761525273,0.0,0.0911688581109047,0.1641482561826706,0.14198824763298035,0.023369230329990387,49.74640655517578,1,0.023659441620111465,0.19293372333049774,-0.17527413368225098,0.02347087860107422,43.487403869628906,1,0.009821846149861813,-0.333095908164978,0.15419113636016846,0.02269989252090454,33.201141357421875,1,0.008465483784675598,-0.25828662514686584,-0.1824432760477066,0.023228615522384644,33.193458557128906,1,0.003860827535390854
800,16.0,stop,0.0,0.0,0.0,0.3110721707344055,-0.9250262975692749,-1.4735500812530518,3.827761975117028e-05,0.0003512375697027892,-1.8216697216937574,-3.9426733375369696,4,0,0,-3.690421726787463e-05,-1.0161439604416955e-05,5.209993469179608e-05,5.1945855375379324e-05,-0.0003512375697027892,0.0,0.09116842597723007,0.16414828598499298,0.14198842644691467,0.023369133472442627,49.749202728271484,1,0.0236660223454237,0.19293400645256042,-0.17527392506599426,0.023470789194107056,43.4888916015625,1,0.009813684970140457,-0.3330959975719452,0.15419116616249084,0.022699706256389618,33.20256423950195,1,0.00845902319997549,-0.25828635692596436,-0.18244343996047974,0.0232284814119339,33.19303512573242,1,0.0038740222807973623
801,16.02,stop,0.0,0.0,0.0,0.3110722005367279,-0.9250263571739197,-1.4735500812530518,3.792980351136066e-05,0.0003513213887345046,-1.8216526462208322,-3.9426746181974393,4,0,0,-3.636748806457035e-05,-1.077385513781337e-05,5.140490975463763e-05,5.197134305490181e-05,-0.0003513213887345046,0.0,0.09116761386394501,0.16414809226989746,0.14198869466781616,0.023369133472442627,49.74962615966797,1,0.02367299050092697,0.1929338127374649,-0.17527374625205994,0.02347082644701004,43.4886589050293,1,0.00982440635561943,-0.33309632539749146,0.15419089794158936,0.02269972860813141,33.20344543457031,1,0.008465979248285294,-0.2582864761352539,-0.18244343996047974,0.02322755753993988,33.181846618652344,1,0.00396060012280941
802,16.04,stop,0.0,0.0,0.0,0.31107214093208313,-0.9250262975692749,-1.4735502004623413,3.772141644731164e-05,0.0003381617134436965,-1.8216797535341007,-3.942721575747983,4,0,0,-3.6575285776052624e-05,-9.22787694435101e-06,5.322138167684898e-05,5.13804770889692e-05,-0.0003381617134436965,0.0,0.09116911888122559,0.1641479730606079,0.14198845624923706,0.023368917405605316,49.75234603881836,1,0.023665422573685646,0.19293366372585297,-0.17527389526367188,0.02347087860107422,43.4892578125,1,0.00984108541160822,-0.3330964744091034,0.15419065952301025,0.02269979566335678,33.20409393310547,1,0.008460726588964462,-0.2582864761352539,-0.18244370818138123,0.023228414356708527,33.19392395019531,1,0.0038811340928077698
803,16.06,stop,0.0,0.0,0.0,0.31107234954833984,-0.9250263571739197,-1.4735500812530518,3.755457510123961e-05,0.0003406577743589878,-1.8216976827806721,-3.9427646913171186,4,0,0,-3.6179710150463507e-05,-1.006849834084278e-05,5.24053793924395e-05,5.164433241588995e-05,-0.0003406577743589878,0.0,0.09116923809051514,0.16414757072925568,0.1419886350631714,0.023369304835796356,49.747459411621094,1,0.023666271939873695,0.19293342530727386,-0.17527365684509277,0.023470737040042877,43.48851013183594,1,0.009817078709602356,-0.33309680223464966,0.15419065952301025,0.022699765861034393,33.201839447021484,1,0.008459079079329967,-0.2582870125770569,-0.18244361877441406,0.02322833240032196,33.19382095336914,1,0.0038582882843911648
804,16.080000000000002,stop,0.0,0.0,0.0,0.311072438955307,-0.9250264763832092,-1.4735500812530518,3.7734258512500674e-05,0.00034355756361037493,-1.821706007073723,-3.9427471889573704,4,0,0,-3.640433351392858e-05,-9.929690349963494e-06,5.2443363529164344e-05,5.163333480595611e-05,-0.00034355756361037493,0.0,0.09116911143064499,0.164147287607193,0.1419885754585266,0.02336917817592621,49.74652099609375,1,0.023665644228458405,0.19293361902236938,-0.17527374625205994,0.023470737040042877,43.48658752441406,1,0.00981876440346241,-0.33309710025787354,0.15419048070907593,0.022699758410453796,33.20086669921875,1,0.008460846729576588,-0.2582869827747345,-0.18244394659996033,0.023228704929351807,33.193450927734375,1,0.003865345846861601
805,16.1,stop,0.0,0.0,0.0,0.3110724091529846,-0.9250264763832092,-1.4735500812530518,3.7849174987059087e-05,0.0003297179064247757,-1.8217072877341924,-3.9427506040519558,4,0,0,-3.687580829137005e-05,-8.528467333235312e-06,5.346001489670016e-05,5.09440760652069e-05,-0.0003297179064247757,0.0,0.09116926789283752,0.16414731740951538,0.14198867976665497,0.023369230329990387,49.746925354003906,1,0.023678166791796684,0.19293345510959625,-0.17527374625205994,0.023470647633075714,43.48695373535156,1,0.009820261970162392,-0.333096981048584,0.15419039130210876,0.022699743509292603,33.200748443603516,1,0.008460900746285915,-0.258286714553833,-0.18244406580924988,0.023228593170642853,33.20660400390625,1,0.003861636621877551
806,16.12,stop,0.0,0.0,0.0,0.31107231974601746,-0.9250264763832092,-1.4735499620437622,3.866398037644103e-05,0.0003375938977114856,-1.8216844492891553,-3.9427104766905816,4,0,0,-3.7531823181780055e-05,-9.287928151024971e-06,5.311479253578e-05,5.185347981750965e-05,-0.0003375938977114856,0.0,0.09116886556148529,0.16414789855480194,0.14198872447013855,0.023369230329990387,49.74612045288086,1,0.023666340857744217,0.19293373823165894,-0.17527371644973755,0.02347082644701004,43.486976623535156,1,0.009836150333285332,-0.3330967426300049,0.15419036149978638,0.022699736058712006,33.20219802856445,1,0.008465406484901905,-0.25828638672828674,-0.1824440360069275,0.023228466510772705,33.19333267211914,1,0.0038703924510627985
807,16.14,stop,0.0,0.0,0.0,0.3110722303390503,-0.925026535987854,-1.4735500812530518,3.883088720613159e-05,0.0003413432859815657,-1.8216707889108152,-3.9426694955555615,4,0,0,-3.7544683436863124e-05,-9.911336746881716e-06,5.258105375105515e-05,5.2230298024369404e-05,-0.0003413432859815657,0.0,0.09116886556148529,0.16414791345596313,0.14198888838291168,0.023369155824184418,49.74868392944336,1,0.023674236610531807,0.19293399155139923,-0.17527362704277039,0.023470818996429443,43.488834381103516,1,0.009821341373026371,-0.33309677243232727,0.1541902720928192,0.022699810564517975,33.201778411865234,1,0.00846718531101942,-0.2582860589027405,-0.18244417011737823,0.023228488862514496,33.19255828857422,1,0.0038709044456481934
808,16.16,stop,0.0,0.0,0.0,0.31107208132743835,-0.925026535987854,-1.4735498428344727,3.831400317722e-05,0.0003463173343334347,-1.821658195749533,-3.9426280875337185,4,0,0,-3.68561341019813e-05,-1.0468437722011004e-05,5.1762774091912434e-05,5.207095091463998e-05,-0.0003463173343334347,0.0,0.09116777032613754,0.16414782404899597,0.14198890328407288,0.023369118571281433,49.75011444091797,1,0.023668374866247177,0.19293420016765594,-0.17527329921722412,0.02347075194120407,43.48877716064453,1,0.009828653186559677,-0.33309653401374817,0.1541900932788849,0.02269972860813141,33.202754974365234,1,0.008469505235552788,-0.2582857012748718,-0.18244430422782898,0.023227520287036896,33.18155288696289,1,0.003965743817389011
809,16.18,stop,0.0,0.0,0.0,0.31107208132743835,-0.9250265955924988,-1.4735498428344727,3.7998433981556445e-05,0.0003344600845593959,-1.8216780459868083,-3.942674191310616,4,0,0,-3.682698661577888e-05,-9.362380296806805e-06,5.312977737048641e-05,5.1593273383332416e-05,-0.0003344600845593959,0.0,0.09116942435503006,0.16414771974086761,0.1419888138771057,0.023369155824184418,49.75417709350586,1,0.023654300719499588,0.19293411076068878,-0.17527344822883606,0.02347090095281601,43.48984909057617,1,0.009831951931118965,-0.3330967128276825,0.15419012308120728,0.022699765861034393,33.20425796508789,1,0.008455604314804077,-0.25828611850738525,-0.18244431912899017,0.023228473961353302,33.19374465942383,1,0.0038779107853770256
810,16.2,stop,0.0,0.0,0.0,0.3110721707344055,-0.9250264763832092,-1.4735498428344727,3.742051194421947e-05,0.0003358848043717444,-1.8216929870256178,-3.9427194413138675,4,0,0,-3.601063144742511e-05,-1.0174927410844248e-05,5.2167237299727276e-05,5.155817052582279e-05,-0.0003358848043717444,0.0,0.09116960316896439,0.16414737701416016,0.1419886350631714,0.023369215428829193,49.75001907348633,1,0.02365276776254177,0.19293388724327087,-0.17527344822883606,0.02347087860107422,43.488983154296875,1,0.009833074174821377,-0.333096981048584,0.15419000387191772,0.022699721157550812,33.20240020751953,1,0.008471573702991009,-0.2582862377166748,-0.18244430422782898,0.023228392004966736,33.1937370300293,1,0.0038639421109110117
811,16.22,stop,0.0,0.0,0.0,0.31107228994369507,-0.9250265955924988,-1.4735502004623413,3.767723683267832e-05,0.00034037051955237985,-1.8217145448101855,-3.9427433469759623,4,0,0,-3.6098517739446834e-05,-1.0792186913022306e-05,5.161518856766634e-05,5.195679477765225e-05,-0.00034037051955237985,0.0,0.09116944670677185,0.16414760053157806,0.14198844134807587,0.023369088768959045,49.74946212768555,1,0.023643121123313904,0.1929338574409485,-0.17527374625205994,0.023470871150493622,43.48790740966797,1,0.009842648170888424,-0.33309680223464966,0.15418964624404907,0.022699624300003052,33.20332717895508,1,0.008467438630759716,-0.25828635692596436,-0.18244445323944092,0.023228347301483154,33.19295883178711,1,0.0038694413378834724
812,16.240000000000002,stop,0.0,0.0,0.0,0.31107231974601746,-0.925026535987854,-1.4735506772994995,3.738298255484551e-05,0.00034166465047746897,-1.821724576650529,-3.9427027927277654,4,0,0,-3.5669971111929044e-05,-1.1186620213265996e-05,5.0938477215822786e-05,5.182778841117397e-05,-0.00034166465047746897,0.0,0.09116925299167633,0.16414782404899597,0.1419885903596878,0.023369133472442627,49.74763488769531,1,0.023667238652706146,0.19293424487113953,-0.1752738654613495,0.02347072958946228,43.488460540771484,1,0.009839244186878204,-0.33309656381607056,0.15418925881385803,0.022699758410453796,33.20296096801758,1,0.008452831767499447,-0.2582858204841614,-0.1824447512626648,0.023228444159030914,33.19268798828125,1,0.0038657088298350573
813,16.26,stop,0.0,0.0,0.0,0.31107234954833984,-0.9250264167785645,-1.473550796508789,3.6882756830891594e-05,0.0003330777690280229,-1.8217175330179474,-3.9426857172548404,4,0,0,-3.53944742528256e-05,-1.0371546522947028e-05,5.114330997457728e-05,5.098260589875281e-05,-0.0003330777690280229,0.0,0.09116919338703156,0.16414810717105865,0.14198854565620422,0.023369111120700836,49.74781799316406,1,0.023673007264733315,0.19293466210365295,-0.17527368664741516,0.0234706848859787,43.48747634887695,1,0.009814937599003315,-0.33309638500213623,0.15418937802314758,0.022699907422065735,33.201934814453125,1,0.008452783338725567,-0.2582855820655823,-0.18244509398937225,0.02322860062122345,33.20480728149414,1,0.003864803584292531
814,16.28,stop,0.0,0.0,0.0,0.3110722303390503,-0.925026535987854,-1.4735506772994995,3.76768693968188e-05,0.00033574228291399777,-1.821668441033288,-3.942644309232997,4,0,0,-3.6236779124010354e-05,-1.0317087799194269e-05,5.151357254362665e-05,5.150670403963886e-05,-0.00033574228291399777,0.0,0.09116895496845245,0.16414792835712433,0.14198896288871765,0.023369133472442627,49.7467041015625,1,0.023678230121731758,0.19293491542339325,-0.17527353763580322,0.023470766842365265,43.48677062988281,1,0.009824098087847233,-0.33309662342071533,0.15418937802314758,0.022699721157550812,33.20304870605469,1,0.008455834351480007,-0.25828564167022705,-0.1824447214603424,0.023228533565998077,33.19331741333008,1,0.0038579292595386505
815,16.3,stop,0.0,0.0,0.0,0.31107214093208313,-0.9250264167785645,-1.4735506772994995,3.785239823628217e-05,0.0003356346860527992,-1.8216456025882508,-3.9426033280979773,4,0,0,-3.6480127164395526e-05,-1.0099722203449346e-05,5.174570469534956e-05,5.151641380507499e-05,-0.0003356346860527992,0.0,0.09116882085800171,0.16414818167686462,0.14198902249336243,0.023369207978248596,49.74644088745117,1,0.023659836500883102,0.19293485581874847,-0.17527344822883606,0.023470714688301086,43.48757553100586,1,0.00983104296028614,-0.33309635519981384,0.15418946743011475,0.022699803113937378,33.20191955566406,1,0.008465953171253204,-0.2582851052284241,-0.18244466185569763,0.02322852611541748,33.192317962646484,1,0.0038644904270768166
816,16.32,stop,0.0,0.0,0.0,0.31107208132743835,-0.9250264763832092,-1.47355055809021,3.840204226435162e-05,0.0003346096200402826,-1.8216389858424924,-3.9426058894189158,4,0,0,-3.7127771065570414e-05,-9.810479241423309e-06,5.231524119153619e-05,5.180622247280553e-05,-0.0003346096200402826,0.0,0.09116870164871216,0.1641482710838318,0.14198893308639526,0.02336912602186203,49.749122619628906,1,0.023667078465223312,0.19293510913848877,-0.17527341842651367,0.02347090095281601,43.48817443847656,1,0.009822339750826359,-0.3330962359905243,0.15418964624404907,0.022699616849422455,33.20220947265625,1,0.008462549187242985,-0.25828495621681213,-0.18244461715221405,0.023228496313095093,33.18912887573242,1,0.0038659321144223213
817,16.34,stop,0.0,0.0,0.0,0.31107190251350403,-0.925026535987854,-1.47355055809021,3.771223782678135e-05,0.00033652299316599965,-1.8216492311262473,-3.9426515663089905,4,0,0,-3.634777385741472e-05,-1.0052478501165751e-05,5.1851962780347094e-05,5.145452087162994e-05,-0.00033652299316599965,0.0,0.09116952866315842,0.1641480028629303,0.1419888585805893,0.02336910367012024,49.75110626220703,1,0.023669233545660973,0.19293488562107086,-0.17527344822883606,0.023470915853977203,43.48855972290039,1,0.009829597547650337,-0.33309632539749146,0.15418949723243713,0.022699758410453796,33.20333480834961,1,0.008461875841021538,-0.2582853138446808,-0.182444766163826,0.023228399455547333,33.19307327270508,1,0.003877825103700161
818,16.36,stop,0.0,0.0,0.0,0.3110719323158264,-0.925026535987854,-1.47355055809021,3.73676375602372e-05,0.000338206096785143,-1.8216505117867168,-3.9426959625385956,4,0,0,-3.588296749512665e-05,-1.042846361087868e-05,5.145668183104135e-05,5.1419137889752164e-05,-0.000338206096785143,0.0,0.09116996824741364,0.16414794325828552,0.14198896288871765,0.023369200527668,49.75010299682617,1,0.023666944354772568,0.19293473660945892,-0.17527347803115845,0.023470938205718994,43.48891830444336,1,0.009832991287112236,-0.3330965042114258,0.15418940782546997,0.02269977331161499,33.20353698730469,1,0.008457007817924023,-0.2582855224609375,-0.182444766163826,0.02322850376367569,33.193336486816406,1,0.003874167101457715
819,16.38,stop,0.0,0.0,0.0,0.3110719919204712,-0.9250264167785645,-1.4735506772994995,3.7165707908570766e-05,0.0003389002522453666,-1.8216502983433052,-3.9426554082903986,4,0,0,-3.5614804801298305e-05,-1.0624293281580321e-05,5.1228460506536067e-05,5.1378068746998906e-05,-0.0003389002522453666,0.0,0.0911698043346405,0.16414804756641388,0.1419891119003296,0.023369118571281433,49.74917984008789,1,0.02366902306675911,0.19293469190597534,-0.17527347803115845,0.02347097545862198,43.488433837890625,1,0.009845010004937649,-0.33309662342071533,0.15418925881385803,0.02269996702671051,33.20235824584961,1,0.008473105728626251,-0.2582852840423584,-0.18244481086730957,0.02322850376367569,33.192806243896484,1,0.0038766032084822655
820,16.4,stop,0.0,0.0,0.0,0.3110719919204712,-0.9250262975692749,-1.4735506772994995,3.72743234038353e-05,0.00033976772101596,-1.8216526462208322,-3.9426993776331805,4,0,0,-3.561447738320567e-05,-1.0999279766110703e-05,5.088889884063974e-05,5.15920837642625e-05,-0.00033976772101596,0.0,0.09116992354393005,0.1641477793455124,0.14198914170265198,0.023369252681732178,49.748565673828125,1,0.023669520393013954,0.19293487071990967,-0.1752730906009674,0.02347078174352646,43.488033294677734,1,0.009824642911553383,-0.3330966830253601,0.1541895568370819,0.0226997509598732,33.202754974365234,1,0.008461513556540012,-0.25828540325164795,-0.18244466185569763,0.023228459060192108,33.19316101074219,1,0.0038638196419924498
821,16.42,stop,0.0,0.0,0.0,0.31107205152511597,-0.9250261783599854,-1.4735509157180786,3.689955337904394e-05,0.00033676961902529,-1.821666093155761,-3.942681448386609,4,0,0,-3.531702532200143e-05,-1.0690404451452196e-05,5.094512744108215e-05,5.116875399835408e-05,-0.00033676961902529,0.0,0.09116988629102707,0.1641479730606079,0.14198896288871765,0.02336910367012024,49.74683380126953,1,0.02364361844956875,0.19293509423732758,-0.17527338862419128,0.023470871150493622,43.487098693847656,1,0.009852741844952106,-0.33309662342071533,0.15418937802314758,0.022699713706970215,33.2012825012207,1,0.008456692099571228,-0.2582851052284241,-0.18244484066963196,0.02322860062122345,33.19300842285156,1,0.003865849459543824
822,16.44,stop,0.0,0.0,0.0,0.31107205152511597,-0.9250261783599854,-1.4735511541366577,3.7178655475145206e-05,0.00033534204703755677,-1.821666093155761,-3.9426835828207247,4,0,0,-3.558386015356518e-05,-1.077224897017004e-05,5.0967701099580154e-05,5.138920823810622e-05,-0.00033534204703755677,0.0,0.09116967022418976,0.16414843499660492,0.14198914170265198,0.023369237780570984,49.74747085571289,1,0.023668088018894196,0.19293548166751862,-0.1752733588218689,0.023470759391784668,43.48771286010742,1,0.009818213060498238,-0.33309608697891235,0.15418905019760132,0.022699736058712006,33.2017822265625,1,0.008469830267131329,-0.2582847476005554,-0.18244507908821106,0.023228570818901062,33.19290542602539,1,0.0038624401204288006
823,16.46,stop,0.0,0.0,0.0,0.31107211112976074,-0.925025999546051,-1.4735512733459473,3.674660183605738e-05,0.00033341607195325196,-1.8216584091929446,-3.9426857172548404,4,0,0,-3.537908924045041e-05,-9.931407475960441e-06,5.149020944372751e-05,5.069924009148963e-05,-0.00033341607195325196,0.0,0.09116970747709274,0.1641484797000885,0.14198903739452362,0.02336917817592621,49.748626708984375,1,0.023669827729463577,0.19293557107448578,-0.17527341842651367,0.02347082644701004,43.48725509643555,1,0.009830215014517307,-0.33309608697891235,0.15418925881385803,0.0226997509598732,33.201412200927734,1,0.008457443676888943,-0.2582850158214569,-0.1824449598789215,0.0232284814119339,33.193023681640625,1,0.0038560228422284126
824,16.48,stop,0.0,0.0,0.0,0.31107208132743835,-0.9250257015228271,-1.4735512733459473,3.665678377728909e-05,0.00033214729046449065,-1.8216432547107235,-3.9426647998005073,4,0,0,-3.535629730322398e-05,-9.677399248175789e-06,5.1679249736480415e-05,5.052407504990697e-05,-0.00033214729046449065,0.0,0.0911690965294838,0.16414876282215118,0.1419893503189087,0.023369260132312775,49.75029754638672,1,0.023686792701482773,0.19293569028377533,-0.1752730906009674,0.02347084879875183,43.487728118896484,1,0.009827088564634323,-0.33309561014175415,0.1541893184185028,0.022699683904647827,33.203617095947266,1,0.008461780846118927,-0.2582845091819763,-0.18244454264640808,0.023228459060192108,33.19270706176758,1,0.003860999131575227
825,16.5,stop,0.0,0.0,0.0,0.3110720217227936,-0.925025463104248,-1.4735515117645264,3.64801126124803e-05,0.00033222392085008323,-1.8216541403247133,-3.942687851688956,4,0,0,-3.51853777829092e-05,-9.63264119491214e-06,5.1721643103519455e-05,5.0416678277542815e-05,-0.00033222392085008323,0.0,0.0911693200469017,0.16414889693260193,0.14198923110961914,0.02336912602186203,49.747840881347656,1,0.02368035353720188,0.19293585419654846,-0.17527300119400024,0.023470789194107056,43.487579345703125,1,0.009825631976127625,-0.3330957293510437,0.1541893482208252,0.022699810564517975,33.20255661010742,1,0.00846613384783268,-0.25828415155410767,-0.1824449598789215,0.023228593170642853,33.19332504272461,1,0.003876334987580776
826,16.52,stop,0.0,0.0,0.0,0.3110720217227936,-0.9250254034996033,-1.4735515117645264,3.662390008685179e-05,0.0003342853160575032,-1.8216707889108152,-3.9427117573510513,4,0,0,-3.542964259395376e-05,-9.2763493739767e-06,5.212168616708368e-05,5.036694710724987e-05,-0.0003342853160575032,0.0,0.09116941690444946,0.16414909064769745,0.14198914170265198,0.023369230329990387,49.74571990966797,1,0.023644881322979927,0.1929357647895813,-0.17527326941490173,0.02347084879875183,43.48751449584961,1,0.009839259088039398,-0.33309561014175415,0.15418946743011475,0.022699572145938873,33.20253372192383,1,0.008468135260045528,-0.25828441977500916,-0.18244488537311554,0.023228473961353302,33.193336486816406,1,0.0038670445792376995
827,16.54,stop,0.0,0.0,0.0,0.3110719621181488,-0.9250252842903137,-1.4735515117645264,3.753874989342876e-05,0.000334842101437971,-1.821673350231754,-3.942712184237874,4,0,0,-3.6378656659508124e-05,-9.260189472115599e-06,5.268087988952175e-05,5.106804019305855e-05,-0.000334842101437971,0.0,0.09116953611373901,0.16414929926395416,0.14198940992355347,0.023369237780570984,49.746952056884766,1,0.023666899651288986,0.1929360032081604,-0.17527318000793457,0.023470908403396606,43.486846923828125,1,0.009837184101343155,-0.33309563994407654,0.1541895866394043,0.022699706256389618,33.202354431152344,1,0.008462406694889069,-0.25828415155410767,-0.1824447512626648,0.023228473961353302,33.193119049072266,1,0.003867435036227107
828,16.56,stop,0.0,0.0,0.0,0.3110720217227936,-0.925025224685669,-1.4735515117645264,3.758567982004024e-05,0.0003361618146300316,-1.8216731367883423,-3.9426712031028543,4,0,0,-3.6421672120923176e-05,-9.281441634811927e-06,5.2727002184838057e-05,5.113133738632314e-05,-0.0003361618146300316,0.0,0.09116818755865097,0.164149209856987,0.14198940992355347,0.023369282484054565,49.748146057128906,1,0.023665757849812508,0.19293616712093353,-0.17527282238006592,0.023470789194107056,43.48809051513672,1,0.009829903021454811,-0.3330954611301422,0.15418949723243713,0.022699758410453796,33.20201873779297,1,0.008472955785691738,-0.258283793926239,-0.1824447214603424,0.023227430880069733,33.18235397338867,1,0.0039637526497244835
829,16.580000000000002,stop,0.0,0.0,0.0,0.3110719919204712,-0.9250251650810242,-1.4735513925552368,3.7895722925895825e-05,0.00032670723157934844,-1.8217077146210157,-3.9427168799929286,4,0,0,-3.713000114657916e-05,-7.5794941949425265e-06,5.491206320584752e-05,5.0798389565898106e-05,-0.00032670723157934844,0.0,0.09116974472999573,0.1641489714384079,0.14198902249336243,0.023369260132312775,49.75050354003906,1,0.02365889400243759,0.1929360330104828,-0.1752730906009674,0.023470796644687653,43.489559173583984,1,0.0098292650654912,-0.3330954909324646,0.15418928861618042,0.02269982546567917,33.204261779785156,1,0.008461284451186657,-0.2582842707633972,-0.18244463205337524,0.023228392004966736,33.19420623779297,1,0.003868791041895747
830,16.6,stop,0.0,0.0,0.0,0.31107214093208313,-0.925025224685669,-1.4735515117645264,3.812718568951823e-05,0.00033150409581139684,-1.8217284186319371,-3.94276212999618,4,0,0,-3.732628101715818e-05,-7.773741344863083e-06,5.5016851547406986e-05,5.1133880333509296e-05,-0.00033150409581139684,0.0,0.09116964787244797,0.16414885222911835,0.14198905229568481,0.02336914837360382,49.74931335449219,1,0.023684756830334663,0.1929357647895813,-0.17527326941490173,0.023470886051654816,43.48753356933594,1,0.009830297902226448,-0.33309584856033325,0.1541893184185028,0.022699840366840363,33.20309829711914,1,0.008466883562505245,-0.25828462839126587,-0.18244493007659912,0.023228414356708527,33.19374084472656,1,0.0038797396700829268
831,16.62,stop,0.0,0.0,0.0,0.31107228994369507,-0.925025224685669,-1.4735515117645264,3.7725036236224696e-05,0.00033517484553158283,-1.8217422924536888,-3.9427634106566494,4,0,0,-3.692298196256161e-05,-7.737694431853015e-06,5.466691072797403e-05,5.0741786253638566e-05,-0.00033517484553158283,0.0,0.09116964787244797,0.16414885222911835,0.14198899269104004,0.023369237780570984,49.74772262573242,1,0.023664042353630066,0.192935973405838,-0.17527344822883606,0.02347087860107422,43.487693786621094,1,0.009838288649916649,-0.333095908164978,0.15418916940689087,0.022699683904647827,33.20319747924805,1,0.008469821885228157,-0.2582845687866211,-0.18244507908821106,0.02322864532470703,33.19334030151367,1,0.0038642645813524723
832,16.64,stop,0.0,0.0,0.0,0.31107237935066223,-0.9250251650810242,-1.4735515117645264,3.795737575273961e-05,0.0003360226401127875,-1.8217444268878045,-3.942721575747983,4,0,0,-3.710348755703308e-05,-8.005838935787324e-06,5.4370550060411915e-05,5.095784581499174e-05,-0.0003360226401127875,0.0,0.09116898477077484,0.16414910554885864,0.14198893308639526,0.023369260132312775,49.74720001220703,1,0.023662306368350983,0.19293564558029175,-0.17527326941490173,0.023470893502235413,43.48706817626953,1,0.009818308055400848,-0.3330957889556885,0.15418919920921326,0.022699765861034393,33.2017936706543,1,0.008464607410132885,-0.2582843005657196,-0.1824449598789215,0.02322864532470703,33.19285202026367,1,0.0038674501702189445
833,16.66,stop,0.0,0.0,0.0,0.3110724091529846,-0.9250251650810242,-1.4735515117645264,3.767144153243862e-05,0.0003341442788951099,-1.8217401580195731,-3.94268016772614,4,0,0,-3.696589556057006e-05,-7.2567177085147705e-06,5.4667714721290395e-05,5.0287348130950704e-05,-0.0003341442788951099,0.0,0.09116838127374649,0.16414912045001984,0.14198893308639526,0.023369111120700836,49.74629211425781,1,0.023653049021959305,0.1929362267255783,-0.1752733290195465,0.023470647633075714,43.48766326904297,1,0.009841399267315865,-0.33309534192085266,0.15418916940689087,0.0226997509598732,33.201114654541016,1,0.008471466600894928,-0.25828394293785095,-0.18244507908821106,0.023228570818901062,33.19236373901367,1,0.003870762884616852
834,16.68,stop,0.0,0.0,0.0,0.3110724091529846,-0.9250251650810242,-1.4735515117645264,3.8340207538567483e-05,0.00033553881803527474,-1.8217452806614507,-3.9426831559339015,4,0,0,-3.747863956959918e-05,-8.082271051534917e-06,5.417506690719165e-05,5.112489088787697e-05,-0.00033553881803527474,0.0,0.09116844832897186,0.1641492396593094,0.14198878407478333,0.023369237780570984,49.74638366699219,1,0.02364610694348812,0.1929362565279007,-0.17527320981025696,0.023470856249332428,43.48812484741211,1,0.009825521148741245,-0.3330954313278198,0.15418896079063416,0.022699706256389618,33.20150375366211,1,0.008474225178360939,-0.2582840323448181,-0.18244510889053345,0.0232284814119339,33.19269561767578,1,0.0038626964669674635
835,16.7,stop,0.0,0.0,0.0,0.31107234954833984,-0.9250251650810242,-1.4735515117645264,3.866320912493393e-05,0.0003365118755027652,-1.8217420790102772,-3.9427062078223503,4,0,0,-3.7802241422468796e-05,-8.113834155665245e-06,5.429070733953267e-05,5.136587060405873e-05,-0.0003365118755027652,0.0,0.09116888791322708,0.16414907574653625,0.14198920130729675,0.023369193077087402,49.74702835083008,1,0.023670174181461334,0.19293615221977234,-0.1752733588218689,0.023470841348171234,43.48736572265625,1,0.009833370335400105,-0.33309561014175415,0.15418905019760132,0.022699832916259766,33.201480865478516,1,0.008478021249175072,-0.25828421115875244,-0.18244510889053345,0.023228593170642853,33.193267822265625,1,0.0038742509204894304
836,16.72,stop,0.0,0.0,0.0,0.3110722303390503,-0.9250251650810242,-1.4735515117645264,3.868368366966024e-05,0.00033641394111327827,-1.8217331143869915,-3.942686571028487,4,0,0,-3.779988765018061e-05,-8.221672942454461e-06,5.417042848421261e-05,5.141593283042312e-05,-0.00033641394111327827,0.0,0.0911685973405838,0.1641492396593094,0.1419891119003296,0.023369252681732178,49.74625778198242,1,0.0236608125269413,0.1929362267255783,-0.17527318000793457,0.023470856249332428,43.488609313964844,1,0.00983627699315548,-0.3330952823162079,0.1541888415813446,0.022699370980262756,33.20368957519531,1,0.008465473540127277,-0.25828394293785095,-0.18244504928588867,0.023228369653224945,33.19290542602539,1,0.003867979859933257
837,16.740000000000002,stop,0.0,0.0,0.0,0.31107208132743835,-0.9250251650810242,-1.4735515117645264,3.919074515579268e-05,0.0003375995729584247,-1.8217262841978215,-3.9426673611214462,4,0,0,-3.823613587883301e-05,-8.597228770668153e-06,5.4185878980206326e-05,5.200568193686195e-05,-0.0003375995729584247,0.0,0.09116889536380768,0.1641494780778885,0.14198936522006989,0.023369096219539642,49.7491340637207,1,0.023684997111558914,0.1929362565279007,-0.17527303099632263,0.0234706848859787,43.488250732421875,1,0.009827929548919201,-0.3330954909324646,0.15418928861618042,0.02269979566335678,33.20203399658203,1,0.008473701775074005,-0.25828397274017334,-0.1824452131986618,0.0232284814119339,33.19288635253906,1,0.0038825965020805597
838,16.76,stop,0.0,0.0,0.0,0.3110720217227936,-0.9250251650810242,-1.4735515117645264,3.880564327118918e-05,0.0003380432608537376,-1.82171924056524,-3.9426891323494253,4,0,0,-3.7785019230796024e-05,-8.841384442348499e-06,5.3833515266887844e-05,5.1866307330783457e-05,-0.0003380432608537376,0.0,0.09116943180561066,0.16414912045001984,0.14198921620845795,0.023369193077087402,49.7487678527832,1,0.02368263155221939,0.19293606281280518,-0.17527297139167786,0.023470968008041382,43.48836135864258,1,0.009819329716265202,-0.3330954909324646,0.15418919920921326,0.02269987016916275,33.20310592651367,1,0.008459708653390408,-0.25828397274017334,-0.1824449896812439,0.023228555917739868,33.193180084228516,1,0.0038770034443587065
839,16.78,stop,0.0,0.0,0.0,0.3110719919204712,-0.925025224685669,-1.4735515117645264,3.853706220979802e-05,0.00033676071325317025,-1.8217113431590122,-3.942670776216031,4,0,0,-3.757372542168014e-05,-8.562736184103414e-06,5.391440572566353e-05,5.152574158273637e-05,-0.00033676071325317025,0.0,0.09116958826780319,0.1641489416360855,0.14198912680149078,0.02336907386779785,49.74684143066406,1,0.023647503927350044,0.19293604791164398,-0.17527276277542114,0.023470818996429443,43.487037658691406,1,0.009830395691096783,-0.3330954313278198,0.15418916940689087,0.022699788212776184,33.20209884643555,1,0.008470593020319939,-0.2582838535308838,-0.1824449896812439,0.023228608071804047,33.193416595458984,1,0.0038582957349717617
840,16.8,stop,0.0,0.0,0.0,0.3110719323158264,-0.925025224685669,-1.4735515117645264,3.929199738195166e-05,0.00033588625956326723,-1.8217028054225497,-3.942672910650147,4,0,0,-3.840848512481898e-05,-8.285494914161973e-06,5.4640946473227814e-05,5.1990362408105284e-05,-0.00033588625956326723,0.0,0.0911693125963211,0.1641494333744049,0.14198938012123108,0.023369237780570984,49.748687744140625,1,0.02368408814072609,0.1929364949464798,-0.1752728521823883,0.02347075194120407,43.4882698059082,1,0.009836873970925808,-0.33309537172317505,0.15418916940689087,0.022699609398841858,33.202125549316406,1,0.008468124084174633,-0.258283793926239,-0.18244504928588867,0.023228563368320465,33.19338607788086,1,0.0038594480138272047
841,16.82,stop,0.0,0.0,0.0,0.31107187271118164,-0.9250251650810242,-1.4735515117645264,3.906794881913811e-05,0.0003346348530612886,-1.8217004575450224,-3.9426733375369696,4,0,0,-3.807925168075599e-05,-8.733573849895038e-06,5.423194670584053e-05,5.2085706556681544e-05,-0.0003346348530612886,0.0,0.09116951376199722,0.16414931416511536,0.14198926091194153,0.02336926758289337,49.750831604003906,1,0.02368140034377575,0.19293642044067383,-0.17527276277542114,0.023470833897590637,43.48925018310547,1,0.00981827825307846,-0.3330954313278198,0.15418925881385803,0.02269960194826126,33.20325469970703,1,0.008457603864371777,-0.25828391313552856,-0.1824449598789215,0.023228593170642853,33.19327926635742,1,0.003862611250951886
842,16.84,stop,0.0,0.0,0.0,0.31107187271118164,-0.9250251650810242,-1.4735515117645264,3.854469832731411e-05,0.00033317794441245496,-1.8217047264132538,-3.942697670085888,4,0,0,-3.7540190533036366e-05,-8.742307727516163e-06,5.402869646786712e-05,5.173976023797877e-05,-0.00033317794441245496,0.0,0.09117010980844498,0.16414859890937805,0.1419891119003296,0.02336924523115158,49.74662780761719,1,0.02364945597946644,0.19293621182441711,-0.1752728819847107,0.023470841348171234,43.48884201049805,1,0.00982666201889515,-0.333095520734787,0.15418922901153564,0.022699877619743347,33.20306396484375,1,0.00846064556390047,-0.25828397274017334,-0.18244491517543793,0.02322864532470703,33.193511962890625,1,0.0038671214133501053
843,16.86,stop,0.0,0.0,0.0,0.3110719323158264,-0.9250251650810242,-1.4735515117645264,3.942117473343387e-05,0.00033550019725225866,-1.8216981096674951,-3.9426998045200037,4,0,0,-3.849210042972118e-05,-8.508068276569247e-06,5.474323916132562e-05,5.229807720752433e-05,-0.00033550019725225866,0.0,0.09116946905851364,0.16414928436279297,0.1419895887374878,0.023369230329990387,49.749664306640625,1,0.023692451417446136,0.19293613731861115,-0.17527282238006592,0.02347084879875183,43.48869705200195,1,0.009826302528381348,-0.33309561014175415,0.15418916940689087,0.022699609398841858,33.20301055908203,1,0.008463840931653976,-0.25828391313552856,-0.18244478106498718,0.023228399455547333,33.19319152832031,1,0.0038674145471304655
844,16.88,stop,0.0,0.0,0.0,0.31107190251350403,-0.9250251650810242,-1.4735515117645264,3.841329817078076e-05,0.0003334436332806945,-1.8217047264132538,-3.942681021499786,4,0,0,-3.74134469893761e-05,-8.707210326974746e-06,5.402715760283172e-05,5.1643099141074345e-05,-0.0003334436332806945,0.0,0.09116989374160767,0.16414880752563477,0.14198905229568481,0.023369140923023224,49.74638366699219,1,0.023643121123313904,0.1929362565279007,-0.1752728819847107,0.023470766842365265,43.48814010620117,1,0.009822798892855644,-0.33309558033943176,0.1541893184185028,0.022699683904647827,33.2033805847168,1,0.008453886024653912,-0.25828397274017334,-0.1824450045824051,0.023228660225868225,33.193355560302734,1,0.0038616741076111794
845,16.9,stop,0.0,0.0,0.0,0.3110719323158264,-0.9250251650810242,-1.4735515117645264,3.921020106645301e-05,0.0003341939009260386,-1.82169874999773,-3.9426827290470787,4,0,0,-3.8346533983713016e-05,-8.184327271010261e-06,5.493092612596229e-05,5.199403312872164e-05,-0.0003341939009260386,0.0,0.09116948395967484,0.16414912045001984,0.14198946952819824,0.023369230329990387,49.74790573120117,1,0.023680442944169044,0.19293618202209473,-0.17527294158935547,0.023470990359783173,43.48750305175781,1,0.009836781769990921,-0.33309537172317505,0.1541893482208252,0.022699713706970215,33.20166015625,1,0.00846656784415245,-0.2582838237285614,-0.18244493007659912,0.023228585720062256,33.19313430786133,1,0.003868596628308296
846,16.92,stop,0.0,0.0,0.0,0.3110719621181488,-0.9250251650810242,-1.4735515117645264,3.9178608858492225e-05,0.0003336043155286461,-1.8216981096674951,-3.942684009707548,4,0,0,-3.8297788705676794e-05,-8.260924005298875e-06,5.487135058501735e-05,5.2018742280779406e-05,-0.0003336043155286461,0.0,0.09116946905851364,0.16414912045001984,0.14198945462703705,0.023369036614894867,49.750457763671875,1,0.02370217815041542,0.1929362714290619,-0.17527294158935547,0.02347090095281601,43.48729705810547,1,0.009829471819102764,-0.33309558033943176,0.1541893184185028,0.022699743509292603,33.202938079833984,1,0.008459055796265602,-0.2582840919494629,-0.18244488537311554,0.023228608071804047,33.193172454833984,1,0.003865917446091771
847,16.94,stop,0.0,0.0,0.0,0.3110719621181488,-0.9250251650810242,-1.4735515117645264,3.8263762689894065e-05,0.00033164414344355464,-1.8216998172147878,-3.9426438823461742,4,0,0,-3.74001101590693e-05,-8.083766260824632e-06,5.452318873722106e-05,5.1248800446046516e-05,-0.00033164414344355464,0.0,0.09116927534341812,0.16414931416511536,0.14198943972587585,0.023369140923023224,49.747802734375,1,0.023661285638809204,0.1929364800453186,-0.17527294158935547,0.023470759391784668,43.48764419555664,1,0.009832811541855335,-0.3330954313278198,0.15418928861618042,0.02269979566335678,33.202598571777344,1,0.008468122221529484,-0.2582838535308838,-0.18244484066963196,0.023228533565998077,33.19297409057617,1,0.0038709749933332205
848,16.96,stop,0.0,0.0,0.0,0.3110719919204712,-0.9250251650810242,-1.4735515117645264,3.875616312143393e-05,0.00033397230436094105,-1.8217064339605462,-3.9426887054626025,4,0,0,-3.787937748711556e-05,-8.197126589948311e-06,5.464637069962919e-05,5.164948379388079e-05,-0.00033397230436094105,0.0,0.09116951376199722,0.16414913535118103,0.1419890820980072,0.02336922287940979,49.74616241455078,1,0.023645328357815742,0.19293640553951263,-0.17527303099632263,0.0234709233045578,43.48793411254883,1,0.009833880700170994,-0.33309563994407654,0.15418928861618042,0.02269960194826126,33.20158004760742,1,0.008474299684166908,-0.25828397274017334,-0.18244490027427673,0.02322860062122345,33.193359375,1,0.003867517691105604
849,16.98,stop,0.0,0.0,0.0,0.3110719323158264,-0.9250251650810242,-1.4735515117645264,3.9694918086752295e-05,0.00033533218083903193,-1.8217083549512503,-3.942711330464228,4,0,0,-3.8771129766246304e-05,-8.513872671755962e-06,5.4869447922101244e-05,5.249706737231463e-05,-0.00033533218083903193,0.0,0.09116992354393005,0.16414900124073029,0.1419893205165863,0.023369058966636658,49.74872589111328,1,0.02368672378361225,0.19293585419654846,-0.17527276277542114,0.023470796644687653,43.48765563964844,1,0.009823376312851906,-0.3330956995487213,0.15418916940689087,0.02269987016916275,33.20219421386719,1,0.008471977896988392,-0.25828415155410767,-0.18244504928588867,0.02322860062122345,33.193443298339844,1,0.003870058339089155
850,17.0,stop,0.0,0.0,0.0,0.31107184290885925,-0.9250251650810242,-1.4735515117645264,3.9033406210364774e-05,0.00033438854734413326,-1.8217042995264305,-3.9426686417819155,4,0,0,-3.816444586846046e-05,-8.190362677851226e-06,5.4796655604150146e-05,5.1850085583282635e-05,-0.00033438854734413326,0.0,0.09116977453231812,0.16414926946163177,0.1419893503189087,0.023369193077087402,49.749027252197266,1,0.023677436634898186,0.19293643534183502,-0.1752728521823883,0.023470699787139893,43.48860549926758,1,0.009815331548452377,-0.3330953121185303,0.15418922901153564,0.022699855268001556,33.20323944091797,1,0.008459215052425861,-0.25828391313552856,-0.18244481086730957,0.023228563368320465,33.19324493408203,1,0.0038679013960063457
851,17.02,stop,0.0,0.0,0.0,0.31107184290885925,-0.9250251650810242,-1.4735515117645264,3.883390309056267e-05,0.000333908450556919,-1.82169874999773,-3.942650285648521,4,0,0,-3.8013982702977955e-05,-7.937833288451657e-06,5.497959864442237e-05,5.161190347280353e-05,-0.000333908450556919,0.0,0.091169074177742,0.1641492396593094,0.14198945462703705,0.023369200527668,49.74870681762695,1,0.023670177906751633,0.19293661415576935,-0.1752728521823883,0.023470856249332428,43.4889030456543,1,0.009831605479121208,-0.3330953121185303,0.15418925881385803,0.022699713706970215,33.20294952392578,1,0.00845013465732336,-0.2582836151123047,-0.18244494497776031,0.023228362202644348,33.19286346435547,1,0.0038651474751532078
852,17.04,stop,0.0,0.0,0.0,0.31107190251350403,-0.9250251650810242,-1.4735515117645264,3.888174251187593e-05,0.000334196665789932,-1.8217015247620802,-3.942694254991303,4,0,0,-3.7962534406688064e-05,-8.404514119320083e-06,5.466825678013265e-05,5.190492811379954e-05,-0.000334196665789932,0.0,0.09116974472999573,0.16414903104305267,0.14198943972587585,0.023369304835796356,49.747867584228516,1,0.023666763678193092,0.19293606281280518,-0.17527291178703308,0.023470960557460785,43.48829650878906,1,0.009836059994995594,-0.33309558033943176,0.15418916940689087,0.02269969880580902,33.20219802856445,1,0.008470159955322742,-0.2582838535308838,-0.1824449598789215,0.02322852611541748,33.1932258605957,1,0.003867516992613673
853,17.06,stop,0.0,0.0,0.0,0.3110720217227936,-0.9250251650810242,-1.4735515117645264,3.919674054486677e-05,0.0003353948995936662,-1.8217068608473692,-3.942718160653398,4,0,0,-3.8299262087093666e-05,-8.339732630702201e-06,5.4838714277138934e-05,5.208230868447572e-05,-0.0003353948995936662,0.0,0.09116961807012558,0.1641489863395691,0.1419893503189087,0.023369289934635162,49.746971130371094,1,0.023668859153985977,0.19293639063835144,-0.17527297139167786,0.02347078174352646,43.4886589050293,1,0.009832910262048244,-0.3330956697463989,0.15418916940689087,0.022699639201164246,33.203697204589844,1,0.008466060273349285,-0.25828421115875244,-0.18244490027427673,0.023228473961353302,33.19316101074219,1,0.003858188632875681
854,17.080000000000002,stop,0.0,0.0,0.0,0.31107208132743835,-0.9250251650810242,-1.4735515117645264,3.924581324099563e-05,0.00033525313483551145,-1.821707501177604,-3.9427190144270443,4,0,0,-3.832061338471249e-05,-8.47139108373085e-06,5.4732536227675155e-05,5.217390935285948e-05,-0.00033525313483551145,0.0,0.09116934984922409,0.16414907574653625,0.14198952913284302,0.023369304835796356,49.74751281738281,1,0.023659881204366684,0.19293636083602905,-0.17527291178703308,0.023470796644687653,43.48906707763672,1,0.00983748771250248,-0.3330955505371094,0.15418913960456848,0.022699624300003052,33.202964782714844,1,0.008456677198410034,-0.25828391313552856,-0.1824450045824051,0.02322840690612793,33.192813873291016,1,0.003865172853693366
855,17.1,stop,0.0,0.0,0.0,0.31107214093208313,-0.9250251650810242,-1.4735515117645264,3.9369359001284465e-05,0.00033506425097584724,-1.82171241037607,-3.9426980969727112,4,0,0,-3.83677652280312e-05,-8.823893040244002e-06,5.446622162708081e-05,5.2422736189328134e-05,-0.00033506425097584724,0.0,0.09116911888122559,0.16414907574653625,0.1419895589351654,0.02336927503347397,49.7486572265625,1,0.023682454600930214,0.1929364949464798,-0.17527273297309875,0.023470811545848846,43.488155364990234,1,0.00982094556093216,-0.333095520734787,0.15418902039527893,0.022699691355228424,33.20146942138672,1,0.008464389480650425,-0.25828373432159424,-0.18244507908821106,0.023228533565998077,33.192840576171875,1,0.0038652727380394936
856,17.12,stop,0.0,0.0,0.0,0.31107214093208313,-0.9250251650810242,-1.4735515117645264,3.8732876419089735e-05,0.0003340080729685724,-1.8217203077822979,-3.9427019389541194,4,0,0,-3.7796002288814634e-05,-8.46746115712449e-06,5.439746018964797e-05,5.176185368327424e-05,-0.0003340080729685724,0.0,0.0911693349480629,0.16414891183376312,0.1419890820980072,0.023369140923023224,49.74699020385742,1,0.02363983355462551,0.19293607771396637,-0.17527300119400024,0.02347078174352646,43.488441467285156,1,0.00984146073460579,-0.3330956995487213,0.1541890799999237,0.02269989252090454,33.20253372192383,1,0.008456684648990631,-0.2582838535308838,-0.1824451982975006,0.023228473961353302,33.19309997558594,1,0.00387503276579082
857,17.14,stop,0.0,0.0,0.0,0.31107214093208313,-0.9250251650810242,-1.4735515117645264,3.932310937670991e-05,0.0003358044777996838,-1.8217205212257093,-3.9427032196145886,4,0,0,-3.8315636629704386e-05,-8.844147487252485e-06,5.431860699900426e-05,5.2349507313920185e-05,-0.0003358044777996838,0.0,0.09116917848587036,0.16414906084537506,0.14198929071426392,0.023369304835796356,49.74679183959961,1,0.023664645850658417,0.19293585419654846,-0.17527306079864502,0.023470841348171234,43.48723220825195,1,0.009833045303821564,-0.3330954313278198,0.15418905019760132,0.022699639201164246,33.202735900878906,1,0.008462999947369099,-0.25828373432159424,-0.18244507908821106,0.023228555917739868,33.192989349365234,1,0.0038599902763962746
858,17.16,stop,0.0,0.0,0.0,0.31107211112976074,-0.9250251650810242,-1.4735515117645264,3.926142380805686e-05,0.0003341504489071667,-1.8217166792443011,-3.9426835828207247,4,0,0,-3.836279938695952e-05,-8.351939868589398e-06,5.465321009978652e-05,5.203975524636917e-05,-0.0003341504489071667,0.0,0.09116928279399872,0.16414916515350342,0.1419893205165863,0.023369118571281433,49.74734115600586,1,0.02366502769291401,0.19293592870235443,-0.17527306079864502,0.023470818996429443,43.48707580566406,1,0.009832494892179966,-0.33309558033943176,0.1541891098022461,0.022699832916259766,33.202171325683594,1,0.008472488261759281,-0.2582840025424957,-0.18244493007659912,0.023228459060192108,33.19313430786133,1,0.0038700473960489035
859,17.18,stop,0.0,0.0,0.0,0.31107211112976074,-0.9250251650810242,-1.4735515117645264,3.908504731953144e-05,0.0003337430825922638,-1.821715398583832,-3.9426426016857046,4,0,0,-3.820452548097819e-05,-8.24955895950552e-06,5.46552510058973e-05,5.1863018597941846e-05,-0.0003337430825922638,0.0,0.09116891026496887,0.16414925456047058,0.14198938012123108,0.02336917817592621,49.74645233154297,1,0.023663435131311417,0.19293637573719025,-0.17527294158935547,0.023470871150493622,43.48779296875,1,0.009839043952524662,-0.3330953121185303,0.1541890799999237,0.022699840366840363,33.20145797729492,1,0.008471112698316574,-0.25828367471694946,-0.18244515359401703,0.023228533565998077,33.192867279052734,1,0.003873419016599655
860,17.2,stop,0.0,0.0,0.0,0.31107205152511597,-0.9250251650810242,-1.4735515117645264,3.9359751099254936e-05,0.0003356787492521107,-1.8217203077822979,-3.942686571028487,4,0,0,-3.8442627555923536e-05,-8.447155778412707e-06,5.4585678299190477e-05,5.2141433116048574e-05,-0.0003356787492521107,0.0,0.09116936475038528,0.16414904594421387,0.14198936522006989,0.023369185626506805,49.74568557739258,1,0.023654576390981674,0.1929364800453186,-0.17527294158935547,0.0234709233045578,43.488304138183594,1,0.009835565462708473,-0.33309558033943176,0.15418905019760132,0.022699646651744843,33.20302200317383,1,0.008469926193356514,-0.25828394293785095,-0.18244506418704987,0.023228459060192108,33.193031311035156,1,0.003868262516334653
861,17.22,stop,0.0,0.0,0.0,0.3110719919204712,-0.9250251650810242,-1.4735515117645264,3.9710103010293096e-05,0.00033714596065692604,-1.8217168926877128,-3.9427096229169356,4,0,0,-3.877455310430378e-05,-8.56891529110726e-06,5.463312481879257e-05,5.2444214816205204e-05,-0.00033714596065692604,0.0,0.09117002785205841,0.16414874792099,0.14198920130729675,0.02336929738521576,49.74565505981445,1,0.023647433146834373,0.19293618202209473,-0.1752728819847107,0.023470863699913025,43.48843002319336,1,0.009825031273066998,-0.3330956995487213,0.15418902039527893,0.02269987016916275,33.20234680175781,1,0.008473530411720276,-0.2582840919494629,-0.1824449896812439,0.02322854846715927,33.19352722167969,1,0.0038620922714471817
862,17.240000000000002,stop,0.0,0.0,0.0,0.3110719919204712,-0.9250251650810242,-1.4735515117645264,4.0158651245292276e-05,0.00033549460931681097,-1.8217072877341924,-3.9426673611214462,4,0,0,-3.9299658965319395e-05,-8.26159885036759e-06,5.524198058992624e-05,5.267518281470984e-05,-0.00033549460931681097,0.0,0.0911693274974823,0.16414932906627655,0.14198952913284302,0.023369111120700836,49.74862289428711,1,0.02369752898812294,0.19293643534183502,-0.17527279257774353,0.023470744490623474,43.488277435302734,1,0.009833579882979393,-0.33309540152549744,0.15418913960456848,0.022699877619743347,33.201698303222656,1,0.00845677312463522,-0.2582837641239166,-0.1824449747800827,0.02322860062122345,33.19318389892578,1,0.003869170555844903
863,17.26,stop,0.0,0.0,0.0,0.3110719919204712,-0.9250251650810242,-1.4735515117645264,3.912876854883507e-05,0.0003328742168378085,-1.8217032323093727,-3.942690413009895,4,0,0,-3.820297933998518e-05,-8.461246579827275e-06,5.453766425489448e-05,5.201713793212548e-05,-0.0003328742168378085,0.0,0.0911693349480629,0.16414915025234222,0.14198964834213257,0.023369282484054565,49.747283935546875,1,0.023643149062991142,0.19293628633022308,-0.17527282238006592,0.02347084879875183,43.4886589050293,1,0.009828433394432068,-0.3330954909324646,0.15418919920921326,0.022699661552906036,33.202415466308594,1,0.008455476723611355,-0.2582837641239166,-0.18244484066963196,0.023228444159030914,33.193199157714844,1,0.0038624568842351437
864,17.28,stop,0.0,0.0,0.0,0.31107205152511597,-0.9250251650810242,-1.4735515117645264,3.9774626202415675e-05,0.0003335825458634645,-1.8216993903279646,-3.942671629989677,4,0,0,-3.8848935218993574e-05,-8.531189450877719e-06,5.485173824126832e-05,5.254375355434604e-05,-0.0003335825458634645,0.0,0.0911693200469017,0.16414889693260193,0.14198926091194153,0.023369096219539642,49.74750518798828,1,0.02366226725280285,0.1929362565279007,-0.17527279257774353,0.023470818996429443,43.48740768432617,1,0.009825469925999641,-0.3330954909324646,0.15418916940689087,0.02269977331161499,33.20270919799805,1,0.008460687473416328,-0.2582838535308838,-0.1824449896812439,0.023228518664836884,33.193199157714844,1,0.0038623278960585594
865,17.3,stop,0.0,0.0,0.0,0.3110720217227936,-0.9250251650810242,-1.4735515117645264,3.955471402150579e-05,0.00033286013058386743,-1.8216996037713762,-3.9426733375369696,4,0,0,-3.8682188460370526e-05,-8.262177288997918e-06,5.4965552408248186e-05,5.224944106885232e-05,-0.00033286013058386743,0.0,0.09116917103528976,0.1641489863395691,0.1419895440340042,0.023369118571281433,49.74733352661133,1,0.023659154772758484,0.19293606281280518,-0.17527282238006592,0.023470617830753326,43.48753356933594,1,0.00983907375484705,-0.3330954909324646,0.15418913960456848,0.022699683904647827,33.202232360839844,1,0.00846767332404852,-0.2582838535308838,-0.1824449896812439,0.023228488862514496,33.19297790527344,1,0.003865530015900731
866,17.32,stop,0.0,0.0,0.0,0.3110720217227936,-0.9250251650810242,-1.4735515117645264,3.9693117287242785e-05,0.0003336205263622105,-1.8217034457527843,-3.9426959625385956,4,0,0,-3.878460483974777e-05,-8.44380247144727e-06,5.493103162734769e-05,5.246269211056642e-05,-0.0003336205263622105,0.0,0.09116917103528976,0.16414903104305267,0.14198938012123108,0.023369185626506805,49.748130798339844,1,0.023682134225964546,0.1929362416267395,-0.17527303099632263,0.023470990359783173,43.48795700073242,1,0.009840911254286766,-0.3330954611301422,0.15418913960456848,0.022699624300003052,33.202247619628906,1,0.00845799408853054,-0.25828391313552856,-0.1824449598789215,0.023228488862514496,33.19315719604492,1,0.0038656573742628098
867,17.34,stop,0.0,0.0,0.0,0.3110720217227936,-0.9250251650810242,-1.4735515117645264,3.924029442714527e-05,0.00033279499621130526,-1.821707928064427,-3.9426771795183777,4,0,0,-3.8309495721478015e-05,-8.496080226905178e-06,5.459514068206772e-05,5.2129747928120196e-05,-0.00033279499621130526,0.0,0.09116948395967484,0.16414906084537506,0.14198942482471466,0.02336917817592621,49.74595642089844,1,0.023644668981432915,0.19293618202209473,-0.1752728521823883,0.023470856249332428,43.48788070678711,1,0.00982814934104681,-0.33309537172317505,0.1541890799999237,0.02269977331161499,33.20354080200195,1,0.008463232778012753,-0.25828397274017334,-0.1824449598789215,0.023228555917739868,33.19331741333008,1,0.0038634613156318665
868,17.36,stop,0.0,0.0,0.0,0.3110719919204712,-0.9250251650810242,-1.4735515117645264,3.99371529056225e-05,0.00033401744440197945,-1.821707501177604,-3.942656688950868,4,0,0,-3.9091144572012126e-05,-8.176715709851123e-06,5.523215440916829e-05,5.2485855121631175e-05,-0.00033401744440197945,0.0,0.09116930514574051,0.16414907574653625,0.14198949933052063,0.02336929738521576,49.74769592285156,1,0.023666733875870705,0.1929364651441574,-0.1752728521823883,0.023470863699913025,43.4879035949707,1,0.009821812622249126,-0.33309540152549744,0.15418905019760132,0.02269977331161499,33.2017822265625,1,0.00846785493195057,-0.2582837641239166,-0.18244501948356628,0.023228518664836884,33.19328689575195,1,0.003859881544485688
869,17.38,stop,0.0,0.0,0.0,0.3110719919204712,-0.9250251650810242,-1.4735515117645264,3.990049663116224e-05,0.00033459693077020347,-1.821704086083019,-3.9426788870656706,4,0,0,-3.9073147490853444e-05,-8.083247848844621e-06,5.536628668778576e-05,5.2446441259235144e-05,-0.00033459693077020347,0.0,0.09116939455270767,0.1641489565372467,0.14198952913284302,0.023369163274765015,49.748958587646484,1,0.023696482181549072,0.19293612241744995,-0.17527276277542114,0.023470796644687653,43.4877815246582,1,0.009823959320783615,-0.3330955505371094,0.15418913960456848,0.022699706256389618,33.20307922363281,1,0.008453157730400562,-0.2582838535308838,-0.18244503438472748,0.023228615522384644,33.19313049316406,1,0.003874118672683835
870,17.400000000000002,stop,0.0,0.0,0.0,0.3110719919204712,-0.9250251650810242,-1.4735515117645264,3.9330967410933226e-05,0.00033317835186608136,-1.8216949080163218,-3.94265967715863,4,0,0,-3.856811599689536e-05,-7.70878523326246e-06,5.5402932048309594e-05,5.184856854612008e-05,-0.00033317835186608136,0.0,0.09116919338703156,0.16414913535118103,0.14198949933052063,0.023369096219539642,49.749656677246094,1,0.02368837781250477,0.19293612241744995,-0.17527258396148682,0.023470737040042877,43.488182067871094,1,0.009826862253248692,-0.3330954313278198,0.15418919920921326,0.022699758410453796,33.20286178588867,1,0.008465195074677467,-0.2582836151123047,-0.18244484066963196,0.023228533565998077,33.19300079345703,1,0.0038680327124893665
871,17.42,stop,0.0,0.0,0.0,0.3110719919204712,-0.9250251650810242,-1.4735515117645264,3.912290412699804e-05,0.0003330082690808922,-1.8216974693372605,-3.9426613847059224,4,0,0,-3.8314676203299314e-05,-7.911214197520167e-06,5.51607517991215e-05,5.181453889235854e-05,-0.0003330082690808922,0.0,0.09116911888122559,0.16414913535118103,0.14198946952819824,0.023369334638118744,49.74897384643555,1,0.023688076063990593,0.1929364800453186,-0.17527273297309875,0.023470856249332428,43.48844909667969,1,0.009820143692195415,-0.33309516310691833,0.15418902039527893,0.022699736058712006,33.20231246948242,1,0.008464359678328037,-0.2582836151123047,-0.18244493007659912,0.023228414356708527,33.1929931640625,1,0.003856176044791937
872,17.44,stop,0.0,0.0,0.0,0.3110719621181488,-0.9250251650810242,-1.4735515117645264,3.9075959648471326e-05,0.0003347316524013877,-1.8216976827806721,-3.942684436594371,4,0,0,-3.828171975328587e-05,-7.838404599169735e-06,5.5182485084515065e-05,5.173648605705239e-05,-0.0003347316524013877,0.0,0.09116965532302856,0.16414900124073029,0.14198948442935944,0.023369096219539642,49.74822235107422,1,0.023662054911255836,0.19293621182441711,-0.17527270317077637,0.023470863699913025,43.48802947998047,1,0.009823424741625786,-0.3330955505371094,0.1541890799999237,0.022699803113937378,33.20192337036133,1,0.008468101732432842,-0.258283793926239,-0.18244487047195435,0.02322854846715927,33.193485260009766,1,0.003862139070406556
873,17.46,stop,0.0,0.0,0.0,0.3110719621181488,-0.9250251650810242,-1.4735515117645264,3.93864065699745e-05,0.0003344853757880628,-1.8216981096674951,-3.942686571028487,4,0,0,-3.8587710150750354e-05,-7.891621862654574e-06,5.5348515161313117e-05,5.2013754611834884e-05,-0.0003344853757880628,0.0,0.09116949886083603,0.16414900124073029,0.14198948442935944,0.023369185626506805,49.747833251953125,1,0.023674894124269485,0.19293613731861115,-0.17527279257774353,0.023470841348171234,43.48767852783203,1,0.009831048548221588,-0.3330954313278198,0.15418925881385803,0.022699788212776184,33.20228576660156,1,0.008458806201815605,-0.25828391313552856,-0.1824449896812439,0.023228630423545837,33.193294525146484,1,0.0038681349251419306
874,17.48,stop,0.0,0.0,0.0,0.3110719919204712,-0.9250251650810242,-1.4735515117645264,3.928471778635867e-05,0.00033364034607075155,-1.8217013113186686,-3.9426882785757793,4,0,0,-3.850100256386213e-05,-7.807813744875602e-06,5.532788054551929e-05,5.187938950257376e-05,-0.00033364034607075155,0.0,0.09116954356431961,0.16414900124073029,0.14198946952819824,0.023369334638118744,49.747093200683594,1,0.023666437715291977,0.19293639063835144,-0.17527291178703308,0.023470930755138397,43.487648010253906,1,0.009828808717429638,-0.333095520734787,0.15418902039527893,0.022699706256389618,33.20221710205078,1,0.008472315967082977,-0.2582838833332062,-0.18244501948356628,0.023228593170642853,33.192996978759766,1,0.003874321235343814
875,17.5,stop,0.0,0.0,0.0,0.3110719621181488,-0.9250251650810242,-1.4735515117645264,3.976197695010342e-05,0.0003347723395563662,-1.821703659196196,-3.9426891323494253,4,0,0,-3.898680370184593e-05,-7.813068805262446e-06,5.5579319450771436e-05,5.223560583544895e-05,-0.0003347723395563662,0.0,0.0911695659160614,0.1641489714384079,0.14198945462703705,0.023369185626506805,49.74849319458008,1,0.02367880940437317,0.19293631613254547,-0.17527300119400024,0.0234709233045578,43.48808288574219,1,0.009835679084062576,-0.3330955505371094,0.15418902039527893,0.022699721157550812,33.20327377319336,1,0.008459774777293205,-0.2582840323448181,-0.1824449896812439,0.023228555917739868,33.19318771362305,1,0.003866481827571988
876,17.52,stop,0.0,0.0,0.0,0.3110719621181488,-0.9250251650810242,-1.4735515117645264,3.92367692256812e-05,0.000334474490955472,-1.8217055801869,-3.9426694955555615,4,0,0,-3.8401325582526624e-05,-8.053711098909844e-06,5.504431464942172e-05,5.1943752623628825e-05,-0.000334474490955472,0.0,0.09116940200328827,0.16414909064769745,0.14198943972587585,0.02336926758289337,49.7463264465332,1,0.023641619831323624,0.1929362416267395,-0.1752728819847107,0.023470789194107056,43.48813247680664,1,0.009828380309045315,-0.3330952823162079,0.15418893098831177,0.022699721157550812,33.20285415649414,1,0.008473516441881657,-0.25828370451927185,-0.18244494497776031,0.0232284814119339,33.19291687011719,1,0.0038633637595921755
877,17.54,stop,0.0,0.0,0.0,0.3110719323158264,-0.9250251650810242,-1.4735515117645264,3.986443334724754e-05,0.0003363300929777324,-1.8217119834892468,-3.942713891785167,4,0,0,-3.904907498508692e-05,-8.021394023671746e-06,5.542846702155657e-05,5.240221071289852e-05,-0.0003363300929777324,0.0,0.0911698266863823,0.16414882242679596,0.14198940992355347,0.023369111120700836,49.747352600097656,1,0.023663785308599472,0.19293621182441711,-0.17527291178703308,0.02347090095281601,43.48850631713867,1,0.009837123565375805,-0.3330954313278198,0.15418899059295654,0.022699765861034393,33.202491760253906,1,0.008461746387183666,-0.25828391313552856,-0.18244501948356628,0.023228555917739868,33.19346618652344,1,0.003861501580104232
878,17.56,stop,0.0,0.0,0.0,0.31107184290885925,-0.9250251650810242,-1.4735515117645264,3.985669536632486e-05,0.00033450298360548913,-1.821704086083019,-3.9426733375369696,4,0,0,-3.896065027220175e-05,-8.40380926092621e-06,5.510959090315737e-05,5.2590781706385314e-05,-0.00033450298360548913,0.0,0.09116969257593155,0.16414906084537506,0.14198920130729675,0.023369118571281433,49.74752426147461,1,0.023667339235544205,0.19293630123138428,-0.1752728521823883,0.023470886051654816,43.48775100708008,1,0.009823374450206757,-0.3330956697463989,0.15418925881385803,0.022699646651744843,33.202152252197266,1,0.00846678577363491,-0.2582838237285614,-0.1824449598789215,0.023228511214256287,33.19307327270508,1,0.0038623169530183077
879,17.580000000000002,stop,0.0,0.0,0.0,0.3110717833042145,-0.9250251650810242,-1.4735515117645264,3.983995702583343e-05,0.00033396767685189843,-1.8216998172147878,-3.942654127629929,4,0,0,-3.903931428794749e-05,-7.946954610815737e-06,5.553290611715056e-05,5.237218283582479e-05,-0.00033396767685189843,0.0,0.09116930514574051,0.16414940357208252,0.14198967814445496,0.023369200527668,49.75044631958008,1,0.02368670515716076,0.1929364949464798,-0.17527291178703308,0.023470818996429443,43.48810577392578,1,0.009830067865550518,-0.33309534192085266,0.15418916940689087,0.022699661552906036,33.2031135559082,1,0.008465202525258064,-0.258283793926239,-0.18244501948356628,0.02322833240032196,33.19281768798828,1,0.00386519031599164
880,17.6,stop,0.0,0.0,0.0,0.31107187271118164,-0.9250251650810242,-1.4735515117645264,3.929548620362766e-05,0.00033229359542019665,-1.821701097875257,-3.942655835177222,4,0,0,-3.841856960207224e-05,-8.255237844423391e-06,5.511243216460571e-05,5.218295336817391e-05,-0.00033229359542019665,0.0,0.09116948395967484,0.16414926946163177,0.14198973774909973,0.02336917072534561,49.74990463256836,1,0.02370353601872921,0.19293653964996338,-0.17527300119400024,0.023470833897590637,43.488975524902344,1,0.009839987382292747,-0.3330954611301422,0.15418916940689087,0.02269967645406723,33.201148986816406,1,0.008469106629490852,-0.25828391313552856,-0.18244494497776031,0.023228563368320465,33.19312286376953,1,0.003865695558488369
881,17.62,stop,0.0,0.0,0.0,0.31107190251350403,-0.9250251650810242,-1.4735515117645264,3.9059759728843346e-05,0.0003334553330205381,-1.8217089952814849,-3.942700231406827,4,0,0,-3.80761812266428e-05,-8.71029078552965e-06,5.4575160902459174e-05,5.221954415901564e-05,-0.0003334553330205381,0.0,0.09116946160793304,0.16414907574653625,0.14198938012123108,0.023369118571281433,49.74838638305664,1,0.02366790361702442,0.1929360330104828,-0.1752728819847107,0.02347087860107422,43.48816680908203,1,0.009823783300817013,-0.33309561014175415,0.15418922901153564,0.022699683904647827,33.20191192626953,1,0.00846128910779953,-0.25828397274017334,-0.18244501948356628,0.023228392004966736,33.19321060180664,1,0.003861525095999241
882,17.64,stop,0.0,0.0,0.0,0.3110719919204712,-0.9250251650810242,-1.4735515117645264,3.902535172528587e-05,0.0003369846090208739,-1.8217045129698421,-3.9427032196145886,4,0,0,-3.801146158366464e-05,-8.837812856654637e-06,5.438343214336783e-05,5.22258851560764e-05,-0.0003369846090208739,0.0,0.09116876125335693,0.16414906084537506,0.14198940992355347,0.02336931973695755,49.74687576293945,1,0.023662559688091278,0.1929359883069992,-0.17527270317077637,0.02347082644701004,43.48699188232422,1,0.009820731356739998,-0.3330957889556885,0.15418905019760132,0.02269982546567917,33.202640533447266,1,0.008462064899504185,-0.2582841217517853,-0.18244504928588867,0.02322757989168167,33.18179702758789,1,0.003957915585488081
883,17.66,stop,0.0,0.0,0.0,0.31107211112976074,-0.9250251650810242,-1.4735515117645264,3.8742444303352386e-05,0.00032513836049474776,-1.8217247900939406,-3.942748896504663,4,0,0,-3.8199468690436333e-05,-6.463546014856547e-06,5.6615779612911865e-05,5.099774352856912e-05,-0.00032513836049474776,0.0,0.0911700502038002,0.1641487181186676,0.14198924601078033,0.023369155824184418,49.749298095703125,1,0.02365960367023945,0.19293592870235443,-0.17527279257774353,0.02347094565629959,43.487186431884766,1,0.009819966740906239,-0.3330957293510437,0.15418896079063416,0.022699855268001556,33.20221710205078,1,0.008475102484226227,-0.2582840323448181,-0.18244513869285583,0.02322869747877121,33.1942024230957,1,0.003868510015308857
884,17.68,stop,0.0,0.0,0.0,0.31107211112976074,-0.9250251650810242,-1.4735515117645264,3.8844005757709965e-05,0.00032273936085402966,-1.821745067218039,-3.9427736559404045,4,0,0,-3.842374280793592e-05,-5.698481345461914e-06,5.728180622099899e-05,5.065665391157381e-05,-0.00032273936085402966,0.0,0.09117002040147781,0.1641484946012497,0.14198923110961914,0.02336927503347397,49.74619674682617,1,0.02366871014237404,0.19293588399887085,-0.17527297139167786,0.023470856249332428,43.48674392700195,1,0.009831381030380726,-0.3330957591533661,0.15418893098831177,0.02269979566335678,33.203487396240234,1,0.008457820862531662,-0.2582841217517853,-0.18244515359401703,0.023228466510772705,33.19462585449219,1,0.00386902317404747
885,17.7,stop,0.0,0.0,0.0,0.3110722303390503,-0.9250251650810242,-1.4735515117645264,3.9076436223695055e-05,0.00033107056515291333,-1.821745067218039,-3.942754446033364,4,0,0,-3.864227619487792e-05,-5.8088112382392865e-06,5.7095137890428305e-05,5.0785456551238894e-05,-0.00033107056515291333,0.0,0.09116973727941513,0.16414856910705566,0.14198923110961914,0.023369058966636658,49.746273040771484,1,0.023668570443987846,0.19293588399887085,-0.17527303099632263,0.02347078174352646,43.487796783447266,1,0.009828368201851845,-0.3330957889556885,0.15418878197669983,0.022699780762195587,33.202144622802734,1,0.008466091938316822,-0.2582842707633972,-0.18244510889053345,0.023228533565998077,33.19363021850586,1,0.003865916980430484
886,17.72,stop,0.0,0.0,0.0,0.3110722005367279,-0.9250251650810242,-1.4735515117645264,3.900501542375423e-05,0.00033276042086072266,-1.821738237028869,-3.9427126111246973,4,0,0,-3.8506073906319216e-05,-6.218805992830312e-06,5.656140638166107e-05,5.0879072659881786e-05,-0.00033276042086072266,0.0,0.09116922318935394,0.1641489714384079,0.1419891119003296,0.023369066417217255,49.7484130859375,1,0.023664914071559906,0.19293618202209473,-0.17527291178703308,0.0234706848859787,43.48823165893555,1,0.009823697619140148,-0.3330954909324646,0.15418890118598938,0.02269977331161499,33.20197677612305,1,0.008466167375445366,-0.25828391313552856,-0.18244513869285583,0.02322852611541748,33.192626953125,1,0.0038730634842067957
887,17.740000000000002,stop,0.0,0.0,0.0,0.3110722005367279,-0.9250251650810242,-1.4735515117645264,3.873887544614263e-05,0.0003330558829475194,-1.8217399445761615,-3.9426720568765004,4,0,0,-3.816546086454764e-05,-6.6406478254066315e-06,5.59298277948983e-05,5.084046279080212e-05,-0.0003330558829475194,0.0,0.09116899967193604,0.1641492247581482,0.14198920130729675,0.023369207978248596,49.7485237121582,1,0.023656334728002548,0.19293630123138428,-0.17527303099632263,0.023470982909202576,43.48727798461914,1,0.009816556237637997,-0.333095520734787,0.15418899059295654,0.022699758410453796,33.20248794555664,1,0.00846164207905531,-0.25828397274017334,-0.18244528770446777,0.023228593170642853,33.19257736206055,1,0.003864636179059744
888,17.76,stop,0.0,0.0,0.0,0.3110722005367279,-0.9250251650810242,-1.4735515117645264,3.846944309771061e-05,0.0003317506634630263,-1.8217318337265223,-3.9426733375369696,4,0,0,-3.794662916334346e-05,-6.320699412754038e-06,5.595263064606115e-05,5.042847988079302e-05,-0.0003317506634630263,0.0,0.09116894751787186,0.164149209856987,0.14198923110961914,0.023369230329990387,49.7460823059082,1,0.023644642904400826,0.1929362714290619,-0.17527297139167786,0.02347094565629959,43.48736572265625,1,0.009834177792072296,-0.3330954313278198,0.1541890799999237,0.022699765861034393,33.20165252685547,1,0.008467652834951878,-0.25828397274017334,-0.18244506418704987,0.023228488862514496,33.19293212890625,1,0.0038632291834801435
889,17.78,stop,0.0,0.0,0.0,0.3110721707344055,-0.9250251650810242,-1.4735515117645264,3.9244358049472794e-05,0.0003330492472741753,-1.8217299127358182,-3.9426746181974393,4,0,0,-3.862999437842518e-05,-6.916885467944667e-06,5.585386315942742e-05,5.130329736857675e-05,-0.0003330492472741753,0.0,0.09116905927658081,0.1641491949558258,0.14198926091194153,0.02336924523115158,49.746822357177734,1,0.02367485500872135,0.19293618202209473,-0.17527291178703308,0.023470811545848846,43.48709487915039,1,0.009823846630752087,-0.33309561014175415,0.15418899059295654,0.022699855268001556,33.20200729370117,1,0.008469178341329098,-0.2582838833332062,-0.18244531750679016,0.02322867512702942,33.19321823120117,1,0.0038794754073023796
890,17.8,stop,0.0,0.0,0.0,0.3110721707344055,-0.9250251650810242,-1.4735515117645264,3.918534639524296e-05,0.00033008019090630114,-1.8217316202831106,-3.942698523859534,4,0,0,-3.865532926283777e-05,-6.423159447876969e-06,5.614534529740922e-05,5.096145468996838e-05,-0.00033008019090630114,0.0,0.09116919338703156,0.1641489565372467,0.14198921620845795,0.02336927503347397,49.7489013671875,1,0.02365865185856819,0.19293604791164398,-0.17527276277542114,0.02347094565629959,43.48706817626953,1,0.009827183559536934,-0.3330954909324646,0.154188871383667,0.022699765861034393,33.202117919921875,1,0.00846885796636343,-0.2582838535308838,-0.18244504928588867,0.023228488862514496,33.19377136230469,1,0.0038614997174590826
891,17.82,stop,0.0,0.0,0.0,0.31107211112976074,-0.9250251650810242,-1.4735515117645264,3.90820496249944e-05,0.00033299182541668415,-1.8217271379714677,-3.942680594612963,4,0,0,-3.846272738883272e-05,-6.93001948093297e-06,5.569076893152669e-05,5.116008105687797e-05,-0.00033299182541668415,0.0,0.0911693349480629,0.16414916515350342,0.14198926091194153,0.023369036614894867,49.74653625488281,1,0.023660914972424507,0.19293633103370667,-0.17527306079864502,0.023470774292945862,43.48828125,1,0.009829020127654076,-0.3330956697463989,0.15418905019760132,0.022699765861034393,33.20258331298828,1,0.008453280664980412,-0.25828394293785095,-0.18244512379169464,0.023228533565998077,33.193626403808594,1,0.0038583967834711075
892,17.84,stop,0.0,0.0,0.0,0.31107211112976074,-0.9250251650810242,-1.4735515117645264,3.9106482290662825e-05,0.00033291010186076164,-1.8217164658008895,-3.942639613477943,4,0,0,-3.8448597479145974e-05,-7.142996309994487e-06,5.5552540288772434e-05,5.130027057020925e-05,-0.00033291010186076164,0.0,0.09116893261671066,0.16414925456047058,0.14198940992355347,0.023369409143924713,49.74742126464844,1,0.023654460906982422,0.19293640553951263,-0.1752728819847107,0.023470915853977203,43.48918151855469,1,0.009841923601925373,-0.3330952823162079,0.1541891098022461,0.02270001918077469,33.201904296875,1,0.008457684889435768,-0.2582835555076599,-0.18244510889053345,0.023228518664836884,33.19296646118164,1,0.0038688306231051683
893,17.86,stop,0.0,0.0,0.0,0.31107205152511597,-0.9250251650810242,-1.4735515117645264,3.9410875615430996e-05,0.0003351185587234795,-1.821721161555944,-3.942684009707548,4,0,0,-3.8585407310165465e-05,-8.02394060883671e-06,5.500740007846616e-05,5.198637882131152e-05,-0.0003351185587234795,0.0,0.09116925299167633,0.16414910554885864,0.1419893056154251,0.02336917817592621,49.747310638427734,1,0.023667212575674057,0.19293636083602905,-0.17527291178703308,0.023470930755138397,43.48855209350586,1,0.009828194975852966,-0.3330955505371094,0.15418902039527893,0.02269969880580902,33.20243835449219,1,0.008464980870485306,-0.2582838833332062,-0.18244507908821106,0.023228488862514496,33.19310760498047,1,0.0038680145516991615
894,17.88,stop,0.0,0.0,0.0,0.31107205152511597,-0.9250251650810242,-1.4735515117645264,3.926919453078881e-05,0.0003353501670062542,-1.8217190271218284,-3.9426861441416636,4,0,0,-3.843842205242254e-05,-8.034759957809001e-06,5.492166746989824e-05,5.1886399887735024e-05,-0.0003353501670062542,0.0,0.09116953611373901,0.16414886713027954,0.14198921620845795,0.023369304835796356,49.74665451049805,1,0.02364431507885456,0.19293610751628876,-0.17527282238006592,0.0234706848859787,43.487579345703125,1,0.009823938831686974,-0.33309561014175415,0.15418905019760132,0.02269979566335678,33.20332336425781,1,0.008461236953735352,-0.2582838833332062,-0.18244507908821106,0.023228541016578674,33.193138122558594,1,0.0038716564886271954
895,17.900000000000002,stop,0.0,0.0,0.0,0.3110719919204712,-0.9250251650810242,-1.4735515117645264,3.96814284613356e-05,0.00033546751365065575,-1.8217085683946619,-3.942666934234623,4,0,0,-3.890318839694373e-05,-7.820345672371332e-06,5.534370575333014e-05,5.2093786507612094e-05,-0.00033546751365065575,0.0,0.09116902947425842,0.1641491949558258,0.14198970794677734,0.02336934208869934,49.748741149902344,1,0.02368474379181862,0.19293628633022308,-0.17527303099632263,0.023470915853977203,43.487586975097656,1,0.009838014841079712,-0.3330952823162079,0.15418919920921326,0.022699594497680664,33.20287322998047,1,0.008465791121125221,-0.25828367471694946,-0.18244507908821106,0.023228488862514496,33.192955017089844,1,0.003868908155709505
896,17.92,stop,0.0,0.0,0.0,0.3110719621181488,-0.9250251650810242,-1.4735515117645264,3.927740908693522e-05,0.00032635399838909507,-1.8217175330179474,-3.9426699224423847,4,0,0,-3.8565482100239024e-05,-7.444349648721982e-06,5.546242755372077e-05,5.1613271352835e-05,-0.00032635399838909507,0.0,0.09116917848587036,0.1641491800546646,0.1419893205165863,0.023369140923023224,49.750221252441406,1,0.023687846958637238,0.19293618202209473,-0.17527300119400024,0.02347075194120407,43.487972259521484,1,0.00982806645333767,-0.3330952823162079,0.15418913960456848,0.022699549794197083,33.20298385620117,1,0.008459419943392277,-0.2582838237285614,-0.18244507908821106,0.023228473961353302,33.205841064453125,1,0.003871962195262313
897,17.94,stop,0.0,0.0,0.0,0.3110719323158264,-0.9250251650810242,-1.4735515117645264,3.98214251617901e-05,0.0003310224856249988,-1.8217013113186686,-3.942649858761698,4,0,0,-3.8990874600131065e-05,-8.090592018561438e-06,5.526260065380484e-05,5.236617289483547e-05,-0.0003310224856249988,0.0,0.09116930514574051,0.16414913535118103,0.14198923110961914,0.02336908131837845,49.74711608886719,1,0.02366102859377861,0.1929362714290619,-0.1752728819847107,0.023470699787139893,43.487823486328125,1,0.009831705130636692,-0.33309537172317505,0.15418916940689087,0.022699743509292603,33.20329666137695,1,0.008462266996502876,-0.25828370451927185,-0.18244501948356628,0.023228541016578674,33.193603515625,1,0.003866286249831319
898,17.96,stop,0.0,0.0,0.0,0.31107187271118164,-0.9250251650810242,-1.4735515117645264,4.035003803437576e-05,0.00033416281803511083,-1.821688931600798,-3.9426080238530314,4,0,0,-3.9490121707785875e-05,-8.28588872536784e-06,5.54095022380352e-05,5.286873783916235e-05,-0.00033416281803511083,0.0,0.09116892516613007,0.1641494184732437,0.1419895440340042,0.02336917817592621,49.748451232910156,1,0.023672649636864662,0.19293661415576935,-0.17527270317077637,0.023470833897590637,43.488311767578125,1,0.009826061315834522,-0.33309513330459595,0.15418913960456848,0.022699803113937378,33.201881408691406,1,0.008465236984193325,-0.2582835257053375,-0.18244501948356628,0.023228496313095093,33.19249725341797,1,0.003861634526401758
899,17.98,stop,0.0,0.0,0.0,0.3110719323158264,-0.9250251650810242,-1.4735515117645264,4.018690378870815e-05,0.00033496564719825983,-1.8216917063651483,-3.942653273856283,4,0,0,-3.9276405004784465e-05,-8.505950063408818e-06,5.517514728126116e-05,5.287478779791854e-05,-0.00033496564719825983,0.0,0.09116945415735245,0.16414886713027954,0.14198917150497437,0.02336931973695755,49.74742126464844,1,0.023672910407185555,0.19293640553951263,-0.1752728819847107,0.023470982909202576,43.487953186035156,1,0.009828784503042698,-0.3330954909324646,0.1541891098022461,0.022699706256389618,33.202056884765625,1,0.008478706702589989,-0.2582836449146271,-0.18244487047195435,0.023228615522384644,33.192928314208984,1,0.00386328948661685
900,18.0,stop,0.0,0.0,0.0,0.31107190251350403,-0.9250251650810242,-1.4735515117645264,4.0439881558995694e-05,0.00033580654417164624,-1.821693840799264,-3.942696389425419,4,0,0,-3.955512147513218e-05,-8.41287419461878e-06,5.5437019909732044e-05,5.3038176702102646e-05,-0.00033580654417164624,0.0,0.09116949886083603,0.16414901614189148,0.14198976755142212,0.023369230329990387,49.7476806640625,1,0.023689286783337593,0.19293612241744995,-0.17527279257774353,0.02347097545862198,43.48765182495117,1,0.00982874445617199,-0.33309563994407654,0.15418916940689087,0.022699706256389618,33.203678131103516,1,0.00846109725534916,-0.25828397274017334,-0.18244501948356628,0.023228533565998077,33.193389892578125,1,0.0038664774037897587
