pose,time_s,trial,height,roll_deg,pitch_deg,gravity_error,speed,angular_speed,feet_contact,base_contact,joint_rms,stable_hold_s
side,0.02,0,0.6906289458274841,-20.584678649902344,-6.512845993041992,0.3718802034854889,0.12529636919498444,1.7821036577224731,0,False,0.20087425410747528,0.0
side,0.04,0,0.6846817135810852,-24.12962532043457,-7.251518726348877,0.43236300349235535,0.42323827743530273,3.666259288787842,0,False,0.37215474247932434,0.0
side,0.06,0,0.6725338101387024,-23.070659637451172,-8.804064750671387,0.42232245206832886,0.6835355162620544,2.284491777420044,0,False,0.45943760871887207,0.0
side,0.08,0,0.6571958661079407,-22.82448959350586,-9.319636344909668,0.4211147129535675,0.8212226629257202,0.15077324211597443,0,False,0.5305135846138,0.0
side,0.1,0,0.6397741436958313,-20.91179656982422,-9.581140518188477,0.39311453700065613,0.9075297117233276,1.4256434440612793,0,False,0.5827885866165161,0.0
side,0.12,0,0.6190465092658997,-19.8738956451416,-8.757670402526855,0.37221989035606384,1.1430079936981201,1.6149362325668335,0,False,0.591656506061554,0.0
side,0.14,0,0.5943400859832764,-20.15224266052246,-8.289798736572266,0.3738453984260559,1.315246820449829,1.411027193069458,0,False,0.5983377695083618,0.0
side,0.16,0,0.5643792748451233,-18.969221115112305,-7.7083916664123535,0.3520236611366272,1.6213982105255127,1.5133088827133179,0,False,0.6093800663948059,0.0
side,0.18,0,0.5310559272766113,-20.022926330566406,-7.584079742431641,0.36799702048301697,1.7074122428894043,1.4485913515090942,0,False,0.6151198148727417,0.0
side,0.2,0,0.4940013587474823,-18.830259323120117,-7.3793816566467285,0.3480021059513092,1.9434219598770142,1.4374550580978394,0,False,0.6199663877487183,0.0
side,0.22,0,0.45343270897865295,-18.99526023864746,-7.250848770141602,0.34992414712905884,2.0930378437042236,0.6723949313163757,0,False,0.6273331642150879,0.0
side,0.24,0,0.408549427986145,-18.25868797302246,-7.226385593414307,0.3381096422672272,2.300952672958374,1.4200763702392578,1,False,0.6318138241767883,0.0
side,0.26,0,0.3648686110973358,-14.66151237487793,-8.726302146911621,0.29344481229782104,2.1152219772338867,3.7718076705932617,1,False,0.6244227886199951,0.0
side,0.28,0,0.32448866963386536,-12.03316593170166,-10.219697952270508,0.2714056968688965,1.9132866859436035,1.8874542713165283,2,False,0.6527512073516846,0.0
side,0.3,0,0.2878647744655609,-9.85150146484375,-10.96951675415039,0.25390738248825073,1.7595739364624023,1.6761430501937866,2,False,0.7056308388710022,0.0
side,0.32,0,0.25599023699760437,-12.151216506958008,-10.365704536437988,0.2744779586791992,1.4565690755844116,7.357223987579346,2,False,0.7619794011116028,0.0
side,0.34,0,0.22869430482387543,-16.629364013671875,-8.313644409179688,0.3196258246898651,1.3479852676391602,4.4790263175964355,2,False,0.8123000264167786,0.0
side,0.36,0,0.20394249260425568,-20.27372932434082,-6.3728461265563965,0.3662194311618805,1.25505793094635,3.614614486694336,1,False,0.866614818572998,0.0
side,0.38,0,0.1826312392950058,-23.256994247436523,-4.087108135223389,0.4079960286617279,0.8104669451713562,1.3023231029510498,2,False,0.8666917681694031,0.0
side,0.4,0,0.1814706176519394,-20.53862190246582,-2.3053905963897705,0.35840994119644165,0.4360678195953369,3.6518914699554443,2,False,0.8228363990783691,0.0
side,0.42,0,0.1862124651670456,-21.936363220214844,0.5580887198448181,0.38062718510627747,0.3487117290496826,2.822427988052368,3,False,0.7970072031021118,0.0
side,0.44,0,0.19005092978477478,-21.16733741760254,1.5106022357940674,0.3681088387966156,0.3507128059864044,1.120887279510498,2,False,0.8145805597305298,0.0
side,0.46,0,0.1928386688232422,-18.74166488647461,0.8005074858665466,0.3259018361568451,0.25686410069465637,3.57723331451416,2,False,0.7883373498916626,0.0
side,0.48,0,0.19663584232330322,-15.836176872253418,-0.0029429157730191946,0.27551451325416565,0.26398926973342896,2.6897318363189697,2,False,0.7592657208442688,0.0
side,0.5,0,0.19895543158054352,-12.667686462402344,-0.972093939781189,0.22124776244163513,0.21127437055110931,3.320279121398926,3,False,0.7310486435890198,0.0
side,0.52,0,0.2004098743200302,-10.61961555480957,-1.516005516052246,0.18686915934085846,0.26366129517555237,0.6298815608024597,3,False,0.7235202789306641,0.0
side,0.54,0,0.2028370350599289,-10.500945091247559,-1.3006240129470825,0.18435299396514893,0.25122377276420593,0.3836531341075897,4,False,0.7175697088241577,0.0
side,0.56,0,0.20664873719215393,-10.28567886352539,-0.7923809289932251,0.17978540062904358,0.26054927706718445,0.6574930548667908,4,False,0.7153030037879944,0.0
side,0.58,0,0.21116046607494354,-9.887275695800781,-0.3795263469219208,0.17247313261032104,0.2882305979728699,0.46082624793052673,4,False,0.7107454538345337,0.0
side,0.6,0,0.2161012440919876,-9.803277015686035,-0.12067879736423492,0.1709032505750656,0.31379345059394836,0.1799539029598236,4,False,0.704150378704071,0.0
side,0.62,0,0.2213468700647354,-9.75157356262207,-0.02505815029144287,0.16999226808547974,0.3358345627784729,0.16703246533870697,4,False,0.6966123580932617,0.0
side,0.64,0,0.22682011127471924,-9.531332969665527,-0.02622074820101261,0.16616198420524597,0.3600996434688568,0.300915002822876,4,False,0.6883199214935303,0.0
side,0.66,0,0.23251532018184662,-9.196943283081055,-0.09215592592954636,0.1603524386882782,0.3838985562324524,0.4030729830265045,4,False,0.6801530718803406,0.0
side,0.68,0,0.23844140768051147,-8.808789253234863,-0.22493410110473633,0.15363942086696625,0.4064507782459259,0.434954434633255,4,False,0.6713083386421204,0.0
side,0.7000000000000001,0,0.24445568025112152,-8.266928672790527,-0.4056691527366638,0.14432841539382935,0.4193468689918518,0.607291042804718,4,False,0.6630641222000122,0.0
side,0.72,0,0.25037288665771484,-7.659711837768555,-0.6438937187194824,0.1340470314025879,0.42851829528808594,0.6305254101753235,4,False,0.655115008354187,0.0
side,0.74,0,0.2560812830924988,-6.989325046539307,-0.9328649044036865,0.12296966463327408,0.43257957696914673,0.6993420720100403,4,False,0.6476628184318542,0.0
side,0.76,0,0.26152175664901733,-6.272575855255127,-1.2417571544647217,0.11151044815778732,0.4321627914905548,0.7375607490539551,4,False,0.640971839427948,0.0
side,0.78,0,0.266631543636322,-5.506396293640137,-1.547802209854126,0.09974311292171478,0.42805829644203186,0.817184567451477,4,False,0.63563472032547,0.0
side,0.8,0,0.271304190158844,-4.701810836791992,-1.8380846977233887,0.08802918344736099,0.41839608550071716,0.7938306331634521,4,False,0.6308886408805847,0.0
side,0.8200000000000001,0,0.27549248933792114,-3.924816846847534,-2.1114423274993896,0.07771044969558716,0.40803268551826477,0.7703453302383423,4,False,0.6274515986442566,0.0
side,0.84,0,0.2791954576969147,-3.1765451431274414,-2.365184783935547,0.06905736774206161,0.3982473909854889,0.7412016987800598,3,False,0.6249561309814453,0.0
side,0.86,0,0.28258147835731506,-2.4911086559295654,-2.5508337020874023,0.0621786043047905,0.38818782567977905,0.7369664311408997,3,False,0.6244133710861206,0.0
side,0.88,0,0.285646915435791,-1.8131957054138184,-2.700754165649414,0.05674116313457489,0.37594398856163025,0.7458282113075256,3,False,0.6250853538513184,0.0
side,0.9,0,0.2883966267108917,-1.1873071193695068,-2.8308377265930176,0.05355774611234665,0.3630799651145935,0.7148116230964661,3,False,0.6266533732414246,0.0
side,0.92,0,0.2908767759799957,-0.6006709337234497,-2.937300205230713,0.05231688544154167,0.34901508688926697,0.7334593534469604,3,False,0.6293647289276123,0.0
side,0.9400000000000001,0,0.29312244057655334,-0.010489137843251228,-3.0141685009002686,0.052601415663957596,0.33347275853157043,0.7505606412887573,3,False,0.63271564245224,0.0
side,0.96,0,0.2951464354991913,0.5579507350921631,-3.069302558898926,0.0544373095035553,0.3168862760066986,0.7425859570503235,3,False,0.6367299556732178,0.0
side,0.98,0,0.2969974875450134,1.1122803688049316,-3.0841052532196045,0.057200945913791656,0.30109915137290955,0.7292298078536987,3,False,0.6411608457565308,0.0
side,1.0,0,0.2987513542175293,1.701953411102295,-3.080901861190796,0.061393845826387405,0.28547072410583496,0.7666962742805481,3,False,0.6473825573921204,0.0
side,1.02,0,0.3003177046775818,2.2210590839385986,-3.069662570953369,0.06607374548912048,0.2673428952693939,0.7596197128295898,3,False,0.6531392335891724,0.02
side,1.04,0,0.30174022912979126,2.6930198669433594,-3.0246405601501465,0.07060955464839935,0.2509326636791229,0.6925339698791504,3,False,0.6589146852493286,0.04
side,1.06,0,0.3031027019023895,3.199000358581543,-2.954674243927002,0.07591364532709122,0.2323601245880127,0.6824988722801208,3,False,0.6661602854728699,0.06
side,1.08,0,0.30376166105270386,3.1871907711029053,-2.6338722705841064,0.07208765298128128,0.19465838372707367,0.5880533456802368,3,False,0.6654508709907532,0.08
side,1.1,0,0.30379563570022583,3.2255470752716064,-2.106114149093628,0.06717952340841293,0.17069439589977264,0.606235146522522,4,False,0.665386438369751,0.1
side,1.12,0,0.30386635661125183,3.221904754638672,-1.6136178970336914,0.06285417079925537,0.15159928798675537,0.5421075820922852,4,False,0.6656287908554077,0.12
side,1.1400000000000001,0,0.3041306436061859,3.354966878890991,-1.2704726457595825,0.06258493661880493,0.13120950758457184,0.4816746413707733,4,False,0.6665047407150269,0.14
side,1.16,0,0.3044525682926178,3.5281245708465576,-0.9614887833595276,0.06380109488964081,0.11332129687070847,0.429237961769104,4,False,0.6664711236953735,0.16
side,1.18,0,0.30481836199760437,3.6730053424835205,-0.715850830078125,0.0652940645813942,0.10101446509361267,0.342125803232193,4,False,0.666257381439209,0.18
side,1.2,0,0.30519598722457886,3.809250593185425,-0.5402783155441284,0.0671328455209732,0.08778928965330124,0.29325175285339355,4,False,0.6660076379776001,0.2
side,1.22,0,0.3055562674999237,3.951563835144043,-0.3883092999458313,0.06928403675556183,0.0756470188498497,0.2705313265323639,4,False,0.6658207178115845,0.22
side,1.24,0,0.30586421489715576,4.029640197753906,-0.28205135464668274,0.07048683613538742,0.06255960464477539,0.17727240920066833,4,False,0.6653498411178589,0.24
side,1.26,0,0.3061646819114685,4.121899604797363,-0.21844986081123352,0.07202541083097458,0.056828320026397705,0.16861729323863983,4,False,0.6655392050743103,0.26
side,1.28,0,0.30632907152175903,4.182352542877197,-0.20523704588413239,0.07306677848100662,0.041578881442546844,0.1606626808643341,4,False,0.6654367446899414,0.28
side,1.3,0,0.30629196763038635,4.170412540435791,-0.1947728395462036,0.07285009324550629,0.027352087199687958,0.15116196870803833,4,False,0.6657244563102722,0.3
side,1.32,0,0.30605167150497437,4.154739856719971,-0.21906507015228271,0.07259796559810638,0.02056991122663021,0.15613621473312378,4,False,0.6654322147369385,0.32
side,1.34,0,0.3058013916015625,4.1914262771606445,-0.2963292598724365,0.07331906259059906,0.021205781027674675,0.16492357850074768,4,False,0.6658217906951904,0.34
side,1.36,0,0.30552664399147034,4.302396297454834,-0.3931073546409607,0.07538356631994247,0.022709857672452927,0.18644395470619202,4,False,0.6657505631446838,0.36
side,1.3800000000000001,0,0.30524328351020813,4.371485710144043,-0.4926927983760834,0.07675729691982269,0.025246422737836838,0.12605233490467072,4,False,0.6657906174659729,0.38
side,1.4000000000000001,0,0.30497485399246216,4.429555892944336,-0.568666398525238,0.07792007923126221,0.021670572459697723,0.1106758862733841,4,False,0.6656993627548218,0.4
side,1.42,0,0.3047600984573364,4.502488136291504,-0.6362518072128296,0.07933677732944489,0.01600208692252636,0.0966067761182785,4,False,0.6657421588897705,0.42
side,1.44,0,0.30456680059432983,4.539389133453369,-0.6779746413230896,0.08007735759019852,0.012364142574369907,0.052281301468610764,4,False,0.6657264232635498,0.44
side,1.46,0,0.3043989837169647,4.566063404083252,-0.6858983635902405,0.08055765181779861,0.008624020963907242,0.04341879487037659,4,False,0.6658110022544861,0.46
side,1.48,0,0.3042749762535095,4.592957019805908,-0.6808720827102661,0.08100865036249161,0.009511403739452362,0.034445833414793015,4,False,0.6660937666893005,0.48
side,1.5,0,0.3041493594646454,4.591846942901611,-0.6595281958580017,0.08093619346618652,0.011024940758943558,0.036482639610767365,4,False,0.6663418412208557,0.5
side,1.52,0,0.30403754115104675,4.5860915184021,-0.6281979084014893,0.08076153695583344,0.012145505286753178,0.04327433928847313,4,False,0.6666887402534485,0.52
side,1.54,0,0.3039295971393585,4.587299823760986,-0.5959399938583374,0.08070863783359528,0.011301562190055847,0.037233080714941025,4,False,0.6670606136322021,0.54
side,1.56,0,0.30382034182548523,4.577096462249756,-0.5619351863861084,0.08045841753482819,0.01050625741481781,0.04521574079990387,4,False,0.6673839092254639,0.56
side,1.58,0,0.30371516942977905,4.571924686431885,-0.5368871092796326,0.08031721413135529,0.009605498053133488,0.03803792968392372,4,False,0.6677470207214355,0.58
side,1.6,0,0.30362439155578613,4.5733113288879395,-0.5214064121246338,0.08031046390533447,0.0076878247782588005,0.03599457070231438,4,False,0.6680436730384827,0.6
side,1.62,0,0.30353596806526184,4.5743255615234375,-0.5076068639755249,0.08030136674642563,0.0058778151869773865,0.027998050674796104,4,False,0.6682643890380859,0.62
side,1.6400000000000001,0,0.30346018075942993,4.583487510681152,-0.5008527636528015,0.08044739812612534,0.0052169691771268845,0.02805420570075512,4,False,0.6684332489967346,0.64
side,1.6600000000000001,0,0.3034002482891083,4.5955586433410645,-0.5006012916564941,0.08065618574619293,0.004663231782615185,0.025250503793358803,4,False,0.6685695052146912,0.66
side,1.68,0,0.3033495545387268,4.605992794036865,-0.5014598965644836,0.08083867281675339,0.004246199503540993,0.023788193240761757,4,False,0.6686355471611023,0.68
side,1.7,0,0.3033185303211212,4.620177268981934,-0.502714216709137,0.08108691871166229,0.0038647924084216356,0.022895891219377518,4,False,0.6687121391296387,0.7000000000000001
side,1.72,0,0.3032945394515991,4.625225067138672,-0.5065425634384155,0.081181600689888,0.0034088913816958666,0.024479718878865242,4,False,0.6687252521514893,0.72
side,1.74,0,0.3032797873020172,4.627741813659668,-0.5087773203849792,0.08122942596673965,0.0032654644455760717,0.021825101226568222,4,False,0.6687255501747131,0.74
side,1.76,0,0.3032756745815277,4.630496978759766,-0.5095654129981995,0.08127868920564651,0.0031946648377925158,0.021378910169005394,4,False,0.6687440276145935,0.76
side,1.78,0,0.3032747507095337,4.63156270980835,-0.5105605721473694,0.08129903674125671,0.0030770732555538416,0.022530527785420418,4,False,0.6687338948249817,0.78
side,1.8,0,0.3032783567905426,4.629456996917725,-0.5108781456947327,0.08126314729452133,0.0031390516087412834,0.023053178563714027,4,False,0.668725311756134,0.8
side,1.82,0,0.30328524112701416,4.6269330978393555,-0.5106409192085266,0.08121895045042038,0.0031178374774754047,0.022469142451882362,4,False,0.6687228083610535,0.8200000000000001
side,1.84,0,0.3032934069633484,4.6238017082214355,-0.5106887817382812,0.08116476982831955,0.003119029803201556,0.023813752457499504,4,False,0.6687085628509521,0.84
side,1.86,0,0.30330199003219604,4.620689392089844,-0.5110528469085693,0.08111150562763214,0.003061480587348342,0.02414933405816555,4,False,0.6686960458755493,0.86
side,1.8800000000000001,0,0.3033103048801422,4.617595672607422,-0.5116583704948425,0.0810590386390686,0.003008482977747917,0.024576198309659958,4,False,0.668682336807251,0.88
side,1.9000000000000001,0,0.3033177852630615,4.614786624908447,-0.512714684009552,0.08101237565279007,0.002974465722218156,0.024507204070687294,4,False,0.6686692833900452,0.9
side,1.92,0,0.3033243417739868,4.611945629119873,-0.5142940878868103,0.08096615225076675,0.0029758538585156202,0.024759745225310326,4,False,0.6686544418334961,0.92
side,1.94,0,0.3033294975757599,4.609902381896973,-0.5159883499145508,0.08093399554491043,0.002969668246805668,0.02425011619925499,4,False,0.668635904788971,0.9400000000000001
side,1.96,0,0.3033337891101837,4.608770847320557,-0.517831563949585,0.08091793209314346,0.0030352636240422726,0.024143856018781662,4,False,0.6686215996742249,0.96
side,1.98,0,0.30333736538887024,4.607906818389893,-0.5195757746696472,0.08090633898973465,0.0030992375686764717,0.0240243598818779,4,False,0.6686068177223206,0.98
side,2.0,0,0.3033407926559448,4.607461929321289,-0.5214549899101257,0.08090227842330933,0.0031718513928353786,0.02368512749671936,4,False,0.6685928702354431,1.0
side,2.02,0,0.3033427596092224,4.607506275177002,-0.5229111313819885,0.08090588450431824,0.0031700916588306427,0.023062096908688545,4,False,0.6685780882835388,1.02
side,2.04,0,0.3033442497253418,4.607488632202148,-0.5241532921791077,0.08090800791978836,0.0032488619908690453,0.02297300286591053,4,False,0.6685698628425598,1.04
side,2.06,0,0.3033451735973358,4.607676982879639,-0.5249108076095581,0.080912746489048,0.003270732471719384,0.02237769402563572,4,False,0.6685616374015808,1.06
side,2.08,0,0.3033459186553955,4.607725620269775,-0.5252766013145447,0.08091431856155396,0.0033241116907447577,0.022344065830111504,4,False,0.6685590147972107,1.08
side,2.1,0,0.30334579944610596,4.607940673828125,-0.5253488421440125,0.08091817051172256,0.003293182933703065,0.021809369325637817,4,False,0.668559730052948,1.1
side,2.12,0,0.3033447563648224,4.608180046081543,-0.5252575278282166,0.08092213422060013,0.00334531394764781,0.022128479555249214,4,False,0.6685557961463928,1.12
side,2.14,0,0.3033440411090851,4.608164310455322,-0.5248553156852722,0.08092107623815536,0.0033369355369359255,0.021715324372053146,4,False,0.668561577796936,1.1400000000000001
side,2.16,0,0.30334270000457764,4.608425140380859,-0.5242226719856262,0.08092436194419861,0.003326810197904706,0.021599598228931427,4,False,0.6685662269592285,1.16
side,2.18,0,0.3033411502838135,4.608658313751221,-0.5237307548522949,0.08092744648456573,0.0033299049828201532,0.021894758567214012,4,False,0.6685701012611389,1.18
side,2.2,0,0.3033394515514374,4.608928680419922,-0.5232277512550354,0.0809311494231224,0.0033244125079363585,0.021934086456894875,4,False,0.6685732007026672,1.2
side,2.22,0,0.30333802103996277,4.609446048736572,-0.5228643417358398,0.0809394046664238,0.003314014058560133,0.0218486525118351,4,False,0.6685783863067627,1.22
side,2.24,0,0.30333656072616577,4.609495639801025,-0.5224576592445374,0.08093946427106857,0.0032828482799232006,0.02186146192252636,4,False,0.6685845851898193,1.24
side,2.2600000000000002,0,0.3033351004123688,4.60961389541626,-0.5220211148262024,0.08094067126512527,0.0032863938249647617,0.021951723843812943,4,False,0.668587327003479,1.26
side,2.2800000000000002,0,0.30333417654037476,4.609819412231445,-0.5218560099601746,0.08094391226768494,0.0032952474430203438,0.022087428718805313,4,False,0.6685911417007446,1.28
side,2.3000000000000003,0,0.3033331334590912,4.610136032104492,-0.5218026638031006,0.08094928413629532,0.0032817586325109005,0.022116243839263916,4,False,0.6685912609100342,1.3
side,2.32,0,0.3033325970172882,4.609982490539551,-0.5216623544692993,0.08094636350870132,0.003285447135567665,0.022319944575428963,4,False,0.6685928702354431,1.32
side,2.34,0,0.30333226919174194,4.610010623931885,-0.5215572118759155,0.08094664663076401,0.003295630682259798,0.02218826860189438,4,False,0.6685972213745117,1.34
side,2.36,0,0.30333212018013,4.610022068023682,-0.5215651988983154,0.08094685524702072,0.003270438639447093,0.022201836109161377,4,False,0.6685970425605774,1.36
side,2.38,0,0.30333152413368225,4.610110759735107,-0.5214791297912598,0.08094823360443115,0.0032535281497985125,0.022155404090881348,4,False,0.6685966849327087,1.3800000000000001
side,2.4,0,0.3033314347267151,4.610114097595215,-0.5215185284614563,0.0809483602643013,0.0032863905653357506,0.02230653539299965,4,False,0.6685978770256042,1.4000000000000001
side,2.42,0,0.3033314347267151,4.6100382804870605,-0.5215482711791992,0.08094710111618042,0.003262801095843315,0.022219017148017883,4,False,0.6685998439788818,1.42
side,2.44,0,0.3033312261104584,4.6100897789001465,-0.5215813517570496,0.08094806224107742,0.003278999589383602,0.022400377318263054,4,False,0.6685967445373535,1.44
side,2.46,0,0.3033314645290375,4.610192775726318,-0.5217118859291077,0.08095009624958038,0.003263789229094982,0.02201843075454235,4,False,0.6685993075370789,1.46
side,2.48,0,0.3033314347267151,4.610002517700195,-0.5216415524482727,0.0809466689825058,0.0032572585623711348,0.022208036854863167,4,False,0.6685983538627625,1.48
side,2.5,0,0.30333173274993896,4.610080718994141,-0.5214704871177673,0.08094768971204758,0.0032875153701752424,0.02161714993417263,4,False,0.6685999035835266,1.5
side,2.52,0,0.3033316135406494,4.609641075134277,-0.5216162800788879,0.0809403583407402,0.0033008523751050234,0.022113634273409843,4,False,0.6685959100723267,1.52
side,2.54,0,0.30333176255226135,4.6090617179870605,-0.5216830968856812,0.0809304416179657,0.0033517854753881693,0.02189440093934536,4,False,0.6685968041419983,1.54
side,2.56,0,0.3033319413661957,4.6094136238098145,-0.5217906832695007,0.08093675225973129,0.0033652721904218197,0.021562136709690094,4,False,0.6685925722122192,1.56
side,2.58,0,0.30333226919174194,4.609823703765869,-0.5218471884727478,0.08094395697116852,0.0033660612534731627,0.0214749313890934,4,False,0.6685925722122192,1.58
side,2.6,0,0.30333244800567627,4.610193729400635,-0.5219365358352661,0.08095055818557739,0.0033514988608658314,0.02133382484316826,4,False,0.6685929894447327,1.6
side,2.62,0,0.3033321499824524,4.610594272613525,-0.5219427943229675,0.08095750212669373,0.0033557042479515076,0.02149956300854683,4,False,0.6685889959335327,1.62
side,2.64,0,0.30333223938941956,4.610902786254883,-0.5217922925949097,0.08096256107091904,0.0033545370679348707,0.021324804052710533,4,False,0.6685916781425476,1.6400000000000001
side,2.66,0,0.30333229899406433,4.611413478851318,-0.5215210318565369,0.0809708833694458,0.0033196655567735434,0.021641891449689865,4,False,0.6685925722122192,1.6600000000000001
side,2.68,0,0.30333223938941956,4.612074851989746,-0.5211877822875977,0.08098169416189194,0.0032774743158370256,0.021808326244354248,4,False,0.6685915589332581,1.68
side,2.7,0,0.3033328354358673,4.612319469451904,-0.5209798812866211,0.08098553121089935,0.003260242287069559,0.022018983960151672,4,False,0.6685972213745117,1.7
side,2.72,0,0.3033328354358673,4.612200736999512,-0.5209159851074219,0.08098334819078445,0.003230724250897765,0.022324910387396812,4,False,0.6685972213745117,1.72
side,2.74,0,0.30333274602890015,4.611959934234619,-0.5206576585769653,0.08097866922616959,0.003191858995705843,0.022223498672246933,4,False,0.668596625328064,1.74
side,2.7600000000000002,0,0.3033331334590912,4.611568450927734,-0.5204634070396423,0.08097151666879654,0.0032390940468758345,0.022225117310881615,4,False,0.6685976386070251,1.76
side,2.7800000000000002,0,0.30333411693573,4.611313819885254,-0.5203266739845276,0.08096684515476227,0.003200568025931716,0.022121049463748932,4,False,0.6686027646064758,1.78
side,2.8000000000000003,0,0.30333423614501953,4.609983921051025,-0.5206157565116882,0.08094435185194016,0.003267421154305339,0.022873563691973686,4,False,0.6685952544212341,1.8
side,2.82,0,0.3033348321914673,4.608984470367432,-0.5208882093429565,0.08092756569385529,0.003280184930190444,0.022020498290657997,4,False,0.6685964465141296,1.82
side,2.84,0,0.30333492159843445,4.609240531921387,-0.5210535526275635,0.08093231916427612,0.0032989191822707653,0.021837817505002022,4,False,0.6685926914215088,1.84
side,2.86,0,0.3033352196216583,4.609713554382324,-0.5213991403579712,0.08094119280576706,0.003322683274745941,0.021746722981333733,4,False,0.6685901880264282,1.86
side,2.88,0,0.30333495140075684,4.61002254486084,-0.5217605829238892,0.08094723522663116,0.003310590051114559,0.021646205335855484,4,False,0.6685879826545715,1.8800000000000001
side,2.9,0,0.3033348619937897,4.610439300537109,-0.5218806862831116,0.08095470070838928,0.003337794914841652,0.021530982106924057,4,False,0.6685876250267029,1.9000000000000001
side,2.92,0,0.30333495140075684,4.610982894897461,-0.5219990611076355,0.0809643492102623,0.0033315604086965322,0.021417617797851562,4,False,0.6685854196548462,1.92
side,2.94,0,0.30333492159843445,4.611265659332275,-0.5219919681549072,0.08096923679113388,0.0033388743177056313,0.02158377505838871,4,False,0.6685832738876343,1.94
side,2.96,0,0.30333513021469116,4.611614227294922,-0.5219227075576782,0.08097513765096664,0.003330627456307411,0.02145756222307682,4,False,0.6685851216316223,1.96
side,2.98,0,0.3033352494239807,4.611982822418213,-0.5218902826309204,0.08098145574331284,0.0033369804732501507,0.021594151854515076,4,False,0.6685844659805298,1.98
side,3.0,0,0.30333563685417175,4.611833095550537,-0.521784245967865,0.08097866177558899,0.0033497351687401533,0.0217786505818367,4,False,0.6685850024223328,2.0
side,3.02,0,0.303335964679718,4.611584186553955,-0.521559476852417,0.08097391575574875,0.0033007608726620674,0.021512532606720924,4,False,0.6685864925384521,2.02
side,3.04,0,0.30333566665649414,4.611321449279785,-0.5211539268493652,0.08096856623888016,0.003310237778350711,0.021680651232600212,4,False,0.6685873866081238,2.04
side,3.06,0,0.3033358156681061,4.611544132232666,-0.5211156010627747,0.08097235858440399,0.0033307906705886126,0.02176758274435997,4,False,0.6685884594917297,2.06
side,3.08,0,0.3033358156681061,4.611391544342041,-0.5211085677146912,0.08096970617771149,0.0033094482496380806,0.0218944288790226,4,False,0.6685887575149536,2.08
side,3.1,0,0.30333560705184937,4.611256122589111,-0.5209434032440186,0.08096703141927719,0.0032841030042618513,0.02159988321363926,4,False,0.6685900092124939,2.1
side,3.12,0,0.30333566665649414,4.611330509185791,-0.5209821462631226,0.08096839487552643,0.0033135307021439075,0.021798698231577873,4,False,0.6685886979103088,2.12
side,3.14,0,0.3033357262611389,4.611380577087402,-0.5209588408470154,0.08096921443939209,0.0032859614584594965,0.02201784774661064,4,False,0.6685880422592163,2.14
side,3.16,0,0.3033360540866852,4.6119256019592285,-0.5209105610847473,0.08097856491804123,0.0032526631839573383,0.022080034017562866,4,False,0.6685898303985596,2.16
side,3.18,0,0.3033362925052643,4.611962795257568,-0.5210025310516357,0.08097939193248749,0.003236612770706415,0.022523706778883934,4,False,0.668587863445282,2.18
side,3.2,0,0.30333685874938965,4.61160945892334,-0.5210338234901428,0.08097333461046219,0.0032285929191857576,0.022509802132844925,4,False,0.6685896515846252,2.2
side,3.22,0,0.30333706736564636,4.611209869384766,-0.5209516286849976,0.08096624910831451,0.003195775207132101,0.022527066990733147,4,False,0.6685904860496521,2.22
side,3.24,0,0.3033369779586792,4.6109113693237305,-0.5211494565010071,0.08096145838499069,0.0031948068644851446,0.02247457578778267,4,False,0.6685901880264282,2.24
side,3.2600000000000002,0,0.3033371865749359,4.610261917114258,-0.5212516784667969,0.08095039427280426,0.0032093755435198545,0.022534729912877083,4,False,0.6685919165611267,2.2600000000000002
side,3.2800000000000002,0,0.3033367991447449,4.610132694244385,-0.5211344957351685,0.08094792813062668,0.003182212356477976,0.022244559600949287,4,False,0.6685906648635864,2.2800000000000002
side,3.3000000000000003,0,0.3033369481563568,4.609832286834717,-0.5214439034461975,0.08094333857297897,0.003260296303778887,0.02277587354183197,4,False,0.6685906052589417,2.3000000000000003
side,3.3200000000000003,0,0.30333706736564636,4.609314918518066,-0.5216019749641418,0.08093467354774475,0.0032317698933184147,0.02239818125963211,4,False,0.6685900092124939,2.32
side,3.34,0,0.3033367097377777,4.609309196472168,-0.5217270851135254,0.08093481510877609,0.0032394523732364178,0.022370964288711548,4,False,0.6685894131660461,2.34
side,3.36,0,0.30333614349365234,4.609432697296143,-0.52187579870224,0.08093723654747009,0.003243392799049616,0.022304575890302658,4,False,0.6685881614685059,2.36
side,3.38,0,0.3033358156681061,4.609167098999023,-0.521830141544342,0.08093255758285522,0.003241488477215171,0.022167911753058434,4,False,0.6685912609100342,2.38
side,3.4,0,0.3033352792263031,4.609440326690674,-0.5219014286994934,0.08093743771314621,0.003256524447351694,0.022181689739227295,4,False,0.6685886979103088,2.4
side,3.42,0,0.3033351004123688,4.609278202056885,-0.5220310091972351,0.08093486726284027,0.0032843896187841892,0.02241475321352482,4,False,0.6685915589332581,2.42
side,3.44,0,0.30333462357521057,4.609508514404297,-0.5220715403556824,0.08093894273042679,0.003262939862906933,0.022127388045191765,4,False,0.6685898900032043,2.44
side,3.46,0,0.3033342957496643,4.609373092651367,-0.5220845937728882,0.08093663305044174,0.0032835565507411957,0.0223282128572464,4,False,0.6685901284217834,2.46
side,3.48,0,0.30333390831947327,4.609372138977051,-0.522011399269104,0.08093646913766861,0.003275006776675582,0.02206401713192463,4,False,0.6685925722122192,2.48
side,3.5,0,0.3033336400985718,4.609363079071045,-0.5219804048538208,0.0809362456202507,0.0032769227400422096,0.02207048237323761,4,False,0.6685947775840759,2.5
side,3.52,0,0.3033331632614136,4.609519004821777,-0.5218268036842346,0.08093865215778351,0.003295708214864135,0.021474091336131096,4,False,0.6685948967933655,2.52
side,3.54,0,0.30333295464515686,4.609114170074463,-0.5219528079032898,0.0809318795800209,0.003336573950946331,0.022112194448709488,4,False,0.668594479560852,2.54
side,3.56,0,0.30333268642425537,4.608582019805908,-0.5219227075576782,0.08092259615659714,0.0033454187214374542,0.02165910042822361,4,False,0.6685923337936401,2.56
side,3.58,0,0.30333271622657776,4.6090850830078125,-0.5218271017074585,0.08093112707138062,0.003371182130649686,0.02126927115023136,4,False,0.6685916781425476,2.58
side,3.6,0,0.30333244800567627,4.609593868255615,-0.5218313336372375,0.08093995600938797,0.003371284808963537,0.021549327298998833,4,False,0.6685929894447327,2.6
side,3.62,0,0.3033323884010315,4.610542297363281,-0.5218207240104675,0.0809563621878624,0.003374903928488493,0.021092016249895096,4,False,0.6685904860496521,2.62
side,3.64,0,0.303332656621933,4.610673427581787,-0.5219033360481262,0.08095879852771759,0.0033708212431520224,0.021625403314828873,4,False,0.6685920357704163,2.64
side,3.66,0,0.30333253741264343,4.610740661621094,-0.5217958092689514,0.080959752202034,0.0033606283832341433,0.021378975361585617,4,False,0.6685914993286133,2.66
side,3.68,0,0.30333268642425537,4.611108303070068,-0.5216245055198669,0.0809657946228981,0.003363438881933689,0.021349506452679634,4,False,0.6685898900032043,2.68
side,3.7,0,0.30333268642425537,4.611490249633789,-0.5214598774909973,0.0809720903635025,0.003323004115372896,0.021294211968779564,4,False,0.6685940027236938,2.7
side,3.72,0,0.3033324182033539,4.611711025238037,-0.5211610794067383,0.08097533881664276,0.0033267633989453316,0.021562078967690468,4,False,0.6685914397239685,2.72
side,3.74,0,0.303332656621933,4.61181640625,-0.5210983753204346,0.08097704499959946,0.0033338016364723444,0.021664809435606003,4,False,0.6685944199562073,2.74
side,3.7600000000000002,0,0.3033328652381897,4.611883163452148,-0.5208607316017151,0.08097773790359497,0.003303957637399435,0.021526500582695007,4,False,0.6685935854911804,2.7600000000000002
side,3.7800000000000002,0,0.3033332824707031,4.611773490905762,-0.5207632780075073,0.08097563683986664,0.003316449699923396,0.02171184867620468,4,False,0.6685948967933655,2.7800000000000002
side,3.8000000000000003,0,0.3033335208892822,4.6116437911987305,-0.5206897258758545,0.08097326010465622,0.0033033625222742558,0.02167823724448681,4,False,0.6685957908630371,2.8000000000000003
side,3.8200000000000003,0,0.30333375930786133,4.611568927764893,-0.5206378102302551,0.080971859395504,0.003302228869870305,0.02172863855957985,4,False,0.6685947775840759,2.82
side,3.84,0,0.30333399772644043,4.611543655395508,-0.5207032561302185,0.08097155392169952,0.0032899444922804832,0.021724671125411987,4,False,0.6685941815376282,2.84
side,3.86,0,0.3033342659473419,4.611424922943115,-0.5206272602081299,0.08096934109926224,0.003291024826467037,0.021601321175694466,4,False,0.6685948371887207,2.86
side,3.88,0,0.30333444476127625,4.611438751220703,-0.5205919742584229,0.08096951991319656,0.0032800128683447838,0.021579759195446968,4,False,0.6685948967933655,2.88
side,3.9,0,0.30333438515663147,4.611423969268799,-0.5205215811729431,0.08096912503242493,0.0032641536090523005,0.021636443212628365,4,False,0.66859370470047,2.9
side,3.92,0,0.3033345341682434,4.611356735229492,-0.5205697417259216,0.08096805214881897,0.0032738419249653816,0.02160659246146679,4,False,0.6685953140258789,2.92
side,3.94,0,0.303334504365921,4.61132287979126,-0.5204796195030212,0.08096728473901749,0.0032647238112986088,0.021576113998889923,4,False,0.6685947179794312,2.94
side,3.96,0,0.3033345937728882,4.6113996505737305,-0.5204470157623291,0.08096855133771896,0.0032734216656535864,0.02165372110903263,4,False,0.6685943603515625,2.96
side,3.98,0,0.30333465337753296,4.611450672149658,-0.5205058455467224,0.08096955716609955,0.0032711804378777742,0.021769221872091293,4,False,0.6685943007469177,2.98
side,4.0,0,0.3033345937728882,4.611535549163818,-0.5204945802688599,0.08097101747989655,0.0032460542861372232,0.021566811949014664,4,False,0.668594479560852,3.0
side,4.0200000000000005,0,0.30333465337753296,4.611752510070801,-0.5204260945320129,0.08097463101148605,0.0032643063459545374,0.021628551185131073,4,False,0.6685935258865356,3.02
side,4.04,0,0.3033348619937897,4.611588001251221,-0.520548403263092,0.08097201585769653,0.0032715362031012774,0.021989941596984863,4,False,0.6685943603515625,3.04
side,4.0600000000000005,0,0.3033352494239807,4.612110137939453,-0.5205352306365967,0.08098103106021881,0.0032507532741874456,0.021431248635053635,4,False,0.6685923337936401,3.06
side,4.08,0,0.30333614349365234,4.611789226531982,-0.5204256772994995,0.08097526431083679,0.0032415708992630243,0.022572964429855347,4,False,0.6685930490493774,3.08
side,4.1,0,0.303336501121521,4.611645698547363,-0.5204267501831055,0.08097277581691742,0.0031899819150567055,0.02222716622054577,4,False,0.6685935258865356,3.1
side,4.12,0,0.30333688855171204,4.611355781555176,-0.5203782916069031,0.08096766471862793,0.003192098578438163,0.02269904315471649,4,False,0.6685917377471924,3.12
side,4.14,0,0.30333730578422546,4.611118316650391,-0.5206165313720703,0.08096401393413544,0.003188398666679859,0.02263084426522255,4,False,0.6685935854911804,3.14
side,4.16,0,0.30333733558654785,4.610545635223389,-0.5207536816596985,0.08095434308052063,0.003173258388414979,0.022721588611602783,4,False,0.6685920357704163,3.16
side,4.18,0,0.303337424993515,4.610230445861816,-0.5208850502967834,0.08094915002584457,0.003192220814526081,0.02256401628255844,4,False,0.6685926914215088,3.18
side,4.2,0,0.3033372461795807,4.610043525695801,-0.5211318731307983,0.08094638586044312,0.0031889097299426794,0.022501563653349876,4,False,0.6685901284217834,3.2
side,4.22,0,0.30333733558654785,4.609555721282959,-0.5213661789894104,0.08093838393688202,0.003230972681194544,0.022672021761536598,4,False,0.6685881614685059,3.22
side,4.24,0,0.3033376932144165,4.609272003173828,-0.5217071175575256,0.08093412965536118,0.003240171354264021,0.022525576874613762,4,False,0.6685881614685059,3.24
side,4.26,0,0.30333736538887024,4.609452724456787,-0.5217463374137878,0.08093734830617905,0.0032373429276049137,0.021660037338733673,4,False,0.6685886979103088,3.2600000000000002
side,4.28,0,0.30333706736564636,4.60883092880249,-0.5219881534576416,0.0809270367026329,0.003274888964369893,0.022187035530805588,4,False,0.6685879826545715,3.2800000000000002
side,4.3,0,0.3033367097377777,4.608476161956787,-0.5222287178039551,0.08092135936021805,0.00333346426486969,0.02182633988559246,4,False,0.6685842275619507,3.3000000000000003
side,4.32,0,0.3033364415168762,4.608860969543457,-0.5223730206489563,0.08092831820249557,0.00334313721396029,0.02130959741771221,4,False,0.6685851812362671,3.3200000000000003
side,4.34,0,0.30333590507507324,4.609245777130127,-0.5223675966262817,0.08093497157096863,0.003356374567374587,0.021473359316587448,4,False,0.6685831546783447,3.34
side,4.36,0,0.3033355176448822,4.609828948974609,-0.5225117206573486,0.08094535022974014,0.003378208028152585,0.021353160962462425,4,False,0.6685847640037537,3.36
side,4.38,0,0.30333471298217773,4.610417366027832,-0.522369921207428,0.08095527440309525,0.0033457218669354916,0.02114705741405487,4,False,0.6685824394226074,3.38
side,4.4,0,0.30333447456359863,4.610446929931641,-0.5220106840133667,0.08095508813858032,0.0033903929870575666,0.021442865952849388,4,False,0.6685882806777954,3.4
side,4.42,0,0.3033338785171509,4.611179351806641,-0.5218088030815125,0.08096738904714584,0.0033502932637929916,0.02133006602525711,4,False,0.6685852408409119,3.42
side,4.44,0,0.3033342659473419,4.610964775085449,-0.5214410424232483,0.08096294850111008,0.00338910729624331,0.021768327802419662,4,False,0.668585479259491,3.44
side,4.46,0,0.30333465337753296,4.61138391494751,-0.5214620232582092,0.08097024261951447,0.003350168699398637,0.021451586857438087,4,False,0.6685906052589417,3.46
side,4.48,0,0.3033343553543091,4.611488342285156,-0.5213248133659363,0.08097179979085922,0.003323088865727186,0.021738849580287933,4,False,0.6685857772827148,3.48
side,4.5,0,0.30333441495895386,4.611529350280762,-0.5213563442230225,0.08097255975008011,0.0033535324037075043,0.02186110056936741,4,False,0.6685879826545715,3.5
side,4.5200000000000005,0,0.3033343255519867,4.6119914054870605,-0.5212987065315247,0.08098046481609344,0.003299184376373887,0.02145618386566639,4,False,0.6685887575149536,3.52
side,4.54,0,0.30333423614501953,4.611961841583252,-0.5212394595146179,0.0809798389673233,0.0033028472680598497,0.021705595776438713,4,False,0.6685910224914551,3.54
side,4.5600000000000005,0,0.30333465337753296,4.61191463470459,-0.521169126033783,0.0809788778424263,0.0033073292579501867,0.02206651121377945,4,False,0.6685908436775208,3.56
side,4.58,0,0.30333513021469116,4.612321376800537,-0.5208777785301208,0.08098536729812622,0.0032535085920244455,0.02118372730910778,4,False,0.6685935258865356,3.58
side,4.6000000000000005,0,0.30333536863327026,4.611927032470703,-0.5209330320358276,0.080978624522686,0.003302783239632845,0.022620636969804764,4,False,0.6685876250267029,3.6
side,4.62,0,0.30333587527275085,4.611265659332275,-0.5210233926773071,0.08096734434366226,0.0032895333133637905,0.021932290866971016,4,False,0.6685906052589417,3.62
side,4.64,0,0.30333611369132996,4.611034393310547,-0.5207719802856445,0.08096285909414291,0.0032482396345585585,0.021723825484514236,4,False,0.6685900092124939,3.64
side,4.66,0,0.303336501121521,4.611181259155273,-0.5206125378608704,0.0809650868177414,0.0032503767870366573,0.022330913692712784,4,False,0.668589174747467,3.66
side,4.68,0,0.30333706736564636,4.611173629760742,-0.5206203460693359,0.08096497505903244,0.003224763320758939,0.022328687831759453,4,False,0.6685917377471924,3.68
side,4.7,0,0.30333733558654785,4.611114978790283,-0.5207543969154358,0.08096422255039215,0.003217541379854083,0.02263399213552475,4,False,0.668590784072876,3.7
side,4.72,0,0.30333778262138367,4.611139297485352,-0.5210480690002441,0.08096521347761154,0.0032237425912171602,0.02210937812924385,4,False,0.6685922145843506,3.72
side,4.74,0,0.30333754420280457,4.610297203063965,-0.5214426517486572,0.08095138520002365,0.003259052988141775,0.022526144981384277,4,False,0.6685871481895447,3.74
side,4.76,0,0.30333778262138367,4.6100382804870605,-0.5215296149253845,0.08094707131385803,0.003269356908276677,0.021385660395026207,4,False,0.6685878038406372,3.7600000000000002
side,4.78,0,0.3033377528190613,4.609795093536377,-0.5216662287712097,0.08094312250614166,0.0032968763262033463,0.0219905786216259,4,False,0.6685838103294373,3.7800000000000002
side,4.8,0,0.303337961435318,4.6095757484436035,-0.521811306476593,0.08093960583209991,0.003313438268378377,0.021866802126169205,4,False,0.6685839891433716,3.8000000000000003
side,4.82,0,0.30333808064460754,4.610343933105469,-0.5217747688293457,0.08095283806324005,0.003296318929642439,0.02198995277285576,4,False,0.6685822606086731,3.8200000000000003
side,4.84,0,0.30333828926086426,4.610688209533691,-0.5218114256858826,0.08095888048410416,0.00325100589543581,0.021958807483315468,4,False,0.668586254119873,3.84
side,4.86,0,0.30333760380744934,4.6107282638549805,-0.5215840935707092,0.08095913380384445,0.003216319251805544,0.022090673446655273,4,False,0.6685852408409119,3.86
side,4.88,0,0.30333754420280457,4.610684394836426,-0.5216343998908997,0.08095847070217133,0.0032748058438301086,0.022595053538680077,4,False,0.6685870289802551,3.88
side,4.9,0,0.3033371865749359,4.6106462478637695,-0.5216851830482483,0.08095791190862656,0.003230491653084755,0.022438324987888336,4,False,0.6685853004455566,3.9
side,4.92,0,0.3033372759819031,4.6102705001831055,-0.5217522978782654,0.0809515193104744,0.003275472903624177,0.022656401619315147,4,False,0.6685872673988342,3.92
side,4.94,0,0.3033369481563568,4.610210418701172,-0.5217393040657043,0.08095045387744904,0.003213527612388134,0.022225292399525642,4,False,0.6685868501663208,3.94
side,4.96,0,0.3033369481563568,4.609821796417236,-0.5218189358711243,0.08094388246536255,0.0032743357587605715,0.022548291832208633,4,False,0.6685910224914551,3.96
side,4.98,0,0.30333662033081055,4.609924793243408,-0.5217418074607849,0.08094552159309387,0.0032198845874518156,0.021692974492907524,4,False,0.6685876250267029,3.98
side,5.0,0,0.3033366799354553,4.609683036804199,-0.5218349695205688,0.08094150573015213,0.00327146053314209,0.02269487828016281,4,False,0.668587863445282,4.0
side,5.0200000000000005,0,0.3033365309238434,4.60949182510376,-0.5219804048538208,0.08093847334384918,0.0032412128057330847,0.02222403511404991,4,False,0.6685892343521118,4.0200000000000005
side,5.04,0,0.3033360540866852,4.6093621253967285,-0.5218372344970703,0.08093594759702682,0.003239966928958893,0.022117674350738525,4,False,0.6685897707939148,4.04
side,5.0600000000000005,0,0.30333566665649414,4.6094794273376465,-0.5218037366867065,0.08093791455030441,0.0032599575351923704,0.02212778478860855,4,False,0.668590784072876,4.0600000000000005
side,5.08,0,0.30333518981933594,4.609584331512451,-0.5218513607978821,0.08093982934951782,0.0032447543926537037,0.022098613902926445,4,False,0.66859370470047,4.08
side,5.1000000000000005,0,0.3033349812030792,4.610032081604004,-0.5216519832611084,0.08094719797372818,0.0032812459394335747,0.021628065034747124,4,False,0.6685931086540222,4.1
side,5.12,0,0.3033357262611389,4.610201358795166,-0.5213614702224731,0.080949567258358,0.003267251653596759,0.021768752485513687,4,False,0.668595016002655,4.12
side,5.14,0,0.3033358156681061,4.609054088592529,-0.521374523639679,0.0809297189116478,0.0032675396651029587,0.023017851635813713,4,False,0.6685918569564819,4.14
side,5.16,0,0.303335577249527,4.608577251434326,-0.5213397741317749,0.08092138171195984,0.0032505926210433245,0.0221527349203825,4,False,0.6685934066772461,4.16
side,5.18,0,0.3033352792263031,4.609053134918213,-0.5213739275932312,0.080929696559906,0.0032700987067073584,0.022234220057725906,4,False,0.6685926914215088,4.18
side,5.2,0,0.3033352792263031,4.609322547912598,-0.5215549468994141,0.08093471825122833,0.0032768037635833025,0.02199043333530426,4,False,0.668594479560852,4.2
side,5.22,0,0.30333536863327026,4.609489440917969,-0.5215001106262207,0.08093749731779099,0.003262080019339919,0.022339068353176117,4,False,0.6685933470726013,4.22
side,5.24,0,0.3033353090286255,4.609268665313721,-0.521825909614563,0.0809343084692955,0.0032709185034036636,0.02252543717622757,4,False,0.6685897707939148,4.24
side,5.26,0,0.3033355176448822,4.609119892120361,-0.5219607949256897,0.08093199133872986,0.003284153761342168,0.022261517122387886,4,False,0.6685906648635864,4.26
side,5.28,0,0.30333518981933594,4.609589576721191,-0.5221114158630371,0.08094042539596558,0.0032670297659933567,0.022116784006357193,4,False,0.6685890555381775,4.28
side,5.3,0,0.30333516001701355,4.609522819519043,-0.5222119688987732,0.08093946427106857,0.0032988586463034153,0.022423090413212776,4,False,0.6685889363288879,4.3
side,5.32,0,0.303335040807724,4.609710216522217,-0.5223590731620789,0.08094299584627151,0.0032890948932617903,0.02216576784849167,4,False,0.6685881614685059,4.32
side,5.34,0,0.303335040807724,4.609758377075195,-0.5222135186195374,0.08094354718923569,0.0033040724229067564,0.021747291088104248,4,False,0.6685913801193237,4.34
side,5.36,0,0.3033345937728882,4.609391689300537,-0.5223681926727295,0.08093749731779099,0.003338390262797475,0.022040685638785362,4,False,0.6685879230499268,4.36
side,5.38,0,0.30333417654037476,4.608936309814453,-0.5224813222885132,0.08092983067035675,0.003360580885782838,0.021689152345061302,4,False,0.6685869097709656,4.38
side,5.4,0,0.3033338785171509,4.608913898468018,-0.5222729444503784,0.08092904090881348,0.003381231566891074,0.02135738544166088,4,False,0.6685888767242432,4.4
side,5.42,0,0.3033335208892822,4.609739780426025,-0.5221805572509766,0.08094315975904465,0.0033904174342751503,0.021370872855186462,4,False,0.6685848236083984,4.42
side,5.44,0,0.30333346128463745,4.61016845703125,-0.522154688835144,0.0809505432844162,0.003383366856724024,0.02145598828792572,4,False,0.6685877442359924,4.44
side,5.46,0,0.30333322286605835,4.610476970672607,-0.521965503692627,0.08095551282167435,0.00336683401837945,0.021259842440485954,4,False,0.6685901284217834,4.46
side,5.48,0,0.3033330738544464,4.610599994659424,-0.5216755270957947,0.0809570774435997,0.0033863068092614412,0.02157452329993248,4,False,0.6685885190963745,4.48
side,5.5,0,0.30333295464515686,4.611258029937744,-0.5215349793434143,0.08096820116043091,0.0033551177475601435,0.02130258083343506,4,False,0.668588399887085,4.5
side,5.5200000000000005,0,0.3033331632614136,4.611439228057861,-0.521546483039856,0.0809713751077652,0.0033678095787763596,0.021587083116173744,4,False,0.668592631816864,4.5200000000000005
side,5.54,0,0.3033328354358673,4.611794948577881,-0.5214701294898987,0.08097739517688751,0.0033140701707452536,0.021397462114691734,4,False,0.6685910224914551,4.54
side,5.5600000000000005,0,0.3033325672149658,4.61196756362915,-0.5212242007255554,0.08097990602254868,0.0033180350437760353,0.021433956921100616,4,False,0.6685897707939148,4.5600000000000005
side,5.58,0,0.3033329248428345,4.611903190612793,-0.521112322807312,0.08097857236862183,0.0033402780536562204,0.021631039679050446,4,False,0.6685931086540222,4.58
side,5.6000000000000005,0,0.3033333718776703,4.612076759338379,-0.521044909954071,0.08098145574331284,0.003311045467853546,0.02176813594996929,4,False,0.668592631816864,4.6000000000000005
side,5.62,0,0.30333375930786133,4.612334251403809,-0.5208155512809753,0.08098546415567398,0.003243056358769536,0.021940529346466064,4,False,0.6685949563980103,4.62
side,5.64,0,0.3033337891101837,4.612205505371094,-0.52052241563797,0.08098267018795013,0.003236259799450636,0.02242937497794628,4,False,0.6685925722122192,4.64
side,5.66,0,0.30333423614501953,4.611965179443359,-0.5204342007637024,0.08097833395004272,0.0032075762283056974,0.02231796830892563,4,False,0.6685988306999207,4.66
side,5.68,0,0.30333399772644043,4.611527442932129,-0.5202904939651489,0.08097046613693237,0.0031790288630872965,0.0225190632045269,4,False,0.6685976386070251,4.68
side,5.7,0,0.30333444476127625,4.6109161376953125,-0.5202599763870239,0.08095981925725937,0.0032151362393051386,0.02199416421353817,4,False,0.6685996651649475,4.7
side,5.72,0,0.30333492159843445,4.610145568847656,-0.5203584432601929,0.0809466615319252,0.0032232434023171663,0.022840920835733414,4,False,0.6685972809791565,4.72
side,5.74,0,0.3033352792263031,4.609509468078613,-0.5206502079963684,0.08093620091676712,0.003228797111660242,0.022673577070236206,4,False,0.6685938239097595,4.74
side,5.76,0,0.3033355474472046,4.609543323516846,-0.5207893252372742,0.08093705773353577,0.0032111098989844322,0.022273756563663483,4,False,0.6685943007469177,4.76
side,5.78,0,0.303335577249527,4.609840393066406,-0.5210520625114441,0.08094271272420883,0.003236021613702178,0.02257084660232067,4,False,0.6685925126075745,4.78
side,5.8,0,0.3033357262611389,4.609723091125488,-0.5212716460227966,0.0809411033987999,0.003214068477973342,0.02189106121659279,4,False,0.6685961484909058,4.8
side,5.82,0,0.3033362030982971,4.610073089599609,-0.5209603309631348,0.08094656467437744,0.003243196289986372,0.02165202796459198,4,False,0.6685971617698669,4.82
side,5.84,0,0.30333682894706726,4.609476089477539,-0.5218552350997925,0.08093796670436859,0.003324078628793359,0.022936563938856125,4,False,0.6685898303985596,4.84
side,5.86,0,0.3033367693424225,4.608628273010254,-0.5222582817077637,0.08092404901981354,0.0032924278639256954,0.021748997271060944,4,False,0.6685855984687805,4.86
side,5.88,0,0.3033365309238434,4.609054088592529,-0.5221667885780334,0.08093126118183136,0.003349347971379757,0.021363496780395508,4,False,0.668583333492279,4.88
side,5.9,0,0.3033367395401001,4.6096272468566895,-0.5225333571434021,0.08094189316034317,0.0033780515659600496,0.02172509953379631,4,False,0.6685852408409119,4.9
side,5.92,0,0.30333617329597473,4.61018180847168,-0.5225949287414551,0.08095162361860275,0.0033527854830026627,0.02139567770063877,4,False,0.6685788035392761,4.92
side,5.94,0,0.3033362030982971,4.610485076904297,-0.5224302411079407,0.08095656335353851,0.0033836395014077425,0.021463103592395782,4,False,0.668580949306488,4.94
side,5.96,0,0.30333611369132996,4.611027717590332,-0.5223393440246582,0.0809657871723175,0.003351005259901285,0.021276168525218964,4,False,0.6685834527015686,4.96
side,5.98,0,0.3033355474472046,4.611166477203369,-0.5220910906791687,0.08096770942211151,0.00333688803948462,0.021340785548090935,4,False,0.668583869934082,4.98
side,6.0,0,0.3033350706100464,4.611560821533203,-0.5218871235847473,0.08097413927316666,0.003336753696203232,0.021322740241885185,4,False,0.6685845255851746,5.0
side,6.0200000000000005,0,0.3033350110054016,4.61171817779541,-0.5215827822685242,0.08097628504037857,0.0033257510513067245,0.021648382768034935,4,False,0.6685853600502014,5.0200000000000005
side,6.04,0,0.30333536863327026,4.612163543701172,-0.5210719704627991,0.080983005464077,0.003292026463896036,0.021329352632164955,4,False,0.6685914993286133,5.04
side,6.0600000000000005,0,0.3033350110054016,4.6119537353515625,-0.5208940505981445,0.08097902685403824,0.003273728769272566,0.02210233360528946,4,False,0.6685892343521118,5.0600000000000005
side,6.08,0,0.3033348023891449,4.611315727233887,-0.5206056237220764,0.08096741139888763,0.0032603824511170387,0.02181430347263813,4,False,0.6685898900032043,5.08
side,6.1000000000000005,0,0.3033349812030792,4.611030101776123,-0.5204077363014221,0.08096207678318024,0.0032817490864545107,0.02167770080268383,4,False,0.6685964465141296,5.1000000000000005
side,6.12,0,0.3033347427845001,4.611332893371582,-0.5205104351043701,0.08096752315759659,0.0032651927322149277,0.0218494925647974,4,False,0.6685935854911804,5.12
side,6.140000000000001,0,0.3033348619937897,4.611166000366211,-0.520699679851532,0.08096499741077423,0.0032971363980323076,0.02188161201775074,4,False,0.6685925722122192,5.14
side,6.16,0,0.30333516001701355,4.611196994781494,-0.5208184719085693,0.08096575736999512,0.0032947147265076637,0.02182774990797043,4,False,0.6685916185379028,5.16
side,6.18,0,0.303335577249527,4.6116719245910645,-0.5209829211235046,0.08097431063652039,0.003290743101388216,0.021649882197380066,4,False,0.6685909628868103,5.18
side,6.2,0,0.30333614349365234,4.611736297607422,-0.5208863615989685,0.080975241959095,0.003245352068915963,0.02237536385655403,4,False,0.6685904860496521,5.2
side,6.22,0,0.3033367097377777,4.611487865447998,-0.5209301114082336,0.08097102493047714,0.0032390449196100235,0.022352714091539383,4,False,0.6685890555381775,5.22
side,6.24,0,0.3033369183540344,4.611346244812012,-0.5208224058151245,0.08096835762262344,0.0031957898754626513,0.02219156175851822,4,False,0.6685909628868103,5.24
side,6.26,0,0.303337037563324,4.611146926879883,-0.5208157300949097,0.08096490055322647,0.003193189622834325,0.02233378030359745,4,False,0.6685923933982849,5.26
side,6.28,0,0.3033369183540344,4.610663414001465,-0.5208834409713745,0.08095664530992508,0.00319361942820251,0.02259940654039383,4,False,0.6685916185379028,5.28
side,6.3,0,0.30333665013313293,4.610294342041016,-0.5209711194038391,0.08095041662454605,0.003199829487130046,0.02241380698978901,4,False,0.668592095375061,5.3
side,6.32,0,0.3033364713191986,4.609761714935303,-0.5210331082344055,0.08094131201505661,0.003194859717041254,0.022553615272045135,4,False,0.6685944199562073,5.32
side,6.34,0,0.30333611369132996,4.609727382659912,-0.5210239887237549,0.08094070106744766,0.003221195423975587,0.02249901369214058,4,False,0.6685903668403625,5.34
side,6.36,0,0.30333638191223145,4.609610080718994,-0.52131587266922,0.08093923330307007,0.003231426700949669,0.022490642964839935,4,False,0.6685934066772461,5.36
side,6.38,0,0.30333608388900757,4.609561920166016,-0.5215765833854675,0.0809388980269432,0.003216777229681611,0.022400086745619774,4,False,0.6685908436775208,5.38
side,6.4,0,0.30333587527275085,4.609172344207764,-0.5217903256416321,0.08093257248401642,0.0032610357739031315,0.02259158343076706,4,False,0.6685910224914551,5.4
side,6.42,0,0.3033358156681061,4.609374046325684,-0.5219839215278625,0.08093644678592682,0.0032514275517314672,0.022244028747081757,4,False,0.6685900688171387,5.42
side,6.44,0,0.30333560705184937,4.609370708465576,-0.5220150351524353,0.08093645423650742,0.0032421136274933815,0.022184737026691437,4,False,0.668589174747467,5.44
side,6.46,0,0.3033355176448822,4.609285831451416,-0.5219624638557434,0.08093487471342087,0.003258335404098034,0.022200414910912514,4,False,0.6685895323753357,5.46
side,6.48,0,0.30333563685417175,4.609493732452393,-0.5220687389373779,0.0809386745095253,0.003286361461505294,0.022262457758188248,4,False,0.668588399887085,5.48
side,6.5,0,0.30333566665649414,4.6097235679626465,-0.5223649740219116,0.08094323426485062,0.003285273676738143,0.022305449470877647,4,False,0.6685872673988342,5.5
side,6.5200000000000005,0,0.303335577249527,4.609607219696045,-0.5223920345306396,0.08094127476215363,0.0032717871945351362,0.022135617211461067,4,False,0.6685870885848999,5.5200000000000005
side,6.54,0,0.30333560705184937,4.609650611877441,-0.5224061012268066,0.0809420496225357,0.0033026854507625103,0.022347312420606613,4,False,0.6685859560966492,5.54
side,6.5600000000000005,0,0.303335577249527,4.609712600708008,-0.5224810838699341,0.0809432864189148,0.0032763772178441286,0.02212003991007805,4,False,0.668587863445282,5.5600000000000005
side,6.58,0,0.3033352494239807,4.609721660614014,-0.5223655700683594,0.08094321191310883,0.003289739368483424,0.022117672488093376,4,False,0.6685866713523865,5.58
side,6.6000000000000005,0,0.3033352494239807,4.609700679779053,-0.5223608613014221,0.08094283938407898,0.003302237717434764,0.022185001522302628,4,False,0.6685885190963745,5.6000000000000005
side,6.62,0,0.3033350110054016,4.609658241271973,-0.5222539901733398,0.08094188570976257,0.0032783066853880882,0.02204102836549282,4,False,0.6685885787010193,5.62
side,6.640000000000001,0,0.30333441495895386,4.609509468078613,-0.5221508145332336,0.08093911409378052,0.0032843707595020533,0.022116223350167274,4,False,0.6685914993286133,5.64
side,6.66,0,0.30333399772644043,4.60956335067749,-0.5220669507980347,0.080939881503582,0.0032959443051368,0.022103019058704376,4,False,0.6685908436775208,5.66
side,6.68,0,0.3033334016799927,4.60942268371582,-0.5218306183815002,0.0809369832277298,0.0032741017639636993,0.022136613726615906,4,False,0.6685925126075745,5.68
side,6.7,0,0.3033328652381897,4.609446048736572,-0.521644651889801,0.08093702793121338,0.003284901613369584,0.022062940523028374,4,False,0.6685939431190491,5.7
side,6.72,0,0.30333250761032104,4.60951566696167,-0.5216720104217529,0.08093829452991486,0.0032929645385593176,0.022272588685154915,4,False,0.6685958504676819,5.72
side,6.74,0,0.30333223938941956,4.609556674957275,-0.5216453075408936,0.08093894273042679,0.0032854953315109015,0.022168070077896118,4,False,0.668596088886261,5.74
side,6.76,0,0.30333223938941956,4.609340667724609,-0.5215064883232117,0.08093493431806564,0.0032912816386669874,0.022157413884997368,4,False,0.6685968041419983,5.76
side,6.78,0,0.3033321797847748,4.609447479248047,-0.5215665698051453,0.08093690872192383,0.0032789777033030987,0.02223111316561699,4,False,0.6685967445373535,5.78
side,6.8,0,0.30333197116851807,4.609539031982422,-0.5216517448425293,0.08093865215778351,0.0032942944671958685,0.022291535511612892,4,False,0.6685974597930908,5.8
side,6.82,0,0.3033321797847748,4.6094818115234375,-0.5217195153236389,0.08093779534101486,0.003321759169921279,0.02233671024441719,4,False,0.668596088886261,5.82
side,6.84,0,0.30333244800567627,4.6095380783081055,-0.5218683481216431,0.08093906193971634,0.0033045937307178974,0.02228991501033306,4,False,0.668596625328064,5.84
side,6.86,0,0.30333250761032104,4.609508514404297,-0.5219230651855469,0.0809386596083641,0.0032907025888562202,0.022154437378048897,4,False,0.6685941219329834,5.86
side,6.88,0,0.30333271622657776,4.6094794273376465,-0.521857500076294,0.08093801885843277,0.003305374411866069,0.022159216925501823,4,False,0.6685947179794312,5.88
side,6.9,0,0.3033328652381897,4.6095757484436035,-0.5218088626861572,0.08093959838151932,0.0033019159454852343,0.022172948345541954,4,False,0.6685966849327087,5.9
side,6.92,0,0.3033328056335449,4.609569072723389,-0.52190762758255,0.08093968033790588,0.0032974937930703163,0.02227124758064747,4,False,0.6685928702354431,5.92
side,6.94,0,0.3033328652381897,4.609471321105957,-0.521824061870575,0.08093781769275665,0.0032843942753970623,0.02201271429657936,4,False,0.668596625328064,5.94
side,6.96,0,0.30333268642425537,4.609597682952881,-0.5217180848121643,0.08093979954719543,0.0032843530643731356,0.022068245336413383,4,False,0.6685954332351685,5.96
side,6.98,0,0.3033328056335449,4.609663963317871,-0.5217806100845337,0.08094106614589691,0.003300673561170697,0.022185329347848892,4,False,0.6685939431190491,5.98
side,7.0,0,0.30333298444747925,4.609628677368164,-0.521820068359375,0.08094053715467453,0.0032875824254006147,0.022159721702337265,4,False,0.6685964465141296,6.0
side,7.0200000000000005,0,0.30333274602890015,4.609742641448975,-0.5219191312789917,0.08094269782304764,0.0032885591499507427,0.022326277568936348,4,False,0.6685932278633118,6.0200000000000005
side,7.04,0,0.3033328056335449,4.609969139099121,-0.5220058560371399,0.08094679564237595,0.0033065585885196924,0.02235141582787037,4,False,0.6685916185379028,6.04
side,7.0600000000000005,0,0.30333319306373596,4.6100592613220215,-0.5220417380332947,0.08094842731952667,0.00329113588668406,0.02220800332725048,4,False,0.6685952544212341,6.0600000000000005
side,7.08,0,0.3033330738544464,4.610165119171143,-0.5221537351608276,0.08095047622919083,0.0032826245296746492,0.02221088483929634,4,False,0.6685917973518372,6.08
side,7.1000000000000005,0,0.3033331334590912,4.609908103942871,-0.5221065282821655,0.0809459313750267,0.003283873200416565,0.02215738780796528,4,False,0.6685924530029297,6.1000000000000005
side,7.12,0,0.30333319306373596,4.609708309173584,-0.5218905806541443,0.0809420645236969,0.003284111386165023,0.022055644541978836,4,False,0.6685934066772461,6.12
side,7.140000000000001,0,0.3033331632614136,4.609786033630371,-0.5219550132751465,0.0809435322880745,0.0032856168691068888,0.022232288494706154,4,False,0.6685945987701416,6.140000000000001
side,7.16,0,0.30333298444747925,4.609533786773682,-0.5218411087989807,0.08093893527984619,0.0032752174884080887,0.022195981815457344,4,False,0.66859370470047,6.16
side,7.18,0,0.3033328950405121,4.609595775604248,-0.5216857194900513,0.08093971014022827,0.0032771655824035406,0.022045858204364777,4,False,0.6685945391654968,6.18
side,7.2,0,0.3033328056335449,4.609696388244629,-0.5216928124427795,0.08094145357608795,0.0032771218102425337,0.022168699651956558,4,False,0.6685945987701416,6.2
side,7.22,0,0.303332656621933,4.609699726104736,-0.5217383503913879,0.08094161003828049,0.0032783467322587967,0.02229246124625206,4,False,0.6685957312583923,6.22
side,7.24,0,0.30333250761032104,4.609671592712402,-0.5217612981796265,0.08094116300344467,0.0032825591042637825,0.02228434570133686,4,False,0.6685945391654968,6.24
side,7.26,0,0.30333244800567627,4.609694004058838,-0.5217750072479248,0.0809415802359581,0.003275347640737891,0.022174382582306862,4,False,0.6685949563980103,6.26
side,7.28,0,0.30333223938941956,4.609611988067627,-0.5217150449752808,0.08094004541635513,0.003276821691542864,0.022247573360800743,4,False,0.6685965657234192,6.28
side,7.3,0,0.30333200097084045,4.609611511230469,-0.5216817855834961,0.08093996345996857,0.0032907845452427864,0.022249901667237282,4,False,0.6685969829559326,6.3
side,7.32,0,0.3033320903778076,4.6097517013549805,-0.5216916799545288,0.08094242215156555,0.0032824911177158356,0.02217540517449379,4,False,0.6685968041419983,6.32
side,7.34,0,0.30333220958709717,4.609743595123291,-0.5218040943145752,0.08094248920679092,0.0032907372806221247,0.02226421795785427,4,False,0.6685968041419983,6.34
side,7.36,0,0.30333220958709717,4.609604835510254,-0.5218214392662048,0.0809401273727417,0.0032887726556509733,0.022320594638586044,4,False,0.6685946583747864,6.36
side,7.38,0,0.3033325970172882,4.609417915344238,-0.5218430161476135,0.08093693107366562,0.003310396336019039,0.022309260442852974,4,False,0.6685957908630371,6.38
side,7.4,0,0.30333277583122253,4.609555244445801,-0.5218591690063477,0.08093933761119843,0.0032883835956454277,0.022136887535452843,4,False,0.6685957312583923,6.4
side,7.42,0,0.3033326268196106,4.609519958496094,-0.5219271183013916,0.08093886077404022,0.0032996898517012596,0.022422943264245987,4,False,0.6685940027236938,6.42
side,7.44,0,0.3033328354358673,4.609539985656738,-0.5219507813453674,0.08093925565481186,0.003289550542831421,0.021994516253471375,4,False,0.6685957908630371,6.44
side,7.46,0,0.303332656621933,4.609550476074219,-0.5219196677207947,0.08093937486410141,0.003276614937931299,0.022078605368733406,4,False,0.6685953140258789,6.46
side,7.48,0,0.3033325970172882,4.609643936157227,-0.5220984816551208,0.0809413492679596,0.0033180646132677794,0.022435320541262627,4,False,0.6685931086540222,6.48
side,7.5,0,0.30333295464515686,4.609801769256592,-0.5220749974250793,0.08094402402639389,0.003321838565170765,0.021651696413755417,4,False,0.6685951352119446,6.5
side,7.5200000000000005,0,0.303332656621933,4.6093573570251465,-0.522087037563324,0.08093634992837906,0.0033203994389623404,0.02181852236390114,4,False,0.6685943603515625,6.5200000000000005
side,7.54,0,0.3033321797847748,4.609068393707275,-0.5221189260482788,0.0809314101934433,0.003343813819810748,0.021605875343084335,4,False,0.6685912609100342,6.54
side,7.5600000000000005,0,0.30333206057548523,4.609350681304932,-0.5220471024513245,0.08093616366386414,0.0033729325514286757,0.021391084417700768,4,False,0.6685889959335327,6.5600000000000005
side,7.58,0,0.30333212018013,4.60976505279541,-0.5220169425010681,0.0809432864189148,0.0033924696035683155,0.021470807492733,4,False,0.668592631816864,6.58
side,7.6000000000000005,0,0.30333176255226135,4.610480308532715,-0.5218221545219421,0.08095528930425644,0.0033249298576265574,0.02128853276371956,4,False,0.6685917377471924,6.6000000000000005
side,7.62,0,0.30333206057548523,4.6111836433410645,-0.5217939615249634,0.08096742630004883,0.003346313489601016,0.02189675159752369,4,False,0.6685924530029297,6.62
side,7.640000000000001,0,0.30333229899406433,4.611518383026123,-0.5215438604354858,0.08097274601459503,0.0032656576950103045,0.021803520619869232,4,False,0.6685948371887207,6.640000000000001
side,7.66,0,0.3033321499824524,4.6117634773254395,-0.5212110877037048,0.08097634464502335,0.003251775400713086,0.021909233182668686,4,False,0.6685947179794312,6.66
side,7.68,0,0.30333247780799866,4.611536502838135,-0.5212122797966003,0.08097241073846817,0.0032891929149627686,0.02270396240055561,4,False,0.6685951948165894,6.68
side,7.7,0,0.303332656621933,4.611308574676514,-0.5210811495780945,0.0809682086110115,0.0032197500113397837,0.02215866930782795,4,False,0.6685974597930908,6.7
side,7.72,0,0.3033325970172882,4.610756874084473,-0.5208892822265625,0.0809582769870758,0.0032340032048523426,0.022629419341683388,4,False,0.6685958504676819,6.72
side,7.74,0,0.30333295464515686,4.610240936279297,-0.5208731889724731,0.08094929903745651,0.0032534494530409575,0.022539006546139717,4,False,0.6685996651649475,6.74
side,7.76,0,0.3033335208892822,4.610332489013672,-0.5205795168876648,0.08095031976699829,0.0032135453075170517,0.02217807061970234,4,False,0.668601393699646,6.76
side,7.78,0,0.30333375930786133,4.609793663024902,-0.520826518535614,0.08094146102666855,0.003253200091421604,0.0230631772428751,4,False,0.6685956716537476,6.78
side,7.8,0,0.30333417654037476,4.609539031982422,-0.521108865737915,0.08093760162591934,0.0032261707819998264,0.022296680137515068,4,False,0.6685990691184998,6.8
side,7.82,0,0.30333399772644043,4.609739780426025,-0.521385908126831,0.08094161748886108,0.00322362850420177,0.022311503067612648,4,False,0.6685951352119446,6.82
side,7.84,0,0.30333369970321655,4.609677791595459,-0.5216380953788757,0.08094102889299393,0.003233198542147875,0.022336354479193687,4,False,0.668595552444458,6.84
side,7.86,0,0.30333366990089417,4.609630107879639,-0.5217095613479614,0.08094034343957901,0.0032615228556096554,0.022319339215755463,4,False,0.6685949563980103,6.86
side,7.88,0,0.3033338785171509,4.609911918640137,-0.5219935178756714,0.08094578236341476,0.003270287299528718,0.022298472002148628,4,False,0.6685919165611267,6.88
side,7.9,0,0.30333390831947327,4.609920501708984,-0.5220679640769958,0.08094607293605804,0.0032453194726258516,0.02204081602394581,4,False,0.6685917973518372,6.9
side,7.92,0,0.30333399772644043,4.609863758087158,-0.522122323513031,0.0809452012181282,0.003279808908700943,0.02227061614394188,4,False,0.6685909628868103,6.92
side,7.94,0,0.3033340275287628,4.609968185424805,-0.5222073197364807,0.08094716817140579,0.003264351049438119,0.0221817996352911,4,False,0.6685909032821655,6.94
side,7.96,0,0.3033338189125061,4.609856128692627,-0.5220310688018799,0.08094488829374313,0.0032527244184166193,0.022111674770712852,4,False,0.6685920357704163,6.96
side,7.98,0,0.3033338785171509,4.609874725341797,-0.5218881368637085,0.08094492554664612,0.003292376408353448,0.0217973031103611,4,False,0.6685931086540222,6.98
side,8.0,0,0.3033338487148285,4.6097893714904785,-0.521837055683136,0.08094335347414017,0.003257004078477621,0.022428426891565323,4,False,0.6685932874679565,7.0
side,8.02,0,0.30333346128463745,4.609315872192383,-0.5216899514198303,0.08093485981225967,0.0032637412659823895,0.022380119189620018,4,False,0.6685916781425476,7.0200000000000005
side,8.040000000000001,0,0.3033335208892822,4.609442710876465,-0.5216310024261475,0.08093694597482681,0.0032653738744556904,0.02204068750143051,4,False,0.6685950756072998,7.04
side,8.06,0,0.30333349108695984,4.609645843505859,-0.5217013955116272,0.0809406116604805,0.003266520332545042,0.02235906943678856,4,False,0.6685941815376282,7.0600000000000005
side,8.08,0,0.30333346128463745,4.609673976898193,-0.52182936668396,0.080941341817379,0.0032693680841475725,0.022261619567871094,4,False,0.668593168258667,7.08
side,8.1,0,0.30333349108695984,4.609564304351807,-0.5218372344970703,0.08093944936990738,0.0032688563223928213,0.022228246554732323,4,False,0.6685932278633118,7.1000000000000005
side,8.120000000000001,0,0.30333349108695984,4.609642505645752,-0.5218153595924377,0.08094076812267303,0.0032758181914687157,0.022217564284801483,4,False,0.66859370470047,7.12
side,8.14,0,0.3033335506916046,4.60963249206543,-0.5218673944473267,0.08094069361686707,0.003268373431637883,0.022190360352396965,4,False,0.6685936450958252,7.140000000000001
side,8.16,0,0.3033335506916046,4.609539985656738,-0.5218600630760193,0.08093907684087753,0.003276677103713155,0.022319285199046135,4,False,0.6685929298400879,7.16
side,8.18,0,0.30333366990089417,4.609636306762695,-0.521804928779602,0.08094064891338348,0.0032745404168963432,0.022081302478909492,4,False,0.6685938239097595,7.18
side,8.2,0,0.30333372950553894,4.609608173370361,-0.5217918157577515,0.0809401199221611,0.003281608922407031,0.022331830114126205,4,False,0.6685928106307983,7.2
side,8.22,0,0.3033338785171509,4.609752655029297,-0.521826982498169,0.08094269037246704,0.003270443994551897,0.022176502272486687,4,False,0.6685917973518372,7.22
side,8.24,0,0.30333393812179565,4.609836578369141,-0.521955132484436,0.08094440400600433,0.003289771033450961,0.022348769009113312,4,False,0.6685934662818909,7.24
side,8.26,0,0.30333396792411804,4.609935283660889,-0.5220422148704529,0.08094627410173416,0.0032737774308770895,0.022226521745324135,4,False,0.6685914397239685,7.26
side,8.28,0,0.3033340871334076,4.609948635101318,-0.5221661925315857,0.08094674348831177,0.0032932159956544638,0.02230668254196644,4,False,0.6685909628868103,7.28
side,8.3,0,0.3033340871334076,4.609827041625977,-0.5222232937812805,0.08094476163387299,0.0032851314172148705,0.022241419181227684,4,False,0.6685900688171387,7.3
side,8.32,0,0.30333399772644043,4.6098856925964355,-0.5221360921859741,0.08094559609889984,0.0032766947988420725,0.022044310346245766,4,False,0.6685909628868103,7.32
side,8.34,0,0.30333393812179565,4.609790325164795,-0.5221081376075745,0.08094389736652374,0.0032739269081503153,0.0221974216401577,4,False,0.6685920357704163,7.34
side,8.36,0,0.3033340275287628,4.6097846031188965,-0.5218932628631592,0.08094337582588196,0.0032812210265547037,0.02167688123881817,4,False,0.6685927510261536,7.36
side,8.38,0,0.30333396792411804,4.609861373901367,-0.521761417388916,0.08094445616006851,0.0032602017745375633,0.022307412698864937,4,False,0.6685953140258789,7.38
side,8.4,0,0.30333366990089417,4.6094160079956055,-0.5217741131782532,0.08093676716089249,0.003266887040808797,0.022380808368325233,4,False,0.6685922145843506,7.4
side,8.42,0,0.30333343148231506,4.60943603515625,-0.5216719508171082,0.08093690872192383,0.0032599300611764193,0.02203519642353058,4,False,0.6685936450958252,7.42
side,8.44,0,0.3033333718776703,4.609539031982422,-0.5216634273529053,0.0809386745095253,0.003272587899118662,0.022230450063943863,4,False,0.6685962677001953,7.44
side,8.46,0,0.3033328652381897,4.609555244445801,-0.5216530561447144,0.08093893527984619,0.003256718162447214,0.02214553765952587,4,False,0.6685934066772461,7.46
side,8.48,0,0.30333274602890015,4.609537124633789,-0.5215848088264465,0.08093848824501038,0.003275810508057475,0.022196196019649506,4,False,0.6685954928398132,7.48
side,8.5,0,0.30333253741264343,4.609740257263184,-0.5217406153678894,0.0809423178434372,0.003279775381088257,0.022376084700226784,4,False,0.6685957312583923,7.5
side,8.52,0,0.3033323585987091,4.609710216522217,-0.52177894115448,0.08094187080860138,0.003290145192295313,0.022386541590094566,4,False,0.6685933470726013,7.5200000000000005
side,8.540000000000001,0,0.303332656621933,4.609622955322266,-0.5217341780662537,0.08094026148319244,0.003280908102169633,0.02217726595699787,4,False,0.6685962677001953,7.54
side,8.56,0,0.3033325970172882,4.609738826751709,-0.5216743350028992,0.08094216138124466,0.0032641931902617216,0.02212340570986271,4,False,0.6685967445373535,7.5600000000000005
side,8.58,0,0.30333274602890015,4.609799385070801,-0.521812379360199,0.08094348013401031,0.0032919449731707573,0.022298909723758698,4,False,0.66859370470047,7.58
side,8.6,0,0.30333298444747925,4.609774589538574,-0.5219078660011292,0.08094323426485062,0.0032821600325405598,0.0222987812012434,4,False,0.6685954332351685,7.6000000000000005
side,8.620000000000001,0,0.30333295464515686,4.609933853149414,-0.5221586227416992,0.08094648271799088,0.0032928569708019495,0.022310569882392883,4,False,0.6685925126075745,7.62
side,8.64,0,0.30333343148231506,4.6096038818359375,-0.5221753120422363,0.08094079792499542,0.003313906490802765,0.022371681407094002,4,False,0.6685913801193237,7.640000000000001
side,8.66,0,0.30333372950553894,4.609719753265381,-0.5221182703971863,0.08094269037246704,0.003280458739027381,0.02201004885137081,4,False,0.668593168258667,7.66
side,8.68,0,0.3033336102962494,4.609822750091553,-0.5221933126449585,0.08094462007284164,0.003292638808488846,0.022302336990833282,4,False,0.6685922145843506,7.68
side,8.700000000000001,0,0.3033335506916046,4.609631538391113,-0.5221753120422363,0.08094127476215363,0.003283711150288582,0.02217726595699787,4,False,0.668592095375061,7.7
side,8.72,0,0.30333343148231506,4.609684944152832,-0.5219811797142029,0.0809418112039566,0.0032913899049162865,0.022049792110919952,4,False,0.6685930490493774,7.72
side,8.74,0,0.303333580493927,4.609605312347412,-0.5220532417297363,0.08094058185815811,0.0033035085070878267,0.022287992760539055,4,False,0.6685927510261536,7.74
side,8.76,0,0.3033333122730255,4.609486103057861,-0.5219206213951111,0.08093826472759247,0.0032602951396256685,0.02194889262318611,4,False,0.6685939431190491,7.76
side,8.78,0,0.3033328056335449,4.609588623046875,-0.5217011570930481,0.08093961328268051,0.0032776573207229376,0.02202119678258896,4,False,0.6685932874679565,7.78
side,8.8,0,0.30333298444747925,4.609561443328857,-0.5218520164489746,0.08093942701816559,0.0033035343512892723,0.022365015000104904,4,False,0.6685948371887207,7.8
side,8.82,0,0.30333274602890015,4.609578609466553,-0.5217930674552917,0.08093962073326111,0.0032628504559397697,0.021959027275443077,4,False,0.6685952544212341,7.82
side,8.84,0,0.3033324182033539,4.609593391418457,-0.5216975212097168,0.08093968778848648,0.003280508564785123,0.022167570888996124,4,False,0.6685949563980103,7.84
side,8.86,0,0.30333223938941956,4.6096649169921875,-0.52181077003479,0.08094114065170288,0.003290829947218299,0.022243687883019447,4,False,0.6685962677001953,7.86
side,8.88,0,0.30333200097084045,4.609574794769287,-0.5217915177345276,0.08093955367803574,0.0032860585488379,0.022263813763856888,4,False,0.6685959100723267,7.88
side,8.9,0,0.30333173274993896,4.609612464904785,-0.5216872096061707,0.08094000071287155,0.003275802591815591,0.022055072709918022,4,False,0.6685958504676819,7.9
side,8.92,0,0.30333176255226135,4.609436988830566,-0.5216302275657654,0.08093683421611786,0.003296377370133996,0.022381342947483063,4,False,0.6685976386070251,7.92
side,8.94,0,0.30333155393600464,4.609531879425049,-0.5215115547180176,0.08093824982643127,0.0032808843534439802,0.022133124992251396,4,False,0.6685992479324341,7.94
side,8.96,0,0.30333155393600464,4.6096906661987305,-0.5216788053512573,0.0809413343667984,0.003295706817880273,0.02234886959195137,4,False,0.6685962677001953,7.96
side,8.98,0,0.3033318519592285,4.609646320343018,-0.5217503309249878,0.08094070851802826,0.003302528988569975,0.02232958935201168,4,False,0.6685971617698669,7.98
side,9.0,0,0.3033320903778076,4.60982084274292,-0.5219075679779053,0.08094403147697449,0.00328968558460474,0.02218814194202423,4,False,0.6685948371887207,8.0
side,9.02,0,0.3033323884010315,4.609766006469727,-0.5219640135765076,0.08094319701194763,0.0032891936134546995,0.022188210859894753,4,False,0.6685954928398132,8.02
side,9.040000000000001,0,0.30333250761032104,4.610091686248779,-0.5218973159790039,0.08094871789216995,0.0032773802522569895,0.02147568389773369,4,False,0.6685976982116699,8.040000000000001
side,9.06,0,0.30333229899406433,4.60952615737915,-0.5220063924789429,0.08093912154436111,0.003328487277030945,0.022114086896181107,4,False,0.6685911417007446,8.06
side,9.08,0,0.3033324182033539,4.6090898513793945,-0.5221547484397888,0.08093184977769852,0.0033663325011730194,0.02167336270213127,4,False,0.66859370470047,8.08
side,9.1,0,0.3033318817615509,4.609573841094971,-0.5219926238059998,0.08093992620706558,0.00332990032620728,0.02121317759156227,4,False,0.6685916781425476,8.1
side,9.120000000000001,0,0.30333152413368225,4.610029697418213,-0.5219056010246277,0.08094765245914459,0.0033771004527807236,0.02143225073814392,4,False,0.6685903668403625,8.120000000000001
side,9.14,0,0.30333200097084045,4.610666275024414,-0.5217068791389465,0.0809582844376564,0.0033707781694829464,0.021223347634077072,4,False,0.668592095375061,8.14
side,9.16,0,0.3033324182033539,4.610921859741211,-0.5214570164680481,0.08096224069595337,0.0033025031443685293,0.021933436393737793,4,False,0.6685949563980103,8.16
side,9.18,0,0.30333220958709717,4.611208438873291,-0.5212485790252686,0.08096679300069809,0.0032760638277977705,0.021989230066537857,4,False,0.6685948371887207,8.18
side,9.200000000000001,0,0.30333226919174194,4.611373424530029,-0.5210587382316589,0.08096928894519806,0.003252027090638876,0.022099489346146584,4,False,0.6685967445373535,8.2
side,9.22,0,0.303332656621933,4.6112189292907715,-0.5208882093429565,0.0809662789106369,0.003274947637692094,0.022522903978824615,4,False,0.6685963869094849,8.22
side,9.24,0,0.3033331036567688,4.610947132110596,-0.5209522247314453,0.0809616968035698,0.0032507881987839937,0.02256225235760212,4,False,0.668596625328064,8.24
side,9.26,0,0.30333349108695984,4.610398292541504,-0.5209245681762695,0.08095212280750275,0.0032304024789482355,0.022374631837010384,4,False,0.6685973405838013,8.26
side,9.28,0,0.3033340275287628,4.609968662261963,-0.5211540460586548,0.08094513416290283,0.0032691657543182373,0.022740911692380905,4,False,0.6685968041419983,8.28
side,9.3,0,0.3033340573310852,4.610029697418213,-0.5213925838470459,0.0809466615319252,0.0032270026858896017,0.02237599901854992,4,False,0.6685931086540222,8.3
side,9.32,0,0.30333393812179565,4.609780788421631,-0.521470844745636,0.08094249665737152,0.0032328597735613585,0.022244984284043312,4,False,0.6685952544212341,8.32
side,9.34,0,0.3033336102962494,4.609713077545166,-0.5215482115745544,0.08094146847724915,0.003240102669224143,0.022268952801823616,4,False,0.6685951948165894,8.34
side,9.36,0,0.3033333420753479,4.609796047210693,-0.5216678380966187,0.08094314485788345,0.0032463769894093275,0.022229494526982307,4,False,0.668594241142273,8.36
side,9.38,0,0.3033332824707031,4.609750270843506,-0.5218503475189209,0.08094269782304764,0.003274652874097228,0.022533636540174484,4,False,0.6685927510261536,8.38
side,9.4,0,0.3033331334590912,4.609822750091553,-0.5218101739883423,0.08094387501478195,0.0032378481701016426,0.021996011957526207,4,False,0.6685957312583923,8.4
side,9.42,0,0.30333301424980164,4.609850883483887,-0.5217918157577515,0.08094432950019836,0.0032782985363155603,0.022405339404940605,4,False,0.6685926914215088,8.42
side,9.44,0,0.3033328652381897,4.609837532043457,-0.5218344330787659,0.08094418048858643,0.0032631224021315575,0.022307733073830605,4,False,0.6685937643051147,8.44
side,9.46,0,0.3033325970172882,4.61004638671875,-0.5217797756195068,0.08094769716262817,0.003250999143347144,0.022204427048563957,4,False,0.6685930490493774,8.46
side,9.48,0,0.3033328950405121,4.610222816467285,-0.5217052102088928,0.08095060288906097,0.0032696276903152466,0.0216481052339077,4,False,0.6685975193977356,8.48
side,9.5,0,0.3033332824707031,4.610391616821289,-0.5215635895729065,0.08095325529575348,0.003259384073317051,0.02254633419215679,4,False,0.6685956120491028,8.5
side,9.52,0,0.3033335208892822,4.609753608703613,-0.5218658447265625,0.0809427872300148,0.0032844876404851675,0.022726844996213913,4,False,0.6685931086540222,8.52
side,9.540000000000001,0,0.303333580493927,4.609247207641602,-0.5216577053070068,0.08093361556529999,0.0032320404425263405,0.02188410423696041,4,False,0.6685971617698669,8.540000000000001
side,9.56,0,0.30333301424980164,4.609548568725586,-0.5215137004852295,0.08093854784965515,0.0032537744846194983,0.022146787494421005,4,False,0.6685945987701416,8.56
side,9.58,0,0.3033328652381897,4.6096882820129395,-0.521716296672821,0.08094137161970139,0.0032672856468707323,0.022353341802954674,4,False,0.6685941219329834,8.58
side,9.6,0,0.303332656621933,4.60956335067749,-0.5216876268386841,0.0809391438961029,0.0032534205820411444,0.022163521498441696,4,False,0.6685954928398132,8.6
side,9.620000000000001,0,0.3033326268196106,4.609694480895996,-0.5216904878616333,0.08094142377376556,0.0032781632617115974,0.02221359685063362,4,False,0.6685965657234192,8.620000000000001
side,9.64,0,0.30333298444747925,4.609928607940674,-0.521523118019104,0.08094516396522522,0.003264577826485038,0.022029301151633263,4,False,0.668599009513855,8.64
side,9.66,0,0.3033328950405121,4.609810829162598,-0.5215321779251099,0.08094312995672226,0.0032695974223315716,0.021664399653673172,4,False,0.6685975193977356,8.66
side,9.68,0,0.3033328652381897,4.608948707580566,-0.5217204093933105,0.08092855662107468,0.0033360901288688183,0.02241634577512741,4,False,0.6685935854911804,8.68
side,9.700000000000001,0,0.30333274602890015,4.608811855316162,-0.521826446056366,0.08092639595270157,0.003316909773275256,0.02137504518032074,4,False,0.6685924530029297,8.700000000000001
side,9.72,0,0.3033321499824524,4.609524726867676,-0.5217913389205933,0.0809386745095253,0.003320774296298623,0.021151797845959663,4,False,0.6685928106307983,8.72
side,9.74,0,0.30333179235458374,4.60996675491333,-0.5219146609306335,0.08094657957553864,0.003368943464010954,0.02171405963599682,4,False,0.6685916781425476,8.74
side,9.76,0,0.30333173274993896,4.610320568084717,-0.5219933986663818,0.08095285296440125,0.003366489429026842,0.021450383588671684,4,False,0.6685923337936401,8.76
side,9.78,0,0.3033316135406494,4.610696792602539,-0.5218291878700256,0.08095905929803848,0.0033530385699123144,0.021259255707263947,4,False,0.6685922741889954,8.78
side,9.8,0,0.30333149433135986,4.610959053039551,-0.5215886831283569,0.080963134765625,0.003357595531269908,0.021428361535072327,4,False,0.6685916185379028,8.8
side,9.82,0,0.3033316135406494,4.6113433837890625,-0.5215189456939697,0.0809696689248085,0.003343961201608181,0.02135205641388893,4,False,0.6685962677001953,8.82
side,9.84,0,0.3033312261104584,4.611451148986816,-0.5212035775184631,0.08097091317176819,0.003322169417515397,0.021540509536862373,4,False,0.6685909032821655,8.84
side,9.86,0,0.3033318519592285,4.611451148986816,-0.5210009813308716,0.08097051829099655,0.0033548667561262846,0.02165713906288147,4,False,0.6685952544212341,8.86
side,9.88,0,0.30333226919174194,4.611649990081787,-0.5207889080047607,0.0809735506772995,0.003304179757833481,0.021457480266690254,4,False,0.6685962677001953,8.88
side,9.9,0,0.30333271622657776,4.611578464508057,-0.5207787752151489,0.08097229897975922,0.0033315906766802073,0.021847793832421303,4,False,0.6685944199562073,8.9
side,9.92,0,0.3033331632614136,4.611654281616211,-0.5207772254943848,0.08097360283136368,0.0032993480563163757,0.021573293954133987,4,False,0.6685940027236938,8.92
side,9.94,0,0.3033333718776703,4.611542701721191,-0.5206964612007141,0.08097152411937714,0.003292475827038288,0.021663350984454155,4,False,0.6685948967933655,8.94
side,9.96,0,0.3033336400985718,4.611746788024902,-0.5206784605979919,0.0809750184416771,0.003288415726274252,0.02192206308245659,4,False,0.6685940027236938,8.96
side,9.98,0,0.30333468317985535,4.612364292144775,-0.520503580570221,0.08098537474870682,0.0032741851173341274,0.021602829918265343,4,False,0.668595552444458,8.98
side,10.0,0,0.3033350110054016,4.612070083618164,-0.5207349061965942,0.08098073303699493,0.0032638448756188154,0.022368891164660454,4,False,0.6685912013053894,9.0
side,10.02,0,0.3033354878425598,4.611306190490723,-0.5208891034126282,0.08096779137849808,0.0032632111106067896,0.02209066040813923,4,False,0.6685909032821655,9.02
side,10.040000000000001,0,0.30333632230758667,4.61159610748291,-0.5206260085105896,0.08097230643033981,0.0032485725823789835,0.021511225029826164,4,False,0.6685935854911804,9.040000000000001
side,10.06,0,0.30333665013313293,4.611143589019775,-0.5208468437194824,0.08096490055322647,0.0032616034150123596,0.02228190377354622,4,False,0.6685905456542969,9.06
side,10.08,0,0.30333685874938965,4.610165119171143,-0.5209707021713257,0.08094818890094757,0.0032849078997969627,0.022002754732966423,4,False,0.6685900092124939,9.08
side,10.1,0,0.30333688855171204,4.610136032104492,-0.5209029316902161,0.08094754070043564,0.003260174999013543,0.021408703178167343,4,False,0.6685898303985596,9.1
side,10.120000000000001,0,0.3033367097377777,4.610249042510986,-0.5210511684417725,0.08094979077577591,0.003303798381239176,0.021831605583429337,4,False,0.6685894131660461,9.120000000000001
side,10.14,0,0.3033367097377777,4.610009670257568,-0.5211514234542847,0.08094584196805954,0.0033108897041529417,0.021845905110239983,4,False,0.6685886979103088,9.14
side,10.16,0,0.3033364713191986,4.61052131652832,-0.5211493372917175,0.08095470070838928,0.0032953086774796247,0.02177567593753338,4,False,0.6685845255851746,9.16
side,10.18,0,0.3033367395401001,4.611135005950928,-0.5211707949638367,0.08096536993980408,0.003274360438808799,0.0220969058573246,4,False,0.6685881614685059,9.18
side,10.200000000000001,0,0.3033367693424225,4.611495018005371,-0.5211767554283142,0.0809716209769249,0.00323310773819685,0.022112976759672165,4,False,0.66858971118927,9.200000000000001
side,10.22,0,0.3033364713191986,4.6116228103637695,-0.5211355686187744,0.08097375929355621,0.0032163141295313835,0.022305170074105263,4,False,0.6685875058174133,9.22
side,10.24,0,0.30333656072616577,4.611201286315918,-0.5212827920913696,0.08096674084663391,0.0032371405977755785,0.022529251873493195,4,False,0.6685915589332581,9.24
side,10.26,0,0.30333638191223145,4.610724449157715,-0.521235466003418,0.08095838874578476,0.0032121343538165092,0.02244553156197071,4,False,0.6685906648635864,9.26
side,10.28,0,0.3033362329006195,4.61059045791626,-0.5212605595588684,0.0809561163187027,0.0032316958531737328,0.022498594596982002,4,False,0.6685899496078491,9.28
side,10.3,0,0.30333641171455383,4.610174655914307,-0.5213586091995239,0.0809490904211998,0.0032290800008922815,0.02256975695490837,4,False,0.6685910820960999,9.3
side,10.32,0,0.30333632230758667,4.609646320343018,-0.5213602185249329,0.08093995600938797,0.0032440628856420517,0.022611841559410095,4,False,0.6685901880264282,9.32
side,10.34,0,0.3033364415168762,4.609297275543213,-0.5212681889533997,0.08093371242284775,0.003218013094738126,0.022150279954075813,4,False,0.668593168258667,9.34
side,10.36,0,0.3033357560634613,4.609274387359619,-0.5212904810905457,0.08093336969614029,0.0032121494878083467,0.02220286801457405,4,False,0.6685912609100342,9.36
side,10.38,0,0.30333560705184937,4.60922908782959,-0.521630048751831,0.08093323558568954,0.003267483087256551,0.022494692355394363,4,False,0.6685921549797058,9.38
side,10.4,0,0.3033353090286255,4.609138488769531,-0.5217359066009521,0.0809318795800209,0.003249796573072672,0.0222149845212698,4,False,0.6685925722122192,9.4
side,10.42,0,0.3033349812030792,4.609301567077637,-0.5218484997749329,0.08093491941690445,0.003269628854468465,0.022299589589238167,4,False,0.6685920357704163,9.42
side,10.44,0,0.30333516001701355,4.609807014465332,-0.5217810273170471,0.08094355463981628,0.0032816524617373943,0.022059479728341103,4,False,0.668592631816864,9.44
side,10.46,0,0.3033350110054016,4.609679222106934,-0.5219780206680298,0.08094172179698944,0.003279341384768486,0.022699063643813133,4,False,0.668590784072876,9.46
side,10.48,0,0.3033345937728882,4.60952615737915,-0.5220683217048645,0.08093924075365067,0.0032717136200517416,0.02226429618895054,4,False,0.66858971118927,9.48
side,10.5,0,0.3033345341682434,4.60966682434082,-0.5221851468086243,0.08094190061092377,0.0032888557761907578,0.022203272208571434,4,False,0.6685906648635864,9.5
side,10.52,0,0.30333462357521057,4.609816551208496,-0.5220962166786194,0.08094432950019836,0.0033037038519978523,0.02175239846110344,4,False,0.6685922145843506,9.52
side,10.540000000000001,0,0.30333438515663147,4.609384059906006,-0.5222074389457703,0.08093705773353577,0.0033073413651436567,0.02176380343735218,4,False,0.6685917377471924,9.540000000000001
side,10.56,0,0.303333580493927,4.608944892883301,-0.5223046541213989,0.08092963695526123,0.0033609538804739714,0.02183970995247364,4,False,0.6685858964920044,9.56
side,10.58,0,0.30333349108695984,4.609238624572754,-0.5222859978675842,0.08093468844890594,0.003378936555236578,0.021401867270469666,4,False,0.6685870885848999,9.58
side,10.6,0,0.3033331036567688,4.60988187789917,-0.5221258401870728,0.08094550669193268,0.0033597606234252453,0.02108811028301716,4,False,0.6685904264450073,9.6
side,10.620000000000001,0,0.30333271622657776,4.6101603507995605,-0.5220523476600647,0.08095020055770874,0.003398231463506818,0.021746881306171417,4,False,0.6685876250267029,9.620000000000001
side,10.64,0,0.3033325672149658,4.6105146408081055,-0.5218954682350159,0.08095602691173553,0.003360331989824772,0.02122822031378746,4,False,0.6685904860496521,9.64
side,10.66,0,0.30333220958709717,4.6108551025390625,-0.5216142535209656,0.08096138387918472,0.0033702398650348186,0.021461382508277893,4,False,0.6685900092124939,9.66
side,10.68,0,0.3033323287963867,4.611428260803223,-0.5213883519172668,0.0809708833694458,0.0033386314753443003,0.021786198019981384,4,False,0.6685928106307983,9.68
side,10.700000000000001,0,0.30333244800567627,4.612105846405029,-0.5211644172668457,0.08098217844963074,0.0032949489541351795,0.021846337243914604,4,False,0.6685922741889954,9.700000000000001
side,10.72,0,0.3033325970172882,4.612355709075928,-0.5210097432136536,0.08098621666431427,0.003266117302700877,0.022116422653198242,4,False,0.6685978770256042,9.72
side,10.74,0,0.3033325970172882,4.6120734214782715,-0.5207043290138245,0.08098073303699493,0.0032225712202489376,0.02218647301197052,4,False,0.6685973405838013,9.74
side,10.76,0,0.303332656621933,4.6118011474609375,-0.5206062197685242,0.08097582310438156,0.0032273330725729465,0.022529039531946182,4,False,0.6685962677001953,9.76
side,10.78,0,0.30333295464515686,4.6112260818481445,-0.5205704569816589,0.0809657871723175,0.0032149581238627434,0.022530455142259598,4,False,0.6685997247695923,9.78
side,10.8,0,0.3033331036567688,4.610961437225342,-0.520537793636322,0.08096113801002502,0.003200425300747156,0.022250551730394363,4,False,0.6686012148857117,9.8
side,10.82,0,0.3033331036567688,4.6105570793151855,-0.5205896496772766,0.08095423877239227,0.0031836407724767923,0.022524220868945122,4,False,0.6685980558395386,9.82
side,10.84,0,0.3033333122730255,4.610095024108887,-0.5207961201667786,0.08094663172960281,0.003224295098334551,0.022639673203229904,4,False,0.6686000823974609,9.84
side,10.86,0,0.30333319306373596,4.609814167022705,-0.5208567976951599,0.08094187825918198,0.0031675295904278755,0.02206507883965969,4,False,0.6686007380485535,9.86
side,10.88,0,0.3033328056335449,4.6096978187561035,-0.5208045840263367,0.08093976229429245,0.003201465355232358,0.02230692096054554,4,False,0.6685969829559326,9.88
side,10.9,0,0.3033331632614136,4.609513759613037,-0.5211001038551331,0.08093715459108353,0.0032633519731462,0.022548852488398552,4,False,0.6685998439788818,9.9
side,10.92,0,0.3033333420753479,4.6094207763671875,-0.5214169025421143,0.08093614876270294,0.0032368332613259554,0.022495843470096588,4,False,0.6685971617698669,9.92
side,10.94,0,0.30333319306373596,4.609401702880859,-0.5215553641319275,0.08093608170747757,0.0032555991783738136,0.02235511504113674,4,False,0.6685950756072998,9.94
side,10.96,0,0.3033333122730255,4.609325408935547,-0.5216825008392334,0.08093500882387161,0.0032636141404509544,0.022321373224258423,4,False,0.668595552444458,9.96
side,10.98,0,0.3033332824707031,4.6092963218688965,-0.5217933058738708,0.08093472570180893,0.0032600676640868187,0.022216953337192535,4,False,0.668594241142273,9.98
side,11.0,0,0.30333325266838074,4.609297275543213,-0.5217651724815369,0.08093467354774475,0.0032585144508630037,0.022141527384519577,4,False,0.6685950756072998,10.0
fore_aft,0.02,0,0.7693880796432495,6.360990047454834,-36.41169357299805,0.6299946904182434,0.17284026741981506,1.3660691976547241,0,False,0.1793241798877716,0.0
fore_aft,0.04,0,0.7622307538986206,2.177593469619751,-36.314308166503906,0.6238550543785095,0.48637694120407104,3.8275623321533203,0,False,0.33580607175827026,0.0
fore_aft,0.06,0,0.7510480284690857,5.313056468963623,-37.04011917114258,0.6387115716934204,0.6096070408821106,3.257906198501587,0,False,0.4167812764644623,0.0
fore_aft,0.08,0,0.7364915013313293,4.601258277893066,-37.06605529785156,0.6382775902748108,0.7998842000961304,1.402785301208496,0,False,0.4719465374946594,0.0
fore_aft,0.1,0,0.7189123630523682,6.322535037994385,-36.8764762878418,0.6374832987785339,0.9432569146156311,1.2538790702819824,0,False,0.502177357673645,0.0
fore_aft,0.12,0,0.69754958152771,6.655040264129639,-35.68848419189453,0.6187435984611511,1.1871086359024048,1.4862463474273682,0,False,0.510256826877594,0.0
fore_aft,0.14,0,0.6716745495796204,6.1137800216674805,-34.74494934082031,0.6024401783943176,1.381490707397461,1.1641868352890015,0,False,0.5082672834396362,0.0
fore_aft,0.16,0,0.6416494250297546,6.571700572967529,-33.91550827026367,0.5897547602653503,1.601401925086975,0.9933381080627441,0,False,0.5146281123161316,0.0
fore_aft,0.18,0,0.6080275774002075,5.9102630615234375,-33.353431701660156,0.5793278813362122,1.745914340019226,0.9608997702598572,0,False,0.5161872506141663,0.0
fore_aft,0.2,0,0.5709896683692932,6.813171863555908,-32.93975830078125,0.5743597745895386,1.9315532445907593,0.9960352182388306,0,False,0.5186004638671875,0.0
fore_aft,0.22,0,0.5301992893218994,7.285828113555908,-32.62666320800781,0.5703310370445251,2.117307662963867,0.34862053394317627,0,False,0.5239925384521484,0.0
fore_aft,0.24,0,0.48540112376213074,8.050990104675293,-32.55485916137695,0.5710529088973999,2.3220794200897217,0.49743759632110596,1,False,0.5290811061859131,0.0
fore_aft,0.26,0,0.44009777903556824,9.720588684082031,-31.315269470214844,0.556208610534668,2.2069575786590576,2.6948728561401367,2,False,0.5113451480865479,0.0
fore_aft,0.28,0,0.39897727966308594,8.72610855102539,-27.096261978149414,0.4857030212879181,2.105055570602417,4.632511138916016,2,False,0.5106478333473206,0.0
fore_aft,0.3,0,0.35936328768730164,8.013825416564941,-21.760894775390625,0.39774298667907715,2.087099552154541,4.986566543579102,2,False,0.5142374634742737,0.0
fore_aft,0.32,0,0.319903165102005,7.341244697570801,-16.059871673583984,0.30432942509651184,2.0945098400115967,5.106873512268066,2,False,0.5279960632324219,0.0
fore_aft,0.34,0,0.28182414174079895,8.547311782836914,-11.46377182006836,0.24662232398986816,1.863603115081787,4.4347405433654785,3,False,0.5282161235809326,0.0
fore_aft,0.36,0,0.24896034598350525,9.888020515441895,-8.77886962890625,0.22830435633659363,1.5846730470657349,2.63519549369812,4,False,0.5574859976768494,0.0
fore_aft,0.38,0,0.22496241331100464,8.872763633728027,-6.701103687286377,0.19265292584896088,1.0004651546478271,4.152416706085205,4,False,0.6234478950500488,0.0
fore_aft,0.4,0,0.2093651443719864,11.39177417755127,-6.0785813331604,0.22360149025917053,0.5986554622650146,4.333593368530273,4,False,0.6684718728065491,0.0
fore_aft,0.42,0,0.20581333339214325,13.053339004516602,-4.926637172698975,0.24189338088035583,0.12537993490695953,1.0445126295089722,4,False,0.6893296241760254,0.0
fore_aft,0.44,0,0.20820237696170807,13.366044998168945,-5.851142883300781,0.25253453850746155,0.2649312913417816,1.334342360496521,4,False,0.6983211636543274,0.0
fore_aft,0.46,0,0.21324265003204346,12.064065933227539,-6.810374736785889,0.23952966928482056,0.3631041646003723,1.5275465250015259,3,False,0.7093671560287476,0.0
fore_aft,0.48,0,0.21881215274333954,11.124561309814453,-7.487589359283447,0.2317282259464264,0.37379950284957886,0.7175931334495544,3,False,0.7033337950706482,0.0
fore_aft,0.5,0,0.22442393004894257,10.932210922241211,-7.909552574157715,0.23305462300777435,0.36924973130226135,0.31983083486557007,3,False,0.6970192193984985,0.0
fore_aft,0.52,0,0.22983068227767944,10.716404914855957,-8.051641464233398,0.23149998486042023,0.35800325870513916,0.22051794826984406,3,False,0.691409170627594,0.0
fore_aft,0.54,0,0.23481526970863342,10.394567489624023,-7.977658748626709,0.2263837456703186,0.33191707730293274,0.2930101454257965,3,False,0.6890510320663452,0.0
fore_aft,0.56,0,0.23930072784423828,10.061461448669434,-7.872626781463623,0.22081556916236877,0.2981601357460022,0.28921547532081604,3,False,0.6895167231559753,0.0
fore_aft,0.58,0,0.2433243691921234,9.838146209716797,-7.876410484313965,0.21786823868751526,0.2663467824459076,0.23380787670612335,3,False,0.6905267238616943,0.0
fore_aft,0.6,0,0.24694715440273285,9.679017066955566,-8.002429962158203,0.21710187196731567,0.2430247664451599,0.2626689076423645,3,False,0.6912646293640137,0.0
fore_aft,0.62,0,0.2502082884311676,9.525999069213867,-8.204211235046387,0.2173025757074356,0.2266429215669632,0.3068794906139374,3,False,0.6919668912887573,0.0
fore_aft,0.64,0,0.25308069586753845,9.305608749389648,-8.415655136108398,0.21685269474983215,0.21586240828037262,0.35243937373161316,2,False,0.6941185593605042,0.0
fore_aft,0.66,0,0.25555533170700073,9.067221641540527,-8.663252830505371,0.21673692762851715,0.20799805223941803,0.40383103489875793,3,False,0.6963333487510681,0.0
fore_aft,0.68,0,0.2576761841773987,8.988097190856934,-8.98966121673584,0.21964050829410553,0.20591038465499878,0.450945645570755,3,False,0.6974442005157471,0.0
fore_aft,0.7000000000000001,0,0.25904157757759094,9.166552543640137,-9.510498046875,0.22804488241672516,0.16628946363925934,0.811238706111908,3,False,0.6923993825912476,0.0
fore_aft,0.72,0,0.2596975564956665,9.201532363891602,-10.230289459228516,0.2373586893081665,0.13999249041080475,0.8573781251907349,3,False,0.6872001886367798,0.0
fore_aft,0.74,0,0.2602762281894684,9.11024284362793,-10.937849044799805,0.24541369080543518,0.16001945734024048,0.7295373678207397,3,False,0.6840710639953613,0.0
fore_aft,0.76,0,0.26072022318840027,9.220282554626465,-11.605158805847168,0.2553289830684662,0.1678811013698578,0.8189481496810913,3,False,0.6817525029182434,0.0
fore_aft,0.78,0,0.26134222745895386,9.672550201416016,-12.118420600891113,0.2667703926563263,0.15505708754062653,1.1229363679885864,3,False,0.6802090406417847,0.0
fore_aft,0.8,0,0.2626725733280182,9.92320728302002,-12.330826759338379,0.2721475064754486,0.11727004498243332,0.4937492609024048,2,False,0.6766490936279297,0.0
fore_aft,0.8200000000000001,0,0.2638687193393707,9.932252883911133,-12.523638725280762,0.2747766673564911,0.09181362390518188,0.55298912525177,3,False,0.672554075717926,0.0
fore_aft,0.84,0,0.2652793824672699,9.629151344299316,-12.768248558044434,0.27499404549598694,0.08782104402780533,0.5943709015846252,3,False,0.6699391603469849,0.0
fore_aft,0.86,0,0.2667542099952698,9.234848976135254,-13.022896766662598,0.2746571898460388,0.08501879870891571,0.5520191192626953,3,False,0.6683080792427063,0.0
fore_aft,0.88,0,0.26799243688583374,8.912015914916992,-13.208824157714844,0.27424922585487366,0.08237486332654953,0.4708717465400696,3,False,0.6663849353790283,0.0
fore_aft,0.9,0,0.2690787613391876,8.727462768554688,-13.381101608276367,0.27502259612083435,0.08182092756032944,0.4251214861869812,3,False,0.6643048524856567,0.0
fore_aft,0.92,0,0.27017858624458313,8.595100402832031,-13.574892044067383,0.2766270041465759,0.08147041499614716,0.3966483473777771,3,False,0.6628854274749756,0.0
fore_aft,0.9400000000000001,0,0.27125105261802673,8.45987606048584,-13.771868705749512,0.27830585837364197,0.07651183009147644,0.4031279981136322,3,False,0.6616491079330444,0.0
fore_aft,0.96,0,0.27225226163864136,8.251763343811035,-13.944313049316406,0.27907904982566833,0.07163587957620621,0.40990006923675537,3,False,0.6601629853248596,0.0
fore_aft,0.98,0,0.273192435503006,8.052811622619629,-14.10675048828125,0.27985623478889465,0.0692436620593071,0.39223918318748474,3,False,0.6585969924926758,0.0
fore_aft,1.0,0,0.27412790060043335,7.856381416320801,-14.272029876708984,0.28076595067977905,0.0681748166680336,0.37551698088645935,3,False,0.6575275659561157,0.0
fore_aft,1.02,0,0.2750375270843506,7.6701836585998535,-14.433794021606445,0.2817690670490265,0.06545647978782654,0.3738700747489929,3,False,0.6563353538513184,0.0
fore_aft,1.04,0,0.27589842677116394,7.4719624519348145,-14.580561637878418,0.28251969814300537,0.06302133947610855,0.3617459535598755,3,False,0.6552251577377319,0.0
fore_aft,1.06,0,0.2767105996608734,7.29258918762207,-14.721302032470703,0.28337523341178894,0.060469068586826324,0.34984931349754333,3,False,0.6539524793624878,0.0
fore_aft,1.08,0,0.2774946987628937,7.119035243988037,-14.854597091674805,0.28420954942703247,0.05869048461318016,0.33283644914627075,3,False,0.6528168320655823,0.0
fore_aft,1.1,0,0.278237909078598,6.962055206298828,-14.98252010345459,0.2851203680038452,0.055560626089572906,0.3231143057346344,3,False,0.6517215967178345,0.0
fore_aft,1.12,0,0.27894914150238037,6.7955427169799805,-15.100404739379883,0.2858535349369049,0.05270836502313614,0.31808212399482727,3,False,0.650636613368988,0.0
fore_aft,1.1400000000000001,0,0.27961838245391846,6.646171569824219,-15.212104797363281,0.28664034605026245,0.049676354974508286,0.2993136942386627,3,False,0.6496170163154602,0.0
fore_aft,1.16,0,0.28024423122406006,6.494815826416016,-15.310760498046875,0.28724393248558044,0.046816661953926086,0.2953720688819885,3,False,0.6485469341278076,0.0
fore_aft,1.18,0,0.28084078431129456,6.3544440269470215,-15.405750274658203,0.2878883183002472,0.04441561549901962,0.2715344727039337,3,False,0.6475485563278198,0.0
fore_aft,1.2,0,0.28141075372695923,6.210112571716309,-15.491259574890137,0.288387268781662,0.04109657183289528,0.2778760492801666,3,False,0.6465914845466614,0.0
fore_aft,1.22,0,0.2819381356239319,6.069825649261475,-15.567770004272461,0.28879377245903015,0.038102831691503525,0.2662482261657715,3,False,0.6456018686294556,0.0
fore_aft,1.24,0,0.2824380397796631,5.941697120666504,-15.639759063720703,0.2892211973667145,0.03574660047888756,0.24998131394386292,3,False,0.6448430418968201,0.0
fore_aft,1.26,0,0.2828933000564575,5.818359851837158,-15.701621055603027,0.2895333170890808,0.03334721922874451,0.24759747087955475,3,False,0.6439488530158997,0.0
fore_aft,1.28,0,0.28332090377807617,5.704179763793945,-15.75848388671875,0.28983259201049805,0.031523797661066055,0.22350381314754486,3,False,0.6432154774665833,0.0
fore_aft,1.3,0,0.28372204303741455,5.60380744934082,-15.812652587890625,0.2901766002178192,0.02929753251373768,0.22001363337039948,3,False,0.6425862908363342,0.0
fore_aft,1.32,0,0.28409114480018616,5.494746208190918,-15.855982780456543,0.2903130352497101,0.027223076671361923,0.21536877751350403,3,False,0.6418367028236389,0.0
fore_aft,1.34,0,0.2844533324241638,5.391356945037842,-15.90083122253418,0.29051628708839417,0.02586377039551735,0.20777353644371033,3,False,0.6411601901054382,0.0
fore_aft,1.36,0,0.2847960293292999,5.288524150848389,-15.940958023071289,0.29065775871276855,0.024379292502999306,0.1949809193611145,3,False,0.6405360102653503,0.0
fore_aft,1.3800000000000001,0,0.2850921154022217,5.197551727294922,-15.97036361694336,0.290693461894989,0.022214317694306374,0.19222702085971832,3,False,0.6397020816802979,0.0
fore_aft,1.4000000000000001,0,0.2853739261627197,5.111361980438232,-15.998373985290527,0.29073795676231384,0.021766455844044685,0.18390195071697235,3,False,0.6391115188598633,0.0
fore_aft,1.42,0,0.28564104437828064,5.046231746673584,-16.027875900268555,0.29091349244117737,0.020333729684352875,0.1580962836742401,3,False,0.6387690901756287,0.0
fore_aft,1.44,0,0.2858891487121582,4.964673042297363,-16.0496768951416,0.29089173674583435,0.018195942044258118,0.18088005483150482,3,False,0.6383334994316101,0.0
fore_aft,1.46,0,0.2861345112323761,4.873890399932861,-16.071186065673828,0.2908302843570709,0.018106577917933464,0.17771025002002716,3,False,0.6378830671310425,0.0
fore_aft,1.48,0,0.2863708436489105,4.805851459503174,-16.09606170654297,0.2909339368343353,0.018326612189412117,0.15825295448303223,3,False,0.6375139355659485,0.0
fore_aft,1.5,0,0.2865826189517975,4.750123023986816,-16.11897087097168,0.29106438159942627,0.0164033155888319,0.1604558378458023,3,False,0.6373072862625122,0.0
fore_aft,1.52,0,0.28674766421318054,4.703849792480469,-16.1343936920166,0.29111596941947937,0.012803546153008938,0.13967889547348022,3,False,0.6367840766906738,0.0
fore_aft,1.54,0,0.28690674901008606,4.645967483520508,-16.150714874267578,0.29113468527793884,0.012229833751916885,0.15815779566764832,3,False,0.6363589763641357,0.0
fore_aft,1.56,0,0.2870769500732422,4.588485240936279,-16.16765785217285,0.29116883873939514,0.013615931384265423,0.16017939150333405,3,False,0.635921835899353,0.0
fore_aft,1.58,0,0.28725728392601013,4.517974853515625,-16.184505462646484,0.2911502420902252,0.01160858292132616,0.1539784073829651,3,False,0.6357476115226746,0.0
fore_aft,1.6,0,0.28740063309669495,4.478514671325684,-16.20191764831543,0.29127442836761475,0.010439634323120117,0.1326572149991989,3,False,0.6354296207427979,0.0
fore_aft,1.62,0,0.2875164747238159,4.424750804901123,-16.206327438354492,0.29112595319747925,0.011787110939621925,0.16550010442733765,3,False,0.6349509358406067,0.0
fore_aft,1.6400000000000001,0,0.2876570522785187,4.376456260681152,-16.215818405151367,0.29108667373657227,0.012070858851075172,0.13638129830360413,3,False,0.6347885131835938,0.0
fore_aft,1.6600000000000001,0,0.28779536485671997,4.3578925132751465,-16.234241485595703,0.2913176715373993,0.0118175707757473,0.12664096057415009,3,False,0.6347595453262329,0.0
fore_aft,1.68,0,0.2879146635532379,4.3159637451171875,-16.240406036376953,0.29125189781188965,0.012265194207429886,0.14696486294269562,3,False,0.6345007419586182,0.0
fore_aft,1.7,0,0.2880304455757141,4.281675338745117,-16.247602462768555,0.29123520851135254,0.011092748492956161,0.1238723024725914,3,False,0.6342833638191223,0.0
fore_aft,1.72,0,0.2881465256214142,4.263814926147461,-16.26197624206543,0.29140380024909973,0.010793202556669712,0.13021999597549438,3,False,0.6339808702468872,0.0
fore_aft,1.74,0,0.2882763743400574,4.2119903564453125,-16.269607543945312,0.2913277745246887,0.0121665233746171,0.15197023749351501,3,False,0.6337732076644897,0.0
fore_aft,1.76,0,0.28841152787208557,4.174641132354736,-16.282211303710938,0.2913930118083954,0.011094341985881329,0.1317283809185028,3,False,0.6336696147918701,0.0
fore_aft,1.78,0,0.2885270416736603,4.155837059020996,-16.295785903930664,0.2915469706058502,0.011360537260770798,0.1251230090856552,3,False,0.6336104869842529,0.0
fore_aft,1.8,0,0.28863629698753357,4.131351470947266,-16.307390213012695,0.2916468381881714,0.012635712511837482,0.12755361199378967,3,False,0.6335269808769226,0.0
fore_aft,1.82,0,0.2887365221977234,4.118861198425293,-16.3195743560791,0.2918025851249695,0.011341195553541183,0.11605319380760193,3,False,0.6332597136497498,0.0
fore_aft,1.84,0,0.2888546586036682,4.059497356414795,-16.32794952392578,0.2917184829711914,0.009112118743360043,0.17412716150283813,3,False,0.6328286528587341,0.0
fore_aft,1.86,0,0.2890147864818573,3.9993622303009033,-16.34842872619629,0.29183727502822876,0.009699401445686817,0.15943703055381775,3,False,0.632828950881958,0.0
fore_aft,1.8800000000000001,0,0.2891428768634796,3.9823741912841797,-16.3709716796875,0.2921517789363861,0.011041566729545593,0.12618480622768402,3,False,0.6330233216285706,0.0
fore_aft,1.9000000000000001,0,0.2892201244831085,3.9685707092285156,-16.378252029418945,0.2922230064868927,0.012572920881211758,0.12111561745405197,3,False,0.63279789686203,0.0
fore_aft,1.92,0,0.28931501507759094,3.9598283767700195,-16.392486572265625,0.2924292981624603,0.012894661165773869,0.12570923566818237,3,False,0.6326612830162048,0.0
fore_aft,1.94,0,0.28944098949432373,3.9633421897888184,-16.42015838623047,0.29290515184402466,0.013099165633320808,0.12263157963752747,3,False,0.6328161954879761,0.0
fore_aft,1.96,0,0.2895113527774811,3.9851667881011963,-16.443126678466797,0.2933689057826996,0.012231549248099327,0.1030748188495636,3,False,0.6326103210449219,0.0
fore_aft,1.98,0,0.28956303000450134,3.947146415710449,-16.45826530456543,0.2934841513633728,0.010423989035189152,0.1570887267589569,3,False,0.6323155164718628,0.0
fore_aft,2.0,0,0.28963205218315125,3.8945462703704834,-16.47820472717285,0.29362934827804565,0.0072603789158165455,0.1743903011083603,3,False,0.6318754553794861,0.0
fore_aft,2.02,0,0.2897428572177887,3.8145194053649902,-16.50018882751465,0.2937158942222595,0.004205035977065563,0.1913572996854782,3,False,0.6318529844284058,0.0
fore_aft,2.04,0,0.289845734834671,3.757643938064575,-16.520360946655273,0.2938576936721802,0.005179072730243206,0.1575499325990677,3,False,0.6318177580833435,0.0
fore_aft,2.06,0,0.2899071276187897,3.7310545444488525,-16.53459358215332,0.29400578141212463,0.007466161623597145,0.13218143582344055,3,False,0.6318113803863525,0.0
fore_aft,2.08,0,0.28992852568626404,3.7195537090301514,-16.54083824157715,0.2940715551376343,0.008226508274674416,0.12265723198652267,3,False,0.6315715909004211,0.0
fore_aft,2.1,0,0.2899502217769623,3.7135517597198486,-16.547401428222656,0.29416146874427795,0.007033363915979862,0.12451136112213135,3,False,0.6313285827636719,0.0
fore_aft,2.12,0,0.28998517990112305,3.7025084495544434,-16.554636001586914,0.2942456901073456,0.006202752701938152,0.12835009396076202,3,False,0.6311684250831604,0.0
fore_aft,2.14,0,0.2900114357471466,3.696047067642212,-16.56048011779785,0.29432210326194763,0.0065114120952785015,0.12277299165725708,3,False,0.6310609579086304,0.0
fore_aft,2.16,0,0.29001134634017944,3.689802885055542,-16.560218811035156,0.2942967116832733,0.007409905083477497,0.12159067392349243,3,False,0.6309365630149841,0.0
fore_aft,2.18,0,0.28999558091163635,3.6839468479156494,-16.556461334228516,0.2942138910293579,0.007883778773248196,0.12283319979906082,3,False,0.6308011412620544,0.0
fore_aft,2.2,0,0.28998443484306335,3.6734352111816406,-16.55224609375,0.2941077649593353,0.00804991740733385,0.12820173799991608,3,False,0.630725622177124,0.0
fore_aft,2.22,0,0.2899782657623291,3.6632370948791504,-16.54811668395996,0.2940042018890381,0.00856766477227211,0.12546466290950775,3,False,0.630715548992157,0.0
fore_aft,2.24,0,0.28996309638023376,3.6591298580169678,-16.542266845703125,0.29389211535453796,0.009143413975834846,0.11872411519289017,3,False,0.6307239532470703,0.0
fore_aft,2.2600000000000002,0,0.289931982755661,3.6609179973602295,-16.53337287902832,0.29374855756759644,0.009669255465269089,0.11421551555395126,3,False,0.6307000517845154,0.0
fore_aft,2.2800000000000002,0,0.2898941934108734,3.665045976638794,-16.523029327392578,0.2935884892940521,0.009927683509886265,0.11400876194238663,3,False,0.630664587020874,0.0
fore_aft,2.3000000000000003,0,0.2898605465888977,3.6685311794281006,-16.513174057006836,0.2934345006942749,0.010058696381747723,0.11509869247674942,3,False,0.6306570768356323,0.0
fore_aft,2.32,0,0.2898300290107727,3.6727850437164307,-16.50384521484375,0.29329195618629456,0.010202806442975998,0.11368098855018616,3,False,0.6306808590888977,0.0
fore_aft,2.34,0,0.2897946536540985,3.6792690753936768,-16.493671417236328,0.29314279556274414,0.010311847552657127,0.11104210466146469,3,False,0.6307096481323242,0.0
fore_aft,2.36,0,0.2897529602050781,3.6874465942382812,-16.482507705688477,0.2929827570915222,0.010360972955822945,0.1100694090127945,3,False,0.6307243704795837,0.0
fore_aft,2.38,0,0.28971177339553833,3.6950080394744873,-16.471464157104492,0.29282277822494507,0.010251753963530064,0.11185681819915771,3,False,0.6307418346405029,0.0
fore_aft,2.4,0,0.289676308631897,3.7018253803253174,-16.461498260498047,0.29267844557762146,0.010088612325489521,0.11207712441682816,3,False,0.6307834386825562,0.0
fore_aft,2.42,0,0.2896443009376526,3.7094640731811523,-16.45236587524414,0.2925510108470917,0.00990039948374033,0.11079946905374527,3,False,0.6308448314666748,0.0
fore_aft,2.44,0,0.28961074352264404,3.7182164192199707,-16.443401336669922,0.2924302816390991,0.009721554815769196,0.10998190194368362,3,False,0.6308976411819458,0.0
fore_aft,2.46,0,0.28957679867744446,3.7275278568267822,-16.43464469909668,0.2923150658607483,0.009494803845882416,0.10952918976545334,3,False,0.630942702293396,0.0
fore_aft,2.48,0,0.28954702615737915,3.7359325885772705,-16.42681884765625,0.29221251606941223,0.009162350557744503,0.11071979254484177,3,False,0.6309896111488342,0.0
fore_aft,2.5,0,0.2895231544971466,3.743708610534668,-16.420547485351562,0.29213398694992065,0.008859632536768913,0.11136499792337418,3,False,0.6310462355613708,0.0
fore_aft,2.52,0,0.2895030081272125,3.7514541149139404,-16.41520118713379,0.2920708954334259,0.008573022671043873,0.11109394580125809,3,False,0.6311041116714478,0.0
fore_aft,2.54,0,0.2894841134548187,3.758960247039795,-16.410600662231445,0.29201963543891907,0.008354119025170803,0.11109791696071625,3,False,0.6311525106430054,0.0
fore_aft,2.56,0,0.2894677519798279,3.7660622596740723,-16.40668487548828,0.29197853803634644,0.008090152405202389,0.11184193193912506,3,False,0.6311935186386108,0.0
fore_aft,2.58,0,0.2894560992717743,3.771989345550537,-16.404014587402344,0.29195427894592285,0.007824357599020004,0.11312549561262131,3,False,0.6312339305877686,0.0
fore_aft,2.6,0,0.2894494831562042,3.776794195175171,-16.40256690979004,0.291946679353714,0.007599330507218838,0.11423777788877487,3,False,0.6312800049781799,0.0
fore_aft,2.62,0,0.2894454002380371,3.781311273574829,-16.401826858520508,0.2919500172138214,0.007452527526766062,0.1139717772603035,3,False,0.6313169002532959,0.0
fore_aft,2.64,0,0.289443701505661,3.7849841117858887,-16.401918411254883,0.2919642925262451,0.007311223074793816,0.11496637016534805,3,False,0.6313479542732239,0.0
fore_aft,2.66,0,0.28944510221481323,3.7879719734191895,-16.402742385864258,0.2919885218143463,0.007163712289184332,0.1155630350112915,3,False,0.6313768029212952,0.0
fore_aft,2.68,0,0.2894497513771057,3.7899601459503174,-16.40446662902832,0.2920243740081787,0.007042383775115013,0.11656466126441956,3,False,0.6313979029655457,0.0
fore_aft,2.7,0,0.2894572913646698,3.7907402515411377,-16.406795501708984,0.29206621646881104,0.006979138590395451,0.11759419739246368,3,False,0.6314162611961365,0.0
fore_aft,2.72,0,0.2894662916660309,3.791266679763794,-16.409547805786133,0.2921141982078552,0.006947612855583429,0.11741339415311813,3,False,0.6314280033111572,0.0
fore_aft,2.74,0,0.28947713971138,3.791520118713379,-16.41291046142578,0.29217153787612915,0.006867758464068174,0.11787779629230499,3,False,0.6314400434494019,0.0
fore_aft,2.7600000000000002,0,0.28948959708213806,3.7908895015716553,-16.41663360595703,0.29223179817199707,0.006805752404034138,0.11910338699817657,3,False,0.6314406394958496,0.0
fore_aft,2.7800000000000002,0,0.2895033657550812,3.7892847061157227,-16.420595169067383,0.29229265451431274,0.006811743602156639,0.119791679084301,3,False,0.6314402222633362,0.0
fore_aft,2.8000000000000003,0,0.28951767086982727,3.7869551181793213,-16.424528121948242,0.29235053062438965,0.006803759839385748,0.11998516321182251,3,False,0.6314376592636108,0.0
fore_aft,2.82,0,0.2895323634147644,3.785186529159546,-16.428823471069336,0.29241642355918884,0.00674384506419301,0.11959697306156158,3,False,0.6314275860786438,0.0
fore_aft,2.84,0,0.2895480692386627,3.7825193405151367,-16.433237075805664,0.2924812436103821,0.006691590882837772,0.12087706476449966,3,False,0.6314178705215454,0.0
fore_aft,2.86,0,0.28956353664398193,3.779402256011963,-16.437435150146484,0.29254084825515747,0.006713924463838339,0.12067802995443344,3,False,0.6314058303833008,0.0
fore_aft,2.88,0,0.2895779609680176,3.7762317657470703,-16.441373825073242,0.29259592294692993,0.006733297370374203,0.12062796950340271,3,False,0.6313896179199219,0.0
fore_aft,2.9,0,0.2895919382572174,3.772881507873535,-16.44525718688965,0.292649507522583,0.006696514785289764,0.12081383168697357,3,False,0.6313677430152893,0.0
fore_aft,2.92,0,0.2896058261394501,3.7692902088165283,-16.448843002319336,0.2926972508430481,0.006684400141239166,0.1203976571559906,3,False,0.6313485503196716,0.0
fore_aft,2.94,0,0.28961849212646484,3.765735387802124,-16.452194213867188,0.29274123907089233,0.006730611436069012,0.12090307474136353,3,False,0.6313279271125793,0.0
fore_aft,2.96,0,0.2896292507648468,3.762542724609375,-16.45506477355957,0.2927784025669098,0.006791197694838047,0.12038932740688324,3,False,0.6313040852546692,0.0
fore_aft,2.98,0,0.2896382808685303,3.759086847305298,-16.457439422607422,0.29280632734298706,0.006834692787379026,0.12083764374256134,3,False,0.6312806010246277,0.0
fore_aft,3.0,0,0.28964662551879883,3.755857229232788,-16.45952606201172,0.2928301692008972,0.006853385362774134,0.12028304487466812,3,False,0.6312601566314697,0.0
fore_aft,3.02,0,0.28965428471565247,3.752864360809326,-16.461313247680664,0.29284989833831787,0.006885882467031479,0.11996614187955856,3,False,0.6312474608421326,0.0
fore_aft,3.04,0,0.28965941071510315,3.7502541542053223,-16.462629318237305,0.29286301136016846,0.006979619152843952,0.11967288702726364,3,False,0.6312252879142761,0.0
fore_aft,3.06,0,0.2896633446216583,3.748180627822876,-16.46357536315918,0.29287171363830566,0.0070279124192893505,0.11926969140768051,3,False,0.6312065720558167,0.0
fore_aft,3.08,0,0.2896660566329956,3.746042013168335,-16.464149475097656,0.2928740680217743,0.007106429431587458,0.11963708698749542,3,False,0.6311882138252258,0.0
fore_aft,3.1,0,0.2896677255630493,3.744335889816284,-16.464311599731445,0.2928709089756012,0.007187902927398682,0.11884426325559616,3,False,0.6311774849891663,0.0
fore_aft,3.12,0,0.28966766595840454,3.7435216903686523,-16.464181900024414,0.29286596179008484,0.007235577795654535,0.11820070445537567,3,False,0.6311662793159485,0.0
fore_aft,3.14,0,0.28966638445854187,3.7428321838378906,-16.46394157409668,0.2928595542907715,0.00729015888646245,0.11875595897436142,3,False,0.6311512589454651,0.0
fore_aft,3.16,0,0.2896645665168762,3.7416679859161377,-16.463071823120117,0.29284095764160156,0.007355160545557737,0.11823246628046036,3,False,0.6311464905738831,0.0
fore_aft,3.18,0,0.2896619439125061,3.741394519805908,-16.46218490600586,0.2928250730037689,0.0073936195112764835,0.11777842789888382,3,False,0.6311396956443787,0.0
fore_aft,3.2,0,0.28965792059898376,3.740908145904541,-16.460927963256836,0.2928023338317871,0.0074729910120368,0.11801883578300476,3,False,0.631135106086731,0.0
fore_aft,3.22,0,0.28965291380882263,3.741274833679199,-16.459444046020508,0.2927786409854889,0.007496639620512724,0.1168425902724266,3,False,0.6311315894126892,0.0
fore_aft,3.24,0,0.2896476686000824,3.7415292263031006,-16.45794677734375,0.2927544116973877,0.00753183476626873,0.11758358776569366,3,False,0.6311315894126892,0.0
fore_aft,3.2600000000000002,0,0.28964200615882874,3.7420873641967773,-16.45622444152832,0.29272744059562683,0.0075591267086565495,0.11679007858037949,3,False,0.6311325430870056,0.0
fore_aft,3.2800000000000002,0,0.28963619470596313,3.7426843643188477,-16.45462417602539,0.2927025556564331,0.0075778537429869175,0.11725109815597534,3,False,0.6311348676681519,0.0
fore_aft,3.3000000000000003,0,0.28963014483451843,3.74365496635437,-16.452802658081055,0.29267534613609314,0.007596198003739119,0.1163676381111145,3,False,0.6311401128768921,0.0
fore_aft,3.3200000000000003,0,0.28962379693984985,3.744886636734009,-16.451143264770508,0.2926517128944397,0.0076008690521121025,0.11671897023916245,3,False,0.631142258644104,0.0
fore_aft,3.34,0,0.28961795568466187,3.746466636657715,-16.449600219726562,0.29263123869895935,0.0075821420177817345,0.11631784588098526,3,False,0.6311485171318054,0.0
fore_aft,3.36,0,0.289612740278244,3.7477595806121826,-16.448131561279297,0.2926110327243805,0.007554322015494108,0.11656015366315842,3,False,0.6311603784561157,0.0
fore_aft,3.38,0,0.289607435464859,3.749436378479004,-16.446733474731445,0.2925933003425598,0.007536696270108223,0.11630237102508545,3,False,0.6311678886413574,0.0
fore_aft,3.4,0,0.289602130651474,3.750887155532837,-16.445287704467773,0.292574018239975,0.007516396697610617,0.11622995138168335,3,False,0.6311776638031006,0.0
fore_aft,3.42,0,0.2895970046520233,3.7520265579223633,-16.443971633911133,0.29255586862564087,0.007494310848414898,0.11702699959278107,3,False,0.631179690361023,0.0
fore_aft,3.44,0,0.2895929515361786,3.7530877590179443,-16.442899703979492,0.2925415337085724,0.007452408783137798,0.1165870726108551,3,False,0.6311894655227661,0.0
fore_aft,3.46,0,0.28958985209465027,3.7543458938598633,-16.442089080810547,0.2925322651863098,0.007412939332425594,0.11676033586263657,3,False,0.6311999559402466,0.0
fore_aft,3.48,0,0.2895868718624115,3.755765438079834,-16.441347122192383,0.2925247251987457,0.007401213049888611,0.11689229309558868,3,False,0.6312093734741211,0.0
fore_aft,3.5,0,0.28958356380462646,3.75661301612854,-16.44052505493164,0.29251381754875183,0.007394122891128063,0.11667271703481674,3,False,0.6312142014503479,0.0
fore_aft,3.52,0,0.28958186507225037,3.7576260566711426,-16.440217971801758,0.2925121784210205,0.00729725044220686,0.11698710918426514,3,False,0.6312188506126404,0.0
fore_aft,3.54,0,0.28958186507225037,3.758369207382202,-16.44011688232422,0.29251304268836975,0.007269520312547684,0.11731722205877304,3,False,0.6312295794487,0.0
fore_aft,3.56,0,0.2895810008049011,3.7591750621795654,-16.439983367919922,0.2925136089324951,0.007292558439075947,0.11678656190633774,3,False,0.6312363743782043,0.0
fore_aft,3.58,0,0.289579838514328,3.759946346282959,-16.43985366821289,0.29251405596733093,0.00728281494230032,0.11755117028951645,3,False,0.6312379240989685,0.0
fore_aft,3.6,0,0.2895793616771698,3.7600739002227783,-16.43968391418457,0.2925116717815399,0.007248183712363243,0.11746524274349213,3,False,0.6312394142150879,0.0
fore_aft,3.62,0,0.28958016633987427,3.7603468894958496,-16.439929962158203,0.29251670837402344,0.007185348309576511,0.1172228753566742,3,False,0.6312447190284729,0.0
fore_aft,3.64,0,0.28958162665367126,3.760432243347168,-16.44038963317871,0.2925247251987457,0.007187355309724808,0.11780431121587753,3,False,0.631250262260437,0.0
fore_aft,3.66,0,0.28958261013031006,3.7603745460510254,-16.440692901611328,0.2925296127796173,0.007206624373793602,0.11760468780994415,3,False,0.6312540173530579,0.0
fore_aft,3.68,0,0.2895832359790802,3.7609517574310303,-16.44097900390625,0.2925364077091217,0.00719777587801218,0.11723433434963226,3,False,0.6312533617019653,0.0
fore_aft,3.7,0,0.28958484530448914,3.761078119277954,-16.441545486450195,0.2925463616847992,0.00713233882561326,0.11788380891084671,3,False,0.6312522888183594,0.0
fore_aft,3.72,0,0.2895876467227936,3.7609870433807373,-16.442293167114258,0.29255861043930054,0.007103671319782734,0.11806948482990265,3,False,0.6312541365623474,0.0
fore_aft,3.74,0,0.28958985209465027,3.760538101196289,-16.442880630493164,0.2925669252872467,0.007138687651604414,0.11804818361997604,3,False,0.6312519907951355,0.0
fore_aft,3.7600000000000002,0,0.2895917296409607,3.7604129314422607,-16.443437576293945,0.292575865983963,0.007136543281376362,0.11771782487630844,3,False,0.6312536597251892,0.0
fore_aft,3.7800000000000002,0,0.2895936667919159,3.759890556335449,-16.44400405883789,0.29258355498313904,0.0071215019561350346,0.11823909729719162,3,False,0.6312487721443176,0.0
fore_aft,3.8000000000000003,0,0.289596289396286,3.7595179080963135,-16.444658279418945,0.29259324073791504,0.007093761581927538,0.11795692890882492,3,False,0.6312493085861206,0.0
fore_aft,3.8200000000000003,0,0.28959861397743225,3.7588987350463867,-16.44533348083496,0.29260244965553284,0.007139718160033226,0.11849847435951233,3,False,0.6312476396560669,0.0
fore_aft,3.84,0,0.2896001935005188,3.7584125995635986,-16.445791244506836,0.29260843992233276,0.007136646192520857,0.11787037551403046,3,False,0.6312428116798401,0.0
fore_aft,3.86,0,0.2896021604537964,3.757805585861206,-16.446231842041016,0.2926137447357178,0.007125972770154476,0.11814465373754501,3,False,0.6312406063079834,0.0
fore_aft,3.88,0,0.2896038293838501,3.7568962574005127,-16.446640014648438,0.29261744022369385,0.007159558590501547,0.11807029694318771,3,False,0.6312347054481506,0.0
fore_aft,3.9,0,0.2896058261394501,3.7566940784454346,-16.447208404541016,0.292626291513443,0.007128482684493065,0.11785026639699936,3,False,0.6312317848205566,0.0
fore_aft,3.92,0,0.2896079123020172,3.7561488151550293,-16.447763442993164,0.2926337420940399,0.007142139133065939,0.11839824169874191,3,False,0.6312317252159119,0.0
fore_aft,3.94,0,0.28960880637168884,3.755725383758545,-16.44793701171875,0.2926351726055145,0.007181402295827866,0.11740255355834961,3,False,0.6312286853790283,0.0
fore_aft,3.96,0,0.289609432220459,3.755277633666992,-16.44817543029785,0.2926376760005951,0.007180696818977594,0.11790831387042999,3,False,0.631222128868103,0.0
fore_aft,3.98,0,0.2896102964878082,3.7549633979797363,-16.448461532592773,0.2926413416862488,0.007186769973486662,0.11819221824407578,3,False,0.6312164068222046,0.0
fore_aft,4.0,0,0.2896117866039276,3.7543623447418213,-16.448678970336914,0.2926429212093353,0.0071855997666716576,0.11804838478565216,3,False,0.6312172412872314,0.0
fore_aft,4.0200000000000005,0,0.2896125018596649,3.7541589736938477,-16.448789596557617,0.29264411330223083,0.007209839764982462,0.117440365254879,3,False,0.6312171220779419,0.0
fore_aft,4.04,0,0.2896122932434082,3.7543208599090576,-16.44881820678711,0.2926451563835144,0.007236858364194632,0.11750560253858566,3,False,0.6312151551246643,0.0
fore_aft,4.0600000000000005,0,0.2896116077899933,3.754201889038086,-16.448650360107422,0.29264193773269653,0.007244607899338007,0.11799914389848709,3,False,0.6312121152877808,0.0
fore_aft,4.08,0,0.2896111309528351,3.7539174556732178,-16.448545455932617,0.2926391661167145,0.007233311887830496,0.11808076500892639,3,False,0.6312081813812256,0.0
fore_aft,4.1,0,0.28961142897605896,3.753267765045166,-16.448469161987305,0.2926356792449951,0.007228209637105465,0.11796824634075165,3,False,0.631210446357727,0.0
fore_aft,4.12,0,0.28961172699928284,3.753056764602661,-16.448514938354492,0.2926357090473175,0.007243456318974495,0.1178826093673706,3,False,0.6312118768692017,0.0
fore_aft,4.14,0,0.28961101174354553,3.753288745880127,-16.448347091674805,0.29263371229171753,0.007284302264451981,0.11727916449308395,3,False,0.631212055683136,0.0
fore_aft,4.16,0,0.2896099090576172,3.753667116165161,-16.4481143951416,0.2926310896873474,0.007276234216988087,0.11741998791694641,3,False,0.6312097907066345,0.0
fore_aft,4.18,0,0.289609432220459,3.7539424896240234,-16.44797706604004,0.2926296889781952,0.007250380702316761,0.11759769171476364,3,False,0.6312078237533569,0.0
fore_aft,4.2,0,0.28960901498794556,3.7536942958831787,-16.447750091552734,0.2926250696182251,0.007267804350703955,0.1176275759935379,3,False,0.63121098279953,0.0
fore_aft,4.22,0,0.2896081209182739,3.753777503967285,-16.447477340698242,0.2926207482814789,0.007264102343469858,0.11721576005220413,3,False,0.6312119364738464,0.0
fore_aft,4.24,0,0.28960704803466797,3.753946304321289,-16.447298049926758,0.2926183342933655,0.007279290352016687,0.11752498894929886,3,False,0.6312094926834106,0.0
fore_aft,4.26,0,0.28960689902305603,3.754028081893921,-16.447267532348633,0.2926180958747864,0.007234809920191765,0.11780465394258499,3,False,0.6312088370323181,0.0
fore_aft,4.28,0,0.2896071970462799,3.7539749145507812,-16.447261810302734,0.2926178276538849,0.007247720845043659,0.11749067902565002,3,False,0.6312111020088196,0.0
fore_aft,4.3,0,0.2896070182323456,3.7542974948883057,-16.447214126586914,0.29261815547943115,0.007265779655426741,0.11719134449958801,3,False,0.6312131285667419,0.0
fore_aft,4.32,0,0.2896057665348053,3.754696846008301,-16.446929931640625,0.29261472821235657,0.00729679549112916,0.11739221215248108,3,False,0.6312142610549927,0.0
fore_aft,4.34,0,0.2896042764186859,3.7551369667053223,-16.44659996032715,0.2926107347011566,0.007266605738550425,0.11725408583879471,3,False,0.6312121152877808,0.0
fore_aft,4.36,0,0.28960394859313965,3.754939079284668,-16.44654655456543,0.29260915517807007,0.007247517351061106,0.11841008812189102,3,False,0.6312124729156494,0.0
fore_aft,4.38,0,0.2896038293838501,3.7543866634368896,-16.4462833404541,0.2926027774810791,0.007262193597853184,0.11766465753316879,3,False,0.6312158107757568,0.0
fore_aft,4.4,0,0.28960347175598145,3.754791021347046,-16.446231842041016,0.29260337352752686,0.007258519064635038,0.11726552248001099,3,False,0.6312209963798523,0.0
fore_aft,4.42,0,0.2896023988723755,3.7551379203796387,-16.446035385131836,0.29260122776031494,0.0072692628018558025,0.11756052076816559,3,False,0.6312167644500732,0.0
fore_aft,4.44,0,0.2896019518375397,3.7551441192626953,-16.445899963378906,0.29259899258613586,0.00724805099889636,0.11768832802772522,3,False,0.6312186121940613,0.0
fore_aft,4.46,0,0.2896018922328949,3.7553253173828125,-16.44585418701172,0.29259881377220154,0.00724481325596571,0.11746662855148315,3,False,0.6312171816825867,0.0
fore_aft,4.48,0,0.2896019518375397,3.755640983581543,-16.44590187072754,0.29260075092315674,0.007242083549499512,0.1174570769071579,3,False,0.6312195658683777,0.0
fore_aft,4.5,0,0.289601594209671,3.755814552307129,-16.445846557617188,0.2926004230976105,0.007248797453939915,0.11768876016139984,3,False,0.6312190294265747,0.0
fore_aft,4.5200000000000005,0,0.28960129618644714,3.7558305263519287,-16.445781707763672,0.2925993800163269,0.007261145859956741,0.1175973191857338,3,False,0.6312195062637329,0.0
fore_aft,4.54,0,0.2896011471748352,3.7558860778808594,-16.445728302001953,0.2925986647605896,0.00723792752251029,0.11758672446012497,3,False,0.6312205195426941,0.0
fore_aft,4.5600000000000005,0,0.2896013557910919,3.7561044692993164,-16.445816040039062,0.2926008701324463,0.007222953252494335,0.11748524010181427,3,False,0.6312222480773926,0.0
fore_aft,4.58,0,0.2896014451980591,3.75576114654541,-16.445838928222656,0.2926001250743866,0.00724076060578227,0.11795876175165176,3,False,0.6312237977981567,0.0
fore_aft,4.6000000000000005,0,0.28960102796554565,3.7561075687408447,-16.445634841918945,0.29259786009788513,0.0072496263310313225,0.11680793017148972,3,False,0.6312240362167358,0.0
fore_aft,4.62,0,0.2896007001399994,3.7561440467834473,-16.44568634033203,0.2925988733768463,0.007226019166409969,0.11794260889291763,3,False,0.6312214732170105,0.0
fore_aft,4.64,0,0.28960102796554565,3.7560808658599854,-16.44574546813965,0.2925996482372284,0.007218299433588982,0.1176348552107811,3,False,0.6312223672866821,0.0
fore_aft,4.66,0,0.28960147500038147,3.7558135986328125,-16.445781707763672,0.2925993502140045,0.007232099771499634,0.11789322644472122,3,False,0.6312222480773926,0.0
fore_aft,4.68,0,0.2896013557910919,3.7559890747070312,-16.445741653442383,0.29259926080703735,0.007239245343953371,0.11732655763626099,3,False,0.6312242746353149,0.0
fore_aft,4.7,0,0.2896011173725128,3.756240129470825,-16.44574737548828,0.29260021448135376,0.007221571169793606,0.11724711209535599,3,False,0.6312259435653687,0.0
fore_aft,4.72,0,0.2896013855934143,3.75630521774292,-16.445938110351562,0.29260364174842834,0.007212451193481684,0.11806359887123108,3,False,0.6312233805656433,0.0
fore_aft,4.74,0,0.2896020710468292,3.75593638420105,-16.44606590270996,0.2926045060157776,0.0072148870676755905,0.11797196418046951,3,False,0.6312240362167358,0.0
fore_aft,4.76,0,0.2896026372909546,3.7559242248535156,-16.446073532104492,0.29260459542274475,0.007218148093670607,0.11733852326869965,3,False,0.6312271952629089,0.0
fore_aft,4.78,0,0.2896026074886322,3.7562341690063477,-16.446136474609375,0.29260674118995667,0.007220472674816847,0.11718478798866272,3,False,0.6312254071235657,0.0
fore_aft,4.8,0,0.2896020710468292,3.755885124206543,-16.446035385131836,0.2926037907600403,0.007243191823363304,0.11792358756065369,3,False,0.631222128868103,0.0
fore_aft,4.82,0,0.2896018922328949,3.7556724548339844,-16.44591522216797,0.2926010489463806,0.007237444166094065,0.11772822588682175,3,False,0.6312193274497986,0.0
fore_aft,4.84,0,0.2896023988723755,3.755558967590332,-16.44603157043457,0.29260262846946716,0.0072071729227900505,0.11780117452144623,3,False,0.6312236189842224,0.0
fore_aft,4.86,0,0.28960272669792175,3.755462884902954,-16.446136474609375,0.2926040589809418,0.0072179995477199554,0.11773744225502014,3,False,0.6312246918678284,0.0
fore_aft,4.88,0,0.2896028459072113,3.7554845809936523,-16.446104049682617,0.29260361194610596,0.007231191731989384,0.11740054190158844,3,False,0.6312225461006165,0.0
fore_aft,4.9,0,0.2896026372909546,3.755455493927002,-16.446104049682617,0.2926034927368164,0.007246021647006273,0.11776985228061676,3,False,0.6312236785888672,0.0
fore_aft,4.92,0,0.2896023988723755,3.7556674480438232,-16.446002960205078,0.2926025390625,0.007229087874293327,0.11720561981201172,3,False,0.6312223672866821,0.0
fore_aft,4.94,0,0.2896023988723755,3.7553296089172363,-16.446081161499023,0.29260268807411194,0.0072257607243955135,0.11793535202741623,3,False,0.6312224268913269,0.0
fore_aft,4.96,0,0.2896024286746979,3.7553672790527344,-16.446073532104492,0.29260265827178955,0.007253216579556465,0.11761590838432312,3,False,0.6312199831008911,0.0
fore_aft,4.98,0,0.2896026074886322,3.7552621364593506,-16.446020126342773,0.29260143637657166,0.007232965901494026,0.11744792759418488,3,False,0.6312247514724731,0.0
fore_aft,5.0,0,0.2896023988723755,3.7556488513946533,-16.446102142333984,0.29260411858558655,0.00723396148532629,0.11755583435297012,3,False,0.631220817565918,0.0
fore_aft,5.0200000000000005,0,0.28960248827934265,3.755328893661499,-16.446016311645508,0.2926015853881836,0.007240863982588053,0.11781981587409973,3,False,0.6312195062637329,0.0
fore_aft,5.04,0,0.28960248827934265,3.755502462387085,-16.446041107177734,0.2926025986671448,0.007249382324516773,0.11765046417713165,3,False,0.6312208771705627,0.0
fore_aft,5.0600000000000005,0,0.28960248827934265,3.7557201385498047,-16.44605255126953,0.2926035225391388,0.007227527443319559,0.11752615123987198,3,False,0.6312240362167358,0.0
fore_aft,5.08,0,0.28960222005844116,3.7555480003356934,-16.44598960876465,0.29260188341140747,0.007214636541903019,0.11746925860643387,3,False,0.6312220692634583,0.0
fore_aft,5.1000000000000005,0,0.2896021902561188,3.7554428577423096,-16.44600486755371,0.2926017940044403,0.0072354525327682495,0.11790718138217926,3,False,0.6312201023101807,0.0
fore_aft,5.12,0,0.2896023392677307,3.7551324367523193,-16.44595718383789,0.2925999164581299,0.007238293997943401,0.11786790192127228,3,False,0.6312195062637329,0.0
fore_aft,5.14,0,0.28960248827934265,3.755244016647339,-16.446029663085938,0.29260149598121643,0.007237846497446299,0.11752525717020035,3,False,0.6312211155891418,0.0
fore_aft,5.16,0,0.289602667093277,3.755586624145508,-16.44609832763672,0.29260385036468506,0.0072305514477193356,0.11759866774082184,3,False,0.6312237977981567,0.0
fore_aft,5.18,0,0.2896023094654083,3.755409002304077,-16.4460391998291,0.2926022708415985,0.007253703661262989,0.11783508211374283,3,False,0.6312214136123657,0.0
fore_aft,5.2,0,0.28960224986076355,3.7555480003356934,-16.445951461791992,0.29260122776031494,0.007240583188831806,0.11780081689357758,3,False,0.631222665309906,0.0
fore_aft,5.22,0,0.28960224986076355,3.755542278289795,-16.44598388671875,0.2926017642021179,0.007235347758978605,0.11762852221727371,3,False,0.6312233209609985,0.0
fore_aft,5.24,0,0.28960245847702026,3.7555224895477295,-16.446002960205078,0.2926020324230194,0.0072162258438766,0.11761298775672913,3,False,0.6312231421470642,0.0
fore_aft,5.26,0,0.28960245847702026,3.755525588989258,-16.44606590270996,0.29260310530662537,0.007235129363834858,0.1176270991563797,3,False,0.6312217712402344,0.0
fore_aft,5.28,0,0.2896023094654083,3.755446195602417,-16.446001052856445,0.29260173439979553,0.0072379582561552525,0.1176081970334053,3,False,0.6312200427055359,0.0
fore_aft,5.3,0,0.28960227966308594,3.755420684814453,-16.44597816467285,0.2926012873649597,0.007242199964821339,0.1177264004945755,3,False,0.6312209963798523,0.0
fore_aft,5.32,0,0.28960251808166504,3.7555172443389893,-16.44601821899414,0.2926022708415985,0.007222362793982029,0.11747322976589203,3,False,0.631222128868103,0.0
fore_aft,5.34,0,0.28960248827934265,3.7554142475128174,-16.4460391998291,0.2926022410392761,0.007231222465634346,0.11773376166820526,3,False,0.6312226057052612,0.0
fore_aft,5.36,0,0.2896024286746979,3.755575180053711,-16.44601058959961,0.2926023602485657,0.007233963347971439,0.11747488379478455,3,False,0.6312220692634583,0.0
fore_aft,5.38,0,0.28960224986076355,3.7556097507476807,-16.446014404296875,0.2926025092601776,0.007226705551147461,0.11726745218038559,3,False,0.6312205195426941,0.0
fore_aft,5.4,0,0.28960227966308594,3.7554819583892822,-16.44597625732422,0.29260140657424927,0.00723187206313014,0.1176048070192337,3,False,0.6312195658683777,0.0
fore_aft,5.42,0,0.2896021902561188,3.755544424057007,-16.44599723815918,0.292602002620697,0.007242598105221987,0.11760708689689636,3,False,0.6312185525894165,0.0
fore_aft,5.44,0,0.2896021604537964,3.7554523944854736,-16.445993423461914,0.292601615190506,0.007243300322443247,0.11759559065103531,3,False,0.6312199831008911,0.0
fore_aft,5.46,0,0.2896023690700531,3.7556896209716797,-16.4460391998291,0.2926032245159149,0.00722981384024024,0.11752071976661682,3,False,0.6312222480773926,0.0
fore_aft,5.48,0,0.2896023392677307,3.75565505027771,-16.446035385131836,0.2926030158996582,0.0072320131585001945,0.1176263615489006,3,False,0.6312230825424194,0.0
fore_aft,5.5,0,0.2896023690700531,3.7557945251464844,-16.446012496948242,0.29260310530662537,0.0072142453864216805,0.11719882488250732,3,False,0.6312243342399597,0.0
fore_aft,5.5200000000000005,0,0.28960245847702026,3.7558298110961914,-16.44610595703125,0.29260480403900146,0.0072015984915196896,0.11735596507787704,3,False,0.6312243342399597,0.0
fore_aft,5.54,0,0.2896025478839874,3.7556257247924805,-16.44607162475586,0.2926035523414612,0.007228057831525803,0.11772764474153519,3,False,0.6312212347984314,0.0
fore_aft,5.5600000000000005,0,0.2896025478839874,3.7554330825805664,-16.446090698242188,0.29260319471359253,0.007235812488943338,0.11752747744321823,3,False,0.6312218904495239,0.0
fore_aft,5.58,0,0.2896026074886322,3.7555365562438965,-16.446123123168945,0.29260408878326416,0.007250683382153511,0.11779540032148361,3,False,0.6312212944030762,0.0
fore_aft,5.6000000000000005,0,0.28960251808166504,3.7557222843170166,-16.446075439453125,0.29260390996932983,0.007245297078043222,0.11752141267061234,3,False,0.6312234997749329,0.0
fore_aft,5.62,0,0.2896021902561188,3.7557730674743652,-16.446048736572266,0.29260367155075073,0.007249982561916113,0.1179538294672966,3,False,0.6312225461006165,0.0
fore_aft,5.64,0,0.2896021902561188,3.7558586597442627,-16.446075439453125,0.29260438680648804,0.007241793442517519,0.11801551282405853,3,False,0.6312236189842224,0.0
fore_aft,5.66,0,0.28960224986076355,3.755570888519287,-16.445995330810547,0.2926020324230194,0.007223143707960844,0.11784639209508896,3,False,0.6312256455421448,0.0
fore_aft,5.68,0,0.2896024286746979,3.7555906772613525,-16.446094512939453,0.2926037907600403,0.00724063441157341,0.11802373081445694,3,False,0.6312261819839478,0.0
fore_aft,5.7,0,0.289602667093277,3.7555196285247803,-16.446088790893555,0.292603462934494,0.007237437181174755,0.11804083734750748,3,False,0.6312260627746582,0.0
fore_aft,5.72,0,0.2896026074886322,3.755486249923706,-16.446088790893555,0.29260334372520447,0.007236215751618147,0.11762287467718124,3,False,0.6312265396118164,0.0
fore_aft,5.74,0,0.2896026074886322,3.7554962635040283,-16.446086883544922,0.29260334372520447,0.007238797377794981,0.11770901083946228,3,False,0.6312261819839478,0.0
fore_aft,5.76,0,0.289602667093277,3.7554028034210205,-16.446073532104492,0.2926028072834015,0.007227631751447916,0.1176290214061737,3,False,0.6312265396118164,0.0
fore_aft,5.78,0,0.2896025478839874,3.755495309829712,-16.446102142333984,0.29260361194610596,0.00723319873213768,0.11761333793401718,3,False,0.6312233805656433,0.0
fore_aft,5.8,0,0.28960245847702026,3.7553462982177734,-16.445981979370117,0.2926010489463806,0.007234049029648304,0.11748482286930084,3,False,0.6312220096588135,0.0
fore_aft,5.82,0,0.28960245847702026,3.7553858757019043,-16.446006774902344,0.29260164499282837,0.007236614357680082,0.11756479740142822,3,False,0.6312209367752075,0.0
fore_aft,5.84,0,0.28960248827934265,3.7555654048919678,-16.446029663085938,0.29260262846946716,0.007228318136185408,0.11739661544561386,3,False,0.6312218904495239,0.0
fore_aft,5.86,0,0.2896023690700531,3.755645275115967,-16.446022033691406,0.2926027774810791,0.007219377439469099,0.11749523133039474,3,False,0.6312226057052612,0.0
fore_aft,5.88,0,0.289602130651474,3.7555909156799316,-16.445993423461914,0.2926020920276642,0.0072388844564557076,0.1176823079586029,3,False,0.6312194466590881,0.0
fore_aft,5.9,0,0.28960227966308594,3.7553744316101074,-16.445980072021484,0.2926011383533478,0.007224878296256065,0.11779533326625824,3,False,0.6312204599380493,0.0
fore_aft,5.92,0,0.28960227966308594,3.7554543018341064,-16.44600486755371,0.2926018536090851,0.007234481163322926,0.11761569231748581,3,False,0.6312211155891418,0.0
fore_aft,5.94,0,0.28960248827934265,3.755556583404541,-16.445995330810547,0.292602002620697,0.007222270127385855,0.1176009550690651,3,False,0.631221354007721,0.0
fore_aft,5.96,0,0.2896023690700531,3.7554752826690674,-16.446008682250977,0.29260197281837463,0.0072368779219686985,0.11764326691627502,3,False,0.631220817565918,0.0
fore_aft,5.98,0,0.2896023988723755,3.75551438331604,-16.446022033691406,0.2926023006439209,0.0072255972772836685,0.11750411987304688,3,False,0.631222128868103,0.0
fore_aft,6.0,0,0.2896023392677307,3.755582332611084,-16.446056365966797,0.29260310530662537,0.007226079702377319,0.11754363775253296,3,False,0.6312224864959717,0.0
fore_aft,6.0200000000000005,0,0.2896023392677307,3.7555086612701416,-16.446029663085938,0.29260241985321045,0.0072328816168010235,0.11762504279613495,3,False,0.6312222480773926,0.0
fore_aft,6.04,0,0.2896023690700531,3.755664348602295,-16.44603157043457,0.2926030158996582,0.007229396142065525,0.11757222563028336,3,False,0.6312212944030762,0.0
fore_aft,6.0600000000000005,0,0.2896023690700531,3.755518674850464,-16.44601058959961,0.2926021218299866,0.007234461139887571,0.11776876449584961,3,False,0.6312195658683777,0.0
fore_aft,6.08,0,0.2896023094654083,3.7553021907806396,-16.445947647094727,0.2926003336906433,0.00724016735330224,0.1175214871764183,3,False,0.6312199831008911,0.0
fore_aft,6.1000000000000005,0,0.2896023690700531,3.755362033843994,-16.446002960205078,0.29260146617889404,0.0072316015139222145,0.11767328530550003,3,False,0.6312204599380493,0.0
fore_aft,6.12,0,0.28960251808166504,3.755460262298584,-16.446043014526367,0.2926024794578552,0.007240353152155876,0.11770232766866684,3,False,0.6312219500541687,0.0
fore_aft,6.140000000000001,0,0.2896023392677307,3.7555201053619385,-16.4460391998291,0.29260262846946716,0.0072410530410707,0.11750885844230652,3,False,0.6312235593795776,0.0
fore_aft,6.16,0,0.2896023690700531,3.7557151317596436,-16.44606590270996,0.2926037609577179,0.007218208629637957,0.11745128780603409,3,False,0.6312226057052612,0.0
fore_aft,6.18,0,0.2896025478839874,3.755497455596924,-16.446069717407227,0.292603075504303,0.0072221108712255955,0.11758645623922348,3,False,0.6312240958213806,0.0
fore_aft,6.2,0,0.28960272669792175,3.75565505027771,-16.44605255126953,0.2926032841205597,0.007210548967123032,0.1172977164387703,3,False,0.6312206983566284,0.0
fore_aft,6.22,0,0.2896028757095337,3.755453109741211,-16.446102142333984,0.292603462934494,0.00722851138561964,0.11756843328475952,3,False,0.6312223076820374,0.0
fore_aft,6.24,0,0.28960248827934265,3.755491018295288,-16.44607925415039,0.2926032245159149,0.0072320010513067245,0.1174488440155983,3,False,0.6312199831008911,0.0
fore_aft,6.26,0,0.2896021902561188,3.755521774291992,-16.44599723815918,0.29260191321372986,0.007221429143100977,0.11728652566671371,3,False,0.6312173008918762,0.0
fore_aft,6.28,0,0.28960272669792175,3.7552566528320312,-16.44603157043457,0.2926015853881836,0.007199780084192753,0.11760961264371872,3,False,0.6312184929847717,0.0
fore_aft,6.3,0,0.289602667093277,3.7551968097686768,-16.44609260559082,0.29260241985321045,0.007223255001008511,0.11758776009082794,3,False,0.6312158703804016,0.0
fore_aft,6.32,0,0.28960269689559937,3.75512957572937,-16.44606590270996,0.29260173439979553,0.0072431112639606,0.11768869310617447,3,False,0.6312190294265747,0.0
fore_aft,6.34,0,0.2896025478839874,3.755213975906372,-16.446025848388672,0.2926013469696045,0.007236299570649862,0.11752155423164368,3,False,0.6312186121940613,0.0
fore_aft,6.36,0,0.28960245847702026,3.7553188800811768,-16.44609832763672,0.29260292649269104,0.007240070961415768,0.11769316345453262,3,False,0.6312193870544434,0.0
fore_aft,6.38,0,0.2896026372909546,3.7554333209991455,-16.446094512939453,0.2926032543182373,0.007227221038192511,0.11766041815280914,3,False,0.631222128868103,0.0
fore_aft,6.4,0,0.2896026074886322,3.7555320262908936,-16.446069717407227,0.29260319471359253,0.007233280688524246,0.11740224063396454,3,False,0.6312209963798523,0.0
fore_aft,6.42,0,0.2896025776863098,3.7553999423980713,-16.44607162475586,0.2926027476787567,0.007236797828227282,0.11798370629549026,3,False,0.631220817565918,0.0
fore_aft,6.44,0,0.2896025776863098,3.7553653717041016,-16.446056365966797,0.29260239005088806,0.007243556436151266,0.11763095110654831,3,False,0.6312209367752075,0.0
fore_aft,6.46,0,0.28960248827934265,3.755354642868042,-16.446069717407227,0.2926025688648224,0.007240126375108957,0.11786341667175293,3,False,0.6312217712402344,0.0
fore_aft,6.48,0,0.2896026074886322,3.7554688453674316,-16.44606590270996,0.29260289669036865,0.0072251493111252785,0.11754582822322845,3,False,0.6312238574028015,0.0
fore_aft,6.5,0,0.28960251808166504,3.7554900646209717,-16.446060180664062,0.29260289669036865,0.007229991257190704,0.11767146736383438,3,False,0.6312220692634583,0.0
fore_aft,6.5200000000000005,0,0.2896023690700531,3.755356788635254,-16.446035385131836,0.29260197281837463,0.0072427480481565,0.11750461161136627,3,False,0.6312215924263,0.0
fore_aft,6.54,0,0.2896025776863098,3.7553722858428955,-16.446056365966797,0.29260239005088806,0.007224284112453461,0.11758922040462494,3,False,0.631223201751709,0.0
fore_aft,6.5600000000000005,0,0.28960269689559937,3.75539231300354,-16.44610595703125,0.2926033139228821,0.00724487891420722,0.11781049519777298,3,False,0.6312224268913269,0.0
fore_aft,6.58,0,0.2896025776863098,3.755358934402466,-16.446075439453125,0.29260265827178955,0.007256990764290094,0.11780361831188202,3,False,0.6312223672866821,0.0
fore_aft,6.6000000000000005,0,0.28960251808166504,3.755419969558716,-16.44603157043457,0.29260218143463135,0.007251230999827385,0.11760462075471878,3,False,0.631224513053894,0.0
fore_aft,6.62,0,0.28960248827934265,3.755615234375,-16.446109771728516,0.29260411858558655,0.007227369584143162,0.11775778979063034,3,False,0.6312256455421448,0.0
fore_aft,6.640000000000001,0,0.28960248827934265,3.7554991245269775,-16.446073532104492,0.29260313510894775,0.007237336132675409,0.11776485294103622,3,False,0.6312263011932373,0.0
fore_aft,6.66,0,0.2896026074886322,3.755408525466919,-16.446086883544922,0.2926030457019806,0.007220153696835041,0.11752071231603622,3,False,0.6312261819839478,0.0
fore_aft,6.68,0,0.2896025478839874,3.755459785461426,-16.446102142333984,0.292603462934494,0.007242910098284483,0.11799417436122894,3,False,0.6312218904495239,0.0
fore_aft,6.7,0,0.2896024286746979,3.7553842067718506,-16.44603157043457,0.2926020324230194,0.007263004779815674,0.11779670417308807,3,False,0.6312216520309448,0.0
fore_aft,6.72,0,0.2896025478839874,3.7556331157684326,-16.446035385131836,0.2926029860973358,0.007229171693325043,0.11737416684627533,3,False,0.6312267184257507,0.0
fore_aft,6.74,0,0.2896023690700531,3.755671977996826,-16.44607925415039,0.29260385036468506,0.007231393828988075,0.1179303377866745,3,False,0.631222665309906,0.0
fore_aft,6.76,0,0.28960224986076355,3.7555112838745117,-16.446008682250977,0.2926020622253418,0.007242919877171516,0.11792033910751343,3,False,0.6312227845191956,0.0
fore_aft,6.78,0,0.2896023094654083,3.7556135654449463,-16.446035385131836,0.29260289669036865,0.007231177296489477,0.1176515594124794,3,False,0.631222665309906,0.0
fore_aft,6.8,0,0.2896025776863098,3.7555789947509766,-16.446102142333984,0.29260390996932983,0.007213275879621506,0.11762259155511856,3,False,0.6312264800071716,0.0
fore_aft,6.82,0,0.28960245847702026,3.7554798126220703,-16.446088790893555,0.2926033139228821,0.007244030945003033,0.117759108543396,3,False,0.6312236189842224,0.0
fore_aft,6.84,0,0.2896023988723755,3.755444049835205,-16.44601821899414,0.2926020324230194,0.0072531672194600105,0.11779255419969559,3,False,0.631223738193512,0.0
fore_aft,6.86,0,0.28960227966308594,3.755607843399048,-16.446035385131836,0.29260289669036865,0.007245785556733608,0.11765778064727783,3,False,0.6312226057052612,0.0
fore_aft,6.88,0,0.28960224986076355,3.755690813064575,-16.445955276489258,0.2926017642021179,0.007238561753183603,0.11753087490797043,3,False,0.6312223076820374,0.0
fore_aft,6.9,0,0.28960227966308594,3.755689859390259,-16.445985794067383,0.2926022708415985,0.007223823573440313,0.11737308651208878,3,False,0.6312224268913269,0.0
fore_aft,6.92,0,0.289602130651474,3.7556517124176025,-16.44599723815918,0.2926023602485657,0.00721757160499692,0.11757995188236237,3,False,0.6312220692634583,0.0
fore_aft,6.94,0,0.28960224986076355,3.755415201187134,-16.445995330810547,0.2926015257835388,0.0072314320132136345,0.117867112159729,3,False,0.6312208771705627,0.0
fore_aft,6.96,0,0.2896023392677307,3.7555458545684814,-16.44598960876465,0.29260188341140747,0.007241435814648867,0.1176563948392868,3,False,0.6312206387519836,0.0
fore_aft,6.98,0,0.28960227966308594,3.7555654048919678,-16.44594383239746,0.29260119795799255,0.007231248542666435,0.11761067062616348,3,False,0.6312215328216553,0.0
fore_aft,7.0,0,0.2896023094654083,3.755652904510498,-16.446016311645508,0.29260268807411194,0.00722154276445508,0.11740562319755554,3,False,0.6312232613563538,0.0
fore_aft,7.0200000000000005,0,0.28960251808166504,3.755549907684326,-16.4460391998291,0.2926027178764343,0.007220592815428972,0.11768421530723572,3,False,0.6312235593795776,0.0
fore_aft,7.04,0,0.28960245847702026,3.7555489540100098,-16.446035385131836,0.29260265827178955,0.007233106065541506,0.11757531017065048,3,False,0.6312220692634583,0.0
fore_aft,7.0600000000000005,0,0.2896023094654083,3.755558967590332,-16.44597625732422,0.29260170459747314,0.00722786458209157,0.1173442080616951,3,False,0.631222128868103,0.0
fore_aft,7.08,0,0.2896023988723755,3.7556183338165283,-16.446035385131836,0.29260289669036865,0.007208875846117735,0.11755600571632385,3,False,0.6312230825424194,0.0
fore_aft,7.1000000000000005,0,0.2896024286746979,3.755505084991455,-16.44608497619629,0.29260334372520447,0.007224556524306536,0.11780274659395218,3,False,0.6312201023101807,0.0
fore_aft,7.12,0,0.28960275650024414,3.755309581756592,-16.446048736572266,0.2926020324230194,0.00721263512969017,0.1171402782201767,3,False,0.6312222480773926,0.0
fore_aft,7.140000000000001,0,0.2896028757095337,3.7553064823150635,-16.446056365966797,0.29260218143463135,0.0072145541198551655,0.11712677776813507,3,False,0.6312206983566284,0.0
fore_aft,7.16,0,0.2896028161048889,3.7553646564483643,-16.446075439453125,0.29260268807411194,0.007232850883156061,0.11735385656356812,3,False,0.6312206387519836,0.0
fore_aft,7.18,0,0.2896023392677307,3.7552318572998047,-16.44601821899414,0.2926013171672821,0.007259239908307791,0.11762487888336182,3,False,0.6312181949615479,0.0
fore_aft,7.2,0,0.28960245847702026,3.7552945613861084,-16.446056365966797,0.29260215163230896,0.007236291188746691,0.11784008145332336,3,False,0.6312195062637329,0.0
fore_aft,7.22,0,0.28960272669792175,3.7555153369903564,-16.44608497619629,0.29260340332984924,0.007232269737869501,0.11756127327680588,3,False,0.6312249302864075,0.0
fore_aft,7.24,0,0.2896025478839874,3.755709648132324,-16.446157455444336,0.29260528087615967,0.0072321295738220215,0.1175336092710495,3,False,0.631223738193512,0.0
fore_aft,7.26,0,0.2896026074886322,3.755490303039551,-16.4461612701416,0.29260456562042236,0.0072336397133767605,0.1180334985256195,3,False,0.6312235593795776,0.0
fore_aft,7.28,0,0.28960299491882324,3.7555646896362305,-16.44622230529785,0.2926058769226074,0.00721855228766799,0.11762901395559311,3,False,0.6312205195426941,0.0
fore_aft,7.3,0,0.289603590965271,3.7554543018341064,-16.446311950683594,0.29260700941085815,0.007227067369967699,0.1175241470336914,3,False,0.6312247514724731,0.0
fore_aft,7.32,0,0.28960371017456055,3.755507230758667,-16.446399688720703,0.2926086485385895,0.007219954859465361,0.11742892861366272,3,False,0.6312230229377747,0.0
fore_aft,7.34,0,0.2896037697792053,3.75573468208313,-16.446460723876953,0.29261040687561035,0.00722078513354063,0.11754520237445831,3,False,0.6312212944030762,0.0
fore_aft,7.36,0,0.2896038591861725,3.755478620529175,-16.44647216796875,0.2926097512245178,0.007224111817777157,0.11764995753765106,3,False,0.6312205195426941,0.0
fore_aft,7.38,0,0.2896038889884949,3.7553069591522217,-16.446462631225586,0.29260900616645813,0.007227262947708368,0.11761092394590378,3,False,0.6312190294265747,0.0
fore_aft,7.4,0,0.28960397839546204,3.755394220352173,-16.446435928344727,0.2926088273525238,0.007217828184366226,0.11727794259786606,3,False,0.6312220692634583,0.0
fore_aft,7.42,0,0.28960397839546204,3.7553653717041016,-16.446510314941406,0.2926099896430969,0.007209161762148142,0.11757957190275192,3,False,0.6312220692634583,0.0
fore_aft,7.44,0,0.28960391879081726,3.7551989555358887,-16.44647979736328,0.29260891675949097,0.007236064411699772,0.11763886362314224,3,False,0.6312180161476135,0.0
fore_aft,7.46,0,0.28960391879081726,3.755115270614624,-16.446420669555664,0.2926076352596283,0.007232201285660267,0.11750169098377228,3,False,0.6312171220779419,0.0
fore_aft,7.48,0,0.28960397839546204,3.755136251449585,-16.446456909179688,0.2926083207130432,0.007238470017910004,0.11768300086259842,3,False,0.631216287612915,0.0
fore_aft,7.5,0,0.2896040678024292,3.7553510665893555,-16.446516036987305,0.2926100492477417,0.007241584826260805,0.11755268275737762,3,False,0.6312174797058105,0.0
fore_aft,7.5200000000000005,0,0.2896040976047516,3.755516290664673,-16.446514129638672,0.2926105856895447,0.0072216978296637535,0.11757458001375198,3,False,0.6312204003334045,0.0
fore_aft,7.54,0,0.2896038591861725,3.7556889057159424,-16.44650650024414,0.2926110625267029,0.007228904869407415,0.11770842969417572,3,False,0.6312183141708374,0.0
fore_aft,7.5600000000000005,0,0.28960365056991577,3.755326509475708,-16.446386337280273,0.29260778427124023,0.007236430421471596,0.1178816482424736,3,False,0.6312199831008911,0.0
fore_aft,7.58,0,0.28960373997688293,3.7553484439849854,-16.4464054107666,0.2926081717014313,0.007212849333882332,0.1174408495426178,3,False,0.6312209367752075,0.0
fore_aft,7.6000000000000005,0,0.2896040678024292,3.755244493484497,-16.44654083251953,0.2926100790500641,0.007220824249088764,0.11786522716283798,3,False,0.6312205195426941,0.0
fore_aft,7.62,0,0.28960418701171875,3.7552568912506104,-16.446516036987305,0.29260972142219543,0.007232690695673227,0.11739383637905121,3,False,0.6312192678451538,0.0
fore_aft,7.640000000000001,0,0.2896040976047516,3.7552080154418945,-16.446517944335938,0.2926095724105835,0.007245255168527365,0.11778274923563004,3,False,0.6312170028686523,0.0
fore_aft,7.66,0,0.2896040380001068,3.755263090133667,-16.446435928344727,0.292608380317688,0.007241752929985523,0.11737842857837677,3,False,0.6312181949615479,0.0
fore_aft,7.68,0,0.2896040081977844,3.755542516708374,-16.446475982666016,0.2926100492477417,0.007224499247968197,0.11736533045768738,3,False,0.6312201023101807,0.0
fore_aft,7.7,0,0.2896040081977844,3.7555043697357178,-16.44654083251953,0.2926110029220581,0.0072236983105540276,0.11775066703557968,3,False,0.6312189102172852,0.0
fore_aft,7.72,0,0.2896038591861725,3.755470037460327,-16.44647789001465,0.2926098108291626,0.007237973622977734,0.11763499677181244,3,False,0.6312177181243896,0.0
fore_aft,7.74,0,0.2896037995815277,3.755434513092041,-16.446426391601562,0.2926088273525238,0.007230784278362989,0.11779800802469254,3,False,0.631217896938324,0.0
fore_aft,7.76,0,0.2896037995815277,3.7554261684417725,-16.446439743041992,0.2926090657711029,0.007224906235933304,0.11771410703659058,3,False,0.6312165856361389,0.0
fore_aft,7.78,0,0.2896038889884949,3.755268096923828,-16.446462631225586,0.2926088869571686,0.007226265501230955,0.11777596175670624,3,False,0.6312175989151001,0.0
fore_aft,7.8,0,0.2896040081977844,3.75522518157959,-16.446489334106445,0.29260915517807007,0.007236846257001162,0.11758507788181305,3,False,0.6312180161476135,0.0
fore_aft,7.82,0,0.2896040380001068,3.7552378177642822,-16.446489334106445,0.29260924458503723,0.007233381271362305,0.11759046465158463,3,False,0.6312191486358643,0.0
fore_aft,7.84,0,0.28960397839546204,3.755326271057129,-16.446496963500977,0.29260963201522827,0.007235753815621138,0.11756519228219986,3,False,0.6312193274497986,0.0
fore_aft,7.86,0,0.2896040380001068,3.755321741104126,-16.44650650024414,0.2926097810268402,0.007235789205878973,0.11756148934364319,3,False,0.6312209367752075,0.0
fore_aft,7.88,0,0.289604127407074,3.7554385662078857,-16.446495056152344,0.2926099896430969,0.0072205630131065845,0.11728949844837189,3,False,0.6312204599380493,0.0
fore_aft,7.9,0,0.2896040976047516,3.7554397583007812,-16.44651985168457,0.29261040687561035,0.007236574776470661,0.11764080822467804,3,False,0.6312203407287598,0.0
fore_aft,7.92,0,0.2896038889884949,3.755101203918457,-16.44650650024414,0.2926090657711029,0.007252697367221117,0.11799674481153488,3,False,0.6312167048454285,0.0
fore_aft,7.94,0,0.2896040081977844,3.755305767059326,-16.446447372436523,0.29260870814323425,0.007243207190185785,0.11722106486558914,3,False,0.6312199831008911,0.0
fore_aft,7.96,0,0.28960397839546204,3.7553863525390625,-16.44651222229004,0.29261013865470886,0.007231964264065027,0.11783843487501144,3,False,0.6312200427055359,0.0
fore_aft,7.98,0,0.28960391879081726,3.7553863525390625,-16.44647979736328,0.2926095724105835,0.007245090790092945,0.11754956841468811,3,False,0.6312198042869568,0.0
fore_aft,8.0,0,0.2896038591861725,3.7553868293762207,-16.44647789001465,0.2926095426082611,0.007229601498693228,0.11752762645483017,3,False,0.6312205195426941,0.0
fore_aft,8.02,0,0.28960394859313965,3.755465507507324,-16.446489334106445,0.2926100194454193,0.007228503469377756,0.11774799227714539,3,False,0.6312185525894165,0.0
fore_aft,8.040000000000001,0,0.2896040081977844,3.7553036212921143,-16.44646453857422,0.2926090359687805,0.0072307707741856575,0.1176079660654068,3,False,0.6312198042869568,0.0
fore_aft,8.06,0,0.28960394859313965,3.75527024269104,-16.446495056152344,0.29260942339897156,0.007236307021230459,0.11773376166820526,3,False,0.6312187910079956,0.0
fore_aft,8.08,0,0.28960394859313965,3.755223274230957,-16.446483612060547,0.2926090359687805,0.007240368984639645,0.11757039278745651,3,False,0.6312188506126404,0.0
fore_aft,8.1,0,0.2896040081977844,3.7552523612976074,-16.446523666381836,0.2926098108291626,0.007239993195980787,0.11771784722805023,3,False,0.6312198638916016,0.0
fore_aft,8.120000000000001,0,0.28960394859313965,3.755341053009033,-16.44650650024414,0.2926098108291626,0.007240942679345608,0.11755754053592682,3,False,0.6312198638916016,0.0
fore_aft,8.14,0,0.28960394859313965,3.7554173469543457,-16.446483612060547,0.2926097512245178,0.007230920717120171,0.11743244528770447,3,False,0.6312208771705627,0.0
fore_aft,8.16,0,0.28960371017456055,3.755392074584961,-16.44643211364746,0.2926087975502014,0.007237187121063471,0.11774744838476181,3,False,0.6312177777290344,0.0
fore_aft,8.18,0,0.28960368037223816,3.7552597522735596,-16.446430206298828,0.2926082909107208,0.00723631214350462,0.11755182594060898,3,False,0.6312188506126404,0.0
fore_aft,8.2,0,0.2896038293838501,3.755159854888916,-16.4464054107666,0.29260751605033875,0.007223688531666994,0.11755400151014328,3,False,0.6312176585197449,0.0
fore_aft,8.22,0,0.2896040678024292,3.7553892135620117,-16.446523666381836,0.2926102876663208,0.007227449212223291,0.11759208142757416,3,False,0.6312174201011658,0.0
fore_aft,8.24,0,0.2896040976047516,3.755427837371826,-16.446502685546875,0.2926101088523865,0.007238597609102726,0.11774850636720657,3,False,0.631217360496521,0.0
fore_aft,8.26,0,0.2896038889884949,3.7555155754089355,-16.446409225463867,0.2926088571548462,0.007230740040540695,0.11734359711408615,3,False,0.6312195062637329,0.0
fore_aft,8.28,0,0.28960365056991577,3.75541353225708,-16.446462631225586,0.2926093637943268,0.007227480411529541,0.11807962507009506,3,False,0.6312177181243896,0.0
fore_aft,8.3,0,0.28960373997688293,3.755298614501953,-16.44645118713379,0.2926087975502014,0.007233049720525742,0.11775823682546616,3,False,0.631217896938324,0.0
fore_aft,8.32,0,0.2896040081977844,3.755192279815674,-16.446475982666016,0.2926087975502014,0.007227351889014244,0.11766248941421509,3,False,0.6312201023101807,0.0
fore_aft,8.34,0,0.2896040976047516,3.7553646564483643,-16.44654083251953,0.2926104962825775,0.007233595009893179,0.11764156073331833,3,False,0.6312195658683777,0.0
fore_aft,8.36,0,0.2896040976047516,3.7552287578582764,-16.446533203125,0.29260993003845215,0.007238073740154505,0.11754626780748367,3,False,0.6312201023101807,0.0
fore_aft,8.38,0,0.2896040380001068,3.755347967147827,-16.446475982666016,0.2926093637943268,0.007227735593914986,0.11739112436771393,3,False,0.6312191486358643,0.0
fore_aft,8.4,0,0.2896040380001068,3.7553131580352783,-16.446523666381836,0.2926100492477417,0.007228983100503683,0.11773955821990967,3,False,0.6312192678451538,0.0
fore_aft,8.42,0,0.28960415720939636,3.7552568912506104,-16.446475982666016,0.2926090657711029,0.0072291395626962185,0.11768556386232376,3,False,0.6312177181243896,0.0
fore_aft,8.44,0,0.2896040976047516,3.7551329135894775,-16.446455001831055,0.2926082909107208,0.007235471159219742,0.1176285520195961,3,False,0.6312175393104553,0.0
fore_aft,8.46,0,0.2896040976047516,3.755117416381836,-16.446502685546875,0.2926090359687805,0.007230311632156372,0.11750500649213791,3,False,0.6312174797058105,0.0
fore_aft,8.48,0,0.28960415720939636,3.754971981048584,-16.446496963500977,0.29260843992233276,0.007234013639390469,0.11769555509090424,3,False,0.6312171220779419,0.0
fore_aft,8.5,0,0.2896040678024292,3.7551302909851074,-16.44649887084961,0.29260900616645813,0.007247979287058115,0.11751722544431686,3,False,0.6312165856361389,0.0
fore_aft,8.52,0,0.28960394859313965,3.755174160003662,-16.44647216796875,0.29260870814323425,0.007244432810693979,0.11760718375444412,3,False,0.631217360496521,0.0
fore_aft,8.540000000000001,0,0.2896040081977844,3.7551772594451904,-16.446487426757812,0.29260897636413574,0.007236188277602196,0.11761059612035751,3,False,0.6312192678451538,0.0
fore_aft,8.56,0,0.2896040678024292,3.755230188369751,-16.4465274810791,0.292609840631485,0.0072364346124231815,0.11762954294681549,3,False,0.6312204003334045,0.0
fore_aft,8.58,0,0.2896040380001068,3.755225896835327,-16.4465274810791,0.2926098108291626,0.0072447084821760654,0.11770246922969818,3,False,0.631221354007721,0.0
fore_aft,8.6,0,0.2896040380001068,3.755387306213379,-16.446510314941406,0.2926101088523865,0.007240703329443932,0.11757464706897736,3,False,0.6312199234962463,0.0
fore_aft,8.620000000000001,0,0.2896040678024292,3.7554051876068115,-16.446502685546875,0.2926100194454193,0.0072358096949756145,0.11750967800617218,3,False,0.6312202215194702,0.0
fore_aft,8.64,0,0.28960394859313965,3.7554683685302734,-16.44647979736328,0.292609840631485,0.007233055774122477,0.11757801473140717,3,False,0.6312196254730225,0.0
fore_aft,8.66,0,0.2896038591861725,3.7556111812591553,-16.446489334106445,0.2926104962825775,0.007222386077046394,0.11751622706651688,3,False,0.6312195062637329,0.0
fore_aft,8.68,0,0.2896038889884949,3.7553577423095703,-16.446449279785156,0.29260894656181335,0.007237040903419256,0.11791802942752838,3,False,0.6312177181243896,0.0
fore_aft,8.700000000000001,0,0.2896037697792053,3.7553365230560303,-16.446422576904297,0.2926084101200104,0.007234613876789808,0.11739486455917358,3,False,0.6312158703804016,0.0
fore_aft,8.72,0,0.2896038591861725,3.755289077758789,-16.44645118713379,0.29260876774787903,0.0072305756621062756,0.11758586764335632,3,False,0.6312175989151001,0.0
fore_aft,8.74,0,0.2896040976047516,3.7553725242614746,-16.44650650024414,0.2926099896430969,0.007224470376968384,0.11756463348865509,3,False,0.631218671798706,0.0
fore_aft,8.76,0,0.2896040081977844,3.755446672439575,-16.446552276611328,0.2926109731197357,0.007228814531117678,0.11749549955129623,3,False,0.6312198042869568,0.0
fore_aft,8.78,0,0.2896040081977844,3.7554028034210205,-16.44649314880371,0.2926098108291626,0.007230568677186966,0.11766300350427628,3,False,0.6312199831008911,0.0
fore_aft,8.8,0,0.28960394859313965,3.755415201187134,-16.44650650024414,0.29261013865470886,0.007225506007671356,0.11760502308607101,3,False,0.631220817565918,0.0
fore_aft,8.82,0,0.2896040380001068,3.755419969558716,-16.446496963500977,0.29260995984077454,0.007222125306725502,0.11767610907554626,3,False,0.6312199831008911,0.0
fore_aft,8.84,0,0.28960397839546204,3.755251407623291,-16.446462631225586,0.2926088273525238,0.007243965286761522,0.11773257702589035,3,False,0.6312175989151001,0.0
fore_aft,8.86,0,0.28960391879081726,3.7550835609436035,-16.446426391601562,0.2926076054573059,0.007247894071042538,0.11780954152345657,3,False,0.631217896938324,0.0
fore_aft,8.88,0,0.28960397839546204,3.7552051544189453,-16.446455001831055,0.2926085293292999,0.007230634801089764,0.11736384779214859,3,False,0.6312196254730225,0.0
fore_aft,8.9,0,0.289604127407074,3.7551820278167725,-16.4465389251709,0.292609840631485,0.00722899567335844,0.11759966611862183,3,False,0.6312201619148254,0.0
fore_aft,8.92,0,0.28960397839546204,3.755279779434204,-16.44651985168457,0.292609840631485,0.007248030509799719,0.11762607842683792,3,False,0.6312183737754822,0.0
fore_aft,8.94,0,0.28960394859313965,3.755326271057129,-16.446449279785156,0.2926088571548462,0.007242997642606497,0.11747831851243973,3,False,0.6312181353569031,0.0
fore_aft,8.96,0,0.2896037995815277,3.7553317546844482,-16.446409225463867,0.29260823130607605,0.007233922835439444,0.117437943816185,3,False,0.6312185525894165,0.0
fore_aft,8.98,0,0.28960391879081726,3.755511999130249,-16.44646453857422,0.29260972142219543,0.007221908774226904,0.11765801161527634,3,False,0.6312190294265747,0.0
fore_aft,9.0,0,0.2896038889884949,3.7554774284362793,-16.446481704711914,0.29260990023612976,0.007227516733109951,0.11757992953062057,3,False,0.6312172412872314,0.0
fore_aft,9.02,0,0.28960391879081726,3.7553322315216064,-16.446460723876953,0.2926090359687805,0.00723212631419301,0.11778966337442398,3,False,0.6312177181243896,0.0
fore_aft,9.040000000000001,0,0.2896040081977844,3.7554574012756348,-16.446460723876953,0.29260948300361633,0.007221895735710859,0.11741192638874054,3,False,0.6312193870544434,0.0
fore_aft,9.06,0,0.28960394859313965,3.755422830581665,-16.446510314941406,0.292610228061676,0.007229843642562628,0.11794455349445343,3,False,0.6312175989151001,0.0
fore_aft,9.08,0,0.2896037697792053,3.7553658485412598,-16.44643211364746,0.29260870814323425,0.007249504793435335,0.1175764799118042,3,False,0.6312196254730225,0.0
fore_aft,9.1,0,0.28960373997688293,3.7554900646209717,-16.446443557739258,0.2926092743873596,0.007222761865705252,0.11787033826112747,3,False,0.6312193870544434,0.0
fore_aft,9.120000000000001,0,0.28960368037223816,3.7553906440734863,-16.446447372436523,0.29260900616645813,0.007235360331833363,0.11768783628940582,3,False,0.6312195658683777,0.0
fore_aft,9.14,0,0.2896040081977844,3.7551944255828857,-16.446487426757812,0.29260900616645813,0.0072301351465284824,0.11786875873804092,3,False,0.6312191486358643,0.0
fore_aft,9.16,0,0.2896040380001068,3.7553231716156006,-16.44654083251953,0.2926103472709656,0.00724861491471529,0.11766776442527771,3,False,0.6312193274497986,0.0
fore_aft,9.18,0,0.28960397839546204,3.7554829120635986,-16.446487426757812,0.2926100194454193,0.007246064953505993,0.11756143718957901,3,False,0.631220281124115,0.0
fore_aft,9.200000000000001,0,0.2896038293838501,3.755624532699585,-16.446460723876953,0.2926100492477417,0.007231056224554777,0.11753159016370773,3,False,0.631219744682312,0.0
fore_aft,9.22,0,0.28960368037223816,3.755589723587036,-16.446413040161133,0.29260915517807007,0.007230913732200861,0.1175900548696518,3,False,0.6312220692634583,0.0
fore_aft,9.24,0,0.2896036207675934,3.7556328773498535,-16.446449279785156,0.29260993003845215,0.007223259191960096,0.1177443340420723,3,False,0.6312196254730225,0.0
fore_aft,9.26,0,0.28960368037223816,3.755615234375,-16.446447372436523,0.2926097810268402,0.0072274645790457726,0.11760928481817245,3,False,0.631218671798706,0.0
fore_aft,9.28,0,0.2896037697792053,3.7553746700286865,-16.446388244628906,0.29260799288749695,0.0072317784652113914,0.11772643029689789,3,False,0.6312190294265747,0.0
fore_aft,9.3,0,0.28960350155830383,3.755359649658203,-16.44636344909668,0.29260751605033875,0.007242000196129084,0.11769155412912369,3,False,0.6312185525894165,0.0
fore_aft,9.32,0,0.28960344195365906,3.755357503890991,-16.446369171142578,0.2926076352596283,0.007239115424454212,0.11783772706985474,3,False,0.6312188506126404,0.0
fore_aft,9.34,0,0.2896035611629486,3.7552735805511475,-16.446378707885742,0.29260748624801636,0.007237302605062723,0.11778067797422409,3,False,0.6312193274497986,0.0
fore_aft,9.36,0,0.28960365056991577,3.7552807331085205,-16.44635581970215,0.2926070988178253,0.00723402202129364,0.11731427907943726,3,False,0.6312204003334045,0.0
fore_aft,9.38,0,0.2896037697792053,3.755519151687622,-16.44643783569336,0.292609304189682,0.007225447800010443,0.1174822747707367,3,False,0.6312204003334045,0.0
fore_aft,9.4,0,0.28960368037223816,3.7555465698242188,-16.44643211364746,0.292609304189682,0.007231231778860092,0.11752002686262131,3,False,0.6312199234962463,0.0
fore_aft,9.42,0,0.28960344195365906,3.7552661895751953,-16.446311950683594,0.292606383562088,0.007246415130794048,0.1176123172044754,3,False,0.6312182545661926,0.0
fore_aft,9.44,0,0.289603590965271,3.7553365230560303,-16.446386337280273,0.2926078140735626,0.007223895750939846,0.11752574145793915,3,False,0.6312188506126404,0.0
fore_aft,9.46,0,0.28960373997688293,3.75533127784729,-16.446449279785156,0.2926088869571686,0.007237814832478762,0.11778106540441513,3,False,0.6312206387519836,0.0
fore_aft,9.48,0,0.2896037697792053,3.755309581756592,-16.446409225463867,0.2926080822944641,0.007231509312987328,0.11742435395717621,3,False,0.6312198638916016,0.0
fore_aft,9.5,0,0.2896037995815277,3.755366325378418,-16.446455001831055,0.2926090657711029,0.007239886559545994,0.11776188760995865,3,False,0.6312199234962463,0.0
fore_aft,9.52,0,0.2896037697792053,3.7552123069763184,-16.44640350341797,0.29260769486427307,0.007253301329910755,0.11783034354448318,3,False,0.631218433380127,0.0
fore_aft,9.540000000000001,0,0.2896037697792053,3.755441904067993,-16.44643783569336,0.2926090657711029,0.007240391336381435,0.11738190054893494,3,False,0.6312212944030762,0.0
fore_aft,9.56,0,0.28960373997688293,3.755589723587036,-16.4464054107666,0.29260900616645813,0.007227560505270958,0.11764805763959885,3,False,0.6312218308448792,0.0
fore_aft,9.58,0,0.2896035313606262,3.7555739879608154,-16.446367263793945,0.2926083207130432,0.007229975424706936,0.11746663600206375,3,False,0.6312206387519836,0.0
fore_aft,9.6,0,0.2896032929420471,3.75547194480896,-16.44631004333496,0.29260700941085815,0.007244263309985399,0.11796591430902481,3,False,0.6312185525894165,0.0
fore_aft,9.620000000000001,0,0.2896032929420471,3.755540132522583,-16.446319580078125,0.2926074266433716,0.007223714608699083,0.11751074343919754,3,False,0.6312201023101807,0.0
fore_aft,9.64,0,0.28960344195365906,3.7554986476898193,-16.446372985839844,0.2926081717014313,0.007221019361168146,0.11783447116613388,3,False,0.6312205195426941,0.0
fore_aft,9.66,0,0.28960371017456055,3.7556657791137695,-16.44643783569336,0.2926098108291626,0.007219245657324791,0.1175716295838356,3,False,0.631221354007721,0.0
fore_aft,9.68,0,0.2896035313606262,3.755413293838501,-16.446325302124023,0.29260706901550293,0.007239819969981909,0.11771370470523834,3,False,0.6312189698219299,0.0
fore_aft,9.700000000000001,0,0.28960350155830383,3.7553775310516357,-16.44637680053711,0.29260778427124023,0.0072396681644022465,0.11783704161643982,3,False,0.6312190294265747,0.0
fore_aft,9.72,0,0.2896033823490143,3.7552857398986816,-16.44633674621582,0.29260683059692383,0.007249495014548302,0.11762650310993195,3,False,0.6312181353569031,0.0
fore_aft,9.74,0,0.2896036207675934,3.755558967590332,-16.44641876220703,0.2926091253757477,0.0072349742986261845,0.11757811903953552,3,False,0.6312204003334045,0.0
fore_aft,9.76,0,0.28960350155830383,3.7557578086853027,-16.446382522583008,0.29260921478271484,0.0072261868044734,0.11744021624326706,3,False,0.6312205195426941,0.0
fore_aft,9.78,0,0.28960347175598145,3.755949020385742,-16.446409225463867,0.2926103174686432,0.007235728669911623,0.11752328276634216,3,False,0.6312199831008911,0.0
fore_aft,9.8,0,0.289603054523468,3.7556402683258057,-16.44631004333496,0.29260754585266113,0.007239596918225288,0.11792394518852234,3,False,0.631217360496521,0.0
fore_aft,9.82,0,0.289603054523468,3.7556309700012207,-16.44632911682129,0.2926079034805298,0.0072351363487541676,0.1177712231874466,3,False,0.6312163472175598,0.0
fore_aft,9.84,0,0.2896035611629486,3.755396604537964,-16.44634246826172,0.29260730743408203,0.007227704860270023,0.11777745187282562,3,False,0.6312216520309448,0.0
fore_aft,9.86,0,0.28960373997688293,3.755587577819824,-16.446456909179688,0.29260990023612976,0.007239429280161858,0.11768976598978043,3,False,0.6312203407287598,0.0
fore_aft,9.88,0,0.28960365056991577,3.7557568550109863,-16.446443557739258,0.29261019825935364,0.0072494628839194775,0.11759299784898758,3,False,0.6312230229377747,0.0
fore_aft,9.9,0,0.28960317373275757,3.7557454109191895,-16.446304321289062,0.292607843875885,0.0072405836544930935,0.11760464310646057,3,False,0.6312205195426941,0.0
fore_aft,9.92,0,0.28960299491882324,3.755551815032959,-16.446317672729492,0.2926074266433716,0.007232141215354204,0.1177251860499382,3,False,0.6312191486358643,0.0
fore_aft,9.94,0,0.28960344195365906,3.7552945613861084,-16.446334838867188,0.29260683059692383,0.0072283134795725346,0.11800603568553925,3,False,0.6312196254730225,0.0
fore_aft,9.96,0,0.28960397839546204,3.7555835247039795,-16.44646453857422,0.29260995984077454,0.007231433875858784,0.11747566610574722,3,False,0.6312217116355896,0.0
fore_aft,9.98,0,0.28960394859313965,3.7555980682373047,-16.44646644592285,0.2926100492477417,0.007227424997836351,0.11750410497188568,3,False,0.6312227845191956,0.0
fore_aft,10.0,0,0.28960344195365906,3.755615234375,-16.446401596069336,0.2926090657711029,0.007257499732077122,0.11788413673639297,3,False,0.6312200427055359,0.0
fore_aft,10.02,0,0.28960326313972473,3.7555489540100098,-16.44629669189453,0.29260703921318054,0.007234435528516769,0.11755292117595673,3,False,0.6312206387519836,0.0
fore_aft,10.040000000000001,0,0.28960341215133667,3.755450963973999,-16.44634246826172,0.29260745644569397,0.007226873189210892,0.11780357360839844,3,False,0.631220281124115,0.0
fore_aft,10.06,0,0.2896038293838501,3.75534725189209,-16.446426391601562,0.2926085591316223,0.007217021193355322,0.11755896359682083,3,False,0.6312201023101807,0.0
fore_aft,10.08,0,0.2896038591861725,3.755380868911743,-16.446449279785156,0.2926090359687805,0.007244501728564501,0.11770836263895035,3,False,0.6312182545661926,0.0
fore_aft,10.1,0,0.28960368037223816,3.755495548248291,-16.446407318115234,0.29260870814323425,0.007240384817123413,0.11746381223201752,3,False,0.6312187314033508,0.0
fore_aft,10.120000000000001,0,0.2896035313606262,3.7553389072418213,-16.44633674621582,0.29260700941085815,0.0072439126670360565,0.11763955652713776,3,False,0.6312196254730225,0.0
fore_aft,10.14,0,0.28960365056991577,3.755544424057007,-16.446413040161133,0.29260900616645813,0.007222783286124468,0.117665134370327,3,False,0.6312202215194702,0.0
fore_aft,10.16,0,0.2896037697792053,3.7555930614471436,-16.446420669555664,0.2926092743873596,0.007226120214909315,0.1176062598824501,3,False,0.6312190890312195,0.0
fore_aft,10.18,0,0.28960373997688293,3.7555408477783203,-16.446434020996094,0.2926093339920044,0.007224526256322861,0.11758530884981155,3,False,0.6312195658683777,0.0
fore_aft,10.200000000000001,0,0.2896035611629486,3.7554941177368164,-16.446409225463867,0.29260876774787903,0.00722770718857646,0.11749102920293808,3,False,0.631219744682312,0.0
fore_aft,10.22,0,0.2896035313606262,3.7553303241729736,-16.44632339477539,0.29260674118995667,0.007235931232571602,0.11799793690443039,3,False,0.6312180161476135,0.0
fore_aft,10.24,0,0.28960350155830383,3.755394458770752,-16.44636344909668,0.2926076650619507,0.007224957458674908,0.11737984418869019,3,False,0.6312177181243896,0.0
fore_aft,10.26,0,0.28960373997688293,3.755162477493286,-16.446382522583008,0.2926071286201477,0.007220780476927757,0.11763112246990204,3,False,0.6312190294265747,0.0
fore_aft,10.28,0,0.2896040380001068,3.7552547454833984,-16.446475982666016,0.2926090955734253,0.007229188457131386,0.11748388409614563,3,False,0.6312179565429688,0.0
fore_aft,10.3,0,0.28960397839546204,3.755232810974121,-16.446483612060547,0.2926090955734253,0.007246768567711115,0.11780770868062973,3,False,0.6312181949615479,0.0
fore_aft,10.32,0,0.289603590965271,3.7552647590637207,-16.446392059326172,0.2926076650619507,0.007254457101225853,0.11731000989675522,3,False,0.6312183737754822,0.0
fore_aft,10.34,0,0.2896036207675934,3.7554333209991455,-16.446426391601562,0.2926088273525238,0.007222526241093874,0.11766859143972397,3,False,0.6312190294265747,0.0
fore_aft,10.36,0,0.2896038591861725,3.7552490234375,-16.446453094482422,0.2926086187362671,0.0072258166037499905,0.11775008589029312,3,False,0.6312188506126404,0.0
fore_aft,10.38,0,0.2896040380001068,3.7553951740264893,-16.4465274810791,0.29261040687561035,0.007236257661134005,0.11753147095441818,3,False,0.6312181949615479,0.0
fore_aft,10.4,0,0.28960397839546204,3.7553763389587402,-16.446468353271484,0.2926093339920044,0.007233417592942715,0.11744091659784317,3,False,0.6312202215194702,0.0
fore_aft,10.42,0,0.2896038889884949,3.755469799041748,-16.44650650024414,0.2926102578639984,0.0072364164516329765,0.11759531497955322,3,False,0.6312196254730225,0.0
fore_aft,10.44,0,0.2896038591861725,3.7553505897521973,-16.44645118713379,0.29260897636413574,0.007240424398332834,0.11769268661737442,3,False,0.6312199831008911,0.0
fore_aft,10.46,0,0.2896038591861725,3.755354404449463,-16.446413040161133,0.2926083207130432,0.007223429623991251,0.11744384467601776,3,False,0.6312205791473389,0.0
fore_aft,10.48,0,0.2896040081977844,3.7553868293762207,-16.44650650024414,0.2926100194454193,0.007222515065222979,0.11778119951486588,3,False,0.6312194466590881,0.0
fore_aft,10.5,0,0.2896040678024292,3.7551777362823486,-16.446510314941406,0.2926093637943268,0.00723809702321887,0.11777135729789734,3,False,0.6312198042869568,0.0
fore_aft,10.52,0,0.2896040976047516,3.7553040981292725,-16.44651222229004,0.2926098108291626,0.007231096271425486,0.11750061064958572,3,False,0.6312212944030762,0.0
fore_aft,10.540000000000001,0,0.2896040380001068,3.755324125289917,-16.446523666381836,0.2926100790500641,0.007230343762785196,0.11763842403888702,3,False,0.6312203407287598,0.0
fore_aft,10.56,0,0.2896040678024292,3.7553179264068604,-16.446456909179688,0.29260894656181335,0.0072344266809523106,0.11766158044338226,3,False,0.6312198638916016,0.0
fore_aft,10.58,0,0.28960391879081726,3.755402088165283,-16.44646644592285,0.29260942339897156,0.007242253050208092,0.11755585670471191,3,False,0.6312206387519836,0.0
fore_aft,10.6,0,0.2896038591861725,3.7554330825805664,-16.446447372436523,0.29260918498039246,0.007236836943775415,0.11770148575305939,3,False,0.6312191486358643,0.0
fore_aft,10.620000000000001,0,0.2896037995815277,3.755413055419922,-16.446435928344727,0.29260891675949097,0.00723721319809556,0.11788533627986908,3,False,0.6312184929847717,0.0
fore_aft,10.64,0,0.2896038591861725,3.755284309387207,-16.446426391601562,0.2926083207130432,0.0072357081808149815,0.11766690015792847,3,False,0.6312198042869568,0.0
fore_aft,10.66,0,0.28960397839546204,3.7552096843719482,-16.44649314880371,0.29260918498039246,0.0072337486781179905,0.1177230030298233,3,False,0.6312191486358643,0.0
fore_aft,10.68,0,0.2896040678024292,3.7552008628845215,-16.446517944335938,0.2926095724105835,0.0072449189610779285,0.11780259013175964,3,False,0.6312199234962463,0.0
fore_aft,10.700000000000001,0,0.28960397839546204,3.755293607711792,-16.44650650024414,0.29260969161987305,0.007260255515575409,0.11772298067808151,3,False,0.631220281124115,0.0
fore_aft,10.72,0,0.28960391879081726,3.755575180053711,-16.446489334106445,0.29261040687561035,0.007246492430567741,0.11764243990182877,3,False,0.631222128868103,0.0
fore_aft,10.74,0,0.28960373997688293,3.755436420440674,-16.446439743041992,0.2926090955734253,0.007236574776470661,0.11759299784898758,3,False,0.6312231421470642,0.0
fore_aft,10.76,0,0.28960368037223816,3.7555928230285645,-16.446460723876953,0.29260993003845215,0.007229650393128395,0.11762915551662445,3,False,0.6312211155891418,0.0
fore_aft,10.78,0,0.28960371017456055,3.75551438331604,-16.446443557739258,0.29260939359664917,0.0072359065525233746,0.11788255721330643,3,False,0.6312214732170105,0.0
fore_aft,10.8,0,0.28960371017456055,3.7556285858154297,-16.446447372436523,0.292609840631485,0.007231185212731361,0.11754301190376282,3,False,0.6312196254730225,0.0
fore_aft,10.82,0,0.2896037697792053,3.7554595470428467,-16.446460723876953,0.2926095128059387,0.007230457849800587,0.1177641972899437,3,False,0.6312218308448792,0.0
fore_aft,10.84,0,0.2896037697792053,3.7555761337280273,-16.44649314880371,0.29261040687561035,0.0072237844578921795,0.11754395067691803,3,False,0.6312211155891418,0.0
fore_aft,10.86,0,0.28960373997688293,3.7553517818450928,-16.446447372436523,0.29260891675949097,0.007228233851492405,0.11771579086780548,3,False,0.6312225461006165,0.0
fore_aft,10.88,0,0.28960368037223816,3.7553458213806152,-16.446388244628906,0.2926078736782074,0.007233260665088892,0.11765262484550476,3,False,0.6312215328216553,0.0
fore_aft,10.9,0,0.2896035313606262,3.755324125289917,-16.44636344909668,0.2926073372364044,0.007237100973725319,0.11755332350730896,3,False,0.6312188506126404,0.0
fore_aft,10.92,0,0.28960365056991577,3.755215883255005,-16.446369171142578,0.2926071286201477,0.007238763850182295,0.11775923520326614,3,False,0.631220281124115,0.0
fore_aft,10.94,0,0.28960368037223816,3.7553253173828125,-16.446369171142578,0.29260748624801636,0.007224428001791239,0.11749053746461868,3,False,0.6312192678451538,0.0
fore_aft,10.96,0,0.28960373997688293,3.7553179264068604,-16.446401596069336,0.29260802268981934,0.00723129091784358,0.11762014776468277,3,False,0.6312196254730225,0.0
fore_aft,10.98,0,0.2896036207675934,3.755157947540283,-16.44635581970215,0.2926066815853119,0.00724788149818778,0.11777833849191666,3,False,0.6312190294265747,0.0
fore_aft,11.0,0,0.28960350155830383,3.755267381668091,-16.446378707885742,0.29260745644569397,0.007236965466290712,0.1174510195851326,3,False,0.6312183737754822,0.0
