step,time_s,phase,cmd_x,cmd_y,cmd_yaw,height,x,y,speed,yaw_speed,roll_deg,pitch_deg,foot_contacts,base_contact,done,vx,vy,vx_b,vy_b,wz,push_delta_vy,joint_rms_deviation,FL_foot_x_b,FL_foot_y_b,FL_foot_z_w,FL_foot_fz,FL_foot_contact,FL_foot_speed_xy,FR_foot_x_b,FR_foot_y_b,FR_foot_z_w,FR_foot_fz,FR_foot_contact,FR_foot_speed_xy,RL_foot_x_b,RL_foot_y_b,RL_foot_z_w,RL_foot_fz,RL_foot_contact,RL_foot_speed_xy,RR_foot_x_b,RR_foot_y_b,RR_foot_z_w,RR_foot_fz,RR_foot_contact,RR_foot_speed_xy
1,0.02,stand,0.0,0.0,0.0,0.39875659346580505,7.324852049350739e-05,2.9415892640827224e-05,0.00782870315015316,0.03275755047798157,-0.361439843777029,-0.008932289943843262,0,0,0,0.006582229398190975,0.0042382595129311085,0.0065630762837827206,0.0033966677729040384,0.03275755047798157,0.0,0.07546155154705048,0.17264829576015472,0.16919419169425964,0.07773692905902863,0.0,0,0.3558194935321808,0.16743189096450806,-0.1773650199174881,0.08017352968454361,0.0,0,0.4137010872364044,-0.28826966881752014,0.16741327941417694,0.09523999691009521,0.0,0,0.998407781124115,-0.2823401093482971,-0.16996647417545319,0.0945226326584816,0.0,0,0.6929323673248291
2,0.04,stand,0.0,0.0,0.0,0.39387810230255127,-9.663030505180359e-05,1.6357822460122406e-05,0.014884565956890583,0.0045246584340929985,-0.5620055206292502,0.1583725034195848,0,0,0,-0.014876587316393852,0.0004872885765507817,-0.01394263282418251,-0.002814212813973427,-0.0045246584340929985,0.0,0.15978549420833588,0.17502935230731964,0.16746990382671356,0.05176423490047455,0.0,0,0.3730829358100891,0.15996094048023224,-0.1814659833908081,0.05574803054332733,0.0,0,0.14049115777015686,-0.3109491467475891,0.1607445776462555,0.07642591744661331,0.0,0,1.0009480714797974,-0.28451696038246155,-0.16190333664417267,0.07960385829210281,0.0,0,0.457539439201355
3,0.06,stand,0.0,0.0,0.0,0.38488373160362244,-0.00044569559395313263,2.3858636268414557e-05,0.018388645723462105,0.005736834369599819,-0.7397212265000169,0.49876074367928247,0,0,0,-0.018357133492827415,0.0010760873556137085,-0.01361510157585144,-0.0059384009800851345,0.005736834369599819,0.0,0.23266124725341797,0.18104305863380432,0.16668987274169922,0.029351837933063507,0.0,0,0.20654992759227753,0.15271098911762238,-0.18451522290706635,0.030174054205417633,0.0,0,0.3974602222442627,-0.32216954231262207,0.15476326644420624,0.05475394427776337,0.0,0,0.3359934389591217,-0.2800424098968506,-0.15821006894111633,0.06151263415813446,0.0,0,0.31526482105255127
4,0.08,stand,0.0,0.0,0.0,0.3734692931175232,-0.0007937885820865631,1.981659443117678e-05,0.017235876992344856,0.03567597642540932,-0.7757011689437632,0.27816895218058385,2,0,0,-0.017215032130479813,-0.0008474052301608026,-0.014527179300785065,-0.008336769416928291,-0.03567597642540932,0.0,0.24891094863414764,0.17947253584861755,0.16683056950569153,0.022975943982601166,78.21849822998047,1,0.044853970408439636,0.1485094428062439,-0.1847590208053589,0.022790446877479553,84.68006134033203,1,0.041026901453733444,-0.3224119246006012,0.15178559720516205,0.028149746358394623,0.0,0,0.4830954670906067,-0.2739110589027405,-0.1622333973646164,0.04104740172624588,0.0,0,0.6155110001564026
5,0.1,stand,0.0,0.0,0.0,0.3639012575149536,-0.0015975143760442734,6.819493137300014e-05,0.0352463535964489,0.1256023347377777,-1.4073603717594216,-1.1987007606581765,4,0,0,-0.03518650680780411,0.0020531131885945797,-0.04272027686238289,-0.006773296277970076,0.1256023347377777,0.0,0.22163474559783936,0.17095789313316345,0.16299675405025482,0.023016341030597687,100.46546173095703,1,0.034662190824747086,0.13998062908649445,-0.18838083744049072,0.02284722775220871,104.58319091796875,1,0.037526216357946396,-0.32717612385749817,0.14709484577178955,0.022334903478622437,70.24642944335938,1,0.08920735120773315,-0.26827913522720337,-0.17455874383449554,0.022213049232959747,101.55897521972656,1,0.3378840386867523
6,0.12,stand,0.0,0.0,0.0,0.3583241105079651,-0.0027475059032440186,-0.00012261085794307292,0.06564196944236755,0.07617194205522537,-1.4026951391128912,-1.908463496798048,4,0,0,-0.06477316468954086,-0.010644477792084217,-0.07158898562192917,-0.015457360073924065,0.07617194205522537,0.0,0.18998688459396362,0.16796112060546875,0.1629483550786972,0.02307531237602234,62.91756057739258,1,0.028058616444468498,0.13634686172008514,-0.18834474682807922,0.022878974676132202,68.10472869873047,1,0.043983981013298035,-0.33031535148620605,0.1480683982372284,0.022411055862903595,61.3725471496582,1,0.02814161591231823,-0.27214422821998596,-0.17359474301338196,0.022838130593299866,54.417301177978516,1,0.022506123408675194
7,0.14,stand,0.0,0.0,0.0,0.3547665476799011,-0.00399540551006794,-0.00024705997202545404,0.06096044182777405,0.03915826603770256,-1.3109595087006847,-1.843269554613688,4,0,0,-0.060899518430233,-0.002724757418036461,-0.06603504717350006,-0.006139280274510384,0.03915826603770256,0.0,0.171863853931427,0.16948476433753967,0.1634836047887802,0.02307436615228653,42.348785400390625,1,0.035665422677993774,0.13752931356430054,-0.187733992934227,0.022896982729434967,52.446983337402344,1,0.020819172263145447,-0.32872429490089417,0.14910827577114105,0.02244848757982254,44.99755096435547,1,0.011992810294032097,-0.2708998918533325,-0.1725798100233078,0.02287137508392334,35.13569641113281,1,0.01342273224145174
8,0.16,stand,0.0,0.0,0.0,0.35150641202926636,-0.005144976079463959,-0.000193579908227548,0.05699779838323593,0.029417211189866066,-1.3969772035605328,-1.6780141948622873,4,0,0,-0.056535765528678894,0.007242660969495773,-0.061298295855522156,0.003499553306028247,0.029417211189866066,0.0,0.1561393290758133,0.17141270637512207,0.16287900507450104,0.023111581802368164,35.37937545776367,1,0.02290116436779499,0.13927075266838074,-0.18824146687984467,0.02292344719171524,56.648033142089844,1,0.018188174813985825,-0.3266983926296234,0.14880366623401642,0.02247035503387451,31.87294578552246,1,0.0034247420262545347,-0.2690946161746979,-0.17289096117019653,0.022892192006111145,19.403324127197266,1,0.013193580321967602
9,0.18,stand,0.0,0.0,0.0,0.348097026348114,-0.0062866732478141785,4.7729903599247336e-05,0.060124628245830536,0.0029562637209892273,-1.51531588718141,-1.5978363117428,4,0,0,-0.05800855904817581,0.015810692682862282,-0.06269166618585587,0.011566869914531708,0.0029562637209892273,0.0,0.14029330015182495,0.1727754920721054,0.1619793325662613,0.023134514689445496,37.03555679321289,1,0.026929501444101334,0.14058451354503632,-0.1890457719564438,0.022951222956180573,56.75518035888672,1,0.02031780406832695,-0.32526037096977234,0.14803586900234222,0.022495530545711517,31.231903076171875,1,0.0055250488221645355,-0.2677355706691742,-0.17362801730632782,0.02291792631149292,18.279306411743164,1,0.015655996277928352
10,0.2,stand,0.0,0.0,0.0,0.3446570038795471,-0.007480117492377758,0.0004372469265945256,0.06460459530353546,0.025000939145684242,-1.625014594945633,-1.5511331857455455,4,0,0,-0.06088963896036148,0.021591784432530403,-0.06536057591438293,0.017070656642317772,-0.025000939145684242,0.0,0.12497232109308243,0.17390719056129456,0.161100834608078,0.023161470890045166,40.90599060058594,1,0.025834843516349792,0.14185066521167755,-0.1898532509803772,0.0229787677526474,54.02534103393555,1,0.01902659982442856,-0.3240523636341095,0.1470308154821396,0.022520773112773895,32.09871292114258,1,0.013654408045113087,-0.2664383351802826,-0.1745668202638626,0.022939525544643402,22.179100036621094,1,0.019394714385271072
11,0.22,stand,0.0,0.0,0.0,0.341318815946579,-0.008718346245586872,0.0009065956110134721,0.06703086942434311,0.039838772267103195,-1.6919930307723647,-1.5148592250023714,4,0,0,-0.0627359002828598,0.0236081350594759,-0.06692929565906525,0.019052989780902863,-0.039838772267103195,0.0,0.11079557240009308,0.17496488988399506,0.1604679822921753,0.023189276456832886,44.601585388183594,1,0.02073788270354271,0.14317761361598969,-0.19042298197746277,0.023004375398159027,49.85393524169922,1,0.019448386505246162,-0.3229120671749115,0.14608246088027954,0.022543229162693024,30.789005279541016,1,0.005024740006774664,-0.2650894522666931,-0.17543381452560425,0.02295909821987152,24.392759323120117,1,0.017254216596484184
12,0.24,stand,0.0,0.0,0.0,0.3381159007549286,-0.00998042430728674,0.0013908835826441646,0.06757302582263947,0.03971625864505768,-1.7144850571526282,-1.498320668979126,4,0,0,-0.06346529722213745,0.023200638592243195,-0.06744302064180374,0.018749872222542763,-0.03971625864505768,0.0,0.09794999659061432,0.17593270540237427,0.16007672250270844,0.023210585117340088,46.607845306396484,1,0.024250267073512077,0.1444404125213623,-0.19075997173786163,0.023028984665870667,47.51688003540039,1,0.017136117443442345,-0.32187679409980774,0.1453479677438736,0.02256794273853302,31.315967559814453,1,0.005448665004223585,-0.263809472322464,-0.17609132826328278,0.02298223227262497,24.828266143798828,1,0.015048988163471222
13,0.26,stand,0.0,0.0,0.0,0.3350604772567749,-0.011251854710280895,0.0018463032320141792,0.06702814996242523,0.03260989487171173,-1.6936851034175295,-1.5027758733086782,4,0,0,-0.06359963864088058,0.021162675693631172,-0.06740574538707733,0.016954295337200165,-0.03260989487171173,0.0,0.08654585480690002,0.17682020366191864,0.1599479764699936,0.02323298156261444,47.149173736572266,1,0.02435612864792347,0.1455908566713333,-0.19085626304149628,0.023050352931022644,46.47735595703125,1,0.015568731352686882,-0.32092344760894775,0.14491215348243713,0.022591955959796906,32.713836669921875,1,0.01290969830006361,-0.2626476585865021,-0.17646239697933197,0.023002073168754578,24.718040466308594,1,0.015226555988192558
14,0.28,stand,0.0,0.0,0.0,0.332181453704834,-0.012517662718892097,0.0022567380219697952,0.06581548601388931,0.024616330862045288,-1.639552118985476,-1.5217785267967117,4,0,0,-0.06306503713130951,0.01882762834429741,-0.06668370217084885,0.014993691816926003,-0.024616330862045288,0.0,0.07679113000631332,0.1776624619960785,0.16001294553279877,0.023255713284015656,46.66384506225586,1,0.01839500479400158,0.14664798974990845,-0.19075091183185577,0.023072004318237305,45.66530227661133,1,0.01514088362455368,-0.32001522183418274,0.1447402834892273,0.022612594068050385,32.617698669433594,1,0.003984044771641493,-0.2615876793861389,-0.17658472061157227,0.02302241325378418,24.79435920715332,1,0.01345560047775507
15,0.3,stand,0.0,0.0,0.0,0.32949864864349365,-0.013762704096734524,0.0026289974339306355,0.06405390799045563,0.019497742876410484,-1.5729568140824999,-1.5536964276750043,4,0,0,-0.06166461855173111,0.01733141392469406,-0.0650877133011818,0.01391493808478117,-0.019497742876410484,0.0,0.06895764172077179,0.17845472693443298,0.16013282537460327,0.023273855447769165,45.960533142089844,1,0.023337017744779587,0.14760416746139526,-0.19058464467525482,0.023091666400432587,46.10348129272461,1,0.013072527013719082,-0.31917163729667664,0.1447037011384964,0.022634610533714294,33.62443161010742,1,0.0035546859726309776,-0.2606273591518402,-0.1765836775302887,0.023041926324367523,24.835195541381836,1,0.013077306561172009
16,0.32,stand,0.0,0.0,0.0,0.3270344138145447,-0.014973735436797142,0.0029679618310183287,0.061681754887104034,0.015979532152414322,-1.4959009677439432,-1.597986682626246,4,0,0,-0.05964100360870361,0.01573498547077179,-0.06285373121500015,0.012763637118041515,-0.015979532152414322,0.0,0.06317730993032455,0.17917807400226593,0.16032995283603668,0.0232916921377182,45.78982925415039,1,0.022644124925136566,0.1484622210264206,-0.19036033749580383,0.023107968270778656,46.36011505126953,1,0.011877952143549919,-0.3184000253677368,0.144770547747612,0.022655047476291656,34.78007507324219,1,0.010836776345968246,-0.25976863503456116,-0.17648527026176453,0.02305901050567627,24.795413970947266,1,0.012226235121488571
17,0.34,stand,0.0,0.0,0.0,0.3248145580291748,-0.0161385927349329,0.0032750910613685846,0.058893170207738876,0.011858121491968632,-1.411381432189855,-1.6531489979105616,4,0,0,-0.057163648307323456,0.014167671091854572,-0.060128066688776016,0.011662528850138187,-0.011858121491968632,0.0,0.05943181738257408,0.17983025312423706,0.1605735868215561,0.02330862730741501,45.403953552246094,1,0.014846627600491047,0.14922694861888885,-0.1900794357061386,0.023123957216739655,45.44671630859375,1,0.012826768681406975,-0.3176988661289215,0.14491736888885498,0.022672191262245178,34.0343132019043,1,0.0014753059949725866,-0.2590111792087555,-0.17631468176841736,0.0230756476521492,25.1159610748291,1,0.010533750057220459
18,0.36,stand,0.0,0.0,0.0,0.32284417748451233,-0.01724879816174507,0.0035598010290414095,0.05585852265357971,0.009596818126738071,-1.3356855405480714,-1.7181945969238857,4,0,0,-0.054217442870140076,0.013440363109111786,-0.056922972202301025,0.011354459449648857,-0.009596818126738071,0.0,0.057597555220127106,0.1804087609052658,0.1607515811920166,0.023322083055973053,44.79805374145508,1,0.021411951631307602,0.14989040791988373,-0.18985535204410553,0.023137852549552917,45.17046356201172,1,0.01081837061792612,-0.317086398601532,0.14504478871822357,0.022689923644065857,34.55019760131836,1,0.002229541540145874,-0.2583537697792053,-0.17616558074951172,0.023090705275535583,25.36065673828125,1,0.010485047474503517
19,0.38,stand,0.0,0.0,0.0,0.32112523913383484,-0.018299072980880737,0.0038248011842370033,0.052614420652389526,0.007478361018002033,-1.263866741755622,-1.7889148024770207,4,0,0,-0.05111008882522583,0.012491441331803799,-0.05353620648384094,0.010788551531732082,-0.007478361018002033,0.0,0.05723220854997635,0.1809210181236267,0.1609266698360443,0.02334931492805481,44.26374435424805,1,0.020694805309176445,0.1504746973514557,-0.1896522045135498,0.02314969152212143,44.62942886352539,1,0.010313373990356922,-0.3165406882762909,0.14517292380332947,0.022705398499965668,34.70326232910156,1,0.002343416679650545,-0.25777703523635864,-0.17601941525936127,0.02310439944267273,25.581588745117188,1,0.009511120617389679
20,0.4,stand,0.0,0.0,0.0,0.3196547329425812,-0.019284382462501526,0.0040725162252783775,0.04918856546282768,0.005912214983254671,-1.1972993979395603,-1.8596154779579979,4,0,0,-0.047760408371686935,0.011766822077333927,-0.04989330470561981,0.01040023472160101,-0.005912214983254671,0.0,0.057862360030412674,0.18139424920082092,0.16107594966888428,0.023358851671218872,44.11783981323242,1,0.020157771185040474,0.15100502967834473,-0.18947555124759674,0.02316032350063324,44.09284591674805,1,0.010079187341034412,-0.31604015827178955,0.14529085159301758,0.022719480097293854,34.688480377197266,1,0.0028475939761847258,-0.25725507736206055,-0.17588655650615692,0.023116394877433777,25.75878143310547,1,0.008521084673702717
21,0.42,stand,0.0,0.0,0.0,0.31842631101608276,-0.020201871171593666,0.004303814377635717,0.04567981883883476,0.004654045216739178,-1.1407137352652377,-1.9278127823864595,4,0,0,-0.04433346912264824,0.011008597910404205,-0.046156145632267,0.009933587163686752,-0.004654045216739178,0.0,0.059066470712423325,0.1818338930606842,0.16117720305919647,0.023368053138256073,43.992027282714844,1,0.019951630383729935,0.15148819983005524,-0.1893596649169922,0.02316644787788391,44.35814666748047,1,0.00620806310325861,-0.3155767619609833,0.14537225663661957,0.02273191511631012,34.6344108581543,1,0.004793684463948011,-0.2567773759365082,-0.17579232156276703,0.023126937448978424,25.84589195251465,1,0.007802961394190788
22,0.44,stand,0.0,0.0,0.0,0.3174342215061188,-0.021050428971648216,0.004515587817877531,0.042118221521377563,0.0032626779284328222,-1.0892499674164842,-1.9927183625217983,4,0,0,-0.04093046486377716,0.00993184745311737,-0.04241953790187836,0.009119182825088501,-0.0032626779284328222,0.0,0.060462020337581635,0.18224084377288818,0.161277174949646,0.02337709814310074,43.82542037963867,1,0.00881720520555973,0.15193390846252441,-0.1892498880624771,0.023175232112407684,43.355674743652344,1,0.011204295791685581,-0.31515076756477356,0.14544282853603363,0.02274256944656372,34.50902557373047,1,0.0036490412894636393,-0.25634101033210754,-0.17571108043193817,0.02313646674156189,25.800106048583984,1,0.005014256574213505
23,0.46,stand,0.0,0.0,0.0,0.3166579008102417,-0.021830441430211067,0.004709038883447647,0.03859540820121765,0.003268773201853037,-1.0510848980468628,-2.0543744801595034,4,0,0,-0.037506453692913055,0.009103379212319851,-0.03866785019636154,0.008508809842169285,-0.003268773201853037,0.0,0.06187655031681061,0.18261347711086273,0.1613004356622696,0.023382052779197693,43.652523040771484,1,0.01749454252421856,0.15233823657035828,-0.18920187652111053,0.0231814906001091,42.76059341430664,1,0.009593241848051548,-0.3147642910480499,0.14546047151088715,0.02275141328573227,33.64555740356445,1,0.0051365988329052925,-0.2559460699558258,-0.17568343877792358,0.02314438670873642,25.781064987182617,1,0.00482897786423564
24,0.48,stand,0.0,0.0,0.0,0.31607502698898315,-0.022543948143720627,0.004879194311797619,0.035109661519527435,0.0028097929898649454,-1.0222509343005366,-2.111247757830907,4,0,0,-0.03421686217188835,0.007867313921451569,-0.03507992997765541,0.00744789931923151,-0.0028097929898649454,0.0,0.06314273178577423,0.1829575151205063,0.16129517555236816,0.023387551307678223,43.60219955444336,1,0.017246518284082413,0.1527099907398224,-0.18918631970882416,0.023188017308712006,41.678035736083984,1,0.009682300500571728,-0.3144148588180542,0.14544904232025146,0.02276007831096649,33.93612289428711,1,0.005004325415939093,-0.2555837631225586,-0.17568586766719818,0.02315136045217514,25.774511337280273,1,0.003930024337023497
25,0.5,stand,0.0,0.0,0.0,0.3156629204750061,-0.023193221539258957,0.005021553486585617,0.031726062297821045,0.0020805676467716694,-0.9994925305426424,-2.1617444135818693,4,0,0,-0.03105965442955494,0.006468455772846937,-0.031647492200136185,0.0061944215558469296,-0.0020805676467716694,0.0,0.06415683031082153,0.1832844614982605,0.16129039227962494,0.023391813039779663,43.31664276123047,1,0.01692703552544117,0.15305465459823608,-0.18919113278388977,0.023191094398498535,41.51130676269531,1,0.009227986447513103,-0.3140827417373657,0.1454332321882248,0.02276722341775894,33.72522735595703,1,0.005706595256924629,-0.2552461624145508,-0.17569619417190552,0.023156270384788513,25.859821319580078,1,0.004155206959694624
26,0.52,stand,0.0,0.0,0.0,0.31539297103881836,-0.02378026396036148,0.0051369210705161095,0.028466498479247093,0.002114509232342243,-0.9838136178594666,-2.206131465120255,4,0,0,-0.02799728326499462,0.0051472000777721405,-0.028352554887533188,0.004986075218766928,-0.002114509232342243,0.0,0.06492388993501663,0.1835900843143463,0.1612606942653656,0.02339501678943634,43.00640869140625,1,0.016526836901903152,0.15337806940078735,-0.18920235335826874,0.023195520043373108,40.681243896484375,1,0.009603430517017841,-0.31377866864204407,0.1454041451215744,0.022772476077079773,34.01839828491211,1,0.0027826004661619663,-0.2549320459365845,-0.17571979761123657,0.02316078543663025,25.591337203979492,1,0.0020224477630108595
27,0.54,stand,0.0,0.0,0.0,0.3152391016483307,-0.024308010935783386,0.005221930332481861,0.02536676824092865,0.0015793237835168839,-0.9714995338378741,-2.2442923723433506,4,0,0,-0.025108058005571365,0.003613626817241311,-0.025270385667681694,0.0035403906367719173,-0.0015793237835168839,0.0,0.06543811410665512,0.18387818336486816,0.16125059127807617,0.02339765429496765,42.81171798706055,1,0.016356781125068665,0.15367668867111206,-0.1892145574092865,0.023197129368782043,40.57121658325195,1,0.009017812088131905,-0.3134903907775879,0.14538685977458954,0.022777944803237915,33.20193099975586,1,0.006612253841012716,-0.25464025139808655,-0.17573434114456177,0.023164890706539154,25.656705856323242,1,0.0029513260815292597
28,0.56,stand,0.0,0.0,0.0,0.3151750862598419,-0.024780267849564552,0.00527938874438405,0.02260349504649639,0.0011486450675874949,-0.9666074108448525,-2.277997221463248,4,0,0,-0.022481894120573997,0.0023414548486471176,-0.022505057975649834,0.002328376052901149,-0.0011486450675874949,0.0,0.06577283143997192,0.1841398924589157,0.16123022139072418,0.02340143918991089,42.357521057128906,1,0.004465014673769474,0.15394890308380127,-0.18923968076705933,0.02319920063018799,40.357059478759766,1,0.010451704263687134,-0.3132343888282776,0.1453537940979004,0.022781915962696075,32.88895034790039,1,0.006757048889994621,-0.25437408685684204,-0.17576366662979126,0.0231679305434227,25.38507652282715,1,0.0001981543464353308
29,0.58,stand,0.0,0.0,0.0,0.31517523527145386,-0.025201041251420975,0.005314822308719158,0.020002340897917747,0.0014496836811304092,-0.9701048945867221,-2.30834588637973,4,0,0,-0.019956467673182487,0.0013538997154682875,-0.019860578700900078,0.0013908460969105363,-0.0014496836811304092,0.0,0.06598895788192749,0.1843741089105606,0.16116920113563538,0.023400895297527313,42.169700622558594,1,0.015744641423225403,0.1541915088891983,-0.1892886906862259,0.023201271891593933,40.212032318115234,1,0.00903240405023098,-0.3130034804344177,0.14529970288276672,0.022785335779190063,32.58359909057617,1,0.00722832977771759,-0.25413820147514343,-0.175816148519516,0.023170746862888336,25.28398323059082,1,0.0016505909152328968
30,0.6,stand,0.0,0.0,0.0,0.3152220845222473,-0.025575369596481323,0.005326337646692991,0.01773160509765148,0.001963087823241949,-0.972072415954509,-2.335410937852729,4,0,0,-0.017731336876749992,9.763886919245124e-05,-0.01755503937602043,0.00016741744184400886,-0.001963087823241949,0.0,0.06607425957918167,0.18458302319049835,0.16115275025367737,0.023401938378810883,42.09482192993164,1,0.01587078347802162,0.15441054105758667,-0.18930093944072723,0.02320239692926407,39.933265686035156,1,0.00885928887873888,-0.3128032386302948,0.14527112245559692,0.02278808504343033,32.51392364501953,1,0.007530903443694115,-0.25392675399780273,-0.1758415699005127,0.023173250257968903,25.392850875854492,1,0.0018523897742852569
31,0.62,stand,0.0,0.0,0.0,0.31530213356018066,-0.02590767666697502,0.005316039547324181,0.01575142703950405,0.002208697609603405,-0.9778107353526717,-2.3577172684649326,4,0,0,-0.015725556761026382,-0.0009024208411574364,-0.015495358034968376,-0.000810861645732075,-0.002208697609603405,0.0,0.06606476753950119,0.1847769170999527,0.16113829612731934,0.023402757942676544,41.83308410644531,1,0.01576191559433937,0.15461507439613342,-0.18931794166564941,0.02320391684770584,39.883541107177734,1,0.008896367624402046,-0.31261786818504333,0.14524061977863312,0.022790446877479553,32.3624267578125,1,0.007740831933915615,-0.25372767448425293,-0.17586852610111237,0.023175187408924103,25.141826629638672,1,0.001608416554518044
32,0.64,stand,0.0,0.0,0.0,0.31540197134017944,-0.02620185725390911,0.005286436527967453,0.014034884981811047,0.0022431479301303625,-0.9868065213764016,-2.376528036325971,4,0,0,-0.013913335278630257,-0.00184312101919204,-0.013650618493556976,-0.0017382478108629584,-0.0022431479301303625,0.0,0.06599319726228714,0.18495342135429382,0.1611255556344986,0.02340320497751236,41.69277572631836,1,0.015702135860919952,0.15480217337608337,-0.18933303654193878,0.023204922676086426,39.87835693359375,1,0.00880841352045536,-0.3124461770057678,0.14521069824695587,0.022791825234889984,31.742576599121094,1,0.008542223833501339,-0.2535451054573059,-0.1758963167667389,0.02317669242620468,25.051286697387695,1,0.0016222615959122777
33,0.66,stand,0.0,0.0,0.0,0.3155117928981781,-0.026461999863386154,0.005240071099251509,0.012560390867292881,0.0027516945265233517,-0.997636640079103,-2.392746960840401,4,0,0,-0.012288499623537064,-0.0025992710143327713,-0.012015540152788162,-0.0024899679701775312,-0.0027516945265233517,0.0,0.06588898599147797,0.1851108968257904,0.1611199527978897,0.023403242230415344,41.53830337524414,1,0.015606607310473919,0.15497149527072906,-0.18934117257595062,0.023205645382404327,39.90561294555664,1,0.008799201808869839,-0.3122984766960144,0.14518426358699799,0.022793978452682495,32.07650375366211,1,0.008093531243503094,-0.2533804178237915,-0.17591935396194458,0.023178301751613617,25.006406784057617,1,0.0016518820775672793
34,0.68,stand,0.0,0.0,0.0,0.315623015165329,-0.02669188566505909,0.005180221050977707,0.011323211714625359,0.003091946244239807,-1.0092627959852283,-2.4068540762408275,4,0,0,-0.010853021405637264,-0.003229092573747039,-0.01058316882699728,-0.0031207555439323187,-0.003091946244239807,0.0,0.06576576083898544,0.18525037169456482,0.1611240953207016,0.023403316736221313,41.38798904418945,1,0.015559104271233082,0.15512463450431824,-0.18933942914009094,0.023206673562526703,39.936912536621094,1,0.008783084340393543,-0.31216755509376526,0.14516395330429077,0.022795356810092926,32.012054443359375,1,0.008216304704546928,-0.25323137640953064,-0.17593593895435333,0.02317969501018524,24.98688507080078,1,0.0016696274979040027
35,0.7000000000000001,stand,0.0,0.0,0.0,0.31572991609573364,-0.02689494751393795,0.005109694786369801,0.010276449844241142,0.003366175340488553,-1.0213254436679997,-2.418505525191223,4,0,0,-0.009582780301570892,-0.0037115684244781733,-0.00932592898607254,-0.0036082204896956682,-0.003366175340488553,0.0,0.06562989950180054,0.18537619709968567,0.161137193441391,0.023403391242027283,41.26021957397461,1,0.01552716363221407,0.15526588261127472,-0.18932868540287018,0.023207418620586395,40.01457595825195,1,0.008791637606918812,-0.3120492994785309,0.1451495736837387,0.022796273231506348,31.95085906982422,1,0.008311332203447819,-0.25309377908706665,-0.17594635486602783,0.023180507123470306,24.96240997314453,1,0.0016916516469791532
36,0.72,stand,0.0,0.0,0.0,0.3158297836780548,-0.027074342593550682,0.005031339358538389,0.009389632381498814,0.0037058342713862658,-1.0332648277805936,-2.4278298006253483,4,0,0,-0.008468501269817352,-0.0040558213368058205,-0.00823002215474844,-0.003959729336202145,-0.0037058342713862658,0.0,0.06548728793859482,0.1854906529188156,0.16115936636924744,0.023403197526931763,41.16098403930664,1,0.015492567792534828,0.15539738535881042,-0.18930870294570923,0.023208200931549072,40.111000061035156,1,0.008803172037005424,-0.3119421601295471,0.14514106512069702,0.022797122597694397,31.89754867553711,1,0.008403556421399117,-0.2529650628566742,-0.17594893276691437,0.023181498050689697,24.961505889892578,1,0.0016940608620643616
37,0.74,stand,0.0,0.0,0.0,0.3159199059009552,-0.027232946828007698,0.004947705194354057,0.00861988216638565,0.0038728436920791864,-1.0454770992948708,-2.435413445038178,4,0,0,-0.007482074201107025,-0.00428029615432024,-0.0072661289013922215,-0.0041932398453354836,-0.0038728436920791864,0.0,0.06534957140684128,0.18559356033802032,0.161186084151268,0.02340295910835266,41.077579498291016,1,0.0154831912368536,0.15551884472370148,-0.18928413093090057,0.02320890873670578,40.216670989990234,1,0.008834293112158775,-0.31184569001197815,0.14513477683067322,0.0227978453040123,31.861967086791992,1,0.008472805842757225,-0.252846360206604,-0.1759505420923233,0.02318233996629715,24.923845291137695,1,0.0017415997572243214
38,0.76,stand,0.0,0.0,0.0,0.31599995493888855,-0.027373334392905235,0.004860794637352228,0.007982241921126842,0.0043174149468541145,-1.0564763719012358,-2.4416336129379443,4,0,0,-0.006629807874560356,-0.0044454289600253105,-0.00643606623634696,-0.004367462359368801,-0.0043174149468541145,0.0,0.06521348655223846,0.18568576872348785,0.16122323274612427,0.023403219878673553,41.01986312866211,1,0.015429682098329067,0.1556328386068344,-0.1892414093017578,0.023209266364574432,39.935855865478516,1,0.009407959878444672,-0.311759352684021,0.14513640105724335,0.022798366844654083,31.81656837463379,1,0.008416403084993362,-0.2527365982532501,-0.17594383656978607,0.02318323403596878,24.9290714263916,1,0.0017167755868285894
39,0.78,stand,0.0,0.0,0.0,0.3160689175128937,-0.027497537434101105,0.004772337153553963,0.007358558010309935,0.004189879167824984,-1.068018110938088,-2.446341534266787,4,0,0,-0.005858162418007851,-0.004453123547136784,-0.005688951816409826,-0.004385253414511681,-0.004189879167824984,0.0,0.06509175896644592,0.18576909601688385,0.16125966608524323,0.023402787744998932,40.94722366333008,1,0.015498406253755093,0.15573693811893463,-0.18920780718326569,0.02321024239063263,40.40976333618164,1,0.008920596912503242,-0.31168124079704285,0.14513598382472992,0.022799059748649597,31.834135055541992,1,0.008576270192861557,-0.2526337504386902,-0.17593899369239807,0.023183993995189667,24.91708755493164,1,0.001776543096639216
40,0.8,stand,0.0,0.0,0.0,0.31612837314605713,-0.027607761323451996,0.004684491083025932,0.006810843478888273,0.004308013245463371,-1.0794097992566114,-2.4499386960818565,4,0,0,-0.005201772786676884,-0.00439649261534214,-0.0050519490614533424,-0.004336580168455839,-0.004308013245463371,0.0,0.06497947126626968,0.18584489822387695,0.16129657626152039,0.023402675986289978,40.89635467529297,1,0.015461224131286144,0.1558343470096588,-0.1891726851463318,0.02321077138185501,40.5426025390625,1,0.008928464725613594,-0.31160974502563477,0.14513526856899261,0.022799260914325714,31.82271957397461,1,0.00860879011452198,-0.2525380849838257,-0.17593425512313843,0.02318473905324936,24.923690795898438,1,0.0017932356568053365
41,0.8200000000000001,stand,0.0,0.0,0.0,0.31617990136146545,-0.027705682441592216,0.004598741885274649,0.006291995756328106,0.00434059277176857,-1.0898715146309552,-2.4526355535869535,4,0,0,-0.004618782550096512,-0.0042727114632725716,-0.004485748242586851,-0.004219722002744675,-0.00434059277176857,0.0,0.0648745596408844,0.18591317534446716,0.16133661568164825,0.023402467370033264,40.85613250732422,1,0.015447943471372128,0.15592455863952637,-0.18913428485393524,0.023211456835269928,40.632469177246094,1,0.008967424742877483,-0.3115456998348236,0.14513720571994781,0.022799715399742126,31.82436752319336,1,0.008656453341245651,-0.25244903564453125,-0.17592687904834747,0.02318549156188965,24.921730041503906,1,0.0018183969659730792
42,0.84,stand,0.0,0.0,0.0,0.3162250816822052,-0.027792805805802345,0.004515856504440308,0.005820135585963726,0.0040927161462605,-1.0997342010707478,-2.4541806704432574,4,0,0,-0.004109974019229412,-0.004120932891964912,-0.003989723511040211,-0.004073145799338818,-0.0040927161462605,0.0,0.06477075070142746,0.185977503657341,0.16137705743312836,0.023402303457260132,40.818565368652344,1,0.015434508211910725,0.15601041913032532,-0.18909548223018646,0.0232120081782341,40.71267318725586,1,0.009005066938698292,-0.31148162484169006,0.14514094591140747,0.022800132632255554,31.86716651916504,1,0.008664966560900211,-0.2523645758628845,-0.17591843008995056,0.023187048733234406,24.924240112304688,1,0.0016747782938182354
43,0.86,stand,0.0,0.0,0.0,0.316264271736145,-0.027870211750268936,0.004436898976564407,0.005337422713637352,0.004219702444970608,-1.108929129797466,-2.4551968745257087,4,0,0,-0.003644403535872698,-0.003899538889527321,-0.0035386120434850454,-0.0038577374070882797,-0.004219702444970608,0.0,0.06467637419700623,0.18603502213954926,0.16141709685325623,0.023402102291584015,40.78291702270508,1,0.015436471439898014,0.15608929097652435,-0.18905696272850037,0.023212619125843048,40.78376388549805,1,0.009031078778207302,-0.31142687797546387,0.14514407515525818,0.022800423204898834,31.812152862548828,1,0.008744747377932072,-0.2522865831851959,-0.17591023445129395,0.023187384009361267,24.940185546875,1,0.0016823096666485071
44,0.88,stand,0.0,0.0,0.0,0.3162975311279297,-0.02793908305466175,0.004362835548818111,0.004878974985331297,0.004232550505548716,-1.1174073155481559,-2.4560049712818857,4,0,0,-0.0032405827660113573,-0.0036473306827247143,-0.0031467147637158632,-0.0036104549653828144,-0.004232550505548716,0.0,0.0645940750837326,0.186085507273674,0.1614566296339035,0.023402027785778046,40.75109100341797,1,0.015445802360773087,0.15616168081760406,-0.18901902437210083,0.023213185369968414,40.84355926513672,1,0.009073382243514061,-0.31137922406196594,0.1451459378004074,0.02280038595199585,31.829309463500977,1,0.00875199306756258,-0.2522149682044983,-0.17590297758579254,0.02318795770406723,24.945337295532227,1,0.0017047649016603827
45,0.9,stand,0.0,0.0,0.0,0.31632623076438904,-0.02800043299794197,0.004294122103601694,0.004438134841620922,0.004185379948467016,-1.1251585130390624,-2.45637294772342,4,0,0,-0.0028812566306442022,-0.003375707194209099,-0.00279736309312284,-0.0033429148606956005,-0.004185379948467016,0.0,0.0645189881324768,0.18613091111183167,0.16149482131004333,0.023401997983455658,40.725181579589844,1,0.015432024374604225,0.1562294214963913,-0.18898238241672516,0.023213692009449005,40.89717102050781,1,0.009098290465772152,-0.3113364577293396,0.14514680206775665,0.022800788283348083,31.84075927734375,1,0.008786223828792572,-0.25214824080467224,-0.17589695751667023,0.02318836748600006,24.942501068115234,1,0.001734047313220799
46,0.92,stand,0.0,0.0,0.0,0.3163510262966156,-0.02805500105023384,0.004231012426316738,0.004015529528260231,0.004111882299184799,-1.1322221025796193,-2.4563375161171006,4,0,0,-0.002559858839958906,-0.003093800274655223,-0.002484345342963934,-0.003064391203224659,-0.004111882299184799,0.0,0.06444999575614929,0.18617184460163116,0.1615312695503235,0.02340179681777954,40.705810546875,1,0.015432273969054222,0.1562921553850174,-0.18894757330417633,0.023214198648929596,40.94219207763672,1,0.009128919802606106,-0.31129738688468933,0.14514654874801636,0.022800825536251068,31.850723266601562,1,0.008807726204395294,-0.2520853877067566,-0.175892174243927,0.023188762366771698,24.936426162719727,1,0.0017553720390424132
47,0.9400000000000001,stand,0.0,0.0,0.0,0.316372811794281,-0.028103582561016083,0.004173618741333485,0.003616419853642583,0.004133596085011959,-1.1384151631661168,-2.455879679999298,4,0,0,-0.002279186388477683,-0.0028078106697648764,-0.0022096866741776466,-0.002780730603262782,-0.004133596085011959,0.0,0.06438491493463516,0.18620933592319489,0.1615668088197708,0.02340155839920044,40.69020462036133,1,0.015463092364370823,0.156351700425148,-0.1889137178659439,0.02321454882621765,40.98044967651367,1,0.009144138544797897,-0.31126153469085693,0.14514581859111786,0.022801004350185394,31.861740112304688,1,0.008835332468152046,-0.25202611088752747,-0.17588669061660767,0.023189134895801544,24.78238868713379,1,0.0018973138649016619
48,0.96,stand,0.0,0.0,0.0,0.3163921535015106,-0.028146784752607346,0.004121849313378334,0.003237341530621052,0.003928835038095713,-1.1442984106407308,-2.4552431917460176,4,0,0,-0.002015885431319475,-0.002533098217099905,-0.0019525197567418218,-0.002508401172235608,-0.003928835038095713,0.0,0.06432652473449707,0.18624286353588104,0.16159820556640625,0.023401498794555664,40.69054412841797,1,0.015431723557412624,0.1564069390296936,-0.18888360261917114,0.023214876651763916,41.00901794433594,1,0.009167399257421494,-0.31122925877571106,0.14514198899269104,0.022801116108894348,31.86638069152832,1,0.008834848180413246,-0.2519715428352356,-0.17588582634925842,0.023189395666122437,24.913040161132812,1,0.0018083021277561784
49,0.98,stand,0.0,0.0,0.0,0.316409170627594,-0.028185132890939713,0.0040754638612270355,0.00288347783498466,0.003796134376898408,-1.1496622435733064,-2.4545108674009453,4,0,0,-0.0017859594663605094,-0.002263800473883748,-0.0017277952283620834,-0.0022410766687244177,-0.003796134376898408,0.0,0.06427476555109024,0.1862727552652359,0.16162674129009247,0.023401543498039246,40.66634750366211,1,0.015433087013661861,0.156457781791687,-0.18885651230812073,0.023215435445308685,41.03498458862305,1,0.009193570353090763,-0.31120094656944275,0.14513640105724335,0.022801175713539124,31.878820419311523,1,0.008861619979143143,-0.251921147108078,-0.1758868545293808,0.02318975329399109,24.914064407348633,1,0.001835225964896381
50,1.0,stand,0.0,0.0,0.0,0.3164243698120117,-0.028219178318977356,0.004034277983009815,0.002587212948128581,0.003943430259823799,-1.1533230115250217,-2.453644714036823,4,0,0,-0.0015850575873628259,-0.002044813707470894,-0.001530917128548026,-0.002023594221100211,-0.003943430259823799,0.0,0.06422026455402374,0.18629929423332214,0.1616593897342682,0.02340138703584671,40.6690788269043,1,0.01539097260683775,0.15650680661201477,-0.18881769478321075,0.02321535348892212,40.67718505859375,1,0.009737972170114517,-0.31117552518844604,0.14513535797595978,0.022801317274570465,31.861452102661133,1,0.008774688467383385,-0.25187450647354126,-0.17588336765766144,0.023189954459667206,24.9132022857666,1,0.0018014920642599463
51,1.02,stand,0.0,0.0,0.0,0.3164370656013489,-0.028249163180589676,0.003997798543423414,0.0022467044182121754,0.003551931120455265,-1.1574912411877278,-2.4525130370687167,4,0,0,-0.0013801034074276686,-0.001772849471308291,-0.001332589308731258,-0.0017542652785778046,-0.003551931120455265,0.0,0.06417690217494965,0.18632355332374573,0.1616843193769455,0.02340143918991089,40.651004791259766,1,0.015481827780604362,0.15655086934566498,-0.18879501521587372,0.023215986788272858,41.05337905883789,1,0.009251715615391731,-0.3111521601676941,0.14512814581394196,0.022801250219345093,31.900039672851562,1,0.008890599943697453,-0.25183001160621643,-0.1758866012096405,0.023190192878246307,24.89154052734375,1,0.001867759390734136
52,1.04,stand,0.0,0.0,0.0,0.31644773483276367,-0.02827533893287182,0.003966860473155975,0.0018900741124525666,0.0031557229813188314,-1.163131590059983,-2.4512656737715433,4,0,0,-0.0011950673069804907,-0.0014643068425357342,-0.0011537487152963877,-0.0014480978716164827,-0.0031557229813188314,0.0,0.06414764374494553,0.18634426593780518,0.161685511469841,0.023401476442813873,40.67207717895508,1,0.015490547753870487,0.15659171342849731,-0.1887851506471634,0.023216336965560913,41.105201721191406,1,0.009224742650985718,-0.311131089925766,0.14510996639728546,0.022801339626312256,31.89813232421875,1,0.008889945223927498,-0.25178977847099304,-0.17590080201625824,0.023190297186374664,24.89846420288086,1,0.0018891753861680627
53,1.06,stand,0.0,0.0,0.0,0.31645724177360535,-0.028298262506723404,0.00394061952829361,0.0016601573443040252,0.0032713597174733877,-1.1659783915617032,-2.4498908847576666,4,0,0,-0.0010503267403692007,-0.0012856656685471535,-0.001009192317724228,-0.0012691798619925976,-0.0032713597174733877,0.0,0.06411072611808777,0.18636392056941986,0.16170626878738403,0.02340114861726761,40.666282653808594,1,0.015482461079955101,0.15662920475006104,-0.18876560032367706,0.023216508328914642,41.11094284057617,1,0.009240200743079185,-0.3111117482185364,0.14510244131088257,0.022801540791988373,31.917911529541016,1,0.008921726606786251,-0.2517520785331726,-0.17590466141700745,0.023190483450889587,24.878841400146484,1,0.0019138448406010866
54,1.08,stand,0.0,0.0,0.0,0.31646668910980225,-0.028318511322140694,0.003918265923857689,0.001427234266884625,0.0031789124477654696,-1.1682349153087463,-2.4486620910372987,4,0,0,-0.0009195818565785885,-0.0010914974845945835,-0.0008790410356596112,-0.0010749239008873701,-0.0031789124477654696,0.0,0.06407639384269714,0.1863807886838913,0.16172638535499573,0.023401357233524323,40.664527893066406,1,0.015487052500247955,0.1566638946533203,-0.18874691426753998,0.023216895759105682,41.11067199707031,1,0.00926410686224699,-0.3110955059528351,0.1450945883989334,0.022801272571086884,31.92926597595215,1,0.008937308564782143,-0.25171753764152527,-0.17590904235839844,0.023190565407276154,24.86482810974121,1,0.0019250730983912945
55,1.1,stand,0.0,0.0,0.0,0.31647583842277527,-0.028336379677057266,0.0038995437789708376,0.0012179804034531116,0.003093775361776352,-1.1704973087496071,-2.4475323350598965,4,0,0,-0.0008037385414354503,-0.0009151396225206554,-0.0007645560544915497,-0.0008988615009002388,-0.003093775361776352,0.0,0.0640474185347557,0.18639498949050903,0.16174276173114777,0.023401208221912384,40.65605926513672,1,0.01548707950860262,0.15669560432434082,-0.18873195350170135,0.02321697026491165,41.1148681640625,1,0.009263471700251102,-0.31108152866363525,0.1450837254524231,0.022801212966442108,31.935184478759766,1,0.008935296908020973,-0.25168630480766296,-0.17591650784015656,0.02319076657295227,24.855241775512695,1,0.0019483509240671992
56,1.12,stand,0.0,0.0,0.0,0.3164844810962677,-0.028351981192827225,0.0038841133937239647,0.0010309710633009672,0.002988845109939575,-1.1724628024049841,-2.446429472952351,4,0,0,-0.0006998919998295605,-0.0007570024463348091,-0.0006623571389354765,-0.0007411814876832068,-0.002988845109939575,0.0,0.06402120739221573,0.1864069551229477,0.16175729036331177,0.02340124547481537,40.65348815917969,1,0.015495807863771915,0.15672491490840912,-0.18871870636940002,0.02321735769510269,41.1163444519043,1,0.009264160878956318,-0.3110693693161011,0.1450720876455307,0.022801242768764496,31.942256927490234,1,0.008939475752413273,-0.2516571283340454,-0.17592506110668182,0.023190781474113464,24.84532356262207,1,0.001952188671566546
57,1.1400000000000001,stand,0.0,0.0,0.0,0.3164924681186676,-0.02836570143699646,0.0038716152776032686,0.0008644055924378335,0.0028751902282238007,-1.1741506061819178,-2.4453436863177305,4,0,0,-0.0006068905349820852,-0.000615533092059195,-0.0005711978301405907,-0.0006002863519825041,-0.0028751902282238007,0.0,0.06399836391210556,0.18641744554042816,0.16176994144916534,0.023400940001010895,40.65260696411133,1,0.015495488420128822,0.15675193071365356,-0.1887073516845703,0.023217305541038513,41.118839263916016,1,0.009268264286220074,-0.3110593855381012,0.14505958557128906,0.022801421582698822,31.94984245300293,1,0.0089440131559968,-0.2516305148601532,-0.17593421041965485,0.023190952837467194,24.835235595703125,1,0.0019573376048356295
58,1.16,stand,0.0,0.0,0.0,0.31649959087371826,-0.028377702459692955,0.0038617041427642107,0.0007177164079621434,0.002764707198366523,-1.1755654158354625,-2.4443097664321196,4,0,0,-0.000524743169080466,-0.0004896544269286096,-0.000490955135319382,-0.00047503868700005114,-0.002764707198366523,0.0,0.06397838145494461,0.1864263415336609,0.16178135573863983,0.023401036858558655,40.65293502807617,1,0.015490714460611343,0.1567767709493637,-0.18869717419147491,0.023217573761940002,41.120975494384766,1,0.00927208922803402,-0.3110504746437073,0.1450469046831131,0.022801421582698822,31.95613670349121,1,0.008960324339568615,-0.2516058087348938,-0.17594407498836517,0.02319113165140152,24.826335906982422,1,0.001971874153241515
59,1.18,stand,0.0,0.0,0.0,0.31650614738464355,-0.02838813327252865,0.003854112233966589,0.0005897444789297879,0.0026603008154779673,-1.1767459713448167,-2.4433044479636585,4,0,0,-0.00045210382086224854,-0.00037868283106945455,-0.0004202253185212612,-0.00036472626379691064,-0.0026603008154779673,0.0,0.06396051496267319,0.18643398582935333,0.16179151833057404,0.023401111364364624,40.65538787841797,1,0.015515047125518322,0.1567995697259903,-0.18868835270404816,0.023217633366584778,41.12229537963867,1,0.009267772547900677,-0.3110430836677551,0.14503373205661774,0.022801369428634644,31.963762283325195,1,0.008955500088632107,-0.2515828609466553,-0.17595438659191132,0.02319120615720749,24.817047119140625,1,0.0019799447618424892
60,1.2,stand,0.0,0.0,0.0,0.3165118098258972,-0.028397293761372566,0.0038485329132527113,0.000481116323499009,0.002558163134381175,-1.1776984625689162,-2.442325596478231,4,0,0,-0.0003892670210916549,-0.00028274388751015067,-0.00035918023786507547,-0.0002694191935006529,-0.002558163134381175,0.0,0.06394507735967636,0.18644048273563385,0.16180045902729034,0.023401059210300446,40.6568489074707,1,0.015507543459534645,0.1568208932876587,-0.18868063390254974,0.02321755141019821,41.12345886230469,1,0.009275797754526138,-0.3110365569591522,0.1450204998254776,0.022801294922828674,31.968814849853516,1,0.008971002884209156,-0.2515619397163391,-0.17596490681171417,0.023191168904304504,24.808773040771484,1,0.0019848302472382784
61,1.22,stand,0.0,0.0,0.0,0.3165168762207031,-0.02840525284409523,0.0038446791004389524,0.00038918666541576385,0.002461998024955392,-1.1784526648636737,-2.4414752379265643,4,0,0,-0.0003343948919791728,-0.00019911385606974363,-0.0003060263697989285,-0.00018641109636519104,-0.002461998024955392,0.0,0.06393260508775711,0.18644540011882782,0.1618085652589798,0.023400940001010895,40.65925598144531,1,0.015520310960710049,0.15684020519256592,-0.1886737197637558,0.023217812180519104,41.124961853027344,1,0.009272967465221882,-0.3110314607620239,0.14500723779201508,0.022801272571086884,31.97539710998535,1,0.008977614343166351,-0.2515425384044647,-0.17597554624080658,0.02319115400314331,24.802204132080078,1,0.0019883469212800264
62,1.24,stand,0.0,0.0,0.0,0.31652119755744934,-0.028412222862243652,0.003842318896204233,0.0003141947672702372,0.002369602909311652,-1.179031736839244,-2.4406549748959283,4,0,0,-0.00028699508402496576,-0.00012787565356120467,-0.0002602045424282551,-0.00011575244570849463,-0.002369602909311652,0.0,0.06392259150743484,0.18644949793815613,0.16181592643260956,0.023400843143463135,40.66305160522461,1,0.015526555478572845,0.15685810148715973,-0.1886674165725708,0.023217767477035522,41.12556457519531,1,0.009274974465370178,-0.311027467250824,0.14499400556087494,0.022801481187343597,31.983211517333984,1,0.008967441506683826,-0.2515248656272888,-0.17598646879196167,0.023191317915916443,24.795305252075195,1,0.001997019862756133
63,1.26,stand,0.0,0.0,0.0,0.3165248930454254,-0.02841833233833313,0.003841242752969265,0.00025562758673913777,0.002280434360727668,-1.1794429355716198,-2.439837486629642,4,0,0,-0.00024644751101732254,-6.789023609599099e-05,-0.00022106405231170356,-5.6287994084414095e-05,-0.002280434360727668,0.0,0.06391327828168869,0.18645308911800385,0.16182251274585724,0.023400887846946716,40.66621780395508,1,0.015532270073890686,0.15687501430511475,-0.18866193294525146,0.023218102753162384,41.12569808959961,1,0.009260986931622028,-0.31102344393730164,0.14498093724250793,0.022801220417022705,31.98745346069336,1,0.008968488313257694,-0.2515081465244293,-0.17599710822105408,0.023191213607788086,24.78838348388672,1,0.001996460137888789
64,1.28,stand,0.0,0.0,0.0,0.3165280520915985,-0.028423745185136795,0.003841190366074443,0.00021233993174973875,0.0021937505807727575,-1.1797111272182486,-2.4391459299761786,4,0,0,-0.00021155927970539778,-1.8191100025433116e-05,-0.00018741526582743973,-7.05105958331842e-06,-0.0021937505807727575,0.0,0.06390664726495743,0.18645551800727844,0.16182869672775269,0.023400746285915375,40.6695442199707,1,0.015539223328232765,0.1568901538848877,-0.18865695595741272,0.02321793884038925,41.12639617919922,1,0.009263457730412483,-0.31102079153060913,0.1449684351682663,0.022801369428634644,31.993547439575195,1,0.008972741663455963,-0.2514932155609131,-0.17600761353969574,0.023191243410110474,24.783235549926758,1,0.0019996699411422014
65,1.3,stand,0.0,0.0,0.0,0.31653067469596863,-0.02842848375439644,0.0038419929333031178,0.0001836079900385812,0.0021112284157425165,-1.1798760122536809,-2.4384949275709116,4,0,0,-0.00018218766490463167,2.2793507014284842e-05,-0.000159138668095693,3.352065687067807e-05,-0.0021112284157425165,0.0,0.06390175223350525,0.18645745515823364,0.16183413565158844,0.0234006866812706,40.671722412109375,1,0.015543919056653976,0.15690433979034424,-0.1886524111032486,0.023218058049678802,41.12617492675781,1,0.00926159042865038,-0.3110189437866211,0.1449558138847351,0.022801406681537628,31.998384475708008,1,0.008982398547232151,-0.25147905945777893,-0.17601792514324188,0.02319139987230301,24.778564453125,1,0.0020000662188977003
66,1.32,stand,0.0,0.0,0.0,0.31653282046318054,-0.02843271568417549,0.003843488870188594,0.0001666869065957144,0.002032705582678318,-1.1799537056554898,-2.43786377540292,4,0,0,-0.00015698502829764038,5.603773024631664e-05,-0.00013490382116287947,6.639661296503618e-05,-0.002032705582678318,0.0,0.06389778852462769,0.18645888566970825,0.16183923184871674,0.02340075373649597,40.67449951171875,1,0.015545420348644257,0.15691781044006348,-0.18864847719669342,0.023218005895614624,41.12729263305664,1,0.009272061288356781,-0.311017245054245,0.14494366943836212,0.022801615297794342,32.00274658203125,1,0.008975319564342499,-0.2514662444591522,-0.17602813243865967,0.023191340267658234,24.773536682128906,1,0.0019956110045313835
67,1.34,stand,0.0,0.0,0.0,0.31653469800949097,-0.028436485677957535,0.003845544997602701,0.00015913776587694883,0.0019561785738915205,-1.1799451679190274,-2.437293027720401,4,0,0,-0.00013604055857285857,8.256993896793574e-05,-0.0001147657458204776,9.262163803214207e-05,-0.0019561785738915205,0.0,0.06389445066452026,0.18645983934402466,0.16184401512145996,0.0234006866812706,40.67721176147461,1,0.01555602066218853,0.1569301038980484,-0.1886446624994278,0.02321804314851761,41.127628326416016,1,0.009256924502551556,-0.31101563572883606,0.14493180811405182,0.0228012353181839,32.00676727294922,1,0.008974569849669933,-0.2514536380767822,-0.17603802680969238,0.023191414773464203,24.76891326904297,1,0.0019975071772933006
68,1.36,stand,0.0,0.0,0.0,0.31653615832328796,-0.02843991108238697,0.0038480234798043966,0.0001570942549733445,0.00188159488607198,-1.179851039374528,-2.436867208114333,4,0,0,-0.0001188253445434384,0.00010275767999701202,-9.823658183449879e-05,0.00011254408309469,-0.00188159488607198,0.0,0.06389355659484863,0.18646013736724854,0.16184845566749573,0.023400776088237762,40.6790885925293,1,0.01555333286523819,0.15694111585617065,-0.18864114582538605,0.023218117654323578,41.126338958740234,1,0.009255332872271538,-0.31101545691490173,0.1449202448129654,0.02280130237340927,32.01153564453125,1,0.00898433942347765,-0.2514430582523346,-0.1760476529598236,0.023191384971141815,24.765892028808594,1,0.001999048050493002
69,1.3800000000000001,stand,0.0,0.0,0.0,0.31653735041618347,-0.028443003073334694,0.0038508109282702208,0.00015737848298158497,0.0018118914449587464,-1.1797051508027248,-2.436457610207544,4,0,0,-0.00010427575762150809,0.00011787515541072935,-8.430057641817257e-05,0.00012741942191496491,-0.0018118914449587464,0.0,0.06389319896697998,0.18645992875099182,0.16185273230075836,0.023400694131851196,40.68038558959961,1,0.015556463971734047,0.15695136785507202,-0.18863779306411743,0.02321818470954895,41.12632369995117,1,0.009249366819858551,-0.311015248298645,0.14490915834903717,0.022801309823989868,32.015167236328125,1,0.008981064893305302,-0.2514326572418213,-0.17605705559253693,0.023191452026367188,24.761943817138672,1,0.00200165924616158
70,1.4000000000000001,stand,0.0,0.0,0.0,0.31653836369514465,-0.02844587340950966,0.003853818168863654,0.00015782304399181157,0.0017439874354749918,-1.1795210558602518,-2.4360642340000336,4,0,0,-9.215642785420641e-05,0.00012812223576474935,-7.271462527569383e-05,0.00013745171600021422,-0.0017439874354749918,0.0,0.06389322876930237,0.1864597350358963,0.16185665130615234,0.02340078353881836,40.681331634521484,1,0.015558339655399323,0.1569613665342331,-0.18863467872142792,0.023218266665935516,41.12654495239258,1,0.009250632487237453,-0.3110150098800659,0.14489850401878357,0.022801473736763,32.01919937133789,1,0.008975548669695854,-0.2514226734638214,-0.17606593668460846,0.023191407322883606,24.75826072692871,1,0.0020013388711959124
71,1.42,stand,0.0,0.0,0.0,0.31653913855552673,-0.02844848483800888,0.003856956958770752,0.00015791092300787568,0.0016790592344477773,-1.179306118344808,-2.4357097044934273,4,0,0,-8.230854291468859e-05,0.00013476336607709527,-6.332433986244723e-05,0.00014390477736014873,-0.0016790592344477773,0.0,0.06389355659484863,0.18645937740802765,0.16186055541038513,0.023400716483592987,40.68406295776367,1,0.015556463971734047,0.1569707840681076,-0.18863174319267273,0.023218311369419098,41.12621307373047,1,0.009248507209122181,-0.311015248298645,0.14488829672336578,0.02280128002166748,32.02156448364258,1,0.008975591510534286,-0.25141340494155884,-0.17607462406158447,0.0231914222240448,24.754947662353516,1,0.001999926520511508
72,1.44,stand,0.0,0.0,0.0,0.3165396749973297,-0.028450971469283104,0.0038601590786129236,0.00015686615370213985,0.001614831737242639,-1.1790681289409153,-2.4354136584815897,4,0,0,-7.46103614801541e-05,0.00013798652798868716,-5.5966764193726704e-05,0.00014698671293444932,-0.001614831737242639,0.0,0.06389490514993668,0.18645860254764557,0.16186408698558807,0.023400820791721344,40.68462371826172,1,0.01555415615439415,0.15697965025901794,-0.18862900137901306,0.02321849763393402,41.126678466796875,1,0.009239678271114826,-0.31101566553115845,0.14487828314304352,0.0228012353181839,32.02505111694336,1,0.008981489576399326,-0.251404732465744,-0.17608295381069183,0.02319147437810898,24.752506256103516,1,0.002001506509259343
73,1.46,stand,0.0,0.0,0.0,0.31654006242752075,-0.028453342616558075,0.0038633777294307947,0.00015472460654564202,0.0015546438517048955,-1.1787989767989346,-2.435240128987989,4,0,0,-6.827132165199146e-05,0.00013884787040296942,-4.990349043509923e-05,0.00014773127622902393,-0.0015546438517048955,0.0,0.06389756500720978,0.18645747005939484,0.16186776757240295,0.023400843143463135,40.685935974121094,1,0.015568734146654606,0.15698739886283875,-0.18862631916999817,0.023218512535095215,41.126094818115234,1,0.009244643151760101,-0.31101641058921814,0.14486896991729736,0.02280137687921524,32.027462005615234,1,0.008989575318992138,-0.2513972818851471,-0.17609095573425293,0.023191578686237335,24.751060485839844,1,0.002001913031563163
74,1.48,stand,0.0,0.0,0.0,0.31654033064842224,-0.028455546125769615,0.0038665421307086945,0.00015115532733034343,0.0014978960389271379,-1.1785192592080813,-2.4350783388820245,4,0,0,-6.354953802656382e-05,0.00013714731903746724,-4.54089131380897e-05,0.00014592992374673486,-0.0014978960389271379,0.0,0.0639001652598381,0.1864563673734665,0.16187109053134918,0.02340066432952881,40.68677520751953,1,0.015566851943731308,0.15699468553066254,-0.1886236071586609,0.023218467831611633,41.12565231323242,1,0.009240311570465565,-0.31101763248443604,0.1448599398136139,0.022801212966442108,32.029964447021484,1,0.008988931775093079,-0.2513900697231293,-0.17609840631484985,0.023191452026367188,24.748546600341797,1,0.0020004971884191036
75,1.5,stand,0.0,0.0,0.0,0.31654053926467896,-0.028457721695303917,0.0038696208503097296,0.00014639263099525124,0.0014422339154407382,-1.1782369802962895,-2.4349304225978115,4,0,0,-6.001812653266825e-05,0.0001335238921456039,-4.2057446989929304e-05,0.0001422228669980541,-0.0014422339154407382,0.0,0.06390306353569031,0.18645502626895905,0.16187438368797302,0.023400716483592987,40.68715286254883,1,0.015560190193355083,0.15700168907642365,-0.18862098455429077,0.023218616843223572,41.12545394897461,1,0.009236639365553856,-0.3110184371471405,0.1448514312505722,0.022801473736763,32.03209686279297,1,0.008989022113382816,-0.2513827979564667,-0.17610551416873932,0.023191653192043304,24.747236251831055,1,0.0019903320353478193
76,1.52,stand,0.0,0.0,0.0,0.3165406286716461,-0.028459811583161354,0.0038726008497178555,0.00014055159408599138,0.0013889854308217764,-1.177953420724028,-2.4347950994748806,4,0,0,-5.694140781997703e-05,0.00012850068742409348,-3.9130361983552575e-05,0.00013712758664041758,-0.0013889854308217764,0.0,0.06390564143657684,0.1864539533853531,0.1618778258562088,0.023400671780109406,40.68785858154297,1,0.015577265061438084,0.15700842440128326,-0.1886184811592102,0.02321849763393402,41.125091552734375,1,0.009237658232450485,-0.3110194504261017,0.14484328031539917,0.022801265120506287,32.03433609008789,1,0.008984998799860477,-0.2513763904571533,-0.17611245810985565,0.023191548883914948,24.744827270507812,1,0.0020001009106636047
77,1.54,stand,0.0,0.0,0.0,0.3165406584739685,-0.028461888432502747,0.0038754402194172144,0.00013385208148974925,0.0013366536004468799,-1.1776776518362888,-2.434674290503936,4,0,0,-5.5078922741813585e-05,0.0001219946498167701,-3.7380665162345394e-05,0.00013056192256044596,-0.0013366536004468799,0.0,0.06390856951475143,0.18645276129245758,0.16188077628612518,0.023400671780109406,40.687618255615234,1,0.01556383166462183,0.15701495110988617,-0.18861600756645203,0.023218639194965363,41.1251220703125,1,0.009241385385394096,-0.31102046370506287,0.14483551681041718,0.022801309823989868,32.03614807128906,1,0.008987115696072578,-0.2513698637485504,-0.17611905932426453,0.023191586136817932,24.743574142456055,1,0.001993640325963497
78,1.56,stand,0.0,0.0,0.0,0.31654056906700134,-0.02846391126513481,0.0038781154435127974,0.0001270438078790903,0.001286860671825707,-1.1774088198594255,-2.4345656478074504,4,0,0,-5.3528445278061554e-05,0.00011521646229084581,-3.58977158612106e-05,0.0001237447140738368,-0.001286860671825707,0.0,0.0639113187789917,0.18645162880420685,0.16188398003578186,0.023400723934173584,40.68681716918945,1,0.015566944144666195,0.15702131390571594,-0.18861350417137146,0.023218601942062378,41.12651443481445,1,0.00923542957752943,-0.3110210597515106,0.14482800662517548,0.022801347076892853,32.037872314453125,1,0.008990317583084106,-0.2513638734817505,-0.17612530291080475,0.02319149672985077,24.741838455200195,1,0.002000996842980385
79,1.58,stand,0.0,0.0,0.0,0.3165404796600342,-0.028465885668992996,0.003880627453327179,0.00012028393393848091,0.0012398971011862159,-1.1771533280957847,-2.43447002515907,4,0,0,-5.2394090744201094e-05,0.00010827319056261331,-3.481630847090855e-05,0.00011676803114823997,-0.0012398971011862159,0.0,0.06391426175832748,0.18645063042640686,0.1618870049715042,0.023400522768497467,40.68711853027344,1,0.015560135245323181,0.15702711045742035,-0.18861128389835358,0.023218639194965363,41.12712860107422,1,0.009233897551894188,-0.31102195382118225,0.1448209136724472,0.022801324725151062,32.03981018066406,1,0.00898154079914093,-0.2513579726219177,-0.17613117396831512,0.02319159358739853,24.74043083190918,1,0.0019988208077847958
80,1.6,stand,0.0,0.0,0.0,0.31654036045074463,-0.028467867523431778,0.003882970195263624,0.00011352996079949662,0.0011930736945942044,-1.1769069076771352,-2.434386141898326,4,0,0,-5.162620436749421e-05,0.00010111273877555504,-3.408171687624417e-05,0.00010958225175272673,-0.0011930736945942044,0.0,0.06391698867082596,0.1864495724439621,0.1618899405002594,0.0234004408121109,40.68759536743164,1,0.015562466345727444,0.15703269839286804,-0.18860872089862823,0.02321849763393402,41.126800537109375,1,0.009224181063473225,-0.31102263927459717,0.14481423795223236,0.022801361978054047,32.04148864746094,1,0.008982307277619839,-0.2513521909713745,-0.17613667249679565,0.02319156378507614,24.739534378051758,1,0.0019956273026764393
81,1.62,stand,0.0,0.0,0.0,0.3165401816368103,-0.028469810262322426,0.0038851569406688213,0.00010653174831531942,0.0011476222425699234,-1.1766722266461218,-2.434293934344531,4,0,0,-5.0978396757273003e-05,9.354259236715734e-05,-3.3419037208659574e-05,0.00010200914402958006,-0.0011476222425699234,0.0,0.06391941756010056,0.18644900619983673,0.16189280152320862,0.023400738835334778,40.68527603149414,1,0.015557070262730122,0.15703846514225006,-0.18860653042793274,0.02321869134902954,41.1263313293457,1,0.009236273355782032,-0.31102344393730164,0.14480800926685333,0.022801369428634644,32.04373550415039,1,0.008975916542112827,-0.25134700536727905,-0.1761419177055359,0.023191601037979126,24.738500595092773,1,0.001986434916034341
82,1.6400000000000001,stand,0.0,0.0,0.0,0.31654003262519836,-0.028471753001213074,0.003887177212163806,0.00010010453115683049,0.001104935654439032,-1.176447470733746,-2.434213679621783,4,0,0,-5.009921733289957e-05,8.66659393068403e-05,-3.255229239584878e-05,9.511791722616181e-05,-0.001104935654439032,0.0,0.06392170488834381,0.186448335647583,0.16189540922641754,0.023400597274303436,40.68582534790039,1,0.015551730059087276,0.15704381465911865,-0.18860432505607605,0.023218877613544464,41.127784729003906,1,0.00923477578908205,-0.3110238313674927,0.1448020190000534,0.0228012353181839,32.04425048828125,1,0.008974204771220684,-0.2513413727283478,-0.17614690959453583,0.023191437125205994,24.737661361694336,1,0.0019844570197165012
83,1.6600000000000001,stand,0.0,0.0,0.0,0.3165398836135864,-0.02847369946539402,0.003889057319611311,9.543421037960798e-05,0.0010785560589283705,-1.1762257030291323,-2.434121045181165,4,0,0,-5.123594746692106e-05,8.051438635447994e-05,-3.352724525029771e-05,8.90310257091187e-05,-0.0010785560589283705,0.0,0.06392350792884827,0.1864478588104248,0.16189822554588318,0.023400604724884033,40.68624496459961,1,0.015565363690257072,0.15704894065856934,-0.18860207498073578,0.02321864664554596,41.12820053100586,1,0.009223496541380882,-0.31102418899536133,0.14479632675647736,0.022801347076892853,32.04618453979492,1,0.008980772458016872,-0.25133633613586426,-0.17615149915218353,0.023190699517726898,24.70435333251953,1,0.0021808394230902195
84,1.68,stand,0.0,0.0,0.0,0.31653985381126404,-0.02847561612725258,0.003890721360221505,8.612801320850849e-05,0.001035624765790999,-1.1760664742441063,-2.4342582892948,4,0,0,-5.0740600272547454e-05,6.959473103052005e-05,-3.254023613408208e-05,7.833286508684978e-05,-0.001035624765790999,0.0,0.06392723321914673,0.18644633889198303,0.16190071403980255,0.023400627076625824,40.689693450927734,1,0.015562918037176132,0.15705297887325287,-0.18860021233558655,0.023218929767608643,41.12786865234375,1,0.009227101691067219,-0.311025470495224,0.1447908878326416,0.02280116081237793,32.04775619506836,1,0.008989368565380573,-0.2513323128223419,-0.1761562079191208,0.023190520703792572,24.70392608642578,1,0.0021752433385699987
85,1.7,stand,0.0,0.0,0.0,0.316540002822876,-0.028477557003498077,0.0038921483792364597,7.806942448951304e-05,0.0009964442579075694,-1.1759521752972144,-2.4344098341170093,4,0,0,-5.094148582429625e-05,5.915910878684372e-05,-3.2308485970133916e-05,6.808892067056149e-05,-0.0009964442579075694,0.0,0.06393124908208847,0.186444953083992,0.16190291941165924,0.023400619626045227,40.687828063964844,1,0.01556610967963934,0.15705692768096924,-0.1885983645915985,0.02321891486644745,41.12800979614258,1,0.009222201071679592,-0.31102675199508667,0.14478550851345062,0.022801287472248077,32.04913330078125,1,0.008990517817437649,-0.2513285279273987,-0.1761605441570282,0.023190684616565704,24.7043514251709,1,0.00217814021743834
86,1.72,stand,0.0,0.0,0.0,0.3165402114391327,-0.028479553759098053,0.003893353044986725,7.12357577867806e-05,0.0009609974222257733,-1.1758499359030758,-2.4345692763454467,4,0,0,-5.113421138958074e-05,4.959663056069985e-05,-3.2250307413050905e-05,5.8631518186302856e-05,-0.0009609974222257733,0.0,0.06393460929393768,0.1864435076713562,0.16190534830093384,0.02340058982372284,40.68553924560547,1,0.015554768033325672,0.15706054866313934,-0.18859648704528809,0.02321872115135193,41.128273010253906,1,0.009223627857863903,-0.3110279142856598,0.14478051662445068,0.022801056504249573,32.05024719238281,1,0.008984587155282497,-0.2513248920440674,-0.1761646717786789,0.023190364241600037,24.703975677490234,1,0.002173649612814188
87,1.74,stand,0.0,0.0,0.0,0.31654056906700134,-0.028481511399149895,0.003894384717568755,6.583415961358696e-05,0.0009281200473196805,-1.1757510048818163,-2.434649744511606,4,0,0,-5.127847907715477e-05,4.1287465137429535e-05,-3.231178561691195e-05,5.034840796724893e-05,-0.0009281200473196805,0.0,0.06393774598836899,0.18644247949123383,0.16190755367279053,0.02340058982372284,40.68339920043945,1,0.015553385950624943,0.15706443786621094,-0.18859462440013885,0.023218907415866852,41.126922607421875,1,0.0092284195125103,-0.31102877855300903,0.1447758972644806,0.022801540791988373,32.05011749267578,1,0.008992522954940796,-0.25132104754447937,-0.17616841197013855,0.023190855979919434,24.703306198120117,1,0.0021699704229831696
88,1.76,stand,0.0,0.0,0.0,0.31654083728790283,-0.028483452275395393,0.0038952401373535395,6.010284414514899e-05,0.0008885578135959804,-1.175655915841965,-2.434736189093289,4,0,0,-4.995790004613809e-05,3.341496631037444e-05,-3.11437324853614e-05,4.2393337935209274e-05,-0.0008885578135959804,0.0,0.06394027173519135,0.18644186854362488,0.1619100123643875,0.02340070903301239,40.6810417175293,1,0.01554576214402914,0.1570681929588318,-0.18859252333641052,0.023218870162963867,41.12738037109375,1,0.009207556955516338,-0.3110293447971344,0.14477163553237915,0.02280128002166748,32.049888610839844,1,0.008985999971628189,-0.25131744146347046,-0.17617207765579224,0.02319175750017166,24.733518600463867,1,0.0019845557399094105
89,1.78,stand,0.0,0.0,0.0,0.3165409564971924,-0.028485357761383057,0.003895977046340704,5.767034599557519e-05,0.0008567034383304417,-1.1755389488524286,-2.43464889073796,4,0,0,-4.894995072390884e-05,3.0492150472127832e-05,-3.0718816560693085e-05,3.918689253623597e-05,-0.0008567034383304417,0.0,0.063941091299057,0.18644191324710846,0.16191233694553375,0.023400455713272095,40.67571258544922,1,0.015545597299933434,0.157072514295578,-0.18859058618545532,0.02321891486644745,41.127254486083984,1,0.00922084879130125,-0.31102943420410156,0.14476771652698517,0.02280142903327942,32.050018310546875,1,0.008983312174677849,-0.251313179731369,-0.1761750727891922,0.023191839456558228,24.73416519165039,1,0.0019792490638792515
90,1.8,stand,0.0,0.0,0.0,0.3165408670902252,-0.02848724275827408,0.0038966720458120108,5.577903721132316e-05,0.0008274877909570932,-1.1753945543845064,-2.434560952052396,4,0,0,-4.778499715030193e-05,2.8773167286999524e-05,-3.003925667144358e-05,3.7233483453746885e-05,-0.0008274877909570932,0.0,0.06394173949956894,0.18644198775291443,0.1619151085615158,0.02340056747198105,40.675357818603516,1,0.015556600876152515,0.15707705914974213,-0.18858850002288818,0.0232187882065773,41.13028335571289,1,0.009220009669661522,-0.31102901697158813,0.14476417005062103,0.02280130237340927,32.049903869628906,1,0.008984912186861038,-0.25130894780158997,-0.17617802321910858,0.02319188416004181,24.732301712036133,1,0.0019852551631629467
91,1.82,stand,0.0,0.0,0.0,0.31654050946235657,-0.028489094227552414,0.0038973097689449787,5.416343265096657e-05,0.0008000613888725638,-1.1752488792561147,-2.434476428461417,4,0,0,-4.680481652030721e-05,2.7257785404799506e-05,-2.932957431767136e-05,3.5587148886406794e-05,-0.0008000613888725638,0.0,0.06394267827272415,0.1864422857761383,0.16191762685775757,0.023400619626045227,40.67547607421875,1,0.015547838993370533,0.15708109736442566,-0.18858622014522552,0.023218728601932526,41.132083892822266,1,0.009222159162163734,-0.3110286593437195,0.1447608917951584,0.02280137687921524,32.0518684387207,1,0.008979356847703457,-0.25130483508110046,-0.17618076503276825,0.023191794753074646,24.73180389404297,1,0.001983382273465395
92,1.84,stand,0.0,0.0,0.0,0.3165401816368103,-0.028490953147411346,0.0038979253731667995,5.2780578698730096e-05,0.0007733145612291992,-1.1751181451665325,-2.4343978812859617,4,0,0,-4.571139288600534e-05,2.638669866428245e-05,-2.8325915991445072e-05,3.467374335741624e-05,-0.0007733145612291992,0.0,0.0639437809586525,0.18644243478775024,0.16191978752613068,0.02340047061443329,40.67523956298828,1,0.015542774461209774,0.1570853292942047,-0.18858417868614197,0.02321905642747879,41.13364028930664,1,0.009210951626300812,-0.31102827191352844,0.1447574496269226,0.02280139923095703,32.0534553527832,1,0.008984358981251717,-0.2513006925582886,-0.17618328332901,0.02319175750017166,24.731252670288086,1,0.0019803782925009727
93,1.86,stand,0.0,0.0,0.0,0.3165399432182312,-0.0284927636384964,0.0038985086139291525,5.1088223699480295e-05,0.0007451300625689328,-1.1750061940971677,-2.4343265911864997,4,0,0,-4.405700383358635e-05,2.586477785371244e-05,-2.6610072382027283e-05,3.418485357542522e-05,-0.0007451300625689328,0.0,0.06394483149051666,0.1864425390958786,0.16192197799682617,0.02340046316385269,40.67533493041992,1,0.01554313488304615,0.15708915889263153,-0.1885824352502823,0.023219019174575806,41.13418197631836,1,0.009231644682586193,-0.31102800369262695,0.14475436508655548,0.022801578044891357,32.05430221557617,1,0.008986960165202618,-0.2512966990470886,-0.17618581652641296,0.023191921412944794,24.731239318847656,1,0.001981258625164628
94,1.8800000000000001,stand,0.0,0.0,0.0,0.31653961539268494,-0.028494536876678467,0.0038990878965705633,4.987269130651839e-05,0.0007201614207588136,-1.1748997925565035,-2.434323602978738,4,0,0,-4.2673451389418915e-05,2.5812054445850663e-05,-2.5107750843744725e-05,3.4192518796771765e-05,-0.0007201614207588136,0.0,0.06394631415605545,0.1864427775144577,0.16192400455474854,0.023400425910949707,40.67569351196289,1,0.015544484369456768,0.15709275007247925,-0.18858076632022858,0.023219034075737,41.13521957397461,1,0.00923153106123209,-0.31102773547172546,0.1447513848543167,0.022801458835601807,32.05635070800781,1,0.008978482335805893,-0.251293420791626,-0.17618827521800995,0.02319192886352539,24.731306076049805,1,0.0019836993888020515
95,1.9000000000000001,stand,0.0,0.0,0.0,0.3165394365787506,-0.028496313840150833,0.0038996459916234016,4.8575649998383597e-05,0.0006950010429136455,-1.1748001144833036,-2.434325097082619,4,0,0,-4.1278835851699114e-05,2.5605695554986596e-05,-2.356602817599196e-05,3.406009273021482e-05,-0.0006950010429136455,0.0,0.06394781917333603,0.1864428073167801,0.16192610561847687,0.023400604724884033,40.67414855957031,1,0.0155491316691041,0.15709613263607025,-0.18857906758785248,0.023219071328639984,41.134788513183594,1,0.009220302104949951,-0.3110275864601135,0.14474838972091675,0.022801466286182404,32.05713653564453,1,0.00898628681898117,-0.25128990411758423,-0.17619065940380096,0.02319195866584778,24.73133087158203,1,0.001971710938960314
96,1.92,stand,0.0,0.0,0.0,0.3165392279624939,-0.028498061001300812,0.003900188021361828,4.672266368288547e-05,0.0006720016244798899,-1.174710041363624,-2.434330860054731,4,0,0,-3.925180499209091e-05,2.5343699235236272e-05,-2.14154406421585e-05,3.38626341545023e-05,-0.0006720016244798899,0.0,0.06394919753074646,0.18644285202026367,0.16192778944969177,0.02340053766965866,40.67333221435547,1,0.01554342731833458,0.15709935128688812,-0.18857741355895996,0.023219086229801178,41.13465881347656,1,0.00921938568353653,-0.3110273480415344,0.1447455883026123,0.022801466286182404,32.058982849121094,1,0.00897658709436655,-0.2512868642807007,-0.17619295418262482,0.02319192886352539,24.730703353881836,1,0.0019825799390673637
97,1.94,stand,0.0,0.0,0.0,0.31653907895088196,-0.02849973738193512,0.0039007070008665323,4.470995918381959e-05,0.0006502270698547363,-1.174624663998999,-2.434339397791194,4,0,0,-3.722755718627013e-05,2.476064400980249e-05,-1.928187339217402e-05,3.3336826163576916e-05,-0.0006502270698547363,0.0,0.0639505609869957,0.18644298613071442,0.16192956268787384,0.02340051531791687,40.67250061035156,1,0.015541642904281616,0.15710262954235077,-0.18857604265213013,0.02321913093328476,41.13483428955078,1,0.00921537820249796,-0.3110275864601135,0.14474286139011383,0.022801369428634644,32.059120178222656,1,0.008987429551780224,-0.25128379464149475,-0.17619524896144867,0.023191817104816437,24.730287551879883,1,0.001976994564756751
98,1.96,stand,0.0,0.0,0.0,0.31653904914855957,-0.02850138023495674,0.0039012101478874683,4.262040602043271e-05,0.000629084650427103,-1.1745415277901952,-2.4343716277463394,4,0,0,-3.494978227536194e-05,2.439286072331015e-05,-1.6918987967073917e-05,3.3015694498317316e-05,-0.000629084650427103,0.0,0.06395194679498672,0.18644289672374725,0.16193118691444397,0.023400455713272095,40.671730041503906,1,0.015538613311946392,0.15710534155368805,-0.18857456743717194,0.023219160735607147,41.13467788696289,1,0.009215930476784706,-0.3110273480415344,0.14474014937877655,0.022801347076892853,32.05970764160156,1,0.008992417715489864,-0.25128084421157837,-0.17619718611240387,0.023191966116428375,24.729816436767578,1,0.0019786746706813574
99,1.98,stand,0.0,0.0,0.0,0.31653904914855957,-0.028502997010946274,0.0039017016533762217,4.0356819226872176e-05,0.0006089763483032584,-1.1744670360395597,-2.4343859284549145,4,0,0,-3.260988160036504e-05,2.3775377485435456e-05,-1.4524796824844088e-05,3.242999082431197e-05,-0.0006089763483032584,0.0,0.06395304948091507,0.18644313514232635,0.16193276643753052,0.02340056747198105,40.67169189453125,1,0.015538022853434086,0.15710817277431488,-0.18857327103614807,0.023219190537929535,41.13478088378906,1,0.009209497831761837,-0.3110271990299225,0.14473770558834076,0.022801339626312256,32.061283111572266,1,0.008978311903774738,-0.251277893781662,-0.17619919776916504,0.023191891610622406,24.729385375976562,1,0.001979070482775569
100,2.0,stand,0.0,0.0,0.0,0.3165390193462372,-0.028504546731710434,0.003902152180671692,3.8008016417734325e-05,0.000588512048125267,-1.1743976669308018,-2.4344025770410163,4,0,0,-3.048601865884848e-05,2.2698282919009216e-05,-1.2323835107963532e-05,3.139437103527598e-05,-0.000588512048125267,0.0,0.06395407021045685,0.18644289672374725,0.16193431615829468,0.023400530219078064,40.670597076416016,1,0.01553732343018055,0.1571110635995865,-0.18857204914093018,0.023219212889671326,41.13542938232422,1,0.009208538569509983,-0.311026930809021,0.1447352170944214,0.022801309823989868,32.062164306640625,1,0.008977796882390976,-0.2512752115726471,-0.1762012243270874,0.023191913962364197,24.728683471679688,1,0.0019761803559958935
101,2.02,stand,0.0,0.0,0.0,0.3165389597415924,-0.02850605733692646,0.0039025817532092333,3.5694287362275645e-05,0.000570658827200532,-1.1743286179871613,-2.434443131289213,4,0,0,-2.8271288101677783e-05,2.17902816075366e-05,-1.0037139873020351e-05,3.0525854526786134e-05,-0.000570658827200532,0.0,0.06395556777715683,0.18644310534000397,0.1619357317686081,0.023400545120239258,40.66953659057617,1,0.015538746491074562,0.15711356699466705,-0.18857084214687347,0.023219086229801178,41.1359977722168,1,0.009212492033839226,-0.311026930809021,0.1447330266237259,0.022801443934440613,32.062889099121094,1,0.008985020220279694,-0.25127285718917847,-0.17620302736759186,0.023191794753074646,24.728469848632812,1,0.001982196466997266
102,2.04,stand,0.0,0.0,0.0,0.3165389895439148,-0.028507545590400696,0.003902976866811514,3.34108408424072e-05,0.0005546740721911192,-1.1742698143272756,-2.434465329404016,4,0,0,-2.6041640012408607e-05,2.0931247490807436e-05,-7.748117241135333e-06,2.9700531740672886e-05,-0.0005546740721911192,0.0,0.0639566034078598,0.18644310534000397,0.1619371473789215,0.02340061217546463,40.6694450378418,1,0.015542480163276196,0.15711604058742523,-0.18856960535049438,0.02321932464838028,41.135719299316406,1,0.009213974699378014,-0.31102654337882996,0.14473076164722443,0.02280139923095703,32.06320571899414,1,0.008982593193650246,-0.2512703537940979,-0.17620490491390228,0.02319188416004181,24.72781753540039,1,0.0019782029557973146
103,2.06,stand,0.0,0.0,0.0,0.31653910875320435,-0.02850896306335926,0.003903359407559037,3.0917461117496714e-05,0.0005376822664402425,-1.1742145324836808,-2.4344670369513084,4,0,0,-2.3611994038219564e-05,1.9959037672379054e-05,-5.305329068505671e-06,2.8740338166244328e-05,-0.0005376822664402425,0.0,0.06395719945430756,0.1864432990550995,0.16193842887878418,0.023400582373142242,40.66973114013672,1,0.015538590028882027,0.15711867809295654,-0.18856853246688843,0.02321920543909073,41.13605880737305,1,0.009207410737872124,-0.31102654337882996,0.14472860097885132,0.022801421582698822,32.06414031982422,1,0.00897920224815607,-0.251267671585083,-0.17620661854743958,0.023191913962364197,24.72708511352539,1,0.001978918444365263
104,2.08,stand,0.0,0.0,0.0,0.3165391683578491,-0.028510309755802155,0.0039037070237100124,2.864902126020752e-05,0.0005205299821682274,-1.1741713101928393,-2.4344719461497744,4,0,0,-2.1585628928733058e-05,1.883685399661772e-05,-3.2179657409869833e-06,2.7651838536257856e-05,-0.0005205299821682274,0.0,0.06395795196294785,0.18644344806671143,0.1619395613670349,0.023400388658046722,40.66969299316406,1,0.015536504797637463,0.1571209728717804,-0.1885676085948944,0.023219197988510132,41.135562896728516,1,0.009216109290719032,-0.311026394367218,0.14472661912441254,0.022801272571086884,32.0644416809082,1,0.008977081626653671,-0.25126540660858154,-0.17620840668678284,0.023191891610622406,24.72702980041504,1,0.001982996705919504
105,2.1,stand,0.0,0.0,0.0,0.31653934717178345,-0.02851167321205139,0.003904015524312854,2.640451020852197e-05,0.0005044779391027987,-1.1741278744585864,-2.434478349452121,4,0,0,-1.9624931155703962e-05,1.76652265508892e-05,-1.2368964235065505e-06,2.6494044504943304e-05,-0.0005044779391027987,0.0,0.06395859271287918,0.18644361197948456,0.1619407683610916,0.023400522768497467,40.66871643066406,1,0.015537834726274014,0.15712349116802216,-0.18856647610664368,0.023219101130962372,41.136436462402344,1,0.009206549264490604,-0.3110262155532837,0.14472459256649017,0.02280133217573166,32.06426239013672,1,0.008991619572043419,-0.2512630224227905,-0.1762099266052246,0.023191988468170166,24.72635269165039,1,0.0019837506115436554
106,2.12,stand,0.0,0.0,0.0,0.3165394365787506,-0.028512999415397644,0.0039043165743350983,2.44782477238914e-05,0.0004903096123598516,-1.1740919092437379,-2.434487100631995,4,0,0,-1.7755528460838832e-05,1.6850097381393425e-05,6.437171009565645e-07,2.568865784269292e-05,-0.0004903096123598516,0.0,0.06395922601222992,0.18644379079341888,0.16194194555282593,0.023400530219078064,40.66788101196289,1,0.015530883334577084,0.15712565183639526,-0.18856558203697205,0.023219265043735504,41.13716125488281,1,0.009210743010044098,-0.31102585792541504,0.14472264051437378,0.022801473736763,32.064979553222656,1,0.008988476358354092,-0.25126081705093384,-0.17621147632598877,0.023191891610622406,24.725791931152344,1,0.001979235326871276
107,2.14,stand,0.0,0.0,0.0,0.31653955578804016,-0.028514258563518524,0.003904589219018817,2.275570841447916e-05,0.00047695080866105855,-1.174050821387012,-2.4345398211546514,4,0,0,-1.5782790796947666e-05,1.6392858015024103e-05,2.6212355805910192e-06,2.5238763555535115e-05,-0.00047695080866105855,0.0,0.06396038830280304,0.18644391000270844,0.16194310784339905,0.02340058982372284,40.667545318603516,1,0.015548178926110268,0.15712760388851166,-0.1885647177696228,0.0232192724943161,41.13673400878906,1,0.009214057587087154,-0.31102606654167175,0.14472079277038574,0.02280149608850479,32.0651741027832,1,0.00899865198880434,-0.2512587904930115,-0.17621289193630219,0.02319195121526718,24.72604751586914,1,0.0019787095952779055
108,2.16,stand,0.0,0.0,0.0,0.3165395259857178,-0.028515473008155823,0.003904846031218767,2.0987279640394263e-05,0.0004639682883862406,-1.1740153897806926,-2.434572264553209,4,0,0,-1.4010507584316656e-05,1.562599209137261e-05,4.389944479044061e-06,2.4474235033267178e-05,-0.0004639682883862406,0.0,0.06396128982305527,0.1864439845085144,0.1619441956281662,0.023400455713272095,40.66659927368164,1,0.015536831691861153,0.15712949633598328,-0.18856382369995117,0.023219220340251923,41.13719940185547,1,0.009210730902850628,-0.31102579832077026,0.14471913874149323,0.02280142903327942,32.066898345947266,1,0.00898119155317545,-0.2512570917606354,-0.17621436715126038,0.02319200336933136,24.726116180419922,1,0.001980308210477233
109,2.18,stand,0.0,0.0,0.0,0.31653961539268494,-0.028516674414277077,0.0039050772320479155,1.9291503122076392e-05,0.00045177212450653315,-1.173975262419319,-2.43458336361061,4,0,0,-1.209333731821971e-05,1.503041130490601e-05,6.316814051388064e-06,2.3888178475317545e-05,-0.00045177212450653315,0.0,0.06396171450614929,0.18644408881664276,0.16194522380828857,0.02340056747198105,40.66585922241211,1,0.015541675500571728,0.15713152289390564,-0.18856291472911835,0.023219116032123566,41.1374397277832,1,0.009211953729391098,-0.31102561950683594,0.14471761882305145,0.022801265120506287,32.06659698486328,1,0.00898833479732275,-0.25125476717948914,-0.17621555924415588,0.023191973567008972,24.72519302368164,1,0.001977001316845417
110,2.2,stand,0.0,0.0,0.0,0.31653961539268494,-0.0285178292542696,0.003905298188328743,1.8485729015083052e-05,0.00044900557259097695,-1.1739289451990096,-2.4345938223377765,4,0,0,-1.1050969987991266e-05,1.4818847375863697e-05,7.446251402143389e-06,2.3721186153125018e-05,-0.00044900557259097695,0.0,0.06396254897117615,0.1864442378282547,0.1619463860988617,0.023400455713272095,40.66529083251953,1,0.015543430112302303,0.15713335573673248,-0.18856211006641388,0.023219160735607147,41.13745880126953,1,0.00921444222331047,-0.31102535128593445,0.14471615850925446,0.022801436483860016,32.0680046081543,1,0.008988617919385433,-0.25125300884246826,-0.1762167513370514,0.0231919065117836,24.711374282836914,1,0.0019953856244683266
111,2.22,stand,0.0,0.0,0.0,0.3165398836135864,-0.028518952429294586,0.003905495861545205,1.5436808098456822e-05,0.0004294062382541597,-1.1739122966129079,-2.4346311749348,4,0,0,-8.783895282249432e-06,1.2694022188952658e-05,9.714090083434712e-06,2.1600457330350764e-05,-0.0004294062382541597,0.0,0.06396313011646271,0.18644440174102783,0.16194723546504974,0.023400507867336273,40.666324615478516,1,0.015537169761955738,0.15713530778884888,-0.18856126070022583,0.023219339549541473,41.136680603027344,1,0.009206420741975307,-0.31102538108825684,0.14471453428268433,0.022801503539085388,32.067115783691406,1,0.008993811905384064,-0.25125131011009216,-0.17621813714504242,0.02319204807281494,24.724451065063477,1,0.0019780846778303385
112,2.24,stand,0.0,0.0,0.0,0.31654003262519836,-0.028520051389932632,0.0039056541863828897,1.381657330057351e-05,0.0004161616088822484,-1.173895114418277,-2.434648250407725,4,0,0,-6.943108473933535e-06,1.1945330697926693e-05,1.1492398698464967e-05,2.0826226318604313e-05,-0.0004161616088822484,0.0,0.06396353989839554,0.18644456565380096,0.16194792091846466,0.023400604724884033,40.66587448120117,1,0.015538298524916172,0.15713715553283691,-0.18856053054332733,0.02321936935186386,41.13726043701172,1,0.009204030968248844,-0.31102508306503296,0.14471305906772614,0.022801391780376434,32.06810760498047,1,0.008986321277916431,-0.2512494623661041,-0.17621926963329315,0.02319210022687912,24.725051879882812,1,0.0019749286584556103
113,2.2600000000000002,stand,0.0,0.0,0.0,0.31654009222984314,-0.028521087020635605,0.00390580203384161,1.2545217941806186e-05,0.0004029105184599757,-1.173869287765478,-2.4346642586635925,4,0,0,-5.277499894873472e-06,1.1381146578059997e-05,1.3132595086062793e-05,2.0254037735867314e-05,-0.0004029105184599757,0.0,0.06396403163671494,0.18644462525844574,0.16194887459278107,0.02340047061443329,40.6646842956543,1,0.015540302731096745,0.1571388989686966,-0.18855977058410645,0.023219265043735504,41.13758850097656,1,0.009202606044709682,-0.31102481484413147,0.14471164345741272,0.02280145138502121,32.068809509277344,1,0.008987602777779102,-0.25124815106391907,-0.17622040212154388,0.023192130029201508,24.72476577758789,1,0.0019826299976557493
114,2.2800000000000002,stand,0.0,0.0,0.0,0.3165401816368103,-0.02852211520075798,0.003905929857864976,1.1664248631859664e-05,0.0003936326829716563,-1.1738410065134457,-2.434680693806283,4,0,0,-3.4008469356194837e-06,1.1157460903632455e-05,1.4970183656259906e-05,2.0016974303871393e-05,-0.0003936326829716563,0.0,0.0639643669128418,0.18644492328166962,0.16194966435432434,0.023400455713272095,40.664695739746094,1,0.015532340854406357,0.15714038908481598,-0.18855902552604675,0.023219332098960876,41.13846206665039,1,0.009204160422086716,-0.31102466583251953,0.14471037685871124,0.022801406681537628,32.069541931152344,1,0.008981496095657349,-0.25124654173851013,-0.17622153460979462,0.023192040622234344,24.723976135253906,1,0.001983962021768093
115,2.3000000000000003,stand,0.0,0.0,0.0,0.31654030084609985,-0.028523102402687073,0.00390604417771101,1.1225851267226972e-05,0.0003833782102447003,-1.173819982337407,-2.4346772787116975,4,0,0,-1.757008703862084e-06,1.1087499842687976e-05,1.6594643966527656e-05,1.9942750441259705e-05,-0.0003833782102447003,0.0,0.06396481394767761,0.18644489347934723,0.16195063292980194,0.023400411009788513,40.664581298828125,1,0.015540571883320808,0.1571420431137085,-0.18855838477611542,0.02321946620941162,41.13861083984375,1,0.009208042174577713,-0.31102454662323,0.14470911026000977,0.022801466286182404,32.06941604614258,1,0.00898803025484085,-0.25124454498291016,-0.1762222945690155,0.023192040622234344,24.7242431640625,1,0.001975637162104249
116,2.32,stand,0.0,0.0,0.0,0.31654036045074463,-0.028524033725261688,0.003906172700226307,1.0910481250903104e-05,0.00037402278394438326,-1.1737929817458441,-2.434738536970816,4,0,0,-2.307327235939738e-07,1.0908041076618247e-05,1.8099864973919466e-05,1.9757402696995996e-05,-0.00037402278394438326,0.0,0.06396571546792984,0.18644492328166962,0.16195131838321686,0.023400574922561646,40.663570404052734,1,0.015536049380898476,0.15714341402053833,-0.18855777382850647,0.02321939915418625,41.13818359375,1,0.009212502278387547,-0.31102433800697327,0.14470790326595306,0.022801518440246582,32.06971740722656,1,0.008992159739136696,-0.25124356150627136,-0.17622330784797668,0.023192130029201508,24.724699020385742,1,0.0019723104778677225
117,2.34,stand,0.0,0.0,0.0,0.3165404796600342,-0.0285249762237072,0.0039062765426933765,1.0959113751596306e-05,0.0003662745002657175,-1.1737645937721062,-2.4347784508887784,4,0,0,1.3812942825097707e-06,1.0871715858229436e-05,1.9683680875459686e-05,1.9712320863618515e-05,-0.0003662745002657175,0.0,0.0639660656452179,0.18644508719444275,0.1619521826505661,0.023400574922561646,40.66294479370117,1,0.015538073144853115,0.1571446657180786,-0.18855701386928558,0.023219361901283264,41.138458251953125,1,0.009203902445733547,-0.31102442741394043,0.14470696449279785,0.022801414132118225,32.07038497924805,1,0.008987399749457836,-0.25124213099479675,-0.1762242168188095,0.023191876709461212,24.723369598388672,1,0.00198383373208344
118,2.36,stand,0.0,0.0,0.0,0.3165406286716461,-0.028525900095701218,0.003906385041773319,1.1115415873064194e-05,0.0003714735503308475,-1.1737325772603717,-2.434774822350782,4,0,0,1.61189200298395e-06,1.0997920981026255e-05,1.9970586436102167e-05,1.9866403818014078e-05,-0.0003714735503308475,0.0,0.06396566331386566,0.18644529581069946,0.16195298731327057,0.023400552570819855,40.66212844848633,1,0.015531560406088829,0.1571463793516159,-0.18855637311935425,0.02321939915418625,41.13882064819336,1,0.009208436124026775,-0.3110242784023285,0.14470592141151428,0.02280149608850479,32.070411682128906,1,0.008997111581265926,-0.25124040246009827,-0.17622509598731995,0.023191101849079132,24.691104888916016,1,0.0021744801197201014
119,2.38,stand,0.0,0.0,0.0,0.31654077768325806,-0.02852674387395382,0.0039064339362084866,7.9731489677215e-06,0.00035992145421914756,-1.1737733449519803,-2.4348254084393224,4,0,0,3.5081238820566796e-06,7.15990063326899e-06,2.2213456759345718e-05,1.6195737771340646e-05,-0.00035992145421914756,0.0,0.06396659463644028,0.18644528090953827,0.16195349395275116,0.023400545120239258,40.66639709472656,1,0.01553328987210989,0.15714731812477112,-0.1885560303926468,0.023219332098960876,41.14033126831055,1,0.009201242588460445,-0.3110240697860718,0.14470449090003967,0.02280145138502121,32.07114791870117,1,0.008993391878902912,-0.25123944878578186,-0.17622606456279755,0.023191198706626892,24.690326690673828,1,0.0021765592973679304
120,2.4,stand,0.0,0.0,0.0,0.31654104590415955,-0.02852756530046463,0.003906391095370054,5.347420483303722e-06,0.00034957905882038176,-1.1738370578103319,-2.4349218848613488,4,0,0,4.382727638585493e-06,3.0637563668278744e-06,2.3476099158870056e-05,1.2283177056815475e-05,-0.00034957905882038176,0.0,0.06396780163049698,0.18644487857818604,0.16195392608642578,0.02340056002140045,40.66626739501953,1,0.015535209327936172,0.15714812278747559,-0.18855567276477814,0.023219533264636993,41.137672424316406,1,0.009202489629387856,-0.3110244572162628,0.14470337331295013,0.02280157059431076,32.072654724121094,1,0.00899291317909956,-0.25123849511146545,-0.17622725665569305,0.023191161453723907,24.691516876220703,1,0.0021761194802820683
121,2.42,stand,0.0,0.0,0.0,0.3165413737297058,-0.028528373688459396,0.003906268626451492,5.808475634694332e-06,0.00034072945709340274,-1.1738998101733313,-2.4349978707158653,4,0,0,5.777844762633322e-06,-5.957348321317113e-07,2.5057373932213522e-05,8.712438102520537e-06,-0.00034072945709340274,0.0,0.06396815925836563,0.18644487857818604,0.16195432841777802,0.023400448262691498,40.6634521484375,1,0.015541443601250648,0.15714916586875916,-0.18855543434619904,0.02321930229663849,41.13744354248047,1,0.009194964542984962,-0.31102463603019714,0.14470219612121582,0.022801436483860016,32.07213592529297,1,0.008989676833152771,-0.2512376010417938,-0.1762280911207199,0.023191042244434357,24.69196891784668,1,0.00217105308547616
122,2.44,stand,0.0,0.0,0.0,0.3165418803691864,-0.02852916717529297,0.00390609004534781,7.717697371845134e-06,0.0003329989849589765,-1.1739547718518089,-2.4350732162401467,4,0,0,6.969595233385917e-06,-3.3147532576549565e-06,2.6288489607395604e-05,6.012184712744784e-06,-0.0003329989849589765,0.0,0.063968725502491,0.1864447444677353,0.16195470094680786,0.02340053766965866,40.66358184814453,1,0.015536955557763577,0.1571500450372696,-0.1885550320148468,0.023219458758831024,41.137332916259766,1,0.009202987886965275,-0.31102457642555237,0.14470119774341583,0.022801555693149567,32.07188415527344,1,0.008994566276669502,-0.2512369751930237,-0.17622904479503632,0.023191086947917938,24.691364288330078,1,0.0021762768737971783
123,2.46,stand,0.0,0.0,0.0,0.31654220819473267,-0.028529945760965347,0.003905847668647766,9.56339772528736e-06,0.00032684821053408086,-1.1740086663132285,-2.435148988651252,4,0,0,7.890210326877423e-06,-5.403995601227507e-06,2.717004099395126e-05,3.90400373362354e-06,-0.00032684821053408086,0.0,0.06396909058094025,0.18644481897354126,0.1619550883769989,0.023400597274303436,40.66242599487305,1,0.015531076118350029,0.15715070068836212,-0.18855473399162292,0.02321932464838028,41.137718200683594,1,0.009206513874232769,-0.31102487444877625,0.14470037817955017,0.022801443934440613,32.07204818725586,1,0.00898741651326418,-0.2512359917163849,-0.17622967064380646,0.023190997540950775,24.690792083740234,1,0.0021752826869487762
124,2.48,stand,0.0,0.0,0.0,0.3165426254272461,-0.028530694544315338,0.00390558410435915,1.1166218428115826e-05,0.000321459025144577,-1.174055196976949,-2.4352234804018873,4,0,0,8.688131856615655e-06,-7.014329185039969e-06,2.7872609280166216e-05,2.2479030121758115e-06,-0.000321459025144577,0.0,0.06396953016519547,0.18644465506076813,0.16195566952228546,0.02340056747198105,40.661285400390625,1,0.015535487793385983,0.15715180337429047,-0.18855418264865875,0.023219503462314606,41.138248443603516,1,0.009201505221426487,-0.3110249638557434,0.1446993350982666,0.022801436483860016,32.07167053222656,1,0.008996573276817799,-0.25123530626296997,-0.176230326294899,0.02319101244211197,24.691226959228516,1,0.0021750431042164564
125,2.5,stand,0.0,0.0,0.0,0.31654298305511475,-0.028531432151794434,0.0039052849169820547,1.2424865417415276e-05,0.0003162898647133261,-1.1740912689135032,-2.4352956242749952,4,0,0,9.483671419729944e-06,-8.027283001865726e-06,2.852954094123561e-05,1.169192273664521e-06,-0.0003162898647133261,0.0,0.06396976858377457,0.18644452095031738,0.16195636987686157,0.023400627076625824,40.66029357910156,1,0.015537689439952374,0.15715263783931732,-0.18855369091033936,0.023219481110572815,41.13771438598633,1,0.009197486564517021,-0.31102508306503296,0.14469878375530243,0.022801518440246582,32.07115173339844,1,0.009000778198242188,-0.2512345314025879,-0.17623093724250793,0.023190967738628387,24.690719604492188,1,0.0021764347329735756
126,2.52,stand,0.0,0.0,0.0,0.31654319167137146,-0.028532149270176888,0.003904960583895445,1.4094284779275768e-05,0.0003076230059377849,-1.1741340643175215,-2.4353489851278862,4,0,0,1.0913989171967842e-05,-8.918166713556275e-06,2.9776365408906713e-05,1.9331778844389191e-07,-0.0003076230059377849,0.0,0.06397067755460739,0.18644459545612335,0.16195686161518097,0.02340061217546463,40.659488677978516,1,0.015527904033660889,0.1571531593799591,-0.18855315446853638,0.02321936935186386,41.137752532958984,1,0.00919942557811737,-0.31102466583251953,0.14469799399375916,0.022801324725151062,32.07139587402344,1,0.008996887132525444,-0.2512335777282715,-0.17623139917850494,0.023191936314105988,24.70529556274414,1,0.001997018465772271
127,2.54,stand,0.0,0.0,0.0,0.31654345989227295,-0.02853286638855934,0.0039046783931553364,1.2538076589407865e-05,0.00031267470330931246,-1.174116348514362,-2.435306723332397,4,0,0,1.0824242053786293e-05,-6.327648861770285e-06,2.9232593078631908e-05,2.5688625555631006e-06,-0.00031267470330931246,0.0,0.06396942585706711,0.18644486367702484,0.16195781528949738,0.02340049296617508,40.65675735473633,1,0.01553215179592371,0.15715478360652924,-0.18855229020118713,0.023219391703605652,41.13880157470703,1,0.009195025078952312,-0.3110244572162628,0.14469751715660095,0.02280159294605255,32.07115173339844,1,0.008996577933430672,-0.2512323558330536,-0.17623169720172882,0.023191139101982117,24.690488815307617,1,0.0021770813036710024
128,2.56,stand,0.0,0.0,0.0,0.31654348969459534,-0.028533533215522766,0.0039043999277055264,1.376637283101445e-05,0.0003035097324755043,-1.1741308626663483,-2.435290928519941,4,0,0,1.2145864275225904e-05,-6.480046977230813e-06,3.0429811886278912e-05,2.360799044254236e-06,-0.0003035097324755043,0.0,0.06396899372339249,0.18644510209560394,0.1619585007429123,0.02340056747198105,40.660316467285156,1,0.01552631426602602,0.15715588629245758,-0.1885516494512558,0.023219414055347443,41.14012145996094,1,0.009201288223266602,-0.3110239803791046,0.14469699561595917,0.022801436483860016,32.07207107543945,1,0.008988454006612301,-0.25123119354248047,-0.17623217403888702,0.023191116750240326,24.690128326416016,1,0.0021723073441535234
129,2.58,stand,0.0,0.0,0.0,0.31654343008995056,-0.0285341814160347,0.003904117038473487,1.4396961887541693e-05,0.0002958074910566211,-1.1741551952152665,-2.4353210240409715,4,0,0,1.2892313861812e-05,-6.407865839719307e-06,3.121809641015716e-05,2.455800313327927e-06,-0.0002958074910566211,0.0,0.06396960467100143,0.1864454597234726,0.16195900738239288,0.0234004408121109,40.660728454589844,1,0.015533899888396263,0.15715649724006653,-0.1885511726140976,0.023219503462314606,41.140384674072266,1,0.00920084584504366,-0.3110242784023285,0.14469650387763977,0.022801563143730164,32.072181701660156,1,0.008999021723866463,-0.2512303292751312,-0.17623259127140045,0.023191019892692566,24.690853118896484,1,0.0021751183085143566
130,2.6,stand,0.0,0.0,0.0,0.31654348969459534,-0.02853483147919178,0.0039038294926285744,1.5147707017604262e-05,0.0002891869517043233,-1.1741849705711793,-2.4353521867790597,4,0,0,1.378558954456821e-05,-6.2777817220194265e-06,3.2198808185057715e-05,2.6312975478504086e-06,-0.0002891869517043233,0.0,0.06396982818841934,0.18644563853740692,0.16195957362651825,0.02340063452720642,40.66059112548828,1,0.015529739670455456,0.15715749561786652,-0.18855071067810059,0.023219481110572815,41.140846252441406,1,0.009203122928738594,-0.31102409958839417,0.1446959674358368,0.022801473736763,32.07261276245117,1,0.008997070603072643,-0.251229465007782,-0.1762329787015915,0.02319110929965973,24.691190719604492,1,0.002179223345592618
131,2.62,stand,0.0,0.0,0.0,0.31654348969459534,-0.028535479679703712,0.0039035500958561897,1.545429950056132e-05,0.0002838220971170813,-1.1742047140867489,-2.4354027728676,4,0,0,1.4400073268916458e-05,-5.61010620003799e-06,3.287821891717613e-05,3.3333265037072124e-06,-0.0002838220971170813,0.0,0.06397051364183426,0.18644550442695618,0.16196021437644958,0.023400329053401947,40.65990447998047,1,0.015528724528849125,0.15715794265270233,-0.18855011463165283,0.02321946620941162,41.14103317260742,1,0.009196668863296509,-0.31102409958839417,0.1446954607963562,0.022801458835601807,32.07380294799805,1,0.008997834287583828,-0.25122877955436707,-0.17623330652713776,0.023191161453723907,24.69129180908203,1,0.002175422850996256
132,2.64,stand,0.0,0.0,0.0,0.31654372811317444,-0.028536081314086914,0.003903282806277275,1.628651807550341e-05,0.0002786559343803674,-1.1742324617302522,-2.4354123778211205,4,0,0,1.549553962831851e-05,-5.013874670112273e-06,3.3994863770203665e-05,3.94450944440905e-06,-0.0002786559343803674,0.0,0.0639701709151268,0.18644554913043976,0.1619606912136078,0.02340056002140045,40.65837097167969,1,0.015530611388385296,0.1571589559316635,-0.18854963779449463,0.023219428956508636,41.140777587890625,1,0.009196929633617401,-0.31102386116981506,0.14469490945339203,0.02280159294605255,32.072811126708984,1,0.008998711593449116,-0.2512279748916626,-0.17623379826545715,0.023191168904304504,24.69059181213379,1,0.0021780056413263083
133,2.66,stand,0.0,0.0,0.0,0.3165438175201416,-0.028536686673760414,0.003903025761246681,1.717391023703385e-05,0.00027544883778318763,-1.1742519918024101,-2.435442259898739,4,0,0,1.6687807146809064e-05,-4.057127625856083e-06,3.513716364977881e-05,4.882679604634177e-06,-0.00027544883778318763,0.0,0.06397039443254471,0.18644575774669647,0.16196119785308838,0.02340041846036911,40.65837860107422,1,0.01553385704755783,0.1571597158908844,-0.18854920566082,0.02321936935186386,41.141597747802734,1,0.00918833538889885,-0.3110237717628479,0.14469461143016815,0.022801518440246582,32.07435607910156,1,0.008989700116217136,-0.2512272596359253,-0.17623397707939148,0.023191183805465698,24.690526962280273,1,0.002175690606236458
134,2.68,stand,0.0,0.0,0.0,0.3165437579154968,-0.028537236154079437,0.0039027866441756487,1.802310362108983e-05,0.0002691311528906226,-1.174276964681563,-2.435451651408848,4,0,0,1.7672569811111316e-05,-3.53730820279452e-06,3.6141958844382316e-05,5.416403382696444e-06,-0.0002691311528906226,0.0,0.06397052854299545,0.18644577264785767,0.16196168959140778,0.02340039610862732,40.657020568847656,1,0.015522884204983711,0.15716056525707245,-0.18854883313179016,0.023219361901283264,41.14211654663086,1,0.009201310575008392,-0.3110235035419464,0.14469408988952637,0.022801466286182404,32.07341766357422,1,0.009000425226986408,-0.2512264847755432,-0.1762343943119049,0.023191161453723907,24.690399169921875,1,0.0021801067050546408
135,2.7,stand,0.0,0.0,0.0,0.3165437579154968,-0.02853781171143055,0.0039025682490319014,1.8885750250774436e-05,0.00026586701278574765,-1.1742963880320152,-2.435460829475545,4,0,0,1.8775675926008262e-05,-2.036071236943826e-06,3.722705878317356e-05,6.915119683981175e-06,-0.00026586701278574765,0.0,0.06397058069705963,0.18644596636295319,0.16196201741695404,0.02340036630630493,40.656898498535156,1,0.015521873719990253,0.15716131031513214,-0.1885484904050827,0.02321944385766983,41.14104461669922,1,0.009206377901136875,-0.3110233545303345,0.1446937769651413,0.022801421582698822,32.073246002197266,1,0.008999294601380825,-0.2512255907058716,-0.17623457312583923,0.023191168904304504,24.69069480895996,1,0.0021734763868153095
136,2.72,stand,0.0,0.0,0.0,0.3165438175201416,-0.028538329526782036,0.0039023756980895996,2.0951611077180132e-05,0.0002522657159715891,-1.1743202936941102,-2.435448663201086,4,0,0,2.0918669179081917e-05,-1.1744156154236407e-06,3.928428122890182e-05,7.744126378383953e-06,-0.0002522657159715891,0.0,0.06397131085395813,0.186446413397789,0.16196249425411224,0.023400545120239258,40.65690231323242,1,0.015521606430411339,0.15716218948364258,-0.18854814767837524,0.02321949601173401,41.14168167114258,1,0.009203680790960789,-0.31102311611175537,0.14469315111637115,0.022801458835601807,32.073463439941406,1,0.008996270596981049,-0.2512248456478119,-0.17623493075370789,0.023192159831523895,24.722455978393555,1,0.0019760122522711754
137,2.74,stand,0.0,0.0,0.0,0.31654369831085205,-0.02853882499039173,0.0039022574201226234,2.2541984435520135e-05,0.00024771553580649197,-1.17428336798391,-2.435385483951263,4,0,0,2.220271016994957e-05,3.896246198564768e-06,4.015961167169735e-05,1.2630067431018688e-05,-0.00024771553580649197,0.0,0.06397071480751038,0.1864469200372696,0.1619630604982376,0.023400552570819855,40.652225494384766,1,0.015523196198046207,0.15716314315795898,-0.1885475069284439,0.02321954071521759,41.14173889160156,1,0.009203992784023285,-0.31102254986763,0.1446930468082428,0.022801443934440613,32.07301330566406,1,0.008993588387966156,-0.2512238323688507,-0.17623507976531982,0.0231921449303627,24.72352409362793,1,0.001978865824639797
138,2.7600000000000002,stand,0.0,0.0,0.0,0.31654343008995056,-0.028539257124066353,0.0039022385608404875,2.5650298994150944e-05,0.0002445965074002743,-1.1742072754076878,-2.4352740664904275,4,0,0,2.404353472229559e-05,8.935674486565404e-06,4.1611972847022116e-05,1.7496216969448142e-05,-0.0002445965074002743,0.0,0.063969686627388,0.18644751608371735,0.16196393966674805,0.02340036630630493,40.6534538269043,1,0.015532889403402805,0.15716435015201569,-0.18854688107967377,0.023219451308250427,41.142696380615234,1,0.009207258000969887,-0.3110218346118927,0.14469298720359802,0.02280152589082718,32.07366180419922,1,0.008987141773104668,-0.25122275948524475,-0.17623496055603027,0.02319195866584778,24.721878051757812,1,0.0019766215700656176
139,2.7800000000000002,stand,0.0,0.0,0.0,0.31654322147369385,-0.028539691120386124,0.003902317024767399,2.7777719878940843e-05,0.00025543966330587864,-1.174128087901998,-2.4351188931302215,4,0,0,2.4136128558893688e-05,1.3749508070759475e-05,4.1644561861176044e-05,2.2289084881776944e-05,-0.00025543966330587864,0.0,0.06396783888339996,0.18644852936267853,0.16196443140506744,0.023400507867336273,40.65517044067383,1,0.015534700825810432,0.15716592967510223,-0.18854621052742004,0.023219600319862366,41.14357376098633,1,0.009206291288137436,-0.3110208511352539,0.14469292759895325,0.022801578044891357,32.07394790649414,1,0.008992577902972698,-0.251221239566803,-0.17623507976531982,0.023191280663013458,24.68890953063965,1,0.002177485264837742
140,2.8000000000000003,stand,0.0,0.0,0.0,0.3165431618690491,-0.028540119528770447,0.003902419935911894,2.8947757527930662e-05,0.0002467129088472575,-1.17412019049577,-2.4351257233193913,4,0,0,2.5717543394421227e-05,1.328836333414074e-05,4.358863952802494e-05,2.2007183360983618e-05,-0.0002467129088472575,0.0,0.0639682188630104,0.18644866347312927,0.16196474432945251,0.023400604724884033,40.65964889526367,1,0.015529914759099483,0.15716665983200073,-0.1885460913181305,0.02321968972682953,41.14388656616211,1,0.009200693108141422,-0.3110208213329315,0.14469239115715027,0.022801600396633148,32.074710845947266,1,0.009003210812807083,-0.2512205243110657,-0.17623555660247803,0.023191265761852264,24.688703536987305,1,0.002175883622840047
141,2.82,stand,0.0,0.0,0.0,0.3165431022644043,-0.028540555387735367,0.0039025030564516783,2.9480483135557733e-05,0.0002412350004306063,-1.174140254176457,-2.43520064195685,4,0,0,2.66043352894485e-05,1.270071788894711e-05,4.489055208978243e-05,2.162152304663323e-05,-0.0002412350004306063,0.0,0.06396910548210144,0.18644854426383972,0.1619647592306137,0.02340049296617508,40.66010665893555,1,0.015528673306107521,0.15716707706451416,-0.18854603171348572,0.023219510912895203,41.14297103881836,1,0.009196935221552849,-0.3110206127166748,0.14469178020954132,0.022801563143730164,32.07670974731445,1,0.008993132039904594,-0.2512202262878418,-0.17623592913150787,0.023191116750240326,24.69049072265625,1,0.0021731758024543524
142,2.84,stand,0.0,0.0,0.0,0.31654322147369385,-0.028540901839733124,0.0039025722071528435,2.9822213036823086e-05,0.00023613825032953173,-1.1741725908533087,-2.4352779084718357,4,0,0,2.7321479137754068e-05,1.1954126421187539e-05,4.596172220772132e-05,2.104673876601737e-05,-0.00023613825032953173,0.0,0.06397005915641785,0.186448335647583,0.1619648039340973,0.02340066432952881,40.65865707397461,1,0.015526357106864452,0.15716694295406342,-0.1885460615158081,0.023219473659992218,41.14246368408203,1,0.009203712455928326,-0.3110211193561554,0.14469118416309357,0.022801518440246582,32.077003479003906,1,0.008996968157589436,-0.25122010707855225,-0.1762365847826004,0.023191042244434357,24.690914154052734,1,0.0021774042397737503
143,2.86,stand,0.0,0.0,0.0,0.31654345989227295,-0.02854127064347267,0.003902606898918748,3.058830770896748e-05,0.00023458077339455485,-1.1741908402649974,-2.4353526136658825,4,0,0,2.8330263376119547e-05,1.1534330042195506e-05,4.712119698524475e-05,2.070214213745203e-05,-0.00023458077339455485,0.0,0.06397063285112381,0.18644805252552032,0.161965012550354,0.0234006866812706,40.6568603515625,1,0.015535421669483185,0.15716710686683655,-0.18854598701000214,0.023219503462314606,41.14237594604492,1,0.00919670332223177,-0.31102117896080017,0.14469066262245178,0.022801443934440613,32.07696533203125,1,0.008989857509732246,-0.25121983885765076,-0.17623686790466309,0.023191161453723907,24.689903259277344,1,0.0021790810860693455
144,2.88,stand,0.0,0.0,0.0,0.3165437579154968,-0.028541598469018936,0.00390265672467649,3.12175543513149e-05,0.00023216965200845152,-1.1742147459270924,-2.4354068282924195,4,0,0,2.9365408408921212e-05,1.0592850230750628e-05,4.820096728508361e-05,1.978412183234468e-05,-0.00023216965200845152,0.0,0.06397097557783127,0.1864478439092636,0.1619649976491928,0.023400641977787018,40.65633773803711,1,0.015530727803707123,0.15716755390167236,-0.1885460764169693,0.023219555616378784,41.14104080200195,1,0.00919883418828249,-0.3110213875770569,0.14469021558761597,0.022801510989665985,32.07661056518555,1,0.00899463053792715,-0.2512197196483612,-0.17623744904994965,0.023191191256046295,24.68947982788086,1,0.002180030569434166
145,2.9,stand,0.0,0.0,0.0,0.3165440559387207,-0.028541916981339455,0.003902669530361891,3.177658800268546e-05,0.00023045764828566462,-1.1742326751736636,-2.4354392716909774,4,0,0,3.02850403386401e-05,9.621227036404889e-06,4.906307367491536e-05,1.8786337022902444e-05,-0.00023045764828566462,0.0,0.06397125124931335,0.18644770979881287,0.16196520626544952,0.02340053766965866,40.65575408935547,1,0.015533690340816975,0.1571677029132843,-0.18854597210884094,0.02321959286928177,41.14146041870117,1,0.009196359664201736,-0.3110215663909912,0.14468981325626373,0.022801607847213745,32.07512664794922,1,0.009007623419165611,-0.25121939182281494,-0.17623774707317352,0.02319132536649704,24.688873291015625,1,0.002182192634791136
146,2.92,stand,0.0,0.0,0.0,0.3165442645549774,-0.028542229905724525,0.003902666037902236,3.226746048312634e-05,0.00022811550297774374,-1.1742536993497026,-2.435471501646123,4,0,0,3.109795943601057e-05,8.608474672655575e-06,4.978624565410428e-05,1.7731495972839184e-05,-0.00022811550297774374,0.0,0.06397127360105515,0.18644773960113525,0.16196508705615997,0.023400522768497467,40.65644073486328,1,0.015532566234469414,0.15716798603534698,-0.18854588270187378,0.023219622671604156,41.14101791381836,1,0.00919871125370264,-0.31102168560028076,0.14468927681446075,0.022801466286182404,32.075904846191406,1,0.009002499282360077,-0.2512190341949463,-0.17623811960220337,0.023191168904304504,24.688989639282227,1,0.0021791367325931787
147,2.94,stand,0.0,0.0,0.0,0.31654462218284607,-0.028542548418045044,0.0039026523008942604,3.2541240216232836e-05,0.0002264549257233739,-1.1742669328412196,-2.435502877827623,4,0,0,3.163130531902425e-05,7.641518095624633e-06,5.022854747949168e-05,1.6720916391932406e-05,-0.0002264549257233739,0.0,0.06397117674350739,0.18644767999649048,0.16196539998054504,0.023400425910949707,40.65629959106445,1,0.015539757907390594,0.15716835856437683,-0.18854574859142303,0.023219600319862366,41.14078140258789,1,0.009205079637467861,-0.3110213279724121,0.14468903839588165,0.02280159294605255,32.07518005371094,1,0.008999621495604515,-0.2512187957763672,-0.17623837292194366,0.023191198706626892,24.688833236694336,1,0.0021763599943369627
148,2.96,stand,0.0,0.0,0.0,0.3165448009967804,-0.02854282222688198,0.003902602940797806,3.2590414775768295e-05,0.00022477138554677367,-1.174278352063738,-2.435512482781143,4,0,0,3.190282222931273e-05,6.659209248027764e-06,5.03970222780481e-05,1.5688376151956618e-05,-0.00022477138554677367,0.0,0.0639711320400238,0.1864476203918457,0.1619654893875122,0.023400478065013885,40.6561279296875,1,0.015532471239566803,0.1571689248085022,-0.1885455995798111,0.023219697177410126,41.14177703857422,1,0.00920182466506958,-0.31102150678634644,0.14468874037265778,0.02280152589082718,32.076229095458984,1,0.00899275578558445,-0.2512185573577881,-0.17623858153820038,0.023191258311271667,24.68866729736328,1,0.0021756074856966734
149,2.98,stand,0.0,0.0,0.0,0.31654492020606995,-0.02854311093688011,0.0039025377482175827,3.29076501657255e-05,0.0002216664724983275,-1.1742915855552551,-2.4355227280648983,4,0,0,3.236834891140461e-05,5.933253760304069e-06,5.074522050563246e-05,1.4906363503541797e-05,-0.0002216664724983275,0.0,0.06397102773189545,0.18644782900810242,0.16196565330028534,0.023400425910949707,40.655487060546875,1,0.015524239279329777,0.15716923773288727,-0.18854546546936035,0.02321949601173401,41.141239166259766,1,0.009193465113639832,-0.3110215365886688,0.14468832314014435,0.022801481187343597,32.075782775878906,1,0.00900131743401289,-0.25121793150901794,-0.17623889446258545,0.023191280663013458,24.688758850097656,1,0.0021771162282675505
150,3.0,stand,0.0,0.0,0.0,0.31654492020606995,-0.02854335680603981,0.00390246300958097,3.329964602016844e-05,0.00022004199854563922,-1.1742995896831887,-2.4355319061315956,4,0,0,3.281408498878591e-05,5.6658891480765305e-06,5.109573248773813e-05,1.4594223102903925e-05,-0.00022004199854563922,0.0,0.06397096812725067,0.1864478886127472,0.16196595132350922,0.023400604724884033,40.654518127441406,1,0.015525857917964458,0.1571694165468216,-0.18854519724845886,0.023219600319862366,41.141639709472656,1,0.009191051125526428,-0.3110212981700897,0.14468811452388763,0.022801384329795837,32.07657241821289,1,0.008989176712930202,-0.2512175738811493,-0.17623905837535858,0.023191116750240326,24.689529418945312,1,0.0021737494971603155
151,3.02,stand,0.0,0.0,0.0,0.3165450394153595,-0.02854359708726406,0.0039023852441459894,3.405693132663146e-05,0.00021863139409106225,-1.1743083408630628,-2.4354983955159804,4,0,0,3.359906986588612e-05,5.565713308897102e-06,5.1801900553982705e-05,1.4458732039202005e-05,-0.00021863139409106225,0.0,0.06397096067667007,0.18644829094409943,0.16196610033512115,0.02340047061443329,40.65542221069336,1,0.015526579692959785,0.15716993808746338,-0.1885450780391693,0.023219645023345947,41.141326904296875,1,0.009201189503073692,-0.31102126836776733,0.14468792080879211,0.022801682353019714,32.07585906982422,1,0.008997728116810322,-0.25121715664863586,-0.1762392669916153,0.023191332817077637,24.688518524169922,1,0.0021816387306898832
152,3.04,stand,0.0,0.0,0.0,0.3165450990200043,-0.02854381874203682,0.0039023098070174456,3.43779829563573e-05,0.00021635627490468323,-1.174316024825879,-2.435486229241521,4,0,0,3.3956450351979584e-05,5.3670487432100344e-06,5.2120456530246884e-05,1.4242357792682014e-05,-0.00021635627490468323,0.0,0.06397069990634918,0.1864481270313263,0.16196630895137787,0.0234004408121109,40.656654357910156,1,0.015531630255281925,0.15717042982578278,-0.18854492902755737,0.023219652473926544,41.141971588134766,1,0.009198545478284359,-0.31102097034454346,0.14468756318092346,0.022801518440246582,32.075660705566406,1,0.009000829420983791,-0.2512166202068329,-0.17623938620090485,0.02319127321243286,24.689054489135742,1,0.0021747734863311052
153,3.06,stand,0.0,0.0,0.0,0.3165450692176819,-0.028544072061777115,0.0039022380951792,3.4336197131779045e-05,0.00021396776719484478,-1.1743152777739385,-2.435516538205963,4,0,0,3.390550409676507e-05,5.421357400337001e-06,5.205940396990627e-05,1.4291631487139966e-05,-0.00021396776719484478,0.0,0.06397103518247604,0.18644827604293823,0.16196641325950623,0.023400552570819855,40.65497589111328,1,0.015526563860476017,0.1571705937385559,-0.18854472041130066,0.023219697177410126,41.141883850097656,1,0.009196862578392029,-0.3110211491584778,0.14468742907047272,0.02280149608850479,32.0762825012207,1,0.009003762155771255,-0.2512163519859314,-0.176239475607872,0.02319130301475525,24.689472198486328,1,0.0021706123370677233
154,3.08,stand,0.0,0.0,0.0,0.31654492020606995,-0.02854428067803383,0.003902158932760358,3.5092292819172144e-05,0.00021198314789216965,-1.1743185861468177,-2.4355261431594832,4,0,0,3.46084707416594e-05,5.80712548980955e-06,5.272572525427677e-05,1.4662708053947426e-05,-0.00021198314789216965,0.0,0.06397121399641037,0.18644824624061584,0.16196681559085846,0.02340049296617508,40.655242919921875,1,0.01552791241556406,0.15717099606990814,-0.18854449689388275,0.023219436407089233,41.14284896850586,1,0.0092038344591856,-0.31102117896080017,0.14468728005886078,0.022801466286182404,32.076255798339844,1,0.0090031074360013,-0.25121623277664185,-0.17623968422412872,0.023191146552562714,24.689191818237305,1,0.0021771786268800497
155,3.1,stand,0.0,0.0,0.0,0.31654489040374756,-0.028544533997774124,0.0039020907133817673,3.523302439134568e-05,0.0002115475945174694,-1.174323815510401,-2.435513763441613,4,0,0,3.4650496672838926e-05,6.380368176905904e-06,5.2806484745815396e-05,1.5255784092005342e-05,-0.0002115475945174694,0.0,0.06397120654582977,0.18644830584526062,0.16196687519550323,0.023400552570819855,40.65463638305664,1,0.015518858097493649,0.15717147290706635,-0.188544362783432,0.023219488561153412,41.14414596557617,1,0.009195879101753235,-0.31102079153060913,0.14468713104724884,0.022801563143730164,32.07698059082031,1,0.008996138349175453,-0.25121572613716125,-0.1762397289276123,0.02319130301475525,24.689376831054688,1,0.002173323417082429
156,3.12,stand,0.0,0.0,0.0,0.31654489040374756,-0.028544746339321136,0.003902037627995014,3.585626109270379e-05,0.0002104311715811491,-1.1743264835530456,-2.4355015971671534,4,0,0,3.513870615279302e-05,7.137428383430233e-06,5.3313040552893654e-05,1.6024609067244455e-05,-0.0002104311715811491,0.0,0.06397107988595963,0.18644851446151733,0.16196712851524353,0.023400522768497467,40.65480041503906,1,0.015525659546256065,0.15717168152332306,-0.18854407966136932,0.023219555616378784,41.14317321777344,1,0.009193982928991318,-0.3110206723213196,0.14468693733215332,0.022801518440246582,32.07693099975586,1,0.008994280360639095,-0.2512153685092926,-0.17623989284038544,0.023191235959529877,24.68933868408203,1,0.0021718177013099194
157,3.14,stand,0.0,0.0,0.0,0.31654486060142517,-0.028544936329126358,0.003902008756995201,3.656023909570649e-05,0.00020740609033964574,-1.174327764213515,-2.4354894308926944,4,0,0,3.578492396627553e-05,7.489351446565706e-06,5.395856351242401e-05,1.6378988220822066e-05,-0.00020740609033964574,0.0,0.063971146941185,0.18644863367080688,0.1619672030210495,0.023400530219078064,40.65489196777344,1,0.015520687215030193,0.1571720838546753,-0.18854407966136932,0.023219652473926544,41.1424674987793,1,0.00919913500547409,-0.31102070212364197,0.1446867287158966,0.022801518440246582,32.07696533203125,1,0.008990984410047531,-0.25121474266052246,-0.17624005675315857,0.02319127321243286,24.68958282470703,1,0.0021689697168767452
158,3.16,stand,0.0,0.0,0.0,0.31654489040374756,-0.02854514680802822,0.0039019715040922165,3.714078775374219e-05,0.00020482299441937357,-1.1743225348499318,-2.435497968629157,4,0,0,3.6248598917154595e-05,8.091794370557182e-06,5.444027192424983e-05,1.6992580640362576e-05,-0.00020482299441937357,0.0,0.06397110223770142,0.18644872307777405,0.1619674563407898,0.02340063452720642,40.654502868652344,1,0.015528340823948383,0.15717245638370514,-0.1885438710451126,0.023219645023345947,41.142635345458984,1,0.009191335178911686,-0.3110205829143524,0.1446867287158966,0.02280154824256897,32.07612609863281,1,0.009004922583699226,-0.25121480226516724,-0.1762402504682541,0.023191288113594055,24.68932342529297,1,0.002175689209252596
159,3.18,stand,0.0,0.0,0.0,0.31654486060142517,-0.02854531817138195,0.0039019400719553232,3.789251422858797e-05,0.00020325995865277946,-1.1743271238832802,-2.435485802354698,4,0,0,3.6958484997740015e-05,8.361397703993134e-06,5.516277815331705e-05,1.7271160686505027e-05,-0.00020325995865277946,0.0,0.06397096812725067,0.18644894659519196,0.16196759045124054,0.023400381207466125,40.65580368041992,1,0.015535008162260056,0.1571727991104126,-0.18854373693466187,0.023219652473926544,41.143531799316406,1,0.009193739853799343,-0.3110204041004181,0.14468641579151154,0.02280139923095703,32.07720947265625,1,0.008994911797344685,-0.25121450424194336,-0.17624033987522125,0.023191258311271667,24.688514709472656,1,0.002181790303438902
160,3.2,stand,0.0,0.0,0.0,0.31654489040374756,-0.02854551002383232,0.0039019130636006594,3.788100730162114e-05,0.0002019563689827919,-1.1743292583173959,-2.4354954073082182,4,0,0,3.695633859024383e-05,8.318635991599876e-06,5.524110019905493e-05,1.7267111616092734e-05,-0.0002019563689827919,0.0,0.0639711320400238,0.1864488571882248,0.16196772456169128,0.02340051531791687,40.65520477294922,1,0.015531320124864578,0.15717290341854095,-0.1885436326265335,0.023219645023345947,41.14251708984375,1,0.009198565967381,-0.3110203742980957,0.1446862816810608,0.022801488637924194,32.07681655883789,1,0.008997478522360325,-0.25121429562568665,-0.17624038457870483,0.02319115400314331,24.68885612487793,1,0.0021783066913485527
161,3.22,stand,0.0,0.0,0.0,0.31654492020606995,-0.02854568511247635,0.003901885123923421,3.8296722777886316e-05,0.00020058738300576806,-1.1743293650391018,-2.4355261431594832,4,0,0,3.734175697900355e-05,8.498953320668079e-06,5.562710066442378e-05,1.7449192455387674e-05,-0.00020058738300576806,0.0,0.06397146731615067,0.18644867837429047,0.16196784377098083,0.023400403559207916,40.6552619934082,1,0.01552449818700552,0.1571730673313141,-0.18854355812072754,0.023219533264636993,41.143009185791016,1,0.009200925007462502,-0.31102055311203003,0.14468610286712646,0.02280145138502121,32.07715606689453,1,0.009003662504255772,-0.25121408700942993,-0.17624054849147797,0.02319139987230301,24.68857192993164,1,0.0021786666475236416
162,3.24,stand,0.0,0.0,0.0,0.31654495000839233,-0.028545867651700974,0.003901860909536481,3.929137164959684e-05,0.00019064327352680266,-1.1743353414546254,-2.4355353212261805,4,0,0,3.8337329897331074e-05,8.605863513366785e-06,5.6576325732748955e-05,1.753728065523319e-05,-0.00019064327352680266,0.0,0.06397223472595215,0.18644876778125763,0.16196799278259277,0.02340053766965866,40.65412139892578,1,0.015519256703555584,0.1571732610464096,-0.1885434240102768,0.02321944385766983,41.142635345458984,1,0.009208925999701023,-0.31102055311203003,0.1446860283613205,0.02280142903327942,32.07653045654297,1,0.008997917175292969,-0.2512138783931732,-0.17624053359031677,0.023192211985588074,24.72066307067871,1,0.001973745645955205
163,3.2600000000000002,stand,0.0,0.0,0.0,0.3165448009967804,-0.02854602411389351,0.003901904681697488,4.108330176677555e-05,0.000189386002602987,-1.1742924393289014,-2.435452078295671,4,0,0,3.90106943086721e-05,1.2884232091892045e-05,5.6786266213748604e-05,2.160138319595717e-05,-0.000189386002602987,0.0,0.06397150456905365,0.1864493191242218,0.16196830570697784,0.023400388658046722,40.650264739990234,1,0.015526696108281612,0.15717382729053497,-0.1885431557893753,0.02321946620941162,41.1431884765625,1,0.00920411478728056,-0.3110199272632599,0.1446859985589981,0.022801503539085388,32.07646942138672,1,0.008991512469947338,-0.25121331214904785,-0.1762404888868332,0.023192234337329865,24.72162628173828,1,0.0019753770902752876
164,3.2800000000000002,stand,0.0,0.0,0.0,0.31654462218284607,-0.028546126559376717,0.0039020306430757046,4.337837890489027e-05,0.00018821447156369686,-1.1742180542999716,-2.435278335358659,4,0,0,3.994662984041497e-05,1.6910071281017736e-05,5.734970181947574e-05,2.545732968428638e-05,-0.00018821447156369686,0.0,0.06396991014480591,0.18645024299621582,0.16196858882904053,0.02340027689933777,40.651023864746094,1,0.01552590075880289,0.1571749448776245,-0.18854281306266785,0.023219570517539978,41.14463806152344,1,0.009199690073728561,-0.31101906299591064,0.14468608796596527,0.022801563143730164,32.075477600097656,1,0.008992431685328484,-0.25121232867240906,-0.1762404590845108,0.023192204535007477,24.71936798095703,1,0.0019759738352149725
165,3.3000000000000003,stand,0.0,0.0,0.0,0.3165443241596222,-0.028546255081892014,0.0039022359997034073,4.563480615615845e-05,0.00018624094082042575,-1.1741429222191015,-2.4351694792187617,4,0,0,4.076407276443206e-05,2.0514042262220755e-05,5.799043719889596e-05,2.898447564803064e-05,-0.00018624094082042575,0.0,0.06396912783384323,0.18645086884498596,0.1619689017534256,0.02340034395456314,40.65325164794922,1,0.015525062568485737,0.1571756899356842,-0.18854257464408875,0.02321946620941162,41.14535140991211,1,0.009209778159856796,-0.31101831793785095,0.14468619227409363,0.02280154824256897,32.07682800292969,1,0.008988667279481888,-0.2512114644050598,-0.1762404441833496,0.0231921449303627,24.719755172729492,1,0.001976648811250925
166,3.3200000000000003,stand,0.0,0.0,0.0,0.31654390692710876,-0.028546370565891266,0.0039024981670081615,4.741145676234737e-05,0.00018563683261163533,-1.1740750472142245,-2.435104592421647,4,0,0,4.107227869099006e-05,2.36836258409312e-05,5.8303943660575897e-05,3.2162468414753675e-05,-0.00018563683261163533,0.0,0.06396897882223129,0.18645112216472626,0.16196918487548828,0.02340036630630493,40.6542854309082,1,0.015532276593148708,0.15717625617980957,-0.18854226171970367,0.02321954071521759,41.1451530456543,1,0.009196753613650799,-0.3110181987285614,0.14468617737293243,0.022801384329795837,32.077491760253906,1,0.00899769552052021,-0.2512107789516449,-0.17624038457870483,0.02319224923849106,24.72006607055664,1,0.001982808578759432
167,3.34,stand,0.0,0.0,0.0,0.3165436387062073,-0.02854645624756813,0.003902818076312542,4.9200287321582437e-05,0.00018324000120628625,-1.1740183779884545,-2.435040986285001,4,0,0,4.18656891270075e-05,2.5844388801488094e-05,5.918577153352089e-05,3.4371772926533595e-05,-0.00018324000120628625,0.0,0.06396891176700592,0.18645144999027252,0.16196922957897186,0.02340053766965866,40.653934478759766,1,0.015527120791375637,0.1571766436100006,-0.1885422170162201,0.023219503462314606,41.146095275878906,1,0.009201875887811184,-0.3110177516937256,0.14468595385551453,0.022801503539085388,32.078392028808594,1,0.008991104550659657,-0.251210480928421,-0.17624056339263916,0.023192092776298523,24.719905853271484,1,0.0019811277743428946
168,3.36,stand,0.0,0.0,0.0,0.31654322147369385,-0.028546523302793503,0.0039031794294714928,5.084256918053143e-05,0.00018205564992967993,-1.1739652305789754,-2.434978447365413,4,0,0,4.246159005560912e-05,2.7963911634287797e-05,5.9927751863142475e-05,3.656692206277512e-05,-0.00018205564992967993,0.0,0.06396893411874771,0.18645156919956207,0.16196930408477783,0.02340061217546463,40.65375518798828,1,0.015531066805124283,0.15717723965644836,-0.18854215741157532,0.02321949601173401,41.14702606201172,1,0.009200578555464745,-0.3110174238681793,0.14468583464622498,0.022801540791988373,32.07904815673828,1,0.008990421891212463,-0.2512102425098419,-0.1762407124042511,0.023192130029201508,24.719890594482422,1,0.001981258625164628
169,3.38,stand,0.0,0.0,0.0,0.31654322147369385,-0.028546633198857307,0.00390356476418674,5.253212293609977e-05,0.0001809719979064539,-1.1739084546314997,-2.434980368356117,4,0,0,4.3268966692266986e-05,2.9789605832775123e-05,6.088964073569514e-05,3.847228435915895e-05,-0.0001809719979064539,0.0,0.06396923214197159,0.18645188212394714,0.16196921467781067,0.023400545120239258,40.65446472167969,1,0.015528954565525055,0.15717750787734985,-0.1885422021150589,0.023219645023345947,41.14532470703125,1,0.009196612052619457,-0.3110172748565674,0.14468565583229065,0.022801540791988373,32.078880310058594,1,0.008992201648652554,-0.25120967626571655,-0.17624081671237946,0.0231921449303627,24.719472885131836,1,0.0019804404582828283
170,3.4,stand,0.0,0.0,0.0,0.3165430426597595,-0.028546666726469994,0.003903983859345317,5.348802369553596e-05,0.00017947133164852858,-1.1738644852887177,-2.4349620122227225,4,0,0,4.398398596094921e-05,3.0436451197601855e-05,6.170712731545791e-05,3.917168214684352e-05,-0.00017947133164852858,0.0,0.0639696717262268,0.1864517629146576,0.1619691699743271,0.02340056002140045,40.654502868652344,1,0.015527169220149517,0.15717743337154388,-0.18854227662086487,0.023219600319862366,41.14434051513672,1,0.009196835570037365,-0.311017245054245,0.14468534290790558,0.02280154824256897,32.07978057861328,1,0.0089948745444417,-0.2512098252773285,-0.17624109983444214,0.023192331194877625,24.719192504882812,1,0.001985774142667651
171,3.42,stand,0.0,0.0,0.0,0.31654295325279236,-0.028546715155243874,0.003904415760189295,5.4500567784998566e-05,0.00017789511184673756,-1.173816460521116,-2.434986344771641,4,0,0,4.494381573749706e-05,3.082799230469391e-05,6.274013867368922e-05,3.960189133067615e-05,-0.00017789511184673756,0.0,0.06397011131048203,0.18645167350769043,0.16196900606155396,0.02340063452720642,40.653438568115234,1,0.015523593872785568,0.15717758238315582,-0.1885424107313156,0.023219577968120575,41.1439323425293,1,0.009198826737701893,-0.31101730465888977,0.14468511939048767,0.022801563143730164,32.07949447631836,1,0.008994235657155514,-0.2512098550796509,-0.17624133825302124,0.023192264139652252,24.71980094909668,1,0.001982128946110606
172,3.44,stand,0.0,0.0,0.0,0.3165428340435028,-0.028546765446662903,0.0039048471953719854,5.5230906582437456e-05,0.0001774832053342834,-1.173770036579101,-2.434989119535991,4,0,0,4.585351416608319e-05,3.078812369494699e-05,6.368646427290514e-05,3.958230809075758e-05,-0.0001774832053342834,0.0,0.06397063285112381,0.18645158410072327,0.1619689017534256,0.02340034395456314,40.654354095458984,1,0.015525160357356071,0.15717777609825134,-0.18854255974292755,0.023219630122184753,41.1444091796875,1,0.009212025441229343,-0.3110174834728241,0.1446848064661026,0.022801518440246582,32.08007049560547,1,0.008991783484816551,-0.2512096166610718,-0.17624157667160034,0.023192204535007477,24.71959686279297,1,0.001977793639525771
173,3.46,stand,0.0,0.0,0.0,0.3165428042411804,-0.02854675054550171,0.0039052695501595736,5.510558548849076e-05,0.00017662052414380014,-1.1737290554440811,-2.4349923211871647,4,0,0,4.5987213525222614e-05,3.0361186873051338e-05,6.390037742676213e-05,3.919348819181323e-05,-0.00017662052414380014,0.0,0.06397092342376709,0.18645144999027252,0.1619688868522644,0.02340056002140045,40.654273986816406,1,0.01552070863544941,0.1571776419878006,-0.1885426789522171,0.023219682276248932,41.14405059814453,1,0.00920991599559784,-0.31101763248443604,0.1446845978498459,0.022801533341407776,32.079322814941406,1,0.008997111581265926,-0.2512096166610718,-0.1762419193983078,0.023192137479782104,24.719682693481445,1,0.001977605512365699
174,3.48,stand,0.0,0.0,0.0,0.31654271483421326,-0.028546757996082306,0.003905677702277899,5.518584293895401e-05,0.00017662877507973462,-1.1736996002532853,-2.4349758860444743,4,0,0,4.65551383967977e-05,2.9632688892888837e-05,6.44941974314861e-05,3.84780578315258e-05,-0.00017662877507973462,0.0,0.0639711543917656,0.1864515095949173,0.1619686335325241,0.023400448262691498,40.6563606262207,1,0.01552598737180233,0.15717776119709015,-0.18854282796382904,0.0232195183634758,41.142879486083984,1,0.009202249348163605,-0.31101760268211365,0.144684299826622,0.02280152589082718,32.0791130065918,1,0.008996509946882725,-0.2512095868587494,-0.17624227702617645,0.02319224178791046,24.71902084350586,1,0.0019843701738864183
175,3.5,stand,0.0,0.0,0.0,0.3165426552295685,-0.028546780347824097,0.0039060618728399277,5.445271381177008e-05,0.00017572965589351952,-1.1736652358640238,-2.4349805817995285,4,0,0,4.664225707529113e-05,2.8099781047785655e-05,6.466454942710698e-05,3.698283398989588e-05,-0.00017572965589351952,0.0,0.06397174298763275,0.18645134568214417,0.1619686484336853,0.023400388658046722,40.655540466308594,1,0.015524988062679768,0.15717780590057373,-0.18854306638240814,0.02321968972682953,41.1431770324707,1,0.009208659641444683,-0.31101763248443604,0.14468398690223694,0.022801585495471954,32.07990646362305,1,0.008992115035653114,-0.251209557056427,-0.17624245584011078,0.023192226886749268,24.719270706176758,1,0.0019831631798297167
176,3.52,stand,0.0,0.0,0.0,0.31654271483421326,-0.028546806424856186,0.003906421363353729,5.4130301577970386e-05,0.00017539603868499398,-1.1736291639274696,-2.4349635063266035,4,0,0,4.705976243712939e-05,2.6748240998131223e-05,6.510463572340086e-05,3.564121652743779e-05,-0.00017539603868499398,0.0,0.06397172063589096,0.18645155429840088,0.16196852922439575,0.023400388658046722,40.65534591674805,1,0.015525574795901775,0.1571780890226364,-0.18854312598705292,0.023219525814056396,41.14311218261719,1,0.009205429814755917,-0.3110176622867584,0.14468374848365784,0.02280159294605255,32.07850646972656,1,0.00900116004049778,-0.2512093782424927,-0.1762426197528839,0.023192234337329865,24.718177795410156,1,0.001985079376026988
177,3.54,stand,0.0,0.0,0.0,0.31654274463653564,-0.02854681760072708,0.0039067454636096954,5.3710675274487585e-05,0.00017423616372980177,-1.1735992818498509,-2.4349688424118927,4,0,0,4.72259234811645e-05,2.5584149625501595e-05,6.527450022986159e-05,3.447737981332466e-05,-0.00017423616372980177,0.0,0.06397171318531036,0.18645156919956207,0.16196836531162262,0.0234006866812706,40.65586471557617,1,0.015527761541306973,0.1571781188249588,-0.18854308128356934,0.023219525814056396,41.14411926269531,1,0.009195798076689243,-0.3110176920890808,0.14468351006507874,0.02280149608850479,32.07844543457031,1,0.00900154747068882,-0.2512090802192688,-0.17624293267726898,0.023192226886749268,24.71813201904297,1,0.0019797091372311115
178,3.56,stand,0.0,0.0,0.0,0.31654274463653564,-0.028546813875436783,0.003907052334398031,5.313871952239424e-05,0.00017317502351943403,-1.173570360267584,-2.4349746053840047,4,0,0,4.7256264224415645e-05,2.43016256717965e-05,6.532263796543702e-05,3.320126052130945e-05,-0.00017317502351943403,0.0,0.06397201865911484,0.18645134568214417,0.1619684100151062,0.023400478065013885,40.65599060058594,1,0.015531505458056927,0.15717794001102448,-0.18854324519634247,0.02321949601173401,41.142425537109375,1,0.009198862127959728,-0.31101763248443604,0.14468330144882202,0.022801607847213745,32.079620361328125,1,0.008997255004942417,-0.2512090802192688,-0.1762431114912033,0.023192115128040314,24.719005584716797,1,0.0019766741897910833
179,3.58,stand,0.0,0.0,0.0,0.31654277443885803,-0.028546813875436783,0.003907324746251106,5.2394676458789036e-05,0.0001733732788125053,-1.1735448537799023,-2.435001926140685,4,0,0,4.727858322439715e-05,2.258180029457435e-05,6.535003922181204e-05,3.148093310301192e-05,-0.0001733732788125053,0.0,0.06397231668233871,0.1864514946937561,0.16196826100349426,0.023400619626045227,40.65647888183594,1,0.015529559925198555,0.15717794001102448,-0.18854331970214844,0.023219607770442963,41.141929626464844,1,0.009196541272103786,-0.3110177218914032,0.14468306303024292,0.022801607847213745,32.07905960083008,1,0.009001103229820728,-0.25120916962623596,-0.17624332010746002,0.023192085325717926,24.718822479248047,1,0.001979175955057144
180,3.6,stand,0.0,0.0,0.0,0.31654274463653564,-0.028546802699565887,0.003907570615410805,5.168174538994208e-05,0.0001734333927743137,-1.173524469934098,-2.4349869851018755,4,0,0,4.722644007415511e-05,2.0992052668589167e-05,6.53172392048873e-05,2.989770655403845e-05,-0.0001734333927743137,0.0,0.06397245824337006,0.1864512413740158,0.16196824610233307,0.02340051531791687,40.65553665161133,1,0.015537477098405361,0.15717816352844238,-0.18854348361492157,0.023219600319862366,41.141883850097656,1,0.009210475720465183,-0.3110177516937256,0.1446828693151474,0.022801510989665985,32.07917785644531,1,0.008995872922241688,-0.2512091398239136,-0.17624343931674957,0.023192256689071655,24.71855926513672,1,0.00198022136464715
181,3.62,stand,0.0,0.0,0.0,0.31654277443885803,-0.028546806424856186,0.0039077866822481155,5.113252700539306e-05,0.0001734935212880373,-1.1735075011828788,-2.434972044063066,4,0,0,4.719026401289739e-05,1.9687917301780544e-05,6.526774814119563e-05,2.8584894607774913e-05,-0.0001734935212880373,0.0,0.06397246569395065,0.1864512711763382,0.16196811199188232,0.023400582373142242,40.65575408935547,1,0.015530731528997421,0.1571783423423767,-0.18854351341724396,0.02321963757276535,41.14195251464844,1,0.009203662164509296,-0.3110177516937256,0.1446826457977295,0.02280164510011673,32.078941345214844,1,0.008997834287583828,-0.2512090802192688,-0.17624355852603912,0.023192137479782104,24.71813201904297,1,0.0019813720136880875
182,3.64,stand,0.0,0.0,0.0,0.31654271483421326,-0.028546785935759544,0.003907958511263132,5.0694790843408555e-05,0.000172827611095272,-1.1734899988231307,-2.4349790876956474,4,0,0,4.7245805035345256e-05,1.8379223547526635e-05,6.530652899527922e-05,2.726608181546908e-05,-0.000172827611095272,0.0,0.06397257000207901,0.1864512711763382,0.16196812689304352,0.02340063452720642,40.65622329711914,1,0.015532377175986767,0.1571781039237976,-0.18854361772537231,0.023219652473926544,41.1418342590332,1,0.009199464693665504,-0.311017781496048,0.14468254148960114,0.022801458835601807,32.078765869140625,1,0.009001260623335838,-0.25120899081230164,-0.17624375224113464,0.023192182183265686,24.7182559967041,1,0.001983419992029667
183,3.66,stand,0.0,0.0,0.0,0.31654277443885803,-0.02854677103459835,0.003908122889697552,5.017901639803313e-05,0.00017157403635792434,-1.1734768720533195,-2.4349647869870727,4,0,0,4.720025754068047e-05,1.703142152109649e-05,6.52586022624746e-05,2.591479460534174e-05,-0.00017157403635792434,0.0,0.06397262960672379,0.1864512413740158,0.16196811199188232,0.023400597274303436,40.65502166748047,1,0.015530398115515709,0.1571783423423767,-0.18854361772537231,0.023219555616378784,41.141883850097656,1,0.00920811202377081,-0.3110177516937256,0.14468233287334442,0.02280157059431076,32.07945251464844,1,0.008994041942059994,-0.2512087821960449,-0.17624391615390778,0.02319224178791046,24.7182674407959,1,0.001980231376364827
184,3.68,stand,0.0,0.0,0.0,0.3165428042411804,-0.0285467691719532,0.003908263053745031,4.990914385416545e-05,0.00017204137111548334,-1.1734670536563876,-2.434951553495556,4,0,0,4.714934766525403e-05,1.636647903069388e-05,6.519389717141166e-05,2.5241957700927742e-05,-0.00017204137111548334,0.0,0.063972607254982,0.18645116686820984,0.1619681566953659,0.023400522768497467,40.655784606933594,1,0.015538159757852554,0.15717855095863342,-0.1885436475276947,0.02321963757276535,41.143218994140625,1,0.0092039555311203,-0.3110177516937256,0.14468219876289368,0.022801615297794342,32.07870864868164,1,0.009001703932881355,-0.2512088716030121,-0.17624402046203613,0.023192279040813446,24.717971801757812,1,0.00198436644859612
185,3.7,stand,0.0,0.0,0.0,0.3165428340435028,-0.028546763584017754,0.003908386453986168,4.9292870244244114e-05,0.0001719653228064999,-1.1734601167455119,-2.4349385334474505,4,0,0,4.679756602854468e-05,1.5484665709664114e-05,6.485819903900847e-05,2.4365319404751062e-05,-0.0001719653228064999,0.0,0.0639725774526596,0.18645133078098297,0.16196802258491516,0.023400358855724335,40.65681838989258,1,0.015527828596532345,0.1571786254644394,-0.1885436624288559,0.023219525814056396,41.14311218261719,1,0.009203789755702019,-0.3110176920890808,0.14468209445476532,0.022801682353019714,32.079551696777344,1,0.008993810974061489,-0.2512088716030121,-0.17624415457248688,0.023192286491394043,24.718069076538086,1,0.0019788588397204876
186,3.72,stand,0.0,0.0,0.0,0.3165428936481476,-0.028546776622533798,0.003908494487404823,4.755497138830833e-05,0.00018468951748218387,-1.1734342900927126,-2.434944296419563,4,0,0,4.505835386225954e-05,1.5205921044980641e-05,6.322471017483622e-05,2.4131059035426006e-05,-0.00018468951748218387,0.0,0.06397177278995514,0.1864510476589203,0.16196800768375397,0.02340039610862732,40.65669631958008,1,0.015528783202171326,0.157178595662117,-0.18854354321956635,0.023219682276248932,41.14284133911133,1,0.00919660646468401,-0.311017781496048,0.1446821242570877,0.02280157059431076,32.07899475097656,1,0.008999121375381947,-0.2512085437774658,-0.17624413967132568,0.02319134771823883,24.68988800048828,1,0.002170164603739977
187,3.74,stand,0.0,0.0,0.0,0.31654295325279236,-0.028546810150146484,0.003908543381839991,4.645946319215e-05,0.00017999159172177315,-1.1734737771238517,-2.4350239108120757,4,0,0,4.5200420572655275e-05,1.0742613085312769e-05,6.373297946993262e-05,1.983749825740233e-05,-0.00017999159172177315,0.0,0.06397268921136856,0.18645094335079193,0.16196787357330322,0.02340061217546463,40.66079330444336,1,0.015534281730651855,0.15717825293540955,-0.18854381144046783,0.02321959286928177,41.14279556274414,1,0.00919392891228199,-0.3110181391239166,0.14468179643154144,0.02280157059431076,32.080535888671875,1,0.008994133211672306,-0.25120896100997925,-0.1762445569038391,0.023191161453723907,24.685623168945312,1,0.0021784950513392687
188,3.7600000000000002,stand,0.0,0.0,0.0,0.3165431618690491,-0.028546825051307678,0.00390848983079195,4.4761105527868494e-05,0.00017795045278035104,-1.1735484823178988,-2.435106940299174,4,0,0,4.439203621586785e-05,5.736168077419279e-06,6.333179771900177e-05,1.5016777069831733e-05,-0.00017795045278035104,0.0,0.06397344917058945,0.18645040690898895,0.16196750104427338,0.02340051531791687,40.659915924072266,1,0.015530685894191265,0.1571781039237976,-0.18854422867298126,0.02321956306695938,41.142005920410156,1,0.009199367836117744,-0.3110187351703644,0.1446813941001892,0.022801510989665985,32.080997467041016,1,0.00899588968604803,-0.2512092888355255,-0.1762448400259018,0.023191146552562714,24.68672752380371,1,0.0021797427907586098
189,3.7800000000000002,stand,0.0,0.0,0.0,0.3165435492992401,-0.028546884655952454,0.003908349201083183,4.3811760406242684e-05,0.0001773735712049529,-1.1736237211204747,-2.435190396673095,4,0,0,4.377059667604044e-05,1.8987315115737147e-06,6.293073965935037e-05,1.1277567864453886e-05,-0.0001773735712049529,0.0,0.06397399306297302,0.18645000457763672,0.16196732223033905,0.023400574922561646,40.65835189819336,1,0.015536588616669178,0.15717746317386627,-0.1885443478822708,0.023219622671604156,41.141109466552734,1,0.0091983238235116,-0.3110189139842987,0.14468105137348175,0.022801473736763,32.07976531982422,1,0.008996931836009026,-0.25120964646339417,-0.1762450635433197,0.02319115400314331,24.686830520629883,1,0.0021754158660769463
190,3.8000000000000003,stand,0.0,0.0,0.0,0.3165440559387207,-0.028546905145049095,0.003908127546310425,4.345484558143653e-05,0.00017668219516053796,-1.1736904221865883,-2.435273212716781,4,0,0,4.343257023720071e-05,-1.3911269434174756e-06,6.262486567720771e-05,7.997022294148337e-06,-0.00017668219516053796,0.0,0.06397432088851929,0.18644975125789642,0.1619671881198883,0.023400455713272095,40.65747833251953,1,0.01553528755903244,0.15717731416225433,-0.18854457139968872,0.023219645023345947,41.139705657958984,1,0.009196422062814236,-0.3110195994377136,0.14468097686767578,0.02280162274837494,32.07899475097656,1,0.00900077074766159,-0.25120991468429565,-0.17624527215957642,0.023191191256046295,24.68677520751953,1,0.002178091323003173
191,3.8200000000000003,stand,0.0,0.0,0.0,0.31654447317123413,-0.028546970337629318,0.003907865844666958,4.30696272815112e-05,0.00017727352678775787,-1.1737507199503547,-2.4353551749868214,4,0,0,4.286404873710126e-05,-4.203101070743287e-06,6.195399328134954e-05,5.129516011947999e-06,-0.00017727352678775787,0.0,0.06397426128387451,0.18644921481609344,0.16196708381175995,0.023400522768497467,40.656002044677734,1,0.015527506358921528,0.15717682242393494,-0.1885446310043335,0.023219726979732513,41.139869689941406,1,0.009201564826071262,-0.311019629240036,0.14468088746070862,0.022801540791988373,32.07941818237305,1,0.008992183022201061,-0.25121018290519714,-0.17624543607234955,0.02319127321243286,24.686960220336914,1,0.0021764966659247875
192,3.84,stand,0.0,0.0,0.0,0.316544771194458,-0.028547031804919243,0.003907556179910898,4.29116771556437e-05,0.00017871368618216366,-1.1738025866993644,-2.4354356431529807,4,0,0,4.2483938159421086e-05,-6.043749635864515e-06,6.137786840554327e-05,3.1903332455840427e-06,-0.00017871368618216366,0.0,0.063974529504776,0.186448872089386,0.16196708381175995,0.023400641977787018,40.654964447021484,1,0.01553337275981903,0.157176673412323,-0.18854455649852753,0.02321971207857132,41.14085388183594,1,0.00919056124985218,-0.31101998686790466,0.14468082785606384,0.022801503539085388,32.07908248901367,1,0.008994085714221,-0.2512107789516449,-0.17624539136886597,0.02319113165140152,24.68666648864746,1,0.0021751869935542345
193,3.86,stand,0.0,0.0,0.0,0.3165450990200043,-0.028547106310725212,0.00390719436109066,4.283394810045138e-05,0.00017912850307766348,-1.1738513585189065,-2.4354736360802387,4,0,0,4.2122992454096675e-05,-7.771782293275464e-06,6.0838468925794587e-05,1.3726032648264663e-06,-0.00017912850307766348,0.0,0.06397449225187302,0.18644863367080688,0.16196729242801666,0.02340053766965866,40.654998779296875,1,0.01552856806665659,0.1571764498949051,-0.18854451179504395,0.023219600319862366,41.13991165161133,1,0.009197981096804142,-0.31102022528648376,0.14468084275722504,0.022801652550697327,32.077823638916016,1,0.009001446887850761,-0.251211017370224,-0.1762452870607376,0.023191332817077637,24.68645668029785,1,0.0021789190359413624
194,3.88,stand,0.0,0.0,0.0,0.3165452778339386,-0.028547199442982674,0.003906817641109228,4.26652368332725e-05,0.0001794721174519509,-1.1738963950787464,-2.4355099214602047,4,0,0,4.17048686358612e-05,-9.001474609249271e-06,6.023597961757332e-05,5.0944898077887046e-08,-0.0001794721174519509,0.0,0.06397443264722824,0.18644863367080688,0.161967471241951,0.023400455713272095,40.654335021972656,1,0.015527106821537018,0.1571764498949051,-0.18854443728923798,0.02321954071521759,41.1412467956543,1,0.009201466105878353,-0.31102046370506287,0.14468097686767578,0.022801637649536133,32.077980041503906,1,0.009000913240015507,-0.251211017370224,-0.17624521255493164,0.023191288113594055,24.6871337890625,1,0.0021737038623541594
195,3.9,stand,0.0,0.0,0.0,0.31654542684555054,-0.028547324240207672,0.003906428813934326,4.208988684695214e-05,0.000179838651092723,-1.1739383367091185,-2.4355464202835817,4,0,0,4.105069820070639e-05,-9.29509951674845e-06,5.9441437770146877e-05,-3.127692025373108e-07,-0.000179838651092723,0.0,0.06397441029548645,0.18644849956035614,0.16196757555007935,0.023400522768497467,40.65379333496094,1,0.01552835013717413,0.15717634558677673,-0.18854424357414246,0.023219376802444458,41.14164733886719,1,0.009191246703267097,-0.31102052330970764,0.14468105137348175,0.022801660001277924,32.077674865722656,1,0.009000084362924099,-0.2512108385562897,-0.1762450784444809,0.023191280663013458,24.687471389770508,1,0.0021741113159805536
196,3.92,stand,0.0,0.0,0.0,0.3165455162525177,-0.028547396883368492,0.0039060311391949654,4.1846629756037146e-05,0.0001801301259547472,-1.1739676851782084,-2.435581425003078,4,0,0,4.076793629792519e-05,-9.440114808967337e-06,5.9020134358434007e-05,-5.256059694147552e-07,-0.0001801301259547472,0.0,0.0639745220541954,0.18644854426383972,0.16196781396865845,0.02340047061443329,40.654598236083984,1,0.015530852600932121,0.1571761816740036,-0.18854382634162903,0.023219488561153412,41.141883850097656,1,0.009197180159389973,-0.31102070212364197,0.1446811854839325,0.022801578044891357,32.07730484008789,1,0.009008378721773624,-0.2512110769748688,-0.17624497413635254,0.023191310465335846,24.687089920043945,1,0.002179317642003298
197,3.94,stand,0.0,0.0,0.0,0.3165454566478729,-0.028547553345561028,0.0039056362584233284,4.126031853957102e-05,0.00018033967353403568,-1.1740007689070007,-2.4355948719380067,4,0,0,4.017892206320539e-05,-9.384461009176448e-06,5.8360135881230235e-05,-5.058220722276019e-07,-0.00018033967353403568,0.0,0.06397439539432526,0.18644851446151733,0.16196803748607635,0.023400649428367615,40.654876708984375,1,0.015524903312325478,0.15717637538909912,-0.1885436773300171,0.023219585418701172,41.14247512817383,1,0.009194296784698963,-0.31102073192596436,0.14468128979206085,0.022801555693149567,32.07778549194336,1,0.009004014544188976,-0.25121086835861206,-0.17624472081661224,0.023191183805465698,24.68781852722168,1,0.002172056119889021
198,3.96,stand,0.0,0.0,0.0,0.31654542684555054,-0.028547633439302444,0.0039052630309015512,4.089242065674625e-05,0.00018028249905910343,-1.174026382116388,-2.4356288094404452,4,0,0,3.993765858467668e-05,-8.784841156739276e-06,5.808059358969331e-05,7.558401904361745e-08,-0.00018028249905910343,0.0,0.06397446990013123,0.18644846975803375,0.16196830570697784,0.023400545120239258,40.65400695800781,1,0.015527588315308094,0.1571764349937439,-0.18854346871376038,0.02321963757276535,41.14345169067383,1,0.009200775995850563,-0.3110206723213196,0.14468146860599518,0.022801518440246582,32.077938079833984,1,0.009004099294543266,-0.2512112259864807,-0.1762446165084839,0.023191258311271667,24.687911987304688,1,0.002176019363105297
199,3.98,stand,0.0,0.0,0.0,0.3165453374385834,-0.028547773137688637,0.003904892597347498,4.0215654735220596e-05,0.0001804798375815153,-1.1740549835335377,-2.435642042931962,4,0,0,3.9458423998439685e-05,-7.767345778120216e-06,5.758375482400879e-05,1.084801510842226e-06,-0.0001804798375815153,0.0,0.06397482752799988,0.18644832074642181,0.16196855902671814,0.023400381207466125,40.65461349487305,1,0.015529058873653412,0.15717606246471405,-0.1885432004928589,0.023219652473926544,41.14230728149414,1,0.009197376668453217,-0.3110206723213196,0.1446816474199295,0.022801660001277924,32.07796859741211,1,0.009001830592751503,-0.25121110677719116,-0.17624445259571075,0.023191265761852264,24.688100814819336,1,0.0021757150534540415
200,4.0,stand,0.0,0.0,0.0,0.31654512882232666,-0.02854790911078453,0.0039045405574142933,4.0857667045202106e-05,0.00017600457067601383,-1.1740876403755067,-2.4356119474109317,4,0,0,4.018418985651806e-05,-7.387830919469707e-06,5.828755092807114e-05,1.45711385357572e-06,-0.00017600457067601383,0.0,0.0639750212430954,0.18644867837429047,0.16196875274181366,0.023400507867336273,40.6544075012207,1,0.015532306395471096,0.15717674791812897,-0.1885429322719574,0.02321956306695938,41.14314651489258,1,0.009197789244353771,-0.3110203742980957,0.1446816623210907,0.022801510989665985,32.078121185302734,1,0.00899695884436369,-0.2512105405330658,-0.17624427378177643,0.02319217473268509,24.70272445678711,1,0.0019940021447837353
201,4.0200000000000005,walk,0.5,0.0,-0.5,0.3170352876186371,-0.028015539050102234,0.003860556287690997,0.04178957641124725,0.10648831725120544,-0.7067097483025817,-2.135049259541109,4,0,0,0.041201308369636536,-0.006987203378230333,0.04228369519114494,-0.006447730585932732,-0.10648831725120544,0.0,0.05868075042963028,0.18728409707546234,0.16470330953598022,0.023402638733386993,28.745847702026367,1,0.01972046121954918,0.15841495990753174,-0.1858968287706375,0.02322767674922943,32.2656364440918,1,0.016483070328831673,-0.3101467192173004,0.14668168127536774,0.022789977490901947,52.57807922363281,1,0.05143935978412628,-0.24994400143623352,-0.17420482635498047,0.023187316954135895,41.37607955932617,1,0.02479613572359085
202,4.04,walk,0.5,0.0,-0.5,0.31858307123184204,-0.02661105804145336,0.0036604120396077633,0.08611822873353958,0.14673112332820892,-0.12439123174150032,-1.529140723670045,4,0,0,0.08388961851596832,-0.019464880228042603,0.08628900349140167,-0.018677368760108948,-0.14673112332820892,0.0,0.050483692437410355,0.1886979043483734,0.1683664619922638,0.023408912122249603,47.95184326171875,1,0.04275735467672348,0.1618308275938034,-0.1834426373243332,0.023212701082229614,24.76141357421875,1,0.21028970181941986,-0.30863985419273376,0.1490413248538971,0.022770695388317108,49.72217559814453,1,0.09213531017303467,-0.2476339340209961,-0.17170286178588867,0.023148037493228912,44.55015563964844,1,0.041987333446741104
203,4.0600000000000005,walk,0.5,0.0,-0.5,0.3197946548461914,-0.024709956720471382,0.003189929760992527,0.10630755871534348,0.3179911673069,0.5532030609755434,-0.9114091303456887,3,0,0,0.100342757999897,-0.03510880097746849,0.1010473445057869,-0.03410392999649048,-0.3179911673069,0.0,0.05417393893003464,0.18936975300312042,0.1731215864419937,0.023413382470607758,59.176265716552734,1,0.05953652411699295,0.20235180854797363,-0.19714902341365814,0.0337301567196846,0.0,0,2.9240715503692627,-0.3111149072647095,0.1748771220445633,0.022752217948436737,0.0,0,1.9326249361038208,-0.24531976878643036,-0.16885031759738922,0.023131810128688812,52.405792236328125,1,0.015502762980759144
204,4.08,walk,0.5,0.0,-0.5,0.31922829151153564,-0.022824034094810486,0.003056465182453394,0.09933272749185562,0.569110095500946,0.050962919548467926,-0.8014626147806414,2,0,0,0.09867295622825623,-0.011429736390709877,0.09813014417886734,-0.009279085323214531,-0.569110095500946,0.0,0.11859088391065598,0.18669945001602173,0.17228569090366364,0.023363374173641205,68.36283874511719,1,0.024474263191223145,0.2685873806476593,-0.22893472015857697,0.056521590799093246,0.0,0,3.6703383922576904,-0.2878781259059906,0.21123017370700836,0.05042240023612976,0.0,0,2.728379726409912,-0.24493353068828583,-0.17349734902381897,0.023146867752075195,59.663726806640625,1,0.011690336279571056
205,4.1,walk,0.5,0.0,-0.5,0.31900307536125183,-0.020219752565026283,0.002802880248054862,0.15480124950408936,0.6395211815834045,-0.20703017075716063,-0.7846014390408187,2,0,0,0.15214549005031586,-0.028551295399665833,0.15313725173473358,-0.023406805470585823,-0.6395211815834045,0.0,0.1820739358663559,0.18246477842330933,0.17322470247745514,0.02334478497505188,71.26046752929688,1,0.04133863002061844,0.3151780962944031,-0.24550382792949677,0.07881250977516174,0.0,0,1.743037223815918,-0.2746242880821228,0.24791064858436584,0.07142957299947739,0.0,0,1.7517131567001343,-0.24521653354167938,-0.17742106318473816,0.023132428526878357,80.91997528076172,1,0.011900310404598713
206,4.12,walk,0.5,0.0,-0.5,0.3197740614414215,-0.01648644730448723,0.002422385150566697,0.20912772417068481,0.6087920069694519,-0.06704896553404008,-0.7727574107723405,2,0,0,0.20605044066905975,-0.03574385866522789,0.20822195708751678,-0.02617064118385315,-0.6087920069694519,0.0,0.20809316635131836,0.1771281510591507,0.1762654036283493,0.023301072418689728,70.5433578491211,1,0.046572618186473846,0.3293019235134125,-0.25258657336235046,0.09179309010505676,0.0,0,0.6321428418159485,-0.26373693346977234,0.2648289203643799,0.08702291548252106,0.0,0,1.0519925355911255,-0.24644558131694794,-0.17933401465415955,0.023111596703529358,78.01695251464844,1,0.030273057520389557
207,4.14,walk,0.5,0.0,-0.5,0.32115423679351807,-0.011981278657913208,0.0018918978748843074,0.2400001436471939,0.5872940421104431,0.28958798793621376,-0.7923177385339347,2,0,0,0.235845148563385,-0.044464997947216034,0.23909200727939606,-0.031130952760577202,-0.5872940421104431,0.0,0.2186894565820694,0.1709979623556137,0.18035060167312622,0.023251302540302277,74.05886840820312,1,0.041803065687417984,0.32975268363952637,-0.2580968141555786,0.09920893609523773,0.0,0,0.5384808778762817,-0.25162091851234436,0.2718049883842468,0.09905178844928741,0.0,0,1.0106581449508667,-0.2485887110233307,-0.17995333671569824,0.0230691060423851,71.403076171875,1,0.048055678606033325
208,4.16,walk,0.5,0.0,-0.5,0.32300782203674316,-0.0070640649646520615,0.0011989204213023186,0.25819671154022217,0.6030161380767822,0.5695348436938372,-0.8349369450160508,2,0,0,0.2527100741863251,-0.05294483155012131,0.2572542428970337,-0.03615722060203552,-0.6030161380767822,0.0,0.22976359724998474,0.1643485724925995,0.18407846987247467,0.023198820650577545,76.79269409179688,1,0.03891937434673309,0.3324430286884308,-0.2626590132713318,0.10496291518211365,0.0,0,0.5194786787033081,-0.23958046734333038,0.27338990569114685,0.10802928358316422,0.0,0,0.9543297290802002,-0.25119245052337646,-0.18092206120491028,0.023044608533382416,69.51213073730469,1,0.02661735750734806
209,4.18,walk,0.5,0.0,-0.5,0.32530978322029114,-0.001776859164237976,0.00029447232373058796,0.27974632382392883,0.6060402393341064,0.7708471455997055,-0.8897452110414362,2,0,0,0.27219244837760925,-0.0645698606967926,0.2784383296966553,-0.043642789125442505,-0.6060402393341064,0.0,0.24117712676525116,0.15725140273571014,0.187486931681633,0.023143142461776733,76.59833526611328,1,0.04245888069272041,0.3391939699649811,-0.26485106348991394,0.11002370715141296,0.0,0,0.569894552230835,-0.2300361841917038,0.2711368799209595,0.11286000907421112,0.0,0,0.8362484574317932,-0.25414204597473145,-0.18224367499351501,0.022994019091129303,66.68810272216797,1,0.028057167306542397
210,4.2,walk,0.5,0.0,-0.5,0.3279237151145935,0.0039239488542079926,-0.0008893685881048441,0.3039071261882782,0.5827006101608276,0.9720692143033355,-0.9662856449019214,2,0,0,0.29340770840644836,-0.07919252663850784,0.3017779588699341,-0.05354843661189079,-0.5827006101608276,0.0,0.25106751918792725,0.14967775344848633,0.19095832109451294,0.02308197319507599,76.60082244873047,1,0.04592286795377731,0.34629204869270325,-0.26562389731407166,0.11343304812908173,0.0,0,0.5406361222267151,-0.22368061542510986,0.26672735810279846,0.1133476197719574,0.0,0,0.7404384016990662,-0.2576431930065155,-0.18334516882896423,0.02295825630426407,63.729522705078125,1,0.029677554965019226
211,4.22,walk,0.5,0.0,-0.5,0.3306886851787567,0.01003372110426426,-0.0024017293471843004,0.32762882113456726,0.5530869364738464,1.1954260051162728,-1.0721515493247091,2,0,0,0.31331995129585266,-0.09576664865016937,0.3242107033729553,-0.06515402346849442,-0.5530869364738464,0.0,0.2595347464084625,0.1416177898645401,0.19461356103420258,0.02301602065563202,77.23056030273438,1,0.04876359924674034,0.351764053106308,-0.26598405838012695,0.11507681012153625,0.0,0,0.49216291308403015,-0.21973146498203278,0.2612476050853729,0.11080759018659592,0.0,0,0.6914875507354736,-0.26180338859558105,-0.18400678038597107,0.022918924689292908,60.692054748535156,1,0.030865876004099846
212,4.24,walk,0.5,0.0,-0.5,0.3334829807281494,0.01651226170361042,-0.0042877281084656715,0.350233256816864,0.530130922794342,1.423345148851367,-1.211992949113256,2,0,0,0.3309571444988251,-0.11458928138017654,0.34487783908843994,-0.07885845750570297,-0.530130922794342,0.0,0.267338365316391,0.13306225836277008,0.19840942323207855,0.02294561266899109,77.80879974365234,1,0.05245126411318779,0.35561150312423706,-0.2659793198108673,0.11517500877380371,0.0,0,0.45593807101249695,-0.21753108501434326,0.25552883744239807,0.10618945956230164,0.0,0,0.665320873260498,-0.26663047075271606,-0.18429158627986908,0.022877275943756104,57.57868957519531,1,0.031469665467739105
213,4.26,walk,0.5,0.0,-0.5,0.33624109625816345,0.023318523541092873,-0.006594393867999315,0.37252065539360046,0.5168870687484741,1.6466723777518029,-1.3817232567097788,2,0,0,0.3468110263347626,-0.13599170744419098,0.36438727378845215,-0.09494714438915253,-0.5168870687484741,0.0,0.2751457095146179,0.12402868270874023,0.2023623138666153,0.022870346903800964,78.09165954589844,1,0.05786564573645592,0.35812702775001526,-0.2652103006839752,0.11334893107414246,0.0,0,0.41452792286872864,-0.21668583154678345,0.24991512298583984,0.09959099441766739,0.0,0,0.6589161157608032,-0.2720567286014557,-0.18424950540065765,0.022834062576293945,54.889591217041016,1,0.03178912401199341
214,4.28,walk,0.5,0.0,-0.5,0.33886751532554626,0.030420774593949318,-0.009347920306026936,0.3937801420688629,0.49888110160827637,1.9121387789017497,-1.5472251436015345,2,0,0,0.3607959747314453,-0.15776270627975464,0.3821525573730469,-0.1111651062965393,-0.49888110160827637,0.0,0.28339841961860657,0.11470739543437958,0.20675086975097656,0.022791311144828796,72.40641021728516,1,0.05917244777083397,0.3590528070926666,-0.26316219568252563,0.10874491930007935,0.0,0,0.34235265851020813,-0.2167820930480957,0.2443738430738449,0.09069506824016571,0.0,0,0.6792179346084595,-0.2778758406639099,-0.18360775709152222,0.02279709279537201,51.72539520263672,1,0.03275670111179352
215,4.3,walk,0.5,0.0,-0.5,0.34113800525665283,0.03778523579239845,-0.012514732778072357,0.41306498646736145,0.4616665542125702,2.305172836623436,-1.6328338808848282,2,0,0,0.37325575947761536,-0.17692604660987854,0.39767709374427795,-0.12452168762683868,-0.4616665542125702,0.0,0.29274100065231323,0.10559434443712234,0.2119579315185547,0.022713735699653625,65.53512573242188,1,0.06041991710662842,0.3572380840778351,-0.25940343737602234,0.09941034018993378,0.0,0,0.1896769404411316,-0.21781934797763824,0.23880979418754578,0.07823161780834198,0.0,0,0.7196866273880005,-0.2837035655975342,-0.18181684613227844,0.022747211158275604,47.818267822265625,1,0.03404663875699043
216,4.32,walk,0.5,0.0,-0.5,0.34288984537124634,0.04540330171585083,-0.016054844483733177,0.43244701623916626,0.4130418300628662,2.8860008111405078,-1.6020452023754088,2,0,0,0.3864096999168396,-0.19415965676307678,0.4133160710334778,-0.13554242253303528,-0.4130418300628662,0.0,0.3052622675895691,0.09697175025939941,0.2182256132364273,0.022649146616458893,58.719764709472656,1,0.08319828659296036,0.34841957688331604,-0.2526019513607025,0.08014808595180511,0.0,0,0.2541654407978058,-0.2217940092086792,0.23247462511062622,0.05877125263214111,0.0,0,0.8186548948287964,-0.28939107060432434,-0.17844177782535553,0.022693730890750885,42.69396209716797,1,0.03515804931521416
217,4.34,walk,0.5,0.0,-0.5,0.34392616152763367,0.05325827747583389,-0.019904617220163345,0.4504929184913635,0.3326888084411621,3.7348981292115355,-1.4498677338938786,2,0,0,0.39988890290260315,-0.20744328200817108,0.4281539022922516,-0.14148959517478943,-0.3326888084411621,0.0,0.3329985737800598,0.08900978416204453,0.22585798799991608,0.022570595145225525,47.550968170166016,1,0.09343339502811432,0.3198213577270508,-0.23756816983222961,0.0400216206908226,0.0,0,1.538339376449585,-0.23506346344947815,0.2214076817035675,0.025107987225055695,0.0,0,1.3821194171905518,-0.2950122356414795,-0.17285394668579102,0.022638067603111267,31.46890640258789,1,0.03510487824678421
218,4.36,walk,0.5,0.0,-0.5,0.34343665838241577,0.060835085809230804,-0.024073496460914612,0.4043079912662506,0.01808127947151661,3.424431240158371,-1.0105440967848405,3,0,0,0.35268086194992065,-0.19768959283828735,0.3796232044696808,-0.1365959346294403,0.01808127947151661,0.0,0.3046480417251587,0.13692952692508698,0.22329148650169373,0.023883260786533356,0.0,0,3.719395875930786,0.29953843355178833,-0.22183306515216827,0.023280218243598938,123.85287475585938,1,0.05036211013793945,-0.24032747745513916,0.2227019965648651,0.022970274090766907,76.99317932128906,1,0.04144001379609108,-0.3045990765094757,-0.16983500123023987,0.02251773327589035,6.2776923179626465,1,0.5258857011795044
219,4.38,walk,0.5,0.0,-0.5,0.34398531913757324,0.0676950216293335,-0.027958368882536888,0.3890319764614105,0.07329823076725006,2.646703212578407,-1.0006436308612012,2,0,0,0.3419099748134613,-0.18558946251869202,0.36833903193473816,-0.13053150475025177,-0.07329823076725006,0.0,0.2714463472366333,0.2318875789642334,0.19098177552223206,0.04195509850978851,0.0,0,5.327181339263916,0.2920595705509186,-0.2239421159029007,0.02330123633146286,85.61571502685547,1,0.014648404903709888,-0.24688675999641418,0.22126396000385284,0.022919729351997375,80.3627700805664,1,0.03658468276262283,-0.2890121042728424,-0.15198758244514465,0.04470741003751755,0.0,0,1.3251756429672241
220,4.4,walk,0.5,0.0,-0.5,0.3457724153995514,0.07436028867959976,-0.031596675515174866,0.3859316110610962,0.11191374063491821,3.0097550877212647,-1.0931528869186176,2,0,0,0.3409746587276459,-0.18077468872070312,0.36746007204055786,-0.12739169597625732,-0.11191374063491821,0.0,0.3005756735801697,0.32703709602355957,0.16043022274971008,0.06802336871623993,0.0,0,5.071655750274658,0.2848527133464813,-0.2190362960100174,0.023343943059444427,69.37248229980469,1,0.06051051989197731,-0.25414130091667175,0.22536668181419373,0.02287924289703369,83.03221893310547,1,0.03852754458785057,-0.2627854347229004,-0.1277746558189392,0.057869404554367065,0.0,0,1.9838662147521973
221,4.42,walk,0.5,0.0,-0.5,0.34765830636024475,0.08151252567768097,-0.035216622054576874,0.42861562967300415,0.32011616230010986,3.576029850107743,-1.073981826578861,2,0,0,0.3833160698413849,-0.19178152084350586,0.4112551808357239,-0.12961842119693756,-0.32011616230010986,0.0,0.35706737637519836,0.39993956685066223,0.14405307173728943,0.08447626233100891,0.0,0,3.436718463897705,0.2784896492958069,-0.21226325631141663,0.023302465677261353,62.59993362426758,1,0.040732067078351974,-0.26177167892456055,0.22982238233089447,0.022816546261310577,84.90321350097656,1,0.04629264026880264,-0.22765910625457764,-0.10717663913965225,0.06063652038574219,0.0,0,2.31862211227417
222,4.44,walk,0.5,0.0,-0.5,0.349155455827713,0.09009141474962234,-0.03920098394155502,0.508954644203186,0.531976044178009,3.746609769203992,-1.4425747994075975,2,0,0,0.45910200476646423,-0.2196820080280304,0.49232396483421326,-0.1401778757572174,-0.531976044178009,0.0,0.3896998167037964,0.428496778011322,0.13757650554180145,0.09092994034290314,0.0,0,1.3254338502883911,0.26948970556259155,-0.2064492553472519,0.02326381951570511,64.47395324707031,1,0.023241179063916206,-0.27401265501976013,0.23083552718162537,0.022740773856639862,86.70729064941406,1,0.04343009740114212,-0.2005053460597992,-0.09258504956960678,0.061249278485774994,0.0,0,1.7142211198806763
223,4.46,walk,0.5,0.0,-0.5,0.35112667083740234,0.09995929896831512,-0.043394215404987335,0.5570778250694275,0.5248724222183228,3.3792068501164243,-2.479505090894961,2,0,0,0.5110012292861938,-0.22184103727340698,0.5486995577812195,-0.12940624356269836,-0.5248724222183228,0.0,0.37825247645378113,0.41098329424858093,0.1306837499141693,0.07861930131912231,0.0,0,0.970848798751831,0.2559325098991394,-0.2033654749393463,0.023217201232910156,81.29794311523438,1,0.02487654611468315,-0.2917547821998596,0.2279454469680786,0.022663787007331848,84.21983337402344,1,0.04214930906891823,-0.19773517549037933,-0.08321517705917358,0.04918849468231201,0.0,0,0.8375282287597656
224,4.48,walk,0.5,0.0,-0.5,0.3538965582847595,0.11036462336778641,-0.04751471057534218,0.574386715888977,0.37726059556007385,1.9883598480576838,-3.8291227232459772,3,0,0,0.5346269011497498,-0.20998607575893402,0.5746335983276367,-0.1052827537059784,-0.37726059556007385,0.0,0.3603834807872772,0.3544292449951172,0.10804373770952225,0.03549378365278244,0.0,0,2.799853801727295,0.2396479696035385,-0.20722734928131104,0.023171357810497284,70.00117492675781,1,0.02702280879020691,-0.31146836280822754,0.21948041021823883,0.022589124739170074,75.18472290039062,1,0.04590084031224251,-0.21630924940109253,-0.08214940130710602,0.02312002331018448,72.26821899414062,1,0.06133028864860535
225,4.5,walk,0.5,0.0,-0.5,0.3565647006034851,0.12005700170993805,-0.05141893029212952,0.499040424823761,0.6232582330703735,0.7123151458161936,-4.2801487155590685,3,0,0,0.45996397733688354,-0.19358327984809875,0.4993802607059479,-0.09512404352426529,-0.6232582330703735,0.0,0.34321630001068115,0.32869747281074524,0.09909962117671967,0.02360258623957634,50.533912658691406,1,0.035684362053871155,0.25064507126808167,-0.20792032778263092,0.03667806088924408,0.0,0,1.3372663259506226,-0.32888534665107727,0.2091708481311798,0.022440142929553986,2.3328964710235596,0,0.4240901470184326,-0.22752179205417633,-0.0897584855556488,0.023317426443099976,91.570556640625,1,0.016150809824466705
226,4.5200000000000005,walk,0.5,0.0,-0.5,0.3585434854030609,0.1287728250026703,-0.05486001819372177,0.4506974220275879,0.42512089014053345,-0.0824245617891718,-4.244753821506416,2,0,0,0.4154549837112427,-0.17471495270729065,0.44929298758506775,-0.0793502926826477,-0.42512089014053345,0.0,0.3063682019710541,0.3189483880996704,0.09930050373077393,0.023562386631965637,66.86023712158203,1,0.022182000800967216,0.286358118057251,-0.21254873275756836,0.07179729640483856,0.0,0,2.0921883583068848,-0.31339791417121887,0.20439310371875763,0.04506339877843857,0.0,0,1.4247548580169678,-0.2349003255367279,-0.09503847360610962,0.02326531708240509,84.4194564819336,1,0.010496308095753193
227,4.54,walk,0.5,0.0,-0.5,0.36030083894729614,0.13702532649040222,-0.05807243287563324,0.44305315613746643,0.4011363685131073,-0.33636261747634205,-4.1177699326653014,2,0,0,0.4104906916618347,-0.16671378910541534,0.4427434504032135,-0.06856874376535416,-0.4011363685131073,0.0,0.3018651008605957,0.31038540601730347,0.10166017711162567,0.02355825901031494,58.06619644165039,1,0.025320885702967644,0.31718286871910095,-0.2249031513929367,0.10272376239299774,0.0,0,1.7100400924682617,-0.29129108786582947,0.21781331300735474,0.071329265832901,0.0,0,1.6288212537765503,-0.24150729179382324,-0.09700233489274979,0.023201793432235718,84.8780517578125,1,0.01622907631099224
228,4.5600000000000005,walk,0.5,0.0,-0.5,0.36217978596687317,0.14547325670719147,-0.061227235943078995,0.45855310559272766,0.43029895424842834,-0.2539161510570586,-3.932991544388477,2,0,0,0.42664095759391785,-0.1680726706981659,0.4596509337425232,-0.06245078146457672,-0.43029895424842834,0.0,0.30682507157325745,0.30199143290519714,0.10578689724206924,0.02353435754776001,52.577388763427734,1,0.0265575610101223,0.3336890935897827,-0.23773027956485748,0.12261338531970978,0.0,0,1.1381175518035889,-0.2773774564266205,0.23129494488239288,0.09067726880311966,0.0,0,1.1057840585708618,-0.24794542789459229,-0.09723498672246933,0.023150190711021423,81.95111846923828,1,0.02349778078496456
229,4.58,walk,0.5,0.0,-0.5,0.36400672793388367,0.15423128008842468,-0.06433374434709549,0.46994054317474365,0.45631733536720276,-0.046905670454614655,-3.693333013017423,2,0,0,0.43966472148895264,-0.16594894230365753,0.4714263677597046,-0.05342821404337883,-0.45631733536720276,0.0,0.31054985523223877,0.2935766577720642,0.11057651787996292,0.023514196276664734,51.731842041015625,1,0.025373047217726707,0.3413739502429962,-0.2495960295200348,0.136203795671463,0.0,0,0.9559301733970642,-0.2668234407901764,0.23770011961460114,0.10612962394952774,0.0,0,0.9365262985229492,-0.254258394241333,-0.09708753973245621,0.023097768425941467,77.01471710205078,1,0.03790806978940964
230,4.6000000000000005,walk,0.5,0.0,-0.5,0.36574462056159973,0.16313983500003815,-0.06739376485347748,0.47334498167037964,0.4940539002418518,0.12390775573388392,-3.474499514982327,2,0,0,0.4440813362598419,-0.16385124623775482,0.4753456711769104,-0.045985616743564606,-0.4940539002418518,0.0,0.3151971697807312,0.28483882546424866,0.11510441452264786,0.023492150008678436,58.97487258911133,1,0.026467079296708107,0.34861814975738525,-0.2584897577762604,0.14803093671798706,0.0,0,0.8740931749343872,-0.2569752335548401,0.24098296463489532,0.11899644136428833,0.0,0,0.9726979732513428,-0.26072636246681213,-0.09750611335039139,0.023042038083076477,73.81198120117188,1,0.04856368154287338
231,4.62,walk,0.5,0.0,-0.5,0.36754152178764343,0.17211033403873444,-0.0704345703125,0.4763720631599426,0.5189842581748962,0.13726513781098265,-3.346140410240512,2,0,0,0.447316437959671,-0.1638241410255432,0.4791177213191986,-0.04029940068721771,-0.5189842581748962,0.0,0.321646511554718,0.2754610478878021,0.11862828582525253,0.023461051285266876,62.660621643066406,1,0.030321141704916954,0.35726630687713623,-0.2640693783760071,0.1574588119983673,0.0,0,0.823725700378418,-0.24797293543815613,0.2421894669532776,0.12850730121135712,0.0,0,0.970633327960968,-0.2676946818828583,-0.09917955100536346,0.02298182249069214,69.94036865234375,1,0.04935616999864578
232,4.64,walk,0.5,0.0,-0.5,0.36936843395233154,0.18116548657417297,-0.07351000607013702,0.48206913471221924,0.5338179469108582,0.05368551365992501,-3.3028449083088587,2,0,0,0.45234206318855286,-0.1666652113199234,0.48511457443237305,-0.03647462651133537,-0.5338179469108582,0.0,0.32791435718536377,0.2654534578323364,0.12147929519414902,0.02342434972524643,62.23128890991211,1,0.03306305781006813,0.365659236907959,-0.2668691575527191,0.16413557529449463,0.0,0,0.754264771938324,-0.2399768829345703,0.24098265171051025,0.13478681445121765,0.0,0,0.9451934099197388,-0.27518877387046814,-0.10168804973363876,0.022920385003089905,68.14183807373047,1,0.0488676019012928
233,4.66,walk,0.5,0.0,-0.5,0.37109169363975525,0.19033299386501312,-0.07665827870368958,0.488847553730011,0.5411611795425415,-0.04557507756714477,-3.304839963876737,2,0,0,0.4580239951610565,-0.17083892226219177,0.491680383682251,-0.03350086510181427,-0.5411611795425415,0.0,0.33310553431510925,0.25501978397369385,0.12411727011203766,0.02338351309299469,62.13397979736328,1,0.03392115235328674,0.3728002607822418,-0.26796185970306396,0.16876737773418427,0.0,0,0.6877068281173706,-0.23280687630176544,0.23810382187366486,0.13886450231075287,0.0,0,0.9287789463996887,-0.2830265760421753,-0.1044878289103508,0.02285817265510559,66.29803466796875,1,0.04986801743507385
234,4.68,walk,0.5,0.0,-0.5,0.37259653210639954,0.19961456954479218,-0.07990587502717972,0.4958086311817169,0.5447226762771606,-0.1496214035867853,-3.333821096855336,2,0,0,0.46348586678504944,-0.17608818411827087,0.49809369444847107,-0.03146664798259735,-0.5447226762771606,0.0,0.33725157380104065,0.24426326155662537,0.1265934705734253,0.023339517414569855,63.29197692871094,1,0.034005533903837204,0.378535658121109,-0.26828691363334656,0.17192290723323822,0.0,0,0.6309753656387329,-0.22668203711509705,0.2348611056804657,0.14140383899211884,0.0,0,0.8951730132102966,-0.2911192774772644,-0.10746587067842484,0.022794663906097412,64.12704467773438,1,0.05097782984375954
235,4.7,walk,0.5,0.0,-0.5,0.37382978200912476,0.2090001404285431,-0.08328057825565338,0.5027449727058411,0.5472166538238525,-0.25978045542889633,-3.383052673505965,2,0,0,0.4683288335800171,-0.18281301856040955,0.5042802691459656,-0.030905529856681824,-0.5472166538238525,0.0,0.3404127359390259,0.2332274317741394,0.1289115995168686,0.023293115198612213,64.85554504394531,1,0.03386645019054413,0.38287800550460815,-0.268271803855896,0.17364859580993652,0.0,0,0.5773763060569763,-0.2219451367855072,0.2320583164691925,0.1425611823797226,0.0,0,0.8443042039871216,-0.29942822456359863,-0.11059573292732239,0.022730141878128052,62.030418395996094,1,0.051717355847358704
236,4.72,walk,0.5,0.0,-0.5,0.3747755289077759,0.21847161650657654,-0.08681459724903107,0.5093839764595032,0.549202024936676,-0.36907855659004196,-3.441078545599808,2,0,0,0.47210168838500977,-0.19129039347171783,0.5099935531616211,-0.032242752611637115,-0.549202024936676,0.0,0.34263789653778076,0.221989244222641,0.13114173710346222,0.02324467897415161,66.51180267333984,1,0.03359658271074295,0.38589441776275635,-0.26800090074539185,0.17380262911319733,0.0,0,0.5267935991287231,-0.21851104497909546,0.22986982762813568,0.14238101243972778,0.0,0,0.8018655180931091,-0.30787771940231323,-0.11380109935998917,0.0226646289229393,59.89786911010742,1,0.052326131612062454
237,4.74,walk,0.5,0.0,-0.5,0.3754332959651947,0.2280036211013794,-0.09054574370384216,0.5156149864196777,0.5510690808296204,-0.4708584604244283,-3.49393375104854,2,0,0,0.47448229789733887,-0.20180530846118927,0.5151058435440063,-0.03587065264582634,-0.5510690808296204,0.0,0.3440878093242645,0.2106463462114334,0.13336141407489777,0.023194998502731323,68.37080383300781,1,0.033294714987277985,0.38772156834602356,-0.2674275040626526,0.17226055264472961,0.0,0,0.4803382456302643,-0.2158946841955185,0.2281545251607895,0.14091187715530396,0.0,0,0.7836385369300842,-0.31637269258499146,-0.11700087785720825,0.0225980281829834,57.55754852294922,1,0.05280371755361557
238,4.76,walk,0.5,0.0,-0.5,0.37581107020378113,0.2375687211751938,-0.09451831877231598,0.5217003226280212,0.5533273220062256,-0.5612530792426381,-3.5319572007145896,2,0,0,0.4754815697669983,-0.21468229591846466,0.5198527574539185,-0.042097389698028564,-0.5533273220062256,0.0,0.3449475169181824,0.19926878809928894,0.13563990592956543,0.02314390242099762,70.49964141845703,1,0.03314454108476639,0.38844743371009827,-0.266452431678772,0.1688864529132843,0.0,0,0.4337843954563141,-0.21357564628124237,0.2266572266817093,0.13811102509498596,0.0,0,0.787154495716095,-0.32484543323516846,-0.12012697011232376,0.022530347108840942,55.059879302978516,1,0.053060706704854965
239,4.78,walk,0.5,0.0,-0.5,0.37592294812202454,0.24714185297489166,-0.09878101944923401,0.5280838012695312,0.5562519431114197,-0.6363914566934195,-3.5524422186959272,2,0,0,0.47531846165657043,-0.23009753227233887,0.5246241688728333,-0.051004163920879364,-0.5562519431114197,0.0,0.3453783392906189,0.18787823617458344,0.1380506008863449,0.023091137409210205,72.7858657836914,1,0.033279333263635635,0.3879762589931488,-0.2649485468864441,0.16342079639434814,0.0,0,0.37840238213539124,-0.2112327367067337,0.22507305443286896,0.13386502861976624,0.0,0,0.8026190400123596,-0.33327534794807434,-0.12311107665300369,0.022461533546447754,52.51352310180664,1,0.053086478263139725
240,4.8,walk,0.5,0.0,-0.5,0.3757854700088501,0.2567015290260315,-0.1033845916390419,0.5351471304893494,0.5594662427902222,-0.6927067399261448,-3.5555213533511334,2,0,0,0.47415539622306824,-0.24811102449893951,0.5297027230262756,-0.06257303059101105,-0.5594662427902222,0.0,0.3455263078212738,0.17647463083267212,0.14066360890865326,0.023036278784275055,75.02838897705078,1,0.033707987517118454,0.3859653174877167,-0.26278162002563477,0.1554017812013626,0.0,0,0.30288806557655334,-0.20880882441997528,0.2231094092130661,0.12793570756912231,0.0,0,0.8208229541778564,-0.3416661024093628,-0.1258852332830429,0.022391460835933685,49.97929763793945,1,0.05297934263944626
241,4.82,walk,0.5,0.0,-0.5,0.3754240870475769,0.2662285268306732,-0.10837921500205994,0.5432134866714478,0.5610712170600891,-0.7281092645807605,-3.5384373426896394,2,0,0,0.47216030955314636,-0.26859915256500244,0.5353240966796875,-0.07661622762680054,-0.5610712170600891,0.0,0.34564515948295593,0.1650741696357727,0.14353102445602417,0.022979244589805603,76.97608947753906,1,0.034363169223070145,0.3815616965293884,-0.2598447799682617,0.14381143450737,0.0,0,0.17824852466583252,-0.20651988685131073,0.22045651078224182,0.119757741689682,0.0,0,0.8346288800239563,-0.350011944770813,-0.12838038802146912,0.022320203483104706,47.437713623046875,1,0.05290277302265167
242,4.84,walk,0.5,0.0,-0.5,0.374886155128479,0.275709331035614,-0.11381383240222931,0.552895188331604,0.5599212050437927,-0.7352590318987359,-3.493232589441556,2,0,0,0.46978527307510376,-0.29153886437416077,0.5420587062835693,-0.09293801337480545,-0.5599212050437927,0.0,0.3463098406791687,0.15372560918331146,0.14672714471817017,0.022920474410057068,78.44432830810547,1,0.0353715717792511,0.3726496696472168,-0.2559072971343994,0.1264522671699524,0.0,0,0.08629527688026428,-0.20509731769561768,0.21664300560951233,0.10802987217903137,0.0,0,0.8320004940032959,-0.3582896590232849,-0.13048385083675385,0.022247031331062317,44.80105209350586,1,0.05306592956185341
243,4.86,walk,0.5,0.0,-0.5,0.3742412030696869,0.28513628244400024,-0.1197383925318718,0.5650281310081482,0.5642780065536499,-0.6624688521402637,-3.4095640527693694,2,0,0,0.4673558175563812,-0.3175457715988159,0.5505458116531372,-0.11189762502908707,-0.5642780065536499,0.0,0.3498974144458771,0.14247265458106995,0.15061159431934357,0.02286040037870407,78.4877700805664,1,0.03771660476922989,0.35435643792152405,-0.24979791045188904,0.09904138743877411,0.0,0,0.6279962658882141,-0.20633944869041443,0.21053268015384674,0.09012027829885483,0.0,0,0.8270943760871887,-0.36646318435668945,-0.13183823227882385,0.022171512246131897,41.12056350708008,1,0.05358687415719032
244,4.88,walk,0.5,0.0,-0.5,0.3733948767185211,0.294487327337265,-0.12621872127056122,0.5806251764297485,0.6075298190116882,-0.468665596174884,-3.2506989753167503,2,0,0,0.46371155977249146,-0.3494240641593933,0.5600476264953613,-0.13635890185832977,-0.6075298190116882,0.0,0.35620489716529846,0.13144758343696594,0.15557576715946198,0.02279602736234665,70.55581665039062,1,0.04164702817797661,0.3183130919933319,-0.23545648157596588,0.05951044708490372,0.0,0,1.6726126670837402,-0.2143184244632721,0.19846928119659424,0.06103138625621796,0.0,0,1.049736499786377,-0.37429773807525635,-0.13225969672203064,0.022095106542110443,31.837182998657227,1,0.05224471166729927
245,4.9,walk,0.5,0.0,-0.5,0.3704465329647064,0.30329665541648865,-0.1329677402973175,0.5413628816604614,0.7236542701721191,-0.2738144664608627,-2.7011773863038435,2,0,0,0.4187297821044922,-0.34313133358955383,0.5094823241233826,-0.14257025718688965,-0.7236542701721191,0.0,0.3301243782043457,0.17026656866073608,0.16849946975708008,0.02845665067434311,0.0,0,3.4337053298950195,0.2739420235157013,-0.1976027488708496,0.023232288658618927,101.5396728515625,1,0.8125401139259338,-0.23326082527637482,0.1783016175031662,0.022656142711639404,110.9019546508789,1,0.07294610887765884,-0.3640132546424866,-0.13356398046016693,0.023024119436740875,0.0,0,0.9661707282066345
246,4.92,walk,0.5,0.0,-0.5,0.36655154824256897,0.31115320324897766,-0.1389629989862442,0.4778287708759308,0.534487783908844,-0.7649497041382226,-2.3573614582978575,2,0,0,0.3748524487018585,-0.29632070660591125,0.45818841457366943,-0.11329998075962067,-0.534487783908844,0.0,0.2751535475254059,0.2469591349363327,0.15348580479621887,0.04525584727525711,0.0,0,4.473601818084717,0.2681904733181,-0.1952970325946808,0.023273229598999023,102.89736938476562,1,0.03679940849542618,-0.2422582507133484,0.17498670518398285,0.022962182760238647,86.09449005126953,1,0.03290683776140213,-0.3171757161617279,-0.13320167362689972,0.037762247025966644,0.0,0,2.632232189178467
247,4.94,walk,0.5,0.0,-0.5,0.364485502243042,0.3186931014060974,-0.1446560025215149,0.47929155826568604,0.49046555161476135,-0.01830818199798034,-2.0535512289211053,2,0,0,0.37632229924201965,-0.29681965708732605,0.4637300968170166,-0.10656160861253738,-0.49046555161476135,0.0,0.2774290442466736,0.3249976336956024,0.13508807122707367,0.07378265261650085,0.0,0,4.139843463897705,0.26239633560180664,-0.18640121817588806,0.023326873779296875,81.8529052734375,1,0.014339336194097996,-0.2507084012031555,0.1790911704301834,0.0229170098900795,86.2898178100586,1,0.04286080226302147,-0.2696245312690735,-0.11960800737142563,0.048741407692432404,0.0,0,2.4839608669281006
248,4.96,walk,0.5,0.0,-0.5,0.3632943332195282,0.32649701833724976,-0.1504509299993515,0.5064964294433594,0.5475590825080872,1.0585929834919992,-1.9560500650757617,2,0,0,0.4014630913734436,-0.3088139295578003,0.4939830005168915,-0.10053370147943497,-0.5475590825080872,0.0,0.31591522693634033,0.3824363350868225,0.12634219229221344,0.08843079209327698,0.0,0,2.9598615169525146,0.25525662302970886,-0.1756875216960907,0.023328907787799835,79.1556625366211,1,0.015317710116505623,-0.2606627941131592,0.18481837213039398,0.02286010980606079,84.96018981933594,1,0.052961062639951706,-0.229065403342247,-0.10240952670574188,0.05589020252227783,0.0,0,2.2890625
249,4.98,walk,0.5,0.0,-0.5,0.36260882019996643,0.3351377248764038,-0.1566063016653061,0.5533122420310974,0.6512159109115601,1.7792818878697756,-2.236306387099725,2,0,0,0.4439753592014313,-0.3302125036716461,0.5438726544380188,-0.09492254257202148,-0.6512159109115601,0.0,0.3401682376861572,0.4066748023033142,0.12294699996709824,0.09454318881034851,0.0,0,1.383155107498169,0.2454538643360138,-0.16678263247013092,0.02328101545572281,81.86870574951172,1,0.010787676088511944,-0.2740652561187744,0.18758028745651245,0.022794730961322784,87.00270080566406,1,0.049792125821113586,-0.20312821865081787,-0.08856960386037827,0.05994369089603424,0.0,0,1.6114866733551025
250,5.0,walk,0.5,0.0,-0.5,0.36276260018348694,0.3446049392223358,-0.16308648884296417,0.5898319482803345,0.6210524439811707,1.8350167651056086,-2.957979265604806,2,0,0,0.4808579087257385,-0.3415808081626892,0.5853817462921143,-0.08254284411668777,-0.6210524439811707,0.0,0.3327632546424866,0.39554405212402344,0.11704321205615997,0.08534947037696838,0.0,0,0.7476351857185364,0.23240052163600922,-0.16195069253444672,0.023228749632835388,85.90432739257812,1,0.01120816171169281,-0.2909744083881378,0.18583931028842926,0.02271924912929535,81.901611328125,1,0.06699862331151962,-0.20027880370616913,-0.07899260520935059,0.05203703045845032,0.0,0,0.7998285889625549
251,5.0200000000000005,walk,0.5,0.0,-0.5,0.36404383182525635,0.3544502556324005,-0.1695534586906433,0.5979117155075073,0.446487158536911,1.171775728063163,-3.920451317072333,2,0,0,0.49739784002304077,-0.3318038582801819,0.6001259088516235,-0.06044613569974899,-0.446487158536911,0.0,0.3201213479042053,0.3516404628753662,0.09960272908210754,0.049647241830825806,0.0,0,2.0986671447753906,0.21727891266345978,-0.1623568832874298,0.023197144269943237,88.79843139648438,1,0.03315573185682297,-0.30917054414749146,0.1800680160522461,0.022640950977802277,73.94666290283203,1,0.0931844487786293,-0.21697762608528137,-0.07241841405630112,0.027934201061725616,0.0,0,0.6147381663322449
252,5.04,walk,0.5,0.0,-0.5,0.36627066135406494,0.36371225118637085,-0.1756686121225357,0.5304343104362488,0.3281601071357727,0.11330279314995487,-4.14959306466886,4,0,0,0.4378819763660431,-0.2993658781051636,0.537006676197052,-0.05421924963593483,-0.3281601071357727,0.0,0.3302333652973175,0.31719911098480225,0.0861533060669899,0.023498110473155975,66.77017974853516,1,0.01683296449482441,0.21318568289279938,-0.1701158732175827,0.023191943764686584,37.853023529052734,1,0.5546159744262695,-0.3220028281211853,0.17262905836105347,0.0225413516163826,44.16398620605469,1,0.10398105531930923,-0.2278507500886917,-0.07894840836524963,0.023249924182891846,62.856842041015625,1,0.03713126480579376
253,5.0600000000000005,walk,0.5,0.0,-0.5,0.3682906925678253,0.37204504013061523,-0.18127574026584625,0.4836045503616333,0.35126736760139465,-0.6055329821884192,-3.9422443162797283,2,0,0,0.3982895612716675,-0.2742968797683716,0.4860476851463318,-0.04653329774737358,-0.35126736760139465,0.0,0.301114022731781,0.3081592619419098,0.08484688401222229,0.02349761128425598,70.18608093261719,1,0.01805243454873562,0.24904124438762665,-0.1875208020210266,0.053624629974365234,0.0,0,2.7464447021484375,-0.31107351183891296,0.18226271867752075,0.040706560015678406,0.0,0,1.6314646005630493,-0.23532190918922424,-0.08372211456298828,0.02320040762424469,80.43388366699219,1,0.034856412559747696
254,5.08,walk,0.5,0.0,-0.5,0.3698257505893707,0.3799753189086914,-0.18641725182533264,0.46993258595466614,0.3704492747783661,-1.1204810073963674,-3.7855162342636772,2,0,0,0.39135658740997314,-0.260147362947464,0.4726230204105377,-0.03343222662806511,-0.3704492747783661,0.0,0.2958402931690216,0.29932594299316406,0.08455287665128708,0.023488305509090424,65.54698944091797,1,0.02197682112455368,0.2919995188713074,-0.21494948863983154,0.08800166845321655,0.0,0,2.594573736190796,-0.2923967242240906,0.20542530715465546,0.07182498276233673,0.0,0,1.834209680557251,-0.2425260692834854,-0.0877441018819809,0.023167915642261505,82.96907806396484,1,0.03246905282139778
255,5.1000000000000005,walk,0.5,0.0,-0.5,0.37167757749557495,0.3880630135536194,-0.19168277084827423,0.4913797080516815,0.46228593587875366,-1.0608717053538448,-3.5768479787042637,2,0,0,0.4053761661052704,-0.2777123749256134,0.4950088858604431,-0.03723381459712982,-0.46228593587875366,0.0,0.30386611819267273,0.2905252277851105,0.08801152557134628,0.023464970290660858,53.73012924194336,1,0.0258023664355278,0.3177502751350403,-0.2343779355287552,0.11388154327869415,0.0,0,1.511877179145813,-0.2874402105808258,0.22752995789051056,0.09307283163070679,0.0,0,1.0202534198760986,-0.2495047003030777,-0.08870435506105423,0.023104965686798096,79.85775756835938,1,0.040761809796094894
256,5.12,walk,0.5,0.0,-0.5,0.37362390756607056,0.39645931124687195,-0.19710640609264374,0.5046727657318115,0.46265843510627747,-0.7149716625165055,-3.271795722115627,2,0,0,0.4172561764717102,-0.2838870584964752,0.5079397559165955,-0.03255470097064972,-0.46265843510627747,0.0,0.30743664503097534,0.2819138765335083,0.09327049553394318,0.023441925644874573,50.54882049560547,1,0.02385650761425495,0.32889217138290405,-0.24749690294265747,0.13112640380859375,0.0,0,1.0537500381469727,-0.2821134030818939,0.23762650787830353,0.10921931266784668,0.0,0,0.8467795848846436,-0.25612741708755493,-0.08823633939027786,0.023023709654808044,71.59107208251953,1,0.04628251492977142
257,5.14,walk,0.5,0.0,-0.5,0.3752901256084442,0.4049094319343567,-0.20258304476737976,0.5037245750427246,0.47665417194366455,-0.4983715296182975,-3.0422827964263925,2,0,0,0.41580840945243835,-0.2843269407749176,0.5061102509498596,-0.029321108013391495,-0.47665417194366455,0.0,0.31116756796836853,0.27276816964149475,0.09760776162147522,0.023415029048919678,60.393829345703125,1,0.02548511140048504,0.3376052677631378,-0.256856769323349,0.14504891633987427,0.0,0,0.9628278613090515,-0.27088385820388794,0.24298898875713348,0.12313271313905716,0.0,0,1.1856080293655396,-0.26322463154792786,-0.08869785815477371,0.022956721484661102,60.701690673828125,1,0.04425647482275963
258,5.16,walk,0.5,0.0,-0.5,0.3767637610435486,0.41326892375946045,-0.20807568728923798,0.5011711716651917,0.5109233260154724,-0.5798435201420905,-3.0169052285652103,2,0,0,0.4114035665988922,-0.286216139793396,0.5035353302955627,-0.028068944811820984,-0.5109233260154724,0.0,0.31839895248413086,0.2624223232269287,0.10009227693080902,0.023379333317279816,66.72103118896484,1,0.03043452650308609,0.3482186794281006,-0.26295801997184753,0.15616044402122498,0.0,0,0.9637711644172668,-0.25685086846351624,0.24502013623714447,0.13485835492610931,0.0,0,1.271175503730774,-0.2714347839355469,-0.09121926128864288,0.022896289825439453,61.08939743041992,1,0.04064970090985298
259,5.18,walk,0.5,0.0,-0.5,0.37819817662239075,0.4215824604034424,-0.21366050839424133,0.5042945742607117,0.5390711426734924,-0.7392679260547101,-3.105363221949457,2,0,0,0.4104277491569519,-0.2930223047733307,0.5066699981689453,-0.02880501002073288,-0.5390711426734924,0.0,0.32628902792930603,0.25132521986961365,0.10213065147399902,0.023339055478572845,64.97097778320312,1,0.03330729529261589,0.35870179533958435,-0.26587098836898804,0.16408950090408325,0.0,0,0.8807613849639893,-0.24438722431659698,0.24313189089298248,0.14280834794044495,0.0,0,1.1597156524658203,-0.28027576208114624,-0.09446258842945099,0.02283664047718048,64.14886474609375,1,0.040234848856925964
260,5.2,walk,0.5,0.0,-0.5,0.37949272990226746,0.42991387844085693,-0.21938374638557434,0.509512722492218,0.5513051152229309,-0.833920634211894,-3.202221921125996,2,0,0,0.4115859270095825,-0.30033352971076965,0.5113577842712402,-0.028815988451242447,-0.5513051152229309,0.0,0.3331109881401062,0.24004234373569489,0.10454539209604263,0.023295283317565918,63.541847229003906,1,0.033132657408714294,0.36760249733924866,-0.26697614789009094,0.16964930295944214,0.0,0,0.7942491769790649,-0.23450253903865814,0.2387862652540207,0.14742790162563324,0.0,0,1.0604350566864014,-0.2891952395439148,-0.09748366475105286,0.0227741077542305,63.84722137451172,1,0.04088534787297249
261,5.22,walk,0.5,0.0,-0.5,0.3804929852485657,0.4382740557193756,-0.2252507209777832,0.5145308971405029,0.5546449422836304,-0.9043672053114055,-3.2923676115654708,2,0,0,0.4127741754055023,-0.30717992782592773,0.5154837965965271,-0.02841982990503311,-0.5546449422836304,0.0,0.3389669358730316,0.22866813838481903,0.10701961815357208,0.023249313235282898,65.13692474365234,1,0.032404933124780655,0.3748636245727539,-0.26761651039123535,0.17358925938606262,0.0,0,0.7276930809020996,-0.22696056962013245,0.2343156933784485,0.14988118410110474,0.0,0,0.9745907187461853,-0.2981308102607727,-0.10047198832035065,0.022710174322128296,61.5466423034668,1,0.04076932743191719
262,5.24,walk,0.5,0.0,-0.5,0.3811485171318054,0.44664767384529114,-0.2312723845243454,0.5194131135940552,0.5570164918899536,-0.9892806506815329,-3.3910696080442673,2,0,0,0.4130763113498688,-0.31489357352256775,0.5193464756011963,-0.0291605107486248,-0.5570164918899536,0.0,0.34374240040779114,0.21712304651737213,0.10930496454238892,0.02320215106010437,67.42220306396484,1,0.032035525888204575,0.3804796040058136,-0.26809942722320557,0.17586684226989746,0.0,0,0.6586088538169861,-0.22165094316005707,0.23090516030788422,0.15060977637767792,0.0,0,0.8882521390914917,-0.3071731626987457,-0.10363445430994034,0.022646263241767883,59.468162536621094,1,0.0403461754322052
263,5.26,walk,0.5,0.0,-0.5,0.3814743757247925,0.4550107419490814,-0.2374708503484726,0.5240744948387146,0.5596775412559509,-1.08219971808915,-3.492404429004692,2,0,0,0.4119444787502289,-0.3239688277244568,0.5228840708732605,-0.03174864873290062,-0.5596775412559509,0.0,0.34721580147743225,0.205453023314476,0.11147024482488632,0.023153744637966156,69.40601348876953,1,0.03170604631304741,0.384394109249115,-0.2682730555534363,0.17616036534309387,0.0,0,0.5850354433059692,-0.21808397769927979,0.22850865125656128,0.14973348379135132,0.0,0,0.8297697305679321,-0.3162757158279419,-0.10690624266862869,0.02258170396089554,57.66419219970703,1,0.04015764594078064
264,5.28,walk,0.5,0.0,-0.5,0.3814934492111206,0.4633312225341797,-0.24387359619140625,0.5283891558647156,0.5631570219993591,-1.1718916278356417,-3.5788989564459714,2,0,0,0.40898439288139343,-0.33455467224121094,0.5259150266647339,-0.0365435890853405,-0.5631570219993591,0.0,0.34945958852767944,0.19377616047859192,0.11362535506486893,0.02310401201248169,71.51214599609375,1,0.03138451278209686,0.38671040534973145,-0.267995148897171,0.17432253062725067,0.0,0,0.5154054760932922,-0.21536210179328918,0.22669145464897156,0.14741790294647217,0.0,0,0.8133497834205627,-0.3253193497657776,-0.11018621921539307,0.022516325116157532,55.55930709838867,1,0.040150586515665054
265,5.3,walk,0.5,0.0,-0.5,0.3812240660190582,0.4715738594532013,-0.2505144774913788,0.5327793955802917,0.5684665441513062,-1.254555593091308,-3.6407597663153655,2,0,0,0.40424421429634094,-0.34704533219337463,0.5288147926330566,-0.04382716119289398,-0.5684665441513062,0.0,0.3507120907306671,0.18215835094451904,0.11584115028381348,0.023053698241710663,73.93529510498047,1,0.03133412450551987,0.38754114508628845,-0.2671866714954376,0.17028933763504028,0.0,0,0.4478987753391266,-0.21274548768997192,0.22504878044128418,0.1437361091375351,0.0,0,0.8253567814826965,-0.3342347741127014,-0.11341719329357147,0.022449880838394165,53.12269973754883,1,0.04016471281647682
266,5.32,walk,0.5,0.0,-0.5,0.38068291544914246,0.47970715165138245,-0.25743383169174194,0.5378512740135193,0.5760359764099121,-1.3254627750729722,-3.6788175803706764,2,0,0,0.3980308175086975,-0.36173948645591736,0.5321285724639893,-0.05362430959939957,-0.5760359764099121,0.0,0.35119348764419556,0.17059093713760376,0.11819758266210556,0.023001573979854584,76.43508911132812,1,0.03170515596866608,0.3867831528186798,-0.26576492190361023,0.16384103894233704,0.0,0,0.37182706594467163,-0.20994675159454346,0.22323989868164062,0.13859233260154724,0.0,0,0.8459685444831848,-0.34302592277526855,-0.11653874814510345,0.022382155060768127,50.55189895629883,1,0.04016268625855446
267,5.34,walk,0.5,0.0,-0.5,0.37989088892936707,0.48770251870155334,-0.2646751403808594,0.5439126491546631,0.5850890278816223,-1.3794033402695016,-3.6969325227100196,2,0,0,0.39040470123291016,-0.3787151277065277,0.5360747575759888,-0.06591164320707321,-0.5850890278816223,0.0,0.3511269688606262,0.159041166305542,0.12077383697032928,0.022947639226913452,78.86394500732422,1,0.0324954092502594,0.3840370178222656,-0.2636222541332245,0.1544491946697235,0.0,0,0.27334490418434143,-0.2070908546447754,0.22099527716636658,0.1316138505935669,0.0,0,0.8622660040855408,-0.3517220616340637,-0.1194852888584137,0.022313393652439117,47.93117141723633,1,0.04019349068403244
268,5.36,walk,0.5,0.0,-0.5,0.37888333201408386,0.4955326020717621,-0.27228063344955444,0.551218569278717,0.5930469036102295,-1.4159206265018573,-3.693899918718534,2,0,0,0.38154715299606323,-0.397823691368103,0.5408546328544617,-0.08042309433221817,-0.5930469036102295,0.0,0.35090747475624084,0.14750905334949493,0.1236061155796051,0.022891514003276825,80.96219635009766,1,0.03367277607321739,0.3782186210155487,-0.2606741786003113,0.14086587727069855,0.0,0,0.11644615978002548,-0.20460131764411926,0.21793898940086365,0.12203573435544968,0.0,0,0.8671515583992004,-0.36033007502555847,-0.12220750749111176,0.022243253886699677,45.299476623535156,1,0.04041434824466705
269,5.38,walk,0.5,0.0,-0.5,0.377715528011322,0.5031737685203552,-0.28029370307922363,0.5603405237197876,0.6010100841522217,-1.4162916978728595,-3.660259956395752,2,0,0,0.3716895580291748,-0.4193190038204193,0.5469558238983154,-0.09716151654720306,-0.6010100841522217,0.0,0.35148540139198303,0.13604167103767395,0.12683957815170288,0.022833943367004395,82.25570678710938,1,0.03554987162351608,0.366736501455307,-0.2565482258796692,0.12054194509983063,0.0,0,0.221579447388649,-0.20343081653118134,0.21341311931610107,0.1082841008901596,0.0,0,0.8538269400596619,-0.368816077709198,-0.12454142421483994,0.022171176970005035,42.34770202636719,1,0.041089706122875214
270,5.4,walk,0.5,0.0,-0.5,0.3764316439628601,0.5105997920036316,-0.2887555658817291,0.57159423828125,0.6226096153259277,-1.2934844697092072,-3.5834890570116316,2,0,0,0.36038732528686523,-0.44366756081581116,0.5543031096458435,-0.11659650504589081,-0.6226096153259277,0.0,0.35646310448646545,0.1246771514415741,0.1310715526342392,0.022774390876293182,80.3946533203125,1,0.03919120505452156,0.34338080883026123,-0.24944311380386353,0.08850270509719849,0.0,0,0.9215984344482422,-0.2058628350496292,0.2059665024280548,0.08710817992687225,0.0,0,0.8586447238922119,-0.3771189749240875,-0.12596015632152557,0.02209629863500595,37.289283752441406,1,0.04228853061795235
271,5.42,walk,0.5,0.0,-0.5,0.3746945858001709,0.5177273750305176,-0.29773086309432983,0.5799490809440613,0.713043749332428,-1.0857119294264175,-3.3865983954588477,2,0,0,0.34069862961769104,-0.46932440996170044,0.555105984210968,-0.14214611053466797,-0.713043749332428,0.0,0.3547503650188446,0.11376526951789856,0.1362675428390503,0.02273835986852646,67.73118591308594,1,0.030429178848862648,0.30228930711746216,-0.2292039692401886,0.04925520718097687,0.0,0,2.0749926567077637,-0.2169080525636673,0.1900484263896942,0.05253594368696213,0.0,0,1.244170069694519,-0.3846994638442993,-0.12686596810817719,0.022021889686584473,22.25590705871582,1,0.04219390079379082
272,5.44,walk,0.5,0.0,-0.5,0.3705666959285736,0.5240579843521118,-0.3064827620983124,0.5041717886924744,0.807521641254425,-0.7912848858653819,-2.840008878590581,2,0,0,0.28312283754348755,-0.41716980934143066,0.4743715524673462,-0.13291671872138977,-0.807521641254425,0.0,0.30791333317756653,0.16389761865139008,0.15133218467235565,0.03273594379425049,0.0,0,4.016026020050049,0.26760441064834595,-0.19679102301597595,0.02274211496114731,145.1781768798828,1,0.02861066162586212,-0.23263271152973175,0.17215383052825928,0.02314601093530655,96.57764434814453,1,0.040575798600912094,-0.36409759521484375,-0.1308775693178177,0.02668572962284088,0.0,0,1.359763741493225
273,5.46,walk,0.5,0.0,-0.5,0.3667503595352173,0.5297775268554688,-0.31432151794433594,0.48367059230804443,0.5337183475494385,-0.43179855623225594,-2.7051098677184786,2,0,0,0.2767961621284485,-0.3966372609138489,0.4625003933906555,-0.11371858417987823,-0.5337183475494385,0.0,0.26167628169059753,0.24911582469940186,0.14961488544940948,0.05192020535469055,0.0,0,4.787843704223633,0.2607479691505432,-0.18941786885261536,0.023308612406253815,84.235107421875,1,0.02215842716395855,-0.2427005022764206,0.17383317649364471,0.022990278899669647,87.38807678222656,1,0.025639733299613,-0.3194344639778137,-0.1297328770160675,0.04035700857639313,0.0,0,2.3851137161254883
274,5.48,walk,0.5,0.0,-0.5,0.36458727717399597,0.5354093909263611,-0.32196664810180664,0.48244696855545044,0.4420469105243683,0.444229073634856,-2.605402125884398,2,0,0,0.2801506519317627,-0.3927730619907379,0.46659615635871887,-0.1024022325873375,-0.4420469105243683,0.0,0.27400076389312744,0.3306085765361786,0.13805519044399261,0.0777769535779953,0.0,0,4.2478814125061035,0.25362008810043335,-0.18001648783683777,0.023313358426094055,81.27291870117188,1,0.014309745281934738,-0.25225239992141724,0.17882966995239258,0.022951751947402954,88.6855697631836,1,0.03112347051501274,-0.27397647500038147,-0.11865243315696716,0.04854385554790497,0.0,0,2.531414270401001
275,5.5,walk,0.5,0.0,-0.5,0.36338791251182556,0.5413245558738708,-0.3297831416130066,0.5100377202033997,0.49085018038749695,1.3946457611760312,-2.584616793022991,2,0,0,0.302095890045166,-0.4109458923339844,0.49774789810180664,-0.09605776518583298,-0.49085018038749695,0.0,0.3147086501121521,0.3878846764564514,0.13033390045166016,0.09472388029098511,0.0,0,2.844531774520874,0.24576446413993835,-0.1704106330871582,0.023307964205741882,79.97372436523438,1,0.014445122331380844,-0.2625124752521515,0.18398237228393555,0.02289728820323944,88.97282409667969,1,0.0370817594230175,-0.23170049488544464,-0.10284272581338882,0.053992584347724915,0.0,0,2.4197487831115723
276,5.5200000000000005,walk,0.5,0.0,-0.5,0.36282065510749817,0.5479026436805725,-0.3381936252117157,0.555981457233429,0.5865802764892578,1.9785623685801237,-2.902586858322826,2,0,0,0.3343617618083954,-0.4442044794559479,0.5467703342437744,-0.09348979592323303,-0.5865802764892578,0.0,0.3385235667228699,0.40964168310165405,0.12713837623596191,0.10091479122638702,0.0,0,1.2465330362319946,0.2354642152786255,-0.16267748177051544,0.02325298637151718,82.46096801757812,1,0.009606885723769665,-0.2759239077568054,0.1862250417470932,0.022827506065368652,88.78018188476562,1,0.04040593281388283,-0.20369209349155426,-0.08895626664161682,0.05784755200147629,0.0,0,1.719612956047058
277,5.54,walk,0.5,0.0,-0.5,0.363164484500885,0.5551475286483765,-0.34714534878730774,0.5911402106285095,0.5575380921363831,1.9631033026108577,-3.6528381020888867,2,0,0,0.3648223280906677,-0.4651359021663666,0.5874364376068115,-0.08278548717498779,-0.5575380921363831,0.0,0.33023691177368164,0.395886093378067,0.12093017995357513,0.0905495285987854,0.0,0,0.7794826030731201,0.2219763845205307,-0.15861420333385468,0.023195669054985046,86.69971466064453,1,0.010885277763009071,-0.2927519381046295,0.18443414568901062,0.022751420736312866,84.00535583496094,1,0.04528900980949402,-0.19975198805332184,-0.0784936472773552,0.0501471683382988,0.0,0,0.871975839138031
278,5.5600000000000005,walk,0.5,0.0,-0.5,0.36465469002723694,0.5627281069755554,-0.35615113377571106,0.5967442989349365,0.3934653699398041,1.1997161109669812,-4.611455152100176,2,0,0,0.3818700611591339,-0.4585619270801544,0.600243866443634,-0.060914769768714905,-0.3934653699398041,0.0,0.3181259036064148,0.34981369972229004,0.10245880484580994,0.053217578679323196,0.0,0,2.1796936988830566,0.2066829800605774,-0.15992768108844757,0.023164600133895874,88.43635559082031,1,0.032709844410419464,-0.3106937110424042,0.17845071852207184,0.02267231047153473,76.43485260009766,1,0.04970860481262207,-0.21552154421806335,-0.07173503935337067,0.02571423351764679,0.0,0,0.6328607201576233
279,5.58,walk,0.5,0.0,-0.5,0.36695656180381775,0.5699422955513,-0.364716112613678,0.5387958288192749,0.37411877512931824,0.31450785308172596,-4.590573129373332,4,0,0,0.3380538821220398,-0.41954803466796875,0.5434909462928772,-0.05834326148033142,-0.37411877512931824,0.0,0.324754536151886,0.3088569939136505,0.08677413314580917,0.02368617057800293,51.58815383911133,1,0.05064768344163895,0.20554743707180023,-0.1678784191608429,0.023164235055446625,34.28748321533203,1,0.7248615026473999,-0.3221626281738281,0.17209935188293457,0.022570058703422546,47.40552520751953,1,0.06673932820558548,-0.22515234351158142,-0.0772799402475357,0.02330441027879715,61.88877868652344,1,0.044585034251213074
280,5.6000000000000005,walk,0.5,0.0,-0.5,0.3686302602291107,0.576474666595459,-0.37257513403892517,0.49133336544036865,0.3263285458087921,-0.4737726033224966,-4.065601374671567,2,0,0,0.3105637729167938,-0.38073429465293884,0.49240708351135254,-0.045832931995391846,-0.3263285458087921,0.0,0.29691454768180847,0.30157485604286194,0.08501321077346802,0.02346927672624588,77.33464050292969,1,0.011994208209216595,0.24687440693378448,-0.18924033641815186,0.05329713970422745,0.0,0,2.9837591648101807,-0.3104323744773865,0.1824551224708557,0.0399332270026207,0.0,0,1.6867989301681519,-0.23091694712638855,-0.08238841593265533,0.02322538197040558,72.55270385742188,1,0.0367436483502388
281,5.62,walk,0.5,0.0,-0.5,0.3699755370616913,0.5826617479324341,-0.3799062967300415,0.4767240583896637,0.3941758871078491,-1.0825782599795568,-3.8304507681527213,2,0,0,0.30158331990242004,-0.36920633912086487,0.4786350727081299,-0.039693787693977356,-0.3941758871078491,0.0,0.2942763864994049,0.2930762767791748,0.08425000309944153,0.023476123809814453,73.58995056152344,1,0.020894654095172882,0.29268643260002136,-0.21791142225265503,0.08668532967567444,0.0,0,2.6669602394104004,-0.29230818152427673,0.2063330113887787,0.06967120617628098,0.0,0,1.85191810131073,-0.23776939511299133,-0.08688969910144806,0.023180849850177765,81.9650650024414,1,0.032563794404268265
282,5.64,walk,0.5,0.0,-0.5,0.37181705236434937,0.5888916850090027,-0.3874071538448334,0.4955024719238281,0.48546260595321655,-1.1005260761276463,-3.6490836324794955,2,0,0,0.3069535493850708,-0.3889758586883545,0.49882957339286804,-0.04443216323852539,-0.48546260595321655,0.0,0.30234888195991516,0.28401070833206177,0.08744600415229797,0.023455649614334106,58.487796783447266,1,0.027004478499293327,0.31940215826034546,-0.2361283302307129,0.11300307512283325,0.0,0,1.489119529724121,-0.28673315048217773,0.2275988906621933,0.0907435491681099,0.0,0,1.030205488204956,-0.24496471881866455,-0.08825427293777466,0.0231221541762352,79.99073028564453,1,0.03961825743317604
283,5.66,walk,0.5,0.0,-0.5,0.37385907769203186,0.5953124165534973,-0.395128458738327,0.5063151717185974,0.484436571598053,-0.7909738988147348,-3.3857800534189155,2,0,0,0.3136869966983795,-0.3974361717700958,0.5095009803771973,-0.04095567762851715,-0.484436571598053,0.0,0.30498701333999634,0.27510714530944824,0.09269548207521439,0.02342754602432251,52.49515914916992,1,0.0256374292075634,0.33029288053512573,-0.24803310632705688,0.13086935877799988,0.0,0,1.0181635618209839,-0.28046366572380066,0.2367301881313324,0.10712248831987381,0.0,0,0.8727463483810425,-0.2518533766269684,-0.08791953325271606,0.023053735494613647,72.68577575683594,1,0.04571204259991646
284,5.68,walk,0.5,0.0,-0.5,0.37565749883651733,0.6017431020736694,-0.4029037356376648,0.5047131180763245,0.4948599934577942,-0.5502287270354144,-3.164755131877303,2,0,0,0.3114963173866272,-0.3971213698387146,0.5069829225540161,-0.03788076341152191,-0.4948599934577942,0.0,0.3082362115383148,0.2658947706222534,0.09738466888666153,0.02339610457420349,60.10668182373047,1,0.02705606259405613,0.3383837044239044,-0.25697198510169983,0.1454162299633026,0.0,0,0.9467682838439941,-0.2686000466346741,0.2415735423564911,0.1215282678604126,0.0,0,1.195731520652771,-0.25899866223335266,-0.08812786638736725,0.022987298667430878,61.919010162353516,1,0.04444362595677376
285,5.7,walk,0.5,0.0,-0.5,0.3772275745868683,0.6080841422080994,-0.4106670022010803,0.5024073123931885,0.5281025171279907,-0.5980338080057155,-3.1283542790259546,2,0,0,0.3071560859680176,-0.39757800102233887,0.5045352578163147,-0.036138713359832764,-0.5281025171279907,0.0,0.3156314194202423,0.2555914521217346,0.10025769472122192,0.023359380662441254,66.05712890625,1,0.031914934515953064,0.3484608232975006,-0.26337218284606934,0.1574830412864685,0.0,0,0.9539724588394165,-0.2544880211353302,0.2437296360731125,0.13411763310432434,0.0,0,1.2634608745574951,-0.26714369654655457,-0.09032981097698212,0.022927477955818176,61.18321990966797,1,0.04078778997063637
286,5.72,walk,0.5,0.0,-0.5,0.37871795892715454,0.6143583655357361,-0.4185059070587158,0.5057634115219116,0.5566076040267944,-0.7314284163522694,-3.2061268683405393,2,0,0,0.3044288456439972,-0.4038808047771454,0.5078158378601074,-0.03666360676288605,-0.5566076040267944,0.0,0.3240635395050049,0.2445237636566162,0.10262426733970642,0.023316755890846252,64.30553436279297,1,0.03475121781229973,0.3585490584373474,-0.26688843965530396,0.16626441478729248,0.0,0,0.8718330264091492,-0.24262776970863342,0.24252790212631226,0.1428559124469757,0.0,0,1.1258482933044434,-0.2759283781051636,-0.0933040976524353,0.022868119180202484,63.71467208862305,1,0.04016862064599991
287,5.74,walk,0.5,0.0,-0.5,0.3800440728664398,0.6206076741218567,-0.4264831840991974,0.5109298229217529,0.5683656930923462,-0.8037549970208269,-3.291073931047988,2,0,0,0.30317455530166626,-0.41125959157943726,0.5123645067214966,-0.036760345101356506,-0.5683656930923462,0.0,0.3314211368560791,0.23327407240867615,0.10533934086561203,0.0232708677649498,62.62810134887695,1,0.034476615488529205,0.3671826124191284,-0.26853421330451965,0.1723267138004303,0.0,0,0.7881162166595459,-0.2335626184940338,0.23888780176639557,0.1479821503162384,0.0,0,1.022365927696228,-0.2847854495048523,-0.09608066082000732,0.022806286811828613,63.252079010009766,1,0.04078773781657219
288,5.76,walk,0.5,0.0,-0.5,0.3810555934906006,0.6268343925476074,-0.43460696935653687,0.5157337188720703,0.5708597302436829,-0.853004983165703,-3.36291087253042,2,0,0,0.30181559920310974,-0.4181968569755554,0.516167163848877,-0.036644041538238525,-0.5708597302436829,0.0,0.33774319291114807,0.22197386622428894,0.10810492932796478,0.023223310708999634,64.18392944335938,1,0.03354300931096077,0.3743639886379242,-0.2694997489452362,0.17645886540412903,0.0,0,0.727160632610321,-0.22654876112937927,0.2348833680152893,0.15070036053657532,0.0,0,0.9563276171684265,-0.2936179041862488,-0.09882684051990509,0.02274336665868759,60.831993103027344,1,0.04066690057516098
289,5.78,walk,0.5,0.0,-0.5,0.3817008137702942,0.6330183744430542,-0.4428853392601013,0.5205278992652893,0.573152482509613,-0.9213522849516405,-3.4376000583215673,2,0,0,0.2993297874927521,-0.4258532226085663,0.5198206305503845,-0.03776806592941284,-0.573152482509613,0.0,0.34297680854797363,0.21053937077522278,0.11065474897623062,0.0231744647026062,66.67505645751953,1,0.033039458096027374,0.3800992965698242,-0.27010446786880493,0.17871910333633423,0.0,0,0.6632768511772156,-0.22128956019878387,0.2316458523273468,0.15156470239162445,0.0,0,0.8927079439163208,-0.3025205135345459,-0.10177113115787506,0.022680029273033142,58.765132904052734,1,0.04018206149339676
290,5.8,walk,0.5,0.0,-0.5,0.38199591636657715,0.6391328573226929,-0.4513378143310547,0.5255105495452881,0.5766473412513733,-1.001647668669193,-3.511777406811787,2,0,0,0.29526612162590027,-0.43471741676330566,0.5235458016395569,-0.04077678918838501,-0.5766473412513733,0.0,0.34689098596572876,0.19899293780326843,0.1130659282207489,0.023124568164348602,68.85250091552734,1,0.03266049176454544,0.38425412774086,-0.2702675461769104,0.1788826286792755,0.0,0,0.592190682888031,-0.2174195647239685,0.22917374968528748,0.15077026188373566,0.0,0,0.8471511602401733,-0.3114664554595947,-0.10484790802001953,0.022616438567638397,57.1645622253418,1,0.03995046764612198
291,5.82,walk,0.5,0.0,-0.5,0.3819650113582611,0.6451449990272522,-0.4599876403808594,0.530627429485321,0.5813102722167969,-1.0790583646794731,-3.5692446974975702,2,0,0,0.28930553793907166,-0.44482335448265076,0.5272297263145447,-0.04593688249588013,-0.5813102722167969,0.0,0.349503755569458,0.18743550777435303,0.11547132581472397,0.023073703050613403,71.07022094726562,1,0.03233620524406433,0.38683539628982544,-0.2699286937713623,0.1768781542778015,0.0,0,0.5230054259300232,-0.2142695039510727,0.22714002430438995,0.14851322770118713,0.0,0,0.833017885684967,-0.32035139203071594,-0.10793744027614594,0.022551976144313812,55.346073150634766,1,0.039957888424396515
292,5.84,walk,0.5,0.0,-0.5,0.38163015246391296,0.6510162353515625,-0.46886274218559265,0.5362117290496826,0.5876451134681702,-1.1479321780008833,-3.600766447404002,2,0,0,0.2813510298728943,-0.45646971464157104,0.5311691164970398,-0.053480565547943115,-0.5876451134681702,0.0,0.3510074019432068,0.17592281103134155,0.11795133352279663,0.023021496832370758,73.55979919433594,1,0.03233841061592102,0.38789477944374084,-0.26905620098114014,0.17265301942825317,0.0,0,0.4547039866447449,-0.2112932950258255,0.2252662479877472,0.14484545588493347,0.0,0,0.8405879735946655,-0.32911691069602966,-0.11097236722707748,0.022486194968223572,53.15632629394531,1,0.04003288224339485
293,5.86,walk,0.5,0.0,-0.5,0.3810136616230011,0.6567083597183228,-0.47799599170684814,0.5427385568618774,0.5957260727882385,-1.2039739868625436,-3.606896969070912,2,0,0,0.2715061902999878,-0.4699462950229645,0.5357812643051147,-0.06345564126968384,-0.5957260727882385,0.0,0.3516327738761902,0.16444289684295654,0.12057866156101227,0.022967629134655,76.05857849121094,1,0.03279624134302139,0.3872951567173004,-0.26758867502212524,0.16592028737068176,0.0,0,0.37682610750198364,-0.2082814872264862,0.22328521311283112,0.13962748646736145,0.0,0,0.8556991219520569,-0.3377712666988373,-0.11389410495758057,0.022419340908527374,50.74046325683594,1,0.040126144886016846
294,5.88,walk,0.5,0.0,-0.5,0.38014158606529236,0.6621829271316528,-0.4874231517314911,0.5504209399223328,0.604671835899353,-1.2434730775544334,-3.5911153901067743,2,0,0,0.25970029830932617,-0.48530295491218567,0.5411882400512695,-0.07589863240718842,-0.604671835899353,0.0,0.351634681224823,0.15296390652656555,0.12341897189617157,0.022912196815013885,78.4826431274414,1,0.03371875360608101,0.3845924139022827,-0.2654094696044922,0.15605011582374573,0.0,0,0.2741823196411133,-0.20533104240894318,0.22092171013355255,0.1324562430381775,0.0,0,0.8693971633911133,-0.34634527564048767,-0.11664313822984695,0.022350870072841644,48.15238571166992,1,0.04027070105075836
295,5.9,walk,0.5,0.0,-0.5,0.379056841135025,0.6674021482467651,-0.49717938899993896,0.5595415234565735,0.6118500828742981,-1.2665512195428485,-3.5513707327698816,2,0,0,0.24614828824996948,-0.5024915337562561,0.5476369261741638,-0.09057022631168365,-0.6118500828742981,0.0,0.35145437717437744,0.14148961007595062,0.12650161981582642,0.022854097187519073,80.57835388183594,1,0.03512078523635864,0.3785598874092102,-0.2624191641807556,0.14161166548728943,0.0,0,0.1120181679725647,-0.20283791422843933,0.21774213016033173,0.12248969823122025,0.0,0,0.8737422227859497,-0.35484492778778076,-0.11916925013065338,0.02228090912103653,45.543373107910156,1,0.04065509885549545
296,5.92,walk,0.5,0.0,-0.5,0.37782469391822815,0.6723313331604004,-0.5073027610778809,0.5706911683082581,0.6192389726638794,-1.2503787189704334,-3.477779713331225,2,0,0,0.2309369444847107,-0.5218778848648071,0.55562424659729,-0.10754968225955963,-0.6192389726638794,0.0,0.35219746828079224,0.1300668716430664,0.12999822199344635,0.02279415726661682,81.78948211669922,1,0.03746780380606651,0.3663026690483093,-0.2581440508365631,0.11978559195995331,0.0,0,0.276544988155365,-0.20181551575660706,0.2129967212677002,0.10799006372690201,0.0,0,0.8615372776985168,-0.36323776841163635,-0.1212807148694992,0.022208288311958313,42.50200271606445,1,0.041546206921339035
297,5.94,walk,0.5,0.0,-0.5,0.3764835298061371,0.6769307255744934,-0.5178231596946716,0.5838587880134583,0.6423197984695435,-1.1006875460684935,-3.3594182979870166,2,0,0,0.2132844775915146,-0.5435078740119934,0.5646612644195557,-0.1273225098848343,-0.6423197984695435,0.0,0.3582698106765747,0.11871901899576187,0.1345565915107727,0.022731035947799683,78.9969253540039,1,0.041769251227378845,0.34089455008506775,-0.2504512071609497,0.08516687899827957,0.0,0,1.0557324886322021,-0.20484067499637604,0.20503437519073486,0.08540143072605133,0.0,0,0.8803266882896423,-0.3714676797389984,-0.12241145223379135,0.022132858633995056,36.789058685302734,1,0.042875055223703384
298,5.96,walk,0.5,0.0,-0.5,0.3745749890804291,0.6810703873634338,-0.5287677049636841,0.5906604528427124,0.751092255115509,-0.887069857960054,-3.0968472567149203,2,0,0,0.18460197746753693,-0.5610721111297607,0.5631517767906189,-0.15366652607917786,-0.751092255115509,0.0,0.3531811535358429,0.1079421415925026,0.13996849954128265,0.02269729971885681,65.78882598876953,1,0.037817832082509995,0.2989506721496582,-0.22673659026622772,0.04578284174203873,0.0,0,2.226797580718994,-0.21727581322193146,0.1874348372220993,0.04868036508560181,0.0,0,1.3578513860702515,-0.37881040573120117,-0.12322031706571579,0.022059105336666107,18.909015655517578,1,0.0426216684281826
299,5.98,walk,0.5,0.0,-0.5,0.3702601492404938,0.6844706535339355,-0.5391907691955566,0.5159401297569275,0.7693396806716919,-0.9301255562188161,-2.467951825913884,2,0,0,0.1419258564710617,-0.49603551626205444,0.48436349630355835,-0.14816130697727203,-0.7693396806716919,0.0,0.29760125279426575,0.16281992197036743,0.1505623757839203,0.03449857980012894,0.0,0,4.2106032371521,0.26825273036956787,-0.1987614929676056,0.023266464471817017,120.58708953857422,1,0.11378870904445648,-0.2328806072473526,0.1709401160478592,0.022996090352535248,72.75593566894531,1,0.03041328303515911,-0.3554275333881378,-0.12898467481136322,0.029170580208301544,0.0,0,1.4244805574417114
300,6.0,walk,0.5,0.0,-0.5,0.366690069437027,0.6874889731407166,-0.5486255288124084,0.4941691756248474,0.5664700269699097,-0.8843574190859127,-2.1868987196345566,2,0,0,0.14199800789356232,-0.4733283519744873,0.47195127606391907,-0.12835702300071716,-0.5664700269699097,0.0,0.2579314708709717,0.247240349650383,0.14377371966838837,0.049271516501903534,0.0,0,4.7434587478637695,0.2622859477996826,-0.19290155172348022,0.02331172674894333,88.6821060180664,1,0.019859738647937775,-0.24227333068847656,0.17087678611278534,0.02295883744955063,83.60957336425781,1,0.030532613396644592,-0.31189024448394775,-0.13030651211738586,0.043204136192798615,0.0,0,2.28403902053833
301,6.0200000000000005,walk,0.5,0.0,-0.5,0.36463427543640137,0.6905478835105896,-0.5578978657722473,0.4971616566181183,0.48868581652641296,0.08849502581615286,-2.0001440588100716,2,0,0,0.1474977284669876,-0.4747779965400696,0.4796295166015625,-0.11720742285251617,-0.48868581652641296,0.0,0.27054888010025024,0.32716602087020874,0.13176435232162476,0.0729643926024437,0.0,0,4.194055080413818,0.2555866539478302,-0.1824796348810196,0.02332298457622528,81.49175262451172,1,0.013986250385642052,-0.25166913866996765,0.1765148639678955,0.02291829138994217,87.77426147460938,1,0.03376894071698189,-0.26919156312942505,-0.11953608691692352,0.051422104239463806,0.0,0,2.3688416481018066
302,6.04,walk,0.5,0.0,-0.5,0.3634273111820221,0.6938718557357788,-0.567453145980835,0.5265114307403564,0.5354773998260498,1.1169430761280066,-1.9347018819380637,2,0,0,0.16601750254631042,-0.49965232610702515,0.5129098296165466,-0.10804112255573273,-0.5354773998260498,0.0,0.3095078766345978,0.38299986720085144,0.12552005052566528,0.08731444180011749,0.0,0,2.8097259998321533,0.2478918731212616,-0.17199008166790009,0.023314394056797028,79.69721221923828,1,0.011998284608125687,-0.2621060311794281,0.18212959170341492,0.022859133780002594,87.402587890625,1,0.03912227228283882,-0.23038379848003387,-0.1045796275138855,0.056166037917137146,0.0,0,2.256964921951294
303,6.0600000000000005,walk,0.5,0.0,-0.5,0.36279600858688354,0.6977075338363647,-0.5777744054794312,0.5726466178894043,0.6164699196815491,1.7143221998296057,-2.2277906353086,2,0,0,0.1900615096092224,-0.5401858687400818,0.5624514222145081,-0.1017855703830719,-0.6164699196815491,0.0,0.33103397488594055,0.4038212299346924,0.12290239334106445,0.0923377051949501,0.0,0,1.2341368198394775,0.23756366968154907,-0.16389216482639313,0.023285575211048126,82.2055435180664,1,0.019505731761455536,-0.27581167221069336,0.18443088233470917,0.022787556052207947,87.26497650146484,1,0.04242474213242531,-0.20525260269641876,-0.0914502888917923,0.05881812423467636,0.0,0,1.606498122215271
304,6.08,walk,0.5,0.0,-0.5,0.3630511462688446,0.7020432949066162,-0.5887727737426758,0.6062576770782471,0.568562388420105,1.6900196397107599,-2.939031893960368,2,0,0,0.21444858610630035,-0.5670627951622009,0.6013529896736145,-0.0882018506526947,-0.568562388420105,0.0,0.3229962885379791,0.39019036293029785,0.1163565069437027,0.08141785860061646,0.0,0,0.797958254814148,0.22409872710704803,-0.15972866117954254,0.023245908319950104,85.48539733886719,1,0.025351133197546005,-0.2927696406841278,0.1825987696647644,0.022708967328071594,82.36428833007812,1,0.046896737068891525,-0.20279480516910553,-0.08112586289644241,0.049949295818805695,0.0,0,0.8501553535461426
305,6.1000000000000005,walk,0.5,0.0,-0.5,0.3644075095653534,0.7066830396652222,-0.5998808145523071,0.6098456382751465,0.3968786597251892,0.9508974421452943,-3.831623426255848,2,0,0,0.23283074796199799,-0.5636501908302307,0.611434817314148,-0.06482729315757751,-0.3968786597251892,0.0,0.31553032994270325,0.34539297223091125,0.09792099893093109,0.04405460134148598,0.0,0,2.1162993907928467,0.20898722112178802,-0.16080522537231445,0.023197010159492493,88.28678131103516,1,0.029070844873785973,-0.3105911612510681,0.17678776383399963,0.02262815833091736,74.93180084228516,1,0.05094274505972862,-0.2180866152048111,-0.07408702373504639,0.025334753096103668,0.0,0,0.6540205478668213
306,6.12,walk,0.5,0.0,-0.5,0.36629751324653625,0.711072564125061,-0.6103466749191284,0.542395830154419,0.37109991908073425,-0.015864038157120286,-3.862509968569469,4,0,0,0.20080874860286713,-0.5038542747497559,0.5455316305160522,-0.05885934829711914,-0.37109991908073425,0.0,0.32282379269599915,0.3146766424179077,0.08600875735282898,0.023446977138519287,87.534912109375,1,0.048094626516103745,0.21125376224517822,-0.17181706428527832,0.023214086890220642,19.403730392456055,1,1.0991655588150024,-0.3224644958972931,0.16991707682609558,0.02252650260925293,35.7038688659668,1,0.06442821770906448,-0.22809363901615143,-0.08017107099294662,0.02326013147830963,64.27320861816406,1,0.03868207335472107
307,6.140000000000001,walk,0.5,0.0,-0.5,0.3677902817726135,0.7149214148521423,-0.6198538541793823,0.49387261271476746,0.3450815677642822,-0.7290173595752549,-3.5703023096018645,2,0,0,0.17941701412200928,-0.46013009548187256,0.49402230978012085,-0.05287788808345795,-0.3450815677642822,0.0,0.2914350926876068,0.305899441242218,0.0849139392375946,0.02347588539123535,77.99878692626953,1,0.012312049977481365,0.2537251114845276,-0.19135168194770813,0.055342838168144226,0.0,0,2.9253451824188232,-0.307470440864563,0.1807066649198532,0.04475121945142746,0.0,0,1.796373724937439,-0.23521825671195984,-0.08488426357507706,0.023186884820461273,80.96696472167969,1,0.03424976021051407
308,6.16,walk,0.5,0.0,-0.5,0.3692648112773895,0.7185826897621155,-0.6287990808486938,0.4817274510860443,0.3850235044956207,-1.1983121869274262,-3.4401671422324345,2,0,0,0.17607274651527405,-0.44839683175086975,0.48341238498687744,-0.045929908752441406,-0.3850235044956207,0.0,0.29076653718948364,0.2967207729816437,0.08509565889835358,0.02349133789539337,72.8052749633789,1,0.023533310741186142,0.29592618346214294,-0.21691738069057465,0.08745817095041275,0.0,0,2.4670138359069824,-0.29191017150878906,0.20653292536735535,0.07352782040834427,0.0,0,1.7904367446899414,-0.24275606870651245,-0.08845313638448715,0.02315310388803482,83.05894470214844,1,0.0329996757209301
309,6.18,walk,0.5,0.0,-0.5,0.3712325990200043,0.7222837209701538,-0.6379187703132629,0.5002583265304565,0.45988425612449646,-1.2052593430869756,-3.2953135575318617,2,0,0,0.17737619578838348,-0.4677564203739166,0.5030038952827454,-0.04864230751991272,-0.45988425612449646,0.0,0.29895058274269104,0.2873898148536682,0.08833461254835129,0.023468956351280212,56.6693115234375,1,0.028478125110268593,0.31976160407066345,-0.2346513867378235,0.11172187328338623,0.0,0,1.4397426843643188,-0.28665077686309814,0.22698341310024261,0.09469325840473175,0.0,0,0.9986385107040405,-0.2502584457397461,-0.08964081853628159,0.02308877557516098,80.0284194946289,1,0.04085879772901535
310,6.2,walk,0.5,0.0,-0.5,0.3733290731906891,0.7261011600494385,-0.6473103165626526,0.511515200138092,0.46367934346199036,-0.8919010962199273,-3.035176198038406,2,0,0,0.1808502972126007,-0.47847774624824524,0.5138675570487976,-0.04617774486541748,-0.46367934346199036,0.0,0.30278608202934265,0.2784120738506317,0.09358379989862442,0.023441344499588013,52.241661071777344,1,0.026679793372750282,0.33031558990478516,-0.2469756156206131,0.12884700298309326,0.0,0,1.0556845664978027,-0.2800804376602173,0.2363581359386444,0.11122560501098633,0.0,0,0.9072422385215759,-0.2572549879550934,-0.08915460854768753,0.023006513714790344,71.51261901855469,1,0.04668910801410675
311,6.22,walk,0.5,0.0,-0.5,0.3751523494720459,0.7299026250839233,-0.6567718982696533,0.5107291340827942,0.4800151586532593,-0.6915119904299215,-2.8327663167494284,2,0,0,0.17828917503356934,-0.4785992503166199,0.5122349858283997,-0.04416903853416443,-0.4800151586532593,0.0,0.3078775405883789,0.2690154016017914,0.09805038571357727,0.02340899407863617,61.01792526245117,1,0.028534742072224617,0.3392626941204071,-0.2564599812030792,0.1433216631412506,0.0,0,1.0047751665115356,-0.2680107355117798,0.2414732128381729,0.12558382749557495,0.0,0,1.2168161869049072,-0.26460835337638855,-0.08948442339897156,0.022938154637813568,60.56752014160156,1,0.04474012181162834
312,6.24,walk,0.5,0.0,-0.5,0.37676742672920227,0.7336058616638184,-0.6662296056747437,0.5100400447845459,0.5161229968070984,-0.7648317232924812,-2.822602568377626,2,0,0,0.17302563786506653,-0.4797947406768799,0.5113886594772339,-0.04420235753059387,-0.5161229968070984,0.0,0.3165205419063568,0.2584580183029175,0.10084608942270279,0.02337053418159485,66.37910461425781,1,0.03337021917104721,0.3499852418899536,-0.26304247975349426,0.15516556799411774,0.0,0,0.9903208017349243,-0.25411978363990784,0.24342064559459686,0.13740274310112,0.0,0,1.2598477602005005,-0.27303093671798706,-0.09170979261398315,0.022876255214214325,60.300331115722656,1,0.041317302733659744
313,6.26,walk,0.5,0.0,-0.5,0.3783033788204193,0.7372094392776489,-0.6757697463035583,0.5143470168113708,0.5431031584739685,-0.8984128811807411,-2.9230443421040717,2,0,0,0.16786450147628784,-0.48618343472480774,0.5155117511749268,-0.0459216833114624,-0.5431031584739685,0.0,0.3255099058151245,0.24713706970214844,0.10332003235816956,0.02332618087530136,64.4955825805664,1,0.03587938845157623,0.3603494465351105,-0.26647257804870605,0.16368336975574493,0.0,0,0.8971142768859863,-0.24229899048805237,0.24157583713531494,0.1451561152935028,0.0,0,1.1400924921035767,-0.28209665417671204,-0.09453017264604568,0.022814184427261353,62.68347930908203,1,0.04086986556649208
314,6.28,walk,0.5,0.0,-0.5,0.37965402007102966,0.7407351136207581,-0.6854502558708191,0.5199002623558044,0.5539681315422058,-0.9709820402865399,-3.032377528025993,2,0,0,0.16389572620391846,-0.4933907985687256,0.5204067230224609,-0.046902865171432495,-0.5539681315422058,0.0,0.3332480788230896,0.2356119155883789,0.10615772008895874,0.023278862237930298,63.16510009765625,1,0.03547748923301697,0.3691399097442627,-0.2679719924926758,0.16959527134895325,0.0,0,0.8113892078399658,-0.2329629510641098,0.2373105138540268,0.14949363470077515,0.0,0,1.0539569854736328,-0.29126110672950745,-0.09712963551282883,0.022750049829483032,62.148075103759766,1,0.04133910685777664
315,6.3,walk,0.5,0.0,-0.5,0.3806704580783844,0.7441831231117249,-0.6952746510505676,0.525079607963562,0.5575714707374573,-1.0267597129263912,-3.1321821731689234,2,0,0,0.15991166234016418,-0.5001368522644043,0.5245763063430786,-0.04771175980567932,-0.5575714707374573,0.0,0.33990007638931274,0.22400395572185516,0.1090274453163147,0.023229971528053284,64.742919921875,1,0.034576401114463806,0.3764042556285858,-0.2687864899635315,0.17363327741622925,0.0,0,0.746804416179657,-0.2256477326154709,0.2328629195690155,0.15161681175231934,0.0,0,0.9840906858444214,-0.30043190717697144,-0.09972204267978668,0.0226847305893898,59.910213470458984,1,0.041102636605501175
316,6.32,walk,0.5,0.0,-0.5,0.38130319118499756,0.7475317716598511,-0.7052454948425293,0.53035569190979,0.561331570148468,-1.100217543676232,-3.232918498803326,2,0,0,0.15457898378372192,-0.5073288083076477,0.5286398530006409,-0.04984331130981445,-0.561331570148468,0.0,0.34537699818611145,0.21225985884666443,0.11171625554561615,0.023180007934570312,67.01982879638672,1,0.0339992381632328,0.382122278213501,-0.2692587375640869,0.1757892668247223,0.0,0,0.6783667206764221,-0.2202247679233551,0.22934077680110931,0.15198756754398346,0.0,0,0.910829484462738,-0.3096693456172943,-0.10249260067939758,0.022619105875492096,57.95466232299805,1,0.04063914716243744
317,6.34,walk,0.5,0.0,-0.5,0.38156524300575256,0.7507480978965759,-0.7153748869895935,0.5358123183250427,0.5658855438232422,-1.1827579251966032,-3.3269638003720545,2,0,0,0.1472640186548233,-0.5151777863502502,0.5326758623123169,-0.05394682288169861,-0.5658855438232422,0.0,0.34946998953819275,0.20042894780635834,0.11431034654378891,0.023128792643547058,69.06498718261719,1,0.03348682075738907,0.3861736059188843,-0.2693348526954651,0.17579808831214905,0.0,0,0.6039340496063232,-0.2162998467683792,0.22670488059520721,0.15074485540390015,0.0,0,0.859840452671051,-0.3189203143119812,-0.10536511242389679,0.02255282551050186,56.25436782836914,1,0.04044884443283081
318,6.36,walk,0.5,0.0,-0.5,0.3814795911312103,0.7537893652915955,-0.7256737947463989,0.5413700342178345,0.5714588761329651,-1.2623811756111443,-3.3980144163262893,2,0,0,0.13754788041114807,-0.5236049294471741,0.5365450978279114,-0.060376912355422974,-0.5714588761329651,0.0,0.352234810590744,0.18861572444438934,0.1169266402721405,0.02307649701833725,71.26800537109375,1,0.03306400030851364,0.38857361674308777,-0.2689485251903534,0.17350612580776215,0.0,0,0.5308918356895447,-0.21313150227069855,0.22457967698574066,0.14800907671451569,0.0,0,0.8449373841285706,-0.32807812094688416,-0.1082339659333229,0.022485636174678802,54.22824478149414,1,0.04046308621764183
319,6.38,walk,0.5,0.0,-0.5,0.38106968998908997,0.756605863571167,-0.736156165599823,0.5474045872688293,0.5788437724113464,-1.3347445752681963,-3.4391114511188445,2,0,0,0.1252308487892151,-0.5328874588012695,0.540574848651886,-0.06939053535461426,-0.5788437724113464,0.0,0.35387009382247925,0.17686401307582855,0.1196393072605133,0.023023195564746857,73.77392578125,1,0.0330282486975193,0.38932135701179504,-0.26801833510398865,0.16872848570346832,0.0,0,0.45487236976623535,-0.2101181447505951,0.22260066866874695,0.14375847578048706,0.0,0,0.8549853563308716,-0.3370959162712097,-0.1110372319817543,0.02241744101047516,51.81602096557617,1,0.040526144206523895
320,6.4,walk,0.5,0.0,-0.5,0.3803621530532837,0.7591465711593628,-0.7468408942222595,0.5543767809867859,0.588184654712677,-1.396689054954923,-3.452879404938298,2,0,0,0.11031243950128555,-0.5432907342910767,0.5451567769050598,-0.08103549480438232,-0.588184654712677,0.0,0.35461893677711487,0.16515220701694489,0.12251752614974976,0.02296854555606842,76.3189468383789,1,0.0335058718919754,0.38816219568252563,-0.2664273679256439,0.1609949767589569,0.0,0,0.3623492419719696,-0.207035630941391,0.2204037457704544,0.13776038587093353,0.0,0,0.8745265603065491,-0.3459913730621338,-0.1137215718626976,0.022347867488861084,49.223960876464844,1,0.04060603305697441
321,6.42,walk,0.5,0.0,-0.5,0.37939387559890747,0.7613595128059387,-0.7577494978904724,0.562570333480835,0.5981077551841736,-1.4457289594219682,-3.442494315748705,2,0,0,0.0927872285246849,-0.5548656582832336,0.5504859685897827,-0.09528636932373047,-0.5981077551841736,0.0,0.35478055477142334,0.15345227718353271,0.12561959028244019,0.022911496460437775,78.75054168701172,1,0.03449928015470505,0.3843601942062378,-0.2640267014503479,0.14934714138507843,0.0,0,0.22863732278347015,-0.2040429264307022,0.21761023998260498,0.12942606210708618,0.0,0,0.8917311429977417,-0.354793518781662,-0.11622929573059082,0.02227717638015747,46.54880142211914,1,0.04079926386475563
322,6.44,walk,0.5,0.0,-0.5,0.37822484970092773,0.7631974220275879,-0.7689065337181091,0.5725958347320557,0.6063169240951538,-1.4777731120782003,-3.4028583011082976,2,0,0,0.07304392755031586,-0.5679177641868591,0.5571572184562683,-0.11182990670204163,-0.6063169240951538,0.0,0.35497909784317017,0.14178645610809326,0.12900158762931824,0.022852525115013123,80.66743469238281,1,0.03616855666041374,0.3759789764881134,-0.26065608859062195,0.13174393773078918,0.0,0,0.08596271276473999,-0.20179468393325806,0.2136232703924179,0.1175406351685524,0.0,0,0.8934659957885742,-0.3634920120239258,-0.11848089098930359,0.02220415323972702,43.92988586425781,1,0.041387684643268585
323,6.46,walk,0.5,0.0,-0.5,0.37692663073539734,0.7646158933639526,-0.7803407311439514,0.585127055644989,0.6207371354103088,-1.4324919460887777,-3.320416850609186,2,0,0,0.05086257681250572,-0.582912266254425,0.5656346678733826,-0.1308906078338623,-0.6207371354103088,0.0,0.357357382774353,0.13020829856395721,0.13308092951774597,0.02279176563024521,80.72654724121094,1,0.03931708633899689,0.35855793952941895,-0.2553015351295471,0.10424534976482391,0.0,0,0.5700376033782959,-0.2019369751214981,0.2074248045682907,0.09963696449995041,0.0,0,0.882501482963562,-0.372032105922699,-0.12007853388786316,0.022128447890281677,40.31358337402344,1,0.04265455901622772
324,6.48,walk,0.5,0.0,-0.5,0.37542831897735596,0.7655494809150696,-0.7920777201652527,0.6015543341636658,0.6713681817054749,-1.2547105530081024,-3.166610595454019,2,0,0,0.02335166558623314,-0.6011009216308594,0.5756605863571167,-0.15555909276008606,-0.6713681817054749,0.0,0.36206722259521484,0.11879862844944,0.13831470906734467,0.022724270820617676,73.52723693847656,1,0.04214227944612503,0.32376542687416077,-0.2424977421760559,0.06429048627614975,0.0,0,1.5749379396438599,-0.20844650268554688,0.19583240151405334,0.0707501545548439,0.0,0,1.0299289226531982,-0.38023483753204346,-0.1207553893327713,0.022050641477108,31.081768035888672,1,0.044101592153310776
325,6.5,walk,0.5,0.0,-0.5,0.3719874918460846,0.7659105062484741,-0.8035573959350586,0.5654271841049194,0.8213629126548767,-1.0722359661939824,-2.5555291517820224,2,0,0,-0.004328942857682705,-0.5654106140136719,0.5289821028709412,-0.16685202717781067,-0.8213629126548767,0.0,0.34201499819755554,0.158474400639534,0.1550990343093872,0.025429487228393555,0.0,0,3.600006103515625,0.27609366178512573,-0.20525847375392914,0.022792600095272064,14.290950775146484,1,2.64198899269104,-0.22739115357398987,0.1667296588420868,0.022619597613811493,70.40418243408203,1,1.3537622690200806,-0.36961832642555237,-0.12426802515983582,0.022417835891246796,0.0,0,1.0379725694656372
326,6.5200000000000005,walk,0.5,0.0,-0.5,0.3664923310279846,0.7662052512168884,-0.8141817450523376,0.5189571380615234,0.632142961025238,-1.2754780633446436,-2.1875458800584155,2,0,0,0.0013650971231982112,-0.5189553499221802,0.49151283502578735,-0.14160841703414917,-0.632142961025238,0.0,0.26801419258117676,0.24447885155677795,0.1530781239271164,0.051791541278362274,0.0,0,4.726623058319092,0.26871559023857117,-0.1989116668701172,0.0232861265540123,97.61903381347656,1,0.037104394286870956,-0.23721343278884888,0.1651839017868042,0.02299729734659195,91.35401153564453,1,0.023587016388773918,-0.323974609375,-0.13082492351531982,0.037735387682914734,0.0,0,2.552381753921509
327,6.54,walk,0.5,0.0,-0.5,0.36326950788497925,0.7665072679519653,-0.8243421316146851,0.5151322484016418,0.4930385947227478,-0.43984542620903005,-2.008030152537086,2,0,0,0.006814477499574423,-0.5150871872901917,0.49475640058517456,-0.12585550546646118,-0.4930385947227478,0.0,0.2668512165546417,0.32102787494659424,0.14141696691513062,0.07363109290599823,0.0,0,4.092998504638672,0.2616053521633148,-0.18891195952892303,0.023328319191932678,85.58766174316406,1,0.015316556207835674,-0.24714839458465576,0.17008540034294128,0.02295607328414917,86.63050079345703,1,0.038044609129428864,-0.2802181839942932,-0.12532466650009155,0.04540041834115982,0.0,0,2.417393684387207
328,6.5600000000000005,walk,0.5,0.0,-0.5,0.3613346219062805,0.7669551968574524,-0.8346874713897705,0.534072756767273,0.49896252155303955,0.8187419261637158,-1.9411135085780016,2,0,0,0.015580138191580772,-0.5338454842567444,0.5180711150169373,-0.11493188142776489,-0.49896252155303955,0.0,0.2984032928943634,0.3748530447483063,0.13204918801784515,0.08507561683654785,0.0,0,2.8564517498016357,0.25358450412750244,-0.1770077496767044,0.02332611382007599,82.09530639648438,1,0.010887646116316319,-0.2577104866504669,0.17732864618301392,0.022904686629772186,88.80311584472656,1,0.04340655356645584,-0.23837816715240479,-0.10868532955646515,0.050977446138858795,0.0,0,2.4086754322052
329,6.58,walk,0.5,0.0,-0.5,0.36013877391815186,0.7676730155944824,-0.8457002639770508,0.5709990859031677,0.5871191024780273,1.6969856856122325,-2.1240063377570793,2,0,0,0.02792748622596264,-0.5703157186508179,0.5588327646255493,-0.10567447543144226,-0.5871191024780273,0.0,0.3218221962451935,0.39867502450942993,0.12715503573417664,0.08882974088191986,0.0,0,1.4604068994522095,0.24373292922973633,-0.16728627681732178,0.023311786353588104,83.3870849609375,1,0.016797861084342003,-0.27061927318573,0.18157774209976196,0.022838830947875977,87.1721420288086,1,0.048850491642951965,-0.20755940675735474,-0.09251432120800018,0.05612604320049286,0.0,0,1.864268183708191
330,6.6000000000000005,walk,0.5,0.0,-0.5,0.3598043918609619,0.7687081098556519,-0.857418954372406,0.602552592754364,0.5863450169563293,1.9316876340799725,-2.683315587850614,2,0,0,0.044372353702783585,-0.6009165644645691,0.5954311490058899,-0.09128996729850769,-0.5863450169563293,0.0,0.3186267912387848,0.39170971512794495,0.12037616968154907,0.08086633682250977,0.0,0,0.7670414447784424,0.2312019169330597,-0.16148142516613007,0.023280344903469086,86.17040252685547,1,0.02105744741857052,-0.28655439615249634,0.18138466775417328,0.02276371419429779,82.1215591430664,1,0.06377412378787994,-0.19872978329658508,-0.08054201304912567,0.05150115489959717,0.0,0,1.0079615116119385
331,6.62,walk,0.5,0.0,-0.5,0.36055243015289307,0.7700611352920532,-0.8694495558738708,0.613387942314148,0.4784603714942932,1.5059541524285556,-3.510566542337991,2,0,0,0.0642419084906578,-0.6100145578384399,0.61265629529953,-0.0686662495136261,-0.4784603714942932,0.0,0.30344536900520325,0.3555535078048706,0.10414457321166992,0.052518073469400406,0.0,0,1.7513154745101929,0.21661366522312164,-0.1603074073791504,0.023238494992256165,90.32337188720703,1,0.026405351236462593,-0.3041445314884186,0.17719495296478271,0.02268407493829727,75.55685424804688,1,0.08443181961774826,-0.21070069074630737,-0.07194134593009949,0.03279519081115723,0.0,0,0.620790958404541
332,6.640000000000001,walk,0.5,0.0,-0.5,0.3623771369457245,0.7715436816215515,-0.8810265064239502,0.5680668354034424,0.3688790500164032,0.8493526462287444,-3.903181610642779,4,0,0,0.06666150689125061,-0.5641419887542725,0.5727304220199585,-0.05191698670387268,-0.3688790500164032,0.0,0.3021314740180969,0.31499308347702026,0.08806264400482178,0.023470088839530945,45.87638854980469,1,0.32792261242866516,0.20458745956420898,-0.16152805089950562,0.02318936586380005,76.90736389160156,1,0.013653998263180256,-0.3184228539466858,0.17198044061660767,0.022591374814510345,61.124813079833984,1,0.10794306546449661,-0.22486767172813416,-0.07380181550979614,0.023272670805454254,49.70701217651367,1,0.032269544899463654
333,6.66,walk,0.5,0.0,-0.5,0.3644521236419678,0.7729169130325317,-0.8913849592208862,0.49709412455558777,0.40898483991622925,0.20627282017208257,-3.656343269793573,2,0,0,0.05995773896574974,-0.4934649169445038,0.5006963610649109,-0.03882312774658203,-0.40898483991622925,0.0,0.28653109073638916,0.3057551383972168,0.08727844059467316,0.02352079004049301,79.1905746459961,1,0.014898471534252167,0.22972151637077332,-0.1774766892194748,0.04216087609529495,0.0,0,2.453490972518921,-0.3210035562515259,0.176993727684021,0.028809919953346252,0.0,0,0.9709287285804749,-0.23246145248413086,-0.07832524925470352,0.023211628198623657,77.35140991210938,1,0.033859509974718094
334,6.68,walk,0.5,0.0,-0.5,0.36594122648239136,0.7743189334869385,-0.9007350206375122,0.46233004331588745,0.35500913858413696,-0.5410011414667272,-3.5359737788333803,2,0,0,0.06322799623012543,-0.45798614621162415,0.46522068977355957,-0.024044513702392578,-0.35500913858413696,0.0,0.2734968066215515,0.29671311378479004,0.08550629019737244,0.023515872657299042,74.45730590820312,1,0.02047862857580185,0.27656832337379456,-0.20699244737625122,0.07624019682407379,0.0,0,2.979923963546753,-0.29872024059295654,0.19477763772010803,0.060023389756679535,0.0,0,2.0859384536743164,-0.23986896872520447,-0.08390853554010391,0.023164480924606323,83.23403930664062,1,0.02217668667435646
335,6.7,walk,0.5,0.0,-0.5,0.36792731285095215,0.7756190896034241,-0.9099929332733154,0.47394704818725586,0.4422764182090759,-0.7557439431583677,-3.4876713213532846,2,0,0,0.05539233610033989,-0.47069892287254333,0.47904568910598755,-0.02940860390663147,-0.4422764182090759,0.0,0.2847954034805298,0.2873430550098419,0.08698157966136932,0.023494593799114227,66.21784210205078,1,0.029834885150194168,0.3093874156475067,-0.22946584224700928,0.10503660142421722,0.0,0,1.8059979677200317,-0.28997278213500977,0.22085154056549072,0.08328332751989365,0.0,0,1.3900823593139648,-0.24756740033626556,-0.08652093261480331,0.0231214240193367,83.47848510742188,1,0.017827603965997696
336,6.72,walk,0.5,0.0,-0.5,0.3703371286392212,0.7769697904586792,-0.9195501804351807,0.4888541102409363,0.46195992827415466,-0.6099895739001467,-3.3720816821516317,2,0,0,0.05671442300081253,-0.485553115606308,0.4944981336593628,-0.026454299688339233,-0.46195992827415466,0.0,0.29231080412864685,0.2780188322067261,0.09077702462673187,0.023463241755962372,52.672367095947266,1,0.030670901760458946,0.32398489117622375,-0.24376749992370605,0.1251818984746933,0.0,0,1.116693377494812,-0.2840315103530884,0.23416957259178162,0.10169560462236404,0.0,0,0.8993368148803711,-0.2550392150878906,-0.08732771128416061,0.02304750680923462,77.65241241455078,1,0.03601913899183273
337,6.74,walk,0.5,0.0,-0.5,0.3726208806037903,0.7783390283584595,-0.9292627573013306,0.49221566319465637,0.4701188802719116,-0.35708207636485506,-3.2031715308640396,2,0,0,0.056579239666461945,-0.48895299434661865,0.49683019518852234,-0.023138225078582764,-0.4701188802719116,0.0,0.2977220416069031,0.2688423991203308,0.0951436460018158,0.023430369794368744,55.56065368652344,1,0.029886094853281975,0.33264750242233276,-0.25405991077423096,0.14124250411987305,0.0,0,0.9677922129631042,-0.273630827665329,0.24096649885177612,0.11741060763597488,0.0,0,1.126524806022644,-0.26228219270706177,-0.087657630443573,0.02298671007156372,64.23828887939453,1,0.050543610006570816
338,6.76,walk,0.5,0.0,-0.5,0.37462061643600464,0.7796754240989685,-0.9389575719833374,0.49029988050460815,0.49840056896209717,-0.3464801286691143,-3.163520575184823,2,0,0,0.05449872091412544,-0.4872615933418274,0.4944525361061096,-0.020163238048553467,-0.49840056896209717,0.0,0.30667227506637573,0.25887826085090637,0.09796922653913498,0.023392148315906525,63.47554397583008,1,0.033172719180583954,0.34300538897514343,-0.2617848515510559,0.15500494837760925,0.0,0,0.9903061389923096,-0.2597542107105255,0.24488715827465057,0.1311981976032257,0.0,0,1.279212474822998,-0.27022600173950195,-0.08967120945453644,0.022924870252609253,59.22776412963867,1,0.04995996132493019
339,6.78,walk,0.5,0.0,-0.5,0.37649694085121155,0.7809391021728516,-0.9486691951751709,0.4929722547531128,0.5272828936576843,-0.5002367048702399,-3.2613709324514835,2,0,0,0.04999362304806709,-0.49043071269989014,0.49716249108314514,-0.019726216793060303,-0.5272828936576843,0.0,0.3171549141407013,0.24802884459495544,0.09979274123907089,0.023348383605480194,64.30338287353516,1,0.036254338920116425,0.3540617823600769,-0.2664792239665985,0.16539449989795685,0.0,0,0.9242886304855347,-0.24704481661319733,0.24519579112529755,0.1411297619342804,0.0,0,1.1724542379379272,-0.27893906831741333,-0.09294119477272034,0.02286262810230255,61.14461898803711,1,0.045137424021959305
340,6.8,walk,0.5,0.0,-0.5,0.3782302737236023,0.7821231484413147,-0.9584802985191345,0.4982505440711975,0.5429273247718811,-0.6192631565240257,-3.395028129555113,2,0,0,0.045567791908979416,-0.496162474155426,0.5020179152488708,-0.019449949264526367,-0.5429273247718811,0.0,0.32626304030418396,0.23682574927806854,0.10181070119142532,0.023300573229789734,62.34345245361328,1,0.03617049381136894,0.3636981248855591,-0.2686295211315155,0.1726135015487671,0.0,0,0.8238070011138916,-0.23702341318130493,0.24215050041675568,0.14703893661499023,0.0,0,1.0546432733535767,-0.2878900468349457,-0.09620191156864166,0.022800087928771973,61.5457763671875,1,0.04544835910201073
341,6.82,walk,0.5,0.0,-0.5,0.3796602189540863,0.7832326889038086,-0.9684068560600281,0.503206729888916,0.5472358465194702,-0.6915866422631156,-3.5179988553720225,2,0,0,0.041925352066755295,-0.501457154750824,0.5059943795204163,-0.018369466066360474,-0.5472358465194702,0.0,0.3337983191013336,0.2255469262599945,0.10403062403202057,0.02325166016817093,62.98638153076172,1,0.03472333401441574,0.3716012239456177,-0.2695983350276947,0.1775718629360199,0.0,0,0.7457624673843384,-0.22920382022857666,0.23792237043380737,0.15021036565303802,0.0,0,0.981863796710968,-0.2968321144580841,-0.09931457042694092,0.02273658663034439,59.42658615112305,1,0.04727459326386452
342,6.84,walk,0.5,0.0,-0.5,0.38069382309913635,0.7842575907707214,-0.9784396290779114,0.5076872706413269,0.5494465827941895,-0.7694808409614384,-3.6381672826385225,2,0,0,0.03764977306127548,-0.5062893033027649,0.5092611908912659,-0.017820537090301514,-0.5494465827941895,0.0,0.33995112776756287,0.21416516602039337,0.10610424727201462,0.0232023224234581,65.30438995361328,1,0.03348493576049805,0.37787356972694397,-0.2700922191143036,0.1805550754070282,0.0,0,0.6748678684234619,-0.2233124077320099,0.23423098027706146,0.15142005681991577,0.0,0,0.9101536870002747,-0.3058076798915863,-0.10256543755531311,0.022672519087791443,57.12513732910156,1,0.0481533408164978
343,6.86,walk,0.5,0.0,-0.5,0.38132816553115845,0.785172700881958,-0.9885730147361755,0.511986494064331,0.5529673099517822,-0.860742787082534,-3.757706692171147,2,0,0,0.0317186638712883,-0.5110030174255371,0.512264609336853,-0.018830090761184692,-0.5529673099517822,0.0,0.3445790708065033,0.20267798006534576,0.10800445824861526,0.023152358829975128,67.66867065429688,1,0.032465409487485886,0.38246428966522217,-0.27016621828079224,0.181413471698761,0.0,0,0.5992964506149292,-0.21912506222724915,0.23145809769630432,0.15092028677463531,0.0,0,0.8480899930000305,-0.3148176074028015,-0.10598629713058472,0.02260807901620865,55.3875617980957,1,0.04854952171444893
344,6.88,walk,0.5,0.0,-0.5,0.3815903961658478,0.7859420776367188,-0.9988036155700684,0.5160279273986816,0.5576081871986389,-0.9514686167146366,-3.863055956816247,2,0,0,0.023687204346060753,-0.5154839754104614,0.5149319767951965,-0.021828949451446533,-0.5576081871986389,0.0,0.34767454862594604,0.1911773383617401,0.1098543033003807,0.023101702332496643,70.05525207519531,1,0.031520500779151917,0.38538599014282227,-0.2697523534297943,0.18006066977977753,0.0,0,0.5248576402664185,-0.21603932976722717,0.22935046255588531,0.14890283346176147,0.0,0,0.8164446353912354,-0.3237670063972473,-0.1094672679901123,0.02254307270050049,53.617496490478516,1,0.049062300473451614
345,6.9,walk,0.5,0.0,-0.5,0.3815118074417114,0.7865208387374878,-1.0091270208358765,0.519980788230896,0.5635069012641907,-1.03448252244356,-3.9426319295151266,2,0,0,0.01324086170643568,-0.5198121666908264,0.5174326300621033,-0.027123361825942993,-0.5635069012641907,0.0,0.3494531810283661,0.179742693901062,0.11174092441797256,0.023051030933856964,72.76142883300781,1,0.030864490196108818,0.38673490285873413,-0.26882416009902954,0.17649146914482117,0.0,0,0.45390594005584717,-0.21338516473770142,0.2275846153497696,0.14546608924865723,0.0,0,0.8133739233016968,-0.3325757384300232,-0.1129319816827774,0.022477172315120697,51.5348014831543,1,0.04948762059211731
346,6.92,walk,0.5,0.0,-0.5,0.38112422823905945,0.7868606448173523,-1.0195437669754028,0.5243505835533142,0.5711379051208496,-1.1051473394313946,-3.995244876691735,2,0,0,0.0002632278192322701,-0.5243505239486694,0.520247757434845,-0.03482457995414734,-0.5711379051208496,0.0,0.35018956661224365,0.16838234663009644,0.11373889446258545,0.022999390959739685,75.60665893554688,1,0.030698657035827637,0.38648176193237305,-0.2673371434211731,0.170587420463562,0.0,0,0.3788604736328125,-0.2107716053724289,0.22584860026836395,0.14057490229606628,0.0,0,0.8243569731712341,-0.3412330448627472,-0.11631958186626434,0.022410504519939423,49.24656677246094,1,0.04963430017232895
347,6.94,walk,0.5,0.0,-0.5,0.3804608881473541,0.78691166639328,-1.030060052871704,0.5295001268386841,0.5802059173583984,-1.158599546102268,-4.025665685481325,2,0,0,-0.015278957784175873,-0.5292796492576599,0.5236731767654419,-0.04493036866188049,-0.5802059173583984,0.0,0.3501500189304352,0.15706108510494232,0.11592301726341248,0.022946730256080627,78.40548706054688,1,0.03105938993394375,0.38435134291648865,-0.2652042806148529,0.16198265552520752,0.0,0,0.28794071078300476,-0.20817066729068756,0.22385932505130768,0.1339937150478363,0.0,0,0.8361687660217285,-0.349772572517395,-0.11956700682640076,0.02234308421611786,46.867488861083984,1,0.049556002020835876
348,6.96,walk,0.5,0.0,-0.5,0.379559725522995,0.7866231799125671,-1.040679931640625,0.5355793237686157,0.5891878008842468,-1.192439291458273,-4.037441358497251,2,0,0,-0.03335071727633476,-0.5345399379730225,0.5277650952339172,-0.057367563247680664,-0.5891878008842468,0.0,0.3496900498867035,0.14575143158435822,0.11834552884101868,0.022892042994499207,80.92886352539062,1,0.031903255730867386,0.3796323537826538,-0.2622983753681183,0.14982959628105164,0.0,0,0.15654431283473969,-0.2058338224887848,0.22130265831947327,0.1251739263534546,0.0,0,0.841959536075592,-0.35822439193725586,-0.12261846661567688,0.022274650633335114,44.361412048339844,1,0.049426957964897156
349,6.98,walk,0.5,0.0,-0.5,0.37847432494163513,0.7859477400779724,-1.0514111518859863,0.543001115322113,0.5968626737594604,-1.2018841624199315,-4.025837293984222,2,0,0,-0.053754180669784546,-0.5403338670730591,0.5328821539878845,-0.07191628217697144,-0.5968626737594604,0.0,0.349516898393631,0.13447703421115875,0.12106373906135559,0.022835783660411835,82.79322052001953,1,0.033327534794807434,0.3704591989517212,-0.25843095779418945,0.1321811079978943,0.0,0,0.09607961773872375,-0.20441296696662903,0.21760746836662292,0.11294633895158768,0.0,0,0.8329030871391296,-0.36657804250717163,-0.12539328634738922,0.02220504730939865,41.741371154785156,1,0.04968686029314995
350,7.0,walk,0.5,0.0,-0.5,0.37726715207099915,0.7848368287086487,-1.062261939048767,0.5524011850357056,0.6112427115440369,-1.1245779469596116,-3.978889134950493,2,0,0,-0.07703161239624023,-0.5470038056373596,0.5394223928451538,-0.08900618553161621,-0.6112427115440369,0.0,0.3518242835998535,0.12328977882862091,0.12450569868087769,0.02277819812297821,82.75326538085938,1,0.03604744374752045,0.3523210287094116,-0.2525418698787689,0.10508576035499573,0.0,0,0.6105328798294067,-0.20552431046962738,0.21171589195728302,0.094791479408741,0.0,0,0.8172969222068787,-0.3747835159301758,-0.12748439610004425,0.022133246064186096,38.00163269042969,1,0.05067620053887367
351,7.0200000000000005,walk,0.5,0.0,-0.5,0.37586650252342224,0.783221960067749,-1.073225736618042,0.5650405287742615,0.6614165902137756,-0.901832137912273,-3.865829440506095,2,0,0,-0.10637779533863068,-0.5549365282058716,0.5469577312469482,-0.11171835660934448,-0.6614165902137756,0.0,0.35820573568344116,0.11229722201824188,0.12914635241031647,0.022715575993061066,74.99635314941406,1,0.03652471303939819,0.3163534998893738,-0.2393786609172821,0.06520300358533859,0.0,0,1.6368846893310547,-0.21310222148895264,0.20025070011615753,0.06555220484733582,0.0,0,0.9964891076087952,-0.38263580203056335,-0.1286034882068634,0.022061072289943695,28.97395133972168,1,0.05100521072745323
352,7.04,walk,0.5,0.0,-0.5,0.37243178486824036,0.7811235785484314,-1.0837681293487549,0.5293228626251221,0.8209927678108215,-0.5484384170600777,-3.3089515243136733,1,0,0,-0.12631264328956604,-0.514030933380127,0.49797746539115906,-0.12526077032089233,-0.8209927678108215,0.0,0.3347816467285156,0.1545885056257248,0.14785802364349365,0.026110514998435974,0.0,0,3.74711012840271,0.26577913761138916,-0.20021465420722961,0.023657910525798798,0.0,0,3.0609617233276367,-0.230510875582695,0.1754768341779709,0.022315114736557007,96.02949523925781,1,0.90000981092453,-0.3717847466468811,-0.13112282752990723,0.022950641810894012,0.0,0,0.9999455809593201
353,7.0600000000000005,walk,0.5,0.0,-0.5,0.3668808043003082,0.7790234684944153,-1.0936055183410645,0.49298861622810364,0.6064713597297668,-0.8372602765509128,-2.807309774825968,2,0,0,-0.11578138172626495,-0.4791997969150543,0.46882057189941406,-0.10965609550476074,-0.6064713597297668,0.0,0.2618880867958069,0.24210681021213531,0.15191593766212463,0.05109693109989166,0.0,0,4.677880764007568,0.2572900056838989,-0.19290852546691895,0.02328534424304962,95.49872589111328,1,0.03230547159910202,-0.2390352040529251,0.17291870713233948,0.02300480753183365,90.5704116821289,1,0.024231107905507088,-0.3276370167732239,-0.13493378460407257,0.03755846619606018,0.0,0,2.311016321182251
354,7.08,walk,0.5,0.0,-0.5,0.3634493947029114,0.7770091891288757,-1.1031334400177002,0.4943453371524811,0.4657236635684967,-0.18349584683738254,-2.5205368120035776,2,0,0,-0.10943878442049026,-0.48207929730415344,0.4782872200012207,-0.09521728754043579,-0.4657236635684967,0.0,0.26203271746635437,0.31908118724823,0.14341075718402863,0.0729142501950264,0.0,0,3.9953489303588867,0.2510603666305542,-0.18474453687667847,0.02330903708934784,86.02652740478516,1,0.0130247687920928,-0.24795787036418915,0.17629800736904144,0.022967129945755005,85.41877746582031,1,0.03848211094737053,-0.28568947315216064,-0.1255674958229065,0.04488808661699295,0.0,0,2.3081531524658203
355,7.1000000000000005,walk,0.5,0.0,-0.5,0.3613445460796356,0.7750558257102966,-1.1129132509231567,0.5134963393211365,0.4744649827480316,0.8598006478638954,-2.3823601641035155,2,0,0,-0.10858370363712311,-0.5018845200538635,0.5014233589172363,-0.0873146653175354,-0.4744649827480316,0.0,0.29360389709472656,0.3732432425022125,0.13358959555625916,0.08653527498245239,0.0,0,2.828293561935425,0.24366462230682373,-0.1748104691505432,0.023303568363189697,83.0117416381836,1,0.00911569595336914,-0.2577686309814453,0.1818760633468628,0.0229179784655571,88.69793701171875,1,0.040928587317466736,-0.24502483010292053,-0.10668382048606873,0.04997074604034424,0.0,0,2.3798816204071045
356,7.12,walk,0.5,0.0,-0.5,0.36001864075660706,0.7731151580810547,-1.1233423948287964,0.548367440700531,0.5746495723724365,1.6600163262341863,-2.4877098556354387,2,0,0,-0.11078694462776184,-0.5370596647262573,0.5391497015953064,-0.0822761058807373,-0.5746495723724365,0.0,0.31909582018852234,0.39852964878082275,0.1283385157585144,0.0910780280828476,0.0,0,1.4904407262802124,0.23455673456192017,-0.16616502404212952,0.023289620876312256,83.97148895263672,1,0.014701097272336483,-0.26985880732536316,0.18532970547676086,0.02285616844892502,87.2963638305664,1,0.046502403914928436,-0.21303367614746094,-0.08959037065505981,0.055314674973487854,0.0,0,1.9311317205429077
357,7.140000000000001,walk,0.5,0.0,-0.5,0.3595472574234009,0.7712266445159912,-1.1345208883285522,0.5811181664466858,0.5939397215843201,1.9509135493765004,-2.9613809132548843,2,0,0,-0.10699790716171265,-0.5711827874183655,0.5760315656661987,-0.0713573694229126,-0.5939397215843201,0.0,0.3182491064071655,0.39334097504615784,0.12233051657676697,0.08340674638748169,0.0,0,0.7147065997123718,0.22288762032985687,-0.16050845384597778,0.02325861155986786,86.4280014038086,1,0.019528690725564957,-0.2849757671356201,0.1851058304309845,0.02278459072113037,82.77104949951172,1,0.06113718822598457,-0.20140399038791656,-0.07781271636486053,0.05201861262321472,0.0,0,1.082227110862732
358,7.16,walk,0.5,0.0,-0.5,0.3601503074169159,0.7695045471191406,-1.1461539268493652,0.5970736742019653,0.49490272998809814,1.654510233267804,-3.7232650363945345,2,0,0,-0.09347067028284073,-0.5897119641304016,0.597557783126831,-0.05165308713912964,-0.49490272998809814,0.0,0.3023407757282257,0.3583727777004242,0.10779508948326111,0.05564722791314125,0.0,0,1.692246675491333,0.20902861654758453,-0.15892499685287476,0.023217201232910156,89.88572692871094,1,0.025933023542165756,-0.30196619033813477,0.1812812089920044,0.022708609700202942,76.18766784667969,1,0.08180250972509384,-0.2110106647014618,-0.06957773864269257,0.03465428948402405,0.0,0,0.5964184403419495
359,7.18,walk,0.5,0.0,-0.5,0.3619135320186615,0.7680204510688782,-1.1574379205703735,0.5533071756362915,0.36267322301864624,1.0873174507681935,-4.1139569795611415,4,0,0,-0.07773247361183167,-0.5478197932243347,0.5595057606697083,-0.03494894504547119,-0.36267322301864624,0.0,0.30298805236816406,0.31651535630226135,0.09214109182357788,0.023495711386203766,41.21266174316406,1,0.24721945822238922,0.19730454683303833,-0.15995889902114868,0.023169510066509247,79.83942413330078,1,0.017804903909564018,-0.31604117155075073,0.17624834179878235,0.022620506584644318,62.64214324951172,1,0.10428410768508911,-0.22460541129112244,-0.07122062146663666,0.023278720676898956,47.14765548706055,1,0.0263883825391531
360,7.2,walk,0.5,0.0,-0.5,0.3640117943286896,0.7667437195777893,-1.1675795316696167,0.48691150546073914,0.4324604272842407,0.4365264345200799,-3.8817971421251154,2,0,0,-0.06635020673274994,-0.48236963152885437,0.4917108118534088,-0.02364426851272583,-0.4324604272842407,0.0,0.29124557971954346,0.3073478937149048,0.0910901427268982,0.02352273464202881,77.51991271972656,1,0.014746828936040401,0.2223169356584549,-0.17620091140270233,0.04009189456701279,0.0,0,2.44669246673584,-0.3229527473449707,0.17984971404075623,0.02600889652967453,0.0,0,0.7998062968254089,-0.2320968508720398,-0.0761057436466217,0.023224517703056335,75.83562469482422,1,0.032847099006175995
361,7.22,walk,0.5,0.0,-0.5,0.36539560556411743,0.765788733959198,-1.176747441291809,0.4485333263874054,0.3584718406200409,-0.3722595837938432,-3.7602944800929357,2,0,0,-0.051711924374103546,-0.4455423951148987,0.45179927349090576,-0.007636994123458862,-0.3584718406200409,0.0,0.2757478654384613,0.29846855998039246,0.08875241875648499,0.023516781628131866,75.32608032226562,1,0.018028147518634796,0.2718191146850586,-0.20629531145095825,0.0747753232717514,0.0,0,3.095972776412964,-0.30119773745536804,0.19492223858833313,0.056640446186065674,0.0,0,2.042111873626709,-0.23927438259124756,-0.08239907026290894,0.023180335760116577,83.44416809082031,1,0.020609186962246895
362,7.24,walk,0.5,0.0,-0.5,0.36723756790161133,0.7647570371627808,-1.1857516765594482,0.4591463506221771,0.4433172345161438,-0.6311733522500884,-3.7019565537313874,2,0,0,-0.06304315477609634,-0.4547976851463318,0.4648193120956421,-0.01345515251159668,-0.4433172345161438,0.0,0.2866160571575165,0.2893761992454529,0.08971154689788818,0.023500360548496246,65.15472412109375,1,0.027863724157214165,0.3073679506778717,-0.2291518747806549,0.10444344580173492,0.0,0,1.8732715845108032,-0.2920265197753906,0.22026124596595764,0.07970187067985535,0.0,0,1.4098074436187744,-0.2466607391834259,-0.08556774258613586,0.02314051240682602,84.13490295410156,1,0.01492060162127018
363,7.26,walk,0.5,0.0,-0.5,0.36949554085731506,0.7636836171150208,-1.195067286491394,0.47502052783966064,0.4579146206378937,-0.4998681948201765,-3.5809866464544684,2,0,0,-0.06593403965234756,-0.4704223871231079,0.4812086224555969,-0.010439097881317139,-0.4579146206378937,0.0,0.2937716841697693,0.28030452132225037,0.09314121305942535,0.023469656705856323,52.21322250366211,1,0.028696252033114433,0.32326656579971313,-0.24317285418510437,0.12491419911384583,0.0,0,1.099852204322815,-0.2859303951263428,0.23389673233032227,0.0977628231048584,0.0,0,0.912314236164093,-0.2538682818412781,-0.08672645688056946,0.023068174719810486,78.58063507080078,1,0.032839808613061905
364,7.28,walk,0.5,0.0,-0.5,0.37166598439216614,0.7625957727432251,-1.2045565843582153,0.4791112244129181,0.4637273848056793,-0.2462967281923656,-3.3970302287555727,2,0,0,-0.06632867455482483,-0.4744977056980133,0.4842371940612793,-0.006426036357879639,-0.4637273848056793,0.0,0.2982279360294342,0.2714322805404663,0.097206711769104,0.02344048023223877,55.1973991394043,1,0.027521274983882904,0.33194684982299805,-0.2532304525375366,0.14064651727676392,0.0,0,0.9274624586105347,-0.27527934312820435,0.2409866750240326,0.11332899332046509,0.0,0,1.1281565427780151,-0.26080724596977234,-0.08731259405612946,0.023010581731796265,66.68811798095703,1,0.04912379011511803
365,7.3,walk,0.5,0.0,-0.5,0.37358757853507996,0.7614962458610535,-1.214030385017395,0.4773064851760864,0.4928301274776459,-0.2326115370557459,-3.334711369324965,2,0,0,-0.06702017784118652,-0.4725778102874756,0.481897234916687,-0.0027562379837036133,-0.4928301274776459,0.0,0.3060891628265381,0.2618158757686615,0.09974071383476257,0.023404650390148163,63.5406379699707,1,0.030917327851057053,0.3419875502586365,-0.26083478331565857,0.15424543619155884,0.0,0,0.9532081484794617,-0.26101449131965637,0.24531784653663635,0.1274421513080597,0.0,0,1.2867554426193237,-0.26839736104011536,-0.08957177400588989,0.022951193153858185,61.15742492675781,1,0.04971908777952194
366,7.32,walk,0.5,0.0,-0.5,0.3754228353500366,0.7603381276130676,-1.2235060930252075,0.4800032377243042,0.5241619944572449,-0.3936076068489825,-3.4138248101509876,2,0,0,-0.07149668782949448,-0.4746486246585846,0.48472219705581665,-0.0016875267028808594,-0.5241619944572449,0.0,0.31582072377204895,0.25129234790802,0.10121442377567291,0.02336335927248001,64.5264892578125,1,0.0344126857817173,0.35278746485710144,-0.2655589282512665,0.16467665135860443,0.0,0,0.894054114818573,-0.24807895720005035,0.2462049424648285,0.13801714777946472,0.0,0,1.1669937372207642,-0.27676713466644287,-0.09316560626029968,0.022890634834766388,62.978572845458984,1,0.04486008733510971
367,7.34,walk,0.5,0.0,-0.5,0.3771635591983795,0.7590891122817993,-1.233062982559204,0.48559045791625977,0.5413249135017395,-0.5219206344943264,-3.5323106630041377,2,0,0,-0.07681126147508621,-0.4794769287109375,0.48998478055000305,-0.0008729100227355957,-0.5413249135017395,0.0,0.32433173060417175,0.24039326608181,0.10287067294120789,0.02331816405057907,62.312740325927734,1,0.034655969589948654,0.36218172311782837,-0.26781344413757324,0.17198842763900757,0.0,0,0.7941505908966064,-0.23813581466674805,0.24370908737182617,0.144555002450943,0.0,0,1.0294620990753174,-0.2853912115097046,-0.09678056836128235,0.022829920053482056,63.299171447753906,1,0.04526646435260773
368,7.36,walk,0.5,0.0,-0.5,0.3786453902721405,0.7577483057975769,-1.2427211999893188,0.4908153712749481,0.54527348279953,-0.5987280327018237,-3.642092506977164,2,0,0,-0.08118695020675659,-0.4840541481971741,0.4942583441734314,0.0008171796798706055,-0.54527348279953,0.0,0.33131736516952515,0.2294071912765503,0.10474979877471924,0.02327132225036621,62.74138259887695,1,0.03336430713534355,0.36984148621559143,-0.26891258358955383,0.17705108225345612,0.0,0,0.7177784442901611,-0.23055724799633026,0.2398950457572937,0.1482349932193756,0.0,0,0.9518123865127563,-0.2940182685852051,-0.10022932291030884,0.022767789661884308,60.90983200073242,1,0.04737922176718712
369,7.38,walk,0.5,0.0,-0.5,0.37976667284965515,0.7563110589981079,-1.252463936805725,0.495279461145401,0.545985996723175,-0.6802030114333787,-3.753661512635207,2,0,0,-0.08586578071117401,-0.4877794682979584,0.49754390120506287,0.002100825309753418,-0.545985996723175,0.0,0.33701926469802856,0.218297079205513,0.10647138953208923,0.02322378009557724,65.0316162109375,1,0.03224021941423416,0.3759189248085022,-0.26954057812690735,0.18017099797725677,0.0,0,0.6508027911186218,-0.22489634156227112,0.2364863157272339,0.14987903833389282,0.0,0,0.8850811719894409,-0.3027060925960541,-0.10381489992141724,0.02270548790693283,58.32786560058594,1,0.04837162047624588
370,7.4,walk,0.5,0.0,-0.5,0.38051939010620117,0.7547570466995239,-1.262274980545044,0.4992870092391968,0.5479671359062195,-0.7768530696751152,-3.871931787642678,2,0,0,-0.0919489711523056,-0.4907473027706146,0.5003578066825867,0.0019268393516540527,-0.5479671359062195,0.0,0.3413081765174866,0.20704789459705353,0.107989102602005,0.023175381124019623,67.39864349365234,1,0.03132009506225586,0.3803933560848236,-0.26971784234046936,0.18122121691703796,0.0,0,0.5794589519500732,-0.22089241445064545,0.23389576375484467,0.14976827800273895,0.0,0,0.8274058699607849,-0.31146809458732605,-0.10758492350578308,0.022642776370048523,56.4786491394043,1,0.04870050773024559
371,7.42,walk,0.5,0.0,-0.5,0.38092729449272156,0.7530562877655029,-1.2721387147903442,0.5028027296066284,0.5511077046394348,-0.8731781069618944,-3.9836309937817744,2,0,0,-0.09979858994483948,-0.49279898405075073,0.5026777982711792,-0.00010061264038085938,-0.5511077046394348,0.0,0.3441465198993683,0.19575215876102448,0.10943515598773956,0.02312672883272171,69.75142669677734,1,0.030414290726184845,0.3832875192165375,-0.26935407519340515,0.1801670342683792,0.0,0,0.5092878341674805,-0.21797122061252594,0.2319028228521347,0.14812910556793213,0.0,0,0.7971704006195068,-0.3202088475227356,-0.11142143607139587,0.022579163312911987,54.72874069213867,1,0.04911484569311142
372,7.44,walk,0.5,0.0,-0.5,0.38101741671562195,0.7511717677116394,-1.282036542892456,0.5059801936149597,0.5554290413856506,-0.9605454045130546,-4.075639191430547,2,0,0,-0.10968000441789627,-0.49394962191581726,0.5046663880348206,-0.004233241081237793,-0.5554290413856506,0.0,0.34573832154273987,0.18450114130973816,0.1109035313129425,0.02307770401239395,72.39725494384766,1,0.029712747782468796,0.38472557067871094,-0.26843732595443726,0.17708604037761688,0.0,0,0.44413280487060547,-0.21548542380332947,0.23023030161857605,0.14512237906455994,0.0,0,0.7933663129806519,-0.32883670926094055,-0.11524173617362976,0.02251506596803665,52.71965789794922,1,0.04947040230035782
373,7.46,walk,0.5,0.0,-0.5,0.3808166980743408,0.749060869216919,-1.2919548749923706,0.5093327164649963,0.561249852180481,-1.034361926916027,-4.144389314294957,2,0,0,-0.12181474268436432,-0.49455130100250244,0.5068238377571106,-0.010589778423309326,-0.561249852180481,0.0,0.34635868668556213,0.1733202338218689,0.11246579885482788,0.023027919232845306,75.19012451171875,1,0.029418010264635086,0.38474240899086,-0.26697948575019836,0.17198793590068817,0.0,0,0.37848421931266785,-0.21305209398269653,0.22862906754016876,0.14078158140182495,0.0,0,0.8020354509353638,-0.337324857711792,-0.1189868152141571,0.022450119256973267,50.52712631225586,1,0.04954180493950844
374,7.48,walk,0.5,0.0,-0.5,0.38035160303115845,0.7466793656349182,-1.3018853664398193,0.513255774974823,0.5684318542480469,-1.08887793555013,-4.193250780069935,2,0,0,-0.13627201318740845,-0.4948347508907318,0.5094937086105347,-0.019147634506225586,-0.5684318542480469,0.0,0.3462492823600769,0.16218458116054535,0.114200159907341,0.022977083921432495,77.93498229980469,1,0.02957639843225479,0.3831714391708374,-0.26494795083999634,0.1646798700094223,0.0,0,0.3031270503997803,-0.2106255292892456,0.2268792688846588,0.1349799931049347,0.0,0,0.810653030872345,-0.3456963896751404,-0.12259083986282349,0.022384390234947205,48.23489761352539,1,0.04935338348150253
375,7.5,walk,0.5,0.0,-0.5,0.37964925169944763,0.7439813613891602,-1.3118195533752441,0.517866849899292,0.5760276913642883,-1.1196586099316155,-4.226679006528447,2,0,0,-0.1530773937702179,-0.4947255849838257,0.5126965641975403,-0.029911577701568604,-0.5760276913642883,0.0,0.345680832862854,0.15106181800365448,0.11617226898670197,0.022924862802028656,80.4684829711914,1,0.03015369549393654,0.37960004806518555,-0.2622416615486145,0.15466152131557465,0.0,0,0.20520474016666412,-0.20840302109718323,0.22477519512176514,0.1273515820503235,0.0,0,0.8133982419967651,-0.353984534740448,-0.12599122524261475,0.022317960858345032,45.785037994384766,1,0.0489986278116703
376,7.5200000000000005,walk,0.5,0.0,-0.5,0.37874525785446167,0.7409229874610901,-1.321746826171875,0.5232763290405273,0.5820562839508057,-1.1281522703296438,-4.243900901633811,2,0,0,-0.17204070091247559,-0.4941863417625427,0.5164695978164673,-0.042689383029937744,-0.5820562839508057,0.0,0.34512805938720703,0.13995489478111267,0.11840106546878815,0.022871077060699463,82.54215240478516,1,0.03110259398818016,0.3729272186756134,-0.2587435841560364,0.14066182076931,0.0,0,0.041703082621097565,-0.20678158104419708,0.22192509472370148,0.11712445318698883,0.0,0,0.8069435358047485,-0.36219674348831177,-0.12914961576461792,0.022250868380069733,43.18549346923828,1,0.048748746514320374
377,7.54,walk,0.5,0.0,-0.5,0.37769007682800293,0.7374597787857056,-1.331658124923706,0.5299328565597534,0.5891547799110413,-1.0927038019806892,-4.236178519003465,2,0,0,-0.1934097707271576,-0.4933776557445526,0.5211464166641235,-0.057639479637145996,-0.5891547799110413,0.0,0.3456971347332001,0.12891298532485962,0.12105000764131546,0.02281588315963745,83.623046875,1,0.03270881995558739,0.3604196310043335,-0.25398239493370056,0.11998175084590912,0.0,0,0.2863158881664276,-0.2067049890756607,0.2175743132829666,0.10262513160705566,0.0,0,0.7862300872802734,-0.37029772996902466,-0.13188812136650085,0.022182032465934753,40.06920623779297,1,0.04896516352891922
378,7.5600000000000005,walk,0.5,0.0,-0.5,0.37652018666267395,0.7335451245307922,-1.3415391445159912,0.5381999611854553,0.6118412017822266,-0.9206198538848624,-4.191194466242938,2,0,0,-0.21801048517227173,-0.49206769466400146,0.5266715288162231,-0.07543796300888062,-0.6118412017822266,0.0,0.3513404428958893,0.11797992140054703,0.12475365400314331,0.0227595716714859,81.22277069091797,1,0.03592588007450104,0.335299015045166,-0.24587756395339966,0.08735057711601257,0.0,0,1.0361919403076172,-0.21058446168899536,0.210056871175766,0.08028814941644669,0.0,0,0.8079515695571899,-0.37822088599205017,-0.13364925980567932,0.022111676633358,34.83098602294922,1,0.049721408635377884
379,7.58,walk,0.5,0.0,-0.5,0.37481677532196045,0.7290842533111572,-1.3513131141662598,0.5413947105407715,0.7115802764892578,-0.6328088090303362,-4.014476554960375,2,0,0,-0.24731366336345673,-0.4816058278083801,0.522895872592926,-0.0998687744140625,-0.7115802764892578,0.0,0.35087406635284424,0.10765638947486877,0.1295938342809677,0.022734515368938446,67.15879821777344,1,0.028712579980492592,0.29177752137184143,-0.2234087586402893,0.04782010614871979,0.0,0,2.2602202892303467,-0.22352100908756256,0.19311073422431946,0.04388771951198578,0.0,0,1.3173028230667114,-0.3852839171886444,-0.13475549221038818,0.022044360637664795,18.63091278076172,1,0.04660363495349884
380,7.6000000000000005,walk,0.5,0.0,-0.5,0.3707921504974365,0.7244542241096497,-1.3601974248886108,0.4639589488506317,0.6867117285728455,-0.6980875949707926,-3.387436801179467,2,0,0,-0.22714358568191528,-0.40455371141433716,0.44012677669525146,-0.09758281707763672,-0.6867117285728455,0.0,0.29444342851638794,0.1635960042476654,0.14164181053638458,0.03589379042387009,0.0,0,4.218266010284424,0.2570980191230774,-0.1931948959827423,0.023080065846443176,134.3599090576172,1,0.07371827214956284,-0.23539608716964722,0.1790970414876938,0.02298947423696518,80.88179016113281,1,0.03222232311964035,-0.36172235012054443,-0.13947144150733948,0.028895922005176544,0.0,0,1.3717280626296997
381,7.62,walk,0.5,0.0,-0.5,0.3675557076931,0.7201921343803406,-1.3681743144989014,0.45295727252960205,0.5148860812187195,-0.6516322767743624,-2.986018259364766,2,0,0,-0.22174759209156036,-0.3949662148952484,0.43674784898757935,-0.08923059701919556,-0.5148860812187195,0.0,0.25615209341049194,0.24909065663814545,0.14051023125648499,0.05403447151184082,0.0,0,4.590576648712158,0.25239479541778564,-0.18848097324371338,0.023308314383029938,84.81756591796875,1,0.020103244110941887,-0.24320164322853088,0.1785910278558731,0.022986114025115967,81.18907928466797,1,0.03957467898726463,-0.3168931305408478,-0.13635268807411194,0.0434054359793663,0.0,0,2.2782135009765625
382,7.640000000000001,walk,0.5,0.0,-0.5,0.36575376987457275,0.7159715890884399,-1.376172661781311,0.4623262882232666,0.4396016299724579,0.23427308729305726,-2.734403268408194,2,0,0,-0.22294177114963531,-0.40502169728279114,0.4507315754890442,-0.08123666048049927,-0.4396016299724579,0.0,0.27112552523612976,0.3279387950897217,0.13260707259178162,0.07907383143901825,0.0,0,4.007413864135742,0.2465575635433197,-0.17949943244457245,0.023295819759368896,79.34127044677734,1,0.01676187850534916,-0.2514990270137787,0.1832897663116455,0.022937610745429993,84.88729858398438,1,0.043731942772865295,-0.2746036648750305,-0.12177997827529907,0.05093783885240555,0.0,0,2.3444607257843018
383,7.66,walk,0.5,0.0,-0.5,0.36476314067840576,0.7116261124610901,-1.3845974206924438,0.494426965713501,0.4869813919067383,1.0857465072590906,-2.6730402085745646,2,0,0,-0.23368071019649506,-0.4357193410396576,0.48573774099349976,-0.07669591903686523,-0.4869813919067383,0.0,0.3102811574935913,0.3824857771396637,0.12710249423980713,0.0943007692694664,0.0,0,2.698002576828003,0.23923249542713165,-0.17090831696987152,0.02328135073184967,78.82687377929688,1,0.013097012415528297,-0.26132088899612427,0.1875470131635666,0.02288147807121277,85.1357421875,1,0.04820919409394264,-0.23606596887111664,-0.10414355993270874,0.05558119714260101,0.0,0,2.2659752368927
384,7.68,walk,0.5,0.0,-0.5,0.36432939767837524,0.7069640755653381,-1.3938673734664917,0.5400975942611694,0.5755565166473389,1.602841132857127,-2.9911899932269352,2,0,0,-0.25262442231178284,-0.47737443447113037,0.5338078141212463,-0.07577782869338989,-0.5755565166473389,0.0,0.3328777551651001,0.40322357416152954,0.12457868456840515,0.09974353760480881,0.0,0,1.205557942390442,0.2291618287563324,-0.16402199864387512,0.02324877679347992,81.36551666259766,1,0.01865324191749096,-0.274549663066864,0.18914853036403656,0.022818170487880707,85.87615203857422,1,0.04840422421693802,-0.21039573848247528,-0.08940523862838745,0.05846098065376282,0.0,0,1.6587013006210327
385,7.7,walk,0.5,0.0,-0.5,0.3647451400756836,0.7020514607429504,-1.4039337635040283,0.5751461386680603,0.5470306873321533,1.5844098673818476,-3.737815473760777,2,0,0,-0.261007696390152,-0.5125114917755127,0.5735831260681152,-0.06658422946929932,-0.5470306873321533,0.0,0.3261486291885376,0.3900219798088074,0.11844339966773987,0.08938249945640564,0.0,0,0.7436664700508118,0.21593140065670013,-0.16042277216911316,0.02320495992898941,84.3837890625,1,0.02474367246031761,-0.29115113615989685,0.18712741136550903,0.022747039794921875,80.79193878173828,1,0.06589005142450333,-0.20662033557891846,-0.07878096401691437,0.05031561106443405,0.0,0,0.8986373543739319
386,7.72,walk,0.5,0.0,-0.5,0.36616748571395874,0.6971413493156433,-1.4143362045288086,0.5842985510826111,0.39264342188835144,0.8494585141608797,-4.6635033280097895,2,0,0,-0.25368043780326843,-0.5263563990592957,0.5882225036621094,-0.04931318759918213,-0.39264342188835144,0.0,0.31705039739608765,0.34500652551651,0.10057801008224487,0.052467867732048035,0.0,0,2.1074628829956055,0.2010495960712433,-0.161912739276886,0.023152925074100494,82.57162475585938,1,0.029208993539214134,-0.30874109268188477,0.1811012625694275,0.02267114818096161,72.79523468017578,1,0.09153608232736588,-0.22094900906085968,-0.07233433425426483,0.02614200860261917,0.0,0,0.6409369111061096
387,7.74,walk,0.5,0.0,-0.5,0.36810585856437683,0.6923671960830688,-1.4242329597473145,0.5288597345352173,0.38589268922805786,-0.07271450739896648,-4.602163960394844,4,0,0,-0.24193429946899414,-0.47027692198753357,0.5325541496276855,-0.05291283130645752,-0.38589268922805786,0.0,0.3282845914363861,0.306521475315094,0.08607345819473267,0.023569859564304352,67.14257049560547,1,0.011528421193361282,0.204033762216568,-0.1721455156803131,0.0231526717543602,17.02681541442871,1,1.0684893131256104,-0.31986334919929504,0.1743292212486267,0.022568248212337494,40.6306037902832,1,0.10351736098527908,-0.23012298345565796,-0.07830412685871124,0.023250676691532135,63.09955596923828,1,0.041133444756269455
388,7.76,walk,0.5,0.0,-0.5,0.3694611191749573,0.6878427267074585,-1.4332448244094849,0.4859774112701416,0.3518349230289459,-0.7414582823441687,-4.101847907936355,2,0,0,-0.2235872447490692,-0.4314890503883362,0.4862658381462097,-0.04588329792022705,-0.3518349230289459,0.0,0.2968089282512665,0.2991753816604614,0.08515825867652893,0.023457296192646027,78.87960815429688,1,0.012478338554501534,0.24898114800453186,-0.19147957861423492,0.05495234578847885,0.0,0,2.962224006652832,-0.3069688081741333,0.18439236283302307,0.0418931245803833,0.0,0,1.663776159286499,-0.23587091267108917,-0.08290345966815948,0.02319926768541336,76.90250396728516,1,0.03572583571076393
389,7.78,walk,0.5,0.0,-0.5,0.37069064378738403,0.683625340461731,-1.441749930381775,0.4720160961151123,0.39907827973365784,-1.263663543627814,-3.866277244783554,2,0,0,-0.2167760729789734,-0.4192938506603241,0.4736797511577606,-0.03962486982345581,-0.39907827973365784,0.0,0.2942909300327301,0.29074883460998535,0.08495545387268066,0.023464202880859375,74.40637969970703,1,0.020268639549613,0.2942802309989929,-0.21759292483329773,0.08785831928253174,0.0,0,2.5745153427124023,-0.29094016551971436,0.2082621306180954,0.07086310535669327,0.0,0,1.7585556507110596,-0.24262185394763947,-0.08697912096977234,0.023165568709373474,81.94937896728516,1,0.032733310014009476
390,7.8,walk,0.5,0.0,-0.5,0.3724261224269867,0.6792730689048767,-1.450364589691162,0.49035316705703735,0.4762844741344452,-1.2954880630135481,-3.6703536953285614,2,0,0,-0.23214790225028992,-0.43191850185394287,0.4933393895626068,-0.04385858774185181,-0.4762844741344452,0.0,0.30194252729415894,0.28185826539993286,0.08802333474159241,0.023445434868335724,58.95155715942383,1,0.026100417599081993,0.32035744190216064,-0.23500221967697144,0.11318343877792358,0.0,0,1.457971215248108,-0.285638689994812,0.22841814160346985,0.09211520850658417,0.0,0,0.9946153163909912,-0.24965117871761322,-0.08846920728683472,0.023105114698410034,79.89183044433594,1,0.03970512002706528
391,7.82,walk,0.5,0.0,-0.5,0.374347984790802,0.674770712852478,-1.4592381715774536,0.5020293593406677,0.4756028652191162,-0.9874524011397909,-3.3801169728233287,2,0,0,-0.23879899084568024,-0.44159770011901855,0.5047234892845154,-0.04188644886016846,-0.4756028652191162,0.0,0.30470913648605347,0.2732069194316864,0.09321874380111694,0.02341865748167038,53.11043930053711,1,0.024676084518432617,0.33120352029800415,-0.24682626128196716,0.1303989589214325,0.0,0,1.0195773839950562,-0.279374361038208,0.23752471804618835,0.10859891772270203,0.0,0,0.8671478033065796,-0.25631099939346313,-0.08813843131065369,0.02302563190460205,73.13055419921875,1,0.045812416821718216
392,7.84,walk,0.5,0.0,-0.5,0.37604278326034546,0.6701959371566772,-1.468152642250061,0.5016102194786072,0.4881730377674103,-0.7534994256032251,-3.129393748440266,2,0,0,-0.24082253873348236,-0.4400196373462677,0.5033703446388245,-0.04001730680465698,-0.4881730377674103,0.0,0.3083396852016449,0.2642427682876587,0.09785062074661255,0.023388266563415527,60.96212387084961,1,0.026383722200989723,0.3394210934638977,-0.25600603222846985,0.14451417326927185,0.0,0,0.9547551870346069,-0.2675289213657379,0.24236705899238586,0.12301947176456451,0.0,0,1.1827436685562134,-0.2632252871990204,-0.0883655846118927,0.02295825630426407,61.893089294433594,1,0.044518470764160156
393,7.86,walk,0.5,0.0,-0.5,0.3775254786014557,0.6655620336532593,-1.4769917726516724,0.5007757544517517,0.524809718132019,-0.7989114324039358,-3.0669197156494516,2,0,0,-0.24486489593982697,-0.4368266463279724,0.5023064613342285,-0.03983122110366821,-0.524809718132019,0.0,0.31593790650367737,0.25413528084754944,0.1007605493068695,0.02335188537836075,66.68804168701172,1,0.031447675079107285,0.34948334097862244,-0.26260849833488464,0.15627825260162354,0.0,0,0.9527479410171509,-0.253574013710022,0.2443685680627823,0.135446697473526,0.0,0,1.2455971240997314,-0.2711798846721649,-0.09051725268363953,0.022897861897945404,60.872840881347656,1,0.04097163677215576
394,7.88,walk,0.5,0.0,-0.5,0.37893256545066833,0.6608005166053772,-1.4858105182647705,0.5053196549415588,0.5544204711914062,-0.9211610396548802,-3.1231791300692007,2,0,0,-0.25328534841537476,-0.43725791573524475,0.5066525936126709,-0.041657328605651855,-0.5544204711914062,0.0,0.32443949580192566,0.24321015179157257,0.10325038433074951,0.023309335112571716,64.83995056152344,1,0.03430945426225662,0.3594593405723572,-0.26627203822135925,0.1648247390985489,0.0,0,0.8686531186103821,-0.24181795120239258,0.24291233718395233,0.14395596086978912,0.0,0,1.1174033880233765,-0.27982160449028015,-0.09337243437767029,0.02283778041601181,63.20806884765625,1,0.04036326706409454
395,7.9,walk,0.5,0.0,-0.5,0.38017576932907104,0.6558741927146912,-1.494666576385498,0.5114136338233948,0.566789984703064,-0.9818311554528705,-3.1915900913526367,2,0,0,-0.26189985871315,-0.4392634928226471,0.5120478272438049,-0.04295593500137329,-0.566789984703064,0.0,0.3318556845188141,0.23205451667308807,0.1061188280582428,0.023263506591320038,63.166542053222656,1,0.03415479511022568,0.3679712414741516,-0.2680334448814392,0.170657679438591,0.0,0,0.7861099243164062,-0.23275542259216309,0.2389955371618271,0.14882035553455353,0.0,0,1.022916555404663,-0.28858327865600586,-0.0960080623626709,0.022775359451770782,62.686466217041016,1,0.04092548042535782
396,7.92,walk,0.5,0.0,-0.5,0.38110560178756714,0.6507782340049744,-1.503562569618225,0.5170190930366516,0.5703569650650024,-1.0213028186663742,-3.2511657760578383,2,0,0,-0.27008455991744995,-0.44086623191833496,0.5166007280349731,-0.04402303695678711,-0.5703569650650024,0.0,0.33824899792671204,0.22080662846565247,0.10905206203460693,0.02321603149175644,64.69874572753906,1,0.03341496363282204,0.3750443458557129,-0.2690685987472534,0.17453446984291077,0.0,0,0.726474940776825,-0.22568514943122864,0.23470193147659302,0.15124963223934174,0.0,0,0.9606641530990601,-0.29735952615737915,-0.09860694408416748,0.02271150052547455,60.290382385253906,1,0.04075146093964577
397,7.94,walk,0.5,0.0,-0.5,0.3816686272621155,0.6454984545707703,-1.5124818086624146,0.5226005911827087,0.5738592147827148,-1.0807538524192228,-3.3159718915633887,2,0,0,-0.27938029170036316,-0.4416537880897522,0.5209691524505615,-0.046334683895111084,-0.5738592147827148,0.0,0.3435728847980499,0.20939403772354126,0.1117907166481018,0.023167148232460022,67.12566375732422,1,0.0330735482275486,0.38068899512290955,-0.26970162987709045,0.17652325332164764,0.0,0,0.663923978805542,-0.22033704817295074,0.2311759740114212,0.1518235206604004,0.0,0,0.8986454010009766,-0.30623307824134827,-0.10139375925064087,0.022647470235824585,58.257598876953125,1,0.04024679213762283
398,7.96,walk,0.5,0.0,-0.5,0.3818790018558502,0.6400054097175598,-1.5214064121246338,0.5284243226051331,0.5782966017723083,-1.1525350851712373,-3.380702874988069,2,0,0,-0.29045161604881287,-0.4414409399032593,0.5254195928573608,-0.05055046081542969,-0.5782966017723083,0.0,0.34760066866874695,0.1978505253791809,0.11441360414028168,0.023116804659366608,69.23912048339844,1,0.03283219411969185,0.38476312160491943,-0.26987236738204956,0.17640192806720734,0.0,0,0.5936569571495056,-0.21636167168617249,0.22843721508979797,0.1507347971200943,0.0,0,0.8540055751800537,-0.3151651620864868,-0.10429924726486206,0.02258296310901642,56.668060302734375,1,0.04002048820257187
399,7.98,walk,0.5,0.0,-0.5,0.38176023960113525,0.6342635750770569,-1.530315637588501,0.5344616174697876,0.5836508274078369,-1.2216811455640961,-3.4279758948941965,2,0,0,-0.30347734689712524,-0.43994399905204773,0.5298544764518738,-0.05695909261703491,-0.5836508274078369,0.0,0.3503418564796448,0.18628379702568054,0.11705414950847626,0.02306545525789261,71.39874267578125,1,0.0326445996761322,0.3872453272342682,-0.2695324122905731,0.1740606129169464,0.0,0,0.5237618684768677,-0.2131061851978302,0.22616147994995117,0.1481408178806305,0.0,0,0.840595543384552,-0.32404571771621704,-0.10720136761665344,0.02251768857240677,54.819053649902344,1,0.040047936141490936
400,8.0,walk,0.5,0.0,-0.5,0.3813338875770569,0.628230631351471,-1.5391831398010254,0.5410606861114502,0.5905497074127197,-1.282368550278423,-3.4489588763547103,2,0,0,-0.318764328956604,-0.437190979719162,0.5345697402954102,-0.06578809022903442,-0.5905497074127197,0.0,0.3519660234451294,0.17474710941314697,0.11979334056377411,0.023012816905975342,73.81829833984375,1,0.03280220180749893,0.38812780380249023,-0.26862868666648865,0.1693597137928009,0.0,0,0.45138493180274963,-0.21003475785255432,0.2240503430366516,0.14405164122581482,0.0,0,0.8492371439933777,-0.33281952142715454,-0.11003050208091736,0.022450946271419525,52.53728485107422,1,0.04014517366886139
401,8.02,walk,0.5,0.0,-0.5,0.3806231617927551,0.6218605041503906,-1.5479865074157715,0.5486470460891724,0.599077582359314,-1.3315334258629383,-3.444774104827608,2,0,0,-0.3365202844142914,-0.43332165479660034,0.5399200320243835,-0.077106773853302,-0.599077582359314,-0.0,0.3527078330516815,0.1632252037525177,0.12269523739814758,0.022958330810070038,76.25209045410156,1,0.033432889729738235,0.3871786594390869,-0.2670761048793793,0.16186018288135529,0.0,0,0.3641180396080017,-0.20694853365421295,0.22179736196994781,0.1382542848587036,0.0,0,0.8662724494934082,-0.3414977192878723,-0.11273407936096191,0.022382952272892,50.0089225769043,1,0.04026808962225914
402,8.040000000000001,walk,0.5,0.0,-0.5,0.3796598017215729,0.6151045560836792,-1.5567008256912231,0.5574419498443604,0.6080387234687805,-1.366927679585356,-3.4179999767245697,2,0,0,-0.35679712891578674,-0.4282958507537842,0.5460370779037476,-0.09093409776687622,-0.6080387234687805,0.0,0.3528566062450409,0.15169374644756317,0.12581484019756317,0.022901684045791626,78.58843231201172,1,0.034539904445409775,0.3837288022041321,-0.2647382616996765,0.150655597448349,0.0,0,0.23957952857017517,-0.20397882163524628,0.21905210614204407,0.13020223379135132,0.0,0,0.8820217847824097,-0.3501068353652954,-0.11525791883468628,0.022313401103019714,47.329132080078125,1,0.0404854454100132
403,8.06,walk,0.5,0.0,-0.5,0.378498375415802,0.6079141497612,-1.5653059482574463,0.5679680109024048,0.615016758441925,-1.3860747275413114,-3.3637307086742334,2,0,0,-0.379556268453598,-0.42252182960510254,0.5534270405769348,-0.10699045658111572,-0.615016758441925,0.0,0.35298284888267517,0.14017415046691895,0.12919612228870392,0.022842757403850555,80.47527313232422,1,0.036259975284338,0.3759848475456238,-0.26147159934043884,0.13379788398742676,0.0,0,0.08297794312238693,-0.20170053839683533,0.21524369716644287,0.1187472715973854,0.0,0,0.8843433260917664,-0.35863807797431946,-0.11753138899803162,0.022241823375225067,44.67942810058594,1,0.0410689041018486
404,8.08,walk,0.5,0.0,-0.5,0.37720993161201477,0.600240170955658,-1.5737868547439575,0.5808631181716919,0.6265937685966492,-1.3381162341189496,-3.2692819990576507,2,0,0,-0.4052596986293793,-0.4161328375339508,0.5625515580177307,-0.12548744678497314,-0.6265937685966492,0.0,0.354986310005188,0.12871944904327393,0.13319329917430878,0.02278181165456772,80.77111053466797,1,0.039332449436187744,0.3598121702671051,-0.25638294219970703,0.10752804577350616,0.0,0,0.5066192746162415,-0.20159868896007538,0.2093764841556549,0.10157284885644913,0.0,0,0.8733685612678528,-0.36704063415527344,-0.11920750141143799,0.022167451679706573,41.14767074584961,1,0.04228775203227997
405,8.1,walk,0.5,0.0,-0.5,0.3757580816745758,0.5920314192771912,-1.5821129083633423,0.5989636778831482,0.6637321710586548,-1.1467276101077282,-3.1162353890042365,2,0,0,-0.4373347759246826,-0.40926244854927063,0.5748432278633118,-0.14916354417800903,-0.6637321710586548,0.0,0.36194297671318054,0.11736471951007843,0.13837052881717682,0.022713936865329742,74.12926483154297,1,0.04229132458567619,0.3263956308364868,-0.24511806666851044,0.06752365827560425,0.0,0,1.4975446462631226,-0.20741374790668488,0.19867637753486633,0.07392027974128723,0.0,0,0.9892311692237854,-0.3752032518386841,-0.11986672878265381,0.02209044247865677,32.634429931640625,1,0.042909666895866394
406,8.120000000000001,walk,0.5,0.0,-0.5,0.3724558651447296,0.5836138129234314,-1.5898849964141846,0.5641135573387146,0.8050323128700256,-0.9704236723218913,-2.510210419752165,1,0,0,-0.42684462666511536,-0.3688194155693054,0.5316872596740723,-0.1568976640701294,-0.8050323128700256,0.0,0.3454746603965759,0.15548238158226013,0.15505985915660858,0.023908428847789764,0.0,0,3.5283830165863037,0.27887654304504395,-0.20943735539913177,0.025615744292736053,0.0,0,2.8691015243530273,-0.22702361643314362,0.16986334323883057,0.024591512978076935,0.0,0,2.200146436691284,-0.36789125204086304,-0.1230490505695343,0.022119052708148956,7.543448448181152,1,0.6683803796768188
407,8.14,walk,0.5,0.0,-0.5,0.3665270507335663,0.5759294033050537,-1.5971763134002686,0.5114511251449585,0.6098465323448181,-1.5144856990321363,-2.238138585344581,2,0,0,-0.37674644589424133,-0.345896452665329,0.4878145456314087,-0.12338471412658691,-0.6098465323448181,0.0,0.26793354749679565,0.23994837701320648,0.1475965678691864,0.05196934938430786,0.0,0,4.656845569610596,0.2679117023944855,-0.20156724750995636,0.023241780698299408,103.8696517944336,1,0.05693427100777626,-0.23647594451904297,0.16482892632484436,0.022997424006462097,93.57027435302734,1,0.022701865062117577,-0.33008331060409546,-0.13463249802589417,0.03781329095363617,0.0,0,2.1732335090637207
408,8.16,walk,0.5,0.0,-0.5,0.3629787266254425,0.5686607956886292,-1.6040292978286743,0.5053403973579407,0.5126537084579468,-0.7370087342650227,-2.062323966579752,2,0,0,-0.37527745962142944,-0.3384312391281128,0.4865455627441406,-0.1163332462310791,-0.5126537084579468,0.0,0.2613367736339569,0.31268617510795593,0.13547250628471375,0.07158221304416656,0.0,0,3.8838486671447754,0.26091915369033813,-0.19210553169250488,0.0233190655708313,86.70748138427734,1,0.016666656360030174,-0.24637208878993988,0.16914910078048706,0.02296161651611328,89.20840454101562,1,0.027984552085399628,-0.2906532287597656,-0.13201743364334106,0.04492895305156708,0.0,0,2.2672696113586426
409,8.18,walk,0.5,0.0,-0.5,0.36079028248786926,0.5613382458686829,-1.611042857170105,0.5220070481300354,0.5031514167785645,0.7451927949945789,-1.9264219851167157,2,0,0,-0.3830167353153229,-0.3546682298183441,0.5074073672294617,-0.10519146919250488,-0.5031514167785645,0.0,0.28721728920936584,0.3642197251319885,0.1292169988155365,0.08021074533462524,0.0,0,2.738832712173462,0.25349652767181396,-0.17902491986751556,0.023327305912971497,81.44734191894531,1,0.00931877177208662,-0.2564088702201843,0.17747923731803894,0.02291513979434967,90.25936126708984,1,0.03466078266501427,-0.24811628460884094,-0.11478155851364136,0.05016978085041046,0.0,0,2.459200382232666
410,8.2,walk,0.5,0.0,-0.5,0.35937124490737915,0.5537214875221252,-1.618668556213379,0.5572801828384399,0.5548264384269714,1.7319037470834533,-2.009940257627162,2,0,0,-0.3997018337249756,-0.38832926750183105,0.5467879772186279,-0.09302705526351929,-0.5548264384269714,0.0,0.3100150227546692,0.38885074853897095,0.1261056363582611,0.08241264522075653,0.0,0,1.478413462638855,0.24436894059181213,-0.16898739337921143,0.02331489324569702,82.97035217285156,1,0.014955651946365833,-0.2684667110443115,0.18226106464862823,0.022850364446640015,87.86905670166016,1,0.04027675837278366,-0.214427649974823,-0.09711271524429321,0.05530258268117905,0.0,0,1.990810751914978
411,8.22,walk,0.5,0.0,-0.5,0.3587718605995178,0.545789897441864,-1.6269923448562622,0.5894517302513123,0.5499281883239746,2.0585645877718948,-2.475426614186817,2,0,0,-0.4123244881629944,-0.4212384521961212,0.5833162069320679,-0.07876187562942505,-0.5499281883239746,0.0,0.31068146228790283,0.3855743408203125,0.12027513980865479,0.07562615722417831,0.0,0,0.7422251105308533,0.23251071572303772,-0.16303609311580658,0.023255839943885803,86.99390411376953,1,0.011764004826545715,-0.28352218866348267,0.1825992614030838,0.02277737855911255,84.18606567382812,1,0.044555433094501495,-0.202285498380661,-0.08319781720638275,0.05205424129962921,0.0,0,1.1426082849502563
412,8.24,walk,0.5,0.0,-0.5,0.3591780662536621,0.5377914309501648,-1.6358006000518799,0.6033526659011841,0.47900015115737915,1.7952435063515664,-3.2342147406417476,2,0,0,-0.4092715382575989,-0.4433184564113617,0.6024380326271057,-0.058416903018951416,-0.47900015115737915,0.0,0.29729926586151123,0.35562795400619507,0.10589200258255005,0.05266363173723221,0.0,0,1.4588803052902222,0.21848374605178833,-0.16116459667682648,0.02322135865688324,91.07640075683594,1,0.001980961998924613,-0.3004932403564453,0.1792522817850113,0.022700831294059753,79.55357360839844,1,0.04865895211696625,-0.21105128526687622,-0.0726078450679779,0.03645702451467514,0.0,0,0.686848521232605
413,8.26,walk,0.5,0.0,-0.5,0.3606891632080078,0.5301957726478577,-1.6445211172103882,0.5682582259178162,0.381952166557312,1.338279198163678,-3.7434892265269424,4,0,0,-0.37737715244293213,-0.4248575270175934,0.5727701187133789,-0.040325284004211426,-0.381952166557312,0.0,0.29626426100730896,0.3162776231765747,0.09018504619598389,0.023456014692783356,37.570919036865234,1,0.46493396162986755,0.20591352880001068,-0.16133685410022736,0.02314559370279312,87.74543762207031,1,0.10284926742315292,-0.31538277864456177,0.17489928007125854,0.022616371512413025,69.26805877685547,1,0.054953936487436295,-0.2248992770910263,-0.07206287980079651,0.023268796503543854,33.50065231323242,1,0.035978205502033234
414,8.28,walk,0.5,0.0,-0.5,0.3629100024700165,0.5233034491539001,-1.6524251699447632,0.5003360509872437,0.4187033176422119,0.612640007463229,-3.5174120994336358,3,0,0,-0.33489933609962463,-0.37172383069992065,0.504956066608429,-0.034155428409576416,-0.4187033176422119,0.0,0.289044588804245,0.30687394738197327,0.08880981802940369,0.02353443205356598,78.85110473632812,1,0.013896639458835125,0.22420883178710938,-0.1744944453239441,0.03485187143087387,0.0,0,2.0248830318450928,-0.32599103450775146,0.1722060889005661,0.022626735270023346,0.0,0,0.39727330207824707,-0.23264631628990173,-0.07723015546798706,0.02321438491344452,72.32697296142578,1,0.03887753188610077
415,8.3,walk,0.5,0.0,-0.5,0.3643624782562256,0.5172126889228821,-1.6595518589019775,0.45279547572135925,0.3049752414226532,-0.15571054391227812,-3.3577545065938836,2,0,0,-0.29764851927757263,-0.3412171006202698,0.4553738832473755,-0.019187748432159424,-0.3049752414226532,0.0,0.2692216634750366,0.2981857359409332,0.08671009540557861,0.023529328405857086,76.69866943359375,1,0.015623429790139198,0.27216869592666626,-0.20128478109836578,0.06942340731620789,0.0,0,3.1062498092651367,-0.30326420068740845,0.18540583550930023,0.050634510815143585,0.0,0,2.1531219482421875,-0.23977574706077576,-0.08289408683776855,0.023170843720436096,81.33926391601562,1,0.032129596918821335
416,8.32,walk,0.5,0.0,-0.5,0.36617663502693176,0.5112800002098083,-1.6664201021194458,0.4590129852294922,0.3774918019771576,-0.5119224114881913,-3.3412589594180684,2,0,0,-0.3058015704154968,-0.3423132002353668,0.46389633417129517,-0.020888805389404297,-0.3774918019771576,0.0,0.2799161672592163,0.28899696469306946,0.08687451481819153,0.023513063788414,69.94478607177734,1,0.02872169204056263,0.3087107241153717,-0.22556455433368683,0.09957212209701538,0.0,0,1.9929521083831787,-0.2896277904510498,0.21324977278709412,0.07509464770555496,0.0,0,1.684899926185608,-0.24749332666397095,-0.08619236946105957,0.023134417831897736,83.2060546875,1,0.03359649330377579
417,8.34,walk,0.5,0.0,-0.5,0.36855795979499817,0.505156397819519,-1.6735339164733887,0.4765254557132721,0.4299931526184082,-0.49141001938932066,-3.3376854898216823,2,0,0,-0.31850361824035645,-0.3544459640979767,0.48283374309539795,-0.018958449363708496,-0.4299931526184082,0.0,0.2883405089378357,0.2793577015399933,0.089531809091568,0.023480132222175598,57.031959533691406,1,0.032339103519916534,0.32474008202552795,-0.2405390441417694,0.1211910992860794,0.0,0,1.1156803369522095,-0.2831554710865021,0.23032933473587036,0.09466561675071716,0.0,0,0.977701723575592,-0.25545287132263184,-0.0876721441745758,0.023058176040649414,79.70503234863281,1,0.040710702538490295
418,8.36,walk,0.5,0.0,-0.5,0.3710201680660248,0.4989175498485565,-1.6808280944824219,0.48247021436691284,0.4468788802623749,-0.26204706437713565,-3.244874958388845,2,0,0,-0.32195016741752625,-0.35934051871299744,0.4882239103317261,-0.014719128608703613,-0.4468788802623749,0.0,0.29306861758232117,0.2699980139732361,0.0934666097164154,0.023445770144462585,54.474891662597656,1,0.031066929921507835,0.33196964859962463,-0.251008003950119,0.1374341994524002,0.0,0,0.9029288291931152,-0.27459535002708435,0.23865485191345215,0.11139019578695297,0.0,0,1.023357629776001,-0.26299601793289185,-0.08817914128303528,0.022991709411144257,69.74565887451172,1,0.04499169439077377
419,8.38,walk,0.5,0.0,-0.5,0.37323325872421265,0.4926798641681671,-1.6881275177001953,0.48066818714141846,0.4755726158618927,-0.2012435197664921,-3.2086104958774855,2,0,0,-0.3208775222301483,-0.35788199305534363,0.48573827743530273,-0.01048576831817627,-0.4755726158618927,0.0,0.3010483384132385,0.2602582275867462,0.09632578492164612,0.023408010601997375,61.41590881347656,1,0.033195048570632935,0.3406848907470703,-0.25910288095474243,0.1517127901315689,0.0,0,0.940896213054657,-0.26221033930778503,0.24382029473781586,0.12638571858406067,0.0,0,1.2224079370498657,-0.27081596851348877,-0.08994534611701965,0.022927582263946533,61.65230178833008,1,0.04293361306190491
420,8.4,walk,0.5,0.0,-0.5,0.37528303265571594,0.48641470074653625,-1.695391058921814,0.4822326600551605,0.5057965517044067,-0.34993134855152774,-3.301596050907804,2,0,0,-0.3244919180870056,-0.3567258417606354,0.48728036880493164,-0.008918464183807373,-0.5057965517044067,0.0,0.31176573038101196,0.24970033764839172,0.09790056943893433,0.023365013301372528,64.09902954101562,1,0.03639525547623634,0.35124021768569946,-0.2645876705646515,0.16309329867362976,0.0,0,0.9211716055870056,-0.24992868304252625,0.24578285217285156,0.13788339495658875,0.0,0,1.1644707918167114,-0.27933377027511597,-0.09325695037841797,0.022867277264595032,61.3633918762207,1,0.040947213768959045
421,8.42,walk,0.5,0.0,-0.5,0.3771989941596985,0.480040043592453,-1.7026597261428833,0.4873480796813965,0.5242259502410889,-0.49989508869003346,-3.4486338020389,2,0,0,-0.3314424455165863,-0.35728707909584045,0.49210405349731445,-0.008504331111907959,-0.5242259502410889,0.0,0.32165414094924927,0.23869064450263977,0.09945449233055115,0.023317821323871613,62.33928680419922,1,0.03687538206577301,0.36098015308380127,-0.26744550466537476,0.1711854338645935,0.0,0,0.8295281529426575,-0.23991629481315613,0.24409982562065125,0.14505016803741455,0.0,0,1.045396089553833,-0.28818315267562866,-0.09679913520812988,0.022805936634540558,61.87734603881836,1,0.0410369411110878
422,8.44,walk,0.5,0.0,-0.5,0.37883633375167847,0.4735341966152191,-1.7099562883377075,0.4924893081188202,0.5306320190429688,-0.5917486465871286,-3.5911055717098423,2,0,0,-0.33775925636291504,-0.3584193289279938,0.4963203966617584,-0.007265567779541016,-0.5306320190429688,0.0,0.3298419415950775,0.2275639921426773,0.10129332542419434,0.02326899766921997,62.40254211425781,1,0.03539000079035759,0.3690749704837799,-0.2688089609146118,0.1768116056919098,0.0,0,0.7492198944091797,-0.23191308975219727,0.24042139947414398,0.1490165889263153,0.0,0,0.978333592414856,-0.29705825448036194,-0.10014104843139648,0.022742711007595062,60.19769287109375,1,0.041100140661001205
423,8.46,walk,0.5,0.0,-0.5,0.3800812363624573,0.46690335869789124,-1.717270016670227,0.4968462884426117,0.5335041880607605,-0.6744495909138478,-3.73061047796006,2,0,0,-0.34356021881103516,-0.3589186668395996,0.49943843483924866,-0.006056368350982666,-0.5335041880607605,0.0,0.3365514874458313,0.21633347868919373,0.10307872295379639,0.023219548165798187,64.60063171386719,1,0.03390117362141609,0.3755798935890198,-0.2695120573043823,0.1804194450378418,0.0,0,0.6796437501907349,-0.22565165162086487,0.23669402301311493,0.15077129006385803,0.0,0,0.9171744585037231,-0.3059644103050232,-0.1035432517528534,0.022679395973682404,57.98072052001953,1,0.04050794243812561
424,8.48,walk,0.5,0.0,-0.5,0.3809156119823456,0.4601435363292694,-1.7245787382125854,0.500770092010498,0.537448525428772,-0.7676220156509901,-3.8729810754539216,2,0,0,-0.3499228358268738,-0.3582243323326111,0.5020424127578735,-0.006011247634887695,-0.537448525428772,0.0,0.34171003103256226,0.20497992634773254,0.10469973087310791,0.02316977083683014,67.06879425048828,1,0.03267982229590416,0.3804595172405243,-0.26971757411956787,0.1819232851266861,0.0,0,0.6058259606361389,-0.2210770845413208,0.23368647694587708,0.1506793200969696,0.0,0,0.8545466661453247,-0.31491991877555847,-0.10711255669593811,0.022616155445575714,56.360660552978516,1,0.03989872336387634
425,8.5,walk,0.5,0.0,-0.5,0.3813621699810028,0.45324021577835083,-1.731857419013977,0.5042836666107178,0.5424096584320068,-0.8602950895267809,-4.006404552021889,2,0,0,-0.3572053611278534,-0.35595837235450745,0.504190981388092,-0.007651388645172119,-0.5424096584320068,0.0,0.3452649414539337,0.1935875415802002,0.10625508427619934,0.023119978606700897,69.47251892089844,1,0.03152110055088997,0.3836894631385803,-0.2693922519683838,0.18123796582221985,0.0,0,0.5311256051063538,-0.21777039766311646,0.2313549965620041,0.148978590965271,0.0,0,0.8138999938964844,-0.3238378167152405,-0.11076363921165466,0.02255270630121231,54.8705940246582,1,0.03955257683992386
426,8.52,walk,0.5,0.0,-0.5,0.381451278924942,0.44617271423339844,-1.7390713691711426,0.5074653625488281,0.5482612252235413,-0.9443906197437993,-4.117144970356245,2,0,0,-0.36565858125686646,-0.35187339782714844,0.505981981754303,-0.011322319507598877,-0.5482612252235413,0.0,0.347390353679657,0.18225261569023132,0.10783177614212036,0.02306988835334778,72.15460968017578,1,0.030581604689359665,0.3853566646575928,-0.2685280442237854,0.17839553952217102,0.0,0,0.4602898061275482,-0.2151029109954834,0.2294653058052063,0.14584508538246155,0.0,0,0.8012748956680298,-0.3326222598552704,-0.11441773176193237,0.022488422691822052,53.05450439453125,1,0.0393558144569397
427,8.540000000000001,walk,0.5,0.0,-0.5,0.38121509552001953,0.43891412019729614,-1.7461851835250854,0.51075679063797,0.555387020111084,-1.0163949008608968,-4.200702089567596,2,0,0,-0.3756747841835022,-0.34603604674339294,0.5078619718551636,-0.01723158359527588,-0.555387020111084,0.0,0.3483722507953644,0.1710091531276703,0.10949215292930603,0.023019559681415558,75.03289794921875,1,0.030069643631577492,0.3854902982711792,-0.26713067293167114,0.17336973547935486,0.0,0,0.388832151889801,-0.21261292695999146,0.22775062918663025,0.1413232982158661,0.0,0,0.8058596253395081,-0.341238796710968,-0.11802199482917786,0.022423774003982544,50.950557708740234,1,0.03920913115143776
428,8.56,walk,0.5,0.0,-0.5,0.3806859850883484,0.4314318299293518,-1.753166913986206,0.5145655870437622,0.5639642477035522,-1.0712837951350003,-4.260736891051069,2,0,0,-0.38748735189437866,-0.3385724425315857,0.5102022886276245,-0.025414586067199707,-0.5639642477035522,0.0,0.3484766483306885,0.15983259677886963,0.11131013929843903,0.022968553006649017,77.91130065917969,1,0.030043821781873703,0.38391757011413574,-0.2651479244232178,0.16593459248542786,0.0,0,0.30695196986198425,-0.21016466617584229,0.22593867778778076,0.1352902203798294,0.0,0,0.8145540356636047,-0.34971103072166443,-0.12151476740837097,0.022358380258083344,48.651580810546875,1,0.03907943144440651
429,8.58,walk,0.5,0.0,-0.5,0.37989863753318787,0.4236905574798584,-1.7599821090698242,0.5190460085868835,0.573278546333313,-1.1048264272621098,-4.303014481352979,2,0,0,-0.4011233448982239,-0.3294067680835724,0.5130740404129028,-0.03590357303619385,-0.573278546333313,0.0,0.3479974567890167,0.14868314564228058,0.11335115134716034,0.02291632443666458,80.63326263427734,1,0.030505895614624023,0.3801884651184082,-0.2624530494213104,0.1555437594652176,0.0,0,0.20017117261886597,-0.2079186737537384,0.2237710952758789,0.12734706699848175,0.0,0,0.8188754916191101,-0.3580785095691681,-0.12483426928520203,0.02229224145412445,46.158138275146484,1,0.03899121657013893
430,8.6,walk,0.5,0.0,-0.5,0.37889909744262695,0.4156583547592163,-1.7665972709655762,0.5243629813194275,0.58137047290802,-1.1179950319818943,-4.327387584519346,2,0,0,-0.4164179861545563,-0.31867319345474243,0.5165784358978271,-0.048467278480529785,-0.58137047290802,0.0,0.3474612534046173,0.13756082952022552,0.11563804745674133,0.022862479090690613,82.86154174804688,1,0.03140052407979965,0.3730837106704712,-0.25891822576522827,0.14082571864128113,0.0,0,0.022436248138546944,-0.20629528164863586,0.2207905352115631,0.11665686964988708,0.0,0,0.813683807849884,-0.36635130643844604,-0.12793976068496704,0.02222488820552826,43.51195526123047,1,0.039078790694475174
431,8.620000000000001,walk,0.5,0.0,-0.5,0.37774503231048584,0.40730127692222595,-1.7729798555374146,0.5310643315315247,0.591723620891571,-1.0816314250058638,-4.324600867337981,2,0,0,-0.43375563621520996,-0.3064071834087372,0.5211283564567566,-0.06328290700912476,-0.591723620891571,0.0,0.34812891483306885,0.12651464343070984,0.1183830201625824,0.022807642817497253,83.91385650634766,1,0.03303241357207298,0.35959336161613464,-0.25400808453559875,0.11889602988958359,0.0,0,0.339760959148407,-0.206350177526474,0.2161782830953598,0.10140205919742584,0.0,0,0.7939161062240601,-0.3744916021823883,-0.1306128203868866,0.022155918180942535,40.26716613769531,1,0.03959936648607254
432,8.64,walk,0.5,0.0,-0.5,0.37647026777267456,0.3985884487628937,-1.7790911197662354,0.5392582416534424,0.6213123202323914,-0.897150149957935,-4.281784545865286,2,0,0,-0.4534989595413208,-0.291784405708313,0.5263347029685974,-0.08099257946014404,-0.6213123202323914,0.0,0.3546338975429535,0.11558374762535095,0.12226137518882751,0.02275136113166809,80.77555847167969,1,0.03619503974914551,0.3322409391403198,-0.2453937530517578,0.08415883034467697,0.0,0,1.1665852069854736,-0.21078258752822876,0.20807614922523499,0.07771065831184387,0.0,0,0.8320732712745667,-0.38242360949516296,-0.13227832317352295,0.022084996104240417,34.42887878417969,1,0.04054184630513191
433,8.66,walk,0.5,0.0,-0.5,0.37455329298973083,0.3894846439361572,-1.784780740737915,0.5392078161239624,0.7471678853034973,-0.6081813880390916,-4.084001904295581,2,0,0,-0.47031527757644653,-0.2637207508087158,0.5182863473892212,-0.10636898875236511,-0.7471678853034973,0.0,0.3510565161705017,0.10539353638887405,0.1272577941417694,0.02272939682006836,65.58206176757812,1,0.03221523016691208,0.28741979598999023,-0.22010266780853271,0.04489044100046158,0.0,0,2.408785581588745,-0.22489601373672485,0.18945837020874023,0.03933081030845642,0.0,0,1.4247030019760132,-0.38928768038749695,-0.133479505777359,0.022017568349838257,15.54877758026123,1,0.03986097127199173
434,8.68,walk,0.5,0.0,-0.5,0.3701472282409668,0.3808176517486572,-1.7895960807800293,0.4607164263725281,0.7160342335700989,-0.7389018706038798,-3.4621144610263896,2,0,0,-0.4108678698539734,-0.20843996107578278,0.43424153327941895,-0.10468512773513794,-0.7160342335700989,0.0,0.28568899631500244,0.16363294422626495,0.13822069764137268,0.03767092525959015,0.0,0,4.298061370849609,0.2554636299610138,-0.1925659477710724,0.02328123152256012,117.45128631591797,1,0.10813436657190323,-0.23587527871131897,0.1777341514825821,0.022982090711593628,83.53523254394531,1,0.03274752199649811,-0.36172452569007874,-0.13918212056159973,0.030133001506328583,0.0,0,1.5407332181930542
435,8.700000000000001,walk,0.5,0.0,-0.5,0.3668147623538971,0.3729344606399536,-1.793818712234497,0.4484718143939972,0.5435891151428223,-0.7043979960727969,-3.012674993591445,2,0,0,-0.39964938163757324,-0.20348794758319855,0.4307514429092407,-0.094856858253479,-0.5435891151428223,0.0,0.25043612718582153,0.24729660153388977,0.1366659700870514,0.052661970257759094,0.0,0,4.488564491271973,0.25129643082618713,-0.18765310943126678,0.02330613136291504,86.30614471435547,1,0.018050789833068848,-0.2433842122554779,0.1771160513162613,0.022994033992290497,80.35554504394531,1,0.04073295369744301,-0.3159977197647095,-0.13659289479255676,0.04354734718799591,0.0,0,2.2835798263549805
436,8.72,walk,0.5,0.0,-0.5,0.36487719416618347,0.3650478720664978,-1.7981129884719849,0.459642231464386,0.4639159142971039,0.22990048556377973,-2.7237605530208446,2,0,0,-0.407780259847641,-0.2120995819568634,0.4465735852718353,-0.08686110377311707,-0.4639159142971039,0.0,0.26518514752388,0.3244918882846832,0.12924006581306458,0.07583075016736984,0.0,0,3.9311130046844482,0.24582022428512573,-0.1781703531742096,0.02330361306667328,79.47207641601562,1,0.015867820009589195,-0.2514612674713135,0.1820690631866455,0.022945359349250793,85.1119155883789,1,0.043688613921403885,-0.27382951974868774,-0.1211538016796112,0.05066782981157303,0.0,0,2.308056116104126
437,8.74,walk,0.5,0.0,-0.5,0.36371782422065735,0.3568122088909149,-1.8027063608169556,0.49172893166542053,0.5031093955039978,1.088485840003089,-2.64039958830472,2,0,0,-0.4333324134349823,-0.2324228137731552,0.4817866086959839,-0.0816236138343811,-0.5031093955039978,0.0,0.3033866882324219,0.3781990110874176,0.12441080808639526,0.09008566290140152,0.0,0,2.67092227935791,0.23872119188308716,-0.169376403093338,0.023294493556022644,79.36478424072266,1,0.014287770725786686,-0.2611507773399353,0.18635253608226776,0.022889845073223114,84.90495300292969,1,0.04849397763609886,-0.23658940196037292,-0.10307452082633972,0.054996319115161896,0.0,0,2.1896414756774902
438,8.76,walk,0.5,0.0,-0.5,0.3631114959716797,0.34787341952323914,-1.8078304529190063,0.5358799695968628,0.5851704478263855,1.5997021273249772,-2.9346172438790123,2,0,0,-0.4703730046749115,-0.25674232840538025,0.5284777879714966,-0.07990583777427673,-0.5851704478263855,0.0,0.3254392147064209,0.3990797996520996,0.12211698293685913,0.09552868455648422,0.0,0,1.216598629951477,0.22889989614486694,-0.16240619122982025,0.023244351148605347,82.32426452636719,1,0.008847345598042011,-0.2741830348968506,0.187931627035141,0.022826984524726868,85.71640014648438,1,0.048673681914806366,-0.21232593059539795,-0.08827188611030579,0.057356663048267365,0.0,0,1.591611385345459
439,8.78,walk,0.5,0.0,-0.5,0.3633500337600708,0.3383188545703888,-1.813469409942627,0.5694099068641663,0.5590466260910034,1.5957824525150361,-3.6414820588200945,2,0,0,-0.49533742666244507,-0.2808353006839752,0.566676139831543,-0.07061654329299927,-0.5590466260910034,0.0,0.3189121186733246,0.3868361711502075,0.11616861820220947,0.08592986315488815,0.0,0,0.7280989289283752,0.21603798866271973,-0.1586025357246399,0.023189358413219452,86.32636260986328,1,0.009398494847118855,-0.2904506027698517,0.186019167304039,0.02275681495666504,80.70397186279297,1,0.06622067093849182,-0.20904609560966492,-0.07772029936313629,0.04923972487449646,0.0,0,0.8685576319694519
440,8.8,walk,0.5,0.0,-0.5,0.36465632915496826,0.3286154270172119,-1.8193968534469604,0.5770320892333984,0.408866286277771,0.9594087116247764,-4.545911803051088,2,0,0,-0.4949018359184265,-0.29671230912208557,0.5803627967834473,-0.05232274532318115,-0.408866286277771,0.0,0.3093154728412628,0.3431731164455414,0.09893283247947693,0.05054193735122681,0.0,0,2.0590367317199707,0.20145708322525024,-0.15935809910297394,0.023158609867095947,87.19172668457031,1,0.03100253827869892,-0.3077896237373352,0.18056334555149078,0.022682122886180878,73.08189392089844,1,0.09167388826608658,-0.22316902875900269,-0.07113015651702881,0.025958530604839325,0.0,0,0.6119780540466309
441,8.82,walk,0.5,0.0,-0.5,0.3669285476207733,0.3193840980529785,-1.824973225593567,0.5188531279563904,0.3310689330101013,0.07823155268040462,-4.55210422330735,4,0,0,-0.44883397221565247,-0.26030102372169495,0.5258267521858215,-0.04967173933982849,-0.3310689330101013,0.0,0.32132887840270996,0.3089413046836853,0.0863257348537445,0.023467011749744415,68.38250732421875,1,0.016392912715673447,0.19944047927856445,-0.16683971881866455,0.023146115243434906,37.29943084716797,1,0.6011648178100586,-0.31900593638420105,0.1742178350687027,0.022580981254577637,44.89295959472656,1,0.10651227831840515,-0.23260065913200378,-0.07673472166061401,0.02324032038450241,62.511070251464844,1,0.0412304662168026
442,8.84,walk,0.5,0.0,-0.5,0.3689495623111725,0.3109637200832367,-1.8299678564071655,0.470505028963089,0.3420945703983307,-0.612313865930361,-4.155683032087572,2,0,0,-0.4072131812572479,-0.23569557070732117,0.4734848737716675,-0.041182368993759155,-0.3420945703983307,0.0,0.2938457727432251,0.30126574635505676,0.08501684665679932,0.023473650217056274,75.4117431640625,1,0.014266357757151127,0.24066200852394104,-0.18598248064517975,0.05339740216732025,0.0,0,3.0083861351013184,-0.3086223006248474,0.18498976528644562,0.040529072284698486,0.0,0,1.6328930854797363,-0.23875166475772858,-0.08140990138053894,0.023188039660453796,77.9000244140625,1,0.03652927279472351
443,8.86,walk,0.5,0.0,-0.5,0.3705488443374634,0.30312034487724304,-1.8347904682159424,0.4585247039794922,0.37981048226356506,-1.2040253200030246,-3.928187360081019,2,0,0,-0.3938412666320801,-0.23480619490146637,0.46175524592399597,-0.02999579906463623,-0.37981048226356506,0.0,0.291976660490036,0.2931061089038849,0.08415991067886353,0.023471690714359283,67.9005355834961,1,0.021144945174455643,0.2884458005428314,-0.2153264731168747,0.08727884292602539,0.0,0,2.7703521251678467,-0.29151976108551025,0.20847347378730774,0.07189950346946716,0.0,0,1.796849250793457,-0.24531574547290802,-0.08600550889968872,0.023155905306339264,82.18179321289062,1,0.03269115462899208
444,8.88,walk,0.5,0.0,-0.5,0.3724910020828247,0.29501861333847046,-1.8396878242492676,0.48321229219436646,0.471624493598938,-1.192653268478365,-3.682843549999576,2,0,0,-0.4198904037475586,-0.23913633823394775,0.48727068305015564,-0.036470115184783936,-0.471624493598938,0.0,0.3019990921020508,0.2847103774547577,0.08731675148010254,0.023466721177101135,53.91676330566406,1,0.03092857263982296,0.31697025895118713,-0.2348370999097824,0.11394897103309631,0.0,0,1.5560495853424072,-0.28771647810935974,0.23027071356773376,0.09332659840583801,0.0,0,0.9804260730743408,-0.25190412998199463,-0.08735039830207825,0.023092739284038544,79.27757263183594,1,0.04104084149003029
445,8.9,walk,0.5,0.0,-0.5,0.374509334564209,0.28657716512680054,-1.8447877168655396,0.498653382062912,0.4640504717826843,-0.854417178137456,-3.3523319767231285,2,0,0,-0.43326741456985474,-0.2468492090702057,0.5020543932914734,-0.033558547496795654,-0.4640504717826843,0.0,0.30606862902641296,0.2764001190662384,0.09252873063087463,0.02343612164258957,49.791954040527344,1,0.027371810749173164,0.3288804590702057,-0.24769127368927002,0.13171808421611786,0.0,0,1.0499000549316406,-0.28255873918533325,0.23978735506534576,0.10949291288852692,0.0,0,0.829768180847168,-0.2582593262195587,-0.08695951104164124,0.023011215031147003,69.974365234375,1,0.04641583561897278
446,8.92,walk,0.5,0.0,-0.5,0.376196950674057,0.27802976965904236,-1.8499031066894531,0.49860239028930664,0.4772462546825409,-0.6240145669479745,-3.1060560592633903,2,0,0,-0.4343680739402771,-0.24480345845222473,0.5008878707885742,-0.03164699673652649,-0.4772462546825409,0.0,0.30985555052757263,0.26748019456863403,0.09695476293563843,0.023393481969833374,60.150146484375,1,0.024571727961301804,0.3375605046749115,-0.2569541037082672,0.1458778977394104,0.0,0,0.9546619057655334,-0.2707798182964325,0.24466058611869812,0.12346850335597992,0.0,0,1.200065016746521,-0.2651693522930145,-0.08732372522354126,0.02294379472732544,59.38423156738281,1,0.044239871203899384
447,8.94,walk,0.5,0.0,-0.5,0.37765371799468994,0.26948830485343933,-1.8549226522445679,0.49672287702560425,0.5143389105796814,-0.6957191201543849,-3.0719665851158564,2,0,0,-0.4350319802761078,-0.23975148797035217,0.49886319041252136,-0.031152188777923584,-0.5143389105796814,0.0,0.3172953724861145,0.25728699564933777,0.09951770305633545,0.02335115522146225,66.94677734375,1,0.026748722419142723,0.3480803966522217,-0.2631288170814514,0.15716682374477386,0.0,0,0.9584984183311462,-0.25603795051574707,0.24624386429786682,0.13546758890151978,0.0,0,1.289762020111084,-0.27325311303138733,-0.08976417779922485,0.022884055972099304,60.186248779296875,1,0.04038363695144653
448,8.96,walk,0.5,0.0,-0.5,0.3790501356124878,0.2608639597892761,-1.8598566055297852,0.5007756948471069,0.5451489090919495,-0.8443892864971136,-3.1534716593684418,2,0,0,-0.44182920455932617,-0.23571863770484924,0.5028190016746521,-0.03265002369880676,-0.5451489090919495,0.0,0.3255123198032379,0.24630767107009888,0.10166424512863159,0.023309849202632904,64.98943328857422,1,0.029417088255286217,0.35850995779037476,-0.26615116000175476,0.16516786813735962,0.0,0,0.8753319382667542,-0.243211567401886,0.24400106072425842,0.14364519715309143,0.0,0,1.1640489101409912,-0.28199145197868347,-0.09292042255401611,0.022824592888355255,63.58855438232422,1,0.03993542492389679
449,8.98,walk,0.5,0.0,-0.5,0.3802875280380249,0.25208649039268494,-1.8647432327270508,0.5068684816360474,0.5586526989936829,-0.9220841824098897,-3.238134842338512,2,0,0,-0.44994038343429565,-0.2333865463733673,0.5082544088363647,-0.03337782621383667,-0.5586526989936829,0.0,0.33266013860702515,0.235152930021286,0.1042473316192627,0.023264795541763306,63.384765625,1,0.02858416549861431,0.36738523840904236,-0.2673640549182892,0.17064547538757324,0.0,0,0.7901996970176697,-0.23330682516098022,0.23938141763210297,0.14829906821250916,0.0,0,1.054453730583191,-0.2907903790473938,-0.09581175446510315,0.022762201726436615,63.285465240478516,1,0.04065094515681267
450,9.0,walk,0.5,0.0,-0.5,0.38120877742767334,0.24314869940280914,-1.869587779045105,0.5125704407691956,0.5626283288002014,-0.9750928536715355,-3.311139319282193,2,0,0,-0.45748066902160645,-0.23117074370384216,0.5129398107528687,-0.03368711471557617,-0.5626283288002014,0.0,0.3388259708881378,0.2239200621843338,0.10690894722938538,0.023217417299747467,65.19673156738281,1,0.02655729092657566,0.3746761083602905,-0.26809635758399963,0.17439311742782593,0.0,0,0.7266113758087158,-0.22585752606391907,0.23470625281333923,0.1506466269493103,0.0,0,0.9675517082214355,-0.2995866537094116,-0.09865805506706238,0.022698774933815002,60.86408615112305,1,0.04053843393921852
451,9.02,walk,0.5,0.0,-0.5,0.38176611065864563,0.23404905200004578,-1.8743692636489868,0.518083393573761,0.5656622052192688,-1.0462575551292503,-3.3908764417568027,2,0,0,-0.46539267897605896,-0.22764022648334503,0.5173226594924927,-0.035205453634262085,-0.5656622052192688,0.0,0.34388864040374756,0.21251411736011505,0.10937461256980896,0.02316894382238388,67.78657531738281,1,0.02521372400224209,0.38036733865737915,-0.2686294615268707,0.17639434337615967,0.0,0,0.6590888500213623,-0.22059953212738037,0.23113229870796204,0.15119442343711853,0.0,0,0.8847736120223999,-0.3084888458251953,-0.10169178247451782,0.022634953260421753,58.785987854003906,1,0.04009666293859482
452,9.040000000000001,walk,0.5,0.0,-0.5,0.3819827437400818,0.22477708756923676,-1.879054307937622,0.5234590768814087,0.5690324902534485,-1.1284943133966734,-3.4725644370130975,2,0,0,-0.47398197650909424,-0.22214969992637634,0.5214675068855286,-0.038640350103378296,-0.5690324902534485,0.0,0.34760308265686035,0.20097294449806213,0.1117171049118042,0.023120753467082977,69.9595718383789,1,0.024708282202482224,0.3843563497066498,-0.26880308985710144,0.1763322353363037,0.0,0,0.5848099589347839,-0.21699854731559753,0.2285626232624054,0.15008807182312012,0.0,0,0.8307428956031799,-0.3174571990966797,-0.10484308004379272,0.02257070690393448,57.08305358886719,1,0.039926834404468536
453,9.06,walk,0.5,0.0,-0.5,0.3818877339363098,0.21532030403614044,-1.8836021423339844,0.5286259055137634,0.5732600092887878,-1.2086867106681467,-3.5385397955271896,2,0,0,-0.483224481344223,-0.21433483064174652,0.5252304673194885,-0.04431077837944031,-0.5732600092887878,0.0,0.3500257134437561,0.18941490352153778,0.1140582263469696,0.02307227998971939,72.1175765991211,1,0.02538345195353031,0.3866991698741913,-0.26848894357681274,0.1740640252828598,0.0,0,0.5129637122154236,-0.21417033672332764,0.22653989493846893,0.1474965512752533,0.0,0,0.8179436922073364,-0.32637345790863037,-0.10799959301948547,0.0225055068731308,55.077701568603516,1,0.03997993469238281
454,9.08,walk,0.5,0.0,-0.5,0.3815027177333832,0.20566168427467346,-1.8879656791687012,0.5340321063995361,0.5793635249137878,-1.2820997183015594,-3.5798483527406035,2,0,0,-0.4934840202331543,-0.20411717891693115,0.5289982557296753,-0.05244678258895874,-0.5793635249137878,0.0,0.3513765037059784,0.1778983473777771,0.11647504568099976,0.023023664951324463,74.44998168945312,1,0.027904821559786797,0.3874598443508148,-0.2676071226596832,0.16950106620788574,0.0,0,0.4411563277244568,-0.21142169833183289,0.22466787695884705,0.14348337054252625,0.0,0,0.8318589329719543,-0.33517539501190186,-0.11109799146652222,0.022439196705818176,52.67109298706055,1,0.04006607457995415
455,9.1,walk,0.5,0.0,-0.5,0.38084736466407776,0.1957777887582779,-1.8920985460281372,0.5402399301528931,0.5876485705375671,-1.3445283943674164,-3.598207687786186,2,0,0,-0.5051155090332031,-0.1916181594133377,0.53326416015625,-0.06306824088096619,-0.5876485705375671,0.0,0.35188591480255127,0.16640682518482208,0.11904221773147583,0.02297387272119522,76.7212905883789,1,0.03266178071498871,0.38646939396858215,-0.26607048511505127,0.1623239815235138,0.0,0,0.3573010265827179,-0.20852568745613098,0.22261762619018555,0.13789379596710205,0.0,0,0.8528871536254883,-0.34387466311454773,-0.11408254504203796,0.022371619939804077,50.0870475769043,1,0.04014173895120621
456,9.120000000000001,walk,0.5,0.0,-0.5,0.37994688749313354,0.18564216792583466,-1.8959561586380005,0.5475093722343445,0.5971153378486633,-1.3915915993999777,-3.597110588650753,2,0,0,-0.5181646347045898,-0.17683875560760498,0.5381969213485718,-0.07614642381668091,-0.5971153378486633,0.0,0.3518161177635193,0.15491054952144623,0.1218317300081253,0.022922217845916748,78.80465698242188,1,0.04031841456890106,0.3831835985183716,-0.2637561857700348,0.15180984139442444,0.0,0,0.24279119074344635,-0.2056548297405243,0.22008831799030304,0.1302497684955597,0.0,0,0.8689631819725037,-0.35249900817871094,-0.11689040064811707,0.02230294793844223,47.41242980957031,1,0.04027325659990311
457,9.14,walk,0.5,0.0,-0.5,0.3788451552391052,0.17522771656513214,-1.899496078491211,0.5562354326248169,0.6051540374755859,-1.4213905408099798,-3.572853385256864,2,0,0,-0.5326884388923645,-0.160127654671669,0.5441699624061584,-0.09135252237319946,-0.6051540374755859,0.0,0.3516601324081421,0.14342337846755981,0.12488442659378052,0.022867798805236816,80.43367004394531,1,0.05295507237315178,0.37611833214759827,-0.2605534791946411,0.13631299138069153,0.0,0,0.06909811496734619,-0.20336034893989563,0.21660517156124115,0.11956174671649933,0.0,0,0.8703020811080933,-0.36104273796081543,-0.11946159601211548,0.022232361137866974,44.76710510253906,1,0.04070267453789711
458,9.16,walk,0.5,0.0,-0.5,0.3776082396507263,0.1645042598247528,-1.90267813205719,0.567066490650177,0.6161649823188782,-1.3965338815947166,-3.5133393856976043,2,0,0,-0.5491441488265991,-0.14143948256969452,0.5517241358757019,-0.10882830619812012,-0.6161649823188782,0.0,0.35285425186157227,0.13200132548809052,0.12846769392490387,0.022809498012065887,81.07911682128906,1,0.07796813547611237,0.3618209958076477,-0.25578343868255615,0.1125955730676651,0.0,0,0.39113473892211914,-0.20292478799819946,0.2113267481327057,0.10379832237958908,0.0,0,0.8541984558105469,-0.36945682764053345,-0.12152794003486633,0.022159159183502197,41.498600006103516,1,0.04170724004507065
459,9.18,walk,0.5,0.0,-0.5,0.37625956535339355,0.15345683693885803,-1.9054547548294067,0.5797654986381531,0.651978611946106,-1.2165724842300438,-3.4074025113404716,2,0,0,-0.5672796368598938,-0.1196739599108696,0.5600221753120422,-0.12924398481845856,-0.651978611946106,0.0,0.3612784147262573,0.12066109478473663,0.13328956067562103,0.022726230323314667,79.95988464355469,1,0.11477592587471008,0.3319854140281677,-0.2466241717338562,0.07466238737106323,0.0,0,1.3292680978775024,-0.20753034949302673,0.20215903222560883,0.07878212630748749,0.0,0,0.9090185761451721,-0.3776668310165405,-0.12252441048622131,0.022083468735218048,34.728477478027344,1,0.04299722984433174
460,9.200000000000001,walk,0.5,0.0,-0.5,0.374146044254303,0.14210112392902374,-1.9076545238494873,0.5804982781410217,0.8030081987380981,-1.0086812694104252,-3.127831129224214,2,0,0,-0.5743849277496338,-0.08402486145496368,0.5509116649627686,-0.15750756859779358,-0.8030081987380981,0.0,0.35187938809394836,0.11003182083368301,0.13881950080394745,0.02271745353937149,61.78833770751953,1,0.11150867491960526,0.2863249182701111,-0.21747088432312012,0.036222755908966064,0.0,0,2.5793704986572266,-0.22269472479820251,0.18083569407463074,0.038964785635471344,0.0,0,1.5779169797897339,-0.38470467925071716,-0.12360236048698425,0.022011682391166687,13.02035903930664,1,0.04101647064089775
461,9.22,walk,0.5,0.0,-0.5,0.3697173297405243,0.13171513378620148,-1.909227967262268,0.48956653475761414,0.7683594822883606,-0.850148843514727,-2.634513032457227,2,0,0,-0.4865739941596985,-0.05404762178659439,0.45920437574386597,-0.14244559407234192,-0.7683594822883606,0.0,0.2841193377971649,0.16738642752170563,0.14632466435432434,0.03849394619464874,0.0,0,4.281216144561768,0.26529011130332947,-0.19515544176101685,0.023190177977085114,106.08651733398438,1,0.05399700254201889,-0.23494216799736023,0.17001427710056305,0.022964388132095337,85.36225891113281,1,0.03187244012951851,-0.35484570264816284,-0.12839174270629883,0.03165643662214279,0.0,0,1.743120789527893
462,9.24,walk,0.5,0.0,-0.5,0.3667541444301605,0.12234694510698318,-1.9105675220489502,0.4754710793495178,0.5548762679100037,-0.5865318761651197,-2.4329340863694635,2,0,0,-0.4719298183917999,-0.05792250484228134,0.4534195363521576,-0.1256978064775467,-0.5548762679100037,0.0,0.251569002866745,0.25241830945014954,0.13973379135131836,0.05481106787919998,0.0,0,4.754478931427002,0.25927916169166565,-0.18812239170074463,0.02329852432012558,83.75089263916016,1,0.016476033255457878,-0.24433156847953796,0.17121140658855438,0.022974714636802673,81.60799407958984,1,0.040782470256090164,-0.3094867169857025,-0.12935605645179749,0.04516690969467163,0.0,0,2.3459954261779785
463,9.26,walk,0.5,0.0,-0.5,0.3651312291622162,0.11303462088108063,-1.9119724035263062,0.4818706512451172,0.48176446557044983,0.39737269526809915,-2.302179933106501,2,0,0,-0.47758427262306213,-0.0641293004155159,0.46432679891586304,-0.11576441675424576,-0.48176446557044983,0.0,0.27095144987106323,0.3312903046607971,0.1297091841697693,0.07686569541692734,0.0,0,4.100162982940674,0.2525833249092102,-0.17770585417747498,0.023321300745010376,78.71314239501953,1,0.016733143478631973,-0.25365138053894043,0.1769181340932846,0.022925622761249542,85.65222930908203,1,0.04470624029636383,-0.2661285698413849,-0.11875414848327637,0.05259626358747482,0.0,0,2.403254270553589
464,9.28,walk,0.5,0.0,-0.5,0.36422696709632874,0.10328660160303116,-1.9136229753494263,0.5164539217948914,0.5307135581970215,1.329986601459342,-2.3057395288811358,2,0,0,-0.5103318691253662,-0.07928454875946045,0.5027474761009216,-0.10833820700645447,-0.5307135581970215,0.0,0.3106846511363983,0.38474392890930176,0.12462079524993896,0.09137827157974243,0.0,0,2.652555227279663,0.24470853805541992,-0.16779358685016632,0.023304767906665802,78.69355773925781,1,0.013200663030147552,-0.2642256021499634,0.18197636306285858,0.02286446839570999,85.57850646972656,1,0.04955964535474777,-0.22806987166404724,-0.10386255383491516,0.05718375742435455,0.0,0,2.202899932861328
465,9.3,walk,0.5,0.0,-0.5,0.3638797402381897,0.09264504909515381,-1.9156471490859985,0.5638220310211182,0.5989428162574768,1.8002735137884578,-2.689838205064565,2,0,0,-0.5556060075759888,-0.0959022268652916,0.5536873936653137,-0.10362175107002258,-0.5989428162574768,0.0,0.3299500644207001,0.4025859832763672,0.12230947613716125,0.0963241457939148,0.0,0,1.109113097190857,0.23397693037986755,-0.16045701503753662,0.023252330720424652,82.03924560546875,1,0.010457664728164673,-0.2782256007194519,0.18360336124897003,0.02279486507177353,85.2885513305664,1,0.051993489265441895,-0.2057652473449707,-0.09066776931285858,0.05868986248970032,0.0,0,1.4935100078582764
466,9.32,walk,0.5,0.0,-0.5,0.3644264042377472,0.08126604557037354,-1.9180368185043335,0.5960484743118286,0.5379473567008972,1.6448257720766664,-3.4934319455879557,2,0,0,-0.5848567485809326,-0.11496257036924362,0.5918681621551514,-0.09058605134487152,-0.5379473567008972,0.0,0.32025888562202454,0.3859995901584625,0.11481410264968872,0.08438996970653534,0.0,0,0.8825938105583191,0.22005406022071838,-0.15713942050933838,0.023195601999759674,86.47940826416016,1,0.010083108209073544,-0.2954309582710266,0.18116861581802368,0.022718623280525208,79.32716369628906,1,0.07169248163700104,-0.20631995797157288,-0.08017800748348236,0.04817923158407211,0.0,0,0.8071460127830505
467,9.34,walk,0.5,0.0,-0.5,0.36598914861679077,0.06978371739387512,-1.920650839805603,0.5962288975715637,0.3782315254211426,0.7308594829387485,-4.414070795936447,3,0,0,-0.5815103054046631,-0.13166126608848572,0.5981926321983337,-0.06785598397254944,-0.3782315254211426,0.0,0.3156374394893646,0.3382115662097931,0.0945177972316742,0.044362567365169525,0.0,0,2.259323835372925,0.20490139722824097,-0.15934254229068756,0.023158200085163116,84.64508056640625,1,0.052968963980674744,-0.31307724118232727,0.1745770424604416,0.0226370170712471,70.568115234375,1,0.0976826399564743,-0.22200171649456024,-0.07466903328895569,0.023004092276096344,33.69980239868164,1,0.5331181287765503
468,9.36,walk,0.5,0.0,-0.5,0.36736395955085754,0.05888113006949425,-1.9231398105621338,0.5356172323226929,0.47050657868385315,-0.048774067368050324,-4.208876118456809,3,0,0,-0.5249227285385132,-0.106498584151268,0.5336847305297852,-0.06713375449180603,-0.47050657868385315,0.0,0.3160901665687561,0.30497249960899353,0.0824078917503357,0.023465901613235474,71.99752044677734,1,0.017075173556804657,0.2216711938381195,-0.1719561666250229,0.029084816575050354,0.0,0,2.004606008529663,-0.3240022659301758,0.16890642046928406,0.02254170924425125,14.584229469299316,1,0.048398613929748535,-0.2304791957139969,-0.07985256612300873,0.023238390684127808,77.84675598144531,1,0.03810981288552284
469,9.38,walk,0.5,0.0,-0.5,0.3678913116455078,0.04894207417964935,-1.9253463745117188,0.492267906665802,0.30904918909072876,-0.68890365857977,-3.679600063917466,2,0,0,-0.4818960130214691,-0.10051830857992172,0.4891171455383301,-0.055152639746665955,-0.30904918909072876,0.0,0.288147896528244,0.2976629436016083,0.08188647031784058,0.023463457822799683,82.52159881591797,1,0.017239117994904518,0.2714325487613678,-0.19518287479877472,0.06221979856491089,0.0,0,3.025092840194702,-0.3050432801246643,0.1793716996908188,0.04635091871023178,0.0,0,1.857977032661438,-0.23610736429691315,-0.08417041599750519,0.02318783849477768,80.51820373535156,1,0.03341706469655037
470,9.4,walk,0.5,0.0,-0.5,0.3687170445919037,0.039404839277267456,-1.9273850917816162,0.48922938108444214,0.37236636877059937,-0.9893569567011666,-3.4386598048599772,2,0,0,-0.4800381064414978,-0.09438646584749222,0.4881363809108734,-0.056252360343933105,-0.37236636877059937,0.0,0.2913961708545685,0.2891218662261963,0.08308157324790955,0.02348552644252777,74.996337890625,1,0.018991295248270035,0.3100006878376007,-0.2190411537885666,0.09138961881399155,0.0,0,2.1562485694885254,-0.29096719622612,0.20690849423408508,0.07046002894639969,0.0,0,1.7314972877502441,-0.24310444295406342,-0.08646667003631592,0.023150809109210968,82.4273681640625,1,0.033669885247945786
471,9.42,walk,0.5,0.0,-0.5,0.3702404797077179,0.02971522882580757,-1.9294325113296509,0.5004503130912781,0.4321436583995819,-1.0553962415170217,-3.3226919439330347,2,0,0,-0.4917415678501129,-0.09295570105314255,0.501579999923706,-0.056246280670166016,-0.4321436583995819,0.0,0.2969517111778259,0.27964192628860474,0.08592426776885986,0.02345985174179077,67.8380355834961,1,0.025969812646508217,0.32835760712623596,-0.23550733923912048,0.11294811218976974,0.0,0,1.2512803077697754,-0.28328534960746765,0.22563129663467407,0.09055488556623459,0.0,0,1.0650397539138794,-0.2508738934993744,-0.0877465009689331,0.023077644407749176,80.61682891845703,1,0.038622040301561356
472,9.44,walk,0.5,0.0,-0.5,0.3721645474433899,0.01987474411725998,-1.9314815998077393,0.5051088333129883,0.4620697498321533,-0.8542422079008273,-3.16924790224729,2,0,0,-0.49694085121154785,-0.09046927839517593,0.5066118240356445,-0.05572138726711273,-0.4620697498321533,0.0,0.29866692423820496,0.2701953649520874,0.09051601588726044,0.023431219160556793,60.68522262573242,1,0.027436882257461548,0.3354742228984833,-0.246868297457695,0.1288493424654007,0.0,0,0.9511927366256714,-0.27458304166793823,0.23450104892253876,0.10762456804513931,0.0,0,0.987147331237793,-0.25846004486083984,-0.08771304786205292,0.023012690246105194,75.21434020996094,1,0.0443614162504673
473,9.46,walk,0.5,0.0,-0.5,0.37409359216690063,0.010034221224486828,-1.9334794282913208,0.5027865767478943,0.4901106655597687,-0.6946006766777953,-3.0308945232024542,2,0,0,-0.495156466960907,-0.08726052194833755,0.5040624737739563,-0.05374328792095184,-0.4901106655597687,0.0,0.30322766304016113,0.26063108444213867,0.09486466646194458,0.02339804917573929,63.93244934082031,1,0.03050958551466465,0.34245744347572327,-0.25566497445106506,0.14291788637638092,0.0,0,0.9361684918403625,-0.2622922956943512,0.2393803894519806,0.1229252889752388,0.0,0,1.183976411819458,-0.2660583257675171,-0.08814412355422974,0.022946342825889587,65.66203308105469,1,0.0441712848842144
474,9.48,walk,0.5,0.0,-0.5,0.3759276866912842,0.0002044420689344406,-1.9353916645050049,0.5034316182136536,0.5260058045387268,-0.746034615809783,-3.01603523321968,2,0,0,-0.4966038763523102,-0.08263186365365982,0.5046142935752869,-0.053354546427726746,-0.5260058045387268,0.0,0.31192684173583984,0.2502988576889038,0.09794639050960541,0.023358218371868134,66.18412780761719,1,0.0352238230407238,0.35175418853759766,-0.2622213363647461,0.15524819493293762,0.0,0,0.9376960396766663,-0.24956557154655457,0.2415829300880432,0.13564403355121613,0.0,0,1.1804478168487549,-0.2743068337440491,-0.09010683000087738,0.022883601486682892,62.567935943603516,1,0.04197307676076889
475,9.5,walk,0.5,0.0,-0.5,0.3776687681674957,-0.009710848331451416,-1.937207579612732,0.5088496208190918,0.5505147576332092,-0.8475849612550335,-3.086720860940142,2,0,0,-0.5029585361480713,-0.07720515877008438,0.5097305774688721,-0.05468842387199402,-0.5505147576332092,0.0,0.321422278881073,0.23932966589927673,0.10075235366821289,0.02331235259771347,64.08088684082031,1,0.037401068955659866,0.3610961437225342,-0.26632261276245117,0.16469743847846985,0.0,0,0.8652567863464355,-0.2392931580543518,0.24078591167926788,0.14425534009933472,0.0,0,1.058854103088379,-0.2830696105957031,-0.09259811043739319,0.022820904850959778,62.392024993896484,1,0.04158041626214981
476,9.52,walk,0.5,0.0,-0.5,0.3791923522949219,-0.01976475864648819,-1.9389293193817139,0.5151462554931641,0.5603804588317871,-0.9024383172011116,-3.1716231005311624,2,0,0,-0.5100570917129517,-0.07223158329725266,0.5152506828308105,-0.05574636161327362,-0.5603804588317871,0.0,0.3298938572406769,0.22810965776443481,0.10382303595542908,0.023262985050678253,62.806617736816406,1,0.03704212233424187,0.3692001402378082,-0.2687099575996399,0.1714477837085724,0.0,0,0.7917378544807434,-0.2313215136528015,0.2377530336380005,0.1493004858493805,0.0,0,0.9849649667739868,-0.29198265075683594,-0.09495256841182709,0.02275601029396057,60.8141975402832,1,0.04176091402769089
477,9.540000000000001,walk,0.5,0.0,-0.5,0.3803609609603882,-0.02995689958333969,-1.9405487775802612,0.5208385586738586,0.5641458034515381,-0.9438855059103357,-3.25440819492289,2,0,0,-0.5165159106254578,-0.06696321815252304,0.5198091268539429,-0.056893184781074524,-0.5641458034515381,0.0,0.3372252285480499,0.2167506068944931,0.10690931975841522,0.023212045431137085,64.13203430175781,1,0.03612960875034332,0.37600797414779663,-0.27017661929130554,0.17596204578876495,0.0,0,0.7320865988731384,-0.2249075174331665,0.23415476083755493,0.1518373191356659,0.0,0,0.9428422451019287,-0.300959050655365,-0.09731827676296234,0.02269040048122406,58.344722747802734,1,0.04135439544916153
478,9.56,walk,0.5,0.0,-0.5,0.38112446665763855,-0.040282562375068665,-1.9420422315597534,0.5264179110527039,0.5688167810440063,-1.0025434906675226,-3.339600930997048,2,0,0,-0.5229566097259521,-0.060267891734838486,0.5240180492401123,-0.05930790305137634,-0.5688167810440063,0.0,0.343321293592453,0.20523659884929657,0.10982672870159149,0.023160114884376526,66.31795501708984,1,0.03539867326617241,0.381489098072052,-0.2709725499153137,0.1782429963350296,0.0,0,0.6689587831497192,-0.21977344155311584,0.2309293895959854,0.1523822396993637,0.0,0,0.9017519354820251,-0.3100169599056244,-0.09985968470573425,0.02262471616268158,56.397193908691406,1,0.04075704887509346
479,9.58,walk,0.5,0.0,-0.5,0.3814876973628998,-0.050746604800224304,-1.9433761835098267,0.5322715640068054,0.5752040147781372,-1.0720780180694258,-3.4175658328254506,2,0,0,-0.5297636389732361,-0.051609087735414505,0.5282503962516785,-0.06358522921800613,-0.5752040147781372,0.0,0.34802040457725525,0.19362729787826538,0.11264771223068237,0.02310728281736374,68.46725463867188,1,0.034717582166194916,0.38550812005996704,-0.271125853061676,0.17817935347557068,0.0,0,0.6001365184783936,-0.2156270444393158,0.2281576544046402,0.1512024700641632,0.0,0,0.8726644515991211,-0.3190891146659851,-0.10252128541469574,0.022558875381946564,54.85470199584961,1,0.040420081466436386
480,9.6,walk,0.5,0.0,-0.5,0.38146743178367615,-0.061358191072940826,-1.944509506225586,0.5385841727256775,0.5829985737800598,-1.1399808773116364,-3.4726521622552498,2,0,0,-0.5370465517044067,-0.040667783468961716,0.5326473116874695,-0.07004380226135254,-0.5829985737800598,0.0,0.3513338267803192,0.18201608955860138,0.11549082398414612,0.023053325712680817,70.79232025146484,1,0.03416978940367699,0.38799524307250977,-0.2706787586212158,0.17574581503868103,0.0,0,0.5302027463912964,-0.2120247185230255,0.22567930817604065,0.14847195148468018,0.0,0,0.8638562560081482,-0.3280774652957916,-0.10519953072071075,0.022491931915283203,53.115291595458984,1,0.040323663502931595
481,9.620000000000001,walk,0.5,0.0,-0.5,0.3810884952545166,-0.07212884724140167,-1.9453949928283691,0.5456875562667847,0.592262327671051,-1.1997062925700495,-3.497701027262625,2,0,0,-0.545008659362793,-0.02721160463988781,0.5375192761421204,-0.0789087638258934,-0.592262327671051,0.0,0.3534001410007477,0.17044268548488617,0.11843901872634888,0.022998526692390442,73.37214660644531,1,0.03403602913022041,0.38884851336479187,-0.26963934302330017,0.17077603936195374,0.0,0,0.4545792043209076,-0.20864343643188477,0.22332289814949036,0.14413976669311523,0.0,0,0.8691571950912476,-0.33693936467170715,-0.10782232880592346,0.02242390811443329,51.02293395996094,1,0.0403435155749321
482,9.64,walk,0.5,0.0,-0.5,0.380383163690567,-0.0830722227692604,-1.9459816217422485,0.5538808703422546,0.6027809381484985,-1.247824655107672,-3.494066085963709,2,0,0,-0.5537689924240112,-0.011132889427244663,0.5431138277053833,-0.09025681018829346,-0.6027809381484985,0.0,0.35445788502693176,0.15889061987400055,0.12155713140964508,0.02294234186410904,75.95660400390625,1,0.03444039821624756,0.38773369789123535,-0.26794499158859253,0.16273437440395355,0.0,0,0.3601177930831909,-0.20537370443344116,0.22082284092903137,0.1379339098930359,0.0,0,0.8816708326339722,-0.34568944573402405,-0.11033238470554352,0.022355064749717712,48.6441764831543,1,0.04044822230935097
483,9.66,walk,0.5,0.0,-0.5,0.37939736247062683,-0.09420205652713776,-1.9462156295776367,0.5633525252342224,0.6130918860435486,-1.2834351270060027,-3.4639031168152865,2,0,0,-0.563300609588623,0.007647029124200344,0.5495532751083374,-0.10411346703767776,-0.6130918860435486,0.0,0.35483279824256897,0.14733898639678955,0.12488749623298645,0.02288425713777542,78.44818115234375,1,0.03543594479560852,0.3837854564189911,-0.26546427607536316,0.15050259232521057,0.0,0,0.21947769820690155,-0.2023736834526062,0.21780098974704742,0.12920893728733063,0.0,0,0.8938559889793396,-0.35435232520103455,-0.11268061399459839,0.022284306585788727,46.068809509277344,1,0.0407089963555336
484,9.68,walk,0.5,0.0,-0.5,0.3782040476799011,-0.10553569346666336,-1.946046233177185,0.5747199654579163,0.6216404438018799,-1.3019340540427475,-3.4016414602189777,2,0,0,-0.5739936232566833,0.028884997591376305,0.5574531555175781,-0.12026147544384003,-0.6216404438018799,0.0,0.3552471697330475,0.13581334054470062,0.128486767411232,0.02282402664422989,80.38938903808594,1,0.03728761523962021,0.3747909665107727,-0.2619898319244385,0.1317467838525772,0.0,0,0.12451828271150589,-0.20031894743442535,0.2135811448097229,0.11659200489521027,0.0,0,0.8929230570793152,-0.3629176616668701,-0.11478012800216675,0.022211268544197083,43.44970703125,1,0.04142752289772034
485,9.700000000000001,walk,0.5,0.0,-0.5,0.37688079476356506,-0.11709248274564743,-1.9454255104064941,0.5885469913482666,0.6391205787658691,-1.2323486203871865,-3.2950753546845575,2,0,0,-0.5861585736274719,0.05296899750828743,0.567107081413269,-0.13898274302482605,-0.6391205787658691,0.0,0.35837122797966003,0.12435417622327805,0.13284096121788025,0.022761836647987366,79.927734375,1,0.040960170328617096,0.3555980622768402,-0.2562619149684906,0.1019778698682785,0.0,0,0.6861512064933777,-0.20106393098831177,0.20695343613624573,0.09732744842767715,0.0,0,0.8859984874725342,-0.3713347017765045,-0.11617940664291382,0.022135503590106964,39.42905807495117,1,0.042827896773815155
486,9.72,walk,0.5,0.0,-0.5,0.3752841055393219,-0.1288837492465973,-1.944267749786377,0.6040000319480896,0.7072781324386597,-1.0570235340867773,-3.0992209608949115,2,0,0,-0.598178505897522,0.08365732431411743,0.5756173729896545,-0.1637488752603531,-0.7072781324386597,0.0,0.35989680886268616,0.1131189614534378,0.13820815086364746,0.022692270576953888,71.11457061767578,1,0.03833944723010063,0.3186194896697998,-0.24076782166957855,0.06126309186220169,0.0,0,1.7513295412063599,-0.20912005007266998,0.19391053915023804,0.06592065840959549,0.0,0,1.1036710739135742,-0.37930598855018616,-0.1168748140335083,0.022058099508285522,28.11872673034668,1,0.04393931105732918
487,9.74,walk,0.5,0.0,-0.5,0.37150999903678894,-0.1402536928653717,-1.9426050186157227,0.5560784935951233,0.8943460583686829,-0.8974387254503681,-2.476381133123326,2,0,0,-0.5470076203346252,0.10002966970205307,0.5180069208145142,-0.16779765486717224,-0.8943460583686829,0.0,0.32699576020240784,0.15786485373973846,0.15484201908111572,0.027767203748226166,0.0,0,3.865556240081787,0.27340713143348694,-0.2019815593957901,0.02304389327764511,114.47647857666016,1,0.6164609789848328,-0.22676613926887512,0.16566568613052368,0.022233881056308746,98.33123016357422,1,0.9779617190361023,-0.3652953505516052,-0.12192285060882568,0.024196743965148926,0.0,0,1.1940927505493164
488,9.76,walk,0.5,0.0,-0.5,0.36652782559394836,-0.15055039525032043,-1.941084861755371,0.5100787281990051,0.6261500716209412,-0.772191198762317,-2.2311054114901716,2,0,0,-0.5027750134468079,0.0860091969370842,0.4830603003501892,-0.13988439738750458,-0.6261500716209412,0.0,0.2667781114578247,0.240090474486351,0.14929847419261932,0.04482121765613556,0.0,0,4.685029029846191,0.26686936616897583,-0.1948896050453186,0.02328086644411087,98.72752380371094,1,0.035046547651290894,-0.23710685968399048,0.1660686433315277,0.023005418479442596,88.56006622314453,1,0.028044311329722404,-0.32014623284339905,-0.12569843232631683,0.03868570923805237,0.0,0,2.4967947006225586
489,9.78,walk,0.5,0.0,-0.5,0.3635581135749817,-0.16041482985019684,-1.9397099018096924,0.5033740997314453,0.5211361646652222,0.17634333143548336,-2.0229342656362883,2,0,0,-0.49714988470077515,0.07891456037759781,0.4828944802284241,-0.12379591912031174,-0.5211361646652222,0.0,0.2669276297092438,0.31944528222084045,0.13476763665676117,0.06907898187637329,0.0,0,4.225193023681641,0.26019376516342163,-0.18419165909290314,0.02332400530576706,84.65715026855469,1,0.015621993690729141,-0.24668380618095398,0.17152583599090576,0.022968754172325134,88.8644027709961,1,0.03487546741962433,-0.27508851885795593,-0.11863085627555847,0.04718606919050217,0.0,0,2.442552328109741
490,9.8,walk,0.5,0.0,-0.5,0.36168381571769714,-0.17047898471355438,-1.9384616613388062,0.5254117250442505,0.5377694368362427,1.3385473898103066,-1.9196805884059132,2,0,0,-0.5204437971115112,0.07208128273487091,0.509589672088623,-0.11226238310337067,-0.5377694368362427,0.0,0.3021453320980072,0.37646523118019104,0.1268380880355835,0.08169899880886078,0.0,0,2.932694435119629,0.2526908218860626,-0.17271926999092102,0.02333056926727295,81.24959564208984,1,0.015104908496141434,-0.2569223642349243,0.1779678910970688,0.022915102541446686,87.4435806274414,1,0.04562477022409439,-0.2336217761039734,-0.10481037199497223,0.05281679332256317,0.0,0,2.3435680866241455
491,9.82,walk,0.5,0.0,-0.5,0.360474169254303,-0.18135575950145721,-1.9373804330825806,0.5673158764839172,0.61110919713974,2.122002317565915,-2.124702803609009,2,0,0,-0.5635157823562622,0.0655534416437149,0.5554983019828796,-0.10317124426364899,-0.61110919713974,0.0,0.3250933885574341,0.4003964960575104,0.12359693646430969,0.08662895858287811,0.0,0,1.377781867980957,0.24291208386421204,-0.16343340277671814,0.023290634155273438,83.57453155517578,1,0.010537004098296165,-0.2699584662914276,0.1814347207546234,0.02284844219684601,87.55182647705078,1,0.0473436564207077,-0.2053457796573639,-0.09144721925258636,0.05694739520549774,0.0,0,1.7036563158035278
492,9.84,walk,0.5,0.0,-0.5,0.36017322540283203,-0.19303204119205475,-1.936490535736084,0.5999742746353149,0.5810341238975525,2.2748145667534336,-2.7261225178131996,2,0,0,-0.5975378751754761,0.05401499196887016,0.5933567881584167,-0.08883027732372284,-0.5810341238975525,0.0,0.3188697397708893,0.3908940553665161,0.11798544228076935,0.07806955277919769,0.0,0,0.7205659747123718,0.23020389676094055,-0.1581130176782608,0.023276060819625854,86.06534576416016,1,0.021585583686828613,-0.2860991358757019,0.18066246807575226,0.022774741053581238,82.07826232910156,1,0.06396026164293289,-0.2000824362039566,-0.08064880967140198,0.05031275749206543,0.0,0,0.8772864937782288
493,9.86,walk,0.5,0.0,-0.5,0.36102786660194397,-0.2050023227930069,-1.935874104499817,0.606464684009552,0.4374594986438751,1.732104597333734,-3.569252594903798,2,0,0,-0.6055099964141846,0.03401561453938484,0.6065318584442139,-0.06461275368928909,-0.4374594986438751,0.0,0.3051674962043762,0.3509852886199951,0.10171909630298615,0.04647073894739151,0.0,0,1.902334451675415,0.2155436873435974,-0.15780240297317505,0.023232631385326385,90.87276458740234,1,0.026250196620821953,-0.303577721118927,0.17587807774543762,0.02269686758518219,74.6580810546875,1,0.08671236038208008,-0.2145775854587555,-0.07260756939649582,0.029039576649665833,0.0,0,0.6270031929016113
494,9.88,walk,0.5,0.0,-0.5,0.3632311224937439,-0.21633462607860565,-1.9354228973388672,0.5451759099960327,0.28452473878860474,0.9934575248024073,-3.823390060098221,4,0,0,-0.5446360111236572,0.02425731159746647,0.5525290966033936,-0.048671409487724304,-0.28452473878860474,0.0,0.3074662387371063,0.31928330659866333,0.09067442268133163,0.023509718477725983,65.14209747314453,1,0.019129877910017967,0.20451544225215912,-0.15977518260478973,0.023164883255958557,68.76289367675781,1,0.01786613091826439,-0.316577672958374,0.1705012172460556,0.02260001003742218,56.625770568847656,1,0.10830036550760269,-0.2258080244064331,-0.07683397084474564,0.023258119821548462,54.96161651611328,1,0.0417683944106102
495,9.9,walk,0.5,0.0,-0.5,0.3657599985599518,-0.2264590561389923,-1.935105800628662,0.4842802584171295,0.35400307178497314,0.15948150202521272,-3.6083210635128595,2,0,0,-0.483928382396698,0.01845814846456051,0.4891372621059418,-0.03495604172348976,-0.35400307178497314,0.0,0.2885911464691162,0.3102794587612152,0.08834714442491531,0.023507215082645416,73.34696960449219,1,0.015844441950321198,0.23381444811820984,-0.17777061462402344,0.04654846340417862,0.0,0,2.7088382244110107,-0.31393709778785706,0.17817188799381256,0.03390608727931976,0.0,0,1.320873737335205,-0.23334276676177979,-0.08231470733880997,0.023203596472740173,78.8009262084961,1,0.0372009314596653
496,9.92,walk,0.5,0.0,-0.5,0.3675636649131775,-0.2358260601758957,-1.9350413084030151,0.4628378450870514,0.3525742292404175,-0.5620897774159647,-3.490968168288285,2,0,0,-0.4627822935581207,0.007171358447521925,0.46676182746887207,-0.0184700395911932,-0.3525742292404175,0.0,0.281617671251297,0.30133602023124695,0.08651568740606308,0.023509696125984192,67.67656707763672,1,0.020933151245117188,0.2811460793018341,-0.20873205363750458,0.08112053573131561,0.0,0,2.948197841644287,-0.29442325234413147,0.1992885172367096,0.06645739078521729,0.0,0,1.9801799058914185,-0.2406923919916153,-0.08776149898767471,0.02317357063293457,82.72346496582031,1,0.031785253435373306
497,9.94,walk,0.5,0.0,-0.5,0.3697070777416229,-0.24530918896198273,-1.9349360466003418,0.48296844959259033,0.4482520818710327,-0.6541211870357445,-3.3757441576506397,2,0,0,-0.482696533203125,0.016204191371798515,0.48838427662849426,-0.02349032647907734,-0.4482520818710327,0.0,0.2933610677719116,0.29220283031463623,0.08867901563644409,0.023502200841903687,57.43452453613281,1,0.03260096535086632,0.3120565414428711,-0.23100467026233673,0.10935826599597931,0.0,0,1.713635802268982,-0.2903447449207306,0.22470657527446747,0.088646300137043,0.0,0,1.1874558925628662,-0.24807433784008026,-0.08978616446256638,0.023113809525966644,80.69086456298828,1,0.039354462176561356
498,9.96,walk,0.5,0.0,-0.5,0.37205153703689575,-0.2551736831665039,-1.934868574142456,0.4992700219154358,0.4515265226364136,-0.40344395970787356,-3.1728139013242718,2,0,0,-0.49905070662498474,0.014796626754105091,0.5044422745704651,-0.018297795206308365,-0.4515265226364136,0.0,0.2997773289680481,0.2831665873527527,0.09299720823764801,0.02347429096698761,48.69810104370117,1,0.03153081610798836,0.3252912163734436,-0.24531668424606323,0.12857326865196228,0.0,0,1.0941694974899292,-0.2863985002040863,0.23669475317001343,0.10572729259729385,0.0,0,0.8348752856254578,-0.25517767667770386,-0.09008903801441193,0.023031406104564667,72.36582946777344,1,0.045690763741731644
499,9.98,walk,0.5,0.0,-0.5,0.37409043312072754,-0.2651604413986206,-1.9348039627075195,0.4999464154243469,0.4566419720649719,-0.18336232464323673,-3.007718837574955,2,0,0,-0.49972471594810486,0.01488757785409689,0.5039263963699341,-0.014272850006818771,-0.4566419720649719,0.0,0.30445268750190735,0.27378207445144653,0.09697848558425903,0.02343088388442993,57.12605285644531,1,0.027698155492544174,0.3340098559856415,-0.25527799129486084,0.14392051100730896,0.0,0,0.9626315832138062,-0.275802344083786,0.24305884540081024,0.12032239884138107,0.0,0,1.1883801221847534,-0.2625822424888611,-0.09071694314479828,0.022963181138038635,60.07357406616211,1,0.044580016285181046
500,10.0,walk,0.5,0.0,-0.5,0.3758518397808075,-0.27507078647613525,-1.9347103834152222,0.49590131640434265,0.4872942268848419,-0.26209500910345795,-3.0353872935724415,2,0,0,-0.4956148564815521,0.0168538186699152,0.49970102310180664,-0.011366430670022964,-0.4872942268848419,0.0,0.31260547041893005,0.26328474283218384,0.09906700998544693,0.023384638130664825,65.53703308105469,1,0.0280508641153574,0.3446793258190155,-0.2620775103569031,0.1563299596309662,0.0,0,0.9875802397727966,-0.2611543834209442,0.24604493379592896,0.13291582465171814,0.0,0,1.3264026641845703,-0.27102962136268616,-0.09340132027864456,0.022902727127075195,59.3475227355957,1,0.0405954085290432
501,10.02,walk,0.5,0.0,-0.5,0.37754303216934204,-0.28495973348617554,-1.934545874595642,0.49740350246429443,0.5168346166610718,-0.4558556831082309,-3.189850100661576,2,0,0,-0.4969332814216614,0.021622836589813232,0.5013718605041504,-0.010746527463197708,-0.5168346166610718,0.0,0.3217644691467285,0.25199079513549805,0.10046157240867615,0.023340515792369843,64.99236297607422,1,0.030066009610891342,0.35567042231559753,-0.265516459941864,0.16530463099479675,0.0,0,0.9134219884872437,-0.24775518476963043,0.24485313892364502,0.14167144894599915,0.0,0,1.2049920558929443,-0.2801537811756134,-0.09705691784620285,0.022843509912490845,62.917606353759766,1,0.03971344977617264
502,10.040000000000001,walk,0.5,0.0,-0.5,0.3790982663631439,-0.29491594433784485,-1.934303879737854,0.5015819072723389,0.531040608882904,-0.5829474142330382,-3.3553398212788728,2,0,0,-0.5009189248085022,0.0257802102714777,0.5051138997077942,-0.009425144642591476,-0.531040608882904,0.0,0.32966986298561096,0.24051344394683838,0.10223211348056793,0.023293934762477875,63.13564682006836,1,0.029074423015117645,0.36511945724487305,-0.266754686832428,0.17161652445793152,0.0,0,0.8178175091743469,-0.23723207414150238,0.2407243251800537,0.14676319062709808,0.0,0,1.0816975831985474,-0.2893461585044861,-0.10051079839468002,0.022781573235988617,63.2809944152832,1,0.040382400155067444
503,10.06,walk,0.5,0.0,-0.5,0.3803461492061615,-0.3049575388431549,-1.9339913129806519,0.505604088306427,0.5340360999107361,-0.669094669243705,-3.503833896807062,2,0,0,-0.504770815372467,0.029015857726335526,0.5081601738929749,-0.00723617896437645,-0.5340360999107361,0.0,0.3363519310951233,0.22902226448059082,0.1041441410779953,0.02324504405260086,64.42997741699219,1,0.026372699066996574,0.37283673882484436,-0.26733583211898804,0.17616154253482819,0.0,0,0.7423692345619202,-0.2293129712343216,0.23619359731674194,0.14947322010993958,0.0,0,0.9845536947250366,-0.2984730005264282,-0.10385824739933014,0.022718243300914764,61.07699966430664,1,0.04035427048802376
504,10.08,walk,0.5,0.0,-0.5,0.38121673464775085,-0.31507548689842224,-1.9335979223251343,0.5092488527297974,0.5351042151451111,-0.7636861725026232,-3.6517141090835965,2,0,0,-0.5081738829612732,0.033071402460336685,0.5106670260429382,-0.005866922438144684,-0.5351042151451111,0.0,0.34177330136299133,0.21743783354759216,0.10587095469236374,0.023195654153823853,66.95378875732422,1,0.0239495187997818,0.37883466482162476,-0.2677454948425293,0.1789935976266861,0.0,0,0.6673431992530823,-0.22380918264389038,0.23272845149040222,0.15036794543266296,0.0,0,0.8893355131149292,-0.30762970447540283,-0.10736853629350662,0.022654764354228973,58.88859176635742,1,0.03988580405712128
505,10.1,walk,0.5,0.0,-0.5,0.38172510266304016,-0.32525819540023804,-1.9330966472625732,0.5124334692955017,0.5367211699485779,-0.8661665976137589,-3.798741188044114,2,0,0,-0.5109592080116272,0.03884291648864746,0.5126888155937195,-0.00621052086353302,-0.5367211699485779,0.0,0.3456943929195404,0.2057761400938034,0.10743986070156097,0.02314683049917221,69.28543853759766,1,0.022124260663986206,0.383048415184021,-0.2678449749946594,0.17979151010513306,0.0,0,0.5873703360557556,-0.22025631368160248,0.23038703203201294,0.14959263801574707,0.0,0,0.820332407951355,-0.31680095195770264,-0.11101604253053665,0.02259114384651184,57.11186599731445,1,0.03961252421140671
506,10.120000000000001,walk,0.5,0.0,-0.5,0.38190358877182007,-0.33548974990844727,-1.9324524402618408,0.514955461025238,0.5392155051231384,-0.9651255799600771,-3.9301036550300306,2,0,0,-0.5128358006477356,0.04667540267109871,0.5140165686607361,-0.008639618754386902,-0.5392155051231384,0.0,0.3481619656085968,0.19414526224136353,0.10896144807338715,0.023098595440387726,71.65035247802734,1,0.02114177495241165,0.38556981086730957,-0.2674654424190521,0.17840668559074402,0.0,0,0.5115066766738892,-0.21774034202098846,0.22872436046600342,0.14733855426311493,0.0,0,0.7948765754699707,-0.32587864995002747,-0.11470042169094086,0.022526882588863373,55.142276763916016,1,0.03953724354505539
507,10.14,walk,0.5,0.0,-0.5,0.381780207157135,-0.3457547128200531,-1.9316205978393555,0.5171384215354919,0.5434433817863464,-1.0567590776998508,-4.036091542362526,2,0,0,-0.5140008926391602,0.05687899515032768,0.5149688124656677,-0.013443678617477417,-0.5434433817863464,0.0,0.34944629669189453,0.18261702358722687,0.11050496250391006,0.02305123209953308,74.26588439941406,1,0.021622445434331894,0.3865535259246826,-0.26653215289115906,0.17484144866466522,0.0,0,0.44067153334617615,-0.2154378443956375,0.227311372756958,0.14374709129333496,0.0,0,0.8011529445648193,-0.33478978276252747,-0.11836633086204529,0.022462233901023865,52.86586380004883,1,0.03949834406375885
508,10.16,walk,0.5,0.0,-0.5,0.3813771605491638,-0.35604482889175415,-1.9305546283721924,0.5196365118026733,0.5499320030212402,-1.1366096453477064,-4.11707197270949,2,0,0,-0.5149592161178589,0.06956362724304199,0.5161603689193726,-0.020660817623138428,-0.5499320030212402,0.0,0.3498308062553406,0.17119035124778748,0.11214883625507355,0.02300393581390381,76.86725616455078,1,0.02395961433649063,0.3859888017177582,-0.26501619815826416,0.16903528571128845,0.0,0,0.36665990948677063,-0.21297109127044678,0.22580301761627197,0.1388261914253235,0.0,0,0.8180348873138428,-0.34353107213974,-0.12195666879415512,0.02239624410867691,50.46625900268555,1,0.039433859288692474
509,10.18,walk,0.5,0.0,-0.5,0.3807172477245331,-0.3663579821586609,-1.9292058944702148,0.5228442549705505,0.5582922101020813,-1.1980695017684793,-4.178206861536159,2,0,0,-0.5159331560134888,0.08472943305969238,0.5179205536842346,-0.03022308647632599,-0.5582922101020813,0.0,0.34954309463500977,0.15982580184936523,0.11398088186979294,0.022955916821956635,79.33120727539062,1,0.028268633410334587,0.38363054394721985,-0.2628580331802368,0.16072246432304382,0.0,0,0.27914202213287354,-0.2104216367006302,0.22396689653396606,0.1323520839214325,0.0,0,0.8297204971313477,-0.35213664174079895,-0.12540078163146973,0.02232997864484787,48.02149963378906,1,0.039361096918582916
510,10.200000000000001,walk,0.5,0.0,-0.5,0.3798268139362335,-0.3766918182373047,-1.9275264739990234,0.5268499851226807,0.5671075582504272,-1.2373854580132477,-4.22346454875031,2,0,0,-0.5168198347091675,0.1023140549659729,0.5202443599700928,-0.04203703999519348,-0.5671075582504272,0.0,0.3489030599594116,0.14849267899990082,0.11606381833553314,0.022906668484210968,81.45280456542969,1,0.03517599403858185,0.3788868486881256,-0.2599398195743561,0.14920300245285034,0.0,0,0.15800325572490692,-0.20814000070095062,0.2215709090232849,0.12379904836416245,0.0,0,0.8309314250946045,-0.360637903213501,-0.12863892316818237,0.022262901067733765,45.42104721069336,1,0.0393381230533123
511,10.22,walk,0.5,0.0,-0.5,0.37874671816825867,-0.3870430588722229,-1.9254710674285889,0.5319105982780457,0.5748387575149536,-1.2524974649953127,-4.249065378419987,2,0,0,-0.5177075266838074,0.1220974251627922,0.5233368277549744,-0.05584414303302765,-0.5748387575149536,0.0,0.3485426604747772,0.1372109204530716,0.11843898892402649,0.022855505347251892,82.89861297607422,1,0.047182973474264145,0.3701586425304413,-0.2560789883136749,0.13275063037872314,0.0,0,0.06011466309428215,-0.20676228404045105,0.21812033653259277,0.112099289894104,0.0,0,0.8170496225357056,-0.3690262734889984,-0.13161276280879974,0.02219417691230774,42.65204620361328,1,0.03955724090337753
512,10.24,walk,0.5,0.0,-0.5,0.3775312602519989,-0.3974113464355469,-1.9229906797409058,0.5387611985206604,0.5878591537475586,-1.1890413790678975,-4.242978399209036,2,0,0,-0.5189917087554932,0.14460709691047668,0.5277707576751709,-0.07200329005718231,-0.5878591537475586,0.0,0.3502604067325592,0.1260373890399933,0.12148220092058182,0.022801309823989868,82.9521255493164,1,0.0736430361866951,0.35348817706108093,-0.2503465414047241,0.10778423398733139,0.0,0,0.5178675055503845,-0.20774143934249878,0.21267631649971008,0.0949263796210289,0.0,0,0.7933555841445923,-0.3772493302822113,-0.13396017253398895,0.022123612463474274,38.97380065917969,1,0.04031851142644882
513,10.26,walk,0.5,0.0,-0.5,0.3761740028858185,-0.4077746272087097,-1.9200338125228882,0.5507327914237976,0.6282773017883301,-0.9544048510058016,-4.188478185387389,2,0,0,-0.5227227210998535,0.17339999973773956,0.5355223417282104,-0.09353604912757874,-0.6282773017883301,0.0,0.3600600063800812,0.1150202602148056,0.12586572766304016,0.022718168795108795,81.19498443603516,1,0.09888622909784317,0.31950733065605164,-0.23905029892921448,0.0684397965669632,0.0,0,1.4971932172775269,-0.21463462710380554,0.2024853527545929,0.0674784705042839,0.0,0,0.923693060874939,-0.3851863443851471,-0.1351841539144516,0.02205333113670349,31.20850944519043,1,0.04054305702447891
514,10.28,walk,0.5,0.0,-0.5,0.3729549050331116,-0.4176894724369049,-1.9166492223739624,0.5162363648414612,0.7638463973999023,-0.5426345171737122,-3.6633168929361557,2,0,0,-0.48134344816207886,0.18657027184963226,0.4875553250312805,-0.10716107487678528,-0.7638463973999023,0.0,0.34383058547973633,0.1523408144712448,0.1441437304019928,0.0234551802277565,0.0,0,3.5060839653015137,0.27120548486709595,-0.20296138525009155,0.028531096875667572,0.0,0,2.955411911010742,-0.23235297203063965,0.17804081737995148,0.022520050406455994,82.45732879638672,1,1.1126936674118042,-0.3791137635707855,-0.13616904616355896,0.022093020379543304,9.917106628417969,1,0.5170909762382507
515,10.3,walk,0.5,0.0,-0.5,0.36751696467399597,-0.426952600479126,-1.9133281707763672,0.47734788060188293,0.5870859622955322,-0.8292179956074873,-3.0812054831853564,2,0,0,-0.44540733098983765,0.1716778427362442,0.45494022965431213,-0.09367132186889648,-0.5870859622955322,0.0,0.269763708114624,0.23941096663475037,0.14983607828617096,0.05042356252670288,0.0,0,4.601059913635254,0.25872600078582764,-0.19154945015907288,0.023255251348018646,94.45905303955078,1,0.03100637160241604,-0.24011361598968506,0.1753871738910675,0.023006878793239594,90.6776123046875,1,0.02402251586318016,-0.3394452631473541,-0.13824006915092468,0.036619216203689575,0.0,0,2.1131632328033447
516,10.32,walk,0.5,0.0,-0.5,0.36413753032684326,-0.43587732315063477,-1.9101539850234985,0.48153263330459595,0.46675026416778564,-0.2666268396177614,-2.734656625737719,2,0,0,-0.45106106996536255,0.16857515275478363,0.4672098755836487,-0.08200269937515259,-0.46675026416778564,0.0,0.2651194930076599,0.3147481381893158,0.14335142076015472,0.07200327515602112,0.0,0,3.855348825454712,0.25303834676742554,-0.18417304754257202,0.0233193039894104,84.8162841796875,1,0.013052502647042274,-0.24845413863658905,0.1780058741569519,0.022971034049987793,84.0760726928711,1,0.0387558676302433,-0.29723092913627625,-0.12882289290428162,0.044101908802986145,0.0,0,2.328723907470703
517,10.34,walk,0.5,0.0,-0.5,0.36210134625434875,-0.4450625479221344,-1.9069757461547852,0.4996775984764099,0.4645303189754486,0.7491339208673821,-2.562985797364972,2,0,0,-0.4692586362361908,0.17167998850345612,0.48925694823265076,-0.07538670301437378,-0.4645303189754486,0.0,0.292357474565506,0.3684796392917633,0.1340460479259491,0.08677136152982712,0.0,0,2.81483793258667,0.24602654576301575,-0.17461591958999634,0.023309960961341858,82.17102813720703,1,0.008960273116827011,-0.25785261392593384,0.18323683738708496,0.022917479276657104,87.93167877197266,1,0.041843265295028687,-0.25431686639785767,-0.10931036621332169,0.049085572361946106,0.0,0,2.4934775829315186
518,10.36,walk,0.5,0.0,-0.5,0.36085158586502075,-0.4548281133174896,-1.9036831855773926,0.532898485660553,0.5555287599563599,1.5667475317967234,-2.639097156607363,2,0,0,-0.5013046860694885,0.18076063692569733,0.5249366164207458,-0.07243013381958008,-0.5555287599563599,0.0,0.3188535273075104,0.39586302638053894,0.1287423074245453,0.09217186272144318,0.0,0,1.5929104089736938,0.23729553818702698,-0.1660929024219513,0.02328351140022278,82.94619750976562,1,0.008612033911049366,-0.2694665193557739,0.1867123544216156,0.02285861223936081,86.91008758544922,1,0.04603641480207443,-0.21868404746055603,-0.09097317606210709,0.05495166778564453,0.0,0,2.102435827255249
519,10.38,walk,0.5,0.0,-0.5,0.36039212346076965,-0.4653288424015045,-1.900285005569458,0.5668180584907532,0.5901085734367371,1.9152934725246493,-3.092925874357687,2,0,0,-0.5357420444488525,0.18510302901268005,0.5624096393585205,-0.06428813934326172,-0.5901085734367371,0.0,0.32185572385787964,0.3943846821784973,0.12316897511482239,0.08662691712379456,0.0,0,0.7204951643943787,0.2259548306465149,-0.16024526953697205,0.02323359251022339,86.55519104003906,1,0.011110350489616394,-0.2841913104057312,0.18675640225410461,0.022789068520069122,83.50845336914062,1,0.05835283175110817,-0.20300805568695068,-0.07827205955982208,0.05358611047267914,0.0,0,1.2351666688919067
520,10.4,walk,0.5,0.0,-0.5,0.360942542552948,-0.4763689339160919,-1.8969191312789917,0.587316632270813,0.5139793753623962,1.6987366686389886,-3.8761878492692428,2,0,0,-0.5595113039016724,0.1785719096660614,0.5880832672119141,-0.047687828540802,-0.5139793753623962,0.0,0.30636391043663025,0.36371853947639465,0.10979761183261871,0.06309255957603455,0.0,0,1.4918491840362549,0.2121734321117401,-0.15820571780204773,0.02319326251745224,89.90388488769531,1,0.004422503989189863,-0.3011721968650818,0.18324413895606995,0.022715263068675995,77.47637176513672,1,0.07823660224676132,-0.20969776809215546,-0.06947173923254013,0.03863878548145294,0.0,0,0.6356083154678345
521,10.42,walk,0.5,0.0,-0.5,0.3625592589378357,-0.4872836768627167,-1.8937886953353882,0.5660277605056763,0.4178996682167053,1.1720028318530662,-4.456937916941094,4,0,0,-0.5423548221588135,0.16198348999023438,0.571690559387207,-0.03079107403755188,-0.4178996682167053,0.0,0.30708518624305725,0.31288284063339233,0.08978930115699768,0.023206152021884918,48.743099212646484,1,0.967616081237793,0.19939567148685455,-0.15894755721092224,0.023120887577533722,86.07898712158203,1,0.09626033902168274,-0.31642693281173706,0.1781957745552063,0.022634662687778473,66.95716094970703,1,0.0999765396118164,-0.22446472942829132,-0.06944224238395691,0.02329583466053009,33.28662872314453,1,0.03402024134993553
522,10.44,walk,0.5,0.0,-0.5,0.36493146419525146,-0.49713295698165894,-1.8908979892730713,0.4868425130844116,0.43241092562675476,0.5123718699520898,-4.170738476565573,3,0,0,-0.4647753834724426,0.14491194486618042,0.49408525228500366,-0.027732014656066895,-0.43241092562675476,0.0,0.29675596952438354,0.3040260672569275,0.08877867460250854,0.023436687886714935,84.4942855834961,1,0.022268790751695633,0.21707472205162048,-0.16807451844215393,0.03454480320215225,0.0,0,1.8076595067977905,-0.3263821005821228,0.17366290092468262,0.02252768725156784,2.987579107284546,0,0.198528453707695,-0.23167963325977325,-0.07438279688358307,0.02323891967535019,78.30472564697266,1,0.03937062993645668
523,10.46,walk,0.5,0.0,-0.5,0.3667539656162262,-0.5058616399765015,-1.8884130716323853,0.43657198548316956,0.28898730874061584,-0.2839467586098857,-3.906985599123653,2,0,0,-0.41857948899269104,0.12404154241085052,0.44066378474235535,-0.014224708080291748,-0.28898730874061584,0.0,0.27681195735931396,0.29625487327575684,0.08634796738624573,0.02347090095281601,77.50720977783203,1,0.008856261149048805,0.2652378976345062,-0.19298982620239258,0.06725340336561203,0.0,0,3.0990447998046875,-0.30535948276519775,0.18481308221817017,0.048062555491924286,0.0,0,2.048710346221924,-0.2379581481218338,-0.08025477826595306,0.0231938436627388,79.67158508300781,1,0.03263801336288452
524,10.48,walk,0.5,0.0,-0.5,0.36857855319976807,-0.5142833590507507,-1.8860095739364624,0.44276759028434753,0.3619944453239441,-0.7506373095367254,-3.7776226700172577,2,0,0,-0.42374691367149353,0.12838107347488403,0.4479665160179138,-0.01326480507850647,-0.3619944453239441,0.0,0.2858555018901825,0.288036048412323,0.08563679456710815,0.023493245244026184,66.08092498779297,1,0.027804382145404816,0.3047897219657898,-0.22022294998168945,0.09796413779258728,0.0,0,2.191500186920166,-0.28951436281204224,0.21137896180152893,0.07433625310659409,0.0,0,1.7338098287582397,-0.2447638064622879,-0.08425739407539368,0.023161649703979492,82.78380584716797,1,0.0321945995092392
525,10.5,walk,0.5,0.0,-0.5,0.3707204759120941,-0.5230744481086731,-1.8834794759750366,0.4660801291465759,0.4381154775619507,-0.7130408000546545,-3.64853252159084,2,0,0,-0.4447239339351654,0.13946793973445892,0.4719862937927246,-0.014533072710037231,-0.4381154775619507,0.0,0.29482707381248474,0.27933573722839355,0.08833018690347672,0.023473218083381653,52.46900177001953,1,0.03313857689499855,0.3236671984195709,-0.23811480402946472,0.12156902998685837,0.0,0,1.2547162771224976,-0.2835952639579773,0.2303893268108368,0.09449265897274017,0.0,0,0.9750216603279114,-0.251801073551178,-0.08568542450666428,0.02308565378189087,79.4299545288086,1,0.03972023352980614
526,10.52,walk,0.5,0.0,-0.5,0.37284427881240845,-0.5321676135063171,-1.8808856010437012,0.47617948055267334,0.45465192198753357,-0.4209826581968498,-3.447272886846775,2,0,0,-0.4545867443084717,0.14176662266254425,0.4812038540840149,-0.010399818420410156,-0.45465192198753357,0.0,0.29915863275527954,0.2707086205482483,0.09264983236789703,0.023437798023223877,51.66572952270508,1,0.029013164341449738,0.33146336674690247,-0.2507167458534241,0.13866573572158813,0.0,0,0.9535688161849976,-0.2766406238079071,0.23975887894630432,0.11117222905158997,0.0,0,0.9311016798019409,-0.25859373807907104,-0.08588825166225433,0.023020930588245392,69.5370864868164,1,0.04411038011312485
527,10.540000000000001,walk,0.5,0.0,-0.5,0.3746902346611023,-0.541296124458313,-1.8782786130905151,0.47479820251464844,0.48196738958358765,-0.29146026018159066,-3.335305382339344,2,0,0,-0.4531595706939697,0.14170292019844055,0.478994220495224,-0.006479978561401367,-0.48196738958358765,0.0,0.30543917417526245,0.26147428154945374,0.09592266380786896,0.023395396769046783,60.70262145996094,1,0.02751029282808304,0.3394658863544464,-0.25975462794303894,0.15287083387374878,0.0,0,0.9086624979972839,-0.2654111385345459,0.24544218182563782,0.12580597400665283,0.0,0,1.1728942394256592,-0.2658882737159729,-0.08730190247297287,0.022959142923355103,61.14756393432617,1,0.04183898866176605
528,10.56,walk,0.5,0.0,-0.5,0.3763951361179352,-0.550376296043396,-1.8756407499313354,0.47438138723373413,0.5135394334793091,-0.4152224608490019,-3.3844313045012493,2,0,0,-0.4517529010772705,0.14476537704467773,0.47862327098846436,-0.0048272013664245605,-0.5135394334793091,0.0,0.3145507276058197,0.25125905871391296,0.09763377904891968,0.023351415991783142,64.85245513916016,1,0.02918427065014839,0.3495108485221863,-0.265430748462677,0.16363227367401123,0.0,0,0.8922560214996338,-0.2530446946620941,0.24756169319152832,0.13721519708633423,0.0,0,1.1739485263824463,-0.2740461826324463,-0.09052832424640656,0.022902049124240875,61.8001823425293,1,0.039341434836387634
529,10.58,walk,0.5,0.0,-0.5,0.3780318796634674,-0.5594742298126221,-1.872910499572754,0.47824627161026,0.5358597040176392,-0.5715757895952016,-3.4995951240968344,2,0,0,-0.4538334608078003,0.15084654092788696,0.4823477268218994,-0.0047460198402404785,-0.5358597040176392,0.0,0.32323509454727173,0.2405528426170349,0.0991477519273758,0.023307204246520996,63.148887634277344,1,0.029873603954911232,0.3592204749584198,-0.26802903413772583,0.1709686815738678,0.0,0,0.8128294348716736,-0.2421947717666626,0.24567916989326477,0.14447852969169617,0.0,0,1.0769367218017578,-0.28257158398628235,-0.0941852405667305,0.02284424751996994,63.5050163269043,1,0.03941435366868973
530,10.6,walk,0.5,0.0,-0.5,0.3794606626033783,-0.5686401724815369,-1.870068073272705,0.4833289086818695,0.5455712080001831,-0.6684814996831376,-3.607199631828508,2,0,0,-0.45728248357772827,0.15652339160442352,0.48662427067756653,-0.0038647353649139404,-0.5455712080001831,0.0,0.3304714262485504,0.22975820302963257,0.10097681730985641,0.023260675370693207,62.951236724853516,1,0.02794746868312359,0.36749064922332764,-0.2689996659755707,0.17599304020404816,0.0,0,0.7367153763771057,-0.23322442173957825,0.2415846884250641,0.14859139919281006,0.0,0,1.0081145763397217,-0.2910856306552887,-0.09764298796653748,0.022784210741519928,62.403114318847656,1,0.039791736751794815
531,10.620000000000001,walk,0.5,0.0,-0.5,0.38055092096328735,-0.577879786491394,-1.8671131134033203,0.48829877376556396,0.5499244332313538,-0.7492920290744972,-3.709625148622019,2,0,0,-0.460663378238678,0.16194121539592743,0.4904608130455017,-0.002726942300796509,-0.5499244332313538,0.0,0.3364456295967102,0.218866229057312,0.10280533879995346,0.023212552070617676,65.2007064819336,1,0.025409413501620293,0.3741917312145233,-0.269466370344162,0.17934809625148773,0.0,0,0.6692368984222412,-0.22621263563632965,0.2374614179134369,0.1506173312664032,0.0,0,0.9332053065299988,-0.2996186316013336,-0.10112666338682175,0.022723570466041565,60.26042175292969,1,0.03946293517947197
532,10.64,walk,0.5,0.0,-0.5,0.3812754452228546,-0.5871833562850952,-1.8640334606170654,0.4931010603904724,0.5539923310279846,-0.8375412748022354,-3.819485326327089,2,0,0,-0.46350201964378357,0.16826927661895752,0.49408990144729614,-0.0025360584259033203,-0.5539923310279846,0.0,0.34103044867515564,0.207810640335083,0.10448651015758514,0.023164406418800354,67.70328521728516,1,0.02343098446726799,0.3792126774787903,-0.269672691822052,0.18093954026699066,0.0,0,0.5965718030929565,-0.2212962806224823,0.23427075147628784,0.1509036421775818,0.0,0,0.8514280915260315,-0.3082405924797058,-0.10476255416870117,0.022662535309791565,58.60279846191406,1,0.039043083786964417
533,10.66,walk,0.5,0.0,-0.5,0.3816584646701813,-0.5965340733528137,-1.8608057498931885,0.4974530041217804,0.5579707026481628,-0.9242595976605388,-3.9278735982660216,2,0,0,-0.4652966260910034,0.17595043778419495,0.4972742795944214,-0.0038771629333496094,-0.5579707026481628,0.0,0.3441143333911896,0.19665765762329102,0.1060982495546341,0.023116514086723328,69.96317291259766,1,0.022096728906035423,0.38252997398376465,-0.26952290534973145,0.18055929243564606,0.0,0,0.5232466459274292,-0.21804937720298767,0.23198732733726501,0.14961941540241241,0.0,0,0.7958477735519409,-0.3168866038322449,-0.10847438126802444,0.022601433098316193,57.05012130737305,1,0.03888455033302307
534,10.68,walk,0.5,0.0,-0.5,0.38172900676727295,-0.605908215045929,-1.8574018478393555,0.5012603998184204,0.5622252225875854,-1.0026133933848094,-4.019924057710283,2,0,0,-0.4657590985298157,0.18528476357460022,0.49991410970687866,-0.007138609886169434,-0.5622252225875854,0.0,0.345869779586792,0.18551360070705414,0.10771527886390686,0.02306942641735077,72.3666000366211,1,0.021805159747600555,0.3842952251434326,-0.26891764998435974,0.1781555712223053,0.0,0,0.4560433030128479,-0.21565578877925873,0.23029163479804993,0.1469482183456421,0.0,0,0.7780786752700806,-0.32545214891433716,-0.11219000816345215,0.022539518773555756,55.11842346191406,1,0.03887563943862915
535,10.700000000000001,walk,0.5,0.0,-0.5,0.38151392340660095,-0.6152816414833069,-1.8537839651107788,0.5049510598182678,0.5676587820053101,-1.0707199843633568,-4.088698513123611,2,0,0,-0.46508294343948364,0.19665557146072388,0.5024282932281494,-0.012602418661117554,-0.5676587820053101,0.0,0.3465956747531891,0.17443089187145233,0.10938861966133118,0.023022659122943878,74.93345642089844,1,0.02311796136200428,0.38464051485061646,-0.2677985429763794,0.17372271418571472,0.0,0,0.3919447958469391,-0.2134455144405365,0.22883686423301697,0.14297690987586975,0.0,0,0.7854369282722473,-0.33388614654541016,-0.11586543917655945,0.022476576268672943,52.880157470703125,1,0.03889150172472
536,10.72,walk,0.5,0.0,-0.5,0.38103654980659485,-0.6246362924575806,-1.849910855293274,0.5090895891189575,0.5747348070144653,-1.1234352776558094,-4.1359740943506775,2,0,0,-0.46363598108291626,0.21027104556560516,0.5053318738937378,-0.020297735929489136,-0.5747348070144653,0.0,0.3465416431427002,0.1633964329957962,0.11119356006383896,0.02297547459602356,77.42567443847656,1,0.026249483227729797,0.3834964334964752,-0.2660961151123047,0.1671348512172699,0.0,0,0.3216065466403961,-0.2111462652683258,0.22730451822280884,0.13764548301696777,0.0,0,0.8003090620040894,-0.3421979248523712,-0.11943940818309784,0.022412866353988647,50.48823547363281,1,0.038893938064575195
537,10.74,walk,0.5,0.0,-0.5,0.38032066822052,-0.6339571475982666,-1.8457385301589966,0.5139387249946594,0.5828593969345093,-1.1551390947923046,-4.166394049366621,2,0,0,-0.46149444580078125,0.22617673873901367,0.508811891078949,-0.03019663691520691,-0.5828593969345093,0.0,0.34594035148620605,0.15237541496753693,0.11320509016513824,0.02292698621749878,79.7575912475586,1,0.031424589455127716,0.38054680824279785,-0.26371848583221436,0.15801343321800232,0.0,0,0.23370394110679626,-0.20886492729187012,0.22545120120048523,0.13064873218536377,0.0,0,0.8104810118675232,-0.3504217863082886,-0.12284588813781738,0.02234809100627899,47.996009826660156,1,0.038907941430807114
538,10.76,walk,0.5,0.0,-0.5,0.3793952167034149,-0.6432281136512756,-1.8412221670150757,0.5195923447608948,0.5903254151344299,-1.1649708319374206,-4.181831130664497,2,0,0,-0.4586225748062134,0.2442162036895752,0.5128793120384216,-0.04214128851890564,-0.5903254151344299,0.0,0.34515437483787537,0.14135174453258514,0.11546104401350021,0.022876664996147156,81.68733215332031,1,0.03952512890100479,0.3749762177467346,-0.2605503499507904,0.14541170001029968,0.0,0,0.09873677790164948,-0.20694901049137115,0.2229538857936859,0.12136267125606537,0.0,0,0.8111718893051147,-0.35857826471328735,-0.1260385811328888,0.022281989455223083,45.3272705078125,1,0.039009660482406616
539,10.78,walk,0.5,0.0,-0.5,0.3783045709133148,-0.6524341106414795,-1.8363219499588013,0.526348352432251,0.5974965691566467,-1.1433640621066141,-4.175682679751016,2,0,0,-0.4551418125629425,0.2643643915653229,0.5177721977233887,-0.05602824687957764,-0.5974965691566467,0.0,0.3449716866016388,0.13036173582077026,0.11804568767547607,0.022824883460998535,82.80730438232422,1,0.054396916180849075,0.3647017478942871,-0.2563099265098572,0.12716959416866302,0.0,0,0.16458506882190704,-0.20616118609905243,0.21920806169509888,0.10845024883747101,0.0,0,0.7957468628883362,-0.3666437268257141,-0.12891361117362976,0.022214792668819427,42.34477233886719,1,0.039434317499399185
540,10.8,walk,0.5,0.0,-0.5,0.37709948420524597,-0.6615579128265381,-1.8309928178787231,0.5349240899085999,0.6141482591629028,-1.0182028732785404,-4.136411226457558,2,0,0,-0.4511694312095642,0.28738468885421753,0.5239844918251038,-0.07235676050186157,-0.6141482591629028,0.0,0.3479924499988556,0.11945340037345886,0.12145209312438965,0.022766433656215668,82.41011810302734,1,0.08746333420276642,0.3445456922054291,-0.2496204972267151,0.09888744354248047,0.0,0,0.7430204749107361,-0.2083950787782669,0.21299153566360474,0.08901717513799667,0.0,0,0.7840235233306885,-0.3745635747909546,-0.13101664185523987,0.022145092487335205,37.89167022705078,1,0.04039401188492775
541,10.82,walk,0.5,0.0,-0.5,0.3756476938724518,-0.6705566048622131,-1.8251674175262451,0.5455942153930664,0.6792460680007935,-0.7449058736885855,-4.0211628832709945,2,0,0,-0.44428524374961853,0.31667599081993103,0.5295922756195068,-0.09512341022491455,-0.6792460680007935,0.0,0.35336342453956604,0.10879640281200409,0.12610045075416565,0.022688284516334534,78.0179214477539,1,0.044080302119255066,0.30531778931617737,-0.2336607575416565,0.05869905650615692,0.0,0,1.8803775310516357,-0.21815651655197144,0.20005860924720764,0.05732571333646774,0.0,0,1.0688942670822144,-0.3820445239543915,-0.1321709156036377,0.02207530289888382,26.989343643188477,1,0.04089633747935295
542,10.84,walk,0.5,0.0,-0.5,0.371970534324646,-0.6788890957832336,-1.8191041946411133,0.49461689591407776,0.76996910572052,-0.5306083683143181,-3.4437333547528275,2,0,0,-0.38943472504615784,0.30493682622909546,0.46662306785583496,-0.10254961252212524,-0.76996910572052,0.0,0.3169908821582794,0.15578041970729828,0.1436012089252472,0.029057413339614868,0.0,0,3.958042621612549,0.25844505429267883,-0.19519281387329102,0.022969096899032593,111.21822357177734,1,0.6375421285629272,-0.23461827635765076,0.18077224493026733,0.02308391034603119,112.93216705322266,1,0.0515570193529129,-0.3681725859642029,-0.13606080412864685,0.024737700819969177,0.0,0,1.0488625764846802
543,10.86,walk,0.5,0.0,-0.5,0.3676969110965729,-0.6862927079200745,-1.8135827779769897,0.4523589313030243,0.5768079161643982,-0.7288424426994791,-2.918871736851429,2,0,0,-0.3559596836566925,0.2791438698768616,0.4344395697116852,-0.08853858709335327,-0.5768079161643982,0.0,0.2650679647922516,0.23985892534255981,0.1422242820262909,0.045243509113788605,0.0,0,4.54581880569458,0.25441882014274597,-0.19155973196029663,0.02325303852558136,98.0226058959961,1,0.031105488538742065,-0.2421247363090515,0.1784636378288269,0.02298084646463394,86.31892395019531,1,0.02757289819419384,-0.32141149044036865,-0.13515667617321014,0.03984826058149338,0.0,0,2.4499289989471436
544,10.88,walk,0.5,0.0,-0.5,0.3651892840862274,-0.6935908794403076,-1.808245062828064,0.4608115553855896,0.4821839928627014,0.07382235207615065,-2.5077532591982528,2,0,0,-0.3664727807044983,0.2793653607368469,0.448891282081604,-0.07692879438400269,-0.4821839928627014,0.0,0.26910823583602905,0.32013946771621704,0.1327683925628662,0.07217929512262344,0.0,0,4.046750068664551,0.24961508810520172,-0.18286970257759094,0.023296192288398743,81.65719604492188,1,0.012960472144186497,-0.24970361590385437,0.1823476254940033,0.02293730527162552,87.03811645507812,1,0.03149125352501869,-0.2774645984172821,-0.12186382710933685,0.04806210845708847,0.0,0,2.3211605548858643
545,10.9,walk,0.5,0.0,-0.5,0.3636190593242645,-0.7012450695037842,-1.802741527557373,0.49121180176734924,0.511132001876831,0.9689265802331891,-2.355755296625847,2,0,0,-0.39364534616470337,0.2938236892223358,0.4824066460132599,-0.07137268781661987,-0.511132001876831,0.0,0.3050713837146759,0.3764196038246155,0.126302108168602,0.08680049329996109,0.0,0,2.8142192363739014,0.24291715025901794,-0.1739770770072937,0.023295991122722626,79.80039978027344,1,0.011693243868649006,-0.259086549282074,0.18662384152412415,0.022885076701641083,87.06218719482422,1,0.035530805587768555,-0.23871317505836487,-0.10454519093036652,0.053422458469867706,0.0,0,2.225823163986206
546,10.92,walk,0.5,0.0,-0.5,0.3626497983932495,-0.7096559405326843,-1.7968279123306274,0.5345931649208069,0.5979423522949219,1.632809014727381,-2.5685602989447602,2,0,0,-0.4303014278411865,0.3172231614589691,0.5280246734619141,-0.06897944211959839,-0.5979423522949219,0.0,0.3287047743797302,0.40042343735694885,0.12357747554779053,0.09284201264381409,0.0,0,1.349853277206421,0.23359651863574982,-0.16624543070793152,0.023269854485988617,82.26055145263672,1,0.01589164510369301,-0.271708607673645,0.18886268138885498,0.0228242427110672,88.3058090209961,1,0.03809193894267082,-0.2119010090827942,-0.08936110883951187,0.057390548288822174,0.0,0,1.6846174001693726
547,10.94,walk,0.5,0.0,-0.5,0.3625398576259613,-0.7188105583190918,-1.7905573844909668,0.5699549317359924,0.5829527378082275,1.7813645619581004,-3.1869654129543035,2,0,0,-0.4640376567840576,0.3309346139431,0.567314088344574,-0.05935889482498169,-0.5829527378082275,0.0,0.3242051899433136,0.39151278138160706,0.11857573688030243,0.08446399867534637,0.0,0,0.6555818915367126,0.22131690382957458,-0.1616416573524475,0.023233667016029358,84.91043853759766,1,0.021532155573368073,-0.2875688672065735,0.1875394880771637,0.022753700613975525,84.25212860107422,1,0.04254528880119324,-0.2059810757637024,-0.0784120261669159,0.05103006213903427,0.0,0,0.925278902053833
548,10.96,walk,0.5,0.0,-0.5,0.3635275363922119,-0.7283780574798584,-1.7842397689819336,0.5825421214103699,0.442594051361084,1.2995320686107246,-4.060570940347852,2,0,0,-0.483192503452301,0.32539254426956177,0.5853604078292847,-0.040032148361206055,-0.442594051361084,0.0,0.3117702603340149,0.35122278332710266,0.10324826836585999,0.05200229212641716,0.0,0,1.8985427618026733,0.20694449543952942,-0.16154834628105164,0.023186728358268738,88.28324890136719,1,0.027855360880494118,-0.30493175983428955,0.18259727954864502,0.022680528461933136,77.84044647216797,1,0.046675197780132294,-0.2190479338169098,-0.07095792144536972,0.029972106218338013,0.0,0,0.6163932085037231
549,10.98,walk,0.5,0.0,-0.5,0.36564314365386963,-0.7376224994659424,-1.7781970500946045,0.5347104072570801,0.33212968707084656,0.7704818905616685,-4.230623013887306,4,0,0,-0.44304999709129333,0.299369215965271,0.5419341325759888,-0.03363537788391113,-0.33212968707084656,0.0,0.31454354524612427,0.3126467764377594,0.09064668416976929,0.023664385080337524,47.291107177734375,1,0.05101777985692024,0.19675499200820923,-0.16260504722595215,0.023131243884563446,60.16609573364258,1,0.007149862125515938,-0.3173653483390808,0.17790210247039795,0.022588931024074554,59.99716567993164,1,0.061767663806676865,-0.22918276488780975,-0.07454264909029007,0.023268945515155792,52.95472717285156,1,0.043220750987529755
550,11.0,walk,0.5,0.0,-0.5,0.3677321970462799,-0.7460036277770996,-1.7728171348571777,0.4750574231147766,0.3456915616989136,-0.07673739543861142,-3.8501652554183172,2,0,0,-0.39837881922721863,0.2587931156158447,0.4795528054237366,-0.016513347625732422,-0.3456915616989136,0.0,0.29417917132377625,0.30476540327072144,0.08792021870613098,0.023500315845012665,76.42752838134766,1,0.015028388239443302,0.22820959985256195,-0.18202775716781616,0.046262919902801514,0.0,0,2.7700040340423584,-0.31418129801750183,0.18468579649925232,0.033764369785785675,0.0,0,1.2934601306915283,-0.23560383915901184,-0.08050576597452164,0.02319367229938507,72.30412292480469,1,0.037212301045656204
551,11.02,walk,0.5,0.0,-0.5,0.3691749572753906,-0.7538331747055054,-1.7680174112319946,0.45249730348587036,0.37617313861846924,-0.8266861298595283,-3.682723594802278,2,0,0,-0.3826996088027954,0.2414432317018509,0.45603734254837036,-0.005374997854232788,-0.37617313861846924,0.0,0.28414279222488403,0.2962386906147003,0.08569808304309845,0.023491792380809784,72.6805419921875,1,0.020205482840538025,0.2781614363193512,-0.21214023232460022,0.08142548054456711,0.0,0,2.9917643070220947,-0.29425138235092163,0.20431262254714966,0.06641534715890884,0.0,0,1.9354170560836792,-0.24248366057872772,-0.08650220930576324,0.023163728415966034,82.17073822021484,1,0.03148553892970085
552,11.040000000000001,walk,0.5,0.0,-0.5,0.3710961937904358,-0.761672854423523,-1.7631083726882935,0.4702928066253662,0.4617888033390045,-0.944424450524532,-3.5720864830791186,2,0,0,-0.39218807220458984,0.2595454454421997,0.4759705066680908,-0.010984301567077637,-0.4617888033390045,0.0,0.2949841618537903,0.28725263476371765,0.08754374086856842,0.023471258580684662,61.122013092041016,1,0.027746740728616714,0.3110826015472412,-0.23229306936264038,0.1101052314043045,0.0,0,1.7014480829238892,-0.28961238265037537,0.22818180918693542,0.08922512829303741,0.0,0,1.156564712524414,-0.24967636168003082,-0.08901974558830261,0.02310776710510254,80.9951400756836,1,0.03808772563934326
553,11.06,walk,0.5,0.0,-0.5,0.37331512570381165,-0.7698188424110413,-1.7580043077468872,0.4863574504852295,0.4551934599876404,-0.7071689718025592,-3.374349304956076,2,0,0,-0.40558454394340515,0.2684115469455719,0.4918752610683441,-0.007281631231307983,-0.4551934599876404,0.0,0.3005388677120209,0.27840766310691833,0.09158952534198761,0.023439690470695496,50.49033737182617,1,0.026852862909436226,0.3251464366912842,-0.2447395920753479,0.1291317641735077,0.0,0,1.0359487533569336,-0.28557777404785156,0.23920544981956482,0.10634265840053558,0.0,0,0.8049893379211426,-0.256596177816391,-0.08966085314750671,0.023028679192066193,74.0154037475586,1,0.04488036409020424
554,11.08,walk,0.5,0.0,-0.5,0.3752683401107788,-0.7780713438987732,-1.7528172731399536,0.48796457052230835,0.4543241560459137,-0.4760727762472042,-3.17824774369584,2,0,0,-0.4066620469093323,0.269694983959198,0.4920652508735657,-0.0038785934448242188,-0.4543241560459137,0.0,0.3045000433921814,0.26943641901016235,0.09542219340801239,0.023411788046360016,56.93934631347656,1,0.026401424780488014,0.33389347791671753,-0.25395578145980835,0.14389140903949738,0.0,0,0.9283811450004578,-0.27496337890625,0.24484437704086304,0.12084466964006424,0.0,0,1.159130334854126,-0.26361551880836487,-0.0904248058795929,0.022961504757404327,61.41042709350586,1,0.04443443566560745
555,11.1,walk,0.5,0.0,-0.5,0.37690994143486023,-0.7862603068351746,-1.7476274967193604,0.4850567877292633,0.4856802523136139,-0.5366053811272951,-3.1612888108735215,2,0,0,-0.40292227268218994,0.2700624465942383,0.488718181848526,-0.0015506148338317871,-0.4856802523136139,0.0,0.3121892213821411,0.25940853357315063,0.09739981591701508,0.023374907672405243,65.48983001708984,1,0.030259326100349426,0.34440088272094727,-0.2607984244823456,0.15620407462120056,0.0,0,0.9666293859481812,-0.2602740526199341,0.2475576102733612,0.13376806676387787,0.0,0,1.3040881156921387,-0.2716139554977417,-0.09317851066589355,0.022901885211467743,59.54768753051758,1,0.040433820337057114
556,11.120000000000001,walk,0.5,0.0,-0.5,0.37845489382743835,-0.7944048643112183,-1.742369532585144,0.48756226897239685,0.5174119472503662,-0.7154537778223732,-3.2813650305862265,2,0,0,-0.40202808380126953,0.27584487199783325,0.4913012385368347,-0.0016432404518127441,-0.5174119472503662,0.0,0.32121512293815613,0.2484998255968094,0.09867871552705765,0.02333316206932068,65.21929168701172,1,0.0332474447786808,0.3551803529262543,-0.26466280221939087,0.1652553528547287,0.0,0,0.8922317624092102,-0.24717751145362854,0.24656552076339722,0.1429429054260254,0.0,0,1.1702064275741577,-0.2803666293621063,-0.09691569209098816,0.022843949496746063,62.799625396728516,1,0.039353158324956894
557,11.14,walk,0.5,0.0,-0.5,0.37986764311790466,-0.8025712370872498,-1.7369906902313232,0.4924652576446533,0.5327350497245789,-0.825918587351548,-3.4209924533546814,2,0,0,-0.403393030166626,0.28248199820518494,0.4957233667373657,-0.0011353492736816406,-0.5327350497245789,0.0,0.32896333932876587,0.23734340071678162,0.10036756098270416,0.023288406431674957,63.179473876953125,1,0.03290672227740288,0.3643227815628052,-0.26636314392089844,0.1714598834514618,0.0,0,0.7927702069282532,-0.23721995949745178,0.24268808960914612,0.14817069470882416,0.0,0,1.039624571800232,-0.2892499566078186,-0.10043129324913025,0.022783510386943817,63.16777420043945,1,0.04001824930310249
558,11.16,walk,0.5,0.0,-0.5,0.3809877932071686,-0.8107715845108032,-1.7314914464950562,0.49674418568611145,0.5361227989196777,-0.8928058828415425,-3.5465464847817367,2,0,0,-0.4047946035861969,0.2879168689250946,0.4989842176437378,0.0003300309181213379,-0.5361227989196777,0.0,0.3353891372680664,0.22615166008472443,0.10223327577114105,0.023242808878421783,64.36711120605469,1,0.031564861536026,0.37172263860702515,-0.2672771215438843,0.17569386959075928,0.0,0,0.718498945236206,-0.22975480556488037,0.23823022842407227,0.1507553905248642,0.0,0,0.9555882811546326,-0.2980884909629822,-0.10381199419498444,0.022721655666828156,60.89375686645508,1,0.039990752935409546
559,11.18,walk,0.5,0.0,-0.5,0.3817441165447235,-0.8189875483512878,-1.7258741855621338,0.500353217124939,0.5380402207374573,-0.9716781859733523,-3.6748577781993617,2,0,0,-0.40518730878829956,0.2935584783554077,0.5014488101005554,0.0010833740234375,-0.5380402207374573,0.0,0.3405761122703552,0.21484853327274323,0.10390788316726685,0.023196034133434296,66.99301147460938,1,0.030635619536042213,0.37750449776649475,-0.2678599953651428,0.17814448475837708,0.0,0,0.648425281047821,-0.22438108921051025,0.2346557378768921,0.15145012736320496,0.0,0,0.878356397151947,-0.30697518587112427,-0.10736754536628723,0.022659674286842346,58.69337463378906,1,0.0394347682595253
560,11.200000000000001,walk,0.5,0.0,-0.5,0.38215312361717224,-0.8271961808204651,-1.7201238870620728,0.5035730004310608,0.540907621383667,-1.062315543311362,-3.807048405622142,2,0,0,-0.4042380154132843,0.30029547214508057,0.503546953201294,0.00022810697555541992,-0.540907621383667,0.0,0.3443271219730377,0.20344004034996033,0.10541658848524094,0.023148976266384125,69.38697052001953,1,0.029913919046521187,0.38161036372184753,-0.26800477504730225,0.17860189080238342,0.0,0,0.5721368789672852,-0.22070875763893127,0.23209479451179504,0.15049278736114502,0.0,0,0.8195358514785767,-0.31590044498443604,-0.11107899248600006,0.0225975438952446,57.08930969238281,1,0.03907419741153717
561,11.22,walk,0.5,0.0,-0.5,0.38224828243255615,-0.8353684544563293,-1.7142187356948853,0.5063371062278748,0.5444846749305725,-1.1490331191177248,-3.927450553424304,2,0,0,-0.40166568756103516,0.30828872323036194,0.5051968097686768,-0.0025437474250793457,-0.5444846749305725,0.0,0.34664762020111084,0.19203491508960724,0.10689328610897064,0.02310139685869217,71.74513244628906,1,0.029237492009997368,0.3840752840042114,-0.2676030397415161,0.17698509991168976,0.0,0,0.49783697724342346,-0.21800300478935242,0.23018470406532288,0.14808566868305206,0.0,0,0.7954114079475403,-0.32475632429122925,-0.11482347548007965,0.022535033524036407,55.351566314697266,1,0.03896315395832062
562,11.24,walk,0.5,0.0,-0.5,0.3820560574531555,-0.843472421169281,-1.708131194114685,0.5089054703712463,0.5493919253349304,-1.226102839278033,-4.025194829315417,2,0,0,-0.39745834469795227,0.3178233504295349,0.5066392421722412,-0.007461130619049072,-0.5493919253349304,0.0,0.3477867543697357,0.18070869147777557,0.1084146499633789,0.02305314689874649,74.35696411132812,1,0.028820427134633064,0.38501933217048645,-0.2666435241699219,0.17333340644836426,0.0,0,0.4282834827899933,-0.21556417644023895,0.22856393456459045,0.14439311623573303,0.0,0,0.7983437180519104,-0.33346623182296753,-0.11853590607643127,0.022471636533737183,53.225772857666016,1,0.0389057919383049
563,11.26,walk,0.5,0.0,-0.5,0.38159698247909546,-0.8514794111251831,-1.701827883720398,0.5118227005004883,0.556188702583313,-1.2892255265965868,-4.099802266279936,2,0,0,-0.3918711245059967,0.3292407691478729,0.5083792805671692,-0.014608800411224365,-0.556188702583313,0.0,0.3480306565761566,0.16946399211883545,0.11005152016878128,0.023004084825515747,77.01110076904297,1,0.028814302757382393,0.38443586230278015,-0.2651294469833374,0.16759172081947327,0.0,0,0.35642528533935547,-0.21307004988193512,0.22694367170333862,0.13942238688468933,0.0,0,0.8104204535484314,-0.3420243263244629,-0.12216170132160187,0.02240745723247528,50.88270950317383,1,0.038836002349853516
564,11.28,walk,0.5,0.0,-0.5,0.3808923363685608,-0.8593629598617554,-1.695271372795105,0.5153969526290894,0.5645126104354858,-1.3328264660501863,-4.1558332962493125,2,0,0,-0.3849930465221405,0.34265777468681335,0.5106642246246338,-0.023977935314178467,-0.5645126104354858,0.0,0.34762293100357056,0.1582653671503067,0.11188119649887085,0.022953830659389496,79.6081314086914,1,0.02922622114419937,0.3821071684360504,-0.2630094885826111,0.15948303043842316,0.0,0,0.27234122157096863,-0.21058909595012665,0.2251012623310089,0.1329427808523178,0.0,0,0.8184270262718201,-0.3504622280597687,-0.1256372332572937,0.022342614829540253,48.431602478027344,1,0.03875727206468582
565,11.3,walk,0.5,0.0,-0.5,0.3799660801887512,-0.8670946359634399,-1.6884241104125977,0.5196837186813354,0.5730894804000854,-1.3540482906882392,-4.197241318092515,2,0,0,-0.37671372294425964,0.3579915165901184,0.5134506225585938,-0.035539448261260986,-0.5730894804000854,0.0,0.3468848764896393,0.1470840871334076,0.11395798623561859,0.0229022353887558,81.95654296875,1,0.030020082369446754,0.37749260663986206,-0.26015710830688477,0.14833278954029083,0.0,0,0.15740516781806946,-0.20841139554977417,0.22278621792793274,0.12444902211427689,0.0,0,0.8184254765510559,-0.3588106334209442,-0.12890824675559998,0.022276751697063446,45.784576416015625,1,0.03870778903365135
566,11.32,walk,0.5,0.0,-0.5,0.37885549664497375,-0.8746468424797058,-1.6812509298324585,0.5248774290084839,0.5804937481880188,-1.352531561805673,-4.22054891174836,2,0,0,-0.3671559989452362,0.3750903606414795,0.5168694257736206,-0.049076199531555176,-0.5804937481880188,0.0,0.3464314937591553,0.13593930006027222,0.11631064116954803,0.022848740220069885,83.72400665283203,1,0.031186427921056747,0.3690972328186035,-0.256397545337677,0.13248711824417114,0.0,0,0.04908329248428345,-0.2070763260126114,0.21947792172431946,0.11292790621519089,0.0,0,0.8065565824508667,-0.36706188321113586,-0.1319267600774765,0.02220950275659561,42.9627799987793,1,0.03886129707098007
567,11.34,walk,0.5,0.0,-0.5,0.3776095509529114,-0.8819916844367981,-1.6737141609191895,0.5316527485847473,0.5922423601150513,-1.279617371425083,-4.213913382969693,2,0,0,-0.3563168942928314,0.3945794105529785,0.521409809589386,-0.06497979164123535,-0.5922423601150513,0.0,0.34792807698249817,0.12489117681980133,0.11927627772092819,0.022794462740421295,83.96965789794922,1,0.033195193856954575,0.353188693523407,-0.2509019374847412,0.10852433741092682,0.0,0,0.47999823093414307,-0.20790058374404907,0.21424198150634766,0.09616763144731522,0.0,0,0.7850190997123718,-0.3751632869243622,-0.1343625783920288,0.022140592336654663,39.28894805908203,1,0.03948749974370003
568,11.36,walk,0.5,0.0,-0.5,0.37622177600860596,-0.8890854120254517,-1.6657873392105103,0.5392193794250488,0.629461944103241,-1.0361704329421995,-4.1619078957423925,2,0,0,-0.34275034070014954,0.41626879572868347,0.5255843997001648,-0.08384835720062256,-0.629461944103241,0.0,0.3579753041267395,0.1139855831861496,0.12354572117328644,0.02273689955472946,78.0350112915039,1,0.03576390817761421,0.3205586075782776,-0.24053767323493958,0.07013348489999771,0.0,0,1.4935635328292847,-0.21419885754585266,0.2045365571975708,0.06955914199352264,0.0,0,0.8913413882255554,-0.3830054998397827,-0.13566544651985168,0.02207036316394806,31.91409683227539,1,0.04025205969810486
569,11.38,walk,0.5,0.0,-0.5,0.37383919954299927,-0.8957205414772034,-1.6574290990829468,0.531311571598053,0.7956967949867249,-0.7123780582617518,-3.9132642505181874,2,0,0,-0.3088449537754059,0.43232718110084534,0.5075646638870239,-0.11174207925796509,-0.7956967949867249,0.0,0.34981071949005127,0.1040458083152771,0.1288602352142334,0.022724486887454987,57.45073699951172,1,0.03573903068900108,0.27209579944610596,-0.20864376425743103,0.032785043120384216,0.0,0,2.7885642051696777,-0.23134951293468475,0.18118169903755188,0.027295589447021484,0.0,0,1.7330156564712524,-0.38941216468811035,-0.13679006695747375,0.02200629562139511,6.774101257324219,1,0.03793517127633095
570,11.4,walk,0.5,0.0,-0.5,0.36930444836616516,-0.9012366533279419,-1.649701714515686,0.4374874532222748,0.6701920032501221,-0.958949915011622,-3.2959938016845127,2,0,0,-0.23920650780200958,0.36629974842071533,0.4132044315338135,-0.1054002046585083,-0.6701920032501221,0.0,0.27197471261024475,0.16617602109909058,0.1339862048625946,0.04164857417345047,0.0,0,4.406013011932373,0.25475725531578064,-0.19300207495689392,0.023169681429862976,103.2469482421875,1,0.049777641892433167,-0.23782916367053986,0.17647087574005127,0.02301192283630371,87.7630386352539,1,0.03088386356830597,-0.3558143675327301,-0.14049126207828522,0.03368746489286423,0.0,0,1.8187445402145386
571,11.42,walk,0.5,0.0,-0.5,0.3666233420372009,-0.9060846567153931,-1.642617106437683,0.43433505296707153,0.5196368098258972,-0.6091913489017544,-2.8524282969357793,2,0,0,-0.23740479350090027,0.36371129751205444,0.4172648787498474,-0.09786146879196167,-0.5196368098258972,0.0,0.24545352160930634,0.25140780210494995,0.13295859098434448,0.05688022822141647,0.0,0,4.544402599334717,0.2508113384246826,-0.18631091713905334,0.02328067272901535,82.19032287597656,1,0.013894443400204182,-0.2448873519897461,0.17788338661193848,0.022968024015426636,81.05419158935547,1,0.030419373884797096,-0.31080180406570435,-0.1346767693758011,0.04677271842956543,0.0,0,2.208428144454956
572,11.44,walk,0.5,0.0,-0.5,0.3651057481765747,-0.9110806584358215,-1.6354584693908691,0.44954603910446167,0.45496228337287903,0.35837773123389477,-2.6020139251692482,2,0,0,-0.2512584924697876,0.37277448177337646,0.43686479330062866,-0.08902537822723389,-0.45496228337287903,0.0,0.26708242297172546,0.3283397853374481,0.12694859504699707,0.07745829224586487,0.0,0,3.902263641357422,0.24532164633274078,-0.17668253183364868,0.02330920100212097,77.15953826904297,1,0.019820718094706535,-0.25287264585494995,0.18314599990844727,0.02292822301387787,85.57111358642578,1,0.033513229340314865,-0.2699693441390991,-0.11896820366382599,0.05326194316148758,0.0,0,2.2648258209228516
573,11.46,walk,0.5,0.0,-0.5,0.3642050325870514,-0.9165131449699402,-1.627910852432251,0.48701098561286926,0.5080463290214539,1.1567097181362902,-2.5851337529657963,2,0,0,-0.278126984834671,0.3997812867164612,0.4771798849105835,-0.08456957340240479,-0.5080463290214539,0.0,0.305959552526474,0.3802114725112915,0.12292173504829407,0.09129716455936432,0.0,0,2.55523943901062,0.23800265789031982,-0.1681995391845703,0.023289233446121216,78.18340301513672,1,0.01438985113054514,-0.26282796263694763,0.18710362911224365,0.022873707115650177,86.30558013916016,1,0.03678717091679573,-0.2345140129327774,-0.1017167717218399,0.0570511519908905,0.0,0,2.1049559116363525
574,11.48,walk,0.5,0.0,-0.5,0.3638220429420471,-0.9225944876670837,-1.6196815967559814,0.5329153537750244,0.5840420722961426,1.5803032161433774,-2.966492669518404,2,0,0,-0.3078064024448395,0.43503332138061523,0.5256186127662659,-0.08331823348999023,-0.5840420722961426,0.0,0.32532352209091187,0.3981517553329468,0.12089645862579346,0.09609656035900116,0.0,0,1.0946521759033203,0.22776243090629578,-0.1616879105567932,0.023256368935108185,81.20590209960938,1,0.019741134718060493,-0.2763195037841797,0.18819254636764526,0.022809691727161407,86.74622344970703,1,0.03893808275461197,-0.2130594551563263,-0.08783291280269623,0.05785719305276871,0.0,0,1.484023094177246
575,11.5,walk,0.5,0.0,-0.5,0.3642864227294922,-0.9292606115341187,-1.6109018325805664,0.5660796165466309,0.5400230884552002,1.4748861832151063,-3.764497607753432,2,0,0,-0.3348098397254944,0.4564521312713623,0.5637542009353638,-0.07376909255981445,-0.5400230884552002,0.0,0.3168848156929016,0.38251036405563354,0.11403387784957886,0.08450188487768173,0.0,0,0.82894366979599,0.2144017070531845,-0.15849485993385315,0.023213393986225128,84.28771209716797,1,0.025836624205112457,-0.29302310943603516,0.1857900321483612,0.022738896310329437,82.24882507324219,1,0.04287157952785492,-0.2124597281217575,-0.0777655839920044,0.04766564816236496,0.0,0,0.8178271651268005
576,11.52,walk,0.5,0.0,-0.5,0.3657383322715759,-0.9361680746078491,-1.602036952972412,0.5703250169754028,0.3871300518512726,0.6865076495632707,-4.691212124812061,3,0,0,-0.3483273386955261,0.451595664024353,0.573257565498352,-0.05508160591125488,-0.3871300518512726,0.0,0.31161391735076904,0.3353056311607361,0.09513026475906372,0.045535895973443985,0.0,0,2.218625545501709,0.19972404837608337,-0.1602267324924469,0.023161187767982483,82.44554138183594,1,0.02853802591562271,-0.31030428409576416,0.17966929078102112,0.022664308547973633,74.7403564453125,1,0.04680316150188446,-0.22692817449569702,-0.07263593375682831,0.02299143373966217,30.629724502563477,1,0.5109553933143616
577,11.540000000000001,walk,0.5,0.0,-0.5,0.3671610355377197,-0.9426992535591125,-1.5935362577438354,0.516399621963501,0.4637488126754761,-0.11379448672891644,-4.459067655301668,3,0,0,-0.30345818400382996,0.4178297221660614,0.5156379342079163,-0.0592266321182251,-0.4637488126754761,0.0,0.31561022996902466,0.3026825487613678,0.08360075950622559,0.02351413667201996,65.05409240722656,1,0.012400270439684391,0.2163335680961609,-0.17317649722099304,0.028104647994041443,0.0,0,1.9409356117248535,-0.3202970027923584,0.17349481582641602,0.022565998136997223,20.396814346313477,1,0.06787708401679993,-0.23485369980335236,-0.07810531556606293,0.023228943347930908,76.94847869873047,1,0.03848857060074806
578,11.56,walk,0.5,0.0,-0.5,0.36777564883232117,-0.94864422082901,-1.5856422185897827,0.478824645280838,0.33232247829437256,-0.7237343683348086,-3.8848720079120906,2,0,0,-0.2825419306755066,0.3865787088871002,0.4763507544994354,-0.049604177474975586,-0.33232247829437256,0.0,0.28786513209342957,0.2958611249923706,0.0832202136516571,0.023462660610675812,81.76948547363281,1,0.01583297923207283,0.26655852794647217,-0.19502490758895874,0.060758888721466064,0.0,0,2.990037202835083,-0.303293913602829,0.1830725073814392,0.04449061304330826,0.0,0,1.7275208234786987,-0.2399505376815796,-0.08242344856262207,0.023177549242973328,79.73712921142578,1,0.034049686044454575
579,11.58,walk,0.5,0.0,-0.5,0.36858639121055603,-0.9542975425720215,-1.5780452489852905,0.4745240807533264,0.3862009346485138,-1.0626659106714424,-3.622802345213756,2,0,0,-0.27639010548591614,0.38572221994400024,0.47403666377067566,-0.0493888258934021,-0.3862009346485138,0.0,0.29016757011413574,0.2876676023006439,0.08416208624839783,0.023481637239456177,74.97306823730469,1,0.018387796357274055,0.30672919750213623,-0.21877062320709229,0.09046131372451782,0.0,0,2.2210166454315186,-0.28932011127471924,0.20867085456848145,0.06933234632015228,0.0,0,1.6866971254348755,-0.24655234813690186,-0.08518123626708984,0.023140564560890198,82.27498626708984,1,0.03324779495596886
580,11.6,walk,0.5,0.0,-0.5,0.3700607419013977,-0.9600046873092651,-1.5702860355377197,0.48738572001457214,0.44137629866600037,-1.1369806099970026,-3.48593346509634,2,0,0,-0.27955660223960876,0.3992404639720917,0.4890262484550476,-0.051007866859436035,-0.44137629866600037,0.0,0.2961238920688629,0.2785286009311676,0.0869118869304657,0.023457415401935577,67.70362091064453,1,0.025340773165225983,0.3267800211906433,-0.23514389991760254,0.11281564831733704,0.0,0,1.2759095430374146,-0.2822954058647156,0.22728481888771057,0.08970323950052261,0.0,0,1.0398006439208984,-0.253952294588089,-0.08668835461139679,0.02306998521089554,80.7175064086914,1,0.038208961486816406
581,11.620000000000001,walk,0.5,0.0,-0.5,0.371927946805954,-0.9657881855964661,-1.5623518228530884,0.4940418601036072,0.46340426802635193,-0.9350103154141388,-3.3110257673872416,2,0,0,-0.28041791915893555,0.4067470133304596,0.49599388241767883,-0.05089259147644043,-0.46340426802635193,0.0,0.298152357339859,0.2694007158279419,0.09144192934036255,0.0234295055270195,59.91572570800781,1,0.026651622727513313,0.3345744013786316,-0.2465406358242035,0.12880444526672363,0.0,0,0.9494113326072693,-0.27435457706451416,0.23613572120666504,0.10678376257419586,0.0,0,0.9401481747627258,-0.2612125277519226,-0.08678646385669708,0.023005545139312744,75.34029388427734,1,0.04401065781712532
582,11.64,walk,0.5,0.0,-0.5,0.3738076388835907,-0.9715387225151062,-1.554364800453186,0.4931428134441376,0.4893015921115875,-0.750384539176582,-3.1372192242383963,2,0,0,-0.2772693634033203,0.40781310200691223,0.49478021264076233,-0.04955291748046875,-0.4893015921115875,0.0,0.3025485873222351,0.2602126896381378,0.09586834907531738,0.02339749038219452,63.33141326904297,1,0.029239455237984657,0.34162530303001404,-0.25533628463745117,0.14261165261268616,0.0,0,0.9221131205558777,-0.26252099871635437,0.2408890724182129,0.12195823341608047,0.0,0,1.1491129398345947,-0.26843494176864624,-0.087171271443367,0.022938936948776245,66.47004699707031,1,0.04434223473072052
583,11.66,walk,0.5,0.0,-0.5,0.3755958378314972,-0.9772136807441711,-1.5463337898254395,0.494473934173584,0.524640679359436,-0.7845796144519863,-3.0851473561101,2,0,0,-0.27386945486068726,0.41170376539230347,0.49593737721443176,-0.049548566341400146,-0.524640679359436,0.0,0.31107330322265625,0.25025269389152527,0.09898516535758972,0.023359492421150208,66.25772094726562,1,0.034062400460243225,0.3509857654571533,-0.2619001865386963,0.15474656224250793,0.0,0,0.9288208484649658,-0.24975666403770447,0.24296966195106506,0.13473133742809296,0.0,0,1.1723321676254272,-0.2763107419013977,-0.08911436796188354,0.022876478731632233,62.764347076416016,1,0.04208732768893242
584,11.68,walk,0.5,0.0,-0.5,0.3772982358932495,-0.9828364849090576,-1.5381673574447632,0.5007405281066895,0.5503942370414734,-0.8857931995546434,-3.1284016634633214,2,0,0,-0.2716290056705475,0.4206646978855133,0.5018590688705444,-0.051454007625579834,-0.5503942370414734,0.0,0.32054784893989563,0.23958440124988556,0.10173512995243073,0.023314766585826874,64.33934020996094,1,0.03669288009405136,0.36046886444091797,-0.2660134434700012,0.16405272483825684,0.0,0,0.859022855758667,-0.2392609417438507,0.24209487438201904,0.14350149035453796,0.0,0,1.0575107336044312,-0.2847687602043152,-0.09168067574501038,0.022814162075519562,62.62412643432617,1,0.041572052985429764
585,11.700000000000001,walk,0.5,0.0,-0.5,0.3787984251976013,-0.9884337186813354,-1.529815673828125,0.5081189870834351,0.5613387227058411,-0.9412283488797891,-3.192141202241292,2,0,0,-0.27017495036125183,0.430337518453598,0.5084200501441956,-0.05313420295715332,-0.5613387227058411,0.0,0.3289960026741028,0.22860999405384064,0.10476130247116089,0.023266606032848358,62.861366271972656,1,0.03657372295856476,0.36866116523742676,-0.26839086413383484,0.17063277959823608,0.0,0,0.7834558486938477,-0.2311282455921173,0.23891779780387878,0.14864660799503326,0.0,0,0.980484127998352,-0.29342904686927795,-0.09411072731018066,0.022749781608581543,61.1923942565918,1,0.04179653897881508
586,11.72,walk,0.5,0.0,-0.5,0.37995532155036926,-0.9939985871315002,-1.5212738513946533,0.5147894620895386,0.5654945373535156,-0.9785549058070857,-3.256375716290677,2,0,0,-0.26820728182792664,0.4394007921218872,0.5139192342758179,-0.05478769540786743,-0.5654945373535156,0.0,0.3362712264060974,0.21746212244033813,0.10784456133842468,0.023216910660266876,64.0875473022461,1,0.035756614059209824,0.3754833936691284,-0.26985347270965576,0.1749812662601471,0.0,0,0.7232919931411743,-0.2246348261833191,0.23511049151420593,0.15122796595096588,0.0,0,0.9369778633117676,-0.302184522151947,-0.09651565551757812,0.02268463373184204,58.70283889770508,1,0.04144110158085823
587,11.74,walk,0.5,0.0,-0.5,0.3807135224342346,-0.9995059370994568,-1.51254141330719,0.5211557745933533,0.5702360272407532,-1.032464308265527,-3.3263616765080357,2,0,0,-0.264861524105072,0.44883373379707336,0.5188935995101929,-0.0576244592666626,-0.5702360272407532,0.0,0.34232401847839355,0.20612451434135437,0.11077231168746948,0.02316576987504959,66.3016586303711,1,0.03513992950320244,0.3809514045715332,-0.2706678807735443,0.1771339625120163,0.0,0,0.6614735722541809,-0.2194758951663971,0.23168900609016418,0.1517980992794037,0.0,0,0.8952808976173401,-0.3110560178756714,-0.09908384084701538,0.02261916548013687,56.682945251464844,1,0.04083617776632309
588,11.76,walk,0.5,0.0,-0.5,0.38107725977897644,-1.0049251317977905,-1.5036029815673828,0.5276677012443542,0.5765437483787537,-1.098767302416368,-3.393229441925872,2,0,0,-0.25978508591651917,0.4592874348163605,0.5237793326377869,-0.062304913997650146,-0.5765437483787537,0.0,0.3470068871974945,0.19465483725070953,0.11360228061676025,0.023113220930099487,68.45944213867188,1,0.034585509449243546,0.38495364785194397,-0.2708514332771301,0.17696639895439148,0.0,0,0.5938435792922974,-0.2153528481721878,0.22876733541488647,0.15061843395233154,0.0,0,0.8654271960258484,-0.3199789524078369,-0.10177227854728699,0.0225532129406929,55.12306594848633,1,0.04047239571809769
589,11.78,walk,0.5,0.0,-0.5,0.3810650110244751,-1.0102216005325317,-1.4944356679916382,0.5345391035079956,0.584125280380249,-1.164190269381335,-3.4404113214952625,2,0,0,-0.25274771451950073,0.4710102081298828,0.5287352800369263,-0.06915217638015747,-0.584125280380249,0.0,0.350321501493454,0.18315352499485016,0.11645643413066864,0.023060202598571777,70.75039672851562,1,0.03413417190313339,0.3874218761920929,-0.27042514085769653,0.1744379848241806,0.0,0,0.5245010256767273,-0.21180292963981628,0.22616969048976898,0.14785921573638916,0.0,0,0.856739342212677,-0.3288484513759613,-0.10447323322296143,0.02248680591583252,53.38656997680664,1,0.040365755558013916
590,11.8,walk,0.5,0.0,-0.5,0.3807009160518646,-1.015354871749878,-1.4850096702575684,0.5421186685562134,0.593079686164856,-1.2214402746741473,-3.459605860610291,2,0,0,-0.24363310635089874,0.48428866267204285,0.5340773463249207,-0.07839053869247437,-0.593079686164856,0.0,0.3524010181427002,0.17166940867900848,0.11942261457443237,0.023005858063697815,73.28765869140625,1,0.034068699926137924,0.3882478177547455,-0.26938316226005554,0.16936852037906647,0.0,0,0.4487299919128418,-0.20847702026367188,0.22370940446853638,0.14347031712532043,0.0,0,0.8632144927978516,-0.3376132845878601,-0.1071087121963501,0.022418931126594543,51.27223587036133,1,0.04037962481379509
591,11.82,walk,0.5,0.0,-0.5,0.3800168037414551,-1.0202833414077759,-1.4752956628799438,0.5507258772850037,0.6032636165618896,-1.2672293292613839,-3.451624784565131,2,0,0,-0.23239663243293762,0.4992903172969818,0.5400657653808594,-0.09010487794876099,-0.6032636165618896,0.0,0.35348305106163025,0.16019076108932495,0.1225634440779686,0.02295004576444626,75.84349822998047,1,0.0345231331884861,0.3870804011821747,-0.26766037940979004,0.16120260953903198,0.0,0,0.35290926694869995,-0.20525434613227844,0.22111228108406067,0.1371743083000183,0.0,0,0.8772003650665283,-0.34628361463546753,-0.10962343215942383,0.02234993875026703,48.8598518371582,1,0.04047032818198204
592,11.84,walk,0.5,0.0,-0.5,0.37905871868133545,-1.0249632596969604,-1.465259075164795,0.5605838894844055,0.613094687461853,-1.3008605404042919,-3.417796992040173,2,0,0,-0.21900443732738495,0.5160342454910278,0.5468608140945435,-0.1042906641960144,-0.613094687461853,0.0,0.353902667760849,0.14870285987854004,0.12591926753520966,0.022892072796821594,78.27822875976562,1,0.03552497923374176,0.38298845291137695,-0.26513588428497314,0.1487562507390976,0.0,0,0.20766015350818634,-0.20230510830879211,0.2179793268442154,0.12829957902431488,0.0,0,0.8903458714485168,-0.3548785448074341,-0.11196783185005188,0.02227926254272461,46.270606994628906,1,0.040739331394433975
593,11.86,walk,0.5,0.0,-0.5,0.3779008984565735,-1.0293554067611694,-1.4548652172088623,0.5723434686660767,0.6213628053665161,-1.316176065679282,-3.3516549342216506,2,0,0,-0.20383982360363007,0.5348143577575684,0.5551077127456665,-0.1207466721534729,-0.6213628053665161,0.0,0.3544228971004486,0.1372372806072235,0.12955577671527863,0.022832125425338745,80.13472747802734,1,0.03737903758883476,0.3736116290092468,-0.2615869343280792,0.12956871092319489,0.0,0,0.14348876476287842,-0.20036107301712036,0.2136126011610031,0.11539037525653839,0.0,0,0.8892896771430969,-0.36338192224502563,-0.1140466034412384,0.02220640331506729,43.60822296142578,1,0.04149347543716431
594,11.88,walk,0.5,0.0,-0.5,0.3766178488731384,-1.0334231853485107,-1.4440772533416748,0.5865284204483032,0.6401563882827759,-1.2378364639418802,-3.2414201633292876,2,0,0,-0.18662944436073303,0.5560441017150879,0.5650337934494019,-0.1397724151611328,-0.6401563882827759,0.0,0.35800403356552124,0.12582994997501373,0.13398955762386322,0.022770196199417114,79.36029052734375,1,0.041133079677820206,0.35343292355537415,-0.2556297481060028,0.09889496862888336,0.0,0,0.7506122589111328,-0.20142561197280884,0.2067083865404129,0.0955410823225975,0.0,0,0.8855127096176147,-0.37174320220947266,-0.1153879463672638,0.022130601108074188,39.3404541015625,1,0.04291272163391113
595,11.9,walk,0.5,0.0,-0.5,0.3750182092189789,-1.037089467048645,-1.4328503608703613,0.6014857888221741,0.715320348739624,-1.066654207538201,-3.0362205766511834,2,0,0,-0.1629539132118225,0.5789915323257446,0.572789192199707,-0.16476958990097046,-0.715320348739624,0.0,0.35837671160697937,0.11466558277606964,0.13937829434871674,0.022701330482959747,69.66429138183594,1,0.03660636767745018,0.3150041103363037,-0.2388877272605896,0.057971544563770294,0.0,0,1.8633097410202026,-0.21028661727905273,0.19284088909626007,0.06304257363080978,0.0,0,1.1437783241271973,-0.3796216547489166,-0.11612042784690857,0.02205365151166916,27.048986434936523,1,0.043734170496463776
596,11.92,walk,0.5,0.0,-0.5,0.3711000382900238,-1.0401215553283691,-1.4218649864196777,0.5440395474433899,0.9072317481040955,-0.936287667510637,-2.4286124976155494,2,0,0,-0.12655936181545258,0.5291141271591187,0.5067512392997742,-0.16456985473632812,-0.9072317481040955,0.0,0.32165709137916565,0.16068461537361145,0.15514926612377167,0.0293111652135849,0.0,0,3.900726795196533,0.2720656991004944,-0.20229151844978333,0.022723287343978882,141.230712890625,1,0.22946695983409882,-0.22874146699905396,0.1674744039773941,0.022502154111862183,107.41586303710938,1,0.5200839638710022,-0.3637870252132416,-0.12194666266441345,0.024929657578468323,0.0,0,1.2733169794082642
597,11.94,walk,0.5,0.0,-0.5,0.3660995066165924,-1.042887568473816,-1.4117345809936523,0.5224416851997375,0.6191269159317017,-0.5420919973823722,-2.262830786411235,2,0,0,-0.12510870397090912,0.5072407126426697,0.4938787817955017,-0.14479291439056396,-0.6191269159317017,0.0,0.2640216648578644,0.2439507693052292,0.15553896129131317,0.04848837852478027,0.0,0,4.718179702758789,0.2649143934249878,-0.1936126947402954,0.023281358182430267,89.6844711303711,1,0.02534578926861286,-0.23963963985443115,0.16952252388000488,0.02299170196056366,89.55329895019531,1,0.027646677568554878,-0.32177042961120605,-0.12496614456176758,0.03849747031927109,0.0,0,2.288254737854004
598,11.96,walk,0.5,0.0,-0.5,0.36306917667388916,-1.0456154346466064,-1.4019503593444824,0.5127089023590088,0.48409172892570496,0.327624964578471,-2.176869227168628,2,0,0,-0.13020892441272736,0.4958992004394531,0.49133390188217163,-0.12692153453826904,-0.48409172892570496,0.0,0.2669263184070587,0.3236556351184845,0.14190933108329773,0.07217269390821457,0.0,0,4.302023410797119,0.2572627067565918,-0.18348628282546997,0.023317210376262665,85.35929870605469,1,0.01519410777837038,-0.25003042817115784,0.1746917963027954,0.02295488864183426,88.56840515136719,1,0.03637314960360527,-0.277852326631546,-0.11834943294525146,0.047171831130981445,0.0,0,2.4659106731414795
599,11.98,walk,0.5,0.0,-0.5,0.36127471923828125,-1.0485388040542603,-1.392078161239624,0.5318363904953003,0.5096190571784973,1.4007240959288136,-2.106886041715619,2,0,0,-0.14439256489276886,0.5118600726127625,0.5151962637901306,-0.1160883903503418,-0.5096190571784973,0.0,0.3037054240703583,0.38140857219696045,0.1317077875137329,0.08698432892560959,0.0,0,2.978142499923706,0.24934165179729462,-0.172646164894104,0.02332170307636261,82.22247314453125,1,0.014858526177704334,-0.26049211621284485,0.1807968020439148,0.022900745272636414,88.60328674316406,1,0.044601600617170334,-0.23536697030067444,-0.10435771942138672,0.05237628519535065,0.0,0,2.4421274662017822
600,12.0,walk,0.5,0.0,-0.5,0.36020413041114807,-1.0519042015075684,-1.3815606832504272,0.5731022357940674,0.6054288744926453,2.1336089433998824,-2.2988683585761027,2,0,0,-0.16565056145191193,0.5486401915550232,0.5603211522102356,-0.10920292139053345,-0.6054288744926453,0.0,0.32894453406333923,0.40573322772979736,0.1271379292011261,0.09187044948339462,0.0,0,1.4026142358779907,0.23951423168182373,-0.16365393996238708,0.02328183501958847,84.01121520996094,1,0.010880944319069386,-0.27348586916923523,0.18411672115325928,0.022831104695796967,87.59212493896484,1,0.048990242183208466,-0.20441126823425293,-0.09084071218967438,0.05705585330724716,0.0,0,1.8401703834533691
601,12.02,stop,0.0,0.0,0.0,0.3599628508090973,-1.0554990768432617,-1.3707666397094727,0.5728799104690552,0.6123926639556885,2.003165563744156,-2.621566195442056,2,0,0,-0.16985926032066345,0.5471190214157104,0.5641054511070251,-0.09931588172912598,-0.6123926639556885,0.0,0.3232504725456238,0.38934317231178284,0.13049620389938354,0.07070823013782501,0.0,0,0.8134616017341614,0.22883930802345276,-0.15974852442741394,0.023262739181518555,97.51192474365234,1,0.01796138472855091,-0.2877855896949768,0.18170911073684692,0.022762015461921692,92.84412384033203,1,0.09913124889135361,-0.18581579625606537,-0.09802818298339844,0.060793325304985046,0.0,0,1.4368739128112793
602,12.040000000000001,stop,0.0,0.0,0.0,0.3607894480228424,-1.0593351125717163,-1.3600053787231445,0.5643090605735779,0.3515653610229492,1.2095410179229273,-2.7586419022252766,2,0,0,-0.18657630681991577,0.5325729846954346,0.5621142387390137,-0.07341742515563965,-0.3515653610229492,0.0,0.2782093286514282,0.34041890501976013,0.13372161984443665,0.05048634856939316,0.0,0,2.156649589538574,0.21872614324092865,-0.16090668737888336,0.02324225753545761,100.72119140625,1,0.012075734324753284,-0.3005654215812683,0.17590099573135376,0.02267485111951828,81.12553405761719,1,0.10111885517835617,-0.18368612229824066,-0.11796386539936066,0.05991902947425842,0.0,0,0.8291431069374084
603,12.06,stop,0.0,0.0,0.0,0.36244431138038635,-1.0633081197738647,-1.3499888181686401,0.5234312415122986,0.11880742758512497,0.5718805334260606,-2.727978408276739,2,0,0,-0.20072519779205322,0.48341459035873413,0.5257498621940613,-0.03592038154602051,-0.11880742758512497,0.0,0.24769757688045502,0.2817855775356293,0.1347287893295288,0.026180215179920197,0.0,0,2.3058958053588867,0.20942926406860352,-0.16282550990581512,0.023215755820274353,98.20227813720703,1,0.014751212671399117,-0.3109376132488251,0.17184001207351685,0.022580690681934357,46.92908477783203,1,0.06958247721195221,-0.19580085575580597,-0.13489671051502228,0.050852760672569275,0.0,0,0.5635002255439758
604,12.08,stop,0.0,0.0,0.0,0.3638595640659332,-1.0672738552093506,-1.3414866924285889,0.44266778230667114,0.0109263239428401,-0.08621859180087504,-2.748186803596691,3,0,0,-0.19878247380256653,0.39552533626556396,0.44523316621780396,0.0027738213539123535,-0.0109263239428401,0.0,0.24010246992111206,0.2625252306461334,0.13241031765937805,0.02346685528755188,39.596221923828125,1,0.01831405982375145,0.20065581798553467,-0.16633230447769165,0.02317974716424942,73.73694610595703,1,0.014076844789087772,-0.31982240080833435,0.16793301701545715,0.02250218391418457,9.975232124328613,1,0.04106329753994942,-0.20814132690429688,-0.14707481861114502,0.040369100868701935,0.0,0,0.27225375175476074
605,12.1,stop,0.0,0.0,0.0,0.36447063088417053,-1.0707257986068726,-1.334369421005249,0.37199240922927856,0.031622808426618576,-1.1542788111220004,-3.0987974891663708,2,0,0,-0.15895649790763855,0.33632007241249084,0.37246695160865784,-0.006104320287704468,-0.031622808426618576,0.0,0.24041876196861267,0.25280997157096863,0.12620428204536438,0.02344689518213272,63.33013916015625,1,0.018087994307279587,0.1955842673778534,-0.17498467862606049,0.02315964549779892,26.621129989624023,1,0.36344480514526367,-0.3217468857765198,0.157266765832901,0.023249022662639618,0.0,0,0.5143612027168274,-0.21670466661453247,-0.15426501631736755,0.027329348027706146,0.0,0,0.3116772770881653
606,12.120000000000001,stop,0.0,0.0,0.0,0.3639564514160156,-1.0732076168060303,-1.3282102346420288,0.31046566367149353,0.13364429771900177,-1.9385097124003459,-3.6318190486918187,2,0,0,-0.10544373840093613,0.29201120138168335,0.30645930767059326,-0.03519323468208313,-0.13364429771900177,0.0,0.2301887720823288,0.24308907985687256,0.1223040223121643,0.023422852158546448,76.29024505615234,1,0.0072768740355968475,0.20243853330612183,-0.17944791913032532,0.02749774605035782,0.0,0,0.9801602363586426,-0.3169272541999817,0.15078383684158325,0.02337537705898285,0.0,0,0.753933846950531,-0.22563081979751587,-0.15862169861793518,0.023198768496513367,43.1846809387207,1,0.009389394894242287
607,12.14,stop,0.0,0.0,0.0,0.36312127113342285,-1.0750004053115845,-1.3228689432144165,0.2672465145587921,0.1769571304321289,-2.236730072271677,-3.9701827781928425,2,0,0,-0.07780865579843521,0.2556687593460083,0.2608895003795624,-0.04367426037788391,-0.1769571304321289,0.0,0.21448099613189697,0.23533593118190765,0.12195344269275665,0.023311257362365723,74.88883972167969,1,0.0250666793435812,0.2125902771949768,-0.17724350094795227,0.03302603214979172,0.0,0,0.676232099533081,-0.3071477711200714,0.14829331636428833,0.0245889350771904,0.0,0,0.8044848442077637,-0.23235613107681274,-0.1602153778076172,0.023193679749965668,59.46609878540039,1,0.006347235292196274
608,12.16,stop,0.0,0.0,0.0,0.3621513247489929,-1.0763660669326782,-1.3181443214416504,0.23543083667755127,0.16314205527305603,-2.5094100069588037,-4.143322524123965,2,0,0,-0.05908825993537903,0.22789527475833893,0.2268552929162979,-0.04831436276435852,-0.16314205527305603,0.0,0.20541998744010925,0.2292504757642746,0.12189111113548279,0.02332621067762375,72.29261779785156,1,0.0059222690761089325,0.21279236674308777,-0.17434224486351013,0.032410748302936554,0.0,0,0.16796086728572845,-0.2997837960720062,0.14662107825279236,0.023970670998096466,0.0,0,0.6021382808685303,-0.23739176988601685,-0.16159068048000336,0.02318418025970459,58.32979202270508,1,0.004200677387416363
609,12.18,stop,0.0,0.0,0.0,0.3607938289642334,-1.077384114265442,-1.3138904571533203,0.21014316380023956,0.1494711935520172,-2.943151992133766,-4.158481275213162,3,0,0,-0.04204707220196724,0.2058936506509781,0.19782757759094238,-0.05523863434791565,-0.1494711935520172,0.0,0.20284681022167206,0.22466254234313965,0.1209033876657486,0.023297838866710663,67.31990814208984,1,0.025210127234458923,0.20274540781974792,-0.1735217124223709,0.024838991463184357,0.0,0,0.42408037185668945,-0.30079615116119385,0.14425429701805115,0.022756285965442657,4.3468170166015625,0,0.01623808778822422,-0.24097317457199097,-0.16375119984149933,0.023177094757556915,52.33109664916992,1,0.00497581297531724
610,12.200000000000001,stop,0.0,0.0,0.0,0.3590034246444702,-1.0779787302017212,-1.3100860118865967,0.18211528658866882,0.13514629006385803,-3.3482197759559575,-3.989595456474488,4,0,0,-0.019667845219373703,0.1810501515865326,0.16522853076457977,-0.06556011736392975,-0.13514629006385803,0.0,0.19313013553619385,0.2217234969139099,0.12029074132442474,0.023320235311985016,61.61429977416992,1,0.01165766641497612,0.1990785300731659,-0.17397214472293854,0.023264244198799133,25.340625762939453,1,0.007589913904666901,-0.3036568760871887,0.14217421412467957,0.02273448556661606,12.339914321899414,1,0.012921151705086231,-0.24298270046710968,-0.16553561389446259,0.02317158132791519,42.29063415527344,1,0.0046108136884868145
611,12.22,stop,0.0,0.0,0.0,0.35728099942207336,-1.0783385038375854,-1.30684232711792,0.1523156762123108,0.09914294630289078,-3.5441693655071607,-3.8912607961069914,4,0,0,-0.014207045547664165,0.15165165066719055,0.13749046623706818,-0.05708155035972595,-0.09914294630289078,0.0,0.18288734555244446,0.2190341353416443,0.120738685131073,0.023314468562602997,49.7011833190918,1,0.020221536979079247,0.1969958245754242,-0.1734863519668579,0.023269616067409515,45.58537292480469,1,0.007945878431200981,-0.30626359581947327,0.1414755880832672,0.02271675318479538,19.666706085205078,1,0.008543095551431179,-0.24495398998260498,-0.16603051126003265,0.023166939616203308,35.24758529663086,1,0.003393415827304125
612,12.24,stop,0.0,0.0,0.0,0.3554465174674988,-1.0787079334259033,-1.3041319847106934,0.12801164388656616,0.10025320947170258,-3.7033392401514917,-3.8476350972176503,4,0,0,-0.018489288166165352,0.12666936218738556,0.11596305668354034,-0.04339538514614105,-0.10025320947170258,0.0,0.17295818030834198,0.21650075912475586,0.12113083899021149,0.023324549198150635,32.372196197509766,1,0.018221618607640266,0.1950112283229828,-0.1730688065290451,0.023276910185813904,49.99095916748047,1,0.010596937499940395,-0.3087059259414673,0.14086422324180603,0.022705145180225372,23.456707000732422,1,0.007780612912029028,-0.24683725833892822,-0.1664622575044632,0.023164793848991394,29.955753326416016,1,0.0037754352670162916
613,12.26,stop,0.0,0.0,0.0,0.3532627522945404,-1.0791943073272705,-1.301871418952942,0.10846085101366043,0.1040353775024414,-3.798856020599535,-3.777026736012174,4,0,0,-0.024713044986128807,0.10560786724090576,0.09838959574699402,-0.030076250433921814,-0.1040353775024414,0.0,0.1620347499847412,0.21443620324134827,0.12167179584503174,0.02333696186542511,25.252256393432617,1,0.009082033298909664,0.19351886212825775,-0.17252598702907562,0.023286350071430206,52.94931411743164,1,0.013861319050192833,-0.31067949533462524,0.14033862948417664,0.022697344422340393,28.616846084594727,1,0.0038949211593717337,-0.24822953343391418,-0.16681884229183197,0.023164577782154083,26.088327407836914,1,0.0034747382160276175
614,12.280000000000001,stop,0.0,0.0,0.0,0.350787878036499,-1.079803466796875,-1.3000030517578125,0.0919274389743805,0.10807126760482788,-3.8194823381193275,-3.674082124841742,4,0,0,-0.03022213838994503,0.08681748807430267,0.08316890895366669,-0.017763465642929077,-0.10807126760482788,0.0,0.15035757422447205,0.2128181755542755,0.12242524325847626,0.023342646658420563,25.958627700805664,1,0.01874026469886303,0.19249635934829712,-0.17178557813167572,0.023297995328903198,55.92091751098633,1,0.015293510630726814,-0.3122030794620514,0.13997572660446167,0.022691935300827026,31.81891441345215,1,0.004327516071498394,-0.24915483593940735,-0.16703006625175476,0.023166194558143616,24.260272979736328,1,0.005385971628129482
615,12.3,stop,0.0,0.0,0.0,0.3481951355934143,-1.0805059671401978,-1.2984893321990967,0.07776544243097305,0.11120922863483429,-3.779976950846797,-3.5709037931356487,4,0,0,-0.03399171680212021,0.06994302570819855,0.06954183429479599,-0.007122106850147247,-0.11120922863483429,0.0,0.13876493275165558,0.21144646406173706,0.12332701683044434,0.023353509604930878,28.97922134399414,1,0.019260356202721596,0.1917421519756317,-0.17091837525367737,0.023311056196689606,56.80531311035156,1,0.015513157472014427,-0.3134782910346985,0.13972660899162292,0.02268993854522705,33.805240631103516,1,0.004124929197132587,-0.24981598556041718,-0.16714341938495636,0.023168496787548065,24.119611740112305,1,0.006302536930888891
616,12.32,stop,0.0,0.0,0.0,0.3456234633922577,-1.0812691450119019,-1.2972888946533203,0.06617837399244308,0.11051717400550842,-3.7016410843690974,-3.486609653824171,4,0,0,-0.03643384203314781,0.05524628609418869,0.05760670825839043,0.0018072277307510376,-0.11051717400550842,0.0,0.1279352903366089,0.21020662784576416,0.12426359951496124,0.023365266621112823,31.434450149536133,1,0.019577397033572197,0.1911247968673706,-0.1700279265642166,0.023324429988861084,55.81009292602539,1,0.01486735139042139,-0.31462448835372925,0.13951507210731506,0.022690005600452423,34.589359283447266,1,0.004158976953476667,-0.2503468990325928,-0.16722775995731354,0.023171886801719666,24.686798095703125,1,0.006842026486992836
617,12.34,stop,0.0,0.0,0.0,0.3431408405303955,-1.0820696353912354,-1.2963539361953735,0.057319704443216324,0.10599728673696518,-3.5995186572200053,-3.4240314606485143,4,0,0,-0.03797221556305885,0.04293785244226456,0.04749707132577896,0.009032867848873138,-0.10599728673696518,0.0,0.11818338185548782,0.20906822383403778,0.12516112625598907,0.023376308381557465,32.96345901489258,1,0.019786495715379715,0.19059187173843384,-0.16918054223060608,0.023336850106716156,53.99372100830078,1,0.01395012903958559,-0.3156743347644806,0.13931643962860107,0.022692084312438965,35.47840881347656,1,0.0035817325115203857,-0.25080060958862305,-0.16731221973896027,0.02317572385072708,25.211313247680664,1,0.007244726177304983
618,12.36,stop,0.0,0.0,0.0,0.3407710790634155,-1.0828911066055298,-1.2956361770629883,0.050919122993946075,0.09896627813577652,-3.4839221878291826,-3.378582955024426,4,0,0,-0.03886429965496063,0.0328986831009388,0.03914903104305267,0.01472378894686699,-0.09896627813577652,0.0,0.10960590094327927,0.20803269743919373,0.12597958743572235,0.02338734269142151,33.89692687988281,1,0.01996389590203762,0.19012686610221863,-0.16841204464435577,0.02335309237241745,52.09041213989258,1,0.012976993806660175,-0.316623330116272,0.13911005854606628,0.022694535553455353,35.67001724243164,1,0.0036981224548071623,-0.25119122862815857,-0.16741272807121277,0.023182354867458344,25.46764373779297,1,0.007308767177164555
619,12.38,stop,0.0,0.0,0.0,0.33852139115333557,-1.08372163772583,-1.2950929403305054,0.046534568071365356,0.09170885384082794,-3.3587860786019674,-3.345235837062308,4,0,0,-0.039252277463674545,0.024994492530822754,0.032497406005859375,0.01903614029288292,-0.09170885384082794,0.0,0.10222966969013214,0.20710024237632751,0.12672153115272522,0.02339787781238556,34.55947494506836,1,0.02014632150530815,0.1897275745868683,-0.16771693527698517,0.02336210012435913,50.56582260131836,1,0.012279064394533634,-0.31747332215309143,0.13891133666038513,0.022698424756526947,36.436546325683594,1,0.0033381041139364243,-0.251522034406662,-0.16752173006534576,0.02318675071001053,25.720945358276367,1,0.00757173728197813
620,12.4,stop,0.0,0.0,0.0,0.33640310168266296,-1.0845520496368408,-1.2946858406066895,0.043509308248758316,0.0846414566040039,-3.225859498296118,-3.3203669048508804,4,0,0,-0.03925303742289543,0.018768562003970146,0.02722657099366188,0.022302301600575447,-0.0846414566040039,0.0,0.09605289995670319,0.20626363158226013,0.12740102410316467,0.02340780198574066,35.195899963378906,1,0.020272091031074524,0.18938493728637695,-0.16708305478096008,0.023370124399662018,49.34552764892578,1,0.011854518204927444,-0.3182298243045807,0.13872379064559937,0.02270244061946869,36.87215042114258,1,0.0034030156675726175,-0.25180375576019287,-0.1676248461008072,0.02319074422121048,25.880420684814453,1,0.007528332993388176
621,12.42,stop,0.0,0.0,0.0,0.3344287574291229,-1.085376262664795,-1.2943850755691528,0.04147021099925041,0.07829196006059647,-3.0898061854542838,-3.302448757336998,4,0,0,-0.03903387486934662,0.014004816301167011,0.023193098604679108,0.02473408728837967,-0.07829196006059647,0.0,0.09107298403978348,0.20550677180290222,0.1280113011598587,0.023417122662067413,35.83362579345703,1,0.020888077095150948,0.18908321857452393,-0.16652588546276093,0.023375406861305237,48.96013259887695,1,0.007029521744698286,-0.31891196966171265,0.1385418176651001,0.022706836462020874,37.601627349853516,1,0.0046631828881800175,-0.252047598361969,-0.16773328185081482,0.023194707930088043,26.000085830688477,1,0.008396402932703495
622,12.44,stop,0.0,0.0,0.0,0.3326141834259033,-1.0861884355545044,-1.2941644191741943,0.03979455307126045,0.07271579653024673,-2.951735618929768,-3.291377234135819,4,0,0,-0.038408856838941574,0.010409903712570667,0.020126091316342354,0.02634390816092491,-0.07271579653024673,0.0,0.08723438531160355,0.2048090696334839,0.12856687605381012,0.023425467312335968,36.53193664550781,1,0.020417196676135063,0.18881136178970337,-0.16600419580936432,0.023384101688861847,47.64556121826172,1,0.011229206807911396,-0.31953537464141846,0.13836190104484558,0.022710062563419342,37.30876922607422,1,0.0038071717135608196,-0.252268522977829,-0.16784396767616272,0.023198693990707397,26.193832397460938,1,0.007322301156818867
623,12.46,stop,0.0,0.0,0.0,0.330966591835022,-1.086983561515808,-1.2940024137496948,0.038462478667497635,0.0667487159371376,-2.817397750786665,-3.2860180969582977,4,0,0,-0.037654902786016464,0.00784031767398119,0.0179249569773674,0.027352720499038696,-0.0667487159371376,0.0,0.08445093035697937,0.20415927469730377,0.12905049324035645,0.023433253169059753,37.06060791015625,1,0.02049178257584572,0.1885557323694229,-0.16555377840995789,0.02339007705450058,46.59838104248047,1,0.011292874813079834,-0.3201167583465576,0.13816997408866882,0.02271372079849243,37.41887664794922,1,0.004056709352880716,-0.2524782717227936,-0.16797085106372833,0.023201927542686462,26.32381248474121,1,0.007101995870471001
624,12.48,stop,0.0,0.0,0.0,0.32948556542396545,-1.0877585411071777,-1.2938796281814575,0.03723195940256119,0.06163172051310539,-2.6888072733867157,-3.284930389332973,4,0,0,-0.036718662828207016,0.00616104481741786,0.01645216904580593,0.027772102504968643,-0.06163172051310539,0.0,0.082570880651474,0.2035495787858963,0.1294601708650589,0.023439854383468628,37.3449821472168,1,0.02243340015411377,0.1883101463317871,-0.16516779363155365,0.023395515978336334,45.321624755859375,1,0.011629050597548485,-0.32066449522972107,0.13796737790107727,0.02271675318479538,37.33144760131836,1,0.004416796378791332,-0.25268304347991943,-0.16811548173427582,0.023204676806926727,26.341169357299805,1,0.006909404881298542
625,12.5,stop,0.0,0.0,0.0,0.32816919684410095,-1.0885096788406372,-1.2937812805175781,0.03592801094055176,0.05676655471324921,-2.5672153920085026,-3.2864831901520932,4,0,0,-0.03555258736014366,0.0051803127862513065,0.015519814565777779,0.027642730623483658,-0.05676655471324921,0.0,0.08142153918743134,0.20297613739967346,0.12982308864593506,0.023445911705493927,37.9396858215332,1,0.02079111896455288,0.18806955218315125,-0.1648510992527008,0.02339896559715271,44.74318313598633,1,0.01161742489784956,-0.3211786150932312,0.13774976134300232,0.022719524800777435,37.262229919433594,1,0.0046887630596756935,-0.25288355350494385,-0.16827893257141113,0.023207150399684906,26.49146842956543,1,0.006593658588826656
626,12.52,stop,0.0,0.0,0.0,0.32701244950294495,-1.0892351865768433,-1.2936947345733643,0.034676939249038696,0.05241437628865242,-2.453686122058666,-3.290900614997799,4,0,0,-0.03435450792312622,0.004717815201729536,0.015025356784462929,0.027208952233195305,-0.05241437628865242,0.0,0.080848827958107,0.20242688059806824,0.1301107555627823,0.02345084398984909,38.32130813598633,1,0.020877573639154434,0.18782925605773926,-0.16458237171173096,0.02340223640203476,43.9724235534668,1,0.011902157217264175,-0.3216768801212311,0.13752305507659912,0.022722095251083374,37.54627227783203,1,0.002641037805005908,-0.2530905306339264,-0.16845449805259705,0.023209072649478912,26.55765151977539,1,0.006741594523191452
627,12.540000000000001,stop,0.0,0.0,0.0,0.3260086476802826,-1.089931845664978,-1.293613076210022,0.03324642404913902,0.047876372933387756,-2.3486796475325367,-3.2965197262506036,4,0,0,-0.03292592987418175,0.004605195485055447,0.0147226732224226,0.02635369636118412,-0.047876372933387756,0.0,0.08068527281284332,0.2019018977880478,0.13036194443702698,0.02345556765794754,38.6363639831543,1,0.006598164327442646,0.18758900463581085,-0.16436919569969177,0.0234047994017601,43.13384246826172,1,0.013817287050187588,-0.32215121388435364,0.137283056974411,0.022723324596881866,36.8347282409668,1,0.0051356470212340355,-0.25329896807670593,-0.16864652931690216,0.023210257291793823,26.630220413208008,1,0.004365973174571991
628,12.56,stop,0.0,0.0,0.0,0.32514268159866333,-1.0906015634536743,-1.2935305833816528,0.032091256231069565,0.04452350363135338,-2.254444167884105,-3.3046192633891813,4,0,0,-0.03174750506877899,0.004684528801590204,0.014697592705488205,0.02561233565211296,-0.04452350363135338,0.0,0.08083464205265045,0.20139142870903015,0.1305316686630249,0.023458562791347504,38.922019958496094,1,0.02081345021724701,0.18734106421470642,-0.16420415043830872,0.023409806191921234,42.096553802490234,1,0.01336467545479536,-0.32261958718299866,0.13702696561813354,0.022724956274032593,36.86666488647461,1,0.002242377493530512,-0.2535214126110077,-0.16885802149772644,0.023211076855659485,26.6791934967041,1,0.006166515871882439
629,12.58,stop,0.0,0.0,0.0,0.3244086503982544,-1.0912389755249023,-1.2934420108795166,0.03059297986328602,0.040512070059776306,-2.1668627865911474,-3.312428304044621,4,0,0,-0.0301668681204319,0.005088269244879484,0.014783518388867378,0.024323314428329468,-0.040512070059776306,0.0,0.08114637434482574,0.2009035050868988,0.1306876838207245,0.023461222648620605,39.36371612548828,1,0.021386457607150078,0.18709148466587067,-0.16407659649848938,0.0234081894159317,41.70351791381836,1,0.012990454211831093,-0.3230665624141693,0.13677480816841125,0.02272515743970871,36.32757568359375,1,0.005573922768235207,-0.25374507904052734,-0.16906878352165222,0.023211359977722168,26.691505432128906,1,0.005727017298340797
630,12.6,stop,0.0,0.0,0.0,0.32379674911499023,-1.0918430089950562,-1.2933433055877686,0.029142484068870544,0.03674205765128136,-2.090438092420582,-3.320173738563416,4,0,0,-0.02860090136528015,0.005592207424342632,0.014936838299036026,0.022957921028137207,-0.03674205765128136,0.0,0.08156836777925491,0.2004334032535553,0.1307799071073532,0.02346373349428177,39.6205940246582,1,0.02153821289539337,0.1868392676115036,-0.16399461030960083,0.023409269750118256,41.22144317626953,1,0.013266591355204582,-0.32350337505340576,0.13651305437088013,0.022725403308868408,36.01567840576172,1,0.005749383009970188,-0.2539753019809723,-0.169291153550148,0.023211494088172913,26.643863677978516,1,0.005406675860285759
631,12.620000000000001,stop,0.0,0.0,0.0,0.3232954144477844,-1.0924118757247925,-1.293231725692749,0.027609599754214287,0.033835843205451965,-2.0194760554821465,-3.327634012684362,4,0,0,-0.026909491047263145,0.006178128533065319,0.015085618942975998,0.021404549479484558,-0.033835843205451965,0.0,0.08201086521148682,0.19997970759868622,0.13087284564971924,0.02346523106098175,39.83985900878906,1,0.021652143448591232,0.18658536672592163,-0.16392356157302856,0.02340959757566452,40.67186737060547,1,0.013535389676690102,-0.323924720287323,0.13626542687416077,0.0227251797914505,35.687767028808594,1,0.005888640880584717,-0.2542094588279724,-0.16950275003910065,0.02321130782365799,26.66402244567871,1,0.005347070749849081
632,12.64,stop,0.0,0.0,0.0,0.32288962602615356,-1.0929450988769531,-1.2931087017059326,0.02609078399837017,0.03135014697909355,-1.9534827677214832,-3.335510074571033,4,0,0,-0.025197481736540794,0.0067687430419027805,0.01518910564482212,0.01978791132569313,-0.03135014697909355,0.0,0.08244656771421432,0.19953693449497223,0.1309579461812973,0.023466035723686218,40.01140594482422,1,0.02172090858221054,0.18632851541042328,-0.16385018825531006,0.023409739136695862,40.15312194824219,1,0.013830378651618958,-0.3243418037891388,0.13603952527046204,0.02272462099790573,35.37868881225586,1,0.005991197191178799,-0.25445061922073364,-0.16969822347164154,0.02321038395166397,26.63177490234375,1,0.00519584259018302
633,12.66,stop,0.0,0.0,0.0,0.3225642442703247,-1.093442440032959,-1.2929729223251343,0.02455209754407406,0.027909912168979645,-1.8980222719912143,-3.3426192342799586,4,0,0,-0.023433849215507507,0.007325310725718737,0.015174847096204758,0.0180836021900177,-0.027909912168979645,0.0,0.08286945521831512,0.19911110401153564,0.1310093104839325,0.02346673607826233,40.102874755859375,1,0.0039801280945539474,0.18607117235660553,-0.1638188362121582,0.023409374058246613,39.73857116699219,1,0.015406020916998386,-0.3247421383857727,0.1358022689819336,0.02272316813468933,34.723838806152344,1,0.006359911989420652,-0.2546924650669098,-0.16990113258361816,0.023209623992443085,26.63045883178711,1,0.003035361645743251
634,12.68,stop,0.0,0.0,0.0,0.32229918241500854,-1.0939080715179443,-1.29282808303833,0.02333792671561241,0.02576546184718609,-1.8533225258548889,-3.3498156923442135,4,0,0,-0.022023264318704605,0.007722345646470785,0.015147590078413486,0.01675104908645153,-0.02576546184718609,0.0,0.08329229056835175,0.19869932532310486,0.13100001215934753,0.023466885089874268,40.16094970703125,1,0.021702170372009277,0.18581093847751617,-0.1638248860836029,0.023408912122249603,39.458744049072266,1,0.01410796120762825,-0.3251347541809082,0.13555574417114258,0.022722572088241577,34.618377685546875,1,0.005881020333617926,-0.25493884086608887,-0.170120969414711,0.02320846915245056,26.600635528564453,1,0.004869416821748018
635,12.700000000000001,stop,0.0,0.0,0.0,0.3220854699611664,-1.0943377017974854,-1.2926732301712036,0.021802043542265892,0.023611439391970634,-1.8083499990385863,-3.3558510182495658,4,0,0,-0.02019459940493107,0.008216282352805138,0.015011279843747616,0.014971883967518806,-0.023611439391970634,0.0,0.08364287763834,0.19830499589443207,0.13103227317333221,0.023467108607292175,40.47727584838867,1,0.022113164886832237,0.1855555772781372,-0.16380567848682404,0.0234081968665123,39.00309371948242,1,0.014186599291861057,-0.32551130652427673,0.13535362482070923,0.022721335291862488,34.53573226928711,1,0.006072410847991705,-0.255181223154068,-0.1702985316514969,0.023207128047943115,26.578876495361328,1,0.004731536842882633
636,12.72,stop,0.0,0.0,0.0,0.3219170868396759,-1.094730257987976,-1.29250967502594,0.020358603447675705,0.021586351096630096,-1.768147505583891,-3.359801428910772,4,0,0,-0.018461616709828377,0.008581461384892464,0.014772806316614151,0.013313195668160915,-0.021586351096630096,0.0,0.08393359929323196,0.197933629155159,0.13106484711170197,0.023479267954826355,40.52215576171875,1,0.02179882302880287,0.18531189858913422,-0.16378547251224518,0.023407362401485443,38.802608489990234,1,0.014281419105827808,-0.32586321234703064,0.1351686418056488,0.022719308733940125,33.94342803955078,1,0.006399583537131548,-0.25541335344314575,-0.1704561412334442,0.02320569008588791,26.573484420776367,1,0.004531683400273323
637,12.74,stop,0.0,0.0,0.0,0.3217793405056,-1.0950895547866821,-1.2923381328582764,0.019108640030026436,0.02031347155570984,-1.732377591457123,-3.3621661684674775,4,0,0,-0.01691257581114769,0.00889409426599741,0.014495130628347397,0.011806068010628223,-0.02031347155570984,0.0,0.08418387174606323,0.1975836157798767,0.13109666109085083,0.023479193449020386,40.539859771728516,1,0.02225469797849655,0.1850782334804535,-0.16376730799674988,0.023401454091072083,39.10326385498047,1,0.0021196070592850447,-0.32619985938072205,0.13500210642814636,0.022717922925949097,33.978668212890625,1,0.005940039176493883,-0.2556362748146057,-0.17060206830501556,0.023204296827316284,26.539060592651367,1,0.004948874469846487
638,12.76,stop,0.0,0.0,0.0,0.3216657340526581,-1.0954163074493408,-1.2921627759933472,0.01783306710422039,0.018511222675442696,-1.6970021207549228,-3.3648162818654423,4,0,0,-0.015326750464737415,0.00911641400307417,0.014153368771076202,0.010315122082829475,-0.018511222675442696,0.0,0.08439530432224274,0.19724485278129578,0.13114875555038452,0.023478835821151733,40.71305847167969,1,0.021767398342490196,0.1848495602607727,-0.16371457278728485,0.02340567857027054,38.50221252441406,1,0.014377008192241192,-0.3265264332294464,0.13486909866333008,0.02271641045808792,33.81679153442383,1,0.006004489958286285,-0.2558576464653015,-0.17071585357189178,0.023202836513519287,26.537412643432617,1,0.004341088235378265
639,12.780000000000001,stop,0.0,0.0,0.0,0.3215705156326294,-1.0957125425338745,-1.2919833660125732,0.016641058027744293,0.01693463884294033,-1.6705536005762236,-3.366906960081701,4,0,0,-0.013886850327253342,0.00916952546685934,0.01367364265024662,0.00900126714259386,-0.01693463884294033,0.0,0.08459976315498352,0.19692298769950867,0.1311725378036499,0.023478366434574127,40.77226638793945,1,0.02184072509407997,0.1846252977848053,-0.1636989712715149,0.02340506762266159,38.36144256591797,1,0.014443165622651577,-0.3268375098705292,0.1347258985042572,0.022714994847774506,33.595115661621094,1,0.0059644910506904125,-0.2560727596282959,-0.17084038257598877,0.02320268005132675,26.629480361938477,1,0.001980151981115341
640,12.8,stop,0.0,0.0,0.0,0.32148873805999756,-1.095980167388916,-1.2918039560317993,0.015486795455217361,0.015474638901650906,-1.647780362501226,-3.3676702337214497,4,0,0,-0.012486042454838753,0.009161853231489658,0.01314639300107956,0.0077416133135557175,-0.015474638901650906,0.0,0.08477450907230377,0.19662277400493622,0.13119560480117798,0.02347775548696518,40.83829879760742,1,0.021882202476263046,0.18441390991210938,-0.16368280351161957,0.02340417355298996,38.26575469970703,1,0.014465819112956524,-0.3271256983280182,0.13459405303001404,0.02271313965320587,33.39513397216797,1,0.005875117611140013,-0.25627562403678894,-0.17095114290714264,0.023200273513793945,26.605403900146484,1,0.004158403258770704
641,12.82,stop,0.0,0.0,0.0,0.3214157223701477,-1.0962193012237549,-1.291624903678894,0.014367361553013325,0.014351665042340755,-1.627267063267856,-3.3683788658478386,4,0,0,-0.011154773645102978,0.009054948575794697,0.012545030564069748,0.0065783001482486725,-0.014351665042340755,0.0,0.0849301889538765,0.19633778929710388,0.13122513890266418,0.02347724884748459,40.944313049316406,1,0.021951308473944664,0.18421033024787903,-0.16365987062454224,0.023403123021125793,38.214717864990234,1,0.014457790181040764,-0.32740169763565063,0.13448262214660645,0.02271139621734619,33.238365173339844,1,0.005791949108242989,-0.2564709782600403,-0.17104680836200714,0.023198775947093964,26.622703552246094,1,0.004053313750773668
642,12.84,stop,0.0,0.0,0.0,0.3213488459587097,-1.0964337587356567,-1.291450023651123,0.013332282193005085,0.01291658915579319,-1.6120804578134502,-3.3692403234569066,4,0,0,-0.009970717132091522,0.00885068066418171,0.011904905550181866,0.005583498626947403,-0.01291658915579319,0.0,0.08509080111980438,0.19606643915176392,0.1312270313501358,0.023476742208003998,41.01774215698242,1,0.02198176085948944,0.18401364982128143,-0.16365009546279907,0.02340254932641983,38.18495559692383,1,0.014457392506301403,-0.32766348123550415,0.13437104225158691,0.022709831595420837,33.102054595947266,1,0.005733368918299675,-0.25665995478630066,-0.17114336788654327,0.02319759875535965,26.669395446777344,1,0.0039736246690154076
643,12.86,stop,0.0,0.0,0.0,0.3212873041629791,-1.096623182296753,-1.291278600692749,0.012282035313546658,0.012265547178685665,-1.595097939494154,-3.369967738603513,4,0,0,-0.008770282380282879,0.008598287589848042,0.011215626262128353,0.0045924922451376915,-0.012265547178685665,0.0,0.08521781116724014,0.19581298530101776,0.13126777112483978,0.02347615361213684,41.07691192626953,1,0.021963801234960556,0.18382850289344788,-0.1636146754026413,0.023401975631713867,38.14335632324219,1,0.014478388242423534,-0.32790905237197876,0.134292870759964,0.022708505392074585,32.98910903930664,1,0.005651762243360281,-0.25683802366256714,-0.17120826244354248,0.023196466267108917,26.703245162963867,1,0.003903374308720231
644,12.88,stop,0.0,0.0,0.0,0.3212309777736664,-1.0967897176742554,-1.2911128997802734,0.011298618279397488,0.011261621490120888,-1.5804691683958676,-3.3705416879372057,4,0,0,-0.0076955100521445274,0.008272719569504261,0.010505343787372112,0.0037432238459587097,-0.011261621490120888,0.0,0.08533411473035812,0.1955757886171341,0.13131019473075867,0.023475490510463715,41.12313461303711,1,0.021893098950386047,0.18365442752838135,-0.16357696056365967,0.023401401937007904,38.120811462402344,1,0.014543362893164158,-0.3281359076499939,0.1342221200466156,0.022706829011440277,32.58251953125,1,0.00588930444791913,-0.25700581073760986,-0.17126347124576569,0.023196369409561157,26.794418334960938,1,0.001446443609893322
645,12.9,stop,0.0,0.0,0.0,0.3211781978607178,-1.0969353914260864,-1.2909541130065918,0.010394815355539322,0.010469162836670876,-1.5671239392530147,-3.3709835157991406,4,0,0,-0.006714716088026762,0.007935035042464733,0.009818332269787788,0.0029829973354935646,-0.010469162836670876,0.0,0.08543648570775986,0.1953555792570114,0.13135768473148346,0.023474901914596558,41.135398864746094,1,0.02192123606801033,0.18349134922027588,-0.16353388130664825,0.02340056747198105,38.10832214355469,1,0.014507765881717205,-0.3283498287200928,0.1341673731803894,0.022705748677253723,32.76375198364258,1,0.00551238190382719,-0.25716206431388855,-0.17130416631698608,0.023194395005702972,26.775941848754883,1,0.0037717074155807495
646,12.92,stop,0.0,0.0,0.0,0.3211284279823303,-1.097062110900879,-1.2908028364181519,0.009515301324427128,0.009930126368999481,-1.5535341039605106,-3.3719877670505443,4,0,0,-0.005805423948913813,0.007539098616689444,0.00910648051649332,0.0023110490292310715,-0.009930126368999481,0.0,0.08552923053503036,0.19514766335487366,0.1314166933298111,0.023474320769309998,41.18323516845703,1,0.021882444620132446,0.18333861231803894,-0.1634708195924759,0.023400291800498962,38.08620834350586,1,0.014575443230569363,-0.3285517394542694,0.13413041830062866,0.022704467177391052,32.69501495361328,1,0.005442372988909483,-0.25731056928634644,-0.17133010923862457,0.02319338172674179,26.813169479370117,1,0.003746394068002701
647,12.94,stop,0.0,0.0,0.0,0.3210809528827667,-1.097171664237976,-1.2906596660614014,0.008716173470020294,0.008999637328088284,-1.5447851652422533,-3.373012295426046,4,0,0,-0.0050233276560902596,0.00712305074557662,0.008423854596912861,0.0017620483413338661,-0.008999637328088284,0.0,0.0856277346611023,0.19495511054992676,0.1314588487148285,0.023473933339118958,41.191436767578125,1,0.021874740719795227,0.18319585919380188,-0.16343192756175995,0.023399874567985535,38.104515075683594,1,0.014559216797351837,-0.3287384808063507,0.1340842843055725,0.02270319312810898,32.61667251586914,1,0.005368347279727459,-0.2574480175971985,-0.17136520147323608,0.02319272607564926,26.863216400146484,1,0.003673889674246311
648,12.96,stop,0.0,0.0,0.0,0.32103556394577026,-1.0972660779953003,-1.2905244827270508,0.007968403398990631,0.008316528052091599,-1.5372470909977922,-3.3740325549333168,4,0,0,-0.004299712833017111,0.0067087942734360695,0.007764886599034071,0.0012650871649384499,-0.008316528052091599,0.0,0.08571869134902954,0.19477763772010803,0.13150089979171753,0.023473277688026428,41.20094299316406,1,0.021827351301908493,0.1830633282661438,-0.16339243948459625,0.023399122059345245,38.10767364501953,1,0.014545180834829807,-0.32891061902046204,0.1340464949607849,0.022702082991600037,32.54536056518555,1,0.005292549729347229,-0.25757554173469543,-0.17139336466789246,0.023191772401332855,26.90751838684082,1,0.0036552627570927143
649,12.98,stop,0.0,0.0,0.0,0.3209921717643738,-1.097346544265747,-1.2903975248336792,0.007274987176060677,0.007638001348823309,-1.5303518015872528,-3.3749706387271354,4,0,0,-0.003655174281448126,0.006290082354098558,0.007133129984140396,0.0008422005921602249,-0.007638001348823309,0.0,0.08580189943313599,0.19461412727832794,0.13154609501361847,0.023472756147384644,41.218902587890625,1,0.021786488592624664,0.18294081091880798,-0.16335001587867737,0.023398831486701965,38.10633087158203,1,0.01459239050745964,-0.32906943559646606,0.13401708006858826,0.022701174020767212,32.486114501953125,1,0.005256039556115866,-0.2576926648616791,-0.1714133322238922,0.023191317915916443,26.94491958618164,1,0.0036179947201162577
650,13.0,stop,0.0,0.0,0.0,0.3209508955478668,-1.097414493560791,-1.2902783155441284,0.006632776465266943,0.007015160284936428,-1.5242959851143902,-3.375847464261836,4,0,0,-0.0030840174295008183,0.005872184876352549,0.006530796177685261,0.00048596039414405823,-0.007015160284936428,0.0,0.08587708324193954,0.19446462392807007,0.13159184157848358,0.023472383618354797,41.22970199584961,1,0.02179190330207348,0.18282780051231384,-0.16330648958683014,0.02339879423379898,38.10426712036133,1,0.014568355865776539,-0.329214870929718,0.1339954435825348,0.022700227797031403,32.42927932739258,1,0.005212913732975721,-0.2578008472919464,-0.17142678797245026,0.02319086343050003,26.980411529541016,1,0.0035723084583878517
651,13.02,stop,0.0,0.0,0.0,0.3209114372730255,-1.0974715948104858,-1.290168046951294,0.006053931079804897,0.006513833999633789,-1.5190326840286608,-3.3766813876708124,4,0,0,-0.002580387284979224,0.005476466380059719,0.005973430350422859,0.00018184492364525795,-0.006513833999633789,0.0,0.08594784140586853,0.19432741403579712,0.13163724541664124,0.023471802473068237,41.234649658203125,1,0.02174515277147293,0.18272468447685242,-0.16326312720775604,0.023398324847221375,38.1051025390625,1,0.014592530205845833,-0.3293483853340149,0.13397866487503052,0.022700026631355286,32.73692321777344,1,0.0008597421110607684,-0.2578996419906616,-0.1714356690645218,0.023190274834632874,27.015581130981445,1,0.0036668232642114162
652,13.040000000000001,stop,0.0,0.0,0.0,0.32087451219558716,-1.0975191593170166,-1.2900645732879639,0.005530121270567179,0.005945047363638878,-1.5143492019704419,-3.376786401829301,4,0,0,-0.002108073327690363,0.005112560000270605,0.005461379420012236,-0.00010459404438734055,-0.005945047363638878,0.0,0.08600441366434097,0.19420555233955383,0.13168339431285858,0.02347172051668167,41.23134231567383,1,0.021727409213781357,0.18263345956802368,-0.16321900486946106,0.02339824289083481,38.082366943359375,1,0.014624830335378647,-0.3294643759727478,0.13396647572517395,0.02269861102104187,32.33927917480469,1,0.005159831140190363,-0.25798699259757996,-0.17143917083740234,0.02318991720676422,27.04871368408203,1,0.003529617562890053
653,13.06,stop,0.0,0.0,0.0,0.3208390474319458,-1.0975582599639893,-1.2899681329727173,0.005032624118030071,0.005358453840017319,-1.5101981545023666,-3.377235059880406,4,0,0,-0.0017305078217759728,0.00472574308514595,0.0049641611985862255,-0.0002957521937787533,-0.005358453840017319,0.0,0.0860598087310791,0.19409286975860596,0.13172858953475952,0.02347128838300705,41.25299072265625,1,0.02168428525328636,0.1825486570596695,-0.16317535936832428,0.02339792251586914,38.114593505859375,1,0.014660474844276905,-0.32957422733306885,0.1339600384235382,0.022698059678077698,32.28487014770508,1,0.005105487070977688,-0.2580685317516327,-0.17143896222114563,0.023189477622509003,27.075702667236328,1,0.003533666953444481
654,13.08,stop,0.0,0.0,0.0,0.32080569863319397,-1.0975897312164307,-1.289879560470581,0.004568928852677345,0.004893370438367128,-1.507095220906771,-3.3779321660625707,4,0,0,-0.0014015052001923323,0.004348665475845337,0.004496139939874411,-0.00044578593224287033,-0.004893370438367128,0.0,0.0861135795712471,0.19398903846740723,0.13177023828029633,0.023470886051654816,41.247886657714844,1,0.02164650894701481,0.1824696958065033,-0.16313515603542328,0.023397840559482574,38.11763000488281,1,0.014663350768387318,-0.32967478036880493,0.13395503163337708,0.02269723266363144,32.253231048583984,1,0.005078825168311596,-0.25814393162727356,-0.17143802344799042,0.02318904548883438,27.11385154724121,1,0.0035106083378195763
655,13.1,stop,0.0,0.0,0.0,0.32077500224113464,-1.097615361213684,-1.2897977828979492,0.00414851401001215,0.004470701329410076,-1.504519812702853,-3.3786491224820105,4,0,0,-0.0011203620815649629,0.003994365688413382,0.004067692905664444,-0.0005610128864645958,-0.004470701329410076,0.0,0.0861634612083435,0.1938951015472412,0.13180987536907196,0.023470692336559296,41.24205017089844,1,0.021633269265294075,0.1823982298374176,-0.16309712827205658,0.023397736251354218,38.11581039428711,1,0.014695593155920506,-0.3297664225101471,0.13395169377326965,0.02269681543111801,32.225521087646484,1,0.005039002280682325,-0.2582119107246399,-0.1714356392621994,0.023188695311546326,27.143203735351562,1,0.003507983172312379
656,13.120000000000001,stop,0.0,0.0,0.0,0.32074612379074097,-1.0976364612579346,-1.289723515510559,0.0037740927655249834,0.0036195763386785984,-1.5045439318083595,-3.379332141399012,4,0,0,-0.000957266369368881,0.0036506736651062965,0.0036910483613610268,-0.0005739829502999783,-0.0036195763386785984,0.0,0.08622265607118607,0.19380825757980347,0.13182157278060913,0.023470439016819,41.26380920410156,1,0.021589787676930428,0.1823328733444214,-0.16307327151298523,0.023397698998451233,38.11504364013672,1,0.01470384281128645,-0.3298488259315491,0.13394016027450562,0.02269604802131653,32.18730926513672,1,0.0050495159812271595,-0.2582751512527466,-0.17143946886062622,0.023188471794128418,27.196672439575195,1,0.0034801713190972805
657,13.14,stop,0.0,0.0,0.0,0.3207189738750458,-1.0976530313491821,-1.289655089378357,0.0034290931653231382,0.003685250412672758,-1.5021943467338752,-3.379763297090369,4,0,0,-0.0007062911172397435,0.0033555675763636827,0.0033297264017164707,-0.0006846045143902302,-0.003685250412672758,0.0,0.0862615555524826,0.1937325894832611,0.13185858726501465,0.023470215499401093,41.24788284301758,1,0.02161858230829239,0.18227465450763702,-0.16303686797618866,0.023397371172904968,38.11074447631836,1,0.014695744030177593,-0.3299225866794586,0.1339443325996399,0.022695913910865784,32.170833587646484,1,0.005009384360164404,-0.258330762386322,-0.1714312881231308,0.02318846434354782,27.192548751831055,1,0.0034961793571710587
658,13.16,stop,0.0,0.0,0.0,0.32069453597068787,-1.097665786743164,-1.2895923852920532,0.003110575955361128,0.003387863514944911,-1.4998244845352924,-3.380214516462413,4,0,0,-0.0005289380787871778,0.0030652745626866817,0.003001614473760128,-0.0007295687682926655,-0.003387863514944911,0.0,0.08629418909549713,0.19366362690925598,0.13189655542373657,0.02346991002559662,41.254276275634766,1,0.021580573171377182,0.18222254514694214,-0.16300001740455627,0.02339746057987213,38.10458755493164,1,0.014730577357113361,-0.3299891948699951,0.1339503526687622,0.022695288062095642,32.156341552734375,1,0.004972341004759073,-0.2583807706832886,-0.17142097651958466,0.023188062012195587,27.205913543701172,1,0.0034911087714135647
659,13.18,stop,0.0,0.0,0.0,0.32067257165908813,-1.0976749658584595,-1.2895352840423584,0.0028218571096658707,0.003124432871118188,-1.498327499168296,-3.3806377747475422,4,0,0,-0.0003800254489760846,0.0027961505111306906,0.002702848520129919,-0.0007573519833385944,-0.003124432871118188,0.0,0.08632528781890869,0.193602055311203,0.1319291591644287,0.02346976101398468,41.243316650390625,1,0.02155335620045662,0.1821759045124054,-0.16296812891960144,0.023397296667099,38.10371017456055,1,0.014763272367417812,-0.3300491273403168,0.1339544951915741,0.022694826126098633,32.13267517089844,1,0.00493280915543437,-0.25842514634132385,-0.17141321301460266,0.023187987506389618,27.227088928222656,1,0.0034965774975717068
660,13.200000000000001,stop,0.0,0.0,0.0,0.32065272331237793,-1.0976812839508057,-1.2894835472106934,0.002560992958024144,0.002853575861081481,-1.4971835492040246,-3.380994865575087,4,0,0,-0.0002582059823907912,0.002547943266108632,0.002433295361697674,-0.0007687928155064583,-0.002853575861081481,0.0,0.0863528698682785,0.19354641437530518,0.13195976614952087,0.023469403386116028,41.235076904296875,1,0.021532265469431877,0.18213383853435516,-0.16293789446353912,0.023397177457809448,38.098575592041016,1,0.014755411073565483,-0.3301035165786743,0.133958637714386,0.022694602608680725,32.11239242553711,1,0.004944885615259409,-0.2584647536277771,-0.17140549421310425,0.023187607526779175,27.24158477783203,1,0.003455603029578924
661,13.22,stop,0.0,0.0,0.0,0.3206348717212677,-1.0976852178573608,-1.2894363403320312,0.0023276805877685547,0.0025834485422819853,-1.496316542066256,-3.381401048387291,4,0,0,-0.00016005044744815677,0.0023221715819090605,0.0021930767688900232,-0.0007675986271351576,-0.0025834485422819853,0.0,0.08637741208076477,0.19349631667137146,0.13198794424533844,0.023469507694244385,41.2303352355957,1,0.021497832611203194,0.18209609389305115,-0.1629105508327484,0.023397281765937805,38.09700012207031,1,0.014795489609241486,-0.33015212416648865,0.13396349549293518,0.022694185376167297,32.09701919555664,1,0.004924975801259279,-0.25850141048431396,-0.1713976114988327,0.023187711834907532,27.2578125,1,0.0034977542236447334
662,13.24,stop,0.0,0.0,0.0,0.3206188380718231,-1.0976876020431519,-1.289393424987793,0.0021144466008991003,0.0023388750851154327,-1.4957521976860837,-3.3817508821388427,4,0,0,-8.341865031979978e-05,0.0021128004882484674,0.0019759866409003735,-0.0007532697636634111,-0.0023388750851154327,0.0,0.0863996222615242,0.19345158338546753,0.13201381266117096,0.023469172418117523,41.22658157348633,1,0.02150232344865799,0.18206214904785156,-0.16288518905639648,0.02339714765548706,38.09438705444336,1,0.014798772521317005,-0.3301958739757538,0.13396772742271423,0.02269384264945984,32.08251190185547,1,0.004909196402877569,-0.2585337460041046,-0.17139051854610443,0.023187533020973206,27.270734786987305,1,0.00349411484785378
663,13.26,stop,0.0,0.0,0.0,0.32060447335243225,-1.0976884365081787,-1.2893542051315308,0.001921800198033452,0.0021152959670871496,-1.4953357695901246,-3.381949384511596,4,0,0,-2.251870682812296e-05,0.0019216682994738221,0.0017814020393416286,-0.0007318658754229546,-0.0021152959670871496,0.0,0.08641757816076279,0.1934114694595337,0.13203752040863037,0.02346903085708618,41.22224807739258,1,0.02147800289094448,0.18203195929527283,-0.16286219656467438,0.023397378623485565,38.09062194824219,1,0.014817973598837852,-0.33023449778556824,0.13397279381752014,0.022693678736686707,32.06708908081055,1,0.004915696103125811,-0.25856244564056396,-0.17138293385505676,0.02318737655878067,27.281707763671875,1,0.0034838488791137934
664,13.280000000000001,stop,0.0,0.0,0.0,0.32059186697006226,-1.09768807888031,-1.2893186807632446,0.0017467864090576768,0.001909235492348671,-1.495065550231086,-3.382123127448608,4,0,0,2.2457265004049987e-05,0.0017466420540586114,0.0016072894213721156,-0.0007024280494078994,-0.001909235492348671,0.0,0.08643344044685364,0.19337621331214905,0.1320592612028122,0.02346883714199066,41.22008514404297,1,0.02147161401808262,0.18200483918190002,-0.16284042596817017,0.02339726686477661,38.08500671386719,1,0.014803210273385048,-0.33026933670043945,0.13397756218910217,0.02269355207681656,32.05558395385742,1,0.004917176440358162,-0.25858765840530396,-0.1713755577802658,0.02318739891052246,27.292200088500977,1,0.003458506427705288
665,13.3,stop,0.0,0.0,0.0,0.32058051228523254,-1.097687005996704,-1.2892863750457764,0.0015885938191786408,0.001719103311188519,-1.4949715284082925,-3.382265921090944,4,0,0,5.624066398013383e-05,0.0015875980025157332,0.0014518339885398746,-0.0006691832095384598,-0.001719103311188519,0.0,0.08644713461399078,0.19334380328655243,0.13207875192165375,0.023469075560569763,41.21368408203125,1,0.021423665806651115,0.18198063969612122,-0.16282105445861816,0.023397140204906464,38.082523345947266,1,0.014836769551038742,-0.33030015230178833,0.13398206233978271,0.022693142294883728,32.04505920410156,1,0.004875154700130224,-0.25861114263534546,-0.1713690608739853,0.023187346756458282,27.30095672607422,1,0.0034915211144834757
666,13.32,stop,0.0,0.0,0.0,0.32057031989097595,-1.0976853370666504,-1.2892571687698364,0.0014437061036005616,0.001554105314426124,-1.4949955407920932,-3.382393346807647,4,0,0,7.777801511110738e-05,0.0014416094636544585,0.0013127600541338325,-0.0006300081731751561,-0.001554105314426124,0.0,0.08645915985107422,0.19331520795822144,0.1320965737104416,0.0234689861536026,41.21092987060547,1,0.02141815982758999,0.1819590926170349,-0.16280370950698853,0.023397274315357208,38.08137130737305,1,0.014859131537377834,-0.3303282558917999,0.13398617506027222,0.022692888975143433,32.03443145751953,1,0.004888856317847967,-0.2586316168308258,-0.17136317491531372,0.023187145590782166,27.309707641601562,1,0.003497846657410264
667,13.34,stop,0.0,0.0,0.0,0.32056134939193726,-1.0976831912994385,-1.2892305850982666,0.0013111081207171082,0.0014049899764358997,-1.4951178438669188,-3.382507539032833,4,0,0,9.109043458011001e-05,0.00130793999414891,0.0011878788936883211,-0.000588279333896935,-0.0014049899764358997,0.0,0.08647020161151886,0.19329005479812622,0.1321125328540802,0.023468784987926483,41.209007263183594,1,0.02141919545829296,0.1819399744272232,-0.1627880185842514,0.02339722216129303,38.07740020751953,1,0.014858009293675423,-0.33035290241241455,0.13398969173431396,0.022692807018756866,32.028411865234375,1,0.004874758888036013,-0.25864994525909424,-0.17135748267173767,0.023187115788459778,27.317249298095703,1,0.003473077667877078
668,13.36,stop,0.0,0.0,0.0,0.3205532431602478,-1.0976808071136475,-1.2892063856124878,0.0011912938207387924,0.0012672536540776491,-1.4951927625043775,-3.3824360354899596,4,0,0,9.800584666663781e-05,0.0011872556060552597,0.0010771085508167744,-0.0005459260428324342,-0.0012672536540776491,0.0,0.08647820353507996,0.1932675838470459,0.13212744891643524,0.023468464612960815,41.21074295043945,1,0.021443158388137817,0.1819230318069458,-0.16277329623699188,0.023397080600261688,38.07382583618164,1,0.014852236025035381,-0.3303750157356262,0.13399392366409302,0.022692762315273285,32.02049255371094,1,0.004859061446040869,-0.25866612792015076,-0.17135199904441833,0.023187242448329926,27.322959899902344,1,0.0034756052773445845
669,13.38,stop,0.0,0.0,0.0,0.32054609060287476,-1.097678780555725,-1.2891855239868164,0.0010818509617820382,0.0011383938835933805,-1.495349750133582,-3.382284917554573,4,0,0,0.0001001912823994644,0.001077201566658914,0.0009779119864106178,-0.0005034290952607989,-0.0011383938835933805,0.0,0.08648455142974854,0.19324898719787598,0.13214024901390076,0.02346842736005783,41.209964752197266,1,0.021420316770672798,0.1819087564945221,-0.16276061534881592,0.023397088050842285,38.071903228759766,1,0.014890576712787151,-0.3303932845592499,0.1339971423149109,0.022692710161209106,32.013423919677734,1,0.004841472953557968,-0.25867927074432373,-0.1713472455739975,0.023186974227428436,27.32815170288086,1,0.0035073477774858475
670,13.4,stop,0.0,0.0,0.0,0.32053977251052856,-1.097676157951355,-1.2891658544540405,0.0009814748773351312,0.0010317688575014472,-1.4955281888256484,-3.382141697025414,4,0,0,9.702191891847178e-05,0.0009766676230356097,0.0008891865727491677,-0.00045992148807272315,-0.0010317688575014472,0.0,0.08648969978094101,0.19323131442070007,0.132151797413826,0.023468472063541412,41.2067756652832,1,0.021398361772298813,0.18189574778079987,-0.16274912655353546,0.023396924138069153,38.071189880371094,1,0.014881180599331856,-0.33041033148765564,0.1340007185935974,0.022692479193210602,32.00819396972656,1,0.004841379821300507,-0.2586918771266937,-0.17134246230125427,0.023187056183815002,27.332683563232422,1,0.0034882458858191967
671,13.42,stop,0.0,0.0,0.0,0.32053428888320923,-1.097673773765564,-1.289147973060608,0.0008902369299903512,0.0009327447041869164,-1.4957020384843664,-3.3819848161179156,4,0,0,8.899212843971327e-05,0.0008857776992954314,0.000810924160759896,-0.0004158732481300831,-0.0009327447041869164,0.0,0.08649370074272156,0.19321614503860474,0.1321626901626587,0.023468300700187683,41.20718765258789,1,0.0214105024933815,0.18188388645648956,-0.16273850202560425,0.023396961390972137,38.06806945800781,1,0.014871333725750446,-0.3304252326488495,0.13400417566299438,0.022692404687404633,32.002498626708984,1,0.004849755670875311,-0.2587026357650757,-0.1713380664587021,0.023186951875686646,27.33781623840332,1,0.003483721287921071
672,13.44,stop,0.0,0.0,0.0,0.32052943110466003,-1.0976718664169312,-1.289131760597229,0.0008074567886069417,0.0008423326653428376,-1.495916549112987,-3.3818529080895696,4,0,0,7.879515760578215e-05,0.0008036030340008438,0.0007412947015836835,-0.00037335907109081745,-0.0008423326653428376,0.0,0.08649753779172897,0.1932021677494049,0.1321718692779541,0.023468390107154846,41.205482482910156,1,0.021385226398706436,0.18187293410301208,-0.16272923350334167,0.02339717000722885,38.06552505493164,1,0.014891618862748146,-0.3304390609264374,0.13400685787200928,0.02269235998392105,31.9982852935791,1,0.004842996597290039,-0.25871339440345764,-0.1713341921567917,0.02318684756755829,27.33929443359375,1,0.003478272818028927
673,13.46,stop,0.0,0.0,0.0,0.32052522897720337,-1.0976699590682983,-1.289116621017456,0.0007321388693526387,0.0007664768490940332,-1.4961448268416537,-3.381748747704727,4,0,0,6.63608661852777e-05,0.000729125167708844,0.00067935511469841,-0.0003319295938126743,-0.0007664768490940332,0.0,0.08650106191635132,0.19318893551826477,0.1321800947189331,0.02346836030483246,41.2060661315918,1,0.02139790914952755,0.18186254799365997,-0.16272105276584625,0.023397058248519897,38.06234359741211,1,0.014890817925333977,-0.3304519057273865,0.1340092420578003,0.022692270576953888,31.993579864501953,1,0.004845761694014072,-0.25872310996055603,-0.17133095860481262,0.023187078535556793,27.34191131591797,1,0.0034857147838920355
674,13.48,stop,0.0,0.0,0.0,0.3205215334892273,-1.0976680517196655,-1.289103388786316,0.0006637019687332213,0.0006970544345676899,-1.4963475980826384,-3.38162900595084,4,0,0,5.3353167459135875e-05,0.0006615540478378534,0.0006238309433683753,-0.0002927582827396691,-0.0006970544345676899,0.0,0.08650324493646622,0.193177729845047,0.13218794763088226,0.023468293249607086,41.205833435058594,1,0.02140125446021557,0.18185363709926605,-0.16271337866783142,0.023397162556648254,38.058956146240234,1,0.014901542104780674,-0.3304632008075714,0.13401195406913757,0.022692300379276276,31.9906063079834,1,0.004843986593186855,-0.2587314248085022,-0.1713276505470276,0.023186929523944855,27.345741271972656,1,0.00349542498588562
675,13.5,stop,0.0,0.0,0.0,0.32051828503608704,-1.097666621208191,-1.2890911102294922,0.0006018835119903088,0.0006352624041028321,-1.4965750220376588,-3.3815346639629293,4,0,0,3.990136247011833e-05,0.0006005594041198492,0.0005742900539189577,-0.00025586725678294897,-0.0006352624041028321,0.0,0.08650583028793335,0.1931673288345337,0.1321941465139389,0.02346833050251007,41.20411682128906,1,0.02138713374733925,0.18184596300125122,-0.16270747780799866,0.023397296667099,38.05715560913086,1,0.014921722002327442,-0.3304731845855713,0.134013831615448,0.022692084312438965,31.986820220947266,1,0.00484877172857523,-0.2587394714355469,-0.1713251918554306,0.02318686991930008,27.345895767211914,1,0.003501936560496688
676,13.52,stop,0.0,0.0,0.0,0.32051530480384827,-1.0976653099060059,-1.2890806198120117,0.0005456478102132678,0.00058273650938645,-1.4967695757072983,-3.381402542491172,4,0,0,2.550893805164378e-05,0.0005450511816889048,0.0005299019976519048,-0.00022038223687559366,-0.00058273650938645,0.0,0.08650752902030945,0.19315820932388306,0.13219968974590302,0.023468047380447388,41.20766830444336,1,0.02137361839413643,0.1818385124206543,-0.1627015769481659,0.02339690923690796,38.05744934082031,1,0.014920569024980068,-0.33048203587532043,0.1340157389640808,0.022691920399665833,31.98702621459961,1,0.0048163291066884995,-0.2587461471557617,-0.17132289707660675,0.023186661303043365,27.350061416625977,1,0.003513656323775649
677,13.540000000000001,stop,0.0,0.0,0.0,0.3205127418041229,-1.0976643562316895,-1.2890708446502686,0.0004937623161822557,0.0005331247812137008,-1.4969634890467032,-3.3812774646519963,4,0,0,1.2057799722242635e-05,0.0004936151090078056,0.0004889980773441494,-0.0001873147557489574,-0.0005331247812137008,0.0,0.08650936931371689,0.19315031170845032,0.13220472633838654,0.023468151688575745,41.20819091796875,1,0.0213834997266531,0.1818321794271469,-0.16269691288471222,0.02339714765548706,38.055320739746094,1,0.0149360541254282,-0.33048996329307556,0.13401690125465393,0.022691823542118073,31.983917236328125,1,0.004818102810531855,-0.25875237584114075,-0.1713208705186844,0.023186713457107544,27.350669860839844,1,0.0035048711579293013
678,13.56,stop,0.0,0.0,0.0,0.32051047682762146,-1.097663164138794,-1.2890619039535522,0.0004477522452361882,0.0004889470874331892,-1.4970863257300577,-3.381179921012912,4,0,0,-1.202610178552277e-06,0.0004477506154216826,0.00045281476923264563,-0.00015675707254558802,-0.0004889470874331892,0.0,0.08651025593280792,0.19314263761043549,0.13220928609371185,0.023468002676963806,41.21065139770508,1,0.021421413868665695,0.1818263828754425,-0.16269202530384064,0.023397035896778107,38.05201721191406,1,0.014895166270434856,-0.33049705624580383,0.13401871919631958,0.022691547870635986,31.9827880859375,1,0.004810606595128775,-0.25875791907310486,-0.17131881415843964,0.023186512291431427,27.35271453857422,1,0.003490281291306019
679,13.58,stop,0.0,0.0,0.0,0.32050853967666626,-1.0976626873016357,-1.2890536785125732,0.00040695161442272365,0.00044630796764977276,-1.4972262378863372,-3.381063807797022,4,0,0,-1.310728293901775e-05,0.0004067404952365905,0.0004205947043374181,-0.00012933852849528193,-0.00044630796764977276,0.0,0.08651150017976761,0.19313588738441467,0.13221339881420135,0.023468226194381714,41.209144592285156,1,0.021398449316620827,0.18182063102722168,-0.16268834471702576,0.023397311568260193,38.0469970703125,1,0.014915239065885544,-0.33050402998924255,0.1340199112892151,0.022691719233989716,31.98076820373535,1,0.004840008914470673,-0.25876328349113464,-0.17131732404232025,0.02318667620420456,27.352190017700195,1,0.0034974096342921257
680,13.6,stop,0.0,0.0,0.0,0.3205067813396454,-1.097662329673767,-1.2890466451644897,0.00037200612132437527,0.00041141212568618357,-1.49728055923458,-3.3809026580212915,4,0,0,-2.427214894851204e-05,0.00037121344939805567,0.00039275307790376246,-0.0001049199781846255,-0.00041141212568618357,0.0,0.08651170879602432,0.19313004612922668,0.13221673667430878,0.023468174040317535,41.210723876953125,1,0.021388938650488853,0.18181610107421875,-0.16268470883369446,0.023397162556648254,38.045875549316406,1,0.014918617904186249,-0.3305093050003052,0.13402125239372253,0.022691763937473297,31.978130340576172,1,0.004810177255421877,-0.25876757502555847,-0.17131569981575012,0.023186691105365753,27.353668212890625,1,0.0035091813188046217
681,13.620000000000001,stop,0.0,0.0,0.0,0.32050514221191406,-1.097662329673767,-1.2890400886535645,0.0003392119542695582,0.0003800283302552998,-1.4973611341224449,-3.3807254999896945,4,0,0,-3.569045657059178e-05,0.0003373291401658207,0.00036665055085904896,-8.08561744634062e-05,-0.0003800283302552998,0.0,0.08651234209537506,0.193124920129776,0.1322193443775177,0.02346797287464142,41.212242126464844,1,0.021383361890912056,0.18181170523166656,-0.1626824289560318,0.023396961390972137,38.047279357910156,1,0.014928814955055714,-0.33051443099975586,0.13402190804481506,0.022691622376441956,31.97737693786621,1,0.004819633439183235,-0.25877171754837036,-0.17131467163562775,0.023186594247817993,27.35273551940918,1,0.0035107138101011515
682,13.64,stop,0.0,0.0,0.0,0.3205036520957947,-1.0976624488830566,-1.2890334129333496,0.0003097477019764483,0.00035255824332125485,-1.4973949649031777,-3.3805878289892366,4,0,0,-4.5443710405379534e-05,0.0003063960175495595,0.0003425578470341861,-5.950586637482047e-05,-0.00035255824332125485,0.0,0.08651234954595566,0.19311943650245667,0.13222229480743408,0.023468002676963806,41.2125358581543,1,0.021388497203588486,0.1818072497844696,-0.16267924010753632,0.023396901786327362,38.04475784301758,1,0.014917093329131603,-0.3305194675922394,0.13402336835861206,0.022691525518894196,31.975841522216797,1,0.00483937980607152,-0.2587762773036957,-0.1713130623102188,0.023186467587947845,27.35377311706543,1,0.0034988410770893097
683,13.66,stop,0.0,0.0,0.0,0.3205024003982544,-1.0976628065109253,-1.2890287637710571,0.0002848141884896904,0.000326845096424222,-1.4974301830660854,-3.3804187818072786,4,0,0,-5.449241507449187e-05,0.0002795526816044003,0.00032183394068852067,-4.0460581658408046e-05,-0.000326845096424222,0.0,0.08651284128427505,0.19311562180519104,0.1322241574525833,0.023467987775802612,41.21438980102539,1,0.02137179858982563,0.1818041205406189,-0.1626775711774826,0.02339695394039154,38.04339599609375,1,0.014940333552658558,-0.33052340149879456,0.1340237259864807,0.022691458463668823,31.975704193115234,1,0.004795853979885578,-0.2587793171405792,-0.1713123321533203,0.02318667620420456,27.35378074645996,1,0.0035118756350129843
684,13.68,stop,0.0,0.0,0.0,0.3205011785030365,-1.0976635217666626,-1.2890244722366333,0.0002615938719827682,0.0003055446723010391,-1.4974720179747518,-3.3802695848625963,4,0,0,-6.28023553872481e-05,0.00025394331896677613,0.00030207959935069084,-2.2524036467075348e-05,-0.0003055446723010391,0.0,0.08651307970285416,0.19311264157295227,0.13222557306289673,0.023468099534511566,41.214473724365234,1,0.02139028161764145,0.18180161714553833,-0.16267623007297516,0.02339702844619751,38.04231262207031,1,0.014939634129405022,-0.3305267095565796,0.13402393460273743,0.022691495716571808,31.97456932067871,1,0.004811649210751057,-0.2587816119194031,-0.1713120937347412,0.02318638563156128,27.35466957092285,1,0.003503634361550212
685,13.700000000000001,stop,0.0,0.0,0.0,0.3205002248287201,-1.0976642370224,-1.2890197038650513,0.00024229784321505576,0.00028715713415294886,-1.4974555828320615,-3.380111423294628,4,0,0,-6.983060302445665e-05,0.00023201708972919732,0.00028500842745415866,-7.302180165424943e-06,-0.00028715713415294886,0.0,0.08651323616504669,0.1931086927652359,0.13222722709178925,0.023467831313610077,41.21645736694336,1,0.021385282278060913,0.18179816007614136,-0.16267472505569458,0.023396901786327362,38.04050064086914,1,0.014925070106983185,-0.33053016662597656,0.13402417302131653,0.02269161492586136,31.973573684692383,1,0.004831462167203426,-0.2587849199771881,-0.1713113784790039,0.02318664640188217,27.35462188720703,1,0.0034995218738913536
686,13.72,stop,0.0,0.0,0.0,0.32049915194511414,-1.0976645946502686,-1.2890154123306274,0.00022559313219971955,0.00026724813506007195,-1.4973946447380602,-3.3799577440383026,4,0,0,-7.587649452034384e-05,0.00021245003154035658,0.0002696466108318418,6.056012352928519e-06,-0.00026724813506007195,0.0,0.0865129828453064,0.19310548901557922,0.132228821516037,0.023467928171157837,41.21855926513672,1,0.021378744393587112,0.1817951202392578,-0.1626729667186737,0.02339685708284378,38.039031982421875,1,0.014929895289242268,-0.33053359389305115,0.13402536511421204,0.022691547870635986,31.97355842590332,1,0.0048219021409749985,-0.2587878406047821,-0.17131030559539795,0.023186586797237396,27.356019973754883,1,0.003509752918034792
687,13.74,stop,0.0,0.0,0.0,0.3204982876777649,-1.097665548324585,-1.2890121936798096,0.00021039467537775636,0.00025350518990308046,-1.4974271948583235,-3.379875995211674,4,0,0,-8.197567512979731e-05,0.0001937676570378244,0.00025520051713101566,1.9152677850797772e-05,-0.00025350518990308046,0.0,0.08651342242956161,0.1931026130914688,0.13222940266132355,0.02346797287464142,41.21839904785156,1,0.021385930478572845,0.1817927062511444,-0.16267216205596924,0.023396827280521393,38.03847122192383,1,0.014940393157303333,-0.3305361568927765,0.13402524590492249,0.02269131690263748,31.971908569335938,1,0.004817665088921785,-0.25879037380218506,-0.1713101863861084,0.023186519742012024,27.354934692382812,1,0.003495732555165887
688,13.76,stop,0.0,0.0,0.0,0.32049763202667236,-1.097666621208191,-1.2890088558197021,0.0001973328908206895,0.00024327724531758577,-1.4974301830660854,-3.379802784121508,4,0,0,-8.627324132248759e-05,0.00017747450328897685,0.00024215280427597463,2.9613322112709284e-05,-0.00024327724531758577,0.0,0.08651414513587952,0.1930994987487793,0.132229745388031,0.02346797287464142,41.22007369995117,1,0.02135450765490532,0.18179011344909668,-0.1626715511083603,0.023397155106067657,38.03700256347656,1,0.014952698722481728,-0.330539345741272,0.1340251863002777,0.022691287100315094,31.972217559814453,1,0.004803402815014124,-0.2587927281856537,-0.1713102161884308,0.023186497390270233,27.355884552001953,1,0.0035232899244874716
689,13.780000000000001,stop,0.0,0.0,0.0,0.32049688696861267,-1.0976676940917969,-1.289005994796753,0.00018554517009761184,0.00023413568851538002,-1.497398166554351,-3.379693927981611,4,0,0,-9.059465810423717e-05,0.00016192473412957042,0.00022975887986831367,3.978630411438644e-05,-0.00023413568851538002,0.0,0.0865144208073616,0.19309712946414948,0.1322305053472519,0.02346794307231903,41.22093200683594,1,0.021374789997935295,0.1817876696586609,-0.16267138719558716,0.023396745324134827,38.036624908447266,1,0.014935163781046867,-0.3305414915084839,0.13402530550956726,0.022691398859024048,31.972370147705078,1,0.00480079697445035,-0.25879472494125366,-0.1713102012872696,0.02318635582923889,27.356046676635742,1,0.003513876348733902
690,13.8,stop,0.0,0.0,0.0,0.3204961121082306,-1.0976687669754028,-1.2890033721923828,0.00017521390691399574,0.00022354019165504724,-1.497299128811386,-3.3795498536788062,4,0,0,-9.308482549386099e-05,0.00014844235556665808,0.00021853747603017837,4.7458233893848956e-05,-0.00022354019165504724,0.0,0.08651411533355713,0.19309499859809875,0.13223113119602203,0.023467794060707092,41.223209381103516,1,0.021374782547354698,0.18178579211235046,-0.16267073154449463,0.023396886885166168,38.03395462036133,1,0.014945329166948795,-0.33054354786872864,0.13402599096298218,0.022691309452056885,31.971410751342773,1,0.004812859930098057,-0.258796751499176,-0.1713094413280487,0.02318645268678665,27.353837966918945,1,0.00350834964774549
691,13.82,stop,0.0,0.0,0.0,0.3204955458641052,-1.0976697206497192,-1.2890005111694336,0.00016649706230964512,0.00021251292491797358,-1.4972433133592622,-3.3794858206553373,4,0,0,-9.512071846984327e-05,0.00013665035658050328,0.00020868261344730854,5.404454714152962e-05,-0.00021251292491797358,0.0,0.08651461452245712,0.1930927038192749,0.13223199546337128,0.02346797287464142,41.223846435546875,1,0.021409470587968826,0.18178367614746094,-0.16266979277133942,0.023396939039230347,38.03330993652344,1,0.014936535619199276,-0.3305458724498749,0.1340259313583374,0.02269144356250763,31.97154426574707,1,0.004812872968614101,-0.2587987184524536,-0.17130929231643677,0.02318645268678665,27.355342864990234,1,0.0034915644209831953
692,13.84,stop,0.0,0.0,0.0,0.32049503922462463,-1.0976707935333252,-1.2889984846115112,0.0001583928824402392,0.00020385156676638871,-1.4971831223172014,-3.379428190934215,4,0,0,-9.610845881979913e-05,0.00012590261758305132,0.00019939127378165722,5.926305311731994e-05,-0.00020385156676638871,0.0,0.08651480078697205,0.1930907815694809,0.13223189115524292,0.023468010127544403,41.22316360473633,1,0.0213745329529047,0.18178164958953857,-0.16266994178295135,0.023397013545036316,38.03219223022461,1,0.014952702447772026,-0.33054763078689575,0.13402625918388367,0.022691279649734497,31.97150230407715,1,0.0048103430308401585,-0.25880080461502075,-0.17130915820598602,0.02318648248910904,27.355628967285156,1,0.0035134016070514917
693,13.86,stop,0.0,0.0,0.0,0.3204945921897888,-1.0976719856262207,-1.288996696472168,0.0001514644973212853,0.00019733399676624686,-1.4971254925960795,-3.3793449480037054,4,0,0,-9.718761430121958e-05,0.00011617254494922236,0.00019095823518000543,6.411610229406506e-05,-0.00019733399676624686,0.0,0.08651486039161682,0.19308924674987793,0.13223186135292053,0.0234677791595459,41.225399017333984,1,0.02136925980448723,0.18178001046180725,-0.16266991198062897,0.02339687943458557,38.03184127807617,1,0.01495932787656784,-0.3305491805076599,0.1340261697769165,0.022691115736961365,31.971744537353516,1,0.004783936310559511,-0.2588024437427521,-0.17130924761295319,0.023186244070529938,27.35504722595215,1,0.003538456978276372
694,13.88,stop,0.0,0.0,0.0,0.320494145154953,-1.0976731777191162,-1.2889947891235352,0.0001444675581296906,0.00019329290080349892,-1.49706754270984,-3.3792836897445873,4,0,0,-9.7701842605602e-05,0.00010642004053806886,0.00018233052105642855,6.847930490039289e-05,-0.00019329290080349892,0.0,0.0865154042840004,0.1930873841047287,0.1322319209575653,0.02346789836883545,41.22602462768555,1,0.021372735500335693,0.181778222322464,-0.16266992688179016,0.0233968123793602,38.03098678588867,1,0.014950781129300594,-0.3305507302284241,0.13402622938156128,0.02269131690263748,31.969646453857422,1,0.0048143332824110985,-0.2588043212890625,-0.17130912840366364,0.023186400532722473,27.353912353515625,1,0.003512790659442544
695,13.9,stop,0.0,0.0,0.0,0.32049375772476196,-1.097674012184143,-1.288993000984192,0.0001386995572829619,0.00018866127356886864,-1.4970253876360564,-3.37928411663141,4,0,0,-9.755239443620667e-05,9.859562123892829e-05,0.0001751236995914951,7.143431867007166e-05,-0.00018866127356886864,0.0,0.0865158811211586,0.19308587908744812,0.13223148882389069,0.02346799522638321,41.22654342651367,1,0.021378349512815475,0.18177682161331177,-0.16267015039920807,0.023397117853164673,38.02958297729492,1,0.01495406311005354,-0.3305525779724121,0.13402655720710754,0.02269112318754196,31.970230102539062,1,0.004809461534023285,-0.258806049823761,-0.17130912840366364,0.0231863334774971,27.355512619018555,1,0.0035059868823736906
696,13.92,stop,0.0,0.0,0.0,0.32049334049224854,-1.0976749658584595,-1.2889914512634277,0.0001331833773292601,0.00018382983398623765,-1.4969325397520266,-3.3792230718157032,4,0,0,-9.70084365690127e-05,9.12533505470492e-05,0.00016819890879560262,7.383406045846641e-05,-0.00018382983398623765,0.0,0.0865161195397377,0.1930842399597168,0.1322321742773056,0.023467890918254852,41.227237701416016,1,0.021385282278060913,0.1817747801542282,-0.16266974806785583,0.023396901786327362,38.02879333496094,1,0.014944142661988735,-0.3305540382862091,0.13402700424194336,0.02269139140844345,31.970348358154297,1,0.0048148478381335735,-0.2588077485561371,-0.17130862176418304,0.0231863334774971,27.355552673339844,1,0.0035028993152081966
697,13.94,stop,0.0,0.0,0.0,0.32049286365509033,-1.0976762771606445,-1.2889900207519531,0.00012817383685614914,0.00018002167053055018,-1.496871281492908,-3.3791882805396183,4,0,0,-9.580155165167525e-05,8.515042281942442e-05,0.0001621953269932419,7.515614561270922e-05,-0.00018002167053055018,0.0,0.08651652932167053,0.19308283925056458,0.1322317272424698,0.02346787601709366,41.228328704833984,1,0.021388189867138863,0.18177348375320435,-0.16267019510269165,0.023396827280521393,38.02901077270508,1,0.014953665435314178,-0.3305550813674927,0.13402703404426575,0.02269122749567032,31.970247268676758,1,0.004807279445230961,-0.2588089108467102,-0.17130853235721588,0.023186400532722473,27.35521125793457,1,0.003523255465552211
698,13.96,stop,0.0,0.0,0.0,0.32049253582954407,-1.0976769924163818,-1.2889888286590576,0.0001232403883477673,0.00017870200099423528,-1.4967725639150602,-3.3791336390262585,4,0,0,-9.463495371164754e-05,7.894566078903154e-05,0.00015612749848514795,7.656089292140678e-05,-0.00017870200099423528,0.0,0.08651638776063919,0.1930820345878601,0.13223183155059814,0.023467928171157837,41.22988510131836,1,0.021391693502664566,0.1817723512649536,-0.162669837474823,0.023396827280521393,38.02912139892578,1,0.014932424761354923,-0.3305560052394867,0.134027361869812,0.02269119769334793,31.970354080200195,1,0.004798928275704384,-0.2588103413581848,-0.17130814492702484,0.02318619191646576,27.35500717163086,1,0.0035135005600750446
699,13.98,stop,0.0,0.0,0.0,0.3204922676086426,-1.0976781845092773,-1.288987636566162,0.0001181959523819387,0.0001743051689118147,-1.496734570987802,-3.3791575446883533,4,0,0,-9.291279275203124e-05,7.305816689040512e-05,0.00015020334103610367,7.736145926173776e-05,-0.0001743051689118147,0.0,0.08651723712682724,0.19308070838451385,0.13223141431808472,0.02346803992986679,41.22732162475586,1,0.021353552117943764,0.18177059292793274,-0.1626703292131424,0.02339678257703781,38.0277099609375,1,0.014961283653974533,-0.3305574953556061,0.134027361869812,0.022691212594509125,31.96826934814453,1,0.004816166590899229,-0.25881195068359375,-0.1713082194328308,0.023186132311820984,27.35430908203125,1,0.0035131757613271475
700,14.0,stop,0.0,0.0,0.0,0.3204919695854187,-1.0976793766021729,-1.2889870405197144,0.00011471722973510623,0.00017849775031208992,-1.4967161081327018,-3.3791818772372717,4,0,0,-9.212808799929917e-05,6.835538079030812e-05,0.0001455595629522577,7.84809235483408e-05,-0.00017849775031208992,0.0,0.08651838451623917,0.19307968020439148,0.132230743765831,0.023467950522899628,41.230770111083984,1,0.02140708453953266,0.1817692518234253,-0.16267122328281403,0.023396894335746765,38.025970458984375,1,0.014928964897990227,-0.3305585980415344,0.13402700424194336,0.02269122749567032,31.968589782714844,1,0.004804362542927265,-0.25881320238113403,-0.1713089793920517,0.02318625897169113,27.354461669921875,1,0.00353276077657938
701,14.02,stop,0.0,0.0,0.0,0.32049164175987244,-1.0976803302764893,-1.2889858484268188,0.000109916138171684,0.0001761666644597426,-1.496575875811305,-3.3790964998726465,4,0,0,-8.864304254529998e-05,6.499206210719422e-05,0.0001411931443726644,7.663670839974657e-05,-0.0001761666644597426,0.0,0.08651823550462723,0.193078875541687,0.13223060965538025,0.023467659950256348,41.23259735107422,1,0.02140897884964943,0.1817684769630432,-0.16267144680023193,0.023396745324134827,38.02584457397461,1,0.014953859150409698,-0.33055931329727173,0.13402751088142395,0.02269134670495987,31.969993591308594,1,0.004807474557310343,-0.2588144540786743,-0.17130836844444275,0.023186340928077698,27.354877471923828,1,0.003513199742883444
702,14.040000000000001,stop,0.0,0.0,0.0,0.3204914331436157,-1.0976816415786743,-1.2889846563339233,0.00010492355067981407,0.0001731716765789315,-1.4964854825265081,-3.379086468032303,4,0,0,-8.583533053752035e-05,6.034275429556146e-05,0.00013593134644906968,7.593003829242662e-05,-0.0001731716765789315,0.0,0.08651833236217499,0.19307772815227509,0.1322305053472519,0.02346799522638321,41.23253631591797,1,0.02138396166265011,0.18176686763763428,-0.1626715064048767,0.023396916687488556,38.0253791809082,1,0.014948193915188313,-0.3305602967739105,0.13402757048606873,0.022691071033477783,31.96826934814453,1,0.004819361958652735,-0.25881555676460266,-0.17130832374095917,0.02318619191646576,27.354473114013672,1,0.003524386091157794
703,14.06,stop,0.0,0.0,0.0,0.320491224527359,-1.0976825952529907,-1.2889835834503174,0.00010110832954524085,0.0001751739764586091,-1.4964236906588606,-3.37907238076714,4,0,0,-8.343663648702204e-05,5.710711775464006e-05,0.00013199556269682944,7.498536433558911e-05,-0.0001751739764586091,0.0,0.08651889115571976,0.19307643175125122,0.1322300136089325,0.023467838764190674,41.231407165527344,1,0.021382451057434082,0.18176543712615967,-0.16267196834087372,0.023396983742713928,38.02523422241211,1,0.014970186166465282,-0.3305615484714508,0.13402798771858215,0.022691302001476288,31.96792984008789,1,0.004806441720575094,-0.258816659450531,-0.17130838334560394,0.023186519742012024,27.353595733642578,1,0.003534182207658887
704,14.08,stop,0.0,0.0,0.0,0.3204910159111023,-1.0976834297180176,-1.2889831066131592,9.71337576629594e-05,0.00017545917944516987,-1.4963820691936058,-3.379076222748548,4,0,0,-8.129030175041407e-05,5.3168172598816454e-05,0.00012744606647174805,7.451989949913695e-05,-0.00017545917944516987,0.0,0.08651936054229736,0.19307534396648407,0.1322295218706131,0.02346792072057724,41.23212814331055,1,0.021374691277742386,0.1817643940448761,-0.1626722514629364,0.023396901786327362,38.0247688293457,1,0.014950701966881752,-0.3305623531341553,0.1340276598930359,0.02269115298986435,31.968820571899414,1,0.004800432361662388,-0.25881800055503845,-0.17130811512470245,0.023186102509498596,27.35523796081543,1,0.003504949389025569
705,14.1,stop,0.0,0.0,0.0,0.3204908072948456,-1.0976842641830444,-1.2889831066131592,9.346713341074064e-05,0.00017568109615240246,-1.4963203840476642,-3.37908604114548,4,0,0,-7.889635890023783e-05,5.01145696034655e-05,0.0001237252727150917,7.352817920036614e-05,-0.00017568109615240246,0.0,0.08651967346668243,0.19307567179203033,0.1322290450334549,0.02346787601709366,41.23284149169922,1,0.021403012797236443,0.1817638874053955,-0.1626727283000946,0.02339683473110199,38.02353286743164,1,0.01494381669908762,-0.33056217432022095,0.1340278685092926,0.022691048681735992,31.968355178833008,1,0.0048135751858353615,-0.2588185966014862,-0.1713082492351532,0.023186124861240387,27.353763580322266,1,0.0034972087014466524
706,14.120000000000001,stop,0.0,0.0,0.0,0.3204905390739441,-1.0976848602294922,-1.28898286819458,8.896044892026111e-05,0.00017162029689643532,-1.496200855737189,-3.3790397239251706,4,0,0,-7.476237078662962e-05,4.82135837955866e-05,0.00012043929018545896,7.05088023096323e-05,-0.00017162029689643532,0.0,0.08651994913816452,0.1930752396583557,0.1322290599346161,0.023467756807804108,41.23550033569336,1,0.021393248811364174,0.18176355957984924,-0.16267289221286774,0.023396775126457214,38.02358627319336,1,0.014944372698664665,-0.33056268095970154,0.13402822613716125,0.02269131690263748,31.969970703125,1,0.004788225516676903,-0.25881874561309814,-0.17130796611309052,0.02318652719259262,27.354583740234375,1,0.003510800190269947
707,14.14,stop,0.0,0.0,0.0,0.3204903304576874,-1.0976852178573608,-1.2889823913574219,8.531191997462884e-05,0.00016983758541755378,-1.4961438663463016,-3.3790666177950275,4,0,0,-7.19511735951528e-05,4.583833288052119e-05,0.00011730883124982938,6.892460078233853e-05,-0.00016983758541755378,0.0,0.08652013540267944,0.19307482242584229,0.13222891092300415,0.02346803992986679,41.233009338378906,1,0.0213919784873724,0.18176299333572388,-0.16267283260822296,0.023397117853164673,38.024169921875,1,0.014955819584429264,-0.3305627107620239,0.13402843475341797,0.022691302001476288,31.970184326171875,1,0.004796755965799093,-0.2588196098804474,-0.1713077276945114,0.023186340928077698,27.354537963867188,1,0.003505618078634143
708,14.16,stop,0.0,0.0,0.0,0.320490300655365,-1.0976855754852295,-1.2889819145202637,8.294826693600044e-05,0.0001730666554067284,-1.496091465988763,-3.379090736900534,4,0,0,-7.016681047389284e-05,4.4238378904992715e-05,0.00011508626630529761,6.788838072679937e-05,-0.0001730666554067284,0.0,0.08652008324861526,0.19307434558868408,0.1322287917137146,0.023468054831027985,41.23295593261719,1,0.02137797884643078,0.1817619651556015,-0.1626729816198349,0.02339702844619751,38.022499084472656,1,0.014947568997740746,-0.33056339621543884,0.13402915000915527,0.022691071033477783,31.969308853149414,1,0.0047969818115234375,-0.2588203549385071,-0.17130714654922485,0.023186303675174713,27.355039596557617,1,0.0035037812776863575
709,14.18,stop,0.0,0.0,0.0,0.3204900920391083,-1.0976859331130981,-1.2889814376831055,8.043715206440538e-05,0.00017262028995901346,-1.496055287330503,-3.3791125081285136,4,0,0,-6.80447556078434e-05,4.289576827432029e-05,0.00011302085476927459,6.646424299106002e-05,-0.00017262028995901346,0.0,0.08652046322822571,0.1930738389492035,0.13222850859165192,0.023467883467674255,41.233306884765625,1,0.02136898785829544,0.18176162242889404,-0.16267316043376923,0.023396775126457214,38.02297592163086,1,0.014951544813811779,-0.33056363463401794,0.13402947783470154,0.02269117534160614,31.96915054321289,1,0.004801855888217688,-0.2588210701942444,-0.1713070273399353,0.023186109960079193,27.35542106628418,1,0.003512412076815963
710,14.200000000000001,stop,0.0,0.0,0.0,0.3204899728298187,-1.0976866483688354,-1.2889808416366577,7.838919555069879e-05,0.00017398495401721448,-1.4960360774234625,-3.3791125081285136,4,0,0,-6.67759741190821e-05,4.105892367078923e-05,0.00011088226165156811,6.603980000363663e-05,-0.00017398495401721448,0.0,0.086520716547966,0.19307321310043335,0.1322282999753952,0.023468002676963806,41.23501968383789,1,0.02137937769293785,0.1817604899406433,-0.16267350316047668,0.023396819829940796,38.0250129699707,1,0.01494976319372654,-0.3305644989013672,0.1340295374393463,0.022691115736961365,31.96876335144043,1,0.004806329496204853,-0.2588220536708832,-0.1713070571422577,0.02318626642227173,27.356210708618164,1,0.003518927376717329
711,14.22,stop,0.0,0.0,0.0,0.3204898536205292,-1.0976872444152832,-1.28898024559021,7.574656046926975e-05,0.0001761027378961444,-1.4960080096148418,-3.3791340659130813,4,0,0,-6.477980059571564e-05,3.925708369934e-05,0.00010847087105503306,6.492380634881556e-05,-0.0001761027378961444,0.0,0.08652118593454361,0.19307252764701843,0.1322278380393982,0.02346792072057724,41.23529052734375,1,0.021391868591308594,0.18175949156284332,-0.16267363727092743,0.023396842181682587,38.02372360229492,1,0.014932692050933838,-0.3305651843547821,0.13402947783470154,0.02269112318754196,31.968658447265625,1,0.004805589560419321,-0.2588227093219757,-0.1713070124387741,0.023186154663562775,27.355363845825195,1,0.0035155874211341143
712,14.24,stop,0.0,0.0,0.0,0.32048967480659485,-1.0976873636245728,-1.2889796495437622,7.317346171475947e-05,0.00017711527470964938,-1.495955289092186,-3.379159892565881,4,0,0,-6.245071563171223e-05,3.8134807255119085e-05,0.00010655354708433151,6.32343435427174e-05,-0.00017711527470964938,0.0,0.08652153611183167,0.19307193160057068,0.13222812116146088,0.023467890918254852,41.236358642578125,1,0.021405639126896858,0.1817585974931717,-0.1626737117767334,0.02339693158864975,38.02184295654297,1,0.014935147948563099,-0.330565869808197,0.13403034210205078,0.022691093385219574,31.968563079833984,1,0.004809622652828693,-0.2588239312171936,-0.17130662500858307,0.02318613976240158,27.35474395751953,1,0.0035101245157420635
713,14.26,stop,0.0,0.0,0.0,0.3204894959926605,-1.0976877212524414,-1.2889792919158936,7.037086470518261e-05,0.00017577630933374166,-1.4959037425082935,-3.3791379078944894,4,0,0,-5.994703315082006e-05,3.685664341901429e-05,0.00010445968655403703,6.146149826236069e-05,-0.00017577630933374166,0.0,0.08652133494615555,0.19307178258895874,0.13222812116146088,0.02346784621477127,41.23531723022461,1,0.02138531021773815,0.1817583441734314,-0.16267342865467072,0.02339695394039154,38.022422790527344,1,0.014940337277948856,-0.3305661082267761,0.13403066992759705,0.02269119769334793,31.967693328857422,1,0.004805080592632294,-0.25882411003112793,-0.17130598425865173,0.02318611741065979,27.354860305786133,1,0.003513728966936469
714,14.280000000000001,stop,0.0,0.0,0.0,0.3204893171787262,-1.0976884365081787,-1.2889788150787354,6.823751755291596e-05,0.00017870393639896065,-1.4959031021780587,-3.3791583984619997,4,0,0,-5.836267882841639e-05,3.535754876793362e-05,0.00010251436469843611,6.061725798645057e-05,-0.00017870393639896065,0.0,0.08652186393737793,0.19307099282741547,0.13222788274288177,0.023467794060707092,41.23516845703125,1,0.021402157843112946,0.18175750970840454,-0.16267412900924683,0.023396804928779602,38.02308654785156,1,0.014942072331905365,-0.3305664658546448,0.1340305209159851,0.022691115736961365,31.967323303222656,1,0.004807124380022287,-0.2588248550891876,-0.17130626738071442,0.023186132311820984,27.355857849121094,1,0.0035176463425159454
715,14.3,stop,0.0,0.0,0.0,0.3204890787601471,-1.097688913345337,-1.2889783382415771,6.599534390261397e-05,0.00018200317572336644,-1.4958820780020199,-3.37918166379386,4,0,0,-5.654170672642067e-05,3.4035580029012635e-05,0.000100587414635811,5.946271267021075e-05,-0.00018200317572336644,0.0,0.0865226536989212,0.1930704414844513,0.1322273463010788,0.02346787601709366,41.23485565185547,1,0.021383337676525116,0.1817566305398941,-0.16267427802085876,0.023396790027618408,38.022926330566406,1,0.014935041777789593,-0.3305671215057373,0.13403061032295227,0.022691018879413605,31.96825408935547,1,0.004809503443539143,-0.25882571935653687,-0.17130644619464874,0.023186244070529938,27.355587005615234,1,0.003513796953484416
716,14.32,stop,0.0,0.0,0.0,0.32048889994621277,-1.0976893901824951,-1.288977861404419,6.443339225370437e-05,0.00018066508346237242,-1.495805771982386,-3.3791272357239115,4,0,0,-5.52689416508656e-05,3.312107946840115e-05,9.924952610163018e-05,5.86517016927246e-05,-0.00018066508346237242,0.0,0.08652245253324509,0.1930701732635498,0.13222722709178925,0.023467719554901123,41.23563766479492,1,0.021408308297395706,0.1817563772201538,-0.16267438232898712,0.023396700620651245,38.022491455078125,1,0.014940720051527023,-0.3305675685405731,0.13403096795082092,0.02269117534160614,31.967422485351562,1,0.00480993464589119,-0.2588265836238861,-0.1713060885667801,0.023186132311820984,27.355484008789062,1,0.0035032243467867374
717,14.34,stop,0.0,0.0,0.0,0.32048872113227844,-1.0976896286010742,-1.2889775037765503,6.209534330992028e-05,0.00018060729780700058,-1.4957702336543608,-3.3791268088370883,4,0,0,-5.324344601831399e-05,3.195257522747852e-05,9.746188879944384e-05,5.728347605327144e-05,-0.00018060729780700058,0.0,0.08652252703905106,0.19306990504264832,0.1322273313999176,0.023467794060707092,41.23812484741211,1,0.021405944600701332,0.18175581097602844,-0.16267426311969757,0.023396819829940796,38.02253341674805,1,0.014937139116227627,-0.33056753873825073,0.13403111696243286,0.022691167891025543,31.9671688079834,1,0.004803000018000603,-0.25882694125175476,-0.1713057905435562,0.02318613976240158,27.355358123779297,1,0.003524864325299859
718,14.36,stop,0.0,0.0,0.0,0.3204886019229889,-1.0976895093917847,-1.2889772653579712,5.955936649115756e-05,0.0001812436676118523,-1.4957349087697471,-3.379146018744129,4,0,0,-5.113863880978897e-05,3.053126056329347e-05,9.545213833916932e-05,5.5959819292183965e-05,-0.0001812436676118523,0.0,0.08652235567569733,0.19306957721710205,0.13222765922546387,0.023467950522899628,41.23453140258789,1,0.021381841972470284,0.18175508081912994,-0.16267426311969757,0.023396819829940796,38.02198791503906,1,0.014950794167816639,-0.3305680453777313,0.13403180241584778,0.02269113063812256,31.96772575378418,1,0.0047995662316679955,-0.25882741808891296,-0.1713053435087204,0.023186154663562775,27.354440689086914,1,0.0035046699922531843
719,14.38,stop,0.0,0.0,0.0,0.3204885423183441,-1.0976895093917847,-1.2889769077301025,5.8730503951665014e-05,0.0001814111601561308,-1.4957294659627522,-3.379163734547289,4,0,0,-5.061681440565735e-05,2.9786076993332244e-05,9.453904931433499e-05,5.5762138799764216e-05,-0.0001814111601561308,0.0,0.08652279525995255,0.19306930899620056,0.13222737610340118,0.02346796542406082,41.23506164550781,1,0.021377941593527794,0.1817549765110016,-0.16267435252666473,0.023396864533424377,38.02299118041992,1,0.014952639117836952,-0.33056822419166565,0.1340319812297821,0.022691331803798676,31.966787338256836,1,0.004805605858564377,-0.25882765650749207,-0.17130517959594727,0.023186154663562775,27.355226516723633,1,0.0035125671420246363
720,14.4,stop,0.0,0.0,0.0,0.32048848271369934,-1.0976895093917847,-1.288976788520813,5.772296208306216e-05,0.00018179383187089115,-1.495711963603004,-3.3791579715751765,4,0,0,-5.025300561101176e-05,2.840027809725143e-05,9.316513023804873e-05,5.599058931693435e-05,-0.00018179383187089115,0.0,0.08652245253324509,0.19306939840316772,0.1322275996208191,0.02346787601709366,41.23820495605469,1,0.021389920264482498,0.1817546784877777,-0.16267403960227966,0.0233968123793602,38.02313995361328,1,0.014944667927920818,-0.33056825399398804,0.13403218984603882,0.02269122749567032,31.96634864807129,1,0.004804017022252083,-0.25882768630981445,-0.17130444943904877,0.023186080157756805,27.356258392333984,1,0.003506978740915656
721,14.42,stop,0.0,0.0,0.0,0.3204885423183441,-1.0976895093917847,-1.288976788520813,5.601022712653503e-05,0.00018084132170770317,-1.4957265844766963,-3.3791731260573976,4,0,0,-4.9020734877558425e-05,2.709451837290544e-05,9.161255729850382e-05,5.5428448831662536e-05,-0.00018084132170770317,0.0,0.08652257174253464,0.19306930899620056,0.13222730159759521,0.02346794307231903,41.23561477661133,1,0.021377744153141975,0.18175454437732697,-0.1626744568347931,0.023396864533424377,38.02224349975586,1,0.014951260760426521,-0.3305680751800537,0.13403239846229553,0.02269122749567032,31.966928482055664,1,0.0047912998124957085,-0.2588280737400055,-0.1713043600320816,0.023186199367046356,27.35675811767578,1,0.0035148337483406067
722,14.44,stop,0.0,0.0,0.0,0.32048848271369934,-1.0976895093917847,-1.2889766693115234,5.5924156185938045e-05,0.0001843207428464666,-1.4957205013394668,-3.3791878536527955,4,0,0,-4.92307917738799e-05,2.652999319252558e-05,9.112809493672103e-05,5.582195444731042e-05,-0.0001843207428464666,0.0,0.0865224078297615,0.193069189786911,0.1322275996208191,0.02346774935722351,41.2364387512207,1,0.02140708453953266,0.1817542314529419,-0.1626741737127304,0.02339671552181244,38.02253723144531,1,0.01493845134973526,-0.3305683135986328,0.13403284549713135,0.022691071033477783,31.96687126159668,1,0.004811130929738283,-0.2588280439376831,-0.17130421102046967,0.023186132311820984,27.35667610168457,1,0.0035057736095041037
723,14.46,stop,0.0,0.0,0.0,0.32048845291137695,-1.0976895093917847,-1.2889766693115234,5.468870222102851e-05,0.00018373853527009487,-1.4957273315286368,-3.379204288795486,4,0,0,-4.8061792767839506e-05,2.6094408895005472e-05,9.031414811033756e-05,5.4937994718784466e-05,-0.00018373853527009487,0.0,0.08652249723672867,0.19306915998458862,0.13222721219062805,0.023467890918254852,41.23463439941406,1,0.021375345066189766,0.181754007935524,-0.16267439723014832,0.023396827280521393,38.02241897583008,1,0.014951440505683422,-0.3305681347846985,0.13403275609016418,0.02269100397825241,31.967098236083984,1,0.0047914315946400166,-0.25882816314697266,-0.17130431532859802,0.02318611741065979,27.35508918762207,1,0.003521549981087446
724,14.48,stop,0.0,0.0,0.0,0.32048851251602173,-1.0976895093917847,-1.288976788520813,5.4698575695510954e-05,0.00018692728190217167,-1.495734054996101,-3.3792196567211183,4,0,0,-4.847866148338653e-05,2.5332850782433525e-05,8.976659592008218e-05,5.561556463362649e-05,-0.00018692728190217167,0.0,0.08652273565530777,0.19306930899620056,0.13222716748714447,0.023467950522899628,41.234188079833984,1,0.021396715193986893,0.18175414204597473,-0.16267462074756622,0.023396939039230347,38.02180099487305,1,0.014941544272005558,-0.33056825399398804,0.134033203125,0.022691190242767334,31.96569061279297,1,0.004810137674212456,-0.25882869958877563,-0.17130421102046967,0.023186184465885162,27.356264114379883,1,0.0035130539909005165
725,14.5,stop,0.0,0.0,0.0,0.32048851251602173,-1.0976895093917847,-1.288976788520813,5.4389340220950544e-05,0.00018735496269073337,-1.4957240231557574,-3.3792149609660638,4,0,0,-4.793765765498392e-05,2.569399293861352e-05,8.984618762042373e-05,5.495833102031611e-05,-0.00018735496269073337,0.0,0.08652274310588837,0.19306927919387817,0.13222701847553253,0.023467890918254852,41.235408782958984,1,0.021406264975667,0.18175387382507324,-0.16267475485801697,0.023396797478199005,38.021583557128906,1,0.014963560737669468,-0.3305681347846985,0.13403302431106567,0.02269119769334793,31.966960906982422,1,0.00479858135804534,-0.25882869958877563,-0.17130416631698608,0.023186348378658295,27.355606079101562,1,0.0035064644180238247
726,14.52,stop,0.0,0.0,0.0,0.32048851251602173,-1.0976895093917847,-1.288976788520813,5.357204645406455e-05,0.00018731600721366704,-1.4957197542875262,-3.3792307557785195,4,0,0,-4.727901250589639e-05,2.5192441171384417e-05,8.91501476871781e-05,5.455985956359655e-05,-0.00018731600721366704,0.0,0.08652248233556747,0.19306914508342743,0.13222698867321014,0.023467957973480225,41.2347297668457,1,0.021389145404100418,0.18175387382507324,-0.16267478466033936,0.023396752774715424,38.02222442626953,1,0.014955823309719563,-0.3305681347846985,0.13403314352035522,0.02269115298986435,31.965848922729492,1,0.004815727472305298,-0.25882893800735474,-0.1713038831949234,0.023186102509498596,27.355289459228516,1,0.0035121184773743153
727,14.540000000000001,stop,0.0,0.0,0.0,0.3204885423183441,-1.0976895093917847,-1.288976788520813,5.347995465854183e-05,0.00018930804799310863,-1.4957294659627522,-3.379245056487094,4,0,0,-4.724586324300617e-05,2.5058610845007934e-05,8.894190978026018e-05,5.45500370208174e-05,-0.00018930804799310863,0.0,0.08652279525995255,0.1930692046880722,0.13222670555114746,0.023467853665351868,41.234458923339844,1,0.02138860896229744,0.1817537397146225,-0.1626749038696289,0.023396745324134827,38.022361755371094,1,0.01493745855987072,-0.33056819438934326,0.1340334117412567,0.022691190242767334,31.96607208251953,1,0.004803054966032505,-0.25882887840270996,-0.1713039129972458,0.023186206817626953,27.356273651123047,1,0.0035107301082462072
728,14.56,stop,0.0,0.0,0.0,0.32048851251602173,-1.0976896286010742,-1.288976788520813,5.3397612646222115e-05,0.0001897387846838683,-1.495734054996101,-3.3792610647429613,4,0,0,-4.706856270786375e-05,2.5216171707143076e-05,8.901119872462004e-05,5.4322401410900056e-05,-0.0001897387846838683,0.0,0.08652277290821075,0.19306907057762146,0.1322266310453415,0.02346797287464142,41.23405075073242,1,0.02139633521437645,0.1817535012960434,-0.16267526149749756,0.02339697629213333,38.02179718017578,1,0.014948712661862373,-0.3305680751800537,0.13403332233428955,0.0226910263299942,31.96728515625,1,0.0047967396676540375,-0.25882893800735474,-0.17130400240421295,0.023186132311820984,27.35651206970215,1,0.0035202535800635815
729,14.58,stop,0.0,0.0,0.0,0.32048845291137695,-1.0976897478103638,-1.288976788520813,5.332387445378117e-05,0.0001916759501909837,-1.4957313869534563,-3.3792781402158862,4,0,0,-4.6920285967644304e-05,2.533619226596784e-05,8.899036038201302e-05,5.410645098891109e-05,-0.0001916759501909837,0.0,0.08652313798666,0.19306933879852295,0.13222630321979523,0.023467928171157837,41.235504150390625,1,0.021388165652751923,0.18175306916236877,-0.16267533600330353,0.023396842181682587,38.02202224731445,1,0.014951932244002819,-0.3305683135986328,0.13403359055519104,0.022691138088703156,31.966814041137695,1,0.004806344863027334,-0.2588292360305786,-0.17130392789840698,0.023186296224594116,27.355756759643555,1,0.0035049444995820522
730,14.6,stop,0.0,0.0,0.0,0.3204883933067322,-1.0976897478103638,-1.288976788520813,5.2687875722767785e-05,0.0001912274892674759,-1.4957148450890603,-3.3792747251213013,4,0,0,-4.6253891923697665e-05,2.523073271731846e-05,8.86747584445402e-05,5.3553772886516526e-05,-0.0001912274892674759,0.0,0.08652298897504807,0.1930692195892334,0.13222657144069672,0.023467950522899628,41.2354850769043,1,0.021404404193162918,0.1817532628774643,-0.16267523169517517,0.023396775126457214,38.02162551879883,1,0.014945939183235168,-0.3305683434009552,0.13403350114822388,0.02269117534160614,31.967025756835938,1,0.004807285964488983,-0.2588293254375458,-0.17130370438098907,0.02318613976240158,27.356204986572266,1,0.0035090013407170773
731,14.620000000000001,stop,0.0,0.0,0.0,0.32048845291137695,-1.0976898670196533,-1.288976788520813,5.225338463787921e-05,0.00019238769891671836,-1.4957192206789973,-3.379289239273288,4,0,0,-4.5710738049820065e-05,2.5316890969406813e-05,8.854088082443923e-05,5.3020416089566424e-05,-0.00019238769891671836,0.0,0.08652310073375702,0.19306907057762146,0.13222616910934448,0.023467935621738434,41.235618591308594,1,0.0214039646089077,0.18175292015075684,-0.16267524659633636,0.023396871984004974,38.02072525024414,1,0.014927408657968044,-0.33056819438934326,0.13403362035751343,0.022691242396831512,31.96710968017578,1,0.004804783500730991,-0.2588295638561249,-0.171303853392601,0.023186199367046356,27.35593032836914,1,0.003519694320857525
732,14.64,stop,0.0,0.0,0.0,0.32048842310905457,-1.0976898670196533,-1.288976788520813,5.172413875698112e-05,0.00019180038361810148,-1.4956957419037253,-3.3792873182825836,4,0,0,-4.460020500118844e-05,2.619557380967308e-05,8.889289165381342e-05,5.1644838094944134e-05,-0.00019180038361810148,0.0,0.08652287721633911,0.19306915998458862,0.13222619891166687,0.023467890918254852,41.23410415649414,1,0.021390795707702637,0.18175314366817474,-0.16267529129981995,0.023396767675876617,38.0214958190918,1,0.014944776892662048,-0.3305681049823761,0.13403400778770447,0.02269124984741211,31.967079162597656,1,0.004802127834409475,-0.2588292956352234,-0.17130358517169952,0.02318611741065979,27.356422424316406,1,0.0035157795064151287
733,14.66,stop,0.0,0.0,0.0,0.3204883635044098,-1.0976898670196533,-1.288976788520813,5.202994361752644e-05,0.0001944160758284852,-1.4956974494510178,-3.3792811284236484,4,0,0,-4.5016800868324935e-05,2.608836439321749e-05,8.891835750546306e-05,5.205265915719792e-05,-0.0001944160758284852,0.0,0.08652311563491821,0.1930692046880722,0.1322261244058609,0.02346806228160858,41.23495101928711,1,0.021400434896349907,0.18175294995307922,-0.1626753956079483,0.0233968123793602,38.02207565307617,1,0.014944267459213734,-0.33056825399398804,0.13403382897377014,0.02269117534160614,31.966426849365234,1,0.004802295472472906,-0.25882938504219055,-0.17130345106124878,0.02318619191646576,27.356534957885742,1,0.0035243306774646044
734,14.68,stop,0.0,0.0,0.0,0.320488303899765,-1.0976897478103638,-1.2889769077301025,5.1847971917595714e-05,0.00019703347061295062,-1.4956914730354942,-3.3792967097926923,4,0,0,-4.485305180423893e-05,2.6007997803390026e-05,8.877252548700199e-05,5.1930030167568475e-05,-0.00019703347061295062,0.0,0.0865231305360794,0.19306910037994385,0.1322260946035385,0.023467935621738434,41.23426818847656,1,0.021387262269854546,0.18175272643566132,-0.16267529129981995,0.023396819829940796,38.02147674560547,1,0.014946814626455307,-0.3305678963661194,0.1340341866016388,0.022691093385219574,31.96686553955078,1,0.004802326206117868,-0.25882986187934875,-0.1713031828403473,0.023186229169368744,27.355560302734375,1,0.0035055766347795725
735,14.700000000000001,stop,0.0,0.0,0.0,0.32048824429512024,-1.0976897478103638,-1.2889769077301025,5.165259062778205e-05,0.00019632080511655658,-1.4956867772804396,-3.3792911602639917,4,0,0,-4.447054016054608e-05,2.6274727133568376e-05,8.888116281013936e-05,5.1479444664437324e-05,-0.00019632080511655658,0.0,0.08652301877737045,0.1930694878101349,0.13222621381282806,0.023467905819416046,41.23456954956055,1,0.021366462111473083,0.18175284564495087,-0.16267535090446472,0.023396790027618408,38.02177429199219,1,0.014946011826395988,-0.33056771755218506,0.13403427600860596,0.022691115736961365,31.966856002807617,1,0.004798863083124161,-0.2588293254375458,-0.17130306363105774,0.023186057806015015,27.357614517211914,1,0.00351536413654685
736,14.72,stop,0.0,0.0,0.0,0.3204881548881531,-1.0976897478103638,-1.2889769077301025,5.210037488723174e-05,0.0001965611008927226,-1.4956869907238513,-3.3792860376221143,4,0,0,-4.509680002229288e-05,2.6090756364283152e-05,8.89834263944067e-05,5.213896292843856e-05,-0.0001965611008927226,0.0,0.08652318269014359,0.19306977093219757,0.1322259157896042,0.02346784621477127,41.23567199707031,1,0.02139068953692913,0.1817530393600464,-0.16267557442188263,0.023396827280521393,38.02207946777344,1,0.014942471869289875,-0.33056771755218506,0.13403433561325073,0.02269117534160614,31.967185974121094,1,0.004799580667167902,-0.258829802274704,-0.1713031530380249,0.02318611741065979,27.35642433166504,1,0.0035161010455340147
737,14.74,stop,0.0,0.0,0.0,0.3204880952835083,-1.0976898670196533,-1.288977026939392,5.1615505071822554e-05,0.0001953840401256457,-1.4956938209130213,-3.3793009786609236,4,0,0,-4.463795994524844e-05,2.5915491278283298e-05,8.880047971615568e-05,5.185580448596738e-05,-0.0001953840401256457,0.0,0.08652313798666,0.19306939840316772,0.13222582638263702,0.023467913269996643,41.234092712402344,1,0.02139400690793991,0.1817530393600464,-0.16267573833465576,0.0233968123793602,38.02253341674805,1,0.014962865971028805,-0.33056771755218506,0.13403457403182983,0.022690974175930023,31.967119216918945,1,0.004802932031452656,-0.25882968306541443,-0.17130312323570251,0.023186087608337402,27.355676651000977,1,0.0035124674905091524
738,14.76,stop,0.0,0.0,0.0,0.3204881250858307,-1.0976898670196533,-1.288977026939392,5.1745035307249054e-05,0.00019880571926478297,-1.4956933940261983,-3.3793169869167907,4,0,0,-4.473945591598749e-05,2.5998655473813415e-05,8.893263293430209e-05,5.1923361752415076e-05,-0.00019880571926478297,0.0,0.08652357012033463,0.1930694878101349,0.13222581148147583,0.023468032479286194,41.23519515991211,1,0.0213880967348814,0.1817529797554016,-0.16267582774162292,0.023396790027618408,38.021766662597656,1,0.014953495003283024,-0.330567866563797,0.13403445482254028,0.0226912721991539,31.96619415283203,1,0.004815877880901098,-0.25882992148399353,-0.17130298912525177,0.023186124861240387,27.355756759643555,1,0.0035086805000901222
739,14.780000000000001,stop,0.0,0.0,0.0,0.3204881548881531,-1.0976898670196533,-1.288977026939392,5.156037877895869e-05,0.00019913412688765675,-1.495688591549438,-3.3793338489463043,4,0,0,-4.445012382348068e-05,2.6127749151783064e-05,8.89675720827654e-05,5.1619579608086497e-05,-0.00019913412688765675,0.0,0.08652333170175552,0.19306965172290802,0.1322258561849594,0.023468047380447388,41.236175537109375,1,0.02139575220644474,0.18175265192985535,-0.16267569363117218,0.023396864533424377,38.02067947387695,1,0.014949612319469452,-0.3305678069591522,0.13403454422950745,0.022690951824188232,31.966691970825195,1,0.0048034158535301685,-0.2588300108909607,-0.17130297422409058,0.023186177015304565,27.355039596557617,1,0.0035133594647049904
740,14.8,stop,0.0,0.0,0.0,0.3204880952835083,-1.0976899862289429,-1.2889771461486816,5.103638250147924e-05,0.00019829058146569878,-1.4956985166680756,-3.3793490034285254,4,0,0,-4.3591062421910465e-05,2.6543018975644372e-05,8.90314404387027e-05,5.067498568678275e-05,-0.00019829058146569878,0.0,0.08652365207672119,0.19306935369968414,0.1322256624698639,0.02346792072057724,41.23550796508789,1,0.02138984203338623,0.1817525029182434,-0.1626761108636856,0.02339668571949005,38.021766662597656,1,0.014948830008506775,-0.3305676579475403,0.13403457403182983,0.02269107848405838,31.966876983642578,1,0.004807773511856794,-0.2588299512863159,-0.1713031381368637,0.023186095058918,27.357091903686523,1,0.003511682152748108
741,14.82,stop,0.0,0.0,0.0,0.3204880952835083,-1.0976899862289429,-1.2889771461486816,5.10283098265063e-05,0.00019976771727669984,-1.4956945679649618,-3.379344734560294,4,0,0,-4.348690708866343e-05,2.6697891371441074e-05,8.916443039197475e-05,5.053225322626531e-05,-0.00019976771727669984,0.0,0.08652360737323761,0.19306963682174683,0.1322254240512848,0.02346803992986679,41.23462677001953,1,0.02139471098780632,0.18175259232521057,-0.16267623007297516,0.023397020995616913,38.02142333984375,1,0.014948795549571514,-0.33056777715682983,0.1340343952178955,0.022691138088703156,31.967884063720703,1,0.004800145514309406,-0.25882986187934875,-0.17130324244499207,0.023186229169368744,27.35729217529297,1,0.0035250475630164146
742,14.84,stop,0.0,0.0,0.0,0.3204881250858307,-1.0976899862289429,-1.2889771461486816,5.1276121666887775e-05,0.0001997230137931183,-1.4956750378928039,-3.3793191213509064,4,0,0,-4.346906644059345e-05,2.7197071176487952e-05,8.953797805588692e-05,5.0285008910577744e-05,-0.0001997230137931183,0.0,0.08652348816394806,0.19306957721710205,0.13222572207450867,0.02346784621477127,41.23560333251953,1,0.02138945646584034,0.18175259232521057,-0.16267608106136322,0.02339673787355423,38.022369384765625,1,0.014955074526369572,-0.33056777715682983,0.13403475284576416,0.02269131690263748,31.966041564941406,1,0.004809029400348663,-0.25883010029792786,-0.17130275070667267,0.023186154663562775,27.356294631958008,1,0.0035108448937535286
743,14.86,stop,0.0,0.0,0.0,0.3204881250858307,-1.0976899862289429,-1.2889771461486816,5.096969834994525e-05,0.00020103392307646573,-1.4956829352990315,-3.379334916163362,4,0,0,-4.340167288319208e-05,2.6724614144768566e-05,8.912737393984571e-05,5.043078999733552e-05,-0.00020103392307646573,0.0,0.0865233838558197,0.19306975603103638,0.1322254091501236,0.023467935621738434,41.235206604003906,1,0.021382367238402367,0.1817525327205658,-0.16267624497413635,0.023396804928779602,38.02155685424805,1,0.014952181838452816,-0.33056771755218506,0.1340349018573761,0.022691205143928528,31.967079162597656,1,0.004797369707375765,-0.25883013010025024,-0.17130301892757416,0.023186087608337402,27.355497360229492,1,0.0035235811956226826
744,14.88,stop,0.0,0.0,0.0,0.32048821449279785,-1.0976899862289429,-1.2889771461486816,5.1021099352510646e-05,0.00020157052495051175,-1.4956803739780928,-3.379329580078073,4,0,0,-4.326298221712932e-05,2.704564576561097e-05,8.932212949730456e-05,5.015682108933106e-05,-0.00020157052495051175,0.0,0.08652324974536896,0.19306962192058563,0.13222523033618927,0.02346787601709366,41.23503494262695,1,0.021372340619564056,0.18175266683101654,-0.16267618536949158,0.023396752774715424,38.021488189697266,1,0.014956790022552013,-0.33056747913360596,0.1340348720550537,0.022691115736961365,31.966203689575195,1,0.004798846784979105,-0.25883007049560547,-0.1713029146194458,0.023186244070529938,27.35671615600586,1,0.003522947896271944
745,14.9,stop,0.0,0.0,0.0,0.32048818469047546,-1.0976899862289429,-1.288977026939392,5.136192339705303e-05,0.00020209068316034973,-1.4956790933176234,-3.3793221095586685,4,0,0,-4.3850650399690494e-05,2.6742614863906056e-05,8.922700362745672e-05,5.0795450079021975e-05,-0.00020209068316034973,0.0,0.08652328699827194,0.19306951761245728,0.1322256326675415,0.023468047380447388,41.23414611816406,1,0.021393990144133568,0.18175259232521057,-0.16267597675323486,0.023396790027618408,38.02224349975586,1,0.014939560554921627,-0.3305676281452179,0.134034663438797,0.022691145539283752,31.967029571533203,1,0.004803260322660208,-0.25882983207702637,-0.17130282521247864,0.023186095058918,27.35681915283203,1,0.0035164118744432926
746,14.92,stop,0.0,0.0,0.0,0.3204881250858307,-1.0976899862289429,-1.288977026939392,5.165401671547443e-05,0.00020269154629204422,-1.495683255464149,-3.379338971588182,4,0,0,-4.391740367282182e-05,2.719189433264546e-05,8.963859727373347e-05,5.066807716502808e-05,-0.00020269154629204422,0.0,0.08652320504188538,0.19306939840316772,0.13222533464431763,0.023467928171157837,41.23564529418945,1,0.02137957699596882,0.18175235390663147,-0.16267643868923187,0.0233968123793602,38.021636962890625,1,0.01496666669845581,-0.3305676281452179,0.13403499126434326,0.022691018879413605,31.967147827148438,1,0.004806620068848133,-0.2588302493095398,-0.17130272090435028,0.02318607270717621,27.357460021972656,1,0.003511307528242469
747,14.94,stop,0.0,0.0,0.0,0.3204881250858307,-1.0976901054382324,-1.288977026939392,5.1369024731684476e-05,0.0002009711170103401,-1.4956771723269193,-3.379334489276539,4,0,0,-4.387525768834166e-05,2.6715882995631546e-05,8.923461427912116e-05,5.083841097075492e-05,-0.0002009711170103401,0.0,0.0865231528878212,0.19306959211826324,0.13222528994083405,0.02346794307231903,41.23515701293945,1,0.02138703316450119,0.18175235390663147,-0.16267645359039307,0.023396745324134827,38.02191162109375,1,0.014949123375117779,-0.3305676579475403,0.13403499126434326,0.02269100397825241,31.967220306396484,1,0.00480131758376956,-0.25883010029792786,-0.17130279541015625,0.02318602055311203,27.35822296142578,1,0.003515335964038968
748,14.96,stop,0.0,0.0,0.0,0.3204880952835083,-1.0976901054382324,-1.288977026939392,5.131498983246274e-05,0.00020200085418764502,-1.4956736505106287,-3.3793502840889946,4,0,0,-4.37803209933918e-05,2.676773328857962e-05,8.92379684955813e-05,5.072745989309624e-05,-0.00020200085418764502,0.0,0.0865233764052391,0.19306938350200653,0.13222533464431763,0.02346803992986679,41.23491668701172,1,0.021382223814725876,0.18175214529037476,-0.16267623007297516,0.0233968123793602,38.02166748046875,1,0.014946171082556248,-0.3305674195289612,0.1340349018573761,0.022691115736961365,31.96742820739746,1,0.004792887717485428,-0.25883036851882935,-0.1713026911020279,0.023186102509498596,27.35613250732422,1,0.0035164523869752884
749,14.98,stop,0.0,0.0,0.0,0.3204880356788635,-1.0976901054382324,-1.288977026939392,5.149024218553677e-05,0.00020298846357036382,-1.495676958883508,-3.379366719231685,4,0,0,-4.3843745515914634e-05,2.699946162465494e-05,8.946602611104026e-05,5.069033431936987e-05,-0.00020298846357036382,0.0,0.08652368932962418,0.1930692344903946,0.13222520053386688,0.023467935621738434,41.233856201171875,1,0.021391749382019043,0.18175217509269714,-0.16267667710781097,0.023396842181682587,38.0208625793457,1,0.014950279146432877,-0.33056795597076416,0.1340351104736328,0.022691093385219574,31.966623306274414,1,0.004808786325156689,-0.2588304281234741,-0.1713026463985443,0.023186147212982178,27.357145309448242,1,0.0035196945536881685
750,15.0,stop,0.0,0.0,0.0,0.32048797607421875,-1.097690224647522,-1.2889769077301025,5.173915269551799e-05,0.00020415060862433165,-1.4956736505106287,-3.379360315929338,4,0,0,-4.387074659462087e-05,2.7428042812971398e-05,8.97953868843615e-05,5.051353946328163e-05,-0.00020415060862433165,0.0,0.08652381598949432,0.19306950271129608,0.1322251856327057,0.023467883467674255,41.2349853515625,1,0.021385716274380684,0.18175189197063446,-0.1626763790845871,0.023396827280521393,38.020179748535156,1,0.014942043460905552,-0.330567866563797,0.13403496146202087,0.02269105613231659,31.967269897460938,1,0.004796776454895735,-0.2588306665420532,-0.1713026762008667,0.02318619191646576,27.357059478759766,1,0.0035132986959069967
751,15.02,stop,0.0,0.0,0.0,0.320487916469574,-1.097690224647522,-1.2889769077301025,5.140949724591337e-05,0.00020297561422921717,-1.4956505986221797,-3.379337477484301,4,0,0,-4.3187083065276965e-05,2.7889291231986135e-05,8.995668031275272e-05,4.970593363395892e-05,-0.00020297561422921717,0.0,0.08652357012033463,0.19306927919387817,0.13222508132457733,0.02346799522638321,41.23332977294922,1,0.02136443927884102,0.18175186216831207,-0.1626765877008438,0.023396700620651245,38.02223205566406,1,0.014958861283957958,-0.3305678963661194,0.13403525948524475,0.022691108286380768,31.967472076416016,1,0.004798448644578457,-0.2588304877281189,-0.17130248248577118,0.02318606525659561,27.35658836364746,1,0.0035049933940172195
752,15.040000000000001,stop,0.0,0.0,0.0,0.32048797607421875,-1.097690224647522,-1.2889769077301025,5.185064219404012e-05,0.00020342250354588032,-1.4956350172531356,-3.3793103701710323,4,0,0,-4.400368197821081e-05,2.7425629014032893e-05,8.985634485725313e-05,5.064135621068999e-05,-0.00020342250354588032,0.0,0.08652311563491821,0.1930697113275528,0.13222530484199524,0.023467905819416046,41.23427963256836,1,0.02138703502714634,0.18175213038921356,-0.16267630457878113,0.023396648466587067,38.02138137817383,1,0.014943563379347324,-0.3305678069591522,0.13403522968292236,0.022691160440444946,31.966650009155273,1,0.00479561323300004,-0.2588304579257965,-0.17130260169506073,0.023186095058918,27.35668182373047,1,0.003513303818181157
753,15.06,stop,0.0,0.0,0.0,0.32048800587654114,-1.097690224647522,-1.2889769077301025,5.1843217079294845e-05,0.0002033134369412437,-1.4956420608857173,-3.3793031130950393,4,0,0,-4.38856404798571e-05,2.7600175599218346e-05,9.000996215036139e-05,5.0481838115956634e-05,-0.0002033134369412437,0.0,0.0865231603384018,0.19306960701942444,0.13222527503967285,0.02346794307231903,41.23602294921875,1,0.021395346149802208,0.18175195157527924,-0.1626763492822647,0.023396722972393036,38.02125930786133,1,0.014952891506254673,-0.3305676579475403,0.1340351700782776,0.022691302001476288,31.966188430786133,1,0.004800989758223295,-0.25883033871650696,-0.17130246758460999,0.023186199367046356,27.357492446899414,1,0.003514295443892479
754,15.08,stop,0.0,0.0,0.0,0.32048800587654114,-1.0976903438568115,-1.2889769077301025,5.155204053153284e-05,0.00020360833150334656,-1.4956566817594095,-3.379296923236104,4,0,0,-4.367388828541152e-05,2.738986222539097e-05,8.976949902717024e-05,5.0385853683110327e-05,-0.00020360833150334656,0.0,0.08652326464653015,0.1930694580078125,0.13222497701644897,0.023468002676963806,41.235198974609375,1,0.0213836207985878,0.18175199627876282,-0.16267646849155426,0.023396946489810944,38.022239685058594,1,0.014961649663746357,-0.3305673599243164,0.13403522968292236,0.022691190242767334,31.965816497802734,1,0.004789588041603565,-0.2588306665420532,-0.17130260169506073,0.023186199367046356,27.355939865112305,1,0.0035200619604438543
755,15.1,stop,0.0,0.0,0.0,0.3204880356788635,-1.0976903438568115,-1.2889769077301025,5.1625473133753985e-05,0.00020681753812823445,-1.495660737184229,-3.379311650831502,4,0,0,-4.401323167257942e-05,2.698193748074118e-05,8.951428753789514e-05,5.08521989104338e-05,-0.00020681753812823445,0.0,0.08652324974536896,0.19306951761245728,0.13222497701644897,0.023467957973480225,41.23419189453125,1,0.021378153935074806,0.18175211548805237,-0.16267648339271545,0.023396752774715424,38.02198791503906,1,0.01494948472827673,-0.33056730031967163,0.1340351402759552,0.02269112318754196,31.96660804748535,1,0.004792568273842335,-0.25883030891418457,-0.17130258679389954,0.023186184465885162,27.35561752319336,1,0.003506068605929613
756,15.120000000000001,stop,0.0,0.0,0.0,0.3204880952835083,-1.0976903438568115,-1.2889769077301025,5.1540111599024385e-05,0.00020695030980277807,-1.4956604170191117,-3.3793282994176037,4,0,0,-4.3854677642229944e-05,2.70767486654222e-05,8.953840006142855e-05,5.066866651759483e-05,-0.00020695030980277807,0.0,0.08652351051568985,0.193069726228714,0.13222509622573853,0.02346799522638321,41.234371185302734,1,0.021378936246037483,0.1817520260810852,-0.1626766175031662,0.023396871984004974,38.02220916748047,1,0.014948501251637936,-0.33056774735450745,0.13403508067131042,0.022691302001476288,31.966266632080078,1,0.004801630973815918,-0.2588309049606323,-0.17130255699157715,0.023186184465885162,27.355457305908203,1,0.0035111361648887396
757,15.14,stop,0.0,0.0,0.0,0.3204881250858307,-1.0976903438568115,-1.2889769077301025,5.1468236051732674e-05,0.00020755814330186695,-1.4956643657222257,-3.3793440942300594,4,0,0,-4.388518937048502e-05,2.6889954824582674e-05,8.938105020206422e-05,5.077110108686611e-05,-0.00020755814330186695,0.0,0.08652324229478836,0.1930694729089737,0.13222487270832062,0.023468002676963806,41.234893798828125,1,0.021387489512562752,0.18175187706947327,-0.16267676651477814,0.02339702844619751,38.021514892578125,1,0.014937660656869411,-0.3305676281452179,0.1340351402759552,0.022691093385219574,31.966426849365234,1,0.004802651237696409,-0.25883084535598755,-0.17130239307880402,0.023186184465885162,27.3565616607666,1,0.0035095366183668375
758,15.16,stop,0.0,0.0,0.0,0.3204880952835083,-1.097690463066101,-1.2889769077301025,5.1464296120684594e-05,0.00020639656577259302,-1.4956673539299876,-3.3793391850315935,4,0,0,-4.3531996197998524e-05,2.7450665584183298e-05,8.97388526936993e-05,5.0217684474773705e-05,-0.00020639656577259302,0.0,0.08652368187904358,0.19306936860084534,0.13222460448741913,0.023467883467674255,41.23523712158203,1,0.021382305771112442,0.1817515343427658,-0.16267691552639008,0.02339661866426468,38.02128982543945,1,0.01496802642941475,-0.330567866563797,0.1340351700782776,0.022691242396831512,31.966405868530273,1,0.004807654302567244,-0.2588307857513428,-0.1713026762008667,0.02318638563156128,27.355831146240234,1,0.003509429981932044
759,15.18,stop,0.0,0.0,0.0,0.3204881250858307,-1.097690463066101,-1.2889769077301025,5.116971078678034e-05,0.00020638837304431945,-1.495651452395826,-3.37931271804856,4,0,0,-4.344727494753897e-05,2.703097379708197e-05,8.931552292779088e-05,5.030268948758021e-05,-0.00020638837304431945,0.0,0.08652321249246597,0.19306960701942444,0.13222479820251465,0.02346789836883545,41.234981536865234,1,0.021391399204730988,0.1817518174648285,-0.16267691552639008,0.023396790027618408,38.02183532714844,1,0.014937667176127434,-0.3305675983428955,0.1340353786945343,0.02269134670495987,31.966737747192383,1,0.004797383211553097,-0.25883084535598755,-0.17130234837532043,0.02318621426820755,27.356985092163086,1,0.003503544721752405
760,15.200000000000001,stop,0.0,0.0,0.0,0.3204881250858307,-1.097690463066101,-1.2889769077301025,5.1260598411317915e-05,0.00020591955399140716,-1.4956557212640573,-3.3793073819632706,4,0,0,-4.330521187512204e-05,2.7428224711911753e-05,8.964083826867864e-05,5.002311081625521e-05,-0.00020591955399140716,0.0,0.08652292191982269,0.19306980073451996,0.13222470879554749,0.023467935621738434,41.234989166259766,1,0.021387744694948196,0.18175193667411804,-0.16267703473567963,0.02339687943458557,38.02092742919922,1,0.014959455467760563,-0.33056753873825073,0.13403534889221191,0.022691115736961365,31.966320037841797,1,0.004804560914635658,-0.2588309645652771,-0.17130251228809357,0.023186080157756805,27.35590934753418,1,0.0035166393499821424
761,15.22,stop,0.0,0.0,0.0,0.3204881250858307,-1.097690463066101,-1.2889769077301025,5.112151484354399e-05,0.00020681603928096592,-1.49565337338653,-3.37932232300208,4,0,0,-4.3204647226957604e-05,2.732705070229713e-05,8.95218545338139e-05,4.997620635549538e-05,-0.00020681603928096592,0.0,0.08652313798666,0.1930696815252304,0.1322246640920639,0.02346787601709366,41.236778259277344,1,0.021396707743406296,0.18175199627876282,-0.1626768261194229,0.023396827280521393,38.021549224853516,1,0.014945940114557743,-0.33056768774986267,0.13403546810150146,0.02269105613231659,31.966999053955078,1,0.004802375566214323,-0.258830726146698,-0.1713024228811264,0.023186154663562775,27.35699462890625,1,0.003516831435263157
762,15.24,stop,0.0,0.0,0.0,0.3204880952835083,-1.097690463066101,-1.2889769077301025,5.059385148342699e-05,0.00020670997037086636,-1.4956574288113498,-3.3793381178145356,4,0,0,-4.267979966243729e-05,2.7169326131115668e-05,8.92677198862657e-05,4.959826765116304e-05,-0.00020670997037086636,0.0,0.0865231528878212,0.1930694431066513,0.1322246789932251,0.023467950522899628,41.23400115966797,1,0.02139236591756344,0.18175210058689117,-0.16267673671245575,0.023396797478199005,38.02253723144531,1,0.014944728463888168,-0.33056753873825073,0.1340356469154358,0.022691145539283752,31.966814041137695,1,0.0048058778047561646,-0.2588310241699219,-0.17130246758460999,0.023186273872852325,27.355491638183594,1,0.0035212887451052666
763,15.26,stop,0.0,0.0,0.0,0.3204881548881531,-1.097690463066101,-1.2889769077301025,5.079108814243227e-05,0.0002078344114124775,-1.4956551876555284,-3.3793342758331275,4,0,0,-4.2680945625761524e-05,2.7533096726983786e-05,8.954943768912926e-05,4.9432917876401916e-05,-0.0002078344114124775,0.0,0.08652307093143463,0.1930696666240692,0.13222450017929077,0.023467928171157837,41.234004974365234,1,0.0213784147053957,0.18175162374973297,-0.1626770794391632,0.02339676022529602,38.021636962890625,1,0.014955717138946056,-0.3305675685405731,0.1340356469154358,0.022691212594509125,31.966150283813477,1,0.004804737865924835,-0.2588309347629547,-0.1713024228811264,0.023186184465885162,27.356185913085938,1,0.003512630006298423
764,15.280000000000001,stop,0.0,0.0,0.0,0.32048818469047546,-1.097690463066101,-1.2889769077301025,5.104166120872833e-05,0.00020771990239154547,-1.495656361594292,-3.3793280859741923,4,0,0,-4.298341809771955e-05,2.752593718469143e-05,8.962152787717059e-05,4.969623842043802e-05,-0.00020771990239154547,0.0,0.08652309328317642,0.1930694878101349,0.13222455978393555,0.02346806973218918,41.233699798583984,1,0.021374773234128952,0.18175166845321655,-0.16267697513103485,0.023396939039230347,38.022239685058594,1,0.014956179074943066,-0.33056753873825073,0.1340356469154358,0.022691108286380768,31.96658706665039,1,0.004803753923624754,-0.2588310241699219,-0.17130236327648163,0.023186229169368744,27.3555965423584,1,0.003508312627673149
765,15.3,stop,0.0,0.0,0.0,0.32048818469047546,-1.097690463066101,-1.288977026939392,5.1435737987048924e-05,0.00020762048370670527,-1.495669488364103,-3.379343453899825,4,0,0,-4.34590874647256e-05,2.7512593078427017e-05,8.976047683972865e-05,5.012330802856013e-05,-0.00020762048370670527,0.0,0.08652324229478836,0.1930696964263916,0.13222448527812958,0.023468025028705597,41.23369216918945,1,0.021393129602074623,0.1817518025636673,-0.1626770794391632,0.023396730422973633,38.02117919921875,1,0.014944609254598618,-0.33056747913360596,0.13403534889221191,0.022691145539283752,31.966724395751953,1,0.0047971466556191444,-0.2588309049606323,-0.17130249738693237,0.023186102509498596,27.357309341430664,1,0.0035205399617552757
766,15.32,stop,0.0,0.0,0.0,0.32048821449279785,-1.097690463066101,-1.288977026939392,5.132845035404898e-05,0.00020935821521561593,-1.4956587094718192,-3.379339398475005,4,0,0,-4.3162777728866786e-05,2.7777407012763433e-05,8.983953739516437e-05,4.9725404096534476e-05,-0.00020935821521561593,0.0,0.08652308583259583,0.19306960701942444,0.13222458958625793,0.023467957973480225,41.234214782714844,1,0.021382495760917664,0.1817517876625061,-0.16267713904380798,0.02339678257703781,38.020938873291016,1,0.014945827424526215,-0.3305673897266388,0.13403549790382385,0.022691145539283752,31.965927124023438,1,0.004803176037967205,-0.2588309645652771,-0.17130234837532043,0.023186154663562775,27.355649948120117,1,0.003516947152093053
767,15.34,stop,0.0,0.0,0.0,0.32048818469047546,-1.0976903438568115,-1.288977026939392,5.141362635185942e-05,0.00020920488168485463,-1.4956635119485793,-3.379354979844049,4,0,0,-4.3243588152108714e-05,2.7809224775410257e-05,8.986445754999295e-05,4.9771264457376674e-05,-0.00020920488168485463,0.0,0.08652330189943314,0.19306951761245728,0.13222438097000122,0.02346792072057724,41.234153747558594,1,0.02137293666601181,0.18175172805786133,-0.16267696022987366,0.023396745324134827,38.021663665771484,1,0.014949247241020203,-0.3305676281452179,0.1340356469154358,0.022690966725349426,31.966262817382812,1,0.004809641744941473,-0.25883084535598755,-0.17130230367183685,0.02318606525659561,27.356184005737305,1,0.003508741268888116
768,15.36,stop,0.0,0.0,0.0,0.3204880952835083,-1.0976903438568115,-1.288977026939392,5.148694253875874e-05,0.0002089939807774499,-1.4956594565237598,-3.3793494303153486,4,0,0,-4.331800664658658e-05,2.7829044483951293e-05,8.99075748748146e-05,4.982997415936552e-05,-0.0002089939807774499,0.0,0.08652324974536896,0.19306990504264832,0.13222451508045197,0.02346792072057724,41.236148834228516,1,0.02138208970427513,0.18175166845321655,-0.16267697513103485,0.023396730422973633,38.02215576171875,1,0.014941702596843243,-0.330567330121994,0.13403573632240295,0.022691093385219574,31.966569900512695,1,0.004802504554390907,-0.25883084535598755,-0.17130230367183685,0.023186132311820984,27.356096267700195,1,0.0035162430722266436
769,15.38,stop,0.0,0.0,0.0,0.3204880952835083,-1.097690463066101,-1.288977026939392,5.116668762639165e-05,0.00020885559206362814,-1.495649104518299,-3.379301618991158,4,0,0,-4.2952953663188964e-05,2.7804200726677664e-05,8.985190652310848e-05,4.955301119480282e-05,-0.00020885559206362814,0.0,0.08652320504188538,0.19307005405426025,0.13222461938858032,0.023467838764190674,41.236045837402344,1,0.02140866406261921,0.18175168335437775,-0.16267716884613037,0.02339700609445572,38.02065658569336,1,0.014956685714423656,-0.33056753873825073,0.13403558731079102,0.022691234946250916,31.96634864807129,1,0.0048101055435836315,-0.25883084535598755,-0.1713021993637085,0.02318623661994934,27.354782104492188,1,0.003510031383484602
770,15.4,stop,0.0,0.0,0.0,0.3204880654811859,-1.0976903438568115,-1.288977026939392,5.058122769696638e-05,0.0002077692624880001,-1.4956484641880643,-3.3793182675772604,4,0,0,-4.211522173136473e-05,2.8013728297082707e-05,8.9746288722381e-05,4.871370401815511e-05,-0.0002077692624880001,0.0,0.08652321249246597,0.19306990504264832,0.13222476840019226,0.02346794307231903,41.234527587890625,1,0.021386269479990005,0.18175166845321655,-0.16267696022987366,0.023396886885166168,38.0206184387207,1,0.014949990436434746,-0.33056721091270447,0.13403555750846863,0.022691279649734497,31.967350006103516,1,0.004798691254109144,-0.2588309347629547,-0.1713021993637085,0.023186244070529938,27.356550216674805,1,0.0035128360614180565
771,15.42,stop,0.0,0.0,0.0,0.32048800587654114,-1.0976903438568115,-1.288977026939392,5.1156748668290675e-05,0.00020912374020554125,-1.495652946499707,-3.37933598338042,4,0,0,-4.2575793486321345e-05,2.836044404830318e-05,9.021746518556029e-05,4.898848055745475e-05,-0.00020912374020554125,0.0,0.08652328699827194,0.19306981563568115,0.13222461938858032,0.023467935621738434,41.23530197143555,1,0.021390719339251518,0.18175166845321655,-0.16267706453800201,0.02339673787355423,38.02172088623047,1,0.014952517114579678,-0.3305671513080597,0.1340356171131134,0.02269107848405838,31.965625762939453,1,0.00481131486594677,-0.2588307857513428,-0.17130215466022491,0.023186154663562775,27.356386184692383,1,0.0035194032825529575
772,15.44,stop,0.0,0.0,0.0,0.32048800587654114,-1.0976903438568115,-1.288977026939392,5.099862755741924e-05,0.00020987859170418233,-1.4956482507446527,-3.3793308607385426,4,0,0,-4.256129250279628e-05,2.8096195819671266e-05,9.001558646559715e-05,4.909957715426572e-05,-0.00020987859170418233,0.0,0.08652309328317642,0.19306978583335876,0.13222479820251465,0.02346794307231903,41.236366271972656,1,0.02138560637831688,0.18175189197063446,-0.1626768559217453,0.02339685708284378,38.021820068359375,1,0.014941473491489887,-0.33056730031967163,0.1340358853340149,0.022691145539283752,31.967082977294922,1,0.004794220440089703,-0.25883108377456665,-0.1713021695613861,0.023186057806015015,27.357234954833984,1,0.003513055620715022
773,15.46,stop,0.0,0.0,0.0,0.32048794627189636,-1.0976903438568115,-1.288977026939392,5.0816292059607804e-05,0.00020884088007733226,-1.4956493179617105,-3.3793468689944097,4,0,0,-4.2402618419146165e-05,2.800559923343826e-05,8.992016228148714e-05,4.901132342638448e-05,-0.00020884088007733226,0.0,0.08652333170175552,0.19306975603103638,0.1322246491909027,0.02346797287464142,41.23493194580078,1,0.021388046443462372,0.18175172805786133,-0.1626768559217453,0.023396886885166168,38.02143859863281,1,0.014948601834475994,-0.33056744933128357,0.13403603434562683,0.022691041231155396,31.96627426147461,1,0.004804764874279499,-0.2588309347629547,-0.17130205035209656,0.023186124861240387,27.356273651123047,1,0.003509514033794403
774,15.48,stop,0.0,0.0,0.0,0.320487916469574,-1.0976903438568115,-1.288977026939392,5.0867325626313686e-05,0.00020894364570267498,-1.4956536935516476,-3.3793630906936887,4,0,0,-4.2286872485419735e-05,2.8271986593608744e-05,9.010975190903991e-05,4.8795849579619244e-05,-0.00020894364570267498,0.0,0.08652371168136597,0.19306965172290802,0.13222472369670868,0.02346792072057724,41.23500442504883,1,0.021381588652729988,0.18175172805786133,-0.1626768261194229,0.023396991193294525,38.021568298339844,1,0.01494174636900425,-0.33056753873825073,0.1340358555316925,0.022691115736961365,31.967105865478516,1,0.004801345989108086,-0.2588309049606323,-0.17130215466022491,0.023186154663562775,27.356046676635742,1,0.0035205951426178217
775,15.5,stop,0.0,0.0,0.0,0.320487916469574,-1.0976903438568115,-1.288977026939392,5.1009305025218055e-05,0.0002104629238601774,-1.4956568952028209,-3.3793797392797904,4,0,0,-4.237726898281835e-05,2.8392187232384458e-05,9.028987551573664e-05,4.884679947281256e-05,-0.0002104629238601774,0.0,0.08652376383543015,0.1930694878101349,0.13222448527812958,0.023468054831027985,41.235198974609375,1,0.021390093490481377,0.18175162374973297,-0.1626768857240677,0.023396946489810944,38.021610260009766,1,0.014956911094486713,-0.3305673897266388,0.13403573632240295,0.022691145539283752,31.96808433532715,1,0.004788273945450783,-0.2588309645652771,-0.1713021844625473,0.023186102509498596,27.35614776611328,1,0.003519251011312008
776,15.52,stop,0.0,0.0,0.0,0.320487916469574,-1.0976903438568115,-1.288977026939392,5.101032365928404e-05,0.00021073242533020675,-1.4956478238578295,-3.3793528454099335,4,0,0,-4.239872578182258e-05,2.8361970180412754e-05,9.025850158650428e-05,4.887312388746068e-05,-0.00021073242533020675,0.0,0.08652348816394806,0.19306960701942444,0.13222481310367584,0.023467883467674255,41.23584747314453,1,0.021398011595010757,0.181751549243927,-0.16267699003219604,0.02339678257703781,38.02158737182617,1,0.014948651194572449,-0.330567330121994,0.13403570652008057,0.022691093385219574,31.968032836914062,1,0.004784633405506611,-0.2588309347629547,-0.17130209505558014,0.02318616211414337,27.356731414794922,1,0.003514431416988373
777,15.540000000000001,stop,0.0,0.0,0.0,0.3204878866672516,-1.0976903438568115,-1.288977026939392,5.065472942078486e-05,0.00020941732509527355,-1.495643128102775,-3.3793475093246443,4,0,0,-4.208182144793682e-05,2.8196134735480882e-05,8.999490819405764e-05,4.8652658733772114e-05,-0.00020941732509527355,0.0,0.0865233838558197,0.1930697113275528,0.13222476840019226,0.023467950522899628,41.23472213745117,1,0.021379642188549042,0.1817518025636673,-0.16267678141593933,0.0233968123793602,38.02141571044922,1,0.014935264363884926,-0.3305676579475403,0.13403573632240295,0.022691108286380768,31.96554183959961,1,0.004813076462596655,-0.2588309347629547,-0.17130212485790253,0.023186035454273224,27.356260299682617,1,0.003520634723827243
778,15.56,stop,0.0,0.0,0.0,0.3204878270626068,-1.0976903438568115,-1.288977026939392,5.108303957968019e-05,0.00021038927661720663,-1.4956462230322427,-3.3793419597959438,4,0,0,-4.246336902724579e-05,2.8396114430506714e-05,9.0323606855236e-05,4.892289871349931e-05,-0.00021038927661720663,0.0,0.08652370423078537,0.19306963682174683,0.13222482800483704,0.02346796542406082,41.23543930053711,1,0.021406404674053192,0.18175162374973297,-0.16267699003219604,0.023396670818328857,38.02204895019531,1,0.014945670031011105,-0.3305676579475403,0.1340356171131134,0.022691182792186737,31.965986251831055,1,0.004805484786629677,-0.25883084535598755,-0.17130203545093536,0.023186147212982178,27.35663604736328,1,0.003513362957164645
779,15.58,stop,0.0,0.0,0.0,0.3204878270626068,-1.0976903438568115,-1.288977026939392,5.0766153435688466e-05,0.000209635982173495,-1.4956367248004283,-3.3793157062563215,4,0,0,-4.210622500977479e-05,2.8359621865092777e-05,9.021846926771104e-05,4.8639147280482575e-05,-0.000209635982173495,0.0,0.08652327954769135,0.19306965172290802,0.13222479820251465,0.023467987775802612,41.235374450683594,1,0.02138965018093586,0.18175183236598969,-0.16267673671245575,0.02339671552181244,38.02140808105469,1,0.014953351579606533,-0.33056721091270447,0.13403600454330444,0.022691115736961365,31.96699333190918,1,0.004797056317329407,-0.25883060693740845,-0.17130203545093536,0.02318613976240158,27.35625457763672,1,0.003510237904265523
780,15.6,stop,0.0,0.0,0.0,0.3204878568649292,-1.0976903438568115,-1.288977026939392,5.10304125782568e-05,0.0002093172079185024,-1.4956424877725405,-3.379331501068777,4,0,0,-4.2374897020636126e-05,2.8433625629986636e-05,9.041687735589221e-05,4.8868158046389e-05,-0.0002093172079185024,0.0,0.0865233764052391,0.19306984543800354,0.1322246640920639,0.02346796542406082,41.23471450805664,1,0.02138930931687355,0.18175183236598969,-0.16267691552639008,0.02339683473110199,38.02172088623047,1,0.014956424944102764,-0.33056721091270447,0.13403606414794922,0.022691115736961365,31.96701431274414,1,0.004808260127902031,-0.25883084535598755,-0.17130202054977417,0.023186109960079193,27.356456756591797,1,0.003507215529680252
781,15.620000000000001,stop,0.0,0.0,0.0,0.3204878866672516,-1.0976903438568115,-1.288977026939392,5.104363663122058e-05,0.00020887985010631382,-1.495648997796593,-3.3793268053137226,4,0,0,-4.227501995046623e-05,2.860551467165351e-05,9.056474664248526e-05,4.872174758929759e-05,-0.00020887985010631382,0.0,0.08652366697788239,0.1930699348449707,0.1322246938943863,0.023467838764190674,41.23585891723633,1,0.021399052813649178,0.18175169825553894,-0.1626771241426468,0.023396797478199005,38.02164840698242,1,0.014955871738493443,-0.330567330121994,0.13403570652008057,0.022691361606121063,31.96728515625,1,0.0047984798438847065,-0.2588307857513428,-0.1713021844625473,0.023186303675174713,27.356555938720703,1,0.0035133566707372665
782,15.64,stop,0.0,0.0,0.0,0.32048794627189636,-1.0976903438568115,-1.288977026939392,5.082133429823443e-05,0.00020885351113975048,-1.4956476104144178,-3.3793426001261784,4,0,0,-4.2122668673982844e-05,2.8433942134142853e-05,9.035716357175261e-05,4.8653306293999776e-05,-0.00020885351113975048,0.0,0.0865233913064003,0.19306981563568115,0.13222470879554749,0.023467816412448883,41.23476028442383,1,0.021391786634922028,0.18175184726715088,-0.16267678141593933,0.02339685708284378,38.021541595458984,1,0.014942937530577183,-0.33056727051734924,0.13403579592704773,0.0226910337805748,31.965728759765625,1,0.004803081043064594,-0.2588306665420532,-0.17130215466022491,0.02318616956472397,27.355831146240234,1,0.003513507079333067
783,15.66,stop,0.0,0.0,0.0,0.32048794627189636,-1.0976903438568115,-1.288977026939392,5.107209653942846e-05,0.0002101109130308032,-1.4956574288113498,-3.3793586083820455,4,0,0,-4.235347296344116e-05,2.8540189305203967e-05,9.053284884430468e-05,4.881829954683781e-05,-0.0002101109130308032,0.0,0.0865233764052391,0.19306977093219757,0.13222452998161316,0.023467890918254852,41.23466491699219,1,0.021391628310084343,0.18175166845321655,-0.1626771241426468,0.023396730422973633,38.02191162109375,1,0.014956946484744549,-0.33056727051734924,0.13403606414794922,0.022691093385219574,31.966907501220703,1,0.0048057870008051395,-0.2588310241699219,-0.17130210995674133,0.023186057806015015,27.357009887695312,1,0.0035116455983370543
784,15.68,stop,0.0,0.0,0.0,0.32048800587654114,-1.0976903438568115,-1.288977026939392,5.100945054437034e-05,0.00021110288798809052,-1.4956596699671711,-3.3793752569681477,4,0,0,-4.242701834300533e-05,2.831805613823235e-05,9.034893446369097e-05,4.896932659903541e-05,-0.00021110288798809052,0.0,0.08652355521917343,0.19306984543800354,0.13222455978393555,0.023468010127544403,41.234596252441406,1,0.021397948265075684,0.1817517876625061,-0.16267699003219604,0.023396827280521393,38.0216178894043,1,0.014949568547308445,-0.330567330121994,0.13403576612472534,0.022691145539283752,31.9672908782959,1,0.004803422838449478,-0.25883108377456665,-0.17130212485790253,0.023186154663562775,27.356412887573242,1,0.0035147962626069784
785,15.700000000000001,stop,0.0,0.0,0.0,0.32048797607421875,-1.0976903438568115,-1.288977026939392,5.0863425713032484e-05,0.00021023862063884735,-1.49566223128811,-3.3793919055542494,4,0,0,-4.2076484533026814e-05,2.8577220291481353e-05,9.042095916811377e-05,4.853243081015535e-05,-0.00021023862063884735,0.0,0.08652396500110626,0.1930696964263916,0.1322244554758072,0.023468010127544403,41.23573684692383,1,0.021390212699770927,0.18175151944160461,-0.16267718374729156,0.023397058248519897,38.02111053466797,1,0.014952359721064568,-0.33056768774986267,0.13403597474098206,0.022691182792186737,31.966156005859375,1,0.0048066359013319016,-0.25883129239082336,-0.17130215466022491,0.023186318576335907,27.35649871826172,1,0.0035160714760422707
786,15.72,stop,0.0,0.0,0.0,0.320487916469574,-1.0976903438568115,-1.288977026939392,5.083801079308614e-05,0.00020913030311930925,-1.4956555078206457,-3.3793650116843925,4,0,0,-4.182457269052975e-05,2.8899974495288916e-05,9.05642518773675e-05,4.8149933718377724e-05,-0.00020913030311930925,0.0,0.08652371913194656,0.19306984543800354,0.13222447037696838,0.023467838764190674,41.23605728149414,1,0.02138497866690159,0.1817515790462494,-0.16267697513103485,0.023396901786327362,38.020877838134766,1,0.014945604838430882,-0.3305676281452179,0.13403594493865967,0.022691205143928528,31.966644287109375,1,0.0047988975420594215,-0.2588311433792114,-0.17130206525325775,0.023186147212982178,27.35694122314453,1,0.0035201702266931534
787,15.74,stop,0.0,0.0,0.0,0.3204878568649292,-1.0976903438568115,-1.288977026939392,5.0678965635597706e-05,0.00020890164887532592,-1.4956551876555284,-3.3793590352688687,4,0,0,-4.165098653174937e-05,2.887131631723605e-05,9.046828199643642e-05,4.800093302037567e-05,-0.00020890164887532592,0.0,0.08652359247207642,0.193069726228714,0.13222452998161316,0.023467980325222015,41.23492431640625,1,0.021381720900535583,0.18175169825553894,-0.16267694532871246,0.023396708071231842,38.02190399169922,1,0.014949880540370941,-0.3305673897266388,0.13403576612472534,0.022691041231155396,31.966176986694336,1,0.004804206546396017,-0.2588309049606323,-0.17130209505558014,0.023186132311820984,27.356687545776367,1,0.0035125461872667074
788,15.76,stop,0.0,0.0,0.0,0.3204878866672516,-1.0976903438568115,-1.288977026939392,5.086269447929226e-05,0.00020975460938643664,-1.4956567884811152,-3.3793536991835795,4,0,0,-4.199025715934113e-05,2.8702474082820117e-05,9.0459652710706e-05,4.8385252739535645e-05,-0.00020975460938643664,0.0,0.08652348816394806,0.19306962192058563,0.13222455978393555,0.023467935621738434,41.23529052734375,1,0.021389642730355263,0.18175151944160461,-0.1626768708229065,0.023396871984004974,38.021854400634766,1,0.014952386729419231,-0.3305673599243164,0.13403579592704773,0.02269115298986435,31.966182708740234,1,0.004803717136383057,-0.2588309049606323,-0.17130212485790253,0.023186154663562775,27.3564453125,1,0.003523040097206831
789,15.780000000000001,stop,0.0,0.0,0.0,0.320487916469574,-1.097690463066101,-1.288977026939392,5.085697921458632e-05,0.0002102485450450331,-1.4956647926090487,-3.3793699208828585,4,0,0,-4.198079841444269e-05,2.870618482120335e-05,9.045920887729153e-05,4.8375044571002945e-05,-0.0002102485450450331,0.0,0.08652371168136597,0.19306981563568115,0.1322244256734848,0.023467950522899628,41.236106872558594,1,0.021380223333835602,0.1817515343427658,-0.16267727315425873,0.02339671552181244,38.0223503112793,1,0.014962360262870789,-0.33056747913360596,0.13403582572937012,0.022691085934638977,31.9668025970459,1,0.004803029354661703,-0.25883132219314575,-0.17130213975906372,0.023186184465885162,27.356815338134766,1,0.0035162942949682474
790,15.8,stop,0.0,0.0,0.0,0.3204878866672516,-1.097690463066101,-1.288977026939392,5.052958658779971e-05,0.00021089425717946142,-1.4956635119485793,-3.3793426001261784,4,0,0,-4.200498005957343e-05,2.8085949452361092e-05,8.995530515676364e-05,4.866617382504046e-05,-0.00021089425717946142,0.0,0.08652371168136597,0.19306983053684235,0.13222447037696838,0.023467794060707092,41.236236572265625,1,0.02140735276043415,0.18175160884857178,-0.1626771241426468,0.023396551609039307,38.023136138916016,1,0.014944804832339287,-0.3305675685405731,0.13403552770614624,0.022691093385219574,31.96578025817871,1,0.00480251107364893,-0.2588312029838562,-0.17130222916603088,0.023186184465885162,27.355749130249023,1,0.0035178139805793762
791,15.82,stop,0.0,0.0,0.0,0.32048797607421875,-1.097690463066101,-1.288977026939392,4.992260437575169e-05,0.0002099990233546123,-1.4956632985051679,-3.379359462155692,4,0,0,-4.1431168938288465e-05,2.7851832783198915e-05,8.953769429353997e-05,4.8240435717161745e-05,-0.0002099990233546123,0.0,0.08652368187904358,0.1930694580078125,0.13222427666187286,0.023467838764190674,41.235687255859375,1,0.021373050287365913,0.181751549243927,-0.16267719864845276,0.023396730422973633,38.02248001098633,1,0.014955633319914341,-0.33056747913360596,0.13403552770614624,0.022691160440444946,31.966903686523438,1,0.00479572918266058,-0.25883105397224426,-0.17130212485790253,0.02318604290485382,27.356239318847656,1,0.0035102502442896366
792,15.84,stop,0.0,0.0,0.0,0.32048797607421875,-1.097690463066101,-1.288977026939392,5.005569983040914e-05,0.00021146739891264588,-1.4956678875385163,-3.3793752569681477,4,0,0,-4.187594458926469e-05,2.742222204688005e-05,8.929847535910085e-05,4.880984124611132e-05,-0.00021146739891264588,0.0,0.08652363717556,0.19306977093219757,0.13222439587116241,0.023467883467674255,41.23516845703125,1,0.02138577587902546,0.18175147473812103,-0.16267727315425873,0.023396775126457214,38.02239227294922,1,0.014948745258152485,-0.3305675685405731,0.13403558731079102,0.022691115736961365,31.9661922454834,1,0.004811436869204044,-0.2588312327861786,-0.1713021993637085,0.023186087608337402,27.35598373413086,1,0.003504676278680563
793,15.860000000000001,stop,0.0,0.0,0.0,0.32048797607421875,-1.097690463066101,-1.288977026939392,4.986008570995182e-05,0.0002103720180457458,-1.495658282584996,-3.3793712015433277,4,0,0,-4.156059003435075e-05,2.7545336706680246e-05,8.927383169066161e-05,4.846515003009699e-05,-0.0002103720180457458,0.0,0.08652342110872269,0.1930696666240692,0.13222447037696838,0.023467816412448883,41.236167907714844,1,0.0213939156383276,0.18175145983695984,-0.1626770794391632,0.02339676022529602,38.020904541015625,1,0.01494557037949562,-0.3305673897266388,0.1340358555316925,0.02269110083580017,31.966995239257812,1,0.0047968593426048756,-0.25883108377456665,-0.17130212485790253,0.023186080157756805,27.357784271240234,1,0.0035206791944801807
794,15.88,stop,0.0,0.0,0.0,0.32048794627189636,-1.097690463066101,-1.288977026939392,4.98234985570889e-05,0.0002098047552863136,-1.4956579624198787,-3.3793660789014504,4,0,0,-4.1435083403484896e-05,2.7667940230458044e-05,8.92899333848618e-05,4.8280664486810565e-05,-0.0002098047552863136,0.0,0.0865236446261406,0.19306963682174683,0.13222436606884003,0.023467905819416046,41.23508834838867,1,0.021377146244049072,0.18175151944160461,-0.16267721354961395,0.023396790027618408,38.02152633666992,1,0.014952476136386395,-0.33056747913360596,0.13403573632240295,0.02269112318754196,31.966659545898438,1,0.004799806512892246,-0.25883111357688904,-0.17130205035209656,0.023186087608337402,27.35658836364746,1,0.0035057321656495333
795,15.9,stop,0.0,0.0,0.0,0.32048794627189636,-1.097690463066101,-1.288977026939392,5.0189351895824075e-05,0.00021049754286650568,-1.4956566817594095,-3.379360742816161,4,0,0,-4.186205114820041e-05,2.7686453904607333e-05,8.946946036303416e-05,4.866382005275227e-05,-0.00021049754286650568,0.0,0.08652363717556,0.19306957721710205,0.1322244256734848,0.023467667400836945,41.23529052734375,1,0.021402962505817413,0.181751549243927,-0.16267722845077515,0.023396790027618408,38.0224494934082,1,0.014955366030335426,-0.33056768774986267,0.1340358853340149,0.022691264748573303,31.966463088989258,1,0.004803569056093693,-0.2588312029838562,-0.17130228877067566,0.023186221718788147,27.35702896118164,1,0.00351670291274786
796,15.92,stop,0.0,0.0,0.0,0.3204878568649292,-1.097690463066101,-1.288977026939392,4.9876674893312156e-05,0.00021128097432665527,-1.4956521994477665,-3.379355833617695,4,0,0,-4.1561161197023466e-05,2.7574489649850875e-05,8.926443115342408e-05,4.8438127123517916e-05,-0.00021128097432665527,0.0,0.08652365207672119,0.19306978583335876,0.13222426176071167,0.023467808961868286,41.235740661621094,1,0.02138921245932579,0.18175169825553894,-0.16267725825309753,0.02339693158864975,38.02116012573242,1,0.014952550642192364,-0.330567330121994,0.13403573632240295,0.02269105613231659,31.967147827148438,1,0.004797544330358505,-0.2588311731815338,-0.17130228877067566,0.02318628877401352,27.35595703125,1,0.003516331547871232
797,15.94,stop,0.0,0.0,0.0,0.3204878866672516,-1.097690463066101,-1.288977026939392,5.009023880120367e-05,0.0002094021183438599,-1.4956516658392376,-3.3793504975324065,4,0,0,-4.16064249293413e-05,2.7891532226931304e-05,8.957288810051978e-05,4.835489744436927e-05,-0.0002094021183438599,0.0,0.08652350306510925,0.19306989014148712,0.1322244554758072,0.0234677717089653,41.236572265625,1,0.02139025554060936,0.18175151944160461,-0.16267715394496918,0.02339690923690796,38.02054977416992,1,0.014949229545891285,-0.3305673897266388,0.13403576612472534,0.02269105613231659,31.966331481933594,1,0.004808168392628431,-0.2588309049606323,-0.1713021993637085,0.02318611741065979,27.35724449157715,1,0.003520185360684991
798,15.96,stop,0.0,0.0,0.0,0.320487916469574,-1.097690463066101,-1.288977026939392,4.996253483113833e-05,0.00020948098972439766,-1.4956483574663584,-3.3793455883339405,4,0,0,-4.1389688703930005e-05,2.7984793632640503e-05,8.961145067587495e-05,4.813569466932677e-05,-0.00020948098972439766,0.0,0.08652312308549881,0.19306980073451996,0.13222454488277435,0.02346789836883545,41.234947204589844,1,0.021397646516561508,0.18175163865089417,-0.16267716884613037,0.023396968841552734,38.021121978759766,1,0.014956222847104073,-0.33056724071502686,0.1340358853340149,0.022691085934638977,31.966548919677734,1,0.004804006777703762,-0.25883108377456665,-0.17130213975906372,0.02318616956472397,27.356460571289062,1,0.0035190198104828596
799,15.98,stop,0.0,0.0,0.0,0.3204878568649292,-1.097690463066101,-1.288977026939392,5.0071754230884835e-05,0.00021035943063907325,-1.4956545473252938,-3.3793626638068655,4,0,0,-4.150850872974843e-05,2.8004002160741948e-05,8.961667481344193e-05,4.82112736790441e-05,-0.00021035943063907325,0.0,0.08652360737323761,0.1930696666240692,0.13222439587116241,0.02346797287464142,41.234561920166016,1,0.02137923799455166,0.18175159394741058,-0.1626770943403244,0.02339666336774826,38.02151107788086,1,0.014944649301469326,-0.33056744933128357,0.13403573632240295,0.022691093385219574,31.966838836669922,1,0.0048033688217401505,-0.2588311731815338,-0.1713021844625473,0.023186080157756805,27.356191635131836,1,0.003512273309752345
800,16.0,stop,0.0,0.0,0.0,0.3204878866672516,-1.097690463066101,-1.288977026939392,5.0482412916608155e-05,0.00021170324180275202,-1.4956532666648243,-3.379357968051811,4,0,0,-4.179657844360918e-05,2.8311133064562455e-05,8.998843259178102e-05,4.834510764339939e-05,-0.00021170324180275202,0.0,0.0865236148238182,0.19306981563568115,0.13222435116767883,0.02346787601709366,41.23600769042969,1,0.021393734961748123,0.18175148963928223,-0.16267718374729156,0.02339690923690796,38.020851135253906,1,0.014941300265491009,-0.3305674195289612,0.13403576612472534,0.022691108286380768,31.965681076049805,1,0.004810719285160303,-0.2588311433792114,-0.17130213975906372,0.02318613976240158,27.356491088867188,1,0.0035132935736328363
801,16.02,stop,0.0,0.0,0.0,0.32048794627189636,-1.097690463066101,-1.288977026939392,5.0124755944125354e-05,0.0002102613652823493,-1.4956500650136508,-3.379375470411559,4,0,0,-4.12342487834394e-05,2.8499611289589666e-05,8.997083205031231e-05,4.7766970965312794e-05,-0.0002102613652823493,0.0,0.08652363717556,0.1930694580078125,0.13222433626651764,0.02346784621477127,41.235164642333984,1,0.021381789818406105,0.18175151944160461,-0.1626770794391632,0.023396752774715424,38.021217346191406,1,0.014949468895792961,-0.33056750893592834,0.13403579592704773,0.02269113063812256,31.966867446899414,1,0.004803878720849752,-0.25883135199546814,-0.17130209505558014,0.023186199367046356,27.35552215576172,1,0.003505588974803686
802,16.04,stop,0.0,0.0,0.0,0.32048797607421875,-1.097690463066101,-1.288977026939392,5.025489008403383e-05,0.00021091349481139332,-1.4956571086462325,-3.379391265224015,4,0,0,-4.14483729400672e-05,2.84180641756393e-05,8.998186967801303e-05,4.799678936251439e-05,-0.00021091349481139332,0.0,0.08652381598949432,0.19306957721710205,0.13222457468509674,0.023467667400836945,41.236392974853516,1,0.021397512406110764,0.18175145983695984,-0.16267713904380798,0.023396790027618408,38.021854400634766,1,0.014944885857403278,-0.3305675685405731,0.1340358853340149,0.0226910263299942,31.966209411621094,1,0.004806936252862215,-0.2588312029838562,-0.1713022142648697,0.023186184465885162,27.356170654296875,1,0.0035154451616108418
803,16.06,stop,0.0,0.0,0.0,0.32048797607421875,-1.097690463066101,-1.288977026939392,4.9577061872696504e-05,0.00021039519924670458,-1.4956541204384706,-3.37938656946896,4,0,0,-4.069977512699552e-05,2.8309246772550978e-05,8.96105557330884e-05,4.7361052565975115e-05,-0.00021039519924670458,0.0,0.08652391284704208,0.19306935369968414,0.13222458958625793,0.023467913269996643,41.2353515625,1,0.021394917741417885,0.1817513108253479,-0.16267719864845276,0.023396752774715424,38.02096939086914,1,0.014941836707293987,-0.33056768774986267,0.13403555750846863,0.02269113063812256,31.967205047607422,1,0.004790665116161108,-0.2588313817977905,-0.17130208015441895,0.023186124861240387,27.35687828063965,1,0.0035144451539963484
804,16.080000000000002,stop,0.0,0.0,0.0,0.32048794627189636,-1.097690463066101,-1.288977026939392,4.9970971303991973e-05,0.0002113828668370843,-1.4956496381268278,-3.3793596755991033,4,0,0,-4.0859460568754e-05,2.876808139262721e-05,9.001327998703346e-05,4.7291625378420576e-05,-0.0002113828668370843,0.0,0.08652352541685104,0.19306959211826324,0.1322244554758072,0.023467808961868286,41.23593521118164,1,0.02138969488441944,0.18175144493579865,-0.16267725825309753,0.023396842181682587,38.02097702026367,1,0.014952479861676693,-0.33056753873825073,0.1340358555316925,0.022691234946250916,31.965553283691406,1,0.004801642149686813,-0.258831262588501,-0.17130209505558014,0.023186154663562775,27.355693817138672,1,0.0035140695981681347
805,16.1,stop,0.0,0.0,0.0,0.32048800587654114,-1.097690463066101,-1.288977026939392,4.9688915169099346e-05,0.00021067146735731512,-1.4956541204384706,-3.379375470411559,4,0,0,-4.066424662596546e-05,2.8555336029967293e-05,8.975339733297005e-05,4.7201076085912064e-05,-0.00021067146735731512,0.0,0.08652345091104507,0.1930697113275528,0.13222432136535645,0.02346789836883545,41.23557662963867,1,0.02138996310532093,0.18175151944160461,-0.1626771092414856,0.0233968123793602,38.022361755371094,1,0.014948719181120396,-0.3305673897266388,0.1340358555316925,0.022691011428833008,31.966617584228516,1,0.004796974826604128,-0.25883108377456665,-0.17130209505558014,0.02318616211414337,27.35704803466797,1,0.0035168637987226248
806,16.12,stop,0.0,0.0,0.0,0.32048797607421875,-1.097690463066101,-1.288977026939392,4.9557660531718284e-05,0.0002109855122398585,-1.4956589229152308,-3.3793919055542494,4,0,0,-4.085873661097139e-05,2.8045062208548188e-05,8.938010432757437e-05,4.758894647238776e-05,-0.0002109855122398585,0.0,0.08652371913194656,0.1930694580078125,0.13222451508045197,0.023467838764190674,41.23429489135742,1,0.021382683888077736,0.18175145983695984,-0.16267713904380798,0.02339678257703781,38.021270751953125,1,0.01494597364217043,-0.3305676281452179,0.13403579592704773,0.022691063582897186,31.966968536376953,1,0.004799795337021351,-0.25883111357688904,-0.17130230367183685,0.02318613976240158,27.356016159057617,1,0.0035166756715625525
807,16.14,stop,0.0,0.0,0.0,0.32048797607421875,-1.097690463066101,-1.288977026939392,4.9999915063381195e-05,0.0002120413410011679,-1.4956598834105828,-3.379407273479882,4,0,0,-4.119455479667522e-05,2.833725739037618e-05,8.975563105195761e-05,4.7771911340532824e-05,-0.0002120413410011679,0.0,0.08652380853891373,0.19306933879852295,0.1322244107723236,0.023467980325222015,41.235347747802734,1,0.021401049569249153,0.18175135552883148,-0.16267713904380798,0.023396804928779602,38.02162551879883,1,0.014945616945624352,-0.33056768774986267,0.13403573632240295,0.0226910337805748,31.96696662902832,1,0.004804094787687063,-0.25883129239082336,-0.1713021844625473,0.02318613976240158,27.35622215270996,1,0.0035221101716160774
808,16.16,stop,0.0,0.0,0.0,0.32048797607421875,-1.097690463066101,-1.288977026939392,4.975773117621429e-05,0.0002114064700435847,-1.4956528397780013,-3.379402791168239,4,0,0,-4.0785704186419025e-05,2.8501899578259327e-05,8.97504432941787e-05,4.733291279990226e-05,-0.0002114064700435847,0.0,0.08652368187904358,0.1930694431066513,0.1322246640920639,0.02346794307231903,41.235145568847656,1,0.021387793123722076,0.18175140023231506,-0.1626770943403244,0.023396775126457214,38.02178955078125,1,0.014948633499443531,-0.3305676281452179,0.13403591513633728,0.022691108286380768,31.967485427856445,1,0.004795130807906389,-0.2588311731815338,-0.17130225896835327,0.023186087608337402,27.3565616607666,1,0.0035197706893086433
809,16.18,stop,0.0,0.0,0.0,0.32048797607421875,-1.097690463066101,-1.288977026939392,4.99148118251469e-05,0.0002122624428011477,-1.4956543338818822,-3.3793761107417937,4,0,0,-4.106501000933349e-05,2.8375221518217586e-05,8.972409705165774e-05,4.763109245686792e-05,-0.0002122624428011477,0.0,0.08652389794588089,0.1930696666240692,0.13222452998161316,0.023467913269996643,41.23591995239258,1,0.021396873518824577,0.18175150454044342,-0.16267724335193634,0.023396864533424377,38.02147674560547,1,0.014955167658627033,-0.3305675983428955,0.13403567671775818,0.022691205143928528,31.96672248840332,1,0.004791103769093752,-0.258831262588501,-0.1713022142648697,0.0231863334774971,27.354991912841797,1,0.0035110043827444315
810,16.2,stop,0.0,0.0,0.0,0.32048797607421875,-1.097690463066101,-1.288977026939392,4.9323527491651475e-05,0.00021126038336660713,-1.4956594565237598,-3.379391692110838,4,0,0,-4.045862442580983e-05,2.821187808876857e-05,8.935418009059504e-05,4.714564420282841e-05,-0.00021126038336660713,0.0,0.08652404695749283,0.19306962192058563,0.1322242170572281,0.023468025028705597,41.23464584350586,1,0.021374182775616646,0.18175143003463745,-0.16267724335193634,0.02339683473110199,38.02177429199219,1,0.014955967664718628,-0.330567866563797,0.1340358555316925,0.02269113063812256,31.965667724609375,1,0.004809208679944277,-0.2588314414024353,-0.17130209505558014,0.023186206817626953,27.355709075927734,1,0.0035093475598841906
811,16.22,stop,0.0,0.0,0.0,0.32048797607421875,-1.097690463066101,-1.288977026939392,4.969658039044589e-05,0.00021147004736121744,-1.495657748976467,-3.37938656946896,4,0,0,-4.090163565706462e-05,2.8227761504240334e-05,8.949119364842772e-05,4.752406675834209e-05,-0.00021147004736121744,0.0,0.0865236446261406,0.19306951761245728,0.13222426176071167,0.023467831313610077,41.23451232910156,1,0.02137930318713188,0.18175145983695984,-0.16267725825309753,0.023396886885166168,38.02161407470703,1,0.014948232099413872,-0.3305676579475403,0.1340358853340149,0.022691093385219574,31.966489791870117,1,0.004805213306099176,-0.2588310241699219,-0.1713022142648697,0.02318604290485382,27.357154846191406,1,0.003512001596391201
812,16.240000000000002,stop,0.0,0.0,0.0,0.32048794627189636,-1.097690463066101,-1.288977026939392,4.976692798663862e-05,0.0002103798178723082,-1.4956530532214127,-3.3793592487122806,4,0,0,-4.093729876331054e-05,2.8299908080953173e-05,8.953803626354784e-05,4.751382221002132e-05,-0.0002103798178723082,0.0,0.0865236297249794,0.19306984543800354,0.13222438097000122,0.02346789836883545,41.23497772216797,1,0.021374240517616272,0.18175147473812103,-0.16267716884613037,0.023396730422973633,38.02106475830078,1,0.01494587305933237,-0.3305674195289612,0.1340358555316925,0.02269113063812256,31.966812133789062,1,0.004804919473826885,-0.2588311731815338,-0.17130212485790253,0.023186124861240387,27.355634689331055,1,0.003514606971293688
813,16.26,stop,0.0,0.0,0.0,0.320487916469574,-1.097690463066101,-1.288977026939392,4.9921334721148014e-05,0.00020878578652627766,-1.4956484641880643,-3.379353485740168,4,0,0,-4.0935010474640876e-05,2.8573846066137776e-05,8.980019629234448e-05,4.740905569633469e-05,-0.00020878578652627766,0.0,0.0865236148238182,0.19306960701942444,0.13222430646419525,0.023467853665351868,41.2354736328125,1,0.02138129621744156,0.181751549243927,-0.16267699003219604,0.023396916687488556,38.02206802368164,1,0.014956210739910603,-0.330567330121994,0.13403579592704773,0.02269115298986435,31.966981887817383,1,0.004801287315785885,-0.2588309943675995,-0.17130199074745178,0.023186057806015015,27.3555850982666,1,0.0035082839895039797
814,16.28,stop,0.0,0.0,0.0,0.3204878866672516,-1.097690463066101,-1.288977026939392,4.974494731868617e-05,0.00020916384528391063,-1.4956531599431186,-3.3793709880999163,4,0,0,-4.086921035195701e-05,2.8359609132166952e-05,8.961167623056099e-05,4.74477928946726e-05,-0.00020916384528391063,0.0,0.08652378618717194,0.1930696964263916,0.1322242170572281,0.023467928171157837,41.23625946044922,1,0.021377284079790115,0.181751549243927,-0.1626770794391632,0.02339666336774826,38.02193832397461,1,0.0149488914757967,-0.33056750893592834,0.13403579592704773,0.02269110083580017,31.9661922454834,1,0.004802838899195194,-0.25883135199546814,-0.17130209505558014,0.023186177015304565,27.355974197387695,1,0.0035170759074389935
815,16.3,stop,0.0,0.0,0.0,0.3204878866672516,-1.097690463066101,-1.288977026939392,4.950206493958831e-05,0.00020980225235689431,-1.4956606304625233,-3.3793861425821374,4,0,0,-4.085904220119119e-05,2.794625106616877e-05,8.93300020834431e-05,4.76460627396591e-05,-0.00020980225235689431,0.0,0.08652381598949432,0.19306953251361847,0.13222435116767883,0.023467928171157837,41.23575210571289,1,0.02137862518429756,0.18175145983695984,-0.16267715394496918,0.023396730422973633,38.021324157714844,1,0.014945728704333305,-0.3305675685405731,0.13403573632240295,0.02269113063812256,31.96718406677246,1,0.0048020449467003345,-0.25883129239082336,-0.1713022142648697,0.023186124861240387,27.356327056884766,1,0.0035164279397577047
816,16.32,stop,0.0,0.0,0.0,0.32048797607421875,-1.097690463066101,-1.288977026939392,4.9623467930359766e-05,0.00021072251547593623,-1.495662764896639,-3.3793810199402596,4,0,0,-4.0936251025414094e-05,2.8048385502188466e-05,8.941744454205036e-05,4.7660756536060944e-05,-0.00021072251547593623,0.0,0.08652377128601074,0.19306963682174683,0.1322241723537445,0.02346792072057724,41.23554992675781,1,0.021375605836510658,0.18175141513347626,-0.1626771241426468,0.02339685708284378,38.02124786376953,1,0.014941498637199402,-0.3305676579475403,0.13403579592704773,0.02269119769334793,31.96643829345703,1,0.004802681040018797,-0.2588312327861786,-0.1713021993637085,0.023186244070529938,27.356645584106445,1,0.0035093151964247227
817,16.34,stop,0.0,0.0,0.0,0.3204878866672516,-1.097690463066101,-1.288977026939392,4.973716931999661e-05,0.00021010730415582657,-1.495657748976467,-3.37937696451544,4,0,0,-4.092273593414575e-05,2.8268636015127413e-05,8.961075218394399e-05,4.756005364470184e-05,-0.00021010730415582657,0.0,0.08652351796627045,0.19306978583335876,0.13222430646419525,0.023467980325222015,41.235782623291016,1,0.02139023132622242,0.18175160884857178,-0.1626773327589035,0.023396864533424377,38.02181625366211,1,0.014956053346395493,-0.3305673599243164,0.13403597474098206,0.022690914571285248,31.96660614013672,1,0.0048055159859359264,-0.25883129239082336,-0.1713021695613861,0.02318613976240158,27.355436325073242,1,0.003508184105157852
818,16.36,stop,0.0,0.0,0.0,0.320487916469574,-1.097690463066101,-1.288977026939392,4.950003858539276e-05,0.00020949354802723974,-1.49565540109894,-3.379371628430151,4,0,0,-4.0758397517492995e-05,2.8089270927011967e-05,8.943154534790665e-05,4.750156949739903e-05,-0.00020949354802723974,0.0,0.0865236446261406,0.1930696964263916,0.13222447037696838,0.02346797287464142,41.23567581176758,1,0.02139664627611637,0.18175150454044342,-0.16267728805541992,0.023396819829940796,38.02225112915039,1,0.014948242343962193,-0.3305674195289612,0.13403579592704773,0.022691093385219574,31.96643829345703,1,0.004799006041139364,-0.258831262588501,-0.1713021695613861,0.023186147212982178,27.35662078857422,1,0.003519816556945443
819,16.38,stop,0.0,0.0,0.0,0.3204878866672516,-1.097690463066101,-1.288977026939392,4.958193676429801e-05,0.00021052092779427767,-1.4956492112400046,-3.3793445211168827,4,0,0,-4.0850634832168e-05,2.8099721021135338e-05,8.950162009568885e-05,4.759310104418546e-05,-0.00021052092779427767,0.0,0.08652351051568985,0.19306987524032593,0.13222452998161316,0.023467928171157837,41.2355842590332,1,0.021406127139925957,0.181751549243927,-0.16267721354961395,0.023396871984004974,38.021728515625,1,0.01494921837002039,-0.3305675983428955,0.13403594493865967,0.022691257297992706,31.966304779052734,1,0.00480392761528492,-0.2588311433792114,-0.17130208015441895,0.023186095058918,27.357398986816406,1,0.003517147386446595
820,16.4,stop,0.0,0.0,0.0,0.32048794627189636,-1.097690463066101,-1.288977026939392,4.954575342708267e-05,0.00021054282842669636,-1.4956550809338227,-3.3793615965898076,4,0,0,-4.085151158506051e-05,2.803454663080629e-05,8.942613931139931e-05,4.7612444177502766e-05,-0.00021054282842669636,0.0,0.08652365207672119,0.1930697113275528,0.13222436606884003,0.023467957973480225,41.23497772216797,1,0.021374065428972244,0.18175148963928223,-0.16267724335193634,0.023397013545036316,38.02074432373047,1,0.014952686615288258,-0.3305675685405731,0.1340358853340149,0.022691205143928528,31.96669578552246,1,0.004803377669304609,-0.2588310241699219,-0.17130230367183685,0.02318631112575531,27.356407165527344,1,0.003515855874866247
821,16.42,stop,0.0,0.0,0.0,0.32048794627189636,-1.097690463066101,-1.288977026939392,5.00978458148893e-05,0.00021066301269456744,-1.4956535868299417,-3.3793551932874606,4,0,0,-4.129200169700198e-05,2.8368373023113236e-05,8.984522719401866e-05,4.785959390574135e-05,-0.00021066301269456744,0.0,0.08652345091104507,0.1930696964263916,0.13222435116767883,0.02346786856651306,41.233642578125,1,0.02138368785381317,0.18175141513347626,-0.16267727315425873,0.023396804928779602,38.02106857299805,1,0.014959985390305519,-0.33056747913360596,0.13403579592704773,0.022691093385219574,31.966785430908203,1,0.00480462983250618,-0.25883108377456665,-0.17130208015441895,0.02318623661994934,27.355449676513672,1,0.0035181972198188305
822,16.44,stop,0.0,0.0,0.0,0.320487916469574,-1.097690463066101,-1.288977026939392,5.0290338549530134e-05,0.0002110036730300635,-1.4956546540469995,-3.3793718418735628,4,0,0,-4.1424489609198645e-05,2.8515432859421708e-05,8.997617987915874e-05,4.789872036781162e-05,-0.0002110036730300635,0.0,0.08652357012033463,0.1930694580078125,0.13222429156303406,0.02346768230199814,41.23595428466797,1,0.021391361951828003,0.18175140023231506,-0.16267718374729156,0.023396767675876617,38.02170944213867,1,0.014952688477933407,-0.33056750893592834,0.13403591513633728,0.022691115736961365,31.966886520385742,1,0.004803263582289219,-0.25883132219314575,-0.17130209505558014,0.023186206817626953,27.356000900268555,1,0.0035130036994814873
823,16.46,stop,0.0,0.0,0.0,0.3204878568649292,-1.097690463066101,-1.288977026939392,4.9862617743201554e-05,0.0002097507967846468,-1.4956560414291746,-3.379366719231685,4,0,0,-4.108519715373404e-05,2.825397859851364e-05,8.967173926066607e-05,4.771999374497682e-05,-0.0002097507967846468,0.0,0.0865236446261406,0.1930696964263916,0.1322244554758072,0.02346796542406082,41.23578643798828,1,0.02138899825513363,0.18175145983695984,-0.16267706453800201,0.023396693170070648,38.02169418334961,1,0.014942040666937828,-0.33056747913360596,0.13403579592704773,0.022691085934638977,31.966548919677734,1,0.004810039419680834,-0.258831262588501,-0.17130203545093536,0.02318619191646576,27.355722427368164,1,0.003512177849188447
824,16.48,stop,0.0,0.0,0.0,0.3204878568649292,-1.097690463066101,-1.288977026939392,4.985056511941366e-05,0.00021081892191432416,-1.495657322089644,-3.379361810033219,4,0,0,-4.085921682417393e-05,2.8558770281961188e-05,8.988106856122613e-05,4.740037547890097e-05,-0.00021081892191432416,0.0,0.08652360737323761,0.1930696666240692,0.13222435116767883,0.023467861115932465,41.23522186279297,1,0.02137681469321251,0.18175163865089417,-0.16267699003219604,0.023396849632263184,38.02173614501953,1,0.014948930591344833,-0.33056750893592834,0.13403576612472534,0.022691063582897186,31.966522216796875,1,0.004803361836820841,-0.2588311433792114,-0.17130222916603088,0.02318616956472397,27.35521697998047,1,0.003515449119731784
825,16.5,stop,0.0,0.0,0.0,0.3204878866672516,-1.097690463066101,-1.288977026939392,4.997157520847395e-05,0.0002106581232510507,-1.4956589229152308,-3.3793573277215763,4,0,0,-4.1060866351472214e-05,2.848093572538346e-05,8.990662172436714e-05,4.762437311001122e-05,-0.0002106581232510507,0.0,0.08652360737323761,0.193069726228714,0.13222435116767883,0.023467913269996643,41.23537063598633,1,0.021389270201325417,0.18175184726715088,-0.16267727315425873,0.023396730422973633,38.02219772338867,1,0.014948300085961819,-0.3305673599243164,0.13403576612472534,0.022691138088703156,31.967002868652344,1,0.004792449064552784,-0.2588309645652771,-0.1713022142648697,0.02318616211414337,27.35646629333496,1,0.00351334479637444
826,16.52,stop,0.0,0.0,0.0,0.32048794627189636,-1.097690463066101,-1.2889769077301025,4.9965467042056844e-05,0.00021105138876009732,-1.4956532666648243,-3.3793526319665217,4,0,0,-4.1158837120747194e-05,2.8328395274002105e-05,8.979200356407091e-05,4.7768669901415706e-05,-0.00021105138876009732,0.0,0.08652332425117493,0.193069726228714,0.13222427666187286,0.023467861115932465,41.234649658203125,1,0.021379629150032997,0.18175151944160461,-0.16267722845077515,0.023396916687488556,38.02184295654297,1,0.014945177361369133,-0.33056747913360596,0.13403600454330444,0.022690996527671814,31.967226028442383,1,0.004798030946403742,-0.2588311433792114,-0.17130210995674133,0.02318606525659561,27.356958389282227,1,0.0035120672546327114
827,16.54,stop,0.0,0.0,0.0,0.3204878866672516,-1.097690463066101,-1.2889769077301025,5.027750012231991e-05,0.0002098924742313102,-1.4956456894237138,-3.3793268053137226,4,0,0,-4.145366619923152e-05,2.8450316676753573e-05,8.993988740257919e-05,4.7956629714462906e-05,-0.0002098924742313102,0.0,0.08652363717556,0.1930696815252304,0.13222450017929077,0.023467831313610077,41.235355377197266,1,0.021386314183473587,0.181751549243927,-0.1626771241426468,0.02339678257703781,38.021324157714844,1,0.01494520716369152,-0.3305675685405731,0.13403573632240295,0.022691287100315094,31.96646499633789,1,0.00479446817189455,-0.25883108377456665,-0.17130188643932343,0.023186251521110535,27.35678482055664,1,0.0035085040144622326
828,16.56,stop,0.0,0.0,0.0,0.320487916469574,-1.097690463066101,-1.2889769077301025,5.039343886892311e-05,0.0002110101777361706,-1.4956484641880643,-3.379321255785022,4,0,0,-4.167729275650345e-05,2.8328462576610036e-05,8.993581286631525e-05,4.821914990316145e-05,-0.0002110101777361706,0.0,0.08652324229478836,0.19306984543800354,0.13222447037696838,0.023468017578125,41.23550796508789,1,0.021389897912740707,0.18175172805786133,-0.1626770794391632,0.023396700620651245,38.021305084228516,1,0.014946210198104382,-0.330567330121994,0.13403603434562683,0.022691167891025543,31.966014862060547,1,0.004795609973371029,-0.25883108377456665,-0.17130203545093536,0.023186184465885162,27.355701446533203,1,0.0035107857547700405
829,16.580000000000002,stop,0.0,0.0,0.0,0.32048794627189636,-1.097690463066101,-1.2889769077301025,5.024949132348411e-05,0.0002111856738338247,-1.4956542271601765,-3.379337477484301,4,0,0,-4.159851232543588e-05,2.8188205760670826e-05,8.978336700238287e-05,4.8205049097305164e-05,-0.0002111856738338247,0.0,0.08652352541685104,0.19306984543800354,0.13222436606884003,0.02346784621477127,41.23573684692383,1,0.021378031000494957,0.18175145983695984,-0.16267718374729156,0.02339664101600647,38.02177047729492,1,0.014944629743695259,-0.33056744933128357,0.1340358853340149,0.022691212594509125,31.96668243408203,1,0.004798471461981535,-0.2588312029838562,-0.17130203545093536,0.023186251521110535,27.356056213378906,1,0.003513429779559374
830,16.6,stop,0.0,0.0,0.0,0.320487916469574,-1.097690463066101,-1.2889769077301025,5.0163835112471133e-05,0.00021096636191941798,-1.4956565750377036,-3.379353485740168,4,0,0,-4.160422395216301e-05,2.8026750442222692e-05,8.968517067842185e-05,4.829486715607345e-05,-0.00021096636191941798,0.0,0.08652328699827194,0.19306954741477966,0.13222447037696838,0.023468017578125,41.23606491088867,1,0.021390559151768684,0.18175143003463745,-0.1626770794391632,0.0233965665102005,38.022151947021484,1,0.014946061186492443,-0.33056750893592834,0.13403600454330444,0.02269100397825241,31.9672908782959,1,0.00479548005387187,-0.2588311731815338,-0.17130212485790253,0.023186050355434418,27.357271194458008,1,0.003517111763358116
831,16.62,stop,0.0,0.0,0.0,0.32048794627189636,-1.097690463066101,-1.2889769077301025,5.0155402277596295e-05,0.00021181358897592872,-1.4956526263345897,-3.37934964375876,4,0,0,-4.174793139100075e-05,2.7797021175501868e-05,8.956091187428683e-05,4.8530731874052435e-05,-0.00021181358897592872,0.0,0.08652333915233612,0.19306963682174683,0.13222458958625793,0.023467928171157837,41.234649658203125,1,0.021400880068540573,0.18175151944160461,-0.16267722845077515,0.023396603763103485,38.022186279296875,1,0.01495287287980318,-0.33056747913360596,0.13403600454330444,0.0226910337805748,31.966888427734375,1,0.004797082860022783,-0.2588313817977905,-0.17130202054977417,0.02318616211414337,27.35618019104004,1,0.003513363655656576
832,16.64,stop,0.0,0.0,0.0,0.32048794627189636,-1.097690463066101,-1.2889769077301025,5.0131286116084084e-05,0.00021189557446632534,-1.49565540109894,-3.379366719231685,4,0,0,-4.186769365333021e-05,2.7572483304538764e-05,8.938708924688399e-05,4.872262798016891e-05,-0.00021189557446632534,0.0,0.08652346581220627,0.1930694580078125,0.13222447037696838,0.02346796542406082,41.23634338378906,1,0.021387970075011253,0.18175143003463745,-0.16267724335193634,0.02339666336774826,38.021705627441406,1,0.014942040666937828,-0.33056774735450745,0.13403591513633728,0.022691093385219574,31.966697692871094,1,0.004803162068128586,-0.25883129239082336,-0.17130225896835327,0.02318621426820755,27.35706329345703,1,0.0035200633574277163
833,16.66,stop,0.0,0.0,0.0,0.32048794627189636,-1.097690463066101,-1.2889769077301025,5.0205650040879846e-05,0.00021088078210595995,-1.4956502784570624,-3.379339825361828,4,0,0,-4.181521580903791e-05,2.7786596547230147e-05,8.957899262895808e-05,4.85972996102646e-05,-0.00021088078210595995,0.0,0.08652327954769135,0.1930697113275528,0.13222455978393555,0.023467786610126495,41.23515701293945,1,0.02140178717672825,0.1817515790462494,-0.16267716884613037,0.023396700620651245,38.02241897583008,1,0.014948837459087372,-0.33056744933128357,0.13403582572937012,0.02269107848405838,31.96718978881836,1,0.0047967154532670975,-0.2588311731815338,-0.17130210995674133,0.02318611741065979,27.357301712036133,1,0.003517292672768235
834,16.68,stop,0.0,0.0,0.0,0.32048797607421875,-1.097690463066101,-1.2889769077301025,5.0055667088599876e-05,0.00021153809211682528,-1.495651559117532,-3.379334916163362,4,0,0,-4.180261748842895e-05,2.7533818865776993e-05,8.929685282055289e-05,4.866524614044465e-05,-0.00021153809211682528,0.0,0.08652359992265701,0.19306956231594086,0.13222424685955048,0.02346797287464142,41.234352111816406,1,0.02138015627861023,0.18175148963928223,-0.16267706453800201,0.023396804928779602,38.02171325683594,1,0.014952627010643482,-0.33056753873825073,0.13403567671775818,0.02269124984741211,31.96615219116211,1,0.004799617920070887,-0.2588311731815338,-0.17130203545093536,0.023186296224594116,27.35663414001465,1,0.0035045805852860212
835,16.7,stop,0.0,0.0,0.0,0.320487916469574,-1.097690463066101,-1.2889769077301025,5.052812775829807e-05,0.00021133600967004895,-1.4956579624198787,-3.379350710975818,4,0,0,-4.229723708704114e-05,2.7641190172289498e-05,8.95450939424336e-05,4.905820605927147e-05,-0.00021133600967004895,0.0,0.08652342110872269,0.1930694729089737,0.13222448527812958,0.023467950522899628,41.23429489135742,1,0.021383706480264664,0.18175151944160461,-0.16267713904380798,0.023396946489810944,38.021331787109375,1,0.014952421188354492,-0.33056750893592834,0.13403576612472534,0.022691093385219574,31.966703414916992,1,0.004799101036041975,-0.2588311433792114,-0.17130209505558014,0.02318606525659561,27.356794357299805,1,0.003515715477988124
836,16.72,stop,0.0,0.0,0.0,0.3204878866672516,-1.097690463066101,-1.2889769077301025,5.064779179519974e-05,0.00021121646568644792,-1.495651025509003,-3.3793466555509983,4,0,0,-4.235632513882592e-05,2.776941801130306e-05,8.964580047177151e-05,4.904425804852508e-05,-0.00021121646568644792,0.0,0.08652342110872269,0.19306960701942444,0.13222447037696838,0.023467883467674255,41.23500442504883,1,0.021391738206148148,0.18175143003463745,-0.16267703473567963,0.023396864533424377,38.020729064941406,1,0.014945958741009235,-0.33056750893592834,0.13403594493865967,0.022691145539283752,31.966156005859375,1,0.004804336931556463,-0.2588310241699219,-0.17130209505558014,0.02318606525659561,27.35708999633789,1,0.0035173066426068544
837,16.740000000000002,stop,0.0,0.0,0.0,0.32048797607421875,-1.097690463066101,-1.288976788520813,5.074668661109172e-05,0.00020970743207726628,-1.4956394995647786,-3.3793218961152567,4,0,0,-4.222353527438827e-05,2.8149586796644144e-05,8.992286893771961e-05,4.87638171762228e-05,-0.00020970743207726628,0.0,0.08652323484420776,0.1930696964263916,0.1322244554758072,0.023467935621738434,41.23509979248047,1,0.02137977071106434,0.18175148963928223,-0.16267693042755127,0.023396745324134827,38.02169418334961,1,0.014949476346373558,-0.3305676281452179,0.13403576612472534,0.022691160440444946,31.96637725830078,1,0.004811179358512163,-0.25883111357688904,-0.17130199074745178,0.023186147212982178,27.357587814331055,1,0.003518663812428713
838,16.76,stop,0.0,0.0,0.0,0.32048797607421875,-1.097690463066101,-1.288976788520813,5.075498120277189e-05,0.00021076873235870153,-1.4956437684330097,-3.379337264040889,4,0,0,-4.25195466959849e-05,2.771563049464021e-05,8.96453348104842e-05,4.920877836411819e-05,-0.00021076873235870153,0.0,0.08652348071336746,0.19306957721710205,0.13222429156303406,0.02346806973218918,41.2350959777832,1,0.02137780748307705,0.18175148963928223,-0.16267699003219604,0.023396991193294525,38.02146911621094,1,0.014946180395781994,-0.3305675983428955,0.1340356171131134,0.022691205143928528,31.966049194335938,1,0.004811869468539953,-0.2588312029838562,-0.17130199074745178,0.023186296224594116,27.356239318847656,1,0.0035112632904201746
839,16.78,stop,0.0,0.0,0.0,0.32048794627189636,-1.097690463066101,-1.288976788520813,5.086539385956712e-05,0.00020910835883114487,-1.4956448356500676,-3.379353058853345,4,0,0,-4.249199264449999e-05,2.7959236831520684e-05,8.984335727291182e-05,4.908098708256148e-05,-0.00020910835883114487,0.0,0.08652350306510925,0.19306957721710205,0.13222451508045197,0.023468196392059326,41.2339973449707,1,0.021387744694948196,0.18175138533115387,-0.16267703473567963,0.02339671552181244,38.021785736083984,1,0.014944984577596188,-0.33056768774986267,0.13403573632240295,0.02269117534160614,31.96657371520996,1,0.0047986991703510284,-0.258831262588501,-0.17130199074745178,0.023186005651950836,27.357255935668945,1,0.003518550656735897
840,16.8,stop,0.0,0.0,0.0,0.320487916469574,-1.097690463066101,-1.288976788520813,5.103372677695006e-05,0.00021229202684480697,-1.495646116310537,-3.379347722768056,4,0,0,-4.282319423509762e-05,2.7759957447415218e-05,8.975643140729517e-05,4.944898319081403e-05,-0.00021229202684480697,0.0,0.0865236222743988,0.1930694878101349,0.13222455978393555,0.02346792072057724,41.234405517578125,1,0.02138088457286358,0.18175143003463745,-0.16267701983451843,0.02339683473110199,38.02138900756836,1,0.014942584559321404,-0.33056771755218506,0.13403573632240295,0.02269113063812256,31.966093063354492,1,0.004801910370588303,-0.2588312327861786,-0.17130202054977417,0.02318619191646576,27.35576629638672,1,0.0035070637241005898
841,16.82,stop,0.0,0.0,0.0,0.3204878866672516,-1.097690463066101,-1.288976788520813,5.0978305807802826e-05,0.00021108335931785405,-1.4956505986221797,-3.3793635175805115,4,0,0,-4.2614345147740096e-05,2.797865636239294e-05,8.989897469291463e-05,4.918135891784914e-05,-0.00021108335931785405,0.0,0.08652366697788239,0.19306936860084534,0.13222451508045197,0.02346780151128769,41.235321044921875,1,0.02138311043381691,0.18175122141838074,-0.16267700493335724,0.023396894335746765,38.020599365234375,1,0.014949789270758629,-0.3305676281452179,0.13403591513633728,0.022691108286380768,31.967090606689453,1,0.004801890812814236,-0.25883132219314575,-0.17130208015441895,0.023186147212982178,27.356321334838867,1,0.0035165101289749146
842,16.84,stop,0.0,0.0,0.0,0.3204878568649292,-1.097690463066101,-1.288976788520813,5.0752107199514285e-05,0.00020966207375749946,-1.4956382189043091,-3.3793368371540664,4,0,0,-4.226781311444938e-05,2.8092850698158145e-05,8.989070920506492e-05,4.882787834503688e-05,-0.00020966207375749946,0.0,0.08652355521917343,0.1930694580078125,0.13222475349903107,0.023467905819416046,41.23524856567383,1,0.021393468603491783,0.181751549243927,-0.16267673671245575,0.023396827280521393,38.02068328857422,1,0.01494293287396431,-0.33056753873825073,0.13403573632240295,0.022691212594509125,31.96595573425293,1,0.004807594232261181,-0.2588311731815338,-0.1713019609451294,0.02318616211414337,27.355688095092773,1,0.003510265378281474
843,16.86,stop,0.0,0.0,0.0,0.3204878866672516,-1.097690463066101,-1.288976788520813,5.0568898586789146e-05,0.00020998624677304178,-1.4956397130081902,-3.3793528454099335,4,0,0,-4.189917308394797e-05,2.831382880685851e-05,8.996410178951919e-05,4.840857945964672e-05,-0.00020998624677304178,0.0,0.08652333170175552,0.19306954741477966,0.1322246789932251,0.02346792072057724,41.23556137084961,1,0.021379290148615837,0.18175147473812103,-0.16267681121826172,0.02339664101600647,38.021514892578125,1,0.014945674687623978,-0.3305675685405731,0.13403615355491638,0.02269100397825241,31.966659545898438,1,0.004801217932254076,-0.25883156061172485,-0.17130190134048462,0.023186251521110535,27.355342864990234,1,0.003516313387081027
844,16.88,stop,0.0,0.0,0.0,0.3204878866672516,-1.097690463066101,-1.288976788520813,5.038802555645816e-05,0.00021040247520431876,-1.4956446222066562,-3.3793475093246443,4,0,0,-4.187360536889173e-05,2.8027741791447625e-05,8.978310506790876e-05,4.853824066231027e-05,-0.00021040247520431876,0.0,0.08652345091104507,0.19306953251361847,0.1322246938943863,0.023467794060707092,41.236148834228516,1,0.021410558372735977,0.18175116181373596,-0.16267713904380798,0.023396968841552734,38.02089309692383,1,0.014949324540793896,-0.3305676579475403,0.1340358555316925,0.022691167891025543,31.967073440551758,1,0.0047919731587171555,-0.2588315010070801,-0.1713019758462906,0.02318616211414337,27.357038497924805,1,0.003521100850775838
845,16.9,stop,0.0,0.0,0.0,0.320487916469574,-1.097690463066101,-1.288976788520813,5.015319038648158e-05,0.00021027038746979088,-1.4956424877725405,-3.3793641579107465,4,0,0,-4.1509840229991823e-05,2.814738945744466e-05,8.975718810688704e-05,4.815960710402578e-05,-0.00021027038746979088,0.0,0.08652342855930328,0.19306933879852295,0.13222455978393555,0.023468099534511566,41.235504150390625,1,0.021389536559581757,0.18175145983695984,-0.16267700493335724,0.023396767675876617,38.021949768066406,1,0.01495316345244646,-0.3305676281452179,0.13403603434562683,0.022691115736961365,31.96625328063965,1,0.004807461053133011,-0.2588312029838562,-0.1713019162416458,0.023186206817626953,27.35683250427246,1,0.0035083319526165724
846,16.92,stop,0.0,0.0,0.0,0.32048797607421875,-1.097690463066101,-1.288976788520813,5.0013561121886596e-05,0.00021054317767266184,-1.4956508120655914,-3.379380379610025,4,0,0,-4.1682949813548476e-05,2.76385235338239e-05,8.937568054534495e-05,4.852682468481362e-05,-0.00021054317767266184,0.0,0.08652359992265701,0.193069189786911,0.1322244107723236,0.023467957973480225,41.234596252441406,1,0.021381396800279617,0.18175126612186432,-0.16267700493335724,0.023396730422973633,38.02289581298828,1,0.014948632568120956,-0.33056777715682983,0.13403591513633728,0.022691212594509125,31.96578598022461,1,0.004810227081179619,-0.25883135199546814,-0.17130202054977417,0.02318611741065979,27.356094360351562,1,0.0035088418517261744
847,16.94,stop,0.0,0.0,0.0,0.32048794627189636,-1.097690463066101,-1.288976788520813,5.0065598770743236e-05,0.00021060385915916413,-1.4956496381268278,-3.379353058853345,4,0,0,-4.1858740587485954e-05,2.746652899077162e-05,8.927870658226311e-05,4.875272497883998e-05,-0.00021060385915916413,0.0,0.0865233838558197,0.1930694729089737,0.13222450017929077,0.023467808961868286,41.23558807373047,1,0.021380726248025894,0.18175148963928223,-0.16267715394496918,0.023396946489810944,38.02105712890625,1,0.01495558861643076,-0.3305675685405731,0.1340358555316925,0.02269117534160614,31.965913772583008,1,0.004804786294698715,-0.2588312029838562,-0.17130203545093536,0.023185983300209045,27.357009887695312,1,0.0035165303852409124
848,16.96,stop,0.0,0.0,0.0,0.32048794627189636,-1.097690463066101,-1.288976788520813,5.015416900278069e-05,0.000211028236662969,-1.4956513456741203,-3.3793688536658006,4,0,0,-4.20603682869114e-05,2.7319701985106803e-05,8.919414540287107e-05,4.898305269307457e-05,-0.000211028236662969,0.0,0.08652355521917343,0.1930694580078125,0.13222457468509674,0.023468002676963806,41.23505783081055,1,0.021387547254562378,0.18175143003463745,-0.16267703473567963,0.023396648466587067,38.02309799194336,1,0.014944788068532944,-0.33056768774986267,0.1340358853340149,0.022691205143928528,31.967103958129883,1,0.004802145529538393,-0.25883135199546814,-0.17130187153816223,0.023186095058918,27.35696792602539,1,0.003512778552249074
849,16.98,stop,0.0,0.0,0.0,0.32048797607421875,-1.097690463066101,-1.288976788520813,5.007625441066921e-05,0.00021134882990736514,-1.495651986004355,-3.3793645847975693,4,0,0,-4.210168117424473e-05,2.711235538299661e-05,8.902155241230503e-05,4.9103320634458214e-05,-0.00021134882990736514,0.0,0.08652354776859283,0.1930694282054901,0.13222435116767883,0.02346799522638321,41.23561096191406,1,0.021378466859459877,0.1817513406276703,-0.16267716884613037,0.023396842181682587,38.02205276489258,1,0.014944623224437237,-0.33056774735450745,0.13403582572937012,0.022691212594509125,31.96693992614746,1,0.00478923786431551,-0.2588311731815338,-0.17130199074745178,0.023186102509498596,27.357891082763672,1,0.0035289188381284475
850,17.0,stop,0.0,0.0,0.0,0.320487916469574,-1.097690463066101,-1.288976788520813,5.038710878579877e-05,0.0002118698030244559,-1.4956503851787684,-3.3793581814952227,4,0,0,-4.254376472090371e-05,2.699793731153477e-05,8.907193841878325e-05,4.954691030434333e-05,-0.0002118698030244559,0.0,0.08652349561452866,0.19306941330432892,0.13222470879554749,0.023467913269996643,41.235137939453125,1,0.02139231562614441,0.18175135552883148,-0.16267719864845276,0.02339678257703781,38.02243423461914,1,0.01495929155498743,-0.3305676579475403,0.13403603434562683,0.02269117534160614,31.96634864807129,1,0.004804425872862339,-0.2588313817977905,-0.17130200564861298,0.02318611741065979,27.35704803466797,1,0.0035134595818817616
851,17.02,stop,0.0,0.0,0.0,0.3204878866672516,-1.0976907014846802,-1.288976788520813,5.020983735448681e-05,0.00021209481928963214,-1.4956503851787684,-3.3793306472951308,4,0,0,-4.241345595801249e-05,2.687241430976428e-05,8.890499157132581e-05,4.947640627506189e-05,-0.00021209481928963214,0.0,0.08652344346046448,0.19306951761245728,0.13222433626651764,0.02346787601709366,41.23485565185547,1,0.021380415186285973,0.1817515343427658,-0.1626770794391632,0.023396886885166168,38.02158737182617,1,0.014955569058656693,-0.3305676579475403,0.13403570652008057,0.022691212594509125,31.96646499633789,1,0.004798064474016428,-0.25883111357688904,-0.1713021844625473,0.023186109960079193,27.355485916137695,1,0.003519820747897029
852,17.04,stop,0.0,0.0,0.0,0.320487916469574,-1.0976907014846802,-1.288976788520813,5.035179856349714e-05,0.00021134284907020628,-1.4956550809338227,-3.3793479362114676,4,0,0,-4.248296681907959e-05,2.7027785108657554e-05,8.903197885956615e-05,4.946018452756107e-05,-0.00021134284907020628,0.0,0.08652373403310776,0.19306939840316772,0.13222423195838928,0.02346796542406082,41.2364616394043,1,0.021389110013842583,0.18175144493579865,-0.1626771092414856,0.023396655917167664,38.02074432373047,1,0.014939420856535435,-0.3305678367614746,0.13403549790382385,0.02269115298986435,31.96595001220703,1,0.00481293024495244,-0.2588312029838562,-0.17130224406719208,0.023186147212982178,27.35576057434082,1,0.00350839807651937
853,17.06,stop,0.0,0.0,0.0,0.3204878866672516,-1.0976907014846802,-1.288976788520813,4.999808516004123e-05,0.00020835199393332005,-1.4956393928430727,-3.3793240305493724,4,0,0,-4.17583214584738e-05,2.7496385882841423e-05,8.920142136048526e-05,4.861985144088976e-05,-0.00020835199393332005,0.0,0.08652369678020477,0.193069189786911,0.1322244256734848,0.02346784621477127,41.235713958740234,1,0.021402698010206223,0.18175140023231506,-0.1626770794391632,0.023396611213684082,38.02082824707031,1,0.014938706532120705,-0.33056753873825073,0.13403534889221191,0.022691302001476288,31.966772079467773,1,0.004799172282218933,-0.25883108377456665,-0.1713022142648697,0.023186177015304565,27.356603622436523,1,0.0035069615114480257
854,17.080000000000002,stop,0.0,0.0,0.0,0.32048794627189636,-1.0976907014846802,-1.288976788520813,4.999044904252514e-05,0.00020875129848718643,-1.4956282937856715,-3.3793206154547875,4,0,0,-4.1427254473092034e-05,2.7979058359051123e-05,8.948408503783867e-05,4.811188773601316e-05,-0.00020875129848718643,0.0,0.08652334660291672,0.19306951761245728,0.13222436606884003,0.02346794307231903,41.235836029052734,1,0.02137608267366886,0.18175148963928223,-0.16267704963684082,0.023396648466587067,38.0220947265625,1,0.014948301017284393,-0.33056750893592834,0.13403576612472534,0.022691048681735992,31.96612548828125,1,0.0048061334528028965,-0.25883111357688904,-0.17130222916603088,0.02318626642227173,27.356428146362305,1,0.003511682152748108
855,17.1,stop,0.0,0.0,0.0,0.32048800587654114,-1.0976907014846802,-1.288976788520813,4.9903945182450116e-05,0.0002081195416394621,-1.4956230644220883,-3.379316560029968,4,0,0,-4.166268990957178e-05,2.747042162809521e-05,8.916690421756357e-05,4.855378938373178e-05,-0.0002081195416394621,0.0,0.08652316778898239,0.1930694282054901,0.13222457468509674,0.023468025028705597,41.23558807373047,1,0.021401429548859596,0.18175143003463745,-0.16267703473567963,0.023396939039230347,38.021568298339844,1,0.014938777312636375,-0.3305675983428955,0.1340356469154358,0.022691160440444946,31.967544555664062,1,0.004800145048648119,-0.2588310241699219,-0.1713021844625473,0.02318616956472397,27.356178283691406,1,0.0035147385206073523
856,17.12,stop,0.0,0.0,0.0,0.32048800587654114,-1.0976907014846802,-1.288976788520813,4.9908237997442484e-05,0.00020864789257757366,-1.4956175148933877,-3.3793131449353826,4,0,0,-4.11436049034819e-05,2.824953116942197e-05,8.963141590356827e-05,4.7749104851391166e-05,-0.00020864789257757366,0.0,0.08652351051568985,0.1930694282054901,0.13222473859786987,0.02346782386302948,41.236820220947266,1,0.02139853686094284,0.18175145983695984,-0.16267704963684082,0.023396894335746765,38.020973205566406,1,0.014952706173062325,-0.33056771755218506,0.13403567671775818,0.022691376507282257,31.967077255249023,1,0.004791875835508108,-0.2588315010070801,-0.17130200564861298,0.02318636327981949,27.35617446899414,1,0.0035077326465398073
857,17.14,stop,0.0,0.0,0.0,0.320487916469574,-1.0976905822753906,-1.2889766693115234,4.952659219270572e-05,0.0002090219350066036,-1.4956243450825575,-3.379328726304427,4,0,0,-4.0912669646786526e-05,2.791123370116111e-05,8.928465831559151e-05,4.769387669512071e-05,-0.0002090219350066036,0.0,0.08652347326278687,0.19306941330432892,0.13222454488277435,0.02346792072057724,41.235591888427734,1,0.02139032632112503,0.1817515641450882,-0.16267693042755127,0.02339685708284378,38.02234649658203,1,0.014948185533285141,-0.33056774735450745,0.13403573632240295,0.02269107848405838,31.966751098632812,1,0.004796030931174755,-0.2588314712047577,-0.17130212485790253,0.02318616956472397,27.355655670166016,1,0.0035177164245396852
858,17.16,stop,0.0,0.0,0.0,0.3204878270626068,-1.0976905822753906,-1.2889766693115234,4.941848601447418e-05,0.00021104236657265574,-1.4956284005073772,-3.379343453899825,4,0,0,-4.1069608414545655e-05,2.7485886676004156e-05,8.898278611013666e-05,4.801742761628702e-05,-0.00021104236657265574,0.0,0.08652349561452866,0.19306930899620056,0.13222478330135345,0.023467950522899628,41.235496520996094,1,0.021387198939919472,0.18175137042999268,-0.1626768857240677,0.023396767675876617,38.021995544433594,1,0.014949049800634384,-0.3305676579475403,0.13403579592704773,0.022691108286380768,31.966876983642578,1,0.004798485431820154,-0.25883132219314575,-0.17130206525325775,0.023186177015304565,27.35649299621582,1,0.0035101461689919233
859,17.18,stop,0.0,0.0,0.0,0.3204878568649292,-1.0976905822753906,-1.2889766693115234,4.9436257540946826e-05,0.00021141803881619126,-1.495641207112071,-3.3793592487122806,4,0,0,-4.113620161660947e-05,2.7418182071414776e-05,8.898213127395138e-05,4.8121011786861345e-05,-0.00021141803881619126,0.0,0.08652370423078537,0.19306960701942444,0.13222454488277435,0.023467980325222015,41.23596954345703,1,0.021389026194810867,0.18175125122070312,-0.16267713904380798,0.02339690923690796,38.02203369140625,1,0.01495578233152628,-0.3305678069591522,0.13403594493865967,0.022691085934638977,31.967119216918945,1,0.00479986472055316,-0.2588314116001129,-0.17130202054977417,0.023186154663562775,27.356496810913086,1,0.003512259805575013
860,17.2,stop,0.0,0.0,0.0,0.3204878866672516,-1.0976905822753906,-1.2889766693115234,4.907884795102291e-05,0.00020995530940126628,-1.4956464364756543,-3.3793748300813244,4,0,0,-4.088290734216571e-05,2.7153657356393524e-05,8.864557457854971e-05,4.79946393170394e-05,-0.00020995530940126628,0.0,0.0865238830447197,0.19306939840316772,0.1322246789932251,0.023467950522899628,41.23530960083008,1,0.021389661356806755,0.18175117671489716,-0.16267697513103485,0.02339668571949005,38.0216178894043,1,0.014945447444915771,-0.3305681049823761,0.13403576612472534,0.022691115736961365,31.966564178466797,1,0.004796332214027643,-0.25883179903030396,-0.17130203545093536,0.02318616956472397,27.356386184692383,1,0.003514049341902137
861,17.22,stop,0.0,0.0,0.0,0.3204878866672516,-1.0976905822753906,-1.2889766693115234,4.914437886327505e-05,0.0002101592835970223,-1.4956386457911324,-3.3793479362114676,4,0,0,-4.087735214852728e-05,2.728024628595449e-05,8.874014019966125e-05,4.793118569068611e-05,-0.0002101592835970223,0.0,0.0865233987569809,0.19306932389736176,0.13222481310367584,0.02346796542406082,41.234901428222656,1,0.02138776145875454,0.18175143003463745,-0.16267699003219604,0.023396730422973633,38.021244049072266,1,0.014949217438697815,-0.3305678069591522,0.13403567671775818,0.02269115298986435,31.966039657592773,1,0.004800440743565559,-0.25883132219314575,-0.17130209505558014,0.023185990750789642,27.356111526489258,1,0.0035209469497203827
862,17.240000000000002,stop,0.0,0.0,0.0,0.3204878866672516,-1.0976905822753906,-1.2889766693115234,4.938951678923331e-05,0.0002115880633937195,-1.4956388592345438,-3.3793430270130016,4,0,0,-4.1242670704377815e-05,2.717290226428304e-05,8.872280886862427e-05,4.828190503758378e-05,-0.0002115880633937195,0.0,0.0865236222743988,0.1930694580078125,0.1322246491909027,0.02346780151128769,41.23558807373047,1,0.021387359127402306,0.18175143003463745,-0.16267716884613037,0.023396670818328857,38.02207565307617,1,0.0149557925760746,-0.33056774735450745,0.13403600454330444,0.022691205143928528,31.96631622314453,1,0.00480372179299593,-0.25883162021636963,-0.17130184173583984,0.023186303675174713,27.356355667114258,1,0.003499226877465844
863,17.26,stop,0.0,0.0,0.0,0.32048797607421875,-1.0976905822753906,-1.2889766693115234,4.9166141252499074e-05,0.00020933883206453174,-1.4956419541640116,-3.379337477484301,4,0,0,-4.1115141357295215e-05,2.696024239412509e-05,8.84963883436285e-05,4.825669384445064e-05,-0.00020933883206453174,0.0,0.0865233913064003,0.19306954741477966,0.13222448527812958,0.023467719554901123,41.23696517944336,1,0.021381696686148643,0.18175147473812103,-0.16267718374729156,0.02339676022529602,38.022369384765625,1,0.01494456548243761,-0.3305676281452179,0.13403591513633728,0.022691138088703156,31.96624755859375,1,0.004802525509148836,-0.2588312327861786,-0.1713021844625473,0.023186124861240387,27.356788635253906,1,0.0035198840778321028
864,17.28,stop,0.0,0.0,0.0,0.32048794627189636,-1.0976905822753906,-1.2889766693115234,4.885880116489716e-05,0.00020891260646749288,-1.4956475036927122,-3.3793536991835795,4,0,0,-4.102122693439014e-05,2.6541316401562653e-05,8.812905434751883e-05,4.8359019274357706e-05,-0.00020891260646749288,0.0,0.08652346581220627,0.19306927919387817,0.13222455978393555,0.023468047380447388,41.236351013183594,1,0.021387003362178802,0.1817513108253479,-0.16267701983451843,0.023396939039230347,38.020694732666016,1,0.014952708967030048,-0.3305679261684418,0.13403600454330444,0.022691205143928528,31.96624755859375,1,0.0048094699159264565,-0.258831650018692,-0.17130208015441895,0.023186028003692627,27.355331420898438,1,0.0035127438604831696
865,17.3,stop,0.0,0.0,0.0,0.32048794627189636,-1.0976905822753906,-1.2889766693115234,4.882632492808625e-05,0.00020978713291697204,-1.4956496381268278,-3.379348576541702,4,0,0,-4.0792583604343235e-05,2.6832347430172376e-05,8.826510747894645e-05,4.801604154636152e-05,-0.00020978713291697204,0.0,0.08652354776859283,0.1930694282054901,0.1322244256734848,0.02346786856651306,41.235477447509766,1,0.021383484825491905,0.1817512810230255,-0.1626771241426468,0.023396894335746765,38.02098083496094,1,0.014952350407838821,-0.33056777715682983,0.13403573632240295,0.02269105613231659,31.966205596923828,1,0.0048039695248007774,-0.2588315010070801,-0.17130202054977417,0.023186102509498596,27.356443405151367,1,0.0035131426993757486
866,17.32,stop,0.0,0.0,0.0,0.320487916469574,-1.0976905822753906,-1.2889766693115234,4.892013384960592e-05,0.00020939896057825536,-1.4956528397780013,-3.3793654385712157,4,0,0,-4.087047273060307e-05,2.6884645194513723e-05,8.832858293317258e-05,4.8060355766210705e-05,-0.00020939896057825536,0.0,0.08652370423078537,0.19306933879852295,0.1322244107723236,0.02346782386302948,41.23622512817383,1,0.02139073982834816,0.1817513108253479,-0.16267719864845276,0.023396775126457214,38.020660400390625,1,0.014955896884202957,-0.3305678069591522,0.13403582572937012,0.022691190242767334,31.966510772705078,1,0.004804300609976053,-0.2588314116001129,-0.17130222916603088,0.02318613976240158,27.35666847229004,1,0.0035198265686631203
867,17.34,stop,0.0,0.0,0.0,0.320487916469574,-1.0976905822753906,-1.2889766693115234,4.8788118874654174e-05,0.00021040128194727004,-1.4956415272771884,-3.379338971588182,4,0,0,-4.080781218362972e-05,2.6739537133835256e-05,8.814972534310073e-05,4.805051503353752e-05,-0.00021040128194727004,0.0,0.0865233987569809,0.1930692493915558,0.1322244554758072,0.023468032479286194,41.2347526550293,1,0.021379707381129265,0.18175137042999268,-0.16267694532871246,0.023396670818328857,38.02202224731445,1,0.014949120581150055,-0.33056771755218506,0.13403573632240295,0.02269117534160614,31.966899871826172,1,0.004799202084541321,-0.2588313817977905,-0.17130210995674133,0.02318607270717621,27.356544494628906,1,0.0035154526121914387
868,17.36,stop,0.0,0.0,0.0,0.320487916469574,-1.0976905822753906,-1.2889766693115234,4.930327122565359e-05,0.00021073204698041081,-1.4956386457911324,-3.3793131449353826,4,0,0,-4.137184805586003e-05,2.6817579055204988e-05,8.842141687637195e-05,4.852920392295346e-05,-0.00021073204698041081,0.0,0.08652340620756149,0.19306930899620056,0.13222454488277435,0.023467980325222015,41.2340202331543,1,0.021393125876784325,0.18175160884857178,-0.16267715394496918,0.023396827280521393,38.022674560546875,1,0.014963009394705296,-0.33056777715682983,0.13403576612472534,0.022691302001476288,31.966022491455078,1,0.004803336691111326,-0.2588313817977905,-0.17130200564861298,0.02318623661994934,27.356534957885742,1,0.003510334761813283
869,17.38,stop,0.0,0.0,0.0,0.320487916469574,-1.0976905822753906,-1.2889766693115234,4.962300226907246e-05,0.00021142963669262826,-1.495643128102775,-3.379328726304427,4,0,0,-4.192918277112767e-05,2.6540272301645018e-05,8.837935456540436e-05,4.91480459459126e-05,-0.00021142963669262826,0.0,0.08652325719594955,0.19306927919387817,0.1322244554758072,0.023468025028705597,41.23465347290039,1,0.02138853259384632,0.18175148963928223,-0.1626771092414856,0.023396894335746765,38.022735595703125,1,0.014948667027056217,-0.3305676281452179,0.1340358853340149,0.022690996527671814,31.96622657775879,1,0.004804427269846201,-0.25883105397224426,-0.17130212485790253,0.023186154663562775,27.356151580810547,1,0.0035186007153242826
870,17.400000000000002,stop,0.0,0.0,0.0,0.320487916469574,-1.0976905822753906,-1.2889766693115234,4.978788274456747e-05,0.00021004682639613748,-1.4956437684330097,-3.379344734560294,4,0,0,-4.199564500595443e-05,2.674320785445161e-05,8.860215166350827e-05,4.9133843276649714e-05,-0.00021004682639613748,0.0,0.08652341365814209,0.19306933879852295,0.13222448527812958,0.02346787601709366,41.2366943359375,1,0.021396275609731674,0.18175143003463745,-0.16267700493335724,0.023396886885166168,38.021812438964844,1,0.014948446303606033,-0.33056753873825073,0.13403582572937012,0.022691048681735992,31.966703414916992,1,0.004802917595952749,-0.25883129239082336,-0.1713021695613861,0.023186273872852325,27.3554744720459,1,0.003512803465127945
871,17.42,stop,0.0,0.0,0.0,0.3204878866672516,-1.0976905822753906,-1.2889766693115234,4.926373003399931e-05,0.00020905991550534964,-1.4956459028671254,-3.3793404656920627,4,0,0,-4.133060429012403e-05,2.680851139302831e-05,8.847437857184559e-05,4.8529029299970716e-05,-0.00020905991550534964,0.0,0.08652371913194656,0.19306932389736176,0.13222436606884003,0.023468025028705597,41.236106872558594,1,0.02138925902545452,0.1817513108253479,-0.1626770794391632,0.02339693158864975,38.021080017089844,1,0.014952353201806545,-0.3305676281452179,0.13403558731079102,0.02269119769334793,31.967443466186523,1,0.004795210435986519,-0.2588314712047577,-0.17130205035209656,0.02318631112575531,27.35627555847168,1,0.0035107021685689688
872,17.44,stop,0.0,0.0,0.0,0.320487916469574,-1.0976905822753906,-1.2889766693115234,4.957281635142863e-05,0.0002099057601299137,-1.495648037301241,-3.379355833617695,4,0,0,-4.1539035009918734e-05,2.7054989914176986e-05,8.878112566890195e-05,4.862309288000688e-05,-0.0002099057601299137,0.0,0.08652349561452866,0.19306939840316772,0.1322246789932251,0.02346796542406082,41.23492431640625,1,0.02140219509601593,0.18175125122070312,-0.16267701983451843,0.023396864533424377,38.02059555053711,1,0.014953070320189,-0.33056777715682983,0.13403570652008057,0.022691108286380768,31.967281341552734,1,0.004792837891727686,-0.25883129239082336,-0.1713022142648697,0.023186303675174713,27.356359481811523,1,0.003519349731504917
873,17.46,stop,0.0,0.0,0.0,0.320487916469574,-1.0976905822753906,-1.2889766693115234,4.951136725139804e-05,0.00021095089323353022,-1.4956397130081902,-3.3793308607385426,4,0,0,-4.124468978261575e-05,2.739071351243183e-05,8.889584569260478e-05,4.818590605282225e-05,-0.00021095089323353022,0.0,0.08652349561452866,0.1930694282054901,0.13222439587116241,0.02346784621477127,41.236289978027344,1,0.021388927474617958,0.1817510724067688,-0.1626771092414856,0.02339685708284378,38.020809173583984,1,0.01494898647069931,-0.33056777715682983,0.1340356469154358,0.022691138088703156,31.966304779052734,1,0.004795600660145283,-0.2588316798210144,-0.17130208015441895,0.02318628877401352,27.355327606201172,1,0.0035106479190289974
874,17.48,stop,0.0,0.0,0.0,0.3204878866672516,-1.0976905822753906,-1.2889766693115234,4.934035678161308e-05,0.0002101210702676326,-1.4956405667818364,-3.379347295881233,4,0,0,-4.106334745301865e-05,2.7354564736015163e-05,8.880230598151684e-05,4.80380367662292e-05,-0.0002101210702676326,0.0,0.08652331680059433,0.19306933879852295,0.13222451508045197,0.023467935621738434,41.23606872558594,1,0.02138867788016796,0.18175137042999268,-0.16267722845077515,0.02339676022529602,38.020851135253906,1,0.014949801377952099,-0.3305678367614746,0.1340360939502716,0.022690996527671814,31.96657371520996,1,0.004790420178323984,-0.258831650018692,-0.17130200564861298,0.023186057806015015,27.355131149291992,1,0.003511034417897463
875,17.5,stop,0.0,0.0,0.0,0.3204878866672516,-1.0976905822753906,-1.2889766693115234,4.9123034841613844e-05,0.00021053319505881518,-1.4956530532214127,-3.3793633041371,4,0,0,-4.084152533323504e-05,2.7295463951304555e-05,8.867909491527826e-05,4.786538193002343e-05,-0.00021053319505881518,0.0,0.08652360737323761,0.19306927919387817,0.13222432136535645,0.023467935621738434,41.23506164550781,1,0.021382629871368408,0.1817513406276703,-0.16267716884613037,0.02339683473110199,38.020835876464844,1,0.014949782751500607,-0.33056771755218506,0.13403591513633728,0.022691108286380768,31.9666805267334,1,0.004798026289790869,-0.2588317394256592,-0.17130206525325775,0.023186229169368744,27.357158660888672,1,0.003512950148433447
876,17.52,stop,0.0,0.0,0.0,0.320487916469574,-1.0976905822753906,-1.2889766693115234,4.9519592721480876e-05,0.00021078356076031923,-1.4956532666648243,-3.3793586083820455,4,0,0,-4.1185518057318404e-05,2.7494423193274997e-05,8.894632628653198e-05,4.8081194108817726e-05,-0.00021078356076031923,0.0,0.0865236297249794,0.19306941330432892,0.13222424685955048,0.023467905819416046,41.23442077636719,1,0.021382013335824013,0.18175137042999268,-0.16267718374729156,0.023396745324134827,38.02065658569336,1,0.014946483075618744,-0.3305676579475403,0.13403591513633728,0.02269113063812256,31.966825485229492,1,0.004799318965524435,-0.2588317096233368,-0.17130209505558014,0.023186229169368744,27.355648040771484,1,0.003511564340442419
877,17.54,stop,0.0,0.0,0.0,0.32048797607421875,-1.0976905822753906,-1.2889766693115234,4.964751497027464e-05,0.0002104083978338167,-1.4956467566407716,-3.3793539126269914,4,0,0,-4.1098617657553405e-05,2.7852816856466234e-05,8.919004903873429e-05,4.783760232385248e-05,-0.0002104083978338167,0.0,0.08652346581220627,0.1930694580078125,0.13222429156303406,0.023467950522899628,41.23543930053711,1,0.021382134407758713,0.18175113201141357,-0.16267715394496918,0.02339673787355423,38.02137756347656,1,0.014942263253033161,-0.330567866563797,0.13403582572937012,0.02269117534160614,31.9670352935791,1,0.004799204412847757,-0.2588313817977905,-0.17130199074745178,0.02318616956472397,27.355682373046875,1,0.0035050963051617146
878,17.56,stop,0.0,0.0,0.0,0.32048794627189636,-1.0976905822753906,-1.2889766693115234,4.959744182997383e-05,0.00020935453358106315,-1.4956427012159519,-3.3793494303153486,4,0,0,-4.099877332919277e-05,2.791069528029766e-05,8.9225301053375e-05,4.773241016664542e-05,-0.00020935453358106315,0.0,0.08652348071336746,0.19306939840316772,0.13222447037696838,0.023467950522899628,41.235931396484375,1,0.02139873243868351,0.18175135552883148,-0.16267722845077515,0.023396775126457214,38.020999908447266,1,0.014952877536416054,-0.33056798577308655,0.13403576612472534,0.022691205143928528,31.967174530029297,1,0.0047940826043486595,-0.2588317394256592,-0.1713019758462906,0.02318623661994934,27.357391357421875,1,0.0035113340709358454
879,17.580000000000002,stop,0.0,0.0,0.0,0.32048794627189636,-1.0976905822753906,-1.2889766693115234,4.938728307024576e-05,0.00020939100068062544,-1.49564857090977,-3.379365225127804,4,0,0,-4.098835415788926e-05,2.755101741058752e-05,8.891420293366536e-05,4.78745496366173e-05,-0.00020939100068062544,0.0,0.08652354031801224,0.19306927919387817,0.13222433626651764,0.02346799522638321,41.233673095703125,1,0.021393103525042534,0.18175108730793,-0.16267715394496918,0.023396849632263184,38.02161407470703,1,0.014942215755581856,-0.3305679261684418,0.13403606414794922,0.02269117534160614,31.965805053710938,1,0.004809573292732239,-0.258831262588501,-0.17130208015441895,0.023186028003692627,27.357376098632812,1,0.0035162686835974455
880,17.6,stop,0.0,0.0,0.0,0.320487916469574,-1.0976905822753906,-1.2889766693115234,4.9971746193477884e-05,0.00021126090723555535,-1.495639286121367,-3.3793396119184167,4,0,0,-4.133063703193329e-05,2.808832323353272e-05,8.948269532993436e-05,4.7951853048289195e-05,-0.00021126090723555535,0.0,0.08652325719594955,0.19306939840316772,0.1322246491909027,0.023468010127544403,41.23448944091797,1,0.021385028958320618,0.18175144493579865,-0.1626770943403244,0.023396678268909454,38.023136138916016,1,0.014955630525946617,-0.33056777715682983,0.13403606414794922,0.022691085934638977,31.96706199645996,1,0.0047992984764277935,-0.25883132219314575,-0.17130224406719208,0.023186206817626953,27.35700035095215,1,0.0035221101716160774
881,17.62,stop,0.0,0.0,0.0,0.32048794627189636,-1.0976905822753906,-1.2889766693115234,4.984746556147002e-05,0.00021118728909641504,-1.4956366180787224,-3.3793342758331275,4,0,0,-4.174322748440318e-05,2.724468504311517e-05,8.893360063666478e-05,4.8691199481254444e-05,-0.00021118728909641504,0.0,0.08652324229478836,0.19306926429271698,0.13222460448741913,0.023468077182769775,41.2354736328125,1,0.02139243297278881,0.1817512959241867,-0.16267701983451843,0.023396804928779602,38.02232360839844,1,0.014941755682229996,-0.33056753873825073,0.13403597474098206,0.02269124984741211,31.96629524230957,1,0.004803692456334829,-0.2588312327861786,-0.17130213975906372,0.023186177015304565,27.357250213623047,1,0.0035233546514064074
882,17.64,stop,0.0,0.0,0.0,0.32048797607421875,-1.0976905822753906,-1.2889766693115234,5.015466740587726e-05,0.0002109284687321633,-1.4956359777484878,-3.3793293666346615,4,0,0,-4.19420721300412e-05,2.750187923084013e-05,8.924720896175131e-05,4.877267929259688e-05,-0.0002109284687321633,0.0,0.08652310818433762,0.19306927919387817,0.13222433626651764,0.023467957973480225,41.234375,1,0.02138402685523033,0.18175145983695984,-0.16267713904380798,0.023396946489810944,38.02120590209961,1,0.014953365549445152,-0.33056771755218506,0.13403600454330444,0.022691115736961365,31.966346740722656,1,0.004810160491615534,-0.258831262588501,-0.17130203545093536,0.023186184465885162,27.35674285888672,1,0.0035079424269497395
883,17.66,stop,0.0,0.0,0.0,0.32048800587654114,-1.0976905822753906,-1.2889766693115234,5.0494581955717877e-05,0.00021036231191828847,-1.4956288273942004,-3.3793255246532534,4,0,0,-4.2284857045160607e-05,2.759879680525046e-05,8.944609726313502e-05,4.903882654616609e-05,-0.00021036231191828847,0.0,0.0865231603384018,0.19306951761245728,0.1322246640920639,0.023468032479286194,41.234989166259766,1,0.021397678181529045,0.18175137042999268,-0.16267701983451843,0.02339690923690796,38.02135467529297,1,0.014945609495043755,-0.33056774735450745,0.13403582572937012,0.022691361606121063,31.96625328063965,1,0.004813085310161114,-0.25883129239082336,-0.17130187153816223,0.023186013102531433,27.357219696044922,1,0.003508852794766426
884,17.68,stop,0.0,0.0,0.0,0.320487916469574,-1.0976905822753906,-1.2889766693115234,5.042245902586728e-05,0.0002104300947394222,-1.4956360844701935,-3.379342386682767,4,0,0,-4.211083796690218e-05,2.7732685339287855e-05,8.950434130383655e-05,4.882772554992698e-05,-0.0002104300947394222,0.0,0.08652342110872269,0.19306954741477966,0.13222432136535645,0.023467883467674255,41.236148834228516,1,0.021380500867962837,0.18175141513347626,-0.16267713904380798,0.02339676022529602,38.02135467529297,1,0.014945125207304955,-0.33056777715682983,0.13403579592704773,0.022691257297992706,31.967153549194336,1,0.0048003001138567924,-0.2588312327861786,-0.17130215466022491,0.02318616956472397,27.35711097717285,1,0.0035191315691918135
885,17.7,stop,0.0,0.0,0.0,0.32048794627189636,-1.0976905822753906,-1.2889766693115234,5.04084127896931e-05,0.00020985414448659867,-1.4956254122996153,-3.3793161331431447,4,0,0,-4.2163446778431535e-05,2.7627011149888858e-05,8.949428593041375e-05,4.8947007599053904e-05,-0.00020985414448659867,0.0,0.08652296662330627,0.1930694431066513,0.13222452998161316,0.02346794307231903,41.23577117919922,1,0.02139836736023426,0.18175145983695984,-0.1626771092414856,0.023396819829940796,38.022125244140625,1,0.014948410913348198,-0.33056774735450745,0.13403603434562683,0.022691041231155396,31.967041015625,1,0.004798298701643944,-0.2588313817977905,-0.17130203545093536,0.023186102509498596,27.356395721435547,1,0.0035265469923615456
886,17.72,stop,0.0,0.0,0.0,0.32048797607421875,-1.0976905822753906,-1.2889766693115234,5.0335718697169796e-05,0.00021105156338308007,-1.4956310685500218,-3.3793308607385426,4,0,0,-4.2227868107147515e-05,2.7395106371841393e-05,8.934585639508441e-05,4.911479481961578e-05,-0.00021105156338308007,0.0,0.08652319014072418,0.1930694580078125,0.1322246789932251,0.023467831313610077,41.23603820800781,1,0.021399009972810745,0.18175148963928223,-0.16267694532871246,0.023396670818328857,38.022010803222656,1,0.014949762262403965,-0.3305675983428955,0.13403594493865967,0.022691063582897186,31.966840744018555,1,0.004807617980986834,-0.2588314414024353,-0.17130200564861298,0.023186326026916504,27.355178833007812,1,0.0035071198362857103
887,17.740000000000002,stop,0.0,0.0,0.0,0.320487916469574,-1.0976905822753906,-1.2889766693115234,4.9804511945694685e-05,0.00020941013644915074,-1.4956377920174861,-3.379347722768056,4,0,0,-4.1630260966485366e-05,2.7338812287780456e-05,8.909516327548772e-05,4.8603058530716226e-05,-0.00020941013644915074,0.0,0.08652371913194656,0.1930694282054901,0.13222463428974152,0.023467928171157837,41.23653030395508,1,0.021400151774287224,0.18175125122070312,-0.1626770943403244,0.023396968841552734,38.02071762084961,1,0.014937829226255417,-0.3305680751800537,0.13403579592704773,0.022691309452056885,31.965736389160156,1,0.004807978868484497,-0.25883108377456665,-0.17130203545093536,0.02318613976240158,27.35675811767578,1,0.0035220535937696695
888,17.76,stop,0.0,0.0,0.0,0.3204878866672516,-1.0976905822753906,-1.2889766693115234,5.001198951504193e-05,0.00021071152877993882,-1.4956365113570167,-3.3793426001261784,4,0,0,-4.153669942752458e-05,2.7855017833644524e-05,8.952943608164787e-05,4.831268961424939e-05,-0.00021071152877993882,0.0,0.08652325719594955,0.19306929409503937,0.13222454488277435,0.023468084633350372,41.235633850097656,1,0.021398726850748062,0.18175145983695984,-0.16267701983451843,0.023396946489810944,38.021446228027344,1,0.014956256374716759,-0.3305678069591522,0.13403576612472534,0.022690922021865845,31.96733856201172,1,0.004798280540853739,-0.2588314414024353,-0.17130208015441895,0.02318611741065979,27.3564453125,1,0.0035159385297447443
889,17.78,stop,0.0,0.0,0.0,0.3204878866672516,-1.0976905822753906,-1.2889766693115234,4.971987073076889e-05,0.00021141247998457402,-1.495648037301241,-3.3793588218254573,4,0,0,-4.147207800997421e-05,2.742503238550853e-05,8.909843018045649e-05,4.841764166485518e-05,-0.00021141247998457402,0.0,0.08652349561452866,0.19306930899620056,0.13222432136535645,0.023467950522899628,41.23527526855469,1,0.021378912031650543,0.18175137042999268,-0.16267715394496918,0.0233968123793602,38.021690368652344,1,0.014952078461647034,-0.3305678963661194,0.13403579592704773,0.022690899670124054,31.967002868652344,1,0.004793702624738216,-0.2588314414024353,-0.17130208015441895,0.02318604290485382,27.35638999938965,1,0.0035177101381123066
890,17.8,stop,0.0,0.0,0.0,0.320487916469574,-1.0976905822753906,-1.2889766693115234,4.984466795576736e-05,0.00021148774249013513,-1.495651986004355,-3.379373976307678,4,0,0,-4.1770337702473626e-05,2.719797339523211e-05,8.896378858480603e-05,4.876209277426824e-05,-0.00021148774249013513,0.0,0.08652374148368835,0.19306915998458862,0.13222430646419525,0.023467816412448883,41.235321044921875,1,0.021383173763751984,0.18175116181373596,-0.16267706453800201,0.023396775126457214,38.02096176147461,1,0.0149386590346694,-0.33056795597076416,0.13403582572937012,0.02269107848405838,31.96669578552246,1,0.004799464717507362,-0.25883159041404724,-0.1713021695613861,0.02318616956472397,27.35595703125,1,0.003505110275000334
891,17.82,stop,0.0,0.0,0.0,0.32048794627189636,-1.0976905822753906,-1.2889766693115234,4.9757454689824954e-05,0.00020938029047101736,-1.4956464364756543,-3.379369280552624,4,0,0,-4.124180486542173e-05,2.7837346351589076e-05,8.932437049224973e-05,4.801609247806482e-05,-0.00020938029047101736,0.0,0.08652352541685104,0.19306930899620056,0.13222455978393555,0.02346799522638321,41.23522186279297,1,0.02139022760093212,0.18175140023231506,-0.1626771241426468,0.023396827280521393,38.021461486816406,1,0.014952648431062698,-0.3305678963661194,0.1340358555316925,0.022691205143928528,31.966218948364258,1,0.004809501580893993,-0.25883129239082336,-0.17130206525325775,0.02318616211414337,27.35610008239746,1,0.0035121033433824778
892,17.84,stop,0.0,0.0,0.0,0.320487916469574,-1.0976905822753906,-1.2889766693115234,4.9566366215003654e-05,0.00020963946008123457,-1.495653480108236,-3.3793637310239233,4,0,0,-4.124231782043353e-05,2.7493560992297716e-05,8.902722038328648e-05,4.8160003643715754e-05,-0.00020963946008123457,0.0,0.08652349561452866,0.19306932389736176,0.13222451508045197,0.02346803992986679,41.23567199707031,1,0.02138879895210266,0.18175122141838074,-0.1626773178577423,0.023396849632263184,38.02188491821289,1,0.014954034239053726,-0.3305679261684418,0.1340358555316925,0.022691071033477783,31.966157913208008,1,0.00480851111933589,-0.258831650018692,-0.17130202054977417,0.023186028003692627,27.357276916503906,1,0.003519886638969183
893,17.86,stop,0.0,0.0,0.0,0.320487916469574,-1.0976905822753906,-1.2889766693115234,4.950055154040456e-05,0.00021051056683063507,-1.4956472902493005,-3.3793577546083995,4,0,0,-4.128998261876404e-05,2.7302783564664423e-05,8.886250725481659e-05,4.827516750083305e-05,-0.00021051056683063507,0.0,0.08652351796627045,0.19306926429271698,0.13222432136535645,0.023468047380447388,41.234188079833984,1,0.02138420194387436,0.18175117671489716,-0.1626771241426468,0.02339676022529602,38.021324157714844,1,0.014952948316931725,-0.3305678367614746,0.13403597474098206,0.022691145539283752,31.966812133789062,1,0.004799369722604752,-0.2588313817977905,-0.17130200564861298,0.02318621426820755,27.3564510345459,1,0.003515395103022456
894,17.88,stop,0.0,0.0,0.0,0.3204878866672516,-1.0976905822753906,-1.2889766693115234,4.9857560952659696e-05,0.00021029688650742173,-1.4956488910748873,-3.3793532722967567,4,0,0,-4.150765380472876e-05,2.7620484615908936e-05,8.916567458072677e-05,4.831773549085483e-05,-0.00021029688650742173,0.0,0.0865236148238182,0.19306941330432892,0.13222429156303406,0.023467883467674255,41.23457336425781,1,0.021381542086601257,0.18175122141838074,-0.16267713904380798,0.023396961390972137,38.02206039428711,1,0.014952246099710464,-0.3305678963661194,0.13403570652008057,0.022691138088703156,31.96628761291504,1,0.004800476133823395,-0.25883156061172485,-0.17130203545093536,0.023186221718788147,27.355464935302734,1,0.0035132120829075575
895,17.900000000000002,stop,0.0,0.0,0.0,0.3204878270626068,-1.0976905822753906,-1.2889766693115234,4.971694579580799e-05,0.00020973054051864892,-1.495651025509003,-3.37937013432627,4,0,0,-4.1383773350389674e-05,2.755282366706524e-05,8.905561844585463e-05,4.823066046810709e-05,-0.00020973054051864892,0.0,0.08652367442846298,0.19306930899620056,0.13222452998161316,0.023468010127544403,41.23530578613281,1,0.021379739046096802,0.1817512810230255,-0.1626771092414856,0.02339685708284378,38.02238845825195,1,0.014948167838156223,-0.3305678367614746,0.13403579592704773,0.0226910337805748,31.966957092285156,1,0.004794740583747625,-0.2588314414024353,-0.17130202054977417,0.023186109960079193,27.35740852355957,1,0.0035207634791731834
896,17.92,stop,0.0,0.0,0.0,0.3204878270626068,-1.0976907014846802,-1.2889766693115234,4.980326411896385e-05,0.00021140117314644158,-1.495658389306702,-3.3793859291387256,4,0,0,-4.174509740551002e-05,2.716085327847395e-05,8.888002048479393e-05,4.873589932685718e-05,-0.00021140117314644158,0.0,0.086524099111557,0.19306915998458862,0.13222436606884003,0.02346782386302948,41.23534393310547,1,0.021399902179837227,0.18175095319747925,-0.16267716884613037,0.023396849632263184,38.02186584472656,1,0.014941221103072166,-0.33056795597076416,0.13403567671775818,0.022691264748573303,31.966623306274414,1,0.004804015625268221,-0.2588316798210144,-0.17130224406719208,0.02318606525659561,27.35659408569336,1,0.0035204726736992598
897,17.94,stop,0.0,0.0,0.0,0.3204878866672516,-1.0976907014846802,-1.2889766693115234,4.953569805365987e-05,0.00021125163766555488,-1.49565540109894,-3.3794036449418856,4,0,0,-4.119988443562761e-05,2.7501906515681185e-05,8.900298416847363e-05,4.8110730858752504e-05,-0.00021125163766555488,0.0,0.08652418106794357,0.1930692493915558,0.13222433626651764,0.023468047380447388,41.23477554321289,1,0.021393094211816788,0.1817510724067688,-0.16267730295658112,0.023396849632263184,38.02082443237305,1,0.014952282421290874,-0.3305681049823761,0.1340356469154358,0.02269132435321808,31.966690063476562,1,0.004805530421435833,-0.25883176922798157,-0.17130233347415924,0.023186109960079193,27.356639862060547,1,0.003519791876897216
898,17.96,stop,0.0,0.0,0.0,0.32048794627189636,-1.0976907014846802,-1.2889766693115234,4.9686928832670674e-05,0.00021313574688974768,-1.4956366180787224,-3.3793782451759093,4,0,0,-4.127389547647908e-05,2.766326542769093e-05,8.911093755159527e-05,4.8084624722832814e-05,-0.00021313574688974768,0.0,0.08652380853891373,0.19306913018226624,0.1322244256734848,0.023467928171157837,41.235328674316406,1,0.021394841372966766,0.1817511022090912,-0.16267704963684082,0.02339668571949005,38.020973205566406,1,0.014946301467716694,-0.3305681347846985,0.13403591513633728,0.022691264748573303,31.966083526611328,1,0.004803833551704884,-0.25883162021636963,-0.17130213975906372,0.023186199367046356,27.356042861938477,1,0.0035094579216092825
899,17.98,stop,0.0,0.0,0.0,0.32048800587654114,-1.0976905822753906,-1.2889766693115234,4.9469719670014456e-05,0.0002115354291163385,-1.4956262660732615,-3.379351991636287,4,0,0,-4.096339762327261e-05,2.7735410185414366e-05,8.906368748284876e-05,4.777443973580375e-05,-0.0002115354291163385,0.0,0.08652319759130478,0.1930692195892334,0.13222452998161316,0.023468025028705597,41.23526382446289,1,0.02138957940042019,0.18175140023231506,-0.16267697513103485,0.023396968841552734,38.02116394042969,1,0.014953668229281902,-0.3305678069591522,0.13403591513633728,0.022690974175930023,31.965980529785156,1,0.004804265685379505,-0.25883135199546814,-0.17130222916603088,0.023186095058918,27.355712890625,1,0.0035187441390007734
900,18.0,stop,0.0,0.0,0.0,0.320487916469574,-1.0976907014846802,-1.2889766693115234,4.9540707550477237e-05,0.00020945111464243382,-1.4956328828190202,-3.37932509776643,4,0,0,-4.1130915633402765e-05,2.761393625405617e-05,8.900813554646447e-05,4.797220753971487e-05,-0.00020945111464243382,0.0,0.0865233913064003,0.1930694878101349,0.13222461938858032,0.02346786856651306,41.23539352416992,1,0.021398691460490227,0.18175143003463745,-0.16267701983451843,0.0233968123793602,38.02139663696289,1,0.014942311681807041,-0.3305678367614746,0.13403546810150146,0.022691085934638977,31.967432022094727,1,0.004782728850841522,-0.2588311731815338,-0.17130228877067566,0.02318606525659561,27.35741424560547,1,0.0035291113890707493
