pose,time_s,trial,height,roll_deg,pitch_deg,gravity_error,speed,angular_speed,feet_contact,base_contact,joint_rms,stable_hold_s
side,0.02,0,0.6529542207717896,30.10088348388672,-0.7641906142234802,0.5194495916366577,0.19640710949897766,5.061038494110107,0,False,0.16714437305927277,0.0
side,0.04,0,0.6457016468048096,28.026493072509766,-0.6354146599769592,0.4843797981739044,0.5028783679008484,1.4545162916183472,0,False,0.2991609573364258,0.0
side,0.06,0,0.6336889863014221,29.620216369628906,-0.7860431671142578,0.511353611946106,0.672917366027832,1.9662829637527466,0,False,0.3923705518245697,0.0
side,0.08,0,0.6195363998413086,30.652103424072266,-0.6988986730575562,0.528712809085846,0.7436825633049011,0.6950617432594299,0,False,0.43496373295783997,0.0
side,0.1,0,0.6022446751594543,29.373018264770508,-0.19419272243976593,0.507067859172821,0.9591684937477112,1.3113203048706055,0,False,0.47508126497268677,0.0
side,0.12,0,0.5814177393913269,27.482372283935547,0.7865483164787292,0.4752114713191986,1.127522349357605,1.976615071296692,0,False,0.46461084485054016,0.0
side,0.14,0,0.5556458234786987,23.66533851623535,2.0666093826293945,0.4113253057003021,1.4261711835861206,3.417581558227539,0,False,0.4805496037006378,0.0
side,0.16,0,0.5248114466667175,19.871713638305664,2.9947574138641357,0.3483681380748749,1.6423888206481934,2.90925669670105,0,False,0.5184845924377441,0.0
side,0.18,0,0.4904308617115021,17.732763290405273,3.6272034645080566,0.31382808089256287,1.7904460430145264,1.3990540504455566,0,False,0.5470821261405945,0.0
side,0.2,0,0.4536273181438446,17.690671920776367,4.079620361328125,0.3145819902420044,1.8922100067138672,0.3648662269115448,0,False,0.5450533032417297,0.0
side,0.22,0,0.413323312997818,18.63479232788086,4.471052646636963,0.3317102789878845,2.1027274131774902,0.9091395139694214,0,False,0.535358190536499,0.0
side,0.24,0,0.36976516246795654,18.7804012298584,4.616162300109863,0.3346482515335083,2.1029741764068604,2.7313132286071777,2,False,0.4896639287471771,0.0
side,0.26,0,0.3316331207752228,16.60563087463379,6.34390926361084,0.3069148063659668,1.8883548974990845,2.692005157470703,2,False,0.4624975025653839,0.0
side,0.28,0,0.2953495681285858,14.79472541809082,8.647397994995117,0.2947494089603424,1.872135043144226,2.5690081119537354,2,False,0.4848234951496124,0.0
side,0.3,0,0.27105194330215454,7.6787109375,5.815707206726074,0.16719798743724823,0.9779117703437805,7.673156261444092,2,False,0.5181415677070618,0.0
side,0.32,0,0.2541787326335907,7.289085388183594,4.310186386108398,0.14725323021411896,1.064902424812317,2.963711738586426,3,False,0.5464088320732117,0.0
side,0.34,0,0.2397894412279129,9.372702598571777,3.5331673622131348,0.17421752214431763,0.9207355976104736,2.2262792587280273,3,False,0.5803489089012146,0.0
side,0.36,0,0.23109324276447296,15.225090980529785,2.2289581298828125,0.2675001621246338,0.9483656287193298,6.26930046081543,3,False,0.5895998477935791,0.0
side,0.38,0,0.22406917810440063,20.085655212402344,1.7892603874206543,0.34992483258247375,0.9860347509384155,3.4762723445892334,3,False,0.6073294281959534,0.0
side,0.4,0,0.21748964488506317,23.304317474365234,1.624322533607483,0.4047091603279114,1.0012763738632202,2.6987521648406982,3,False,0.6302842497825623,0.0
side,0.42,0,0.2110525220632553,25.267576217651367,0.758947491645813,0.437585711479187,0.9528881311416626,2.26065993309021,2,False,0.6424438953399658,0.0
side,0.44,0,0.20532338321208954,26.904693603515625,-1.1619399785995483,0.46558648347854614,0.9478515982627869,2.840559959411621,2,False,0.6483480334281921,0.0
side,0.46,0,0.19997139275074005,29.28078269958496,-3.938060998916626,0.5085957050323486,0.978922426700592,3.69093918800354,2,False,0.6471015214920044,0.0
side,0.48,0,0.1943385899066925,32.534305572509766,-7.6379313468933105,0.5696795582771301,1.0283869504928589,4.598106861114502,2,False,0.6422320008277893,0.0
side,0.5,0,0.1875237077474594,37.145938873291016,-11.879460334777832,0.6540253758430481,1.0515590906143188,5.607574462890625,1,False,0.6451053023338318,0.0
side,0.52,0,0.17997734248638153,42.26155471801758,-16.2583065032959,0.7437410354614258,0.75493323802948,0.5565479397773743,1,False,0.6597451567649841,0.0
side,0.54,0,0.18151049315929413,43.475196838378906,-16.973730087280273,0.7635435461997986,0.6101273894309998,1.762640357017517,1,False,0.6620126366615295,0.0
side,0.56,0,0.182904914021492,44.128353118896484,-17.38135528564453,0.7741802930831909,0.5726270079612732,0.6950012445449829,0,False,0.6154652833938599,0.0
side,0.58,0,0.1830550581216812,46.13279724121094,-17.324464797973633,0.8033125400543213,0.5644984841346741,2.326927900314331,0,False,0.5792196989059448,0.0
side,0.6,0,0.1814815104007721,47.98794174194336,-16.587427139282227,0.8290112018585205,0.5535038113594055,1.7775238752365112,0,False,0.5433564186096191,0.0
side,0.62,0,0.1777854710817337,49.906517028808594,-15.012434959411621,0.8548216819763184,0.5500564575195312,2.1990504264831543,0,False,0.5517789125442505,0.0
side,0.64,0,0.1720256358385086,49.95572280883789,-12.314108848571777,0.8519079089164734,0.5886760354042053,1.7260704040527344,0,False,0.6192671060562134,0.0
side,0.66,0,0.1643708348274231,49.707881927490234,-8.822489738464355,0.8444504737854004,0.6560791730880737,2.1670758724212646,0,False,0.6894321441650391,0.0
side,0.68,0,0.15511523187160492,49.051612854003906,-4.7268195152282715,0.8313618898391724,0.7417910695075989,2.53340482711792,0,False,0.7547064423561096,0.0
side,0.7000000000000001,0,0.14646410942077637,48.25450134277344,-1.1606589555740356,0.8176031708717346,0.45052972435951233,0.7470276951789856,1,False,0.7925153970718384,0.0
side,0.72,0,0.14687182009220123,47.736141204833984,-1.4076037406921387,0.8093774914741516,0.3452831506729126,0.6834264993667603,0,False,0.7924360036849976,0.0
side,0.74,0,0.14670592546463013,46.90427017211914,-1.4800318479537964,0.7960992455482483,0.26617226004600525,0.9804818630218506,1,False,0.8071531057357788,0.0
side,0.76,0,0.14664267003536224,45.998748779296875,-1.6913478374481201,0.7816290259361267,0.1560976654291153,0.7711803317070007,1,False,0.819983720779419,0.0
side,0.78,0,0.1469137817621231,45.2619514465332,-1.848836064338684,0.7698246836662292,0.06325753778219223,0.6730039119720459,1,False,0.8329475522041321,0.0
side,0.8,0,0.1470470130443573,44.5278434753418,-1.852927803993225,0.7579970359802246,0.004733619745820761,0.6256271600723267,1,False,0.8402541279792786,0.0
side,0.8200000000000001,0,0.14684467017650604,43.751380920410156,-1.757777452468872,0.7454262375831604,0.05841980129480362,0.8066288828849792,1,False,0.8424963355064392,0.0
side,0.84,0,0.14633877575397491,42.69342041015625,-1.6375306844711304,0.7282441258430481,0.10739143192768097,1.0734398365020752,1,False,0.8437975645065308,0.0
side,0.86,0,0.14558982849121094,41.367130279541016,-1.5073440074920654,0.7066201567649841,0.15640413761138916,1.274106740951538,1,False,0.8443455696105957,0.0
side,0.88,0,0.14450058341026306,39.7757682800293,-1.3707085847854614,0.6805523633956909,0.20942485332489014,1.5108236074447632,1,False,0.8437564969062805,0.0
side,0.9,0,0.14298543334007263,37.914493560791016,-1.214120626449585,0.6498947739601135,0.26708677411079407,1.7940964698791504,1,False,0.8418574333190918,0.0
side,0.92,0,0.14091253280639648,35.727169036865234,-1.0277957916259766,0.6136438250541687,0.3298506736755371,2.096327066421509,1,False,0.8389580845832825,0.0
side,0.9400000000000001,0,0.1381467878818512,33.140968322753906,-0.8134333491325378,0.5704931020736694,0.36934465169906616,2.8200740814208984,1,False,0.83635413646698,0.0
side,0.96,0,0.13758578896522522,32.022850036621094,-0.7218847274780273,0.5517457127571106,0.274129718542099,1.6209907531738281,2,False,0.8362126350402832,0.0
side,0.98,0,0.13779528439044952,32.25880432128906,-0.6973250508308411,0.5556958913803101,0.2448740452528,0.5863640308380127,2,False,0.8420643210411072,0.0
side,1.0,0,0.13778537511825562,32.203060150146484,-0.6721324324607849,0.5547558069229126,0.17855961620807648,0.6958982348442078,2,False,0.8485206365585327,0.0
side,1.02,0,0.13794143497943878,32.264137268066406,-0.6442082524299622,0.5557735562324524,0.12093552201986313,0.5135385394096375,2,False,0.853593111038208,0.0
side,1.04,0,0.13804064691066742,32.286399841308594,-0.6252039074897766,0.5561426281929016,0.08993709832429886,0.38670748472213745,2,False,0.8578298091888428,0.0
side,1.06,0,0.13808158040046692,32.29612731933594,-0.6153666377067566,0.5563037395477295,0.06952234357595444,0.1676485538482666,2,False,0.8615074753761292,0.0
side,1.08,0,0.13807623088359833,32.309932708740234,-0.6095830798149109,0.5565338730812073,0.03729166090488434,0.17921702563762665,2,False,0.8642336130142212,0.0
side,1.1,0,0.1380283534526825,32.30344772338867,-0.6089110970497131,0.5564250946044922,0.01517560612410307,0.21641157567501068,2,False,0.8657537698745728,0.0
side,1.12,0,0.13798248767852783,32.298866271972656,-0.6118257641792297,0.5563489198684692,0.024406425654888153,0.2072131484746933,2,False,0.8658162951469421,0.0
side,1.1400000000000001,0,0.13793985545635223,32.30061340332031,-0.6184192299842834,0.556379497051239,0.03799571469426155,0.24052852392196655,2,False,0.8651081919670105,0.0
side,1.16,0,0.13788670301437378,32.30461883544922,-0.6275579929351807,0.5564485192298889,0.04655211791396141,0.28619107604026794,2,False,0.8645786046981812,0.0
side,1.18,0,0.13782326877117157,32.308685302734375,-0.6379909515380859,0.5565188527107239,0.0503699854016304,0.3052827715873718,2,False,0.8642371296882629,0.0
side,1.2,0,0.13775865733623505,32.31174087524414,-0.6491610407829285,0.556572437286377,0.048636216670274734,0.3040752410888672,2,False,0.8640057444572449,0.0
side,1.22,0,0.13769760727882385,32.31378936767578,-0.6594801545143127,0.556609034538269,0.04238954186439514,0.2830609679222107,2,False,0.8637950420379639,0.0
side,1.24,0,0.13764463365077972,32.31448745727539,-0.6682096719741821,0.5566226243972778,0.03421219065785408,0.2377186119556427,2,False,0.8636020421981812,0.0
side,1.26,0,0.13760729134082794,32.315364837646484,-0.6743261218070984,0.5566386580467224,0.024537215009331703,0.19033774733543396,2,False,0.8634082674980164,0.0
side,1.28,0,0.1375829428434372,32.31397247314453,-0.6780738830566406,0.5566161870956421,0.015815727412700653,0.14800044894218445,2,False,0.8632420301437378,0.0
side,1.3,0,0.13757266104221344,32.312156677246094,-0.6792341470718384,0.556585967540741,0.011749818921089172,0.12074863165616989,2,False,0.8631305694580078,0.0
side,1.32,0,0.13757634162902832,32.311676025390625,-0.6785053014755249,0.5565778017044067,0.014021831564605236,0.11527387797832489,2,False,0.8630425333976746,0.0
side,1.34,0,0.13758622109889984,32.307071685791016,-0.6762462854385376,0.5565001964569092,0.016156557947397232,0.12148257344961166,2,False,0.8630668520927429,0.0
side,1.36,0,0.1376028209924698,32.30684280395508,-0.6731879115104675,0.5564955472946167,0.016736678779125214,0.12745638191699982,2,False,0.8630706071853638,0.0
side,1.3800000000000001,0,0.1376209706068039,32.30687713623047,-0.6703254580497742,0.5564954876899719,0.019239220768213272,0.11237926781177521,2,False,0.8631657361984253,0.0
side,1.4000000000000001,0,0.13763676583766937,32.304237365722656,-0.6672068238258362,0.556450605392456,0.01930898055434227,0.1164504885673523,2,False,0.8632634282112122,0.0
side,1.42,0,0.13765133917331696,32.304534912109375,-0.6644856929779053,0.5564550161361694,0.017812486737966537,0.12978337705135345,2,False,0.8633288741111755,0.0
side,1.44,0,0.13766582310199738,32.3050537109375,-0.6624571084976196,0.5564633011817932,0.01605435088276863,0.12487157434225082,2,False,0.8634136319160461,0.0
side,1.46,0,0.13768106698989868,32.30828094482422,-0.6604017019271851,0.5565169453620911,0.016446992754936218,0.12157624214887619,2,False,0.8634809851646423,0.0
side,1.48,0,0.137692391872406,32.306663513183594,-0.6583696603775024,0.5564892888069153,0.016210492700338364,0.12383344024419785,2,False,0.8635668754577637,0.0
side,1.5,0,0.13770312070846558,32.30719757080078,-0.6567270159721375,0.5564978718757629,0.015501800924539566,0.1202646866440773,2,False,0.8636236190795898,0.0
side,1.52,0,0.1377120018005371,32.30706787109375,-0.6554370522499084,0.5564954876899719,0.014978611841797829,0.12089113146066666,2,False,0.8636637330055237,0.0
side,1.54,0,0.13771767914295197,32.307037353515625,-0.654554009437561,0.5564947724342346,0.014218920841813087,0.11952856928110123,2,False,0.8636996746063232,0.0
side,1.56,0,0.13772127032279968,32.307682037353516,-0.6538940072059631,0.5565053820610046,0.013260852545499802,0.11582646518945694,2,False,0.863724946975708,0.0
side,1.58,0,0.13772258162498474,32.30745315551758,-0.6535104513168335,0.5565015077590942,0.013375701382756233,0.11511465162038803,2,False,0.8637322187423706,0.0
side,1.6,0,0.13772118091583252,32.30717086791992,-0.653779149055481,0.5564968585968018,0.013267195783555508,0.11931748688220978,2,False,0.8637318015098572,0.0
side,1.62,0,0.13771910965442657,32.308433532714844,-0.6543257236480713,0.5565180778503418,0.013094100169837475,0.11772233992815018,2,False,0.8637199997901917,0.0
side,1.6400000000000001,0,0.13771681487560272,32.308841705322266,-0.6553347706794739,0.5565252304077148,0.01326388493180275,0.1185036152601242,2,False,0.8637281060218811,0.0
side,1.6600000000000001,0,0.13771425187587738,32.30905532836914,-0.6553786993026733,0.5565288066864014,0.012885777279734612,0.12444978207349777,2,False,0.8636980056762695,0.0
side,1.68,0,0.13771198689937592,32.308616638183594,-0.6560524106025696,0.5565215945243835,0.013258246704936028,0.11532431840896606,2,False,0.86370450258255,0.0
side,1.7,0,0.13771094381809235,32.30928039550781,-0.6561905145645142,0.5565326809883118,0.012813686393201351,0.11772571504116058,2,False,0.8636510968208313,0.0
side,1.72,0,0.13770917057991028,32.30901336669922,-0.6564634442329407,0.5565283298492432,0.012897148728370667,0.11778201162815094,2,False,0.8636471033096313,0.0
side,1.74,0,0.13770869374275208,32.309410095214844,-0.6565693020820618,0.5565349459648132,0.013185692019760609,0.11694794148206711,2,False,0.8636361956596375,0.0
side,1.76,0,0.1377089023590088,32.30909729003906,-0.6568882465362549,0.5565298199653625,0.01338353380560875,0.11544253677129745,2,False,0.8636419773101807,0.0
side,1.78,0,0.1377093642950058,32.309139251708984,-0.6565753817558289,0.5565304160118103,0.01315121166408062,0.12091720849275589,2,False,0.8636183142662048,0.0
side,1.8,0,0.13770991563796997,32.30813217163086,-0.6563054323196411,0.5565134882926941,0.01311231218278408,0.11824113130569458,2,False,0.8636277914047241,0.0
side,1.82,0,0.13771168887615204,32.30862808227539,-0.6559596061706543,0.5565217137336731,0.013140221126377583,0.1169222965836525,2,False,0.8636317253112793,0.0
side,1.84,0,0.13771232962608337,32.30803298950195,-0.655724823474884,0.5565117001533508,0.013110977597534657,0.11658751964569092,2,False,0.8636390566825867,0.0
side,1.86,0,0.137713223695755,32.3079948425293,-0.6555609703063965,0.5565110445022583,0.013116266578435898,0.11653764545917511,2,False,0.863641083240509,0.0
side,1.8800000000000001,0,0.137713223695755,32.308013916015625,-0.6555954813957214,0.556511402130127,0.013105444610118866,0.1173945888876915,2,False,0.8636420965194702,0.0
side,1.9000000000000001,0,0.13771302998065948,32.30830001831055,-0.6556642055511475,0.556516170501709,0.013083139434456825,0.1174648329615593,2,False,0.8636404871940613,0.0
side,1.92,0,0.13771222531795502,32.30832290649414,-0.6558300256729126,0.5565166473388672,0.013076132163405418,0.1172105073928833,2,False,0.8636388182640076,0.0
side,1.94,0,0.13771145045757294,32.30838394165039,-0.6559375524520874,0.5565176606178284,0.01304708980023861,0.11691516637802124,2,False,0.8636369705200195,0.0
side,1.96,0,0.1377110481262207,32.308650970458984,-0.6562203168869019,0.5565221905708313,0.0130302170291543,0.1172901913523674,2,False,0.8636347651481628,0.0
side,1.98,0,0.13771039247512817,32.30879592895508,-0.6562395691871643,0.5565246343612671,0.012953605502843857,0.1169404685497284,2,False,0.8636329174041748,0.0
side,2.0,0,0.13771075010299683,32.308895111083984,-0.6562564373016357,0.5565263032913208,0.013066297397017479,0.11840225756168365,2,False,0.8636325597763062,0.0
side,2.02,0,0.1377108246088028,32.308509826660156,-0.6562030911445618,0.5565197467803955,0.013081712648272514,0.11798416823148727,2,False,0.8636335730552673,0.0
side,2.04,0,0.13771118223667145,32.30849075317383,-0.6560980081558228,0.5565195083618164,0.013050084933638573,0.11705169826745987,2,False,0.8636358976364136,0.0
side,2.06,0,0.13771143555641174,32.30828094482422,-0.6559528708457947,0.5565158724784851,0.013081228360533714,0.11672790348529816,2,False,0.8636361956596375,0.0
side,2.08,0,0.13771216571331024,32.308406829833984,-0.6559275388717651,0.556518018245697,0.013062640093266964,0.1164059117436409,2,False,0.8636360764503479,0.0
side,2.1,0,0.13771235942840576,32.30815887451172,-0.6558651924133301,0.5565138459205627,0.013102952390909195,0.11628666520118713,2,False,0.8636387586593628,0.0
side,2.12,0,0.13771232962608337,32.30832290649414,-0.6558017134666443,0.5565166473388672,0.013051595538854599,0.11607196182012558,2,False,0.8636397123336792,0.0
side,2.14,0,0.1377122402191162,32.308528900146484,-0.6558517217636108,0.5565200448036194,0.013003465719521046,0.11660701781511307,2,False,0.8636395931243896,0.0
side,2.16,0,0.13771216571331024,32.30834197998047,-0.6559169888496399,0.5565169453620911,0.013152453117072582,0.11748408526182175,2,False,0.8636406660079956,0.0
side,2.18,0,0.13771165907382965,32.30860137939453,-0.6559896469116211,0.5565212965011597,0.012997024692595005,0.11630034446716309,2,False,0.8636389374732971,0.0
side,2.2,0,0.13771149516105652,32.30864334106445,-0.6560121774673462,0.556522011756897,0.013017031364142895,0.11641060560941696,2,False,0.8636386394500732,0.0
side,2.22,0,0.1377115547657013,32.3084831237793,-0.6560655832290649,0.5565192699432373,0.013109665364027023,0.11756579577922821,2,False,0.8636375665664673,0.0
side,2.24,0,0.13771097362041473,32.308631896972656,-0.6560544371604919,0.5565218329429626,0.012947358191013336,0.11655214428901672,2,False,0.8636358976364136,0.0
side,2.2600000000000002,0,0.13771159946918488,32.30851745605469,-0.6560375690460205,0.5565199255943298,0.013151192106306553,0.11716478317975998,2,False,0.8636355400085449,0.0
side,2.2800000000000002,0,0.13771142065525055,32.30826187133789,-0.6560074090957642,0.5565155744552612,0.013056745752692223,0.11646483838558197,2,False,0.863635778427124,0.0
side,2.3000000000000003,0,0.1377115696668625,32.30835723876953,-0.6559475064277649,0.5565172433853149,0.013028605841100216,0.11614031344652176,2,False,0.8636354207992554,0.0
side,2.32,0,0.1377120465040207,32.308406829833984,-0.6559458374977112,0.5565180778503418,0.013134974986314774,0.11765658110380173,2,False,0.8636353611946106,0.0
side,2.34,0,0.13771183788776398,32.3082389831543,-0.6559364795684814,0.5565152168273926,0.013031775131821632,0.11576510965824127,2,False,0.8636382222175598,0.0
side,2.36,0,0.13771212100982666,32.30857467651367,-0.6559368968009949,0.5565208196640015,0.012976091355085373,0.11628584563732147,2,False,0.8636382222175598,0.0
side,2.38,0,0.13771210610866547,32.30831527709961,-0.6559088230133057,0.5565165281295776,0.013062266632914543,0.11642034351825714,2,False,0.863639771938324,0.0
side,2.4,0,0.13771192729473114,32.30855941772461,-0.6559065580368042,0.5565205216407776,0.012978837825357914,0.11634543538093567,2,False,0.8636392951011658,0.0
side,2.42,0,0.13771165907382965,32.30845642089844,-0.6559421420097351,0.5565188527107239,0.013045672327280045,0.11639728397130966,2,False,0.863638699054718,0.0
side,2.44,0,0.13771167397499084,32.308509826660156,-0.6559121608734131,0.5565197467803955,0.012957769446074963,0.11599971354007721,2,False,0.8636376261711121,0.0
side,2.46,0,0.1377118080854416,32.30862808227539,-0.6560080051422119,0.5565217137336731,0.013080982491374016,0.11712602525949478,2,False,0.8636357188224792,0.0
side,2.48,0,0.13771136105060577,32.308616638183594,-0.6559897661209106,0.5565215349197388,0.012925383634865284,0.11604572832584381,2,False,0.8636343479156494,0.0
side,2.5,0,0.13771142065525055,32.308448791503906,-0.6560027003288269,0.5565187335014343,0.013039404526352882,0.11709852516651154,2,False,0.8636345863342285,0.0
side,2.52,0,0.13771148025989532,32.308589935302734,-0.6560258865356445,0.5565211176872253,0.013003080151975155,0.11561807245016098,2,False,0.8636330366134644,0.0
side,2.54,0,0.13771171867847443,32.3084831237793,-0.6559948921203613,0.5565193295478821,0.013084517791867256,0.11664167046546936,2,False,0.8636331558227539,0.0
side,2.56,0,0.1377115249633789,32.30832290649414,-0.6559351682662964,0.5565165877342224,0.012970331124961376,0.11585503816604614,2,False,0.8636348843574524,0.0
side,2.58,0,0.137711763381958,32.308895111083984,-0.6560139656066895,0.5565261840820312,0.013035771436989307,0.11624924093484879,2,False,0.8636347651481628,0.0
side,2.6,0,0.13771174848079681,32.30860900878906,-0.6559735536575317,0.5565214157104492,0.013066581450402737,0.11643597483634949,2,False,0.8636358976364136,0.0
side,2.62,0,0.1377117931842804,32.308475494384766,-0.6559503078460693,0.5565192103385925,0.012999237515032291,0.1161351352930069,2,False,0.8636382818222046,0.0
side,2.64,0,0.13771183788776398,32.30851745605469,-0.6559183597564697,0.5565199255943298,0.012985287234187126,0.11680282652378082,2,False,0.8636384010314941,0.0
side,2.66,0,0.1377117931842804,32.308441162109375,-0.6559116840362549,0.5565186142921448,0.013028076849877834,0.1166330873966217,2,False,0.8636375665664673,0.0
side,2.68,0,0.13771170377731323,32.30841827392578,-0.6559377908706665,0.5565181970596313,0.012976311147212982,0.1154744029045105,2,False,0.8636371493339539,0.0
side,2.7,0,0.13771209120750427,32.30868148803711,-0.6559740900993347,0.5565226674079895,0.013088072650134563,0.11633507162332535,2,False,0.86363685131073,0.0
side,2.72,0,0.13771145045757294,32.308349609375,-0.6559696793556213,0.5565170645713806,0.012988570146262646,0.11666632443666458,2,False,0.863638162612915,0.0
side,2.74,0,0.13771183788776398,32.308589935302734,-0.6559733748435974,0.5565210580825806,0.013044754974544048,0.11631758511066437,2,False,0.8636375665664673,0.0
side,2.7600000000000002,0,0.13771167397499084,32.308502197265625,-0.6559485197067261,0.556519627571106,0.013029482215642929,0.11655014008283615,2,False,0.8636377453804016,0.0
side,2.7800000000000002,0,0.13771167397499084,32.3084831237793,-0.6559200286865234,0.5565192699432373,0.01301694754511118,0.11632523685693741,2,False,0.8636382818222046,0.0
side,2.8000000000000003,0,0.13771183788776398,32.30854034423828,-0.6559629440307617,0.5565202832221985,0.013063444755971432,0.1168641671538353,2,False,0.8636375665664673,0.0
side,2.82,0,0.13771168887615204,32.308380126953125,-0.6559617519378662,0.5565176010131836,0.013025345280766487,0.11642146110534668,2,False,0.8636375069618225,0.0
side,2.84,0,0.13771191239356995,32.30859375,-0.6559774279594421,0.5565211176872253,0.013033740222454071,0.11649831384420395,2,False,0.8636364340782166,0.0
side,2.86,0,0.1377115100622177,32.30857467651367,-0.6559410095214844,0.5565208792686462,0.012983260676264763,0.11642875522375107,2,False,0.8636362552642822,0.0
side,2.88,0,0.13771182298660278,32.30860900878906,-0.6559493541717529,0.5565214157104492,0.013044650666415691,0.11603055894374847,2,False,0.8636365532875061,0.0
side,2.9,0,0.1377115696668625,32.308414459228516,-0.6559802293777466,0.5565181374549866,0.013031494803726673,0.11697719246149063,2,False,0.8636377453804016,0.0
side,2.92,0,0.13771165907382965,32.30867004394531,-0.6559618711471558,0.5565224289894104,0.013040031306445599,0.11601045727729797,2,False,0.863635778427124,0.0
side,2.94,0,0.1377117931842804,32.308536529541016,-0.655958890914917,0.5565202236175537,0.012993818148970604,0.11563710123300552,2,False,0.8636369705200195,0.0
side,2.96,0,0.13771173357963562,32.30863571166992,-0.6559232473373413,0.5565218925476074,0.013007883913815022,0.11625216156244278,2,False,0.8636382222175598,0.0
side,2.98,0,0.13771182298660278,32.30851745605469,-0.6559507250785828,0.5565199255943298,0.013026898726820946,0.11598633229732513,2,False,0.8636370897293091,0.0
side,3.0,0,0.13771170377731323,32.308502197265625,-0.6559585928916931,0.556519627571106,0.013011648319661617,0.11666227132081985,2,False,0.8636369705200195,0.0
side,3.02,0,0.13771174848079681,32.308441162109375,-0.655964195728302,0.5565185546875,0.012995586730539799,0.1164141371846199,2,False,0.8636365532875061,0.0
side,3.04,0,0.137711763381958,32.30836486816406,-0.6559697389602661,0.5565173029899597,0.013010160997509956,0.11674166470766068,2,False,0.8636375069618225,0.0
side,3.06,0,0.13771182298660278,32.308528900146484,-0.655987024307251,0.5565200448036194,0.013017980381846428,0.11671959608793259,2,False,0.8636361956596375,0.0
side,3.08,0,0.13771192729473114,32.30849075317383,-0.6559807658195496,0.5565194487571716,0.013048753142356873,0.11681000143289566,2,False,0.8636375665664673,0.0
side,3.1,0,0.13771164417266846,32.308406829833984,-0.65597003698349,0.556518018245697,0.013026630505919456,0.11690835654735565,2,False,0.8636384010314941,0.0
side,3.12,0,0.13771173357963562,32.308414459228516,-0.6559155583381653,0.5565180778503418,0.013009108603000641,0.1159784346818924,2,False,0.8636370897293091,0.0
side,3.14,0,0.13771170377731323,32.30860137939453,-0.6559432148933411,0.5565212965011597,0.012982353568077087,0.11641470342874527,2,False,0.8636358380317688,0.0
side,3.16,0,0.13771185278892517,32.308448791503906,-0.6559785008430481,0.5565187335014343,0.01302624586969614,0.11680338531732559,2,False,0.8636358976364136,0.0
side,3.18,0,0.13771164417266846,32.308555603027344,-0.6559286713600159,0.5565205216407776,0.012984263710677624,0.1162865087389946,2,False,0.8636365532875061,0.0
side,3.2,0,0.13771170377731323,32.308509826660156,-0.6559142470359802,0.5565197467803955,0.01300502847880125,0.11666925996541977,2,False,0.8636365532875061,0.0
side,3.22,0,0.13771192729473114,32.30853271484375,-0.6559689044952393,0.5565201640129089,0.01305367425084114,0.11572157591581345,2,False,0.8636360168457031,0.0
side,3.24,0,0.13771195709705353,32.308509826660156,-0.6559728384017944,0.5565198063850403,0.013047860004007816,0.11602652072906494,2,False,0.8636367321014404,0.0
side,3.2600000000000002,0,0.13771173357963562,32.308448791503906,-0.6559522151947021,0.5565186738967896,0.012995625846087933,0.11604450643062592,2,False,0.863638162612915,0.0
side,3.2800000000000002,0,0.1377117931842804,32.30866241455078,-0.6559455990791321,0.5565223097801208,0.01301003247499466,0.11629535257816315,2,False,0.8636377453804016,0.0
side,3.3000000000000003,0,0.1377115249633789,32.308502197265625,-0.6559404730796814,0.556519627571106,0.012983586639165878,0.11647241562604904,2,False,0.8636378645896912,0.0
side,3.3200000000000003,0,0.13771188259124756,32.30855178833008,-0.6559690833091736,0.5565205216407776,0.013026085682213306,0.11640685796737671,2,False,0.8636377453804016,0.0
side,3.34,0,0.13771164417266846,32.30837631225586,-0.6559778451919556,0.556517481803894,0.012982905842363834,0.11617834120988846,2,False,0.8636384010314941,0.0
side,3.36,0,0.13771171867847443,32.308719635009766,-0.6559238433837891,0.5565232038497925,0.012972760014235973,0.1156681701540947,2,False,0.8636369705200195,0.0
side,3.38,0,0.13771170377731323,32.30842208862305,-0.6559439301490784,0.5565183162689209,0.013083250261843204,0.11658794432878494,2,False,0.8636375665664673,0.0
side,3.4,0,0.13771189749240875,32.308616638183594,-0.6559291481971741,0.5565215349197388,0.012992270290851593,0.11600612103939056,2,False,0.863636314868927,0.0
side,3.42,0,0.13771182298660278,32.308326721191406,-0.6559855937957764,0.556516706943512,0.013059490360319614,0.11646465212106705,2,False,0.8636365532875061,0.0
side,3.44,0,0.1377117782831192,32.308433532714844,-0.6559338569641113,0.5565184354782104,0.013026347383856773,0.11743396520614624,2,False,0.8636369705200195,0.0
side,3.46,0,0.13771173357963562,32.308380126953125,-0.6559475660324097,0.5565175414085388,0.01301030907779932,0.11631275713443756,2,False,0.8636365532875061,0.0
side,3.48,0,0.13771192729473114,32.308589935302734,-0.6559592485427856,0.5565210580825806,0.01303771324455738,0.11624960601329803,2,False,0.8636362552642822,0.0
side,3.5,0,0.13771174848079681,32.30846405029297,-0.6559461951255798,0.5565189719200134,0.013018553145229816,0.11687963455915451,2,False,0.8636377453804016,0.0
side,3.52,0,0.13771167397499084,32.30857467651367,-0.6559247970581055,0.5565208792686462,0.012986104004085064,0.1164337545633316,2,False,0.863636314868927,0.0
side,3.54,0,0.13771191239356995,32.30862808227539,-0.655941367149353,0.5565217137336731,0.013017377816140652,0.11632370948791504,2,False,0.8636372089385986,0.0
side,3.56,0,0.137711763381958,32.30845642089844,-0.6559643745422363,0.5565188527107239,0.013047241605818272,0.11664833128452301,2,False,0.8636378049850464,0.0
side,3.58,0,0.13771185278892517,32.30846405029297,-0.6559461951255798,0.5565189719200134,0.013018878176808357,0.11678817868232727,2,False,0.863636314868927,0.0
side,3.6,0,0.1377118080854416,32.308475494384766,-0.6559624671936035,0.5565192103385925,0.013027534820139408,0.11577154695987701,2,False,0.8636367321014404,0.0
side,3.62,0,0.1377118080854416,32.30860137939453,-0.655947208404541,0.5565212965011597,0.013000656850636005,0.11682212352752686,2,False,0.8636360764503479,0.0
side,3.64,0,0.13771174848079681,32.30840301513672,-0.6559538245201111,0.5565179586410522,0.013006273657083511,0.11652678996324539,2,False,0.8636372685432434,0.0
side,3.66,0,0.13771170377731323,32.30839920043945,-0.6559518575668335,0.5565178394317627,0.013040629215538502,0.11651110649108887,2,False,0.8636366128921509,0.0
side,3.68,0,0.1377118080854416,32.30857467651367,-0.6559510827064514,0.5565208792686462,0.012998226098716259,0.11638219654560089,2,False,0.8636362552642822,0.0
side,3.7,0,0.13771170377731323,32.308475494384766,-0.6559705138206482,0.5565192103385925,0.013025416992604733,0.11686395108699799,2,False,0.8636370897293091,0.0
side,3.72,0,0.13771186769008636,32.308536529541016,-0.655912458896637,0.5565202236175537,0.013032236136496067,0.1170387715101242,2,False,0.8636364340782166,0.0
side,3.74,0,0.13771183788776398,32.30845642089844,-0.6559582948684692,0.5565188527107239,0.013080635108053684,0.11675918847322464,2,False,0.8636369109153748,0.0
side,3.7600000000000002,0,0.137711763381958,32.3085823059082,-0.6559470295906067,0.5565209984779358,0.01298812497407198,0.11605213582515717,2,False,0.8636366128921509,0.0
side,3.7800000000000002,0,0.13771186769008636,32.30864334106445,-0.6559313535690308,0.556522011756897,0.013029773719608784,0.11648692935705185,2,False,0.8636364340782166,0.0
side,3.8000000000000003,0,0.13771174848079681,32.308349609375,-0.655945360660553,0.5565170645713806,0.013045581988990307,0.11580789089202881,2,False,0.8636378645896912,0.0
side,3.8200000000000003,0,0.1377118080854416,32.30857467651367,-0.6559430360794067,0.5565208792686462,0.012979532591998577,0.11562025547027588,2,False,0.8636369109153748,0.0
side,3.84,0,0.13771191239356995,32.308502197265625,-0.6559687852859497,0.5565196871757507,0.013086959719657898,0.11646520346403122,2,False,0.8636382222175598,0.0
side,3.86,0,0.1377115547657013,32.308536529541016,-0.6559386849403381,0.5565202236175537,0.013011053204536438,0.11618983000516891,2,False,0.8636384606361389,0.0
side,3.88,0,0.13771188259124756,32.308448791503906,-0.6559925675392151,0.5565187931060791,0.01301974430680275,0.11610335856676102,2,False,0.8636384010314941,0.0
side,3.9,0,0.1377115696668625,32.308326721191406,-0.6559553146362305,0.556516706943512,0.013006406836211681,0.11680439859628677,2,False,0.8636384010314941,0.0
side,3.92,0,0.1377117782831192,32.30851745605469,-0.6559768915176392,0.5565198659896851,0.013000092469155788,0.11615325510501862,2,False,0.86363685131073,0.0
side,3.94,0,0.1377118080854416,32.30859375,-0.655937135219574,0.5565211772918701,0.013051511719822884,0.11691250652074814,2,False,0.8636364340782166,0.0
side,3.96,0,0.1377118080854416,32.30842590332031,-0.6559539437294006,0.5565183758735657,0.013049013912677765,0.11581622809171677,2,False,0.8636374473571777,0.0
side,3.98,0,0.13771189749240875,32.308448791503906,-0.6559642553329468,0.5565187335014343,0.01304599829018116,0.11553874611854553,2,False,0.8636384606361389,0.0
side,4.0,0,0.1377120167016983,32.30866622924805,-0.6559719443321228,0.5565223693847656,0.013028383255004883,0.11625838279724121,2,False,0.8636382222175598,0.0
side,4.0200000000000005,0,0.13771165907382965,32.30839157104492,-0.6559739708900452,0.5565177798271179,0.013024606741964817,0.11607640981674194,2,False,0.8636396527290344,0.0
side,4.04,0,0.13771182298660278,32.30866622924805,-0.6559597849845886,0.5565223693847656,0.012967754155397415,0.11642588675022125,2,False,0.8636382222175598,0.0
side,4.0600000000000005,0,0.13771174848079681,32.30853271484375,-0.6559285521507263,0.5565201044082642,0.013049629516899586,0.1164846196770668,2,False,0.8636376261711121,0.0
side,4.08,0,0.13771159946918488,32.308502197265625,-0.6559666991233826,0.556519627571106,0.012999904341995716,0.11552639305591583,2,False,0.8636376261711121,0.0
side,4.1,0,0.13771191239356995,32.30866622924805,-0.6559880971908569,0.5565223693847656,0.013067442923784256,0.11663582175970078,2,False,0.8636361956596375,0.0
side,4.12,0,0.13771142065525055,32.308475494384766,-0.6559422612190247,0.5565191507339478,0.012990131042897701,0.11626695841550827,2,False,0.8636365532875061,0.0
side,4.14,0,0.1377120018005371,32.30864715576172,-0.6559536457061768,0.5565221309661865,0.01301186066120863,0.11650770157575607,2,False,0.8636353015899658,0.0
side,4.16,0,0.13771168887615204,32.308406829833984,-0.6559175252914429,0.556518018245697,0.013004712760448456,0.11705470830202103,2,False,0.8636371493339539,0.0
side,4.18,0,0.1377117931842804,32.308475494384766,-0.6559664607048035,0.5565191507339478,0.013007814064621925,0.11595272272825241,2,False,0.8636360764503479,0.0
side,4.2,0,0.13771182298660278,32.308616638183594,-0.655923068523407,0.556521475315094,0.013036048971116543,0.11652955412864685,2,False,0.863635778427124,0.0
side,4.22,0,0.13771159946918488,32.30839538574219,-0.6559032797813416,0.5565177798271179,0.013015594333410263,0.11567239463329315,2,False,0.8636369705200195,0.0
side,4.24,0,0.13771186769008636,32.30864334106445,-0.655953586101532,0.5565219521522522,0.013015668839216232,0.11618101596832275,2,False,0.8636360764503479,0.0
side,4.26,0,0.13771165907382965,32.30867004394531,-0.6559053063392639,0.5565224885940552,0.01294627133756876,0.11602169275283813,2,False,0.86363685131073,0.0
side,4.28,0,0.13771167397499084,32.308528900146484,-0.6559507250785828,0.5565200448036194,0.013054609298706055,0.11580853909254074,2,False,0.8636379837989807,0.0
side,4.3,0,0.13771182298660278,32.308624267578125,-0.6559534072875977,0.5565216541290283,0.012994857504963875,0.11614465713500977,2,False,0.8636372685432434,0.0
side,4.32,0,0.13771185278892517,32.308509826660156,-0.6559445261955261,0.5565198063850403,0.01301591470837593,0.1160367950797081,2,False,0.8636379837989807,0.0
side,4.34,0,0.1377118080854416,32.308502197265625,-0.6559545397758484,0.5565196871757507,0.013075591064989567,0.11665214598178864,2,False,0.863637387752533,0.0
side,4.36,0,0.13771159946918488,32.30842590332031,-0.6559641361236572,0.5565183758735657,0.012989125214517117,0.11561806499958038,2,False,0.8636372089385986,0.0
side,4.38,0,0.1377118080854416,32.308536529541016,-0.6559790968894958,0.5565202236175537,0.013015728443861008,0.11674971133470535,2,False,0.8636358976364136,0.0
side,4.4,0,0.137711763381958,32.308509826660156,-0.6559627652168274,0.5565198063850403,0.013025193475186825,0.11603223532438278,2,False,0.8636371493339539,0.0
side,4.42,0,0.13771174848079681,32.308475494384766,-0.6559605002403259,0.5565192103385925,0.013031814247369766,0.11679229140281677,2,False,0.8636374473571777,0.0
side,4.44,0,0.13771165907382965,32.308349609375,-0.6559191346168518,0.5565170645713806,0.013053481467068195,0.11632285267114639,2,False,0.8636382222175598,0.0
side,4.46,0,0.13771191239356995,32.308563232421875,-0.6559489369392395,0.5565206408500671,0.013030842877924442,0.1163608580827713,2,False,0.8636364340782166,0.0
side,4.48,0,0.1377117782831192,32.30848693847656,-0.6559463739395142,0.5565193891525269,0.013010160066187382,0.11527280509471893,2,False,0.8636378645896912,0.0
side,4.5,0,0.13771212100982666,32.308448791503906,-0.6559663414955139,0.5565187335014343,0.013102280907332897,0.11720648407936096,2,False,0.8636388182640076,0.0
side,4.5200000000000005,0,0.13771161437034607,32.30842208862305,-0.6559600830078125,0.5565183162689209,0.01302735973149538,0.11612049490213394,2,False,0.8636385202407837,0.0
side,4.54,0,0.13771182298660278,32.30878448486328,-0.6559343934059143,0.556524395942688,0.012995581142604351,0.11638712882995605,2,False,0.8636369705200195,0.0
side,4.5600000000000005,0,0.13771170377731323,32.30845642089844,-0.6559785008430481,0.5565188527107239,0.013067584484815598,0.11703610420227051,2,False,0.8636379241943359,0.0
side,4.58,0,0.13771170377731323,32.30845642089844,-0.655936062335968,0.5565188527107239,0.013042042031884193,0.11701827496290207,2,False,0.8636384010314941,0.0
side,4.6000000000000005,0,0.13771174848079681,32.30857467651367,-0.6559388637542725,0.5565208196640015,0.013072091154754162,0.11684637516736984,2,False,0.8636366724967957,0.0
side,4.62,0,0.1377115547657013,32.30867004394531,-0.6559820175170898,0.5565224289894104,0.012993324548006058,0.11624763160943985,2,False,0.8636350631713867,0.0
side,4.64,0,0.13771183788776398,32.308528900146484,-0.6559486985206604,0.5565200448036194,0.013100861571729183,0.11734505742788315,2,False,0.8636344075202942,0.0
side,4.66,0,0.13771148025989532,32.308597564697266,-0.6559895277023315,0.5565212368965149,0.012996874749660492,0.11601629108190536,2,False,0.8636345863342285,0.0
side,4.68,0,0.1377115100622177,32.30864715576172,-0.655963659286499,0.5565221309661865,0.012977108359336853,0.11604327708482742,2,False,0.863635778427124,0.0
side,4.7,0,0.13771167397499084,32.3087043762207,-0.6559257507324219,0.5565230250358582,0.013035619631409645,0.1172160655260086,2,False,0.8636353611946106,0.0
side,4.72,0,0.13771161437034607,32.308353424072266,-0.6559474468231201,0.5565171241760254,0.01302959956228733,0.11590944975614548,2,False,0.8636369705200195,0.0
side,4.74,0,0.13771185278892517,32.30855178833008,-0.6559327244758606,0.5565204620361328,0.013037772849202156,0.1162586435675621,2,False,0.8636370301246643,0.0
side,4.76,0,0.13771173357963562,32.30855178833008,-0.6559306383132935,0.5565204620361328,0.012984718196094036,0.11627193540334702,2,False,0.8636362552642822,0.0
side,4.78,0,0.13771189749240875,32.30855178833008,-0.655934751033783,0.5565204620361328,0.013056902214884758,0.11608292907476425,2,False,0.8636372089385986,0.0
side,4.8,0,0.13771167397499084,32.308502197265625,-0.6559545397758484,0.5565196871757507,0.013013830408453941,0.1164780706167221,2,False,0.8636374473571777,0.0
side,4.82,0,0.1377118080854416,32.30862808227539,-0.6559433937072754,0.5565217733383179,0.013022149913012981,0.11652055382728577,2,False,0.8636371493339539,0.0
side,4.84,0,0.1377115696668625,32.308387756347656,-0.6559699177742004,0.5565176606178284,0.0130492327734828,0.11629722267389297,2,False,0.8636377453804016,0.0
side,4.86,0,0.13771182298660278,32.30864334106445,-0.6559536457061768,0.556522011756897,0.012993822805583477,0.11604135483503342,2,False,0.8636371493339539,0.0
side,4.88,0,0.13771171867847443,32.308509826660156,-0.6559343934059143,0.5565196871757507,0.012991081923246384,0.11663022637367249,2,False,0.8636374473571777,0.0
side,4.9,0,0.13771185278892517,32.30858612060547,-0.6559491753578186,0.5565210580825806,0.013041391037404537,0.11643602699041367,2,False,0.8636369705200195,0.0
side,4.92,0,0.13771162927150726,32.308326721191406,-0.6559290885925293,0.5565166473388672,0.01303549949079752,0.11647926270961761,2,False,0.8636382222175598,0.0
side,4.94,0,0.13771171867847443,32.30867004394531,-0.6559295058250427,0.5565224885940552,0.012981096282601357,0.1163376197218895,2,False,0.863636314868927,0.0
side,4.96,0,0.13771189749240875,32.30853271484375,-0.6559649109840393,0.5565201640129089,0.013046026229858398,0.11657188832759857,2,False,0.8636361360549927,0.0
side,4.98,0,0.13771174848079681,32.3084831237793,-0.6559423804283142,0.5565192103385925,0.013025102205574512,0.11668941378593445,2,False,0.8636365532875061,0.0
side,5.0,0,0.13771173357963562,32.30829620361328,-0.6559611558914185,0.5565162301063538,0.013036316260695457,0.11561327427625656,2,False,0.8636369705200195,0.0
side,5.0200000000000005,0,0.13771171867847443,32.308475494384766,-0.6558756232261658,0.5565191507339478,0.012949353083968163,0.11608506739139557,2,False,0.8636355400085449,0.0
side,5.04,0,0.13771182298660278,32.308502197265625,-0.6559849381446838,0.556519627571106,0.013027871027588844,0.11617133766412735,2,False,0.8636369705200195,0.0
side,5.0600000000000005,0,0.1377117782831192,32.30835723876953,-0.6559454798698425,0.5565172433853149,0.0130618242546916,0.11719618737697601,2,False,0.8636382222175598,0.0
side,5.08,0,0.1377118080854416,32.308265686035156,-0.6559710502624512,0.5565157532691956,0.013099382631480694,0.11676066368818283,2,False,0.8636383414268494,0.0
side,5.1000000000000005,0,0.13771171867847443,32.308677673339844,-0.6559902429580688,0.5565226078033447,0.013001811690628529,0.11605782061815262,2,False,0.8636367321014404,0.0
side,5.12,0,0.1377115249633789,32.308433532714844,-0.6559743285179138,0.5565184354782104,0.013003315776586533,0.11530712246894836,2,False,0.8636378645896912,0.0
side,5.14,0,0.13771161437034607,32.308616638183594,-0.6559997797012329,0.5565215349197388,0.01300573255866766,0.11597345769405365,2,False,0.8636370897293091,0.0
side,5.16,0,0.13771167397499084,32.308441162109375,-0.6559945344924927,0.5565186738967896,0.012985887937247753,0.1163361668586731,2,False,0.8636377453804016,0.0
side,5.18,0,0.137711763381958,32.308467864990234,-0.6559624671936035,0.5565190315246582,0.01304937619715929,0.11672782897949219,2,False,0.8636376857757568,0.0
side,5.2,0,0.13771182298660278,32.30829620361328,-0.6559187769889832,0.556516170501709,0.013042395003139973,0.11686177551746368,2,False,0.8636373281478882,0.0
side,5.22,0,0.13771167397499084,32.30829620361328,-0.6558824181556702,0.556516170501709,0.012976516038179398,0.11568362265825272,2,False,0.8636366724967957,0.0
side,5.24,0,0.13771216571331024,32.30854797363281,-0.6559447646141052,0.556520402431488,0.013036188669502735,0.11620800197124481,2,False,0.8636358976364136,0.0
side,5.26,0,0.13771185278892517,32.3084831237793,-0.65593022108078,0.5565192699432373,0.012984423898160458,0.11639924347400665,2,False,0.8636377453804016,0.0
side,5.28,0,0.1377118080854416,32.308494567871094,-0.6559625864028931,0.5565195083618164,0.01301520224660635,0.1164526641368866,2,False,0.8636370897293091,0.0
side,5.3,0,0.13771185278892517,32.30851745605469,-0.6559910178184509,0.5565198659896851,0.013003257103264332,0.11646263301372528,2,False,0.8636370301246643,0.0
side,5.32,0,0.13771158456802368,32.30855178833008,-0.6559569239616394,0.5565204620361328,0.012959299609065056,0.1162698045372963,2,False,0.863637387752533,0.0
side,5.34,0,0.1377117931842804,32.308528900146484,-0.655946671962738,0.5565200448036194,0.0130362119525671,0.11611904948949814,2,False,0.8636374473571777,0.0
side,5.36,0,0.1377117782831192,32.30848693847656,-0.6559605598449707,0.5565193891525269,0.013031483627855778,0.11713847517967224,2,False,0.863635778427124,0.0
side,5.38,0,0.13771182298660278,32.30834197998047,-0.6559755802154541,0.5565168857574463,0.013085917569696903,0.11759073287248611,2,False,0.8636360168457031,0.0
side,5.4,0,0.1377115100622177,32.30865478515625,-0.6559658050537109,0.5565221309661865,0.01296545471996069,0.11610815674066544,2,False,0.8636336922645569,0.0
side,5.42,0,0.13771174848079681,32.308448791503906,-0.6559259295463562,0.5565186738967896,0.013078778050839901,0.11687113344669342,2,False,0.863635241985321,0.0
side,5.44,0,0.13771161437034607,32.308475494384766,-0.6559402346611023,0.5565192103385925,0.013048888184130192,0.11640745401382446,2,False,0.8636353611946106,0.0
side,5.46,0,0.13771173357963562,32.30839920043945,-0.6559599041938782,0.5565178990364075,0.013022386468946934,0.11574847251176834,2,False,0.863636314868927,0.0
side,5.48,0,0.13771171867847443,32.308528900146484,-0.6559426784515381,0.5565200448036194,0.01303709577769041,0.1172424927353859,2,False,0.8636355996131897,0.0
side,5.5,0,0.1377120018005371,32.308528900146484,-0.6559628248214722,0.5565201044082642,0.01314006932079792,0.11637860536575317,2,False,0.8636358380317688,0.0
side,5.5200000000000005,0,0.1377117782831192,32.30848693847656,-0.6559746861457825,0.5565193891525269,0.01303172018378973,0.1162983775138855,2,False,0.8636374473571777,0.0
side,5.54,0,0.1377118080854416,32.308509826660156,-0.6559708118438721,0.5565198063850403,0.013021839782595634,0.11660893261432648,2,False,0.8636377453804016,0.0
side,5.5600000000000005,0,0.13771185278892517,32.3084831237793,-0.6559382677078247,0.5565192103385925,0.013035107403993607,0.11650997400283813,2,False,0.8636373281478882,0.0
side,5.58,0,0.13771185278892517,32.30860137939453,-0.6559169292449951,0.5565212965011597,0.012980533763766289,0.11573027819395065,2,False,0.863635778427124,0.0
side,5.6000000000000005,0,0.13771207630634308,32.3087043762207,-0.6559661626815796,0.5565230250358582,0.013052010908722878,0.11680871993303299,2,False,0.8636364340782166,0.0
side,5.62,0,0.13771161437034607,32.30829620361328,-0.6559430360794067,0.556516170501709,0.013041166588664055,0.11668051034212112,2,False,0.8636382222175598,0.0
side,5.64,0,0.13771170377731323,32.3087043762207,-0.655951976776123,0.5565230250358582,0.012967481277883053,0.1161542758345604,2,False,0.8636366128921509,0.0
side,5.66,0,0.13771171867847443,32.308406829833984,-0.6558831334114075,0.556518018245697,0.013007475063204765,0.11698519438505173,2,False,0.8636366724967957,0.0
side,5.68,0,0.1377115547657013,32.30848693847656,-0.65593421459198,0.5565193891525269,0.013019991107285023,0.11665064841508865,2,False,0.8636360168457031,0.0
side,5.7,0,0.13771170377731323,32.30860137939453,-0.6559451818466187,0.5565212965011597,0.012961642816662788,0.11581205576658249,2,False,0.8636353611946106,0.0
side,5.72,0,0.13771168887615204,32.30860900878906,-0.6559432148933411,0.5565214157104492,0.013017814606428146,0.11611910909414291,2,False,0.863635241985321,0.0
side,5.74,0,0.13771165907382965,32.30860137939453,-0.6559391617774963,0.5565212965011597,0.012991344556212425,0.11659596115350723,2,False,0.863635778427124,0.0
side,5.76,0,0.1377115249633789,32.30850601196289,-0.6559505462646484,0.5565196871757507,0.01298495288938284,0.11644816398620605,2,False,0.8636365532875061,0.0
side,5.78,0,0.13771185278892517,32.308475494384766,-0.6559503078460693,0.5565192103385925,0.013030923902988434,0.1170564740896225,2,False,0.8636364340782166,0.0
side,5.8,0,0.1377117931842804,32.30851745605469,-0.6559607982635498,0.5565199255943298,0.013008088804781437,0.11694817245006561,2,False,0.863636314868927,0.0
side,5.82,0,0.13771185278892517,32.308475494384766,-0.6559321880340576,0.5565192103385925,0.013014167547225952,0.11639662086963654,2,False,0.8636369109153748,0.0
side,5.84,0,0.13771189749240875,32.30842971801758,-0.6559682488441467,0.5565183758735657,0.013010990805923939,0.11655872315168381,2,False,0.8636379837989807,0.0
side,5.86,0,0.13771186769008636,32.30868911743164,-0.6559438109397888,0.556522786617279,0.01298557873815298,0.11685453355312347,2,False,0.863636314868927,0.0
side,5.88,0,0.13771168887615204,32.308441162109375,-0.6559338569641113,0.5565185546875,0.013048998080193996,0.11622249335050583,2,False,0.863637387752533,0.0
side,5.9,0,0.13771182298660278,32.3084831237793,-0.6559483408927917,0.5565192699432373,0.013048158027231693,0.11586912721395493,2,False,0.8636371493339539,0.0
side,5.92,0,0.13771183788776398,32.30862808227539,-0.6559332609176636,0.5565217137336731,0.013029373250901699,0.11607146263122559,2,False,0.8636371493339539,0.0
side,5.94,0,0.13771182298660278,32.308380126953125,-0.6559739112854004,0.5565176010131836,0.013086074031889439,0.11626286804676056,2,False,0.8636386394500732,0.0
side,5.96,0,0.13771185278892517,32.30858612060547,-0.6559592485427856,0.5565210580825806,0.013021223247051239,0.11666630953550339,2,False,0.8636376261711121,0.0
side,5.98,0,0.13771174848079681,32.308433532714844,-0.6559682488441467,0.5565184354782104,0.013040714897215366,0.11647693067789078,2,False,0.8636372685432434,0.0
side,6.0,0,0.13771206140518188,32.30846405029297,-0.6559300422668457,0.5565189719200134,0.013071986846625805,0.11702007055282593,2,False,0.8636369109153748,0.0
side,6.0200000000000005,0,0.13771167397499084,32.30839157104492,-0.6559516787528992,0.5565177202224731,0.013021673075854778,0.11616180837154388,2,False,0.8636371493339539,0.0
side,6.04,0,0.13771174848079681,32.30856704711914,-0.6559469699859619,0.5565207600593567,0.013013257645070553,0.11565936356782913,2,False,0.8636374473571777,0.0
side,6.0600000000000005,0,0.1377120018005371,32.30862045288086,-0.6559635400772095,0.5565215945243835,0.01303795911371708,0.11648694425821304,2,False,0.8636370897293091,0.0
side,6.08,0,0.13771174848079681,32.308414459228516,-0.6559317111968994,0.5565181374549866,0.013027483597397804,0.11652200669050217,2,False,0.8636374473571777,0.0
side,6.1000000000000005,0,0.13771185278892517,32.308555603027344,-0.65594083070755,0.5565205216407776,0.013022883795201778,0.11554483324289322,2,False,0.86363685131073,0.0
side,6.12,0,0.13771158456802368,32.308441162109375,-0.6559399962425232,0.5565186738967896,0.013007482513785362,0.1162615567445755,2,False,0.8636376261711121,0.0
side,6.140000000000001,0,0.13771191239356995,32.30859375,-0.6559572219848633,0.5565211772918701,0.013008643873035908,0.11614661663770676,2,False,0.863636314868927,0.0
side,6.16,0,0.13771162927150726,32.308528900146484,-0.6559244394302368,0.5565200448036194,0.012979044578969479,0.11639836430549622,2,False,0.86363685131073,0.0
side,6.18,0,0.13771182298660278,32.308536529541016,-0.6559486985206604,0.5565202236175537,0.013028068467974663,0.11624520272016525,2,False,0.8636362552642822,0.0
side,6.2,0,0.13771188259124756,32.308502197265625,-0.6559687852859497,0.5565196871757507,0.013024426065385342,0.11579222977161407,2,False,0.8636371493339539,0.0
side,6.22,0,0.13771168887615204,32.30854034423828,-0.655954897403717,0.5565202832221985,0.01298585720360279,0.11626218259334564,2,False,0.8636379837989807,0.0
side,6.24,0,0.1377117931842804,32.30859375,-0.6559289693832397,0.5565211176872253,0.013035120442509651,0.11650567501783371,2,False,0.8636376261711121,0.0
side,6.26,0,0.13771174848079681,32.30829620361328,-0.6558945178985596,0.5565161108970642,0.013008122332394123,0.11607960611581802,2,False,0.8636369109153748,0.0
side,6.28,0,0.13771183788776398,32.308433532714844,-0.655978262424469,0.5565184354782104,0.013061792589724064,0.11622249335050583,2,False,0.8636357188224792,0.0
side,6.3,0,0.1377118080854416,32.30858612060547,-0.6559714078903198,0.5565210580825806,0.013056746684014797,0.11638230830430984,2,False,0.863635778427124,0.0
side,6.32,0,0.1377115249633789,32.308528900146484,-0.6559789776802063,0.5565201044082642,0.013035968877375126,0.11605267226696014,2,False,0.86363685131073,0.0
side,6.34,0,0.13771148025989532,32.30854797363281,-0.6560155153274536,0.556520402431488,0.013016813434660435,0.11630450189113617,2,False,0.8636358976364136,0.0
side,6.36,0,0.13771148025989532,32.308719635009766,-0.6559885144233704,0.5565232634544373,0.012957257218658924,0.11625730246305466,2,False,0.8636362552642822,0.0
side,6.38,0,0.13771162927150726,32.30837631225586,-0.6560263633728027,0.5565175414085388,0.013067160733044147,0.11698931455612183,2,False,0.8636367321014404,0.0
side,6.4,0,0.13771182298660278,32.308433532714844,-0.6559924483299255,0.5565185546875,0.013071542605757713,0.11655533313751221,2,False,0.8636357188224792,0.0
side,6.42,0,0.13771173357963562,32.30824661254883,-0.655888020992279,0.5565152764320374,0.01305299811065197,0.11686491966247559,2,False,0.8636354207992554,0.0
side,6.44,0,0.13771168887615204,32.30869674682617,-0.6559560298919678,0.5565228462219238,0.013029052875936031,0.11559831351041794,2,False,0.8636336922645569,0.0
side,6.46,0,0.13771170377731323,32.308467864990234,-0.6559543609619141,0.556519091129303,0.013055413030087948,0.11666394025087357,2,False,0.8636351823806763,0.0
side,6.48,0,0.13771173357963562,32.30839538574219,-0.655947744846344,0.5565178394317627,0.013053062371909618,0.11634194105863571,2,False,0.8636367321014404,0.0
side,6.5,0,0.13771188259124756,32.3087043762207,-0.655964195728302,0.5565230846405029,0.012985697016119957,0.11577603220939636,2,False,0.8636364340782166,0.0
side,6.5200000000000005,0,0.1377117931842804,32.308624267578125,-0.6559129953384399,0.5565216541290283,0.012988660484552383,0.1169125884771347,2,False,0.8636371493339539,0.0
side,6.54,0,0.13771185278892517,32.30851745605469,-0.6559667587280273,0.5565199255943298,0.013037719763815403,0.11612224578857422,2,False,0.8636370301246643,0.0
side,6.5600000000000005,0,0.137711763381958,32.30846405029297,-0.6559421420097351,0.5565189719200134,0.01304012630134821,0.11584291607141495,2,False,0.8636370897293091,0.0
side,6.58,0,0.13771183788776398,32.308326721191406,-0.6559351682662964,0.556516706943512,0.013069664128124714,0.11668909341096878,2,False,0.8636377453804016,0.0
side,6.6000000000000005,0,0.1377117931842804,32.308509826660156,-0.6559708118438721,0.5565198063850403,0.013053620234131813,0.11582523584365845,2,False,0.8636372685432434,0.0
side,6.62,0,0.13771186769008636,32.308258056640625,-0.65594881772995,0.5565155148506165,0.013146728277206421,0.11760301142930984,2,False,0.8636381030082703,0.0
side,6.640000000000001,0,0.13771167397499084,32.30855178833008,-0.6559528708457947,0.5565204620361328,0.013016529381275177,0.11575816571712494,2,False,0.863637387752533,0.0
side,6.66,0,0.13771171867847443,32.30869674682617,-0.6559600234031677,0.5565229058265686,0.013004974462091923,0.11571571975946426,2,False,0.8636371493339539,0.0
side,6.68,0,0.13771195709705353,32.308685302734375,-0.6560084223747253,0.5565227270126343,0.013063873164355755,0.11607742309570312,2,False,0.8636378049850464,0.0
side,6.7,0,0.13771186769008636,32.308349609375,-0.6559150218963623,0.5565170645713806,0.013028920628130436,0.11727841198444366,2,False,0.8636389374732971,0.0
side,6.72,0,0.13771171867847443,32.30863571166992,-0.6559737920761108,0.5565218329429626,0.01296200416982174,0.1161898523569107,2,False,0.863636314868927,0.0
side,6.74,0,0.13771174848079681,32.30857467651367,-0.6559571623802185,0.5565208792686462,0.013040810823440552,0.11669110506772995,2,False,0.863636314868927,0.0
side,6.76,0,0.13771161437034607,32.308502197265625,-0.6559383869171143,0.556519627571106,0.013037623837590218,0.11632528901100159,2,False,0.8636360168457031,0.0
side,6.78,0,0.1377118080854416,32.30863571166992,-0.6559373140335083,0.5565218329429626,0.01300909835845232,0.11573030799627304,2,False,0.8636365532875061,0.0
side,6.8,0,0.1377117782831192,32.30856704711914,-0.6559469699859619,0.5565207600593567,0.013039243407547474,0.11641013622283936,2,False,0.8636366128921509,0.0
side,6.82,0,0.13771183788776398,32.30845642089844,-0.6559602618217468,0.5565189123153687,0.01302307564765215,0.11628296226263046,2,False,0.863638162612915,0.0
side,6.84,0,0.13771185278892517,32.308597564697266,-0.6559572815895081,0.5565212368965149,0.013008578680455685,0.11632157117128372,2,False,0.8636364340782166,0.0
side,6.86,0,0.13771174848079681,32.308441162109375,-0.655960202217102,0.5565185546875,0.013022959232330322,0.11656956374645233,2,False,0.8636382222175598,0.0
side,6.88,0,0.13771170377731323,32.30851745605469,-0.6559162735939026,0.5565198063850403,0.012993712909519672,0.11647011339664459,2,False,0.8636374473571777,0.0
side,6.9,0,0.1377117782831192,32.30854034423828,-0.6559386849403381,0.5565202832221985,0.01305452547967434,0.11683004349470139,2,False,0.8636369109153748,0.0
side,6.92,0,0.13771174848079681,32.308448791503906,-0.6559117436408997,0.5565187335014343,0.013033362105488777,0.11564236879348755,2,False,0.8636374473571777,0.0
side,6.94,0,0.1377120465040207,32.30874252319336,-0.6559522151947021,0.5565235614776611,0.013068241067230701,0.11647552251815796,2,False,0.8636360764503479,0.0
side,6.96,0,0.137711763381958,32.308414459228516,-0.6559418439865112,0.5565181374549866,0.013037975877523422,0.11651711165904999,2,False,0.8636377453804016,0.0
side,6.98,0,0.13771182298660278,32.30845642089844,-0.6559582948684692,0.5565188527107239,0.013022305443882942,0.11650325357913971,2,False,0.8636361956596375,0.0
side,7.0,0,0.13771182298660278,32.30848693847656,-0.6559727191925049,0.5565193891525269,0.013014622963964939,0.11683476716279984,2,False,0.8636351227760315,0.0
side,7.0200000000000005,0,0.1377115547657013,32.30826187133789,-0.6558598279953003,0.5565155744552612,0.012968577444553375,0.1162545457482338,2,False,0.8636350631713867,0.0
side,7.04,0,0.13771185278892517,32.30842208862305,-0.6559539437294006,0.5565183162689209,0.013031314127147198,0.11544115096330643,2,False,0.8636345267295837,0.0
side,7.0600000000000005,0,0.13771170377731323,32.30862808227539,-0.6559494137763977,0.5565217137336731,0.0129802655428648,0.11544300615787506,2,False,0.8636344075202942,0.0
side,7.08,0,0.13771158456802368,32.30856704711914,-0.6559732556343079,0.5565207600593567,0.013025102205574512,0.11614362895488739,2,False,0.8636365532875061,0.0
side,7.1000000000000005,0,0.13771168887615204,32.30855941772461,-0.6559610366821289,0.5565205812454224,0.013025322929024696,0.11629235744476318,2,False,0.86363685131073,0.0
side,7.12,0,0.13771182298660278,32.30851745605469,-0.6559647917747498,0.5565199255943298,0.013048896566033363,0.11713176965713501,2,False,0.863636314868927,0.0
side,7.140000000000001,0,0.13771185278892517,32.30854415893555,-0.6559286117553711,0.5565203428268433,0.012993435375392437,0.11601322889328003,2,False,0.86363685131073,0.0
side,7.16,0,0.1377120465040207,32.30863571166992,-0.6559333205223083,0.5565218329429626,0.013063037768006325,0.11696172505617142,2,False,0.86363685131073,0.0
side,7.18,0,0.13771189749240875,32.30846405029297,-0.6559239625930786,0.5565189719200134,0.013051592744886875,0.1169435977935791,2,False,0.8636370301246643,0.0
side,7.2,0,0.13771158456802368,32.30842208862305,-0.6559135913848877,0.5565183162689209,0.013000519946217537,0.11604736745357513,2,False,0.8636369109153748,0.0
side,7.22,0,0.1377117782831192,32.30864334106445,-0.6559777855873108,0.556522011756897,0.012982909567654133,0.11642447113990784,2,False,0.8636358380317688,0.0
side,7.24,0,0.13771161437034607,32.308502197265625,-0.6559363603591919,0.5565195679664612,0.013015062548220158,0.11676043272018433,2,False,0.8636370301246643,0.0
side,7.26,0,0.1377118080854416,32.308616638183594,-0.65595543384552,0.5565215945243835,0.012981832958757877,0.11664456874132156,2,False,0.8636372685432434,0.0
side,7.28,0,0.1377117931842804,32.308448791503906,-0.6559541821479797,0.5565186738967896,0.013084226287901402,0.11691153049468994,2,False,0.8636382222175598,0.0
side,7.3,0,0.13771170377731323,32.308509826660156,-0.6559485793113708,0.5565197467803955,0.012999379076063633,0.11614448577165604,2,False,0.8636378049850464,0.0
side,7.32,0,0.13771188259124756,32.30858612060547,-0.655965268611908,0.5565210580825806,0.013059050776064396,0.11639746278524399,2,False,0.8636364936828613,0.0
side,7.34,0,0.13771185278892517,32.30854415893555,-0.6559508442878723,0.5565203428268433,0.013006472960114479,0.11660756170749664,2,False,0.8636366128921509,0.0
side,7.36,0,0.13771164417266846,32.30859375,-0.6559188365936279,0.5565211176872253,0.012997649610042572,0.11682115495204926,2,False,0.8636353611946106,0.0
side,7.38,0,0.137711763381958,32.308353424072266,-0.655931293964386,0.5565171241760254,0.013029877096414566,0.116431325674057,2,False,0.86363685131073,0.0
side,7.4,0,0.13771182298660278,32.30855941772461,-0.6559428572654724,0.5565205812454224,0.01302208099514246,0.11608705669641495,2,False,0.863635778427124,0.0
side,7.42,0,0.1377117782831192,32.30846405029297,-0.6559542417526245,0.5565189719200134,0.013010676018893719,0.11671487987041473,2,False,0.86363685131073,0.0
side,7.44,0,0.1377117931842804,32.30854797363281,-0.6559326648712158,0.556520402431488,0.013017893768846989,0.11649011820554733,2,False,0.8636372685432434,0.0
side,7.46,0,0.1377118080854416,32.308372497558594,-0.6559293866157532,0.5565174221992493,0.013056070543825626,0.11625435948371887,2,False,0.8636378049850464,0.0
side,7.48,0,0.137711763381958,32.30859375,-0.6559491753578186,0.5565211176872253,0.013000253587961197,0.11607945710420609,2,False,0.8636370897293091,0.0
side,7.5,0,0.13771182298660278,32.30863571166992,-0.6559555530548096,0.5565218329429626,0.0130526814609766,0.11644016951322556,2,False,0.8636367321014404,0.0
side,7.5200000000000005,0,0.13771185278892517,32.308448791503906,-0.655982494354248,0.5565187335014343,0.013024024665355682,0.11585801839828491,2,False,0.8636381030082703,0.0
side,7.54,0,0.13771167397499084,32.30846405029297,-0.6559340953826904,0.5565189719200134,0.0130064208060503,0.11662477999925613,2,False,0.8636378049850464,0.0
side,7.5600000000000005,0,0.13771186769008636,32.30860900878906,-0.6559452414512634,0.5565214157104492,0.013051999732851982,0.11666204780340195,2,False,0.8636375665664673,0.0
side,7.58,0,0.13771185278892517,32.308616638183594,-0.6559473872184753,0.556521475315094,0.013033757917582989,0.11631835252046585,2,False,0.8636364936828613,0.0
side,7.6000000000000005,0,0.13771182298660278,32.308467864990234,-0.6559503078460693,0.5565189719200134,0.01304316520690918,0.11580085754394531,2,False,0.8636375069618225,0.0
side,7.62,0,0.13771191239356995,32.30860900878906,-0.6559553146362305,0.5565214157104492,0.013029977679252625,0.11635386943817139,2,False,0.8636369109153748,0.0
side,7.640000000000001,0,0.137711763381958,32.308414459228516,-0.6559519171714783,0.5565181374549866,0.013037978671491146,0.1164633110165596,2,False,0.8636378645896912,0.0
side,7.66,0,0.13771185278892517,32.308616638183594,-0.6559432744979858,0.5565215349197388,0.013028502464294434,0.1165030375123024,2,False,0.8636366724967957,0.0
side,7.68,0,0.13771195709705353,32.308528900146484,-0.6559486985206604,0.5565200448036194,0.013089858926832676,0.11666015535593033,2,False,0.8636360168457031,0.0
side,7.7,0,0.13771168887615204,32.308406829833984,-0.6559518575668335,0.5565179586410522,0.013017608784139156,0.11595483869314194,2,False,0.86363685131073,0.0
side,7.72,0,0.13771168887615204,32.308658599853516,-0.655925452709198,0.5565222501754761,0.01301960926502943,0.11649954319000244,2,False,0.8636347651481628,0.0
side,7.74,0,0.13771165907382965,32.30848693847656,-0.6559383273124695,0.5565193891525269,0.013031010515987873,0.11629322171211243,2,False,0.8636365532875061,0.0
side,7.76,0,0.13771173357963562,32.30860900878906,-0.6559451818466187,0.5565214157104492,0.01299478579312563,0.1159961000084877,2,False,0.8636367321014404,0.0
side,7.78,0,0.13771170377731323,32.30860137939453,-0.6559411287307739,0.5565212965011597,0.01300913654267788,0.11663900315761566,2,False,0.8636372089385986,0.0
side,7.8,0,0.1377118080854416,32.30856704711914,-0.6559327840805054,0.5565207004547119,0.013035234063863754,0.11614818125963211,2,False,0.8636372089385986,0.0
side,7.82,0,0.1377117782831192,32.30862045288086,-0.6559392213821411,0.5565215945243835,0.01306112390011549,0.11699645221233368,2,False,0.8636358380317688,0.0
side,7.84,0,0.13771171867847443,32.308467864990234,-0.6559422016143799,0.5565190315246582,0.013011178933084011,0.11579231172800064,2,False,0.8636356592178345,0.0
side,7.86,0,0.137711763381958,32.30862045288086,-0.6559332609176636,0.5565215945243835,0.012992548756301403,0.11586615443229675,2,False,0.8636353015899658,0.0
side,7.88,0,0.13771167397499084,32.308631896972656,-0.6559433937072754,0.5565218329429626,0.012964989058673382,0.11601562798023224,2,False,0.8636372685432434,0.0
side,7.9,0,0.13771182298660278,32.30851745605469,-0.6559424996376038,0.5565198659896851,0.0130329430103302,0.11650943756103516,2,False,0.8636371493339539,0.0
side,7.92,0,0.1377117782831192,32.308414459228516,-0.6559741497039795,0.5565181374549866,0.013012107461690903,0.11607235670089722,2,False,0.8636382818222046,0.0
side,7.94,0,0.1377117931842804,32.30864334106445,-0.655927300453186,0.5565219521522522,0.012975431978702545,0.11617759615182877,2,False,0.8636365532875061,0.0
side,7.96,0,0.13771168887615204,32.308528900146484,-0.6559628248214722,0.5565200448036194,0.013020825572311878,0.11626307666301727,2,False,0.8636372089385986,0.0
side,7.98,0,0.13771165907382965,32.30854415893555,-0.65594881772995,0.5565203428268433,0.012986118905246258,0.11623824387788773,2,False,0.8636369109153748,0.0
side,8.0,0,0.13771183788776398,32.30842971801758,-0.6559743285179138,0.5565183758735657,0.013047730550169945,0.11587914824485779,2,False,0.863637387752533,0.0
side,8.02,0,0.13771198689937592,32.30855941772461,-0.6559731364250183,0.5565205216407776,0.013011666014790535,0.11652497947216034,2,False,0.8636360168457031,0.0
side,8.040000000000001,0,0.13771191239356995,32.308441162109375,-0.6559360027313232,0.5565186142921448,0.013046170584857464,0.11618077754974365,2,False,0.8636375665664673,0.0
side,8.06,0,0.13771165907382965,32.30864334106445,-0.6559616327285767,0.5565219521522522,0.012992783449590206,0.11607787013053894,2,False,0.8636366128921509,0.0
side,8.08,0,0.13771149516105652,32.30866622924805,-0.6559780240058899,0.5565223693847656,0.012963139452040195,0.11650796234607697,2,False,0.8636370897293091,0.0
side,8.1,0,0.13771174848079681,32.30862045288086,-0.6559494137763977,0.5565215945243835,0.013009980320930481,0.11573643982410431,2,False,0.863636314868927,0.0
side,8.120000000000001,0,0.13771182298660278,32.30860900878906,-0.6559634208679199,0.5565214157104492,0.013032916001975536,0.11650417745113373,2,False,0.863637387752533,0.0
side,8.14,0,0.13771159946918488,32.308509826660156,-0.6559627652168274,0.5565198063850403,0.013034133240580559,0.11692529916763306,2,False,0.8636372685432434,0.0
side,8.16,0,0.1377117931842804,32.308589935302734,-0.6559592485427856,0.5565210580825806,0.013025294058024883,0.11604608595371246,2,False,0.8636355996131897,0.0
side,8.18,0,0.13771186769008636,32.30854415893555,-0.65594881772995,0.5565202832221985,0.013023643754422665,0.11605557054281235,2,False,0.8636369705200195,0.0
side,8.2,0,0.13771182298660278,32.308494567871094,-0.6559625864028931,0.5565195083618164,0.01303909718990326,0.11639206856489182,2,False,0.8636375069618225,0.0
side,8.22,0,0.13771174848079681,32.308685302734375,-0.655933678150177,0.5565226674079895,0.012972714379429817,0.11616704612970352,2,False,0.86363685131073,0.0
side,8.24,0,0.1377115398645401,32.30857467651367,-0.655953049659729,0.5565208196640015,0.013017586432397366,0.11645789444446564,2,False,0.8636367321014404,0.0
side,8.26,0,0.13771170377731323,32.30869674682617,-0.655933678150177,0.5565228462219238,0.01295966375619173,0.11578824371099472,2,False,0.8636361956596375,0.0
side,8.28,0,0.13771185278892517,32.308563232421875,-0.6559772491455078,0.5565206408500671,0.013066467829048634,0.11672547459602356,2,False,0.8636366724967957,0.0
side,8.3,0,0.13771182298660278,32.308441162109375,-0.6559399962425232,0.5565186142921448,0.01297789253294468,0.11669948697090149,2,False,0.863637387752533,0.0
side,8.32,0,0.13771168887615204,32.30857467651367,-0.6559329628944397,0.5565208792686462,0.013072763569653034,0.11689040064811707,2,False,0.8636366724967957,0.0
side,8.34,0,0.137711763381958,32.30846405029297,-0.6559563279151917,0.5565189719200134,0.013063237071037292,0.11601510643959045,2,False,0.8636369705200195,0.0
side,8.36,0,0.1377117782831192,32.308509826660156,-0.6559465527534485,0.5565197467803955,0.013048533350229263,0.11657112836837769,2,False,0.8636370897293091,0.0
side,8.38,0,0.13771185278892517,32.308624267578125,-0.6559655070304871,0.5565216541290283,0.013026643544435501,0.11691652983427048,2,False,0.863636314868927,0.0
side,8.4,0,0.13771174848079681,32.30859375,-0.6559471487998962,0.5565211176872253,0.013040738180279732,0.11660587787628174,2,False,0.8636361360549927,0.0
side,8.42,0,0.137711763381958,32.308433532714844,-0.6559762954711914,0.5565184354782104,0.013051268644630909,0.11601536720991135,2,False,0.86363685131073,0.0
side,8.44,0,0.13771165907382965,32.308509826660156,-0.6559405326843262,0.5565198063850403,0.01299441047012806,0.1164378821849823,2,False,0.8636370897293091,0.0
side,8.46,0,0.13771182298660278,32.30832290649414,-0.6559633612632751,0.5565165877342224,0.01306159608066082,0.11655200272798538,2,False,0.8636386394500732,0.0
side,8.48,0,0.13771158456802368,32.30830383300781,-0.6559329628944397,0.5565162897109985,0.013041905127465725,0.11712904274463654,2,False,0.8636384010314941,0.0
side,8.5,0,0.13771183788776398,32.308441162109375,-0.6559380292892456,0.5565186738967896,0.013015726581215858,0.11653392761945724,2,False,0.8636369705200195,0.0
side,8.52,0,0.13771162927150726,32.308494567871094,-0.6559565663337708,0.5565195083618164,0.012953315861523151,0.11620713770389557,2,False,0.8636365532875061,0.0
side,8.540000000000001,0,0.13771173357963562,32.30856704711914,-0.6559408903121948,0.5565207600593567,0.013022254221141338,0.1159309521317482,2,False,0.8636360764503479,0.0
side,8.56,0,0.13771164417266846,32.30853271484375,-0.6559527516365051,0.5565201640129089,0.012991752475500107,0.1166950911283493,2,False,0.8636365532875061,0.0
side,8.58,0,0.13771182298660278,32.30852508544922,-0.6559749841690063,0.5565199851989746,0.013064282014966011,0.11668983846902847,2,False,0.863636314868927,0.0
side,8.6,0,0.13771170377731323,32.30860900878906,-0.6559655070304871,0.5565214157104492,0.013019216246902943,0.11718466877937317,2,False,0.8636354804039001,0.0
side,8.620000000000001,0,0.1377115547657013,32.308509826660156,-0.6559343934059143,0.5565197467803955,0.01303685363382101,0.1161404475569725,2,False,0.8636360168457031,0.0
side,8.64,0,0.13771174848079681,32.308616638183594,-0.6559392213821411,0.556521475315094,0.012994393706321716,0.11566443741321564,2,False,0.863636314868927,0.0
side,8.66,0,0.13771170377731323,32.308441162109375,-0.6559299230575562,0.5565185546875,0.013047227635979652,0.11682421714067459,2,False,0.8636376261711121,0.0
side,8.68,0,0.1377117931842804,32.308528900146484,-0.6559345126152039,0.5565200448036194,0.013024824671447277,0.1159236803650856,2,False,0.8636364936828613,0.0
side,8.700000000000001,0,0.13771192729473114,32.308616638183594,-0.6559513807296753,0.5565215945243835,0.01302387099713087,0.11628047376871109,2,False,0.8636354207992554,0.0
side,8.72,0,0.13771182298660278,32.30856704711914,-0.6559388637542725,0.5565207600593567,0.01300368458032608,0.11593238264322281,2,False,0.8636360168457031,0.0
side,8.74,0,0.1377117931842804,32.30863571166992,-0.6559435129165649,0.5565218925476074,0.013016628101468086,0.11640399694442749,2,False,0.8636356592178345,0.0
side,8.76,0,0.13771206140518188,32.30854415893555,-0.655954897403717,0.5565203428268433,0.01306809950619936,0.11639638990163803,2,False,0.8636365532875061,0.0
side,8.78,0,0.13771161437034607,32.308414459228516,-0.6559377908706665,0.5565181374549866,0.013011171482503414,0.11614702641963959,2,False,0.8636372685432434,0.0
side,8.8,0,0.137711763381958,32.30863571166992,-0.655931293964386,0.5565218329429626,0.013041607104241848,0.11651641875505447,2,False,0.8636355400085449,0.0
side,8.82,0,0.13771159946918488,32.308406829833984,-0.65592360496521,0.556518018245697,0.012989478185772896,0.11567681282758713,2,False,0.8636365532875061,0.0
side,8.84,0,0.13771188259124756,32.30862045288086,-0.6559392213821411,0.5565215945243835,0.013020897284150124,0.11576669663190842,2,False,0.8636365532875061,0.0
side,8.86,0,0.1377115249633789,32.30845642089844,-0.6559199094772339,0.5565189123153687,0.013029079884290695,0.11632496118545532,2,False,0.8636375665664673,0.0
side,8.88,0,0.1377117782831192,32.30864715576172,-0.655927300453186,0.5565220713615417,0.012988818809390068,0.11645051091909409,2,False,0.8636365532875061,0.0
side,8.9,0,0.137711763381958,32.308475494384766,-0.6559422612190247,0.5565191507339478,0.013037174008786678,0.1160978227853775,2,False,0.86363685131073,0.0
side,8.92,0,0.1377117782831192,32.308448791503906,-0.6559157371520996,0.5565186738967896,0.013041622936725616,0.11631731688976288,2,False,0.8636371493339539,0.0
side,8.94,0,0.13771195709705353,32.30859375,-0.655951201915741,0.5565211772918701,0.013018826022744179,0.11598684638738632,2,False,0.8636375665664673,0.0
side,8.96,0,0.13771174848079681,32.30851745605469,-0.6559466123580933,0.5565199255943298,0.013030272908508778,0.1165848895907402,2,False,0.8636375665664673,0.0
side,8.98,0,0.13771185278892517,32.30865478515625,-0.6559678316116333,0.5565221905708313,0.01302299927920103,0.11730876564979553,2,False,0.8636355400085449,0.0
side,9.0,0,0.13771185278892517,32.308406829833984,-0.6559861302375793,0.5565180778503418,0.013088038191199303,0.11755475401878357,2,False,0.8636343479156494,0.0
side,9.02,0,0.13771174848079681,32.30849075317383,-0.6560111045837402,0.5565194487571716,0.01306014321744442,0.11681558936834335,2,False,0.8636330366134644,0.0
side,9.040000000000001,0,0.1377113163471222,32.30845642089844,-0.6559664011001587,0.5565188527107239,0.01297107245773077,0.11604125052690506,2,False,0.8636336922645569,0.0
side,9.06,0,0.1377113312482834,32.30863571166992,-0.656046450138092,0.5565218329429626,0.012963960878551006,0.1158532053232193,2,False,0.8636345267295837,0.0
side,9.08,0,0.13771173357963562,32.3087043762207,-0.6559682488441467,0.5565230846405029,0.013046201318502426,0.11754921823740005,2,False,0.8636347651481628,0.0
side,9.1,0,0.13771149516105652,32.30828857421875,-0.6559185981750488,0.5565159916877747,0.01302983146160841,0.11645382642745972,2,False,0.863636314868927,0.0
side,9.120000000000001,0,0.13771173357963562,32.30835723876953,-0.655894935131073,0.5565171837806702,0.013000785373151302,0.1167924776673317,2,False,0.8636345267295837,0.0
side,9.14,0,0.1377117782831192,32.30862808227539,-0.6559494137763977,0.5565217733383179,0.013020526617765427,0.11614146828651428,2,False,0.8636330962181091,0.0
side,9.16,0,0.13771161437034607,32.308502197265625,-0.6559263467788696,0.556519627571106,0.013021036982536316,0.11557181179523468,2,False,0.8636348843574524,0.0
side,9.18,0,0.13771191239356995,32.308433532714844,-0.6559460163116455,0.5565184354782104,0.013050314970314503,0.11598890274763107,2,False,0.8636355996131897,0.0
side,9.200000000000001,0,0.1377120167016983,32.308528900146484,-0.6559204459190369,0.5565200448036194,0.013015413656830788,0.11652461439371109,2,False,0.8636351823806763,0.0
side,9.22,0,0.13771207630634308,32.308372497558594,-0.655880868434906,0.5565173625946045,0.013057781383395195,0.11693073064088821,2,False,0.8636369705200195,0.0
side,9.24,0,0.13771191239356995,32.30832290649414,-0.6559654474258423,0.5565166473388672,0.01305568777024746,0.11696286499500275,2,False,0.8636375665664673,0.0
side,9.26,0,0.13771192729473114,32.308441162109375,-0.6559399962425232,0.5565186142921448,0.01300808321684599,0.11731414496898651,2,False,0.863636314868927,0.0
side,9.28,0,0.137711763381958,32.30837631225586,-0.6559496521949768,0.556517481803894,0.013025885447859764,0.11710916459560394,2,False,0.86363685131073,0.0
side,9.3,0,0.13771159946918488,32.30837631225586,-0.6559374928474426,0.556517481803894,0.01301894336938858,0.11667375266551971,2,False,0.8636366724967957,0.0
side,9.32,0,0.1377117782831192,32.30845642089844,-0.6559926867485046,0.5565188527107239,0.013006520457565784,0.1166684553027153,2,False,0.8636357188224792,0.0
side,9.34,0,0.13771158456802368,32.308448791503906,-0.6559501886367798,0.5565187335014343,0.013016236014664173,0.11652977019548416,2,False,0.8636367321014404,0.0
side,9.36,0,0.13771170377731323,32.308685302734375,-0.6559741497039795,0.5565227270126343,0.012991371564567089,0.11633169651031494,2,False,0.8636353611946106,0.0
side,9.38,0,0.13771182298660278,32.308536529541016,-0.6559750437736511,0.5565202236175537,0.0130624296143651,0.11737898737192154,2,False,0.8636362552642822,0.0
side,9.4,0,0.13771191239356995,32.308467864990234,-0.6559463143348694,0.5565190315246582,0.013081209734082222,0.1170780137181282,2,False,0.8636358380317688,0.0
side,9.42,0,0.13771161437034607,32.30863571166992,-0.6559635996818542,0.5565218329429626,0.012955059297382832,0.11565770953893661,2,False,0.863635241985321,0.0
side,9.44,0,0.137711763381958,32.30857849121094,-0.6559571623802185,0.556520938873291,0.013023470528423786,0.11597732454538345,2,False,0.8636364340782166,0.0
side,9.46,0,0.13771185278892517,32.30852508544922,-0.6559385657310486,0.5565199851989746,0.012995962984859943,0.11618641763925552,2,False,0.86363685131073,0.0
side,9.48,0,0.13771173357963562,32.308448791503906,-0.6559339165687561,0.5565186738967896,0.013042927719652653,0.11646238714456558,2,False,0.8636370897293091,0.0
side,9.5,0,0.13771188259124756,32.3084831237793,-0.6559503674507141,0.5565193891525269,0.013071885332465172,0.11648234724998474,2,False,0.8636365532875061,0.0
side,9.52,0,0.13771159946918488,32.3085823059082,-0.6559268832206726,0.5565209984779358,0.012996040284633636,0.11633412539958954,2,False,0.8636351227760315,0.0
side,9.540000000000001,0,0.13771183788776398,32.30860900878906,-0.6559674739837646,0.5565214157104492,0.012993439100682735,0.11616303026676178,2,False,0.863635778427124,0.0
side,9.56,0,0.13771171867847443,32.308467864990234,-0.6559180021286011,0.5565189719200134,0.012984009459614754,0.11618023365736008,2,False,0.8636372089385986,0.0
side,9.58,0,0.13771183788776398,32.30857467651367,-0.6559247374534607,0.5565208196640015,0.01302976906299591,0.11557866632938385,2,False,0.8636364340782166,0.0
side,9.6,0,0.13771170377731323,32.30837631225586,-0.6559657454490662,0.556517481803894,0.013025481253862381,0.1158139556646347,2,False,0.8636369705200195,0.0
side,9.620000000000001,0,0.13771197199821472,32.30846405029297,-0.6559280157089233,0.5565189719200134,0.013022580184042454,0.1169881522655487,2,False,0.8636358976364136,0.0
side,9.64,0,0.13771145045757294,32.308414459228516,-0.6559478640556335,0.5565181374549866,0.012963416986167431,0.11673539876937866,2,False,0.8636353611946106,0.0
side,9.66,0,0.13771197199821472,32.308536529541016,-0.655890166759491,0.5565201640129089,0.012990468181669712,0.11625223606824875,2,False,0.8636339902877808,0.0
side,9.68,0,0.13771167397499084,32.308589935302734,-0.655961275100708,0.5565210580825806,0.012990953400731087,0.11596956849098206,2,False,0.8636345863342285,0.0
side,9.700000000000001,0,0.13771186769008636,32.30863571166992,-0.6559696793556213,0.5565218925476074,0.013046393170952797,0.1162329688668251,2,False,0.8636347651481628,0.0
side,9.72,0,0.13771164417266846,32.308189392089844,-0.6559401750564575,0.5565143823623657,0.013094865716993809,0.11748013645410538,2,False,0.8636369109153748,0.0
side,9.74,0,0.13771171867847443,32.30872344970703,-0.6559318900108337,0.5565232634544373,0.012957105413079262,0.11547253280878067,2,False,0.8636358976364136,0.0
side,9.76,0,0.13771171867847443,32.30860137939453,-0.6559513211250305,0.5565212965011597,0.013002566061913967,0.11610095947980881,2,False,0.8636377453804016,0.0
side,9.78,0,0.13771186769008636,32.308616638183594,-0.6559352278709412,0.5565215349197388,0.013009381480515003,0.1169305220246315,2,False,0.8636378645896912,0.0
side,9.8,0,0.13771195709705353,32.308433532714844,-0.655951976776123,0.5565184354782104,0.013073368929326534,0.11636438220739365,2,False,0.8636378049850464,0.0
side,9.82,0,0.1377118080854416,32.30868148803711,-0.6559699773788452,0.5565226674079895,0.013010897673666477,0.1158217117190361,2,False,0.863635241985321,0.0
side,9.84,0,0.1377115547657013,32.30856704711914,-0.6559287905693054,0.5565206408500671,0.012995964847505093,0.11597967147827148,2,False,0.8636366128921509,0.0
side,9.86,0,0.13771168887615204,32.30875778198242,-0.6559928059577942,0.5565239787101746,0.013018411584198475,0.1159071996808052,2,False,0.8636358976364136,0.0
side,9.88,0,0.1377117782831192,32.30864715576172,-0.6559414267539978,0.5565220713615417,0.013040331192314625,0.115955650806427,2,False,0.8636371493339539,0.0
side,9.9,0,0.13771162927150726,32.30830383300781,-0.6559107303619385,0.5565162897109985,0.013003319501876831,0.11662133783102036,2,False,0.8636386394500732,0.0
side,9.92,0,0.13771167397499084,32.308448791503906,-0.655940055847168,0.5565187335014343,0.012978882528841496,0.11658217757940292,2,False,0.863638699054718,0.0
side,9.94,0,0.1377115398645401,32.30845642089844,-0.6559441089630127,0.5565188527107239,0.012976186349987984,0.11653073877096176,2,False,0.8636376857757568,0.0
side,9.96,0,0.13771165907382965,32.308448791503906,-0.6559622287750244,0.5565187335014343,0.013025222346186638,0.11659636348485947,2,False,0.8636371493339539,0.0
side,9.98,0,0.1377118080854416,32.30869674682617,-0.6559357643127441,0.5565229058265686,0.012978128157556057,0.11607468128204346,2,False,0.8636353611946106,0.0
side,10.0,0,0.13771183788776398,32.308509826660156,-0.6559728384017944,0.5565198063850403,0.01303043495863676,0.11616624146699905,2,False,0.8636365532875061,0.0
side,10.02,0,0.13771185278892517,32.308563232421875,-0.655989408493042,0.5565206408500671,0.013030575588345528,0.11685894429683685,2,False,0.8636357188224792,0.0
side,10.040000000000001,0,0.13771173357963562,32.3085823059082,-0.6559470295906067,0.5565209984779358,0.013016512617468834,0.11687782406806946,2,False,0.8636351823806763,0.0
side,10.06,0,0.1377115547657013,32.30828094482422,-0.6558842062950134,0.5565158128738403,0.013026467524468899,0.11655814200639725,2,False,0.8636350035667419,0.0
side,10.08,0,0.137711763381958,32.30867004394531,-0.6559962630271912,0.5565225481987,0.01304071955382824,0.11597490310668945,2,False,0.8636323809623718,0.0
side,10.1,0,0.13771167397499084,32.30855178833008,-0.6559690833091736,0.5565205216407776,0.013081302866339684,0.11679190397262573,2,False,0.8636335134506226,0.0
side,10.120000000000001,0,0.13771143555641174,32.308475494384766,-0.6559705138206482,0.5565192103385925,0.01299125887453556,0.11593371629714966,2,False,0.8636350631713867,0.0
side,10.14,0,0.13771173357963562,32.30874252319336,-0.6559683680534363,0.5565235614776611,0.01299442257732153,0.11604437977075577,2,False,0.8636349439620972,0.0
side,10.16,0,0.13771165907382965,32.30840301513672,-0.6559154391288757,0.5565179586410522,0.01301981508731842,0.11649186164140701,2,False,0.8636381030082703,0.0
side,10.18,0,0.13771198689937592,32.308509826660156,-0.655924379825592,0.5565197467803955,0.013030508533120155,0.11647243797779083,2,False,0.8636367321014404,0.0
side,10.200000000000001,0,0.13771183788776398,32.30826187133789,-0.6559144258499146,0.5565155744552612,0.013006524182856083,0.11613766103982925,2,False,0.8636369705200195,0.0
side,10.22,0,0.1377120316028595,32.30839157104492,-0.6559618711471558,0.5565177798271179,0.01304827444255352,0.11702849715948105,2,False,0.863637387752533,0.0
side,10.24,0,0.13771158456802368,32.308528900146484,-0.6559183597564697,0.5565200448036194,0.012976409867405891,0.11727607250213623,2,False,0.8636361956596375,0.0
side,10.26,0,0.13771158456802368,32.30865478515625,-0.655939519405365,0.5565221905708313,0.01297112088650465,0.11639218032360077,2,False,0.8636353611946106,0.0
side,10.28,0,0.13771165907382965,32.308536529541016,-0.6559608578681946,0.5565202236175537,0.01296565867960453,0.11631135642528534,2,False,0.8636361956596375,0.0
side,10.3,0,0.13771164417266846,32.30868148803711,-0.6559518575668335,0.5565226674079895,0.013000904582440853,0.1161729097366333,2,False,0.8636353611946106,0.0
side,10.32,0,0.13771162927150726,32.308258056640625,-0.6558780670166016,0.5565155148506165,0.012984461151063442,0.1160251647233963,2,False,0.8636367321014404,0.0
side,10.34,0,0.137711763381958,32.3085823059082,-0.6559672951698303,0.5565210580825806,0.01299987081438303,0.11624713987112045,2,False,0.8636342287063599,0.0
side,10.36,0,0.1377115100622177,32.30846405029297,-0.6559280157089233,0.5565189719200134,0.012958567589521408,0.11572736501693726,2,False,0.8636350631713867,0.0
side,10.38,0,0.13771174848079681,32.30856704711914,-0.6559833288192749,0.5565207600593567,0.013050933368504047,0.11710124462842941,2,False,0.8636358380317688,0.0
side,10.4,0,0.13771148025989532,32.30852127075195,-0.6559507250785828,0.5565199255943298,0.012947115115821362,0.11595024913549423,2,False,0.863635778427124,0.0
side,10.42,0,0.13771182298660278,32.308780670166016,-0.6559545397758484,0.5565242767333984,0.013052623718976974,0.11647820472717285,2,False,0.8636343479156494,0.0
side,10.44,0,0.137711763381958,32.30834197998047,-0.6559473872184753,0.5565168857574463,0.013122611679136753,0.11652372032403946,2,False,0.8636371493339539,0.0
side,10.46,0,0.13771162927150726,32.30863571166992,-0.6559635996818542,0.5565218329429626,0.013009839691221714,0.1162770465016365,2,False,0.8636362552642822,0.0
side,10.48,0,0.137711763381958,32.30849838256836,-0.6559687852859497,0.5565195679664612,0.013064534403383732,0.11628776043653488,2,False,0.863638162612915,0.0
side,10.5,0,0.13771159946918488,32.308475494384766,-0.6559240818023682,0.5565192103385925,0.013013700023293495,0.1158408522605896,2,False,0.8636379837989807,0.0
side,10.52,0,0.13771194219589233,32.308502197265625,-0.6559020280838013,0.556519627571106,0.013041898608207703,0.11663909256458282,2,False,0.8636371493339539,0.0
side,10.540000000000001,0,0.1377117931842804,32.30859375,-0.6559835076332092,0.5565211176872253,0.013027675449848175,0.1158776506781578,2,False,0.8636362552642822,0.0
side,10.56,0,0.13771191239356995,32.30863571166992,-0.6559535264968872,0.5565219521522522,0.013039586134254932,0.11633596569299698,2,False,0.8636353611946106,0.0
side,10.58,0,0.13771174848079681,32.308433532714844,-0.6559480428695679,0.5565184354782104,0.01303260587155819,0.1164734959602356,2,False,0.86363685131073,0.0
side,10.6,0,0.1377118080854416,32.30845642089844,-0.6559502482414246,0.5565188527107239,0.013029747642576694,0.11593826860189438,2,False,0.8636378049850464,0.0
side,10.620000000000001,0,0.13771168887615204,32.3084831237793,-0.6559423804283142,0.5565192103385925,0.013019362464547157,0.11651629209518433,2,False,0.8636376857757568,0.0
side,10.64,0,0.13771168887615204,32.308509826660156,-0.6559667587280273,0.5565198063850403,0.01299163606017828,0.11591766774654388,2,False,0.8636369705200195,0.0
side,10.66,0,0.1377117782831192,32.30875015258789,-0.6559563279151917,0.5565237998962402,0.012989838607609272,0.11641695350408554,2,False,0.8636353611946106,0.0
side,10.68,0,0.137711763381958,32.30857467651367,-0.6559693217277527,0.5565208792686462,0.013019709847867489,0.1166095957159996,2,False,0.8636367321014404,0.0
side,10.700000000000001,0,0.13771146535873413,32.30834197998047,-0.6559211015701294,0.5565168857574463,0.01299426332116127,0.11614523082971573,2,False,0.8636379241943359,0.0
side,10.72,0,0.13771167397499084,32.30836486816406,-0.6558808088302612,0.5565172433853149,0.012956710532307625,0.1163066029548645,2,False,0.8636361956596375,0.0
side,10.74,0,0.1377117782831192,32.30854034423828,-0.6559608578681946,0.5565202832221985,0.013005507178604603,0.11644135415554047,2,False,0.8636360168457031,0.0
side,10.76,0,0.13771168887615204,32.308502197265625,-0.655988872051239,0.5565196871757507,0.013047833926975727,0.11648473143577576,2,False,0.8636358380317688,0.0
side,10.78,0,0.13771182298660278,32.30846405029297,-0.6559683680534363,0.5565189719200134,0.013047224842011929,0.11588647216558456,2,False,0.863635778427124,0.0
side,10.8,0,0.13771159946918488,32.30855178833008,-0.6559448838233948,0.5565204620361328,0.012985989451408386,0.11689535528421402,2,False,0.8636377453804016,0.0
side,10.82,0,0.13771173357963562,32.30842590332031,-0.6559358239173889,0.5565183758735657,0.013033178634941578,0.11646320670843124,2,False,0.8636383414268494,0.0
side,10.84,0,0.13771188259124756,32.30864334106445,-0.6559798121452332,0.5565219521522522,0.012992347590625286,0.11594872921705246,2,False,0.8636365532875061,0.0
side,10.86,0,0.13771195709705353,32.30864334106445,-0.6559454798698425,0.5565219521522522,0.01304128672927618,0.11606086045503616,2,False,0.8636376857757568,0.0
side,10.88,0,0.13771191239356995,32.30866622924805,-0.6559618711471558,0.5565223693847656,0.013034077361226082,0.11631441861391068,2,False,0.8636375069618225,0.0
side,10.9,0,0.13771174848079681,32.30867004394531,-0.655947744846344,0.5565224885940552,0.013081184588372707,0.11699846386909485,2,False,0.8636362552642822,0.0
side,10.92,0,0.13771182298660278,32.30845642089844,-0.6559744477272034,0.5565188527107239,0.013025232590734959,0.11564667522907257,2,False,0.8636365532875061,0.0
side,10.94,0,0.13771171867847443,32.30867004394531,-0.6559234261512756,0.5565224885940552,0.012975678779184818,0.1163545474410057,2,False,0.8636357188224792,0.0
side,10.96,0,0.13771170377731323,32.30855941772461,-0.6559872627258301,0.5565205812454224,0.013063616119325161,0.11677529662847519,2,False,0.8636353611946106,0.0
side,10.98,0,0.13771185278892517,32.30839157104492,-0.6559375524520874,0.5565177202224731,0.013010951690375805,0.11608804017305374,2,False,0.8636354207992554,0.0
side,11.0,0,0.1377115547657013,32.308414459228516,-0.6559478640556335,0.5565181374549866,0.012979613617062569,0.11650646477937698,2,False,0.8636369109153748,0.0
fore_aft,0.02,0,0.7533620595932007,-5.166407585144043,43.344173431396484,0.7407068014144897,0.13002489507198334,0.6117671132087708,0,False,0.1871769279241562,0.0
fore_aft,0.04,0,0.7468730807304382,-4.592325687408447,42.207054138183594,0.721921980381012,0.43783318996429443,1.5868299007415771,0,False,0.36275461316108704,0.0
fore_aft,0.06,0,0.7348375916481018,-2.3735506534576416,40.50883865356445,0.6929236054420471,0.6798774600028992,2.6567797660827637,0,False,0.4560885727405548,0.0
fore_aft,0.08,0,0.7197965383529663,-1.6452354192733765,39.76407241821289,0.6804447770118713,0.8018845319747925,0.4085543751716614,0,False,0.5371356010437012,0.0
fore_aft,0.1,0,0.7027064561843872,-1.9075465202331543,39.62732696533203,0.6782981157302856,0.904294490814209,0.6476803421974182,0,False,0.5951961874961853,0.0
fore_aft,0.12,0,0.6814959049224854,-2.908792495727539,39.92067337036133,0.6835905909538269,1.1529724597930908,0.5190205574035645,0,False,0.6104823350906372,0.0
fore_aft,0.14,0,0.6571007370948792,-5.2338643074035645,40.582061767578125,0.6962130665779114,1.2876379489898682,2.2210123538970947,0,False,0.6023136973381042,0.0
fore_aft,0.16,0,0.6276684403419495,-7.083482265472412,41.5058479309082,0.7132092714309692,1.5844919681549072,0.9653701186180115,0,False,0.5785547494888306,0.0
fore_aft,0.18,0,0.5942022204399109,-9.9277982711792,42.44150924682617,0.7322750687599182,1.745689868927002,2.6184985637664795,0,False,0.57590252161026,0.0
fore_aft,0.2,0,0.5561477541923523,-10.973570823669434,43.1772575378418,0.7455769181251526,2.0022618770599365,0.664043128490448,0,False,0.5727839469909668,0.0
fore_aft,0.22,0,0.5162826776504517,-12.693974494934082,43.45925521850586,0.7531906962394714,1.929238200187683,2.5462088584899902,1,False,0.5381935238838196,0.0
fore_aft,0.24,0,0.478324294090271,-15.76758861541748,43.09928512573242,0.75481116771698,1.8737410306930542,2.163060426712036,1,False,0.5051605105400085,0.0
fore_aft,0.26,0,0.4406347870826721,-18.563783645629883,42.59601593017578,0.7554742097854614,1.8830091953277588,2.1370861530303955,1,False,0.49576184153556824,0.0
fore_aft,0.28,0,0.40283119678497314,-21.351491928100586,41.79185485839844,0.7539389133453369,1.8706495761871338,2.315213918685913,2,False,0.48762309551239014,0.0
fore_aft,0.3,0,0.3669615387916565,-22.783016204833984,40.52248764038086,0.7427802085876465,1.7554829120635986,1.4632174968719482,2,False,0.4936196804046631,0.0
fore_aft,0.32,0,0.3327852487564087,-24.83171272277832,39.47212600708008,0.7389873266220093,1.6971300840377808,2.1088716983795166,2,False,0.49584656953811646,0.0
fore_aft,0.34,0,0.29898878931999207,-26.140579223632812,38.11168670654297,0.7293997406959534,1.7339905500411987,1.9339905977249146,2,False,0.5139261484146118,0.0
fore_aft,0.36,0,0.26407313346862793,-25.549787521362305,35.25967788696289,0.6918834447860718,1.7797106504440308,3.316392660140991,2,False,0.5435265898704529,0.0
fore_aft,0.38,0,0.23185813426971436,-26.715940475463867,30.446922302246094,0.646741509437561,1.550119400024414,4.599606037139893,2,False,0.5269177556037903,0.0
fore_aft,0.4,0,0.2079370617866516,-30.061676025390625,25.762901306152344,0.6346383690834045,1.21078622341156,5.06789493560791,2,False,0.5159248113632202,0.0
fore_aft,0.42,0,0.18777218461036682,-34.06226348876953,21.483903884887695,0.6517373919487,1.224594235420227,5.089834690093994,3,False,0.5274462103843689,0.0
fore_aft,0.44,0,0.17182908952236176,-35.14308547973633,16.457765579223633,0.6405390501022339,0.9868059158325195,4.506866455078125,2,False,0.5398558378219604,0.0
fore_aft,0.46,0,0.16567374765872955,-35.96468734741211,11.947137832641602,0.6359801292419434,0.8013220429420471,3.4559578895568848,2,False,0.5879907608032227,0.0
fore_aft,0.48,0,0.1606353223323822,-37.57926559448242,8.114225387573242,0.651921272277832,0.7082935571670532,3.1312098503112793,1,False,0.673195481300354,0.0
fore_aft,0.5,0,0.15512476861476898,-38.87788009643555,5.4231719970703125,0.6687778234481812,0.6360849738121033,4.510735511779785,1,False,0.7771592736244202,0.0
fore_aft,0.52,0,0.15199269354343414,-42.29429626464844,4.789942741394043,0.7234898805618286,0.6047347784042358,2.499201536178589,1,False,0.8734676837921143,0.0
fore_aft,0.54,0,0.1520773023366928,-45.34699630737305,4.432928085327148,0.7723074555397034,0.5439563393592834,2.5940630435943604,1,False,0.9243795871734619,0.0
fore_aft,0.56,0,0.15369835495948792,-47.515777587890625,4.746127128601074,0.8070589900016785,0.5956741571426392,1.9946125745773315,1,False,0.9650569558143616,0.0
fore_aft,0.58,0,0.15501907467842102,-49.435516357421875,5.035757541656494,0.8375697731971741,0.5742297172546387,2.11554217338562,1,False,0.9720346331596375,0.0
fore_aft,0.6,0,0.15630146861076355,-51.16209030151367,5.396888732910156,0.8648450374603271,0.5523956418037415,2.210319995880127,1,False,0.9670202732086182,0.0
fore_aft,0.62,0,0.15845754742622375,-51.15439987182617,6.421643257141113,0.8652552366256714,0.5278327465057373,2.0169363021850586,1,False,0.9639943242073059,0.0
fore_aft,0.64,0,0.1615111380815506,-49.60133361816406,8.006576538085938,0.8421094417572021,0.49206170439720154,2.734445333480835,1,False,0.9762762784957886,0.0
fore_aft,0.66,0,0.16459137201309204,-48.03810501098633,9.56630802154541,0.8192301988601685,0.45113229751586914,1.6483592987060547,1,False,1.0004949569702148,0.0
fore_aft,0.68,0,0.16673244535923004,-47.36978530883789,10.5629301071167,0.8100288510322571,0.4392051100730896,1.424239158630371,2,False,1.0295618772506714,0.0
fore_aft,0.7000000000000001,0,0.1678905189037323,-46.33596420288086,11.115900039672852,0.7947803735733032,0.4436851739883423,1.8097782135009766,2,False,1.0461320877075195,0.0
fore_aft,0.72,0,0.16787488758563995,-45.31895446777344,11.137463569641113,0.7790797352790833,0.4440558850765228,2.175863742828369,2,False,1.0605425834655762,0.0
fore_aft,0.74,0,0.16656218469142914,-44.03849792480469,10.63060188293457,0.7583972215652466,0.4511248767375946,2.158811092376709,2,False,1.0701943635940552,0.0
fore_aft,0.76,0,0.16411755979061127,-42.54344177246094,9.72229290008545,0.7335337996482849,0.44649946689605713,2.3165524005889893,2,False,1.0790194272994995,0.0
fore_aft,0.78,0,0.1607254594564438,-40.8710823059082,8.525127410888672,0.7051635384559631,0.43804818391799927,2.431931257247925,2,False,1.0862865447998047,0.0
fore_aft,0.8,0,0.156469464302063,-39.0270881652832,7.124209880828857,0.673480212688446,0.4248514473438263,2.4937989711761475,2,False,1.0919163227081299,0.0
fore_aft,0.8200000000000001,0,0.1514846235513687,-36.96975326538086,5.603061199188232,0.6379497051239014,0.41784077882766724,2.5590996742248535,2,False,1.0970723628997803,0.0
fore_aft,0.84,0,0.14586012065410614,-34.706302642822266,4.023874282836914,0.5988151431083679,0.41355979442596436,2.614133358001709,2,False,1.1032112836837769,0.0
fore_aft,0.86,0,0.13968634605407715,-32.31749725341797,2.422283411026001,0.5575677156448364,0.4101293981075287,2.588481903076172,2,False,1.110150933265686,0.0
fore_aft,0.88,0,0.13365530967712402,-30.745115280151367,0.7010816335678101,0.5302783250808716,0.29413384199142456,2.4189398288726807,2,False,1.1124067306518555,0.0
fore_aft,0.9,0,0.13258588314056396,-31.87093162536621,-0.03835367411375046,0.5491092801094055,0.18875935673713684,0.6863122582435608,2,False,1.107908844947815,0.0
fore_aft,0.92,0,0.13320273160934448,-31.333757400512695,0.3510006070137024,0.5401094555854797,0.16102385520935059,0.5477921366691589,2,False,1.1153794527053833,0.0
fore_aft,0.9400000000000001,0,0.13449080288410187,-31.171701431274414,0.8746840357780457,0.5374997854232788,0.14957693219184875,0.5852382779121399,2,False,1.1214094161987305,0.0
fore_aft,0.96,0,0.13589657843112946,-30.71229362487793,1.5258903503417969,0.5300616025924683,0.14765971899032593,0.5616050958633423,2,False,1.1306064128875732,0.0
fore_aft,0.98,0,0.1366148293018341,-30.932390213012695,1.7151529788970947,0.5338695645332336,0.11944770067930222,0.4841401278972626,2,False,1.1387090682983398,0.0
fore_aft,1.0,0,0.13604988157749176,-30.721582412719727,1.572670578956604,0.5302441716194153,0.10940791666507721,0.3925510346889496,2,False,1.1456681489944458,0.0
fore_aft,1.02,0,0.13528072834014893,-30.89777374267578,1.2528963088989258,0.5330407619476318,0.07569854706525803,0.7065006494522095,2,False,1.145365834236145,0.0
fore_aft,1.04,0,0.13484598696231842,-30.950984954833984,1.0747408866882324,0.5338603258132935,0.05204093083739281,0.4902070164680481,2,False,1.145979404449463,0.0
fore_aft,1.06,0,0.13478708267211914,-30.98225212097168,1.0435808897018433,0.5343738794326782,0.04729696363210678,0.4065093398094177,2,False,1.1474354267120361,0.0
fore_aft,1.08,0,0.1350294053554535,-30.928714752197266,1.1505073308944702,0.5335162878036499,0.04447242617607117,0.3147434890270233,2,False,1.1492899656295776,0.0
fore_aft,1.1,0,0.13553842902183533,-30.817153930664062,1.373905062675476,0.5317434668540955,0.045271746814250946,0.2791387438774109,2,False,1.1514281034469604,0.0
fore_aft,1.12,0,0.1362137496471405,-30.686588287353516,1.6335335969924927,0.5296918749809265,0.04363061860203743,0.26734936237335205,2,False,1.153387188911438,0.0
fore_aft,1.1400000000000001,0,0.13629508018493652,-30.716489791870117,1.6551748514175415,0.5302072167396545,0.03050166182219982,0.09074869006872177,2,False,1.1549769639968872,0.0
fore_aft,1.16,0,0.1358962506055832,-30.710384368896484,1.5260738134384155,0.5300296545028687,0.028874589130282402,0.5135788321495056,2,False,1.1552746295928955,0.0
fore_aft,1.18,0,0.13574756681919098,-30.77607536315918,1.4615412950515747,0.5310983657836914,0.022334536537528038,0.33335021138191223,2,False,1.1553490161895752,0.0
fore_aft,1.2,0,0.13576209545135498,-30.761436462402344,1.4709582328796387,0.5308574438095093,0.02862737327814102,0.34469282627105713,2,False,1.156169056892395,0.0
fore_aft,1.22,0,0.13586997985839844,-30.744237899780273,1.51153564453125,0.5305904746055603,0.03375992551445961,0.3458862602710724,2,False,1.1571166515350342,0.0
fore_aft,1.24,0,0.13605694472789764,-30.71137046813965,1.5775253772735596,0.5300754308700562,0.03430081158876419,0.3502117693424225,2,False,1.158147931098938,0.0
fore_aft,1.26,0,0.1362331360578537,-30.692739486694336,1.6380534172058105,0.5297979116439819,0.03043721243739128,0.27779287099838257,2,False,1.1589704751968384,0.0
fore_aft,1.28,0,0.13616588711738586,-30.690750122070312,1.61628258228302,0.5297515988349915,0.02977733500301838,0.2996971905231476,2,False,1.1595895290374756,0.0
fore_aft,1.3,0,0.13606704771518707,-30.695329666137695,1.5832926034927368,0.5298092365264893,0.030675625428557396,0.38429638743400574,2,False,1.1601009368896484,0.0
fore_aft,1.32,0,0.1360635608434677,-30.70313262939453,1.5809061527252197,0.5299389362335205,0.03045475110411644,0.3651998043060303,2,False,1.1606694459915161,0.0
fore_aft,1.34,0,0.13611474633216858,-30.695575714111328,1.5988425016403198,0.5298224091529846,0.03090527653694153,0.36450478434562683,2,False,1.1613826751708984,0.0
fore_aft,1.36,0,0.13618838787078857,-30.683914184570312,1.6244962215423584,0.5296415686607361,0.03005383163690567,0.3294958770275116,2,False,1.1620820760726929,0.0
fore_aft,1.3800000000000001,0,0.13621538877487183,-30.680727005004883,1.6338168382644653,0.5295935869216919,0.028437072411179543,0.3156578838825226,2,False,1.1626648902893066,0.0
fore_aft,1.4000000000000001,0,0.13618281483650208,-30.678308486938477,1.6235145330429077,0.5295469164848328,0.028399372473359108,0.34078142046928406,2,False,1.1632051467895508,0.0
fore_aft,1.42,0,0.13617214560508728,-30.682735443115234,1.6192351579666138,0.5296186208724976,0.028023526072502136,0.36468786001205444,2,False,1.1637111902236938,0.0
fore_aft,1.44,0,0.13618741929531097,-30.680601119995117,1.624577522277832,0.5295859575271606,0.02752489037811756,0.3526846766471863,2,False,1.1642543077468872,0.0
fore_aft,1.46,0,0.13621248304843903,-30.67638397216797,1.6334435939788818,0.5295203924179077,0.026837224140763283,0.3359413743019104,2,False,1.1647918224334717,0.0
fore_aft,1.48,0,0.1362275332212448,-30.67396354675293,1.638706922531128,0.5294829607009888,0.025638682767748833,0.3328185975551605,2,False,1.1653050184249878,0.0
fore_aft,1.5,0,0.13622356951236725,-30.672636032104492,1.6376142501831055,0.5294599533081055,0.024728594347834587,0.33798500895500183,2,False,1.1657871007919312,0.0
fore_aft,1.52,0,0.13622117042541504,-30.67282485961914,1.636792540550232,0.5294626951217651,0.02406005561351776,0.34974855184555054,2,False,1.166249394416809,0.0
fore_aft,1.54,0,0.13622505962848663,-30.67277717590332,1.6380008459091187,0.5294625163078308,0.023372700437903404,0.35031044483184814,2,False,1.1666992902755737,0.0
fore_aft,1.56,0,0.1362307369709015,-30.671875,1.6399511098861694,0.5294485688209534,0.022676527500152588,0.35070398449897766,2,False,1.1671335697174072,0.0
fore_aft,1.58,0,0.136236310005188,-30.670808792114258,1.6419106721878052,0.5294318795204163,0.021899472922086716,0.35092177987098694,2,False,1.1675500869750977,0.0
fore_aft,1.6,0,0.1362399011850357,-30.669950485229492,1.6431856155395508,0.5294181704521179,0.021166162565350533,0.3533109724521637,2,False,1.1679482460021973,0.0
fore_aft,1.62,0,0.13624051213264465,-30.669952392578125,1.6434824466705322,0.529418408870697,0.02051239088177681,0.35829871892929077,2,False,1.168330192565918,0.0
fore_aft,1.6400000000000001,0,0.13623963296413422,-30.67048454284668,1.6429802179336548,0.5294269919395447,0.019903477281332016,0.3645481765270233,2,False,1.1686968803405762,0.0
fore_aft,1.6600000000000001,0,0.1362382173538208,-30.67123031616211,1.642357587814331,0.5294391512870789,0.01926364190876484,0.3707585334777832,2,False,1.1690468788146973,0.0
fore_aft,1.68,0,0.1362362802028656,-30.67188835144043,1.6416054964065552,0.5294497609138489,0.018612274900078773,0.37687361240386963,2,False,1.1693826913833618,0.0
fore_aft,1.7,0,0.13623327016830444,-30.672870635986328,1.6405580043792725,0.5294656753540039,0.018002957105636597,0.38457125425338745,2,False,1.1697144508361816,0.0
fore_aft,1.72,0,0.13622786104679108,-30.673988342285156,1.6385645866394043,0.5294832587242126,0.01727033220231533,0.39329811930656433,2,False,1.1700363159179688,0.0
fore_aft,1.74,0,0.1362209916114807,-30.676048278808594,1.635933756828308,0.5295162796974182,0.01649627834558487,0.4005783796310425,2,False,1.170353651046753,0.0
fore_aft,1.76,0,0.13620911538600922,-30.679256439208984,1.6315581798553467,0.529567539691925,0.015864167362451553,0.40048983693122864,2,False,1.1706441640853882,0.0
fore_aft,1.78,0,0.13619104027748108,-30.683393478393555,1.624930500984192,0.529633104801178,0.015262422151863575,0.40188390016555786,2,False,1.1709082126617432,0.0
fore_aft,1.8,0,0.13616681098937988,-30.68890953063965,1.6162577867507935,0.5297206044197083,0.01469249278306961,0.4034493863582611,2,False,1.1711421012878418,0.0
fore_aft,1.82,0,0.1361376792192459,-30.695533752441406,1.6055761575698853,0.5298256278038025,0.014197340235114098,0.40571072697639465,2,False,1.1713478565216064,0.0
fore_aft,1.84,0,0.13610190153121948,-30.70296287536621,1.5928009748458862,0.5299429297447205,0.013770475052297115,0.40913230180740356,2,False,1.1715420484542847,0.0
fore_aft,1.86,0,0.1360638439655304,-30.711193084716797,1.579008936882019,0.5300732851028442,0.013494618237018585,0.4113655686378479,2,False,1.1717398166656494,0.0
fore_aft,1.8800000000000001,0,0.1360263079404831,-30.719491958618164,1.5655548572540283,0.5302050113677979,0.013268685899674892,0.4103040397167206,2,False,1.1719281673431396,0.0
fore_aft,1.9000000000000001,0,0.13599257171154022,-30.727954864501953,1.5531061887741089,0.5303400754928589,0.012957734987139702,0.4086349904537201,2,False,1.17208731174469,0.0
fore_aft,1.92,0,0.13595964014530182,-30.734817504882812,1.5412287712097168,0.5304487943649292,0.012882501818239689,0.4110596776008606,2,False,1.1722359657287598,0.0
fore_aft,1.94,0,0.1359284669160843,-30.74170684814453,1.5299183130264282,0.5305581092834473,0.012649553827941418,0.41012319922447205,2,False,1.17239248752594,0.0
fore_aft,1.96,0,0.13589993119239807,-30.747913360595703,1.5195701122283936,0.530656635761261,0.012360474094748497,0.4098210036754608,2,False,1.1725504398345947,0.0
fore_aft,1.98,0,0.13587455451488495,-30.753679275512695,1.5105243921279907,0.5307485461235046,0.012185709550976753,0.40940338373184204,2,False,1.1727086305618286,0.0
fore_aft,2.0,0,0.13585209846496582,-30.75908660888672,1.5022845268249512,0.5308349132537842,0.012073307298123837,0.40855690836906433,2,False,1.1728612184524536,0.0
fore_aft,2.02,0,0.13583168387413025,-30.763795852661133,1.4948480129241943,0.5309099555015564,0.011898175813257694,0.40749794244766235,2,False,1.1730101108551025,0.0
fore_aft,2.04,0,0.13581418991088867,-30.767871856689453,1.4884682893753052,0.5309750437736511,0.01175480242818594,0.40671980381011963,2,False,1.1731586456298828,0.0
fore_aft,2.06,0,0.13579820096492767,-30.771486282348633,1.4826579093933105,0.5310326218605042,0.011609164997935295,0.4063468277454376,2,False,1.173303484916687,0.0
fore_aft,2.08,0,0.13578356802463531,-30.77464485168457,1.4767718315124512,0.5310824513435364,0.011809159070253372,0.3995949327945709,2,False,1.173447608947754,0.0
fore_aft,2.1,0,0.13576923310756683,-30.777610778808594,1.4708495140075684,0.5311291217803955,0.011984521523118019,0.39066940546035767,2,False,1.1735714673995972,0.0
fore_aft,2.12,0,0.13575401902198792,-30.78046226501465,1.4646339416503906,0.5311736464500427,0.011996091343462467,0.37946152687072754,2,False,1.1736570596694946,0.0
fore_aft,2.14,0,0.13573682308197021,-30.78361701965332,1.4577051401138306,0.5312230587005615,0.011925186961889267,0.3779054284095764,2,False,1.1736884117126465,0.0
fore_aft,2.16,0,0.1357240527868271,-30.78641128540039,1.452516794204712,0.5312672257423401,0.012150860391557217,0.37837448716163635,2,False,1.1736713647842407,0.0
fore_aft,2.18,0,0.13571970164775848,-30.78350067138672,1.4528125524520874,0.5312184691429138,0.010793528519570827,0.3634345233440399,2,False,1.1735873222351074,0.0
fore_aft,2.2,0,0.13573813438415527,-30.778076171875,1.4610419273376465,0.5311317443847656,0.011134617030620575,0.35072779655456543,2,False,1.173503041267395,0.0
fore_aft,2.22,0,0.1357889324426651,-30.765417098999023,1.481972336769104,0.5309302806854248,0.009591338224709034,0.399098664522171,2,False,1.1735563278198242,0.0
fore_aft,2.24,0,0.13590019941329956,-30.744773864746094,1.5213637351989746,0.530604898929596,0.011949877254664898,0.38647523522377014,2,False,1.1738160848617554,0.0
fore_aft,2.2600000000000002,0,0.13602101802825928,-30.716753005981445,1.5652223825454712,0.5301588177680969,0.012310649268329144,0.38046491146087646,2,False,1.174215316772461,0.0
fore_aft,2.2800000000000002,0,0.1361149549484253,-30.694120407104492,1.5993129014968872,0.5297982692718506,0.011552078649401665,0.38053959608078003,2,False,1.1746248006820679,0.0
fore_aft,2.3000000000000003,0,0.13620203733444214,-30.676939010620117,1.63054621219635,0.529528021812439,0.011259852908551693,0.3821703791618347,2,False,1.174975037574768,0.0
fore_aft,2.32,0,0.13628050684928894,-30.65837860107422,1.6590948104858398,0.5292333364486694,0.010859258472919464,0.3917509615421295,2,False,1.1753133535385132,0.0
fore_aft,2.34,0,0.1363278329372406,-30.64706039428711,1.6761550903320312,0.5290536880493164,0.010129163041710854,0.37177854776382446,2,False,1.175566554069519,0.0
fore_aft,2.36,0,0.13634127378463745,-30.64164161682129,1.6813347339630127,0.5289657711982727,0.010429847054183483,0.36809274554252625,2,False,1.1757696866989136,0.0
fore_aft,2.38,0,0.13634450733661652,-30.640939712524414,1.6825473308563232,0.5289546847343445,0.010800699703395367,0.36899057030677795,2,False,1.1759310960769653,0.0
fore_aft,2.4,0,0.13634324073791504,-30.64041519165039,1.6820588111877441,0.5289456248283386,0.010948840528726578,0.37275657057762146,2,False,1.1760854721069336,0.0
fore_aft,2.42,0,0.13634593784809113,-30.6422119140625,1.6827032566070557,0.5289762020111084,0.011169708333909512,0.368524432182312,2,False,1.1762096881866455,0.0
fore_aft,2.44,0,0.1363491415977478,-30.64337730407715,1.6835016012191772,0.5289962291717529,0.011149236001074314,0.371637225151062,2,False,1.1763179302215576,0.0
fore_aft,2.46,0,0.13633890450000763,-30.643280029296875,1.680351972579956,0.528992772102356,0.010382739827036858,0.3812558352947235,2,False,1.1764585971832275,0.0
fore_aft,2.48,0,0.13632354140281677,-30.645954132080078,1.6749290227890015,0.5290343165397644,0.009840236976742744,0.39788395166397095,2,False,1.1766188144683838,0.0
fore_aft,2.5,0,0.13630817830562592,-30.649028778076172,1.6694391965866089,0.5290825963020325,0.009447774849832058,0.4139960706233978,2,False,1.1767971515655518,0.0
fore_aft,2.52,0,0.13629697263240814,-30.654747009277344,1.6647714376449585,0.5291758179664612,0.009413981810212135,0.4066562056541443,2,False,1.1769413948059082,0.0
fore_aft,2.54,0,0.1362830549478531,-30.65711212158203,1.659956455230713,0.5292125940322876,0.008963881060481071,0.4135725200176239,2,False,1.1770907640457153,0.0
fore_aft,2.56,0,0.13626694679260254,-30.659992218017578,1.6540870666503906,0.5292574763298035,0.008478712290525436,0.4148063361644745,2,False,1.1772303581237793,0.0
fore_aft,2.58,0,0.13624654710292816,-30.663829803466797,1.6468864679336548,0.5293175578117371,0.00826434139162302,0.4181080460548401,2,False,1.1773518323898315,0.0
fore_aft,2.6,0,0.13622446358203888,-30.668914794921875,1.6388813257217407,0.5293981432914734,0.008551064878702164,0.41829732060432434,2,False,1.177458643913269,0.0
fore_aft,2.62,0,0.13620613515377045,-30.672977447509766,1.632309913635254,0.5294625163078308,0.0086513701826334,0.41704311966896057,2,False,1.1775614023208618,0.0
fore_aft,2.64,0,0.13619378209114075,-30.675922393798828,1.627795934677124,0.5295093059539795,0.008592363446950912,0.4161507189273834,2,False,1.1776657104492188,0.0
fore_aft,2.66,0,0.13618367910385132,-30.67780303955078,1.6240758895874023,0.5295386910438538,0.008503196761012077,0.4179128408432007,2,False,1.1777745485305786,0.0
fore_aft,2.68,0,0.13617347180843353,-30.68011474609375,1.6204601526260376,0.5295754075050354,0.008586677722632885,0.419637531042099,2,False,1.1778768301010132,0.0
fore_aft,2.7,0,0.13616743683815002,-30.681772232055664,1.6181597709655762,0.5296018719673157,0.008652723394334316,0.41608238220214844,2,False,1.1779789924621582,0.0
fore_aft,2.72,0,0.13616526126861572,-30.682476043701172,1.6172820329666138,0.5296131372451782,0.008666773326694965,0.4162920415401459,2,False,1.1780822277069092,0.0
fore_aft,2.74,0,0.13616403937339783,-30.682798385620117,1.6168972253799438,0.5296183824539185,0.008481424301862717,0.41699185967445374,2,False,1.178191900253296,0.0
fore_aft,2.7600000000000002,0,0.13616077601909637,-30.6833438873291,1.6157159805297852,0.5296268463134766,0.008193249814212322,0.41902488470077515,2,False,1.1782994270324707,0.0
fore_aft,2.7800000000000002,0,0.1361561119556427,-30.684412002563477,1.614145278930664,0.5296438336372375,0.008295715786516666,0.4209192991256714,2,False,1.1783956289291382,0.0
fore_aft,2.8000000000000003,0,0.13615632057189941,-30.684904098510742,1.6140750646591187,0.5296520590782166,0.008527316153049469,0.4164535403251648,2,False,1.1784907579421997,0.0
fore_aft,2.82,0,0.13615940511226654,-30.684829711914062,1.615086317062378,0.5296513438224792,0.008494271896779537,0.41556742787361145,2,False,1.1785908937454224,0.0
fore_aft,2.84,0,0.13616058230400085,-30.684513092041016,1.6154605150222778,0.5296463370323181,0.00821800995618105,0.4164664149284363,2,False,1.1786842346191406,0.0
fore_aft,2.86,0,0.1361570954322815,-30.68536376953125,1.6141085624694824,0.5296598076820374,0.00782262347638607,0.41835036873817444,2,False,1.1787691116333008,0.0
fore_aft,2.88,0,0.13614746928215027,-30.68724250793457,1.6107255220413208,0.5296894311904907,0.007493752520531416,0.4224548935890198,2,False,1.178852915763855,0.0
fore_aft,2.9,0,0.13613298535346985,-30.69001579284668,1.6055389642715454,0.5297329425811768,0.007176483049988747,0.4238508939743042,2,False,1.1789319515228271,0.0
fore_aft,2.92,0,0.13611769676208496,-30.69292640686035,1.60023033618927,0.5297787189483643,0.0067951977252960205,0.42226457595825195,2,False,1.1789963245391846,0.0
fore_aft,2.94,0,0.13611255586147308,-30.696367263793945,1.5977622270584106,0.5298351049423218,0.006898931693285704,0.40594616532325745,2,False,1.1789765357971191,0.0
fore_aft,2.96,0,0.13611209392547607,-30.69695281982422,1.5976041555404663,0.5298448204994202,0.0069310106337070465,0.4154233932495117,2,False,1.1789435148239136,0.0
fore_aft,2.98,0,0.1361129730939865,-30.697494506835938,1.5977402925491333,0.5298539996147156,0.006586821749806404,0.4111439883708954,2,False,1.178911566734314,0.0
fore_aft,3.0,0,0.13610757887363434,-30.699174880981445,1.5957443714141846,0.5298810601234436,0.0061366138979792595,0.4128822088241577,2,False,1.17888343334198,0.0
fore_aft,3.02,0,0.13609319925308228,-30.702510833740234,1.590569019317627,0.5299341082572937,0.005635612178593874,0.4148057997226715,2,False,1.1788536310195923,0.0
fore_aft,3.04,0,0.13607139885425568,-30.707469940185547,1.5827170610427856,0.5300129055976868,0.0053047616966068745,0.4161561131477356,2,False,1.1788153648376465,0.0
fore_aft,3.06,0,0.13604506850242615,-30.713237762451172,1.5732784271240234,0.530104398727417,0.005124826915562153,0.41713088750839233,2,False,1.1787800788879395,0.0
fore_aft,3.08,0,0.13601595163345337,-30.719585418701172,1.5628329515457153,0.5302050113677979,0.005024411249905825,0.4177466034889221,2,False,1.1787452697753906,0.0
fore_aft,3.1,0,0.13598515093326569,-30.726240158081055,1.5516948699951172,0.5303105115890503,0.00496880616992712,0.418435275554657,2,False,1.1787086725234985,0.0
fore_aft,3.12,0,0.13595497608184814,-30.732858657836914,1.5407097339630127,0.5304154753684998,0.004975213669240475,0.4186561405658722,2,False,1.1786742210388184,0.0
fore_aft,3.14,0,0.13592727482318878,-30.738964080810547,1.530762791633606,0.5305125117301941,0.005098339635878801,0.4184707999229431,2,False,1.1786465644836426,0.0
fore_aft,3.16,0,0.13590386509895325,-30.74449348449707,1.522278070449829,0.5306006669998169,0.005272968206554651,0.4171133041381836,2,False,1.1786233186721802,0.0
fore_aft,3.18,0,0.13588549196720123,-30.748586654663086,1.5155363082885742,0.5306657552719116,0.005483689717948437,0.4157392382621765,2,False,1.1786136627197266,0.0
fore_aft,3.2,0,0.1358710676431656,-30.7518253326416,1.5103352069854736,0.5307173132896423,0.005667366553097963,0.4143728017807007,2,False,1.1786075830459595,0.0
fore_aft,3.22,0,0.13586018979549408,-30.754243850708008,1.5064594745635986,0.5307558178901672,0.00580133032053709,0.41402024030685425,2,False,1.1786082983016968,0.0
fore_aft,3.24,0,0.13585220277309418,-30.755977630615234,1.5036084651947021,0.5307834148406982,0.005912065040320158,0.4140135943889618,2,False,1.1786128282546997,0.0
fore_aft,3.2600000000000002,0,0.13584642112255096,-30.757144927978516,1.5013741254806519,0.5308018326759338,0.0059745837934315205,0.4137587249279022,2,False,1.1786201000213623,0.0
fore_aft,3.2800000000000002,0,0.1358422338962555,-30.758174896240234,1.499988079071045,0.5308182835578918,0.006051551550626755,0.41319191455841064,2,False,1.1786309480667114,0.0
fore_aft,3.3000000000000003,0,0.13584013283252716,-30.758665084838867,1.4991612434387207,0.5308261513710022,0.006108376197516918,0.4129869341850281,2,False,1.1786437034606934,0.0
fore_aft,3.3200000000000003,0,0.13583949208259583,-30.75881576538086,1.4988393783569336,0.5308284759521484,0.006175659131258726,0.4127587378025055,2,False,1.1786588430404663,0.0
fore_aft,3.34,0,0.13583968579769135,-30.7587890625,1.499013066291809,0.530828058719635,0.006206683814525604,0.41203466057777405,2,False,1.178678035736084,0.0
fore_aft,3.36,0,0.1358410269021988,-30.758512496948242,1.499439001083374,0.5308236479759216,0.006264850031584501,0.41239380836486816,2,False,1.1786988973617554,0.0
fore_aft,3.38,0,0.13584230840206146,-30.75825309753418,1.4999456405639648,0.5308195948600769,0.0062609510496258736,0.4127438962459564,2,False,1.1787208318710327,0.0
fore_aft,3.4,0,0.1358432024717331,-30.757944107055664,1.5002269744873047,0.5308145880699158,0.006220633164048195,0.4131565988063812,2,False,1.178740382194519,0.0
fore_aft,3.42,0,0.13584350049495697,-30.7579345703125,1.500382900238037,0.530814528465271,0.006187804974615574,0.41285204887390137,2,False,1.1787563562393188,0.0
fore_aft,3.44,0,0.1358439177274704,-30.757915496826172,1.5004708766937256,0.5308142304420471,0.006183600053191185,0.4129476249217987,2,False,1.1787723302841187,0.0
fore_aft,3.46,0,0.13584427535533905,-30.75779914855957,1.5005666017532349,0.5308123230934143,0.006182107608765364,0.4133093059062958,2,False,1.1787853240966797,0.0
fore_aft,3.48,0,0.1358449012041092,-30.75804901123047,1.5008395910263062,0.5308166146278381,0.0061803460121154785,0.41309961676597595,2,False,1.178800106048584,0.0
fore_aft,3.5,0,0.1358468383550644,-30.757774353027344,1.501473307609558,0.5308124423027039,0.006227233447134495,0.41223421692848206,2,False,1.1788221597671509,0.0
fore_aft,3.52,0,0.13584846258163452,-30.757427215576172,1.5020819902420044,0.530806839466095,0.006196204107254744,0.4117670953273773,2,False,1.1788380146026611,0.0
fore_aft,3.54,0,0.13584907352924347,-30.757396697998047,1.5021569728851318,0.5308064222335815,0.0061082602478563786,0.41270911693573,2,False,1.1788486242294312,0.0
fore_aft,3.56,0,0.13584809005260468,-30.757434844970703,1.5019160509109497,0.5308069586753845,0.006082433741539717,0.4129282534122467,2,False,1.1788592338562012,0.0
fore_aft,3.58,0,0.1358465850353241,-30.757925033569336,1.5013741254806519,0.5308148860931396,0.006060548592358828,0.4128231108188629,2,False,1.1788698434829712,0.0
fore_aft,3.6,0,0.135844424366951,-30.75832176208496,1.500625491142273,0.5308211445808411,0.00601216871291399,0.412897527217865,2,False,1.178877592086792,0.0
fore_aft,3.62,0,0.135841503739357,-30.758991241455078,1.4996014833450317,0.5308318138122559,0.005963742733001709,0.41321998834609985,2,False,1.1788842678070068,0.0
fore_aft,3.64,0,0.13583844900131226,-30.759647369384766,1.4984112977981567,0.5308421850204468,0.005969828460365534,0.4130612909793854,2,False,1.1788915395736694,0.0
fore_aft,3.66,0,0.13583482801914215,-30.76043128967285,1.4971765279769897,0.5308547019958496,0.005966211203485727,0.4133511781692505,2,False,1.1788980960845947,0.0
fore_aft,3.68,0,0.13583120703697205,-30.761144638061523,1.4958622455596924,0.5308660268783569,0.00597101915627718,0.41373762488365173,2,False,1.1789039373397827,0.0
fore_aft,3.7,0,0.1358281522989273,-30.761934280395508,1.4946789741516113,0.5308786034584045,0.005981502588838339,0.4130461513996124,2,False,1.1789119243621826,0.0
fore_aft,3.72,0,0.13582539558410645,-30.762535095214844,1.4936776161193848,0.5308881402015686,0.0060191685333848,0.4133313000202179,2,False,1.1789220571517944,0.0
fore_aft,3.74,0,0.1358226239681244,-30.762910842895508,1.492743730545044,0.5308939218521118,0.006035662721842527,0.4134462773799896,2,False,1.178930401802063,0.0
fore_aft,3.7600000000000002,0,0.1358199119567871,-30.763587951660156,1.4918081760406494,0.5309047698974609,0.006025048438459635,0.41366323828697205,2,False,1.178939700126648,0.0
fore_aft,3.7800000000000002,0,0.13581795990467072,-30.7639217376709,1.491071105003357,0.5309100151062012,0.006079907063394785,0.41384294629096985,2,False,1.1789522171020508,0.0
fore_aft,3.8000000000000003,0,0.1358168125152588,-30.76421546936035,1.4907079935073853,0.5309147238731384,0.0061145140789449215,0.41330698132514954,2,False,1.1789671182632446,0.0
fore_aft,3.8200000000000003,0,0.1358158141374588,-30.764450073242188,1.4902753829956055,0.5309184789657593,0.006072311196476221,0.41375619173049927,2,False,1.1789783239364624,0.0
fore_aft,3.84,0,0.13581450283527374,-30.764686584472656,1.4897503852844238,0.5309221744537354,0.00606128852814436,0.4139469861984253,2,False,1.1789882183074951,0.0
fore_aft,3.86,0,0.13581374287605286,-30.7650203704834,1.4894782304763794,0.5309276580810547,0.006064779125154018,0.4140163064002991,2,False,1.1789963245391846,0.0
fore_aft,3.88,0,0.13581371307373047,-30.765087127685547,1.4894921779632568,0.5309287309646606,0.006101684644818306,0.4134884178638458,2,False,1.179005742073059,0.0
fore_aft,3.9,0,0.13581374287605286,-30.764921188354492,1.4895763397216797,0.530925989151001,0.006104643456637859,0.41347000002861023,2,False,1.1790130138397217,0.0
fore_aft,3.92,0,0.13581375777721405,-30.7650089263916,1.489455223083496,0.5309274196624756,0.006078321021050215,0.41355302929878235,2,False,1.1790199279785156,0.0
fore_aft,3.94,0,0.13581448793411255,-30.76532554626465,1.4897491931915283,0.5309328436851501,0.006121241021901369,0.41326943039894104,2,False,1.1790286302566528,0.0
fore_aft,3.96,0,0.13581684231758118,-30.76471519470215,1.4905577898025513,0.530923068523407,0.006178625859320164,0.4122825264930725,2,False,1.1790446043014526,0.0
fore_aft,3.98,0,0.1358187198638916,-30.76449966430664,1.4912878274917603,0.5309198498725891,0.0061237090267241,0.41237351298332214,2,False,1.1790575981140137,0.0
fore_aft,4.0,0,0.13581959903240204,-30.764278411865234,1.491487979888916,0.5309162139892578,0.006059091538190842,0.41265004873275757,2,False,1.1790658235549927,0.0
fore_aft,4.0200000000000005,0,0.13581928610801697,-30.764387130737305,1.4914549589157104,0.5309180021286011,0.006016607396304607,0.4127269387245178,2,False,1.1790719032287598,0.0
fore_aft,4.04,0,0.13581861555576324,-30.76457405090332,1.4911328554153442,0.5309209823608398,0.006014472804963589,0.41282185912132263,2,False,1.1790771484375,0.0
fore_aft,4.0600000000000005,0,0.13581684231758118,-30.7648868560791,1.490605115890503,0.530925989151001,0.00596015527844429,0.4133250117301941,2,False,1.1790850162506104,0.0
fore_aft,4.08,0,0.13581469655036926,-30.765357971191406,1.4896843433380127,0.5309334397315979,0.005919244606047869,0.4128836691379547,2,False,1.179090142250061,0.0
fore_aft,4.1,0,0.13581161201000214,-30.766048431396484,1.4887808561325073,0.5309445261955261,0.005931719206273556,0.41346830129623413,2,False,1.1790945529937744,0.0
fore_aft,4.12,0,0.13580885529518127,-30.766632080078125,1.4876679182052612,0.5309536457061768,0.00592398177832365,0.4135250747203827,2,False,1.179099440574646,0.0
fore_aft,4.14,0,0.13580624759197235,-30.767221450805664,1.4866236448287964,0.5309630632400513,0.005944188684225082,0.41302162408828735,2,False,1.1791019439697266,0.0
fore_aft,4.16,0,0.13580332696437836,-30.767763137817383,1.4857478141784668,0.5309717059135437,0.005965428426861763,0.41344696283340454,2,False,1.1791068315505981,0.0
fore_aft,4.18,0,0.13580064475536346,-30.768293380737305,1.4847471714019775,0.5309800505638123,0.005948417820036411,0.41363710165023804,2,False,1.179112195968628,0.0
fore_aft,4.2,0,0.13579829037189484,-30.768903732299805,1.4838672876358032,0.5309898853302002,0.005944381467998028,0.4134964942932129,2,False,1.1791189908981323,0.0
fore_aft,4.22,0,0.13579648733139038,-30.769390106201172,1.48322594165802,0.5309976935386658,0.005972110666334629,0.41349709033966064,2,False,1.1791234016418457,0.0
fore_aft,4.24,0,0.13579510152339935,-30.769611358642578,1.4826221466064453,0.5310010313987732,0.005980852525681257,0.41361480951309204,2,False,1.1791268587112427,0.0
fore_aft,4.26,0,0.13579383492469788,-30.769943237304688,1.4822328090667725,0.5310063362121582,0.005968406330794096,0.413585364818573,2,False,1.179134488105774,0.0
fore_aft,4.28,0,0.13579325377941132,-30.770099639892578,1.4820294380187988,0.5310089588165283,0.006001691333949566,0.4132620394229889,2,False,1.1791441440582275,0.0
fore_aft,4.3,0,0.1357928365468979,-30.770191192626953,1.4818897247314453,0.5310103893280029,0.0060170721262693405,0.41268518567085266,2,False,1.1791507005691528,0.0
fore_aft,4.32,0,0.13579227030277252,-30.770315170288086,1.4816343784332275,0.5310123562812805,0.005985168740153313,0.41348975896835327,2,False,1.1791576147079468,0.0
fore_aft,4.34,0,0.1357913762331009,-30.770524978637695,1.4812729358673096,0.5310156345367432,0.005978046916425228,0.41375333070755005,2,False,1.1791636943817139,0.0
fore_aft,4.36,0,0.13579082489013672,-30.770544052124023,1.4810892343521118,0.5310158729553223,0.006024844944477081,0.41338685154914856,2,False,1.1791709661483765,0.0
fore_aft,4.38,0,0.13579054176807404,-30.77060890197754,1.4810792207717896,0.5310169458389282,0.0060613988898694515,0.41355445981025696,2,False,1.1791791915893555,0.0
fore_aft,4.4,0,0.1357906460762024,-30.770570755004883,1.4810608625411987,0.5310163497924805,0.006045117042958736,0.4131847620010376,2,False,1.1791908740997314,0.0
fore_aft,4.42,0,0.13579031825065613,-30.77062225341797,1.4810396432876587,0.5310171842575073,0.00606699101626873,0.4137164056301117,2,False,1.1792014837265015,0.0
fore_aft,4.44,0,0.1357899010181427,-30.770599365234375,1.480786919593811,0.5310166478157043,0.006051185540854931,0.4139893651008606,2,False,1.179211139678955,0.0
fore_aft,4.46,0,0.13578929007053375,-30.770801544189453,1.480639100074768,0.5310198664665222,0.006046360358595848,0.41346096992492676,2,False,1.1792198419570923,0.0
fore_aft,4.48,0,0.1357889175415039,-30.770828247070312,1.4804208278656006,0.5310202836990356,0.006058346480131149,0.413713276386261,2,False,1.1792254447937012,0.0
fore_aft,4.5,0,0.13578824698925018,-30.770919799804688,1.4803130626678467,0.531021773815155,0.006056685000658035,0.41428953409194946,2,False,1.179229497909546,0.0
fore_aft,4.5200000000000005,0,0.13578830659389496,-30.7709903717041,1.480236530303955,0.5310229659080505,0.006056870333850384,0.41381725668907166,2,False,1.1792347431182861,0.0
fore_aft,4.54,0,0.1357884556055069,-30.771007537841797,1.4803053140640259,0.5310232639312744,0.006074674427509308,0.41380977630615234,2,False,1.1792389154434204,0.0
fore_aft,4.5600000000000005,0,0.13578879833221436,-30.770902633666992,1.4803842306137085,0.5310215353965759,0.006074916105717421,0.4139142632484436,2,False,1.1792454719543457,0.0
fore_aft,4.58,0,0.13578924536705017,-30.770830154418945,1.4805234670639038,0.5310203433036804,0.006070948671549559,0.41370561718940735,2,False,1.1792504787445068,0.0
fore_aft,4.6000000000000005,0,0.13578946888446808,-30.770767211914062,1.4806585311889648,0.531019389629364,0.006059708539396524,0.413857638835907,2,False,1.1792563199996948,0.0
fore_aft,4.62,0,0.1357894241809845,-30.77082061767578,1.4806203842163086,0.5310202836990356,0.006044228095561266,0.4137044847011566,2,False,1.17926025390625,0.0
fore_aft,4.64,0,0.13578912615776062,-30.770915985107422,1.4805642366409302,0.5310218334197998,0.0060593499802052975,0.41375732421875,2,False,1.1792638301849365,0.0
fore_aft,4.66,0,0.13578850030899048,-30.7708797454834,1.4803581237792969,0.5310211181640625,0.006026712711900473,0.41408711671829224,2,False,1.1792675256729126,0.0
fore_aft,4.68,0,0.13578788936138153,-30.771167755126953,1.4801448583602905,0.5310258865356445,0.006023743189871311,0.41425222158432007,2,False,1.1792713403701782,0.0
fore_aft,4.7,0,0.13578739762306213,-30.771217346191406,1.4799001216888428,0.5310265421867371,0.006049689371138811,0.4142695963382721,2,False,1.1792734861373901,0.0
fore_aft,4.72,0,0.13578662276268005,-30.771360397338867,1.479719638824463,0.5310288667678833,0.006041132379323244,0.4141494631767273,2,False,1.1792768239974976,0.0
fore_aft,4.74,0,0.13578587770462036,-30.77155113220215,1.479432225227356,0.5310319066047668,0.00601635267958045,0.4141670763492584,2,False,1.1792784929275513,0.0
fore_aft,4.76,0,0.1357862651348114,-30.77191162109375,1.4793941974639893,0.5310379862785339,0.006053347140550613,0.41392645239830017,2,False,1.1792775392532349,0.0
fore_aft,4.78,0,0.1357879340648651,-30.771486282348633,1.4800723791122437,0.5310311913490295,0.006122680846601725,0.4130920469760895,2,False,1.1792876720428467,0.0
fore_aft,4.8,0,0.13578958809375763,-30.771238327026367,1.4806149005889893,0.5310271978378296,0.006090756971389055,0.412688672542572,2,False,1.1792938709259033,0.0
fore_aft,4.82,0,0.13579043745994568,-30.77106285095215,1.4809670448303223,0.5310245752334595,0.006047999020665884,0.41287118196487427,2,False,1.1793001890182495,0.0
fore_aft,4.84,0,0.13579092919826508,-30.771032333374023,1.481110692024231,0.5310240983963013,0.0060186078771948814,0.4129355549812317,2,False,1.1793040037155151,0.0
fore_aft,4.86,0,0.13579070568084717,-30.771089553833008,1.4809346199035645,0.5310249924659729,0.005966664757579565,0.41334715485572815,2,False,1.1793066263198853,0.0
fore_aft,4.88,0,0.13578937947750092,-30.771352767944336,1.4805420637130737,0.5310291647911072,0.005950097925961018,0.4136296212673187,2,False,1.1793086528778076,0.0
fore_aft,4.9,0,0.1357874721288681,-30.771692276000977,1.4799084663391113,0.531034529209137,0.0059334514662623405,0.41371604800224304,2,False,1.179310917854309,0.0
fore_aft,4.92,0,0.13578540086746216,-30.77216339111328,1.4791475534439087,0.5310420393943787,0.005920382682234049,0.4133719801902771,2,False,1.1793112754821777,0.0
fore_aft,4.94,0,0.1357831209897995,-30.772613525390625,1.4782888889312744,0.5310491919517517,0.005928502418100834,0.4138193726539612,2,False,1.1793112754821777,0.0
fore_aft,4.96,0,0.13578101992607117,-30.773080825805664,1.477595567703247,0.5310566425323486,0.005938961170613766,0.41400468349456787,2,False,1.1793137788772583,0.0
fore_aft,4.98,0,0.1357792168855667,-30.773475646972656,1.4769316911697388,0.53106290102005,0.00593526242300868,0.4134552776813507,2,False,1.1793171167373657,0.0
fore_aft,5.0,0,0.13577747344970703,-30.7739315032959,1.47626793384552,0.5310701727867126,0.005938091780990362,0.41379451751708984,2,False,1.1793177127838135,0.0
fore_aft,5.0200000000000005,0,0.135775625705719,-30.774234771728516,1.4756226539611816,0.5310750007629395,0.005955936852842569,0.413506418466568,2,False,1.179316759109497,0.0
fore_aft,5.04,0,0.13577449321746826,-30.774499893188477,1.4751038551330566,0.531079113483429,0.0059807561337947845,0.4137285053730011,2,False,1.1793173551559448,0.0
fore_aft,5.0600000000000005,0,0.13577380776405334,-30.77471923828125,1.4749255180358887,0.5310826301574707,0.006001325324177742,0.4136488735675812,2,False,1.1793203353881836,0.0
fore_aft,5.08,0,0.1357736736536026,-30.774803161621094,1.4748752117156982,0.5310841202735901,0.0060152290388941765,0.4136030375957489,2,False,1.1793229579925537,0.0
fore_aft,5.1000000000000005,0,0.135773703455925,-30.774761199951172,1.4748904705047607,0.5310834646224976,0.006023175548762083,0.4136216938495636,2,False,1.1793242692947388,0.0
fore_aft,5.12,0,0.135774165391922,-30.774686813354492,1.475084900856018,0.5310822129249573,0.00603715842589736,0.41318345069885254,2,False,1.1793286800384521,0.0
fore_aft,5.14,0,0.13577473163604736,-30.774587631225586,1.475310206413269,0.5310807228088379,0.0060317376628518105,0.41343122720718384,2,False,1.179332971572876,0.0
fore_aft,5.16,0,0.13577555119991302,-30.774385452270508,1.4754958152770996,0.5310774445533752,0.006034765392541885,0.413158655166626,2,False,1.1793363094329834,0.0
fore_aft,5.18,0,0.13577596843242645,-30.774328231811523,1.475693702697754,0.5310765504837036,0.006014743819832802,0.4133409261703491,2,False,1.1793413162231445,0.0
fore_aft,5.2,0,0.13577590882778168,-30.774328231811523,1.4756618738174438,0.5310766100883484,0.005988003686070442,0.4138065278530121,2,False,1.1793445348739624,0.0
fore_aft,5.22,0,0.1357756406068802,-30.77444076538086,1.4755810499191284,0.5310783982276917,0.006005423609167337,0.4137105643749237,2,False,1.179347038269043,0.0
fore_aft,5.24,0,0.13577553629875183,-30.77436637878418,1.4755103588104248,0.5310771465301514,0.006010555662214756,0.4135761260986328,2,False,1.1793509721755981,0.0
fore_aft,5.26,0,0.1357753574848175,-30.7744083404541,1.4754434823989868,0.5310777425765991,0.0059813871048390865,0.4135322868824005,2,False,1.179353952407837,0.0
fore_aft,5.28,0,0.13577470183372498,-30.774639129638672,1.4753079414367676,0.5310816168785095,0.0059748259373009205,0.4136311113834381,2,False,1.1793560981750488,0.0
fore_aft,5.3,0,0.13577409088611603,-30.774730682373047,1.4750994443893433,0.5310831069946289,0.006007062271237373,0.4139117896556854,2,False,1.1793588399887085,0.0
fore_aft,5.32,0,0.1357736885547638,-30.77482032775879,1.4749410152435303,0.531084418296814,0.005988363642245531,0.4137500524520874,2,False,1.1793596744537354,0.0
fore_aft,5.34,0,0.1357734203338623,-30.77485466003418,1.4748420715332031,0.5310849547386169,0.006000600289553404,0.4136289954185486,2,False,1.17936110496521,0.0
fore_aft,5.36,0,0.13577330112457275,-30.774883270263672,1.4747493267059326,0.5310854315757751,0.005995458457618952,0.41369566321372986,2,False,1.1793619394302368,0.0
fore_aft,5.38,0,0.13577315211296082,-30.77491569519043,1.4747388362884521,0.5310859680175781,0.00599362188950181,0.41363149881362915,2,False,1.179363489151001,0.0
fore_aft,5.4,0,0.1357731968164444,-30.774890899658203,1.474680781364441,0.5310855507850647,0.005995219573378563,0.41353148221969604,2,False,1.1793640851974487,0.0
fore_aft,5.42,0,0.13577336072921753,-30.77491569519043,1.4746899604797363,0.5310859084129333,0.0059936800971627235,0.4134237468242645,2,False,1.1793663501739502,0.0
fore_aft,5.44,0,0.13577359914779663,-30.77488899230957,1.4748547077178955,0.5310855507850647,0.005997384898364544,0.4140142798423767,2,False,1.179370641708374,0.0
fore_aft,5.46,0,0.13577397167682648,-30.77484703063965,1.4749374389648438,0.5310848951339722,0.00600311066955328,0.41347959637641907,2,False,1.1793733835220337,0.0
fore_aft,5.48,0,0.13577406108379364,-30.774831771850586,1.4750852584838867,0.5310847163200378,0.00597023731097579,0.4136919379234314,2,False,1.1793769598007202,0.0
fore_aft,5.5,0,0.1357741504907608,-30.77484703063965,1.4749374389648438,0.5310848951339722,0.0059397523291409016,0.41366517543792725,2,False,1.1793780326843262,0.0
fore_aft,5.5200000000000005,0,0.13577380776405334,-30.77486228942871,1.4748492240905762,0.5310850739479065,0.005959018133580685,0.4135844111442566,2,False,1.1793806552886963,0.0
fore_aft,5.54,0,0.13577303290367126,-30.774999618530273,1.474715232849121,0.531087338924408,0.005935086868703365,0.4136190414428711,2,False,1.1793826818466187,0.0
fore_aft,5.5600000000000005,0,0.13577286899089813,-30.775156021118164,1.474504828453064,0.5310898423194885,0.005922785960137844,0.4132157862186432,2,False,1.179382085800171,0.0
fore_aft,5.58,0,0.13577252626419067,-30.775245666503906,1.474460482597351,0.5310913324356079,0.0059317899867892265,0.4137617349624634,2,False,1.1793850660324097,0.0
fore_aft,5.6000000000000005,0,0.13577230274677277,-30.775236129760742,1.4743053913116455,0.5310910940170288,0.005915312562137842,0.4137670695781708,2,False,1.1793873310089111,0.0
fore_aft,5.62,0,0.13577207922935486,-30.775386810302734,1.474223256111145,0.5310935974121094,0.005913635715842247,0.413149356842041,2,False,1.1793889999389648,0.0
fore_aft,5.64,0,0.13577233254909515,-30.775360107421875,1.4742645025253296,0.5310931205749512,0.00593318697065115,0.4134494364261627,2,False,1.1793911457061768,0.0
fore_aft,5.66,0,0.13577240705490112,-30.775249481201172,1.4742788076400757,0.5310913324356079,0.005901309195905924,0.4133198857307434,2,False,1.1793931722640991,0.0
fore_aft,5.68,0,0.13577187061309814,-30.775453567504883,1.4741259813308716,0.5310946702957153,0.00587368942797184,0.41336846351623535,2,False,1.1793937683105469,0.0
fore_aft,5.7,0,0.1357712745666504,-30.775569915771484,1.474034309387207,0.5310965776443481,0.005892032757401466,0.41368046402931213,2,False,1.179395079612732,0.0
fore_aft,5.72,0,0.13577137887477875,-30.775577545166016,1.4739916324615479,0.5310966968536377,0.005897098686546087,0.4133865535259247,2,False,1.1793948411941528,0.0
fore_aft,5.74,0,0.13577169179916382,-30.775493621826172,1.4740848541259766,0.5310953259468079,0.005913572385907173,0.4134715795516968,2,False,1.1793968677520752,0.0
fore_aft,5.76,0,0.13577181100845337,-30.77550506591797,1.4741137027740479,0.5310955047607422,0.005887976847589016,0.41368502378463745,2,False,1.1793994903564453,0.0
fore_aft,5.78,0,0.13577191531658173,-30.77550506591797,1.4741703271865845,0.531095564365387,0.005904438439756632,0.4133819043636322,2,False,1.1794023513793945,0.0
fore_aft,5.8,0,0.1357719749212265,-30.77540397644043,1.4742424488067627,0.5310938358306885,0.005899516399949789,0.4131612777709961,2,False,1.179404377937317,0.0
fore_aft,5.82,0,0.13577179610729218,-30.775463104248047,1.4741677045822144,0.5310948491096497,0.0058792633935809135,0.4133341610431671,2,False,1.1794064044952393,0.0
fore_aft,5.84,0,0.1357714831829071,-30.775550842285156,1.4740647077560425,0.5310961604118347,0.0058813137002289295,0.41356024146080017,2,False,1.1794097423553467,0.0
fore_aft,5.86,0,0.13577112555503845,-30.775604248046875,1.4739761352539062,0.5310970544815063,0.005877278745174408,0.4134640693664551,2,False,1.1794123649597168,0.0
fore_aft,5.88,0,0.13577091693878174,-30.775630950927734,1.4738333225250244,0.5310974717140198,0.0058840252459049225,0.4132555425167084,2,False,1.1794129610061646,0.0
fore_aft,5.9,0,0.13577057421207428,-30.77568244934082,1.473708987236023,0.5310983061790466,0.005882327910512686,0.4135538339614868,2,False,1.1794136762619019,0.0
fore_aft,5.92,0,0.13577041029930115,-30.775875091552734,1.4736533164978027,0.5311014652252197,0.005876072682440281,0.4134868085384369,2,False,1.179416298866272,0.0
fore_aft,5.94,0,0.1357704997062683,-30.775833129882812,1.4736595153808594,0.5311008095741272,0.005881734658032656,0.41367924213409424,2,False,1.1794154644012451,0.0
fore_aft,5.96,0,0.13577067852020264,-30.77573013305664,1.4736530780792236,0.5310990214347839,0.00588529696688056,0.41380175948143005,2,False,1.1794143915176392,0.0
fore_aft,5.98,0,0.135770782828331,-30.775711059570312,1.4737471342086792,0.5310987830162048,0.005868430715054274,0.4133005738258362,2,False,1.1794154644012451,0.0
fore_aft,6.0,0,0.1357710361480713,-30.775794982910156,1.4739104509353638,0.5311002135276794,0.005869721993803978,0.4136175513267517,2,False,1.1794179677963257,0.0
fore_aft,6.0200000000000005,0,0.13577140867710114,-30.77559471130371,1.4740227460861206,0.5310969948768616,0.005872476380318403,0.41319671273231506,2,False,1.179417610168457,0.0
fore_aft,6.04,0,0.1357714980840683,-30.775714874267578,1.4740315675735474,0.5310989618301392,0.005861193407326937,0.41353511810302734,2,False,1.179418921470642,0.0
fore_aft,6.0600000000000005,0,0.13577154278755188,-30.775556564331055,1.4740608930587769,0.531096339225769,0.005869581364095211,0.41356161236763,2,False,1.179418921470642,0.0
fore_aft,6.08,0,0.13577142357826233,-30.775724411010742,1.4740573167800903,0.5310991406440735,0.005857984535396099,0.41370269656181335,2,False,1.1794207096099854,0.0
fore_aft,6.1000000000000005,0,0.13577115535736084,-30.775737762451172,1.4738917350769043,0.531099259853363,0.005855708383023739,0.4137127101421356,2,False,1.179419755935669,0.0
fore_aft,6.12,0,0.135770782828331,-30.7757568359375,1.4737290143966675,0.5310995578765869,0.005879588425159454,0.4136720299720764,2,False,1.1794196367263794,0.0
fore_aft,6.140000000000001,0,0.13577045500278473,-30.775745391845703,1.473636507987976,0.5310993194580078,0.0058950502425432205,0.4138374924659729,2,False,1.1794207096099854,0.0
fore_aft,6.16,0,0.13577020168304443,-30.77585792541504,1.473516821861267,0.5311011075973511,0.005878625437617302,0.4136180877685547,2,False,1.179421305656433,0.0
fore_aft,6.18,0,0.1357700228691101,-30.775920867919922,1.473440408706665,0.5311021208763123,0.005920561030507088,0.4137139916419983,2,False,1.179423213005066,0.0
fore_aft,6.2,0,0.1357700228691101,-30.775836944580078,1.4735027551651,0.5311008095741272,0.005935221910476685,0.41353386640548706,2,False,1.179423213005066,0.0
fore_aft,6.22,0,0.13577008247375488,-30.775821685791016,1.4735393524169922,0.5311005115509033,0.005936875473707914,0.4136417806148529,2,False,1.1794230937957764,0.0
fore_aft,6.24,0,0.1357703059911728,-30.7757625579834,1.4736695289611816,0.5310996174812317,0.005962043069303036,0.4132796823978424,2,False,1.1794259548187256,0.0
fore_aft,6.26,0,0.13577088713645935,-30.7756290435791,1.4738781452178955,0.531097412109375,0.005988124758005142,0.4136844277381897,2,False,1.1794298887252808,0.0
fore_aft,6.28,0,0.13577115535736084,-30.775537490844727,1.4739453792572021,0.5310959219932556,0.005944058299064636,0.414290189743042,2,False,1.179435133934021,0.0
fore_aft,6.3,0,0.13577134907245636,-30.775468826293945,1.4739681482315063,0.5310947895050049,0.005952856037765741,0.41379475593566895,2,False,1.1794400215148926,0.0
fore_aft,6.32,0,0.1357712745666504,-30.77545166015625,1.473924160003662,0.531094491481781,0.005938107147812843,0.41392481327056885,2,False,1.1794434785842896,0.0
fore_aft,6.34,0,0.13577108085155487,-30.77550506591797,1.473893165588379,0.5310954451560974,0.005932734813541174,0.414257287979126,2,False,1.1794466972351074,0.0
fore_aft,6.36,0,0.13577115535736084,-30.77545166015625,1.4739617109298706,0.5310945510864258,0.0059430780820548534,0.4143027067184448,2,False,1.1794511079788208,0.0
fore_aft,6.38,0,0.13577152788639069,-30.775390625,1.474133014678955,0.5310935974121094,0.00593938585370779,0.4139549434185028,2,False,1.1794558763504028,0.0
fore_aft,6.4,0,0.1357719749212265,-30.77528190612793,1.4742306470870972,0.5310917496681213,0.00591997429728508,0.41425591707229614,2,False,1.1794593334197998,0.0
fore_aft,6.42,0,0.13577215373516083,-30.77533721923828,1.474243402481079,0.5310927629470825,0.00589649798348546,0.4141175150871277,2,False,1.1794604063034058,0.0
fore_aft,6.44,0,0.13577240705490112,-30.775325775146484,1.4743643999099731,0.531092643737793,0.005925939884036779,0.41423699259757996,2,False,1.1794650554656982,0.0
fore_aft,6.46,0,0.13577276468276978,-30.77513885498047,1.4744915962219238,0.5310894846916199,0.005924905650317669,0.41417521238327026,2,False,1.1794672012329102,0.0
fore_aft,6.48,0,0.13577263057231903,-30.77509880065918,1.4744771718978882,0.5310888886451721,0.005883378442376852,0.41438645124435425,2,False,1.1794679164886475,0.0
fore_aft,6.5,0,0.13577218353748322,-30.775362014770508,1.4743460416793823,0.531093180179596,0.005853795912116766,0.4141291677951813,2,False,1.1794718503952026,0.0
fore_aft,6.5200000000000005,0,0.13577178120613098,-30.7753963470459,1.4741716384887695,0.5310937166213989,0.0058475518599152565,0.4137466251850128,2,False,1.1794720888137817,0.0
fore_aft,6.54,0,0.135771244764328,-30.775529861450195,1.4740017652511597,0.5310958623886108,0.005855056457221508,0.414102166891098,2,False,1.1794719696044922,0.0
fore_aft,6.5600000000000005,0,0.1357710361480713,-30.775585174560547,1.4738476276397705,0.5310966372489929,0.005856177303940058,0.4141484797000885,2,False,1.179473638534546,0.0
fore_aft,6.58,0,0.1357705146074295,-30.77564811706543,1.4737343788146973,0.5310977101325989,0.0058416021056473255,0.4143100678920746,2,False,1.1794747114181519,0.0
fore_aft,6.6000000000000005,0,0.13577021658420563,-30.775772094726562,1.4735653400421143,0.5310997366905212,0.005868831183761358,0.4140465259552002,2,False,1.1794757843017578,0.0
fore_aft,6.62,0,0.13577067852020264,-30.775680541992188,1.4736911058425903,0.5310981869697571,0.005925127305090427,0.4136407971382141,2,False,1.179476261138916,0.0
fore_aft,6.640000000000001,0,0.13577118515968323,-30.775529861450195,1.4738447666168213,0.5310957431793213,0.005907080136239529,0.414183646440506,2,False,1.1794791221618652,0.0
fore_aft,6.66,0,0.13577094674110413,-30.775585174560547,1.4738495349884033,0.5310966968536377,0.005889497697353363,0.4142496585845947,2,False,1.1794793605804443,0.0
fore_aft,6.68,0,0.13577109575271606,-30.775636672973633,1.4738534688949585,0.5310975909233093,0.0058851647190749645,0.4141065180301666,2,False,1.1794813871383667,0.0
fore_aft,6.7,0,0.13577139377593994,-30.775537490844727,1.4739711284637451,0.5310959219932556,0.005887915845960379,0.41390955448150635,2,False,1.179483413696289,0.0
fore_aft,6.72,0,0.1357712745666504,-30.775569915771484,1.47398841381073,0.5310965180397034,0.005889291409403086,0.41430526971817017,2,False,1.1794838905334473,0.0
fore_aft,6.74,0,0.1357710361480713,-30.775554656982422,1.4738689661026,0.5310961604118347,0.005909112747758627,0.4143866300582886,2,False,1.1794841289520264,0.0
fore_aft,6.76,0,0.13577070832252502,-30.77552032470703,1.4737612009048462,0.5310956239700317,0.005911718588322401,0.4146343767642975,2,False,1.179483413696289,0.0
fore_aft,6.78,0,0.13577069342136383,-30.775585174560547,1.4737958908081055,0.5310966968536377,0.005933146458119154,0.41409775614738464,2,False,1.1794843673706055,0.0
fore_aft,6.8,0,0.1357710063457489,-30.775510787963867,1.4738913774490356,0.5310955047607422,0.005968748591840267,0.41382896900177,2,False,1.179486632347107,0.0
fore_aft,6.82,0,0.13577108085155487,-30.775409698486328,1.4739840030670166,0.5310938954353333,0.005972998216748238,0.4141087830066681,2,False,1.1794884204864502,0.0
fore_aft,6.84,0,0.13577085733413696,-30.775409698486328,1.4738887548446655,0.5310938358306885,0.0059470441192388535,0.4141497015953064,2,False,1.1794899702072144,0.0
fore_aft,6.86,0,0.13577082753181458,-30.775569915771484,1.4738415479660034,0.5310964584350586,0.005971258040517569,0.41422203183174133,2,False,1.179491400718689,0.0
fore_aft,6.88,0,0.13577091693878174,-30.775360107421875,1.4738283157348633,0.5310928821563721,0.006000950001180172,0.4141179323196411,2,False,1.1794918775558472,0.0
fore_aft,6.9,0,0.1357707977294922,-30.775400161743164,1.4739054441452026,0.5310936570167542,0.006020552013069391,0.4142594337463379,2,False,1.1794939041137695,0.0
fore_aft,6.92,0,0.13577088713645935,-30.775360107421875,1.4739603996276855,0.5310929417610168,0.006024674978107214,0.4143493175506592,2,False,1.1794962882995605,0.0
fore_aft,6.94,0,0.13577115535736084,-30.775300979614258,1.4738860130310059,0.5310919284820557,0.006041551940143108,0.4142104685306549,2,False,1.1794970035552979,0.0
fore_aft,6.96,0,0.13577094674110413,-30.775249481201172,1.473893165588379,0.5310911536216736,0.006020546890795231,0.414480060338974,2,False,1.1794987916946411,0.0
fore_aft,6.98,0,0.13577091693878174,-30.77533721923828,1.4738787412643433,0.5310925245285034,0.006016888655722141,0.41451531648635864,2,False,1.1794980764389038,0.0
fore_aft,7.0,0,0.1357712298631668,-30.77519416809082,1.473995566368103,0.5310901999473572,0.006049483083188534,0.41395512223243713,2,False,1.17949640750885,0.0
fore_aft,7.0200000000000005,0,0.13577164709568024,-30.77511978149414,1.4740989208221436,0.5310890078544617,0.006064046639949083,0.41459453105926514,2,False,1.179497241973877,0.0
fore_aft,7.04,0,0.13577207922935486,-30.775026321411133,1.474225640296936,0.5310875773429871,0.006085409317165613,0.4141400158405304,2,False,1.1794992685317993,0.0
fore_aft,7.0600000000000005,0,0.13577234745025635,-30.774890899658203,1.4743636846542358,0.5310853123664856,0.006072775460779667,0.41401949524879456,2,False,1.179499864578247,0.0
fore_aft,7.08,0,0.1357721984386444,-30.774999618530273,1.4743921756744385,0.5310871601104736,0.006042881868779659,0.4147067666053772,2,False,1.1795011758804321,0.0
fore_aft,7.1000000000000005,0,0.1357719600200653,-30.774972915649414,1.4742417335510254,0.5310865640640259,0.006031603552401066,0.4145534038543701,2,False,1.179500937461853,0.0
fore_aft,7.12,0,0.13577163219451904,-30.77512550354004,1.4740880727767944,0.5310891270637512,0.00604711240157485,0.4145320951938629,2,False,1.1794991493225098,0.0
fore_aft,7.140000000000001,0,0.13577163219451904,-30.775157928466797,1.4741382598876953,0.531089723110199,0.00606618681922555,0.4142707586288452,2,False,1.179499864578247,0.0
fore_aft,7.16,0,0.135771706700325,-30.775142669677734,1.474276065826416,0.5310895442962646,0.006058673374354839,0.41420257091522217,2,False,1.1795016527175903,0.0
fore_aft,7.18,0,0.13577191531658173,-30.775096893310547,1.4742077589035034,0.5310887098312378,0.006037040147930384,0.41413524746894836,2,False,1.1795023679733276,0.0
fore_aft,7.2,0,0.13577133417129517,-30.77512550354004,1.474048376083374,0.5310891270637512,0.005985206924378872,0.414859414100647,2,False,1.1795016527175903,0.0
fore_aft,7.22,0,0.135770782828331,-30.775291442871094,1.4738023281097412,0.5310917496681213,0.005987254437059164,0.41417691111564636,2,False,1.179498314857483,0.0
fore_aft,7.24,0,0.13577085733413696,-30.77536964416504,1.4738295078277588,0.5310930609703064,0.006062658969312906,0.4141475260257721,2,False,1.1794990301132202,0.0
fore_aft,7.26,0,0.13577121496200562,-30.77519416809082,1.4740811586380005,0.531090259552002,0.006051565520465374,0.414325475692749,2,False,1.1795026063919067,0.0
fore_aft,7.28,0,0.13577142357826233,-30.775236129760742,1.4739863872528076,0.5310909152030945,0.00600171135738492,0.41435831785202026,2,False,1.179500937461853,0.0
fore_aft,7.3,0,0.1357710212469101,-30.775257110595703,1.4740016460418701,0.5310912728309631,0.0060203783214092255,0.4143543541431427,2,False,1.1795012950897217,0.0
fore_aft,7.32,0,0.13577108085155487,-30.775259017944336,1.4740225076675415,0.5310913324356079,0.0060186730697751045,0.4140455722808838,2,False,1.1794990301132202,0.0
fore_aft,7.34,0,0.13577142357826233,-30.775310516357422,1.4740760326385498,0.5310922265052795,0.006004724185913801,0.41422006487846375,2,False,1.179499864578247,0.0
fore_aft,7.36,0,0.13577164709568024,-30.775222778320312,1.4741402864456177,0.5310907959938049,0.006006748881191015,0.41433587670326233,2,False,1.179500699043274,0.0
fore_aft,7.38,0,0.13577163219451904,-30.775165557861328,1.4741482734680176,0.5310898423194885,0.005972531624138355,0.41411128640174866,2,False,1.179500699043274,0.0
fore_aft,7.4,0,0.13577137887477875,-30.775390625,1.4740850925445557,0.5310935378074646,0.0059569659642875195,0.41434016823768616,2,False,1.1794986724853516,0.0
fore_aft,7.42,0,0.13577117025852203,-30.775318145751953,1.4740242958068848,0.5310922861099243,0.005962809547781944,0.41411906480789185,2,False,1.1794980764389038,0.0
fore_aft,7.44,0,0.13577112555503845,-30.77543067932129,1.4739049673080444,0.5310941338539124,0.005955121014267206,0.41461360454559326,2,False,1.1794960498809814,0.0
fore_aft,7.46,0,0.1357709765434265,-30.77542495727539,1.473846197128296,0.5310940146446228,0.005936100613325834,0.41417914628982544,2,False,1.1794946193695068,0.0
fore_aft,7.48,0,0.13577114045619965,-30.775529861450195,1.4739609956741333,0.5310958623886108,0.005960454698652029,0.41393566131591797,2,False,1.1794943809509277,0.0
fore_aft,7.5,0,0.13577164709568024,-30.775285720825195,1.4740526676177979,0.5310918092727661,0.005985947325825691,0.41412538290023804,2,False,1.1794956922531128,0.0
fore_aft,7.5200000000000005,0,0.13577158749103546,-30.77533531188965,1.4740614891052246,0.5310925841331482,0.005936192814260721,0.41405847668647766,2,False,1.1794960498809814,0.0
fore_aft,7.54,0,0.13577120006084442,-30.775426864624023,1.4738689661026,0.5310940742492676,0.005912733264267445,0.4145834743976593,2,False,1.1794943809509277,0.0
fore_aft,7.5600000000000005,0,0.13577093183994293,-30.77553939819336,1.4738221168518066,0.5310959815979004,0.0059312134981155396,0.41400495171546936,2,False,1.1794962882995605,0.0
fore_aft,7.58,0,0.13577090203762054,-30.775575637817383,1.4738622903823853,0.5310965776443481,0.005937888287007809,0.41412508487701416,2,False,1.1794965267181396,0.0
fore_aft,7.6000000000000005,0,0.13577064871788025,-30.775592803955078,1.4737929105758667,0.5310968160629272,0.0059274486266076565,0.41434183716773987,2,False,1.1794943809509277,0.0
fore_aft,7.62,0,0.13577045500278473,-30.775609970092773,1.4737138748168945,0.5310970544815063,0.0059130191802978516,0.41454946994781494,2,False,1.1794955730438232,0.0
fore_aft,7.640000000000001,0,0.1357702761888504,-30.77570152282715,1.4736565351486206,0.531098484992981,0.005896082613617182,0.414535790681839,2,False,1.1794966459274292,0.0
fore_aft,7.66,0,0.1357703059911728,-30.77573585510254,1.4736582040786743,0.5310990810394287,0.005899219773709774,0.41398876905441284,2,False,1.1794941425323486,0.0
fore_aft,7.68,0,0.13577063381671906,-30.77570343017578,1.4737601280212402,0.5310986638069153,0.00591697683557868,0.41395047307014465,2,False,1.17949378490448,0.0
fore_aft,7.7,0,0.13577109575271606,-30.77556800842285,1.4739488363265991,0.5310964584350586,0.00593017740175128,0.41425880789756775,2,False,1.1794970035552979,0.0
fore_aft,7.72,0,0.13577133417129517,-30.77545166015625,1.473924160003662,0.531094491481781,0.005907287355512381,0.4142152667045593,2,False,1.1794970035552979,0.0
fore_aft,7.74,0,0.13577094674110413,-30.775510787963867,1.473919153213501,0.5310954451560974,0.0058845533058047295,0.41415706276893616,2,False,1.1794966459274292,0.0
fore_aft,7.76,0,0.1357707530260086,-30.77564811706543,1.4738316535949707,0.5310977697372437,0.005888400599360466,0.4144838750362396,2,False,1.1794965267181396,0.0
fore_aft,7.78,0,0.13577064871788025,-30.775676727294922,1.4737765789031982,0.5310981869697571,0.005880043376237154,0.41438618302345276,2,False,1.17949640750885,0.0
fore_aft,7.8,0,0.13577060401439667,-30.775737762451172,1.4738081693649292,0.531099259853363,0.005878364201635122,0.4140975773334503,2,False,1.1794966459274292,0.0
fore_aft,7.82,0,0.13577070832252502,-30.775774002075195,1.473793864250183,0.5310999155044556,0.005867217667400837,0.41373181343078613,2,False,1.1794929504394531,0.0
fore_aft,7.84,0,0.13577045500278473,-30.77573585510254,1.473739504814148,0.5310991406440735,0.005882759112864733,0.414384126663208,2,False,1.1794919967651367,0.0
fore_aft,7.86,0,0.13577033579349518,-30.775737762451172,1.4736483097076416,0.5310991406440735,0.005892754532396793,0.4144325852394104,2,False,1.1794931888580322,0.0
fore_aft,7.88,0,0.13577015697956085,-30.77580451965332,1.4734772443771362,0.5311002135276794,0.005884984508156776,0.4139208495616913,2,False,1.1794911623001099,0.0
fore_aft,7.9,0,0.13576988875865936,-30.77582359313965,1.473451018333435,0.5311005115509033,0.005925998091697693,0.4144080579280853,2,False,1.1794896125793457,0.0
fore_aft,7.92,0,0.1357700526714325,-30.775693893432617,1.4735103845596313,0.5310983657836914,0.005942243151366711,0.4139801263809204,2,False,1.179491400718689,0.0
fore_aft,7.94,0,0.13577011227607727,-30.77569007873535,1.4735172986984253,0.5310983061790466,0.0059404680505394936,0.41413941979408264,2,False,1.1794934272766113,0.0
fore_aft,7.96,0,0.13576999306678772,-30.77573013305664,1.4735398292541504,0.5310990214347839,0.005962104070931673,0.41445353627204895,2,False,1.1794943809509277,0.0
fore_aft,7.98,0,0.13577012717723846,-30.775718688964844,1.4735444784164429,0.5310987830162048,0.005960675422102213,0.41443440318107605,2,False,1.179494023323059,0.0
fore_aft,8.0,0,0.13577017188072205,-30.775556564331055,1.473632574081421,0.5310961604118347,0.005970437079668045,0.4143699109554291,2,False,1.1794936656951904,0.0
fore_aft,8.02,0,0.13577060401439667,-30.775638580322266,1.4737093448638916,0.5310975313186646,0.005963307339698076,0.4139045178890228,2,False,1.1794942617416382,0.0
fore_aft,8.040000000000001,0,0.13577106595039368,-30.77544403076172,1.4738852977752686,0.5310943722724915,0.005994027014821768,0.4140985608100891,2,False,1.1794952154159546,0.0
fore_aft,8.06,0,0.13577106595039368,-30.775365829467773,1.4739089012145996,0.5310930609703064,0.00596056692302227,0.41448503732681274,2,False,1.17949378490448,0.0
fore_aft,8.08,0,0.13577106595039368,-30.775360107421875,1.4739305973052979,0.5310929417610168,0.005985800176858902,0.41407036781311035,2,False,1.1794933080673218,0.0
fore_aft,8.1,0,0.13577109575271606,-30.775426864624023,1.4739208221435547,0.5310940742492676,0.005984200164675713,0.4144693613052368,2,False,1.1794943809509277,0.0
fore_aft,8.120000000000001,0,0.13577117025852203,-30.77537727355957,1.4739636182785034,0.5310932397842407,0.006001138594001532,0.41437309980392456,2,False,1.1794968843460083,0.0
fore_aft,8.14,0,0.1357714831829071,-30.77533531188965,1.474115252494812,0.531092643737793,0.006012449041008949,0.41418227553367615,2,False,1.179498314857483,0.0
fore_aft,8.16,0,0.13577143847942352,-30.775291442871094,1.4741193056106567,0.5310918688774109,0.005974240135401487,0.4143129289150238,2,False,1.179499626159668,0.0
fore_aft,8.18,0,0.135771244764328,-30.775327682495117,1.4739898443222046,0.5310924649238586,0.005964056588709354,0.41430240869522095,2,False,1.1794984340667725,0.0
fore_aft,8.2,0,0.13577108085155487,-30.775344848632812,1.4739444255828857,0.5310927033424377,0.006002677604556084,0.4138690233230591,2,False,1.179500699043274,0.0
fore_aft,8.22,0,0.13577088713645935,-30.775386810302734,1.4739022254943848,0.531093418598175,0.006000700872391462,0.41443631052970886,2,False,1.1795018911361694,0.0
fore_aft,8.24,0,0.13577058911323547,-30.775434494018555,1.4737231731414795,0.5310941338539124,0.006003757007420063,0.41426196694374084,2,False,1.1794990301132202,0.0
fore_aft,8.26,0,0.1357702761888504,-30.77547836303711,1.4736640453338623,0.5310947895050049,0.006022770889103413,0.41466233134269714,2,False,1.1794958114624023,0.0
fore_aft,8.28,0,0.13577039539813995,-30.77544403076172,1.473691463470459,0.5310941934585571,0.006056541111320257,0.4143039286136627,2,False,1.1794973611831665,0.0
fore_aft,8.3,0,0.1357710212469101,-30.775270462036133,1.4738706350326538,0.5310914516448975,0.0060768635012209415,0.4141015112400055,2,False,1.1794990301132202,0.0
fore_aft,8.32,0,0.1357712596654892,-30.77520179748535,1.474100112915039,0.5310903787612915,0.006070085801184177,0.41418716311454773,2,False,1.1794993877410889,0.0
fore_aft,8.34,0,0.13577169179916382,-30.77505111694336,1.4741703271865845,0.5310879349708557,0.006065614055842161,0.41414937376976013,2,False,1.179499864578247,0.0
fore_aft,8.36,0,0.13577166199684143,-30.77507972717285,1.4742183685302734,0.5310883522033691,0.006053546443581581,0.4145665466785431,2,False,1.1795026063919067,0.0
fore_aft,8.38,0,0.13577167689800262,-30.775110244750977,1.4741383790969849,0.5310888886451721,0.006048673763871193,0.41424092650413513,2,False,1.1795024871826172,0.0
fore_aft,8.4,0,0.1357717365026474,-30.775096893310547,1.4742575883865356,0.5310887098312378,0.006065282505005598,0.41402870416641235,2,False,1.1795032024383545,0.0
fore_aft,8.42,0,0.13577145338058472,-30.77508544921875,1.4741709232330322,0.5310884714126587,0.006040564738214016,0.4147217273712158,2,False,1.1795011758804321,0.0
fore_aft,8.44,0,0.13577109575271606,-30.77519416809082,1.4739787578582764,0.5310901999473572,0.006025317125022411,0.4144953489303589,2,False,1.1795010566711426,0.0
fore_aft,8.46,0,0.13577096164226532,-30.77528190612793,1.4740020036697388,0.5310916900634766,0.006042574066668749,0.41441917419433594,2,False,1.1795023679733276,0.0
fore_aft,8.48,0,0.13577134907245636,-30.775150299072266,1.4741014242172241,0.5310895442962646,0.00606812397018075,0.41405177116394043,2,False,1.1795029640197754,0.0
fore_aft,8.5,0,0.13577161729335785,-30.775190353393555,1.4741346836090088,0.5310901999473572,0.0060587539337575436,0.4142608642578125,2,False,1.179502010345459,0.0
fore_aft,8.52,0,0.1357714980840683,-30.77504539489746,1.474098801612854,0.5310877561569214,0.0060634491965174675,0.4144618809223175,2,False,1.1795015335083008,0.0
fore_aft,8.540000000000001,0,0.1357714682817459,-30.775123596191406,1.473997712135315,0.5310890078544617,0.00605826685205102,0.4143066704273224,2,False,1.1795026063919067,0.0
fore_aft,8.56,0,0.13577137887477875,-30.775150299072266,1.474107265472412,0.5310895442962646,0.006098660174757242,0.4146152138710022,2,False,1.1795048713684082,0.0
fore_aft,8.58,0,0.13577161729335785,-30.77505874633789,1.4741954803466797,0.5310879945755005,0.006083835382014513,0.41442617774009705,2,False,1.1795059442520142,0.0
fore_aft,8.6,0,0.1357717216014862,-30.775049209594727,1.4742330312728882,0.5310879349708557,0.006073966156691313,0.41455167531967163,2,False,1.1795051097869873,0.0
fore_aft,8.620000000000001,0,0.13577179610729218,-30.775022506713867,1.4741489887237549,0.5310873985290527,0.006068578455597162,0.4144997000694275,2,False,1.1795034408569336,0.0
fore_aft,8.64,0,0.13577185571193695,-30.77504539489746,1.474223017692566,0.5310878157615662,0.006078479345887899,0.41448333859443665,2,False,1.1795055866241455,0.0
fore_aft,8.66,0,0.13577216863632202,-30.775068283081055,1.4743635654449463,0.5310883522033691,0.006065658293664455,0.41443154215812683,2,False,1.179506540298462,0.0
fore_aft,8.68,0,0.1357721984386444,-30.774932861328125,1.4743942022323608,0.5310860276222229,0.006061920430511236,0.41478973627090454,2,False,1.1795059442520142,0.0
fore_aft,8.700000000000001,0,0.13577215373516083,-30.774972915649414,1.4743539094924927,0.5310866236686707,0.006031178869307041,0.4141159951686859,2,False,1.1795061826705933,0.0
fore_aft,8.72,0,0.1357721984386444,-30.775089263916016,1.4742624759674072,0.5310885906219482,0.006021272856742144,0.4144860804080963,2,False,1.1795063018798828,0.0
fore_aft,8.74,0,0.1357717663049698,-30.775096893310547,1.4742097854614258,0.5310887098312378,0.006024910602718592,0.4145728051662445,2,False,1.17950439453125,0.0
fore_aft,8.76,0,0.1357714980840683,-30.775232315063477,1.4741264581680298,0.5310909152030945,0.006012444384396076,0.41468849778175354,2,False,1.1795036792755127,0.0
fore_aft,8.78,0,0.1357714682817459,-30.775142669677734,1.474036693572998,0.5310894250869751,0.006008878815919161,0.4141901433467865,2,False,1.1795021295547485,0.0
fore_aft,8.8,0,0.13577155768871307,-30.775293350219727,1.4740389585494995,0.5310918688774109,0.006009864155203104,0.4143252968788147,2,False,1.1795016527175903,0.0
fore_aft,8.82,0,0.13577136397361755,-30.7752742767334,1.4741102457046509,0.5310916304588318,0.006008918862789869,0.414597749710083,2,False,1.1795010566711426,0.0
fore_aft,8.84,0,0.13577134907245636,-30.77530860900879,1.4741235971450806,0.5310921669006348,0.006000441964715719,0.414286732673645,2,False,1.1795004606246948,0.0
fore_aft,8.86,0,0.13577161729335785,-30.775232315063477,1.474130392074585,0.5310909152030945,0.005992447026073933,0.41425028443336487,2,False,1.1795018911361694,0.0
fore_aft,8.88,0,0.13577166199684143,-30.775293350219727,1.4741076231002808,0.5310919284820557,0.005949911195784807,0.414154052734375,2,False,1.1795003414154053,0.0
fore_aft,8.9,0,0.13577136397361755,-30.775379180908203,1.4739984273910522,0.5310933589935303,0.005946600344032049,0.4143615663051605,2,False,1.1794980764389038,0.0
fore_aft,8.92,0,0.13577082753181458,-30.775463104248047,1.4739333391189575,0.5310946702957153,0.005941659677773714,0.41441062092781067,2,False,1.1794981956481934,0.0
fore_aft,8.94,0,0.13577070832252502,-30.77543067932129,1.473824381828308,0.5310941338539124,0.005947483237832785,0.4141567647457123,2,False,1.1794970035552979,0.0
fore_aft,8.96,0,0.1357707679271698,-30.77550506591797,1.4738255739212036,0.5310953855514526,0.005966744385659695,0.41403815150260925,2,False,1.1794984340667725,0.0
fore_aft,8.98,0,0.1357707679271698,-30.77550506591797,1.4738266468048096,0.5310953855514526,0.005980508401989937,0.41436052322387695,2,False,1.179499626159668,0.0
fore_aft,9.0,0,0.13577082753181458,-30.775487899780273,1.4738233089447021,0.5310950875282288,0.005951059050858021,0.41412484645843506,2,False,1.1794990301132202,0.0
fore_aft,9.02,0,0.1357707977294922,-30.775503158569336,1.473833441734314,0.5310953259468079,0.005956129636615515,0.41435950994491577,2,False,1.1794986724853516,0.0
fore_aft,9.040000000000001,0,0.1357710361480713,-30.77550506591797,1.473852515220642,0.5310953855514526,0.005966440308839083,0.41430243849754333,2,False,1.1794991493225098,0.0
fore_aft,9.06,0,0.13577085733413696,-30.775434494018555,1.4738621711730957,0.5310941934585571,0.005969323683530092,0.41416916251182556,2,False,1.1794973611831665,0.0
fore_aft,9.08,0,0.13577088713645935,-30.77545166015625,1.4738575220108032,0.531094491481781,0.005990326404571533,0.41422370076179504,2,False,1.179497480392456,0.0
fore_aft,9.1,0,0.13577115535736084,-30.775400161743164,1.4739272594451904,0.5310936570167542,0.005992553196847439,0.4142455756664276,2,False,1.1794995069503784,0.0
fore_aft,9.120000000000001,0,0.13577081263065338,-30.775409698486328,1.4738798141479492,0.5310937762260437,0.005967080593109131,0.4146781861782074,2,False,1.1794986724853516,0.0
fore_aft,9.14,0,0.13577066361904144,-30.7755126953125,1.4738106727600098,0.5310955047607422,0.005969867575913668,0.41415974497795105,2,False,1.1794978380203247,0.0
fore_aft,9.16,0,0.13577085733413696,-30.775470733642578,1.4738359451293945,0.5310947895050049,0.0059965625405311584,0.41415417194366455,2,False,1.1794966459274292,0.0
fore_aft,9.18,0,0.1357710063457489,-30.775413513183594,1.4739940166473389,0.531093955039978,0.005990613251924515,0.4142953157424927,2,False,1.1794999837875366,0.0
fore_aft,9.200000000000001,0,0.1357710212469101,-30.77541732788086,1.4739503860473633,0.531093955039978,0.005965861026197672,0.41430848836898804,2,False,1.179499626159668,0.0
fore_aft,9.22,0,0.13577084243297577,-30.77542495727539,1.473871111869812,0.5310940146446228,0.005969715304672718,0.414347767829895,2,False,1.179498314857483,0.0
fore_aft,9.24,0,0.13577090203762054,-30.77543067932129,1.4738850593566895,0.5310941338539124,0.0059790643863379955,0.41404470801353455,2,False,1.1794990301132202,0.0
fore_aft,9.26,0,0.13577105104923248,-30.7753963470459,1.4738556146621704,0.5310934782028198,0.006000340450555086,0.4143980145454407,2,False,1.1794995069503784,0.0
fore_aft,9.28,0,0.1357710063457489,-30.775407791137695,1.4738370180130005,0.5310937166213989,0.0060310703702270985,0.41427773237228394,2,False,1.1794980764389038,0.0
fore_aft,9.3,0,0.1357709914445877,-30.775259017944336,1.4738445281982422,0.5310912728309631,0.006059537176042795,0.4140600264072418,2,False,1.1794966459274292,0.0
fore_aft,9.32,0,0.13577115535736084,-30.775285720825195,1.4739831686019897,0.5310918092727661,0.006064345128834248,0.4145415723323822,2,False,1.1795012950897217,0.0
fore_aft,9.34,0,0.1357712596654892,-30.775249481201172,1.4739389419555664,0.5310911536216736,0.006045375019311905,0.41456398367881775,2,False,1.1795018911361694,0.0
fore_aft,9.36,0,0.13577115535736084,-30.7752742767334,1.4740098714828491,0.531091570854187,0.00604236638173461,0.4144059717655182,2,False,1.1795012950897217,0.0
fore_aft,9.38,0,0.13577143847942352,-30.77517318725586,1.4741038084030151,0.5310899019241333,0.006047323811799288,0.41415935754776,2,False,1.179500937461853,0.0
fore_aft,9.4,0,0.13577166199684143,-30.775217056274414,1.4741489887237549,0.5310906767845154,0.006030937656760216,0.4145467281341553,2,False,1.1795027256011963,0.0
fore_aft,9.42,0,0.13577169179916382,-30.775068283081055,1.4741498231887817,0.5310881733894348,0.006020566914230585,0.41422098875045776,2,False,1.1795018911361694,0.0
fore_aft,9.44,0,0.13577139377593994,-30.77520179748535,1.474094271659851,0.5310903787612915,0.006034150253981352,0.4142400026321411,2,False,1.1795004606246948,0.0
fore_aft,9.46,0,0.13577115535736084,-30.77519989013672,1.4739956855773926,0.5310903191566467,0.006013060919940472,0.4142225682735443,2,False,1.1795011758804321,0.0
fore_aft,9.48,0,0.13577094674110413,-30.775373458862305,1.4739259481430054,0.531093180179596,0.006033218465745449,0.4143544137477875,2,False,1.1795015335083008,0.0
fore_aft,9.5,0,0.1357710063457489,-30.775318145751953,1.4738833904266357,0.5310922861099243,0.0060435570776462555,0.41439154744148254,2,False,1.179503321647644,0.0
fore_aft,9.52,0,0.13577094674110413,-30.775236129760742,1.4739525318145752,0.5310909152030945,0.006032487377524376,0.41447949409484863,2,False,1.179503321647644,0.0
fore_aft,9.540000000000001,0,0.13577096164226532,-30.775333404541016,1.4739441871643066,0.5310925245285034,0.006004500202834606,0.4145161807537079,2,False,1.179503321647644,0.0
fore_aft,9.56,0,0.13577130436897278,-30.77533531188965,1.4739550352096558,0.5310925245285034,0.005986172705888748,0.41440290212631226,2,False,1.179503321647644,0.0
fore_aft,9.58,0,0.13577145338058472,-30.775300979614258,1.4740142822265625,0.5310919284820557,0.005990995559841394,0.4142533242702484,2,False,1.1795023679733276,0.0
fore_aft,9.6,0,0.1357717514038086,-30.775318145751953,1.4741853475570679,0.5310924053192139,0.005983629729598761,0.4142330288887024,2,False,1.1795029640197754,0.0
fore_aft,9.620000000000001,0,0.1357719749212265,-30.775243759155273,1.4743164777755737,0.5310912728309631,0.005989548750221729,0.4143834710121155,2,False,1.1795027256011963,0.0
fore_aft,9.64,0,0.13577206432819366,-30.775222778320312,1.4742306470870972,0.5310907959938049,0.005979510489851236,0.41425785422325134,2,False,1.179499626159668,0.0
fore_aft,9.66,0,0.13577157258987427,-30.77520179748535,1.474153757095337,0.5310904383659363,0.005968744866549969,0.414293110370636,2,False,1.179499864578247,0.0
fore_aft,9.68,0,0.13577131927013397,-30.77530288696289,1.474048137664795,0.53109210729599,0.0059719751589000225,0.41451576352119446,2,False,1.179500699043274,0.0
fore_aft,9.700000000000001,0,0.13577082753181458,-30.775436401367188,1.4738671779632568,0.5310942530632019,0.00595196895301342,0.4143052399158478,2,False,1.1794995069503784,0.0
fore_aft,9.72,0,0.13577045500278473,-30.775522232055664,1.473706603050232,0.5310956239700317,0.005963518284261227,0.4144369065761566,2,False,1.1794977188110352,0.0
fore_aft,9.74,0,0.13577048480510712,-30.77553939819336,1.4737087488174438,0.5310958623886108,0.005978149827569723,0.413949191570282,2,False,1.1794962882995605,0.0
fore_aft,9.76,0,0.1357707381248474,-30.775484085083008,1.4737467765808105,0.5310949087142944,0.005971620790660381,0.41409191489219666,2,False,1.179495930671692,0.0
fore_aft,9.78,0,0.13577087223529816,-30.775463104248047,1.4738527536392212,0.5310946702957153,0.0059942579828202724,0.414294570684433,2,False,1.179497241973877,0.0
fore_aft,9.8,0,0.13577128946781158,-30.77540397644043,1.473984956741333,0.5310937166213989,0.006000238470733166,0.4140995442867279,2,False,1.1795004606246948,0.0
fore_aft,9.82,0,0.13577140867710114,-30.775318145751953,1.4739656448364258,0.5310922265052795,0.005958715453743935,0.41409096121788025,2,False,1.1795004606246948,0.0
fore_aft,9.84,0,0.13577115535736084,-30.775400161743164,1.473958134651184,0.5310936570167542,0.005922377109527588,0.4141217768192291,2,False,1.1794992685317993,0.0
fore_aft,9.86,0,0.13577106595039368,-30.77547836303711,1.4738649129867554,0.5310949087142944,0.005930035375058651,0.41410040855407715,2,False,1.1794968843460083,0.0
fore_aft,9.88,0,0.13577067852020264,-30.775529861450195,1.473867654800415,0.5310958027839661,0.005937463138252497,0.41452229022979736,2,False,1.1794990301132202,0.0
fore_aft,9.9,0,0.13577048480510712,-30.775604248046875,1.4737176895141602,0.5310969948768616,0.005931595806032419,0.4143091142177582,2,False,1.1794991493225098,0.0
fore_aft,9.92,0,0.13577041029930115,-30.775609970092773,1.4737348556518555,0.5310970544815063,0.005947683937847614,0.4140491783618927,2,False,1.1794977188110352,0.0
fore_aft,9.94,0,0.1357707530260086,-30.775569915771484,1.4737062454223633,0.5310964584350586,0.005935269873589277,0.4142889678478241,2,False,1.1794960498809814,0.0
fore_aft,9.96,0,0.13577081263065338,-30.775585174560547,1.4737831354141235,0.5310966372489929,0.005941121373325586,0.41455188393592834,2,False,1.179495930671692,0.0
fore_aft,9.98,0,0.13577082753181458,-30.775495529174805,1.4737797975540161,0.5310952067375183,0.005938602611422539,0.41418564319610596,2,False,1.1794939041137695,0.0
fore_aft,10.0,0,0.13577111065387726,-30.775556564331055,1.4738839864730835,0.5310962200164795,0.005952626001089811,0.41425463557243347,2,False,1.1794946193695068,0.0
fore_aft,10.02,0,0.13577140867710114,-30.775392532348633,1.4740405082702637,0.5310935974121094,0.005972427781671286,0.4140816330909729,2,False,1.1794958114624023,0.0
fore_aft,10.040000000000001,0,0.1357714682817459,-30.775379180908203,1.4740492105484009,0.5310933589935303,0.005971042439341545,0.41459783911705017,2,False,1.1794960498809814,0.0
fore_aft,10.06,0,0.13577109575271606,-30.77535057067871,1.473921537399292,0.5310927629470825,0.005957907997071743,0.4144260883331299,2,False,1.1794956922531128,0.0
fore_aft,10.08,0,0.13577084243297577,-30.775484085083008,1.4738867282867432,0.5310949683189392,0.005961655173450708,0.41431674361228943,2,False,1.1794978380203247,0.0
fore_aft,10.1,0,0.13577094674110413,-30.775510787963867,1.473788857460022,0.5310953855514526,0.005972008686512709,0.41421908140182495,2,False,1.1794960498809814,0.0
fore_aft,10.120000000000001,0,0.13577084243297577,-30.775400161743164,1.4737950563430786,0.5310935378074646,0.005993833765387535,0.4146290719509125,2,False,1.179496169090271,0.0
fore_aft,10.14,0,0.1357707679271698,-30.775470733642578,1.4737932682037354,0.5310947895050049,0.005978527944535017,0.41419506072998047,2,False,1.17949640750885,0.0
fore_aft,10.16,0,0.13577088713645935,-30.77545166015625,1.473852515220642,0.5310944318771362,0.005998305976390839,0.41428467631340027,2,False,1.1794966459274292,0.0
fore_aft,10.18,0,0.13577109575271606,-30.77545166015625,1.473932147026062,0.531094491481781,0.005988298915326595,0.41420361399650574,2,False,1.1794978380203247,0.0
fore_aft,10.200000000000001,0,0.13577112555503845,-30.775327682495117,1.4739867448806763,0.5310924053192139,0.00598160270601511,0.4140714704990387,2,False,1.179497480392456,0.0
fore_aft,10.22,0,0.13577081263065338,-30.775434494018555,1.4739278554916382,0.5310942530632019,0.005968776065856218,0.41416630148887634,2,False,1.1794970035552979,0.0
fore_aft,10.24,0,0.1357704997062683,-30.775510787963867,1.473702311515808,0.5310953259468079,0.0059478082694113255,0.414669007062912,2,False,1.1794953346252441,0.0
fore_aft,10.26,0,0.13577045500278473,-30.77550506591797,1.4737133979797363,0.5310953259468079,0.005991965997964144,0.4143300950527191,2,False,1.1794960498809814,0.0
fore_aft,10.28,0,0.13577082753181458,-30.775468826293945,1.4738616943359375,0.5310947299003601,0.005997449159622192,0.41412651538848877,2,False,1.1794970035552979,0.0
fore_aft,10.3,0,0.13577136397361755,-30.77531623840332,1.474035382270813,0.5310922265052795,0.006013290490955114,0.4140305817127228,2,False,1.1794993877410889,0.0
fore_aft,10.32,0,0.13577169179916382,-30.77531623840332,1.4740839004516602,0.5310922265052795,0.005999895744025707,0.4143158793449402,2,False,1.179500699043274,0.0
fore_aft,10.34,0,0.13577142357826233,-30.775190353393555,1.4740771055221558,0.5310901403427124,0.005987533833831549,0.41423648595809937,2,False,1.179500937461853,0.0
fore_aft,10.36,0,0.13577115535736084,-30.775333404541016,1.4738805294036865,0.5310924649238586,0.005990212317556143,0.414454847574234,2,False,1.179497480392456,0.0
fore_aft,10.38,0,0.13577085733413696,-30.77530860900879,1.4738295078277588,0.5310919880867004,0.0060166260227561,0.4141761362552643,2,False,1.1794971227645874,0.0
fore_aft,10.4,0,0.13577085733413696,-30.775392532348633,1.4738833904266357,0.5310934782028198,0.006039701402187347,0.4143926203250885,2,False,1.179497241973877,0.0
fore_aft,10.42,0,0.1357710212469101,-30.775209426879883,1.4739314317703247,0.5310904383659363,0.0060419728979468346,0.41413652896881104,2,False,1.1794986724853516,0.0
fore_aft,10.44,0,0.13577118515968323,-30.7752742767334,1.4739909172058105,0.531091570854187,0.006050293333828449,0.4140065312385559,2,False,1.1795001029968262,0.0
fore_aft,10.46,0,0.13577130436897278,-30.775259017944336,1.47404146194458,0.5310913920402527,0.006061042193323374,0.4141937494277954,2,False,1.1795023679733276,0.0
fore_aft,10.48,0,0.13577140867710114,-30.775142669677734,1.4740864038467407,0.5310894250869751,0.006058317609131336,0.4145856499671936,2,False,1.1795053482055664,0.0
fore_aft,10.5,0,0.13577143847942352,-30.77519416809082,1.4740900993347168,0.531090259552002,0.006058084312826395,0.4144219756126404,2,False,1.17950439453125,0.0
fore_aft,10.52,0,0.135771244764328,-30.775096893310547,1.4740577936172485,0.5310885906219482,0.006053485441952944,0.4146077334880829,2,False,1.1795039176940918,0.0
fore_aft,10.540000000000001,0,0.13577143847942352,-30.775222778320312,1.4740686416625977,0.5310907363891602,0.0060334051959216595,0.414327472448349,2,False,1.1795042753219604,0.0
fore_aft,10.56,0,0.13577166199684143,-30.77509880065918,1.4741034507751465,0.5310887098312378,0.0060506160371005535,0.4143539071083069,2,False,1.1795039176940918,0.0
fore_aft,10.58,0,0.13577166199684143,-30.77516746520996,1.474162220954895,0.5310898423194885,0.006036494392901659,0.4142569303512573,2,False,1.179503321647644,0.0
fore_aft,10.6,0,0.13577169179916382,-30.77509307861328,1.4742069244384766,0.531088650226593,0.006033289711922407,0.41434991359710693,2,False,1.1795039176940918,0.0
fore_aft,10.620000000000001,0,0.13577161729335785,-30.775175094604492,1.474203109741211,0.5310899615287781,0.006020079366862774,0.4143275022506714,2,False,1.1795042753219604,0.0
fore_aft,10.64,0,0.13577152788639069,-30.77517318725586,1.4740958213806152,0.5310898423194885,0.006002836395055056,0.4143035411834717,2,False,1.179503321647644,0.0
fore_aft,10.66,0,0.13577140867710114,-30.775266647338867,1.4740116596221924,0.5310914516448975,0.005986184347420931,0.41444849967956543,2,False,1.1795027256011963,0.0
fore_aft,10.68,0,0.13577133417129517,-30.77533721923828,1.4740058183670044,0.531092643737793,0.005966943688690662,0.4142678380012512,2,False,1.179503321647644,0.0
fore_aft,10.700000000000001,0,0.13577152788639069,-30.775379180908203,1.4739726781845093,0.5310932993888855,0.005987485870718956,0.4143563210964203,2,False,1.1795012950897217,0.0
fore_aft,10.72,0,0.13577155768871307,-30.775257110595703,1.474041223526001,0.5310912728309631,0.006006629206240177,0.4143819808959961,2,False,1.1795003414154053,0.0
fore_aft,10.74,0,0.13577163219451904,-30.775243759155273,1.474183201789856,0.5310910940170288,0.006007562857121229,0.41397035121917725,2,False,1.1795024871826172,0.0
fore_aft,10.76,0,0.1357715129852295,-30.77533531188965,1.474103331565857,0.531092643737793,0.005995578598231077,0.4142047166824341,2,False,1.1795010566711426,0.0
fore_aft,10.78,0,0.1357709914445877,-30.775318145751953,1.4740164279937744,0.5310923457145691,0.005987661425024271,0.4144459366798401,2,False,1.1795012950897217,0.0
fore_aft,10.8,0,0.1357707679271698,-30.77552032470703,1.473892331123352,0.5310956239700317,0.005977436900138855,0.414228230714798,2,False,1.1794997453689575,0.0
fore_aft,10.82,0,0.13577070832252502,-30.775484085083008,1.4738240242004395,0.5310949683189392,0.005996080581098795,0.4146023690700531,2,False,1.1794981956481934,0.0
fore_aft,10.84,0,0.1357707679271698,-30.775484085083008,1.4738410711288452,0.5310949683189392,0.005986610893160105,0.4144989550113678,2,False,1.1794977188110352,0.0
fore_aft,10.86,0,0.1357709914445877,-30.775392532348633,1.4738436937332153,0.531093418598175,0.005975887179374695,0.41421613097190857,2,False,1.1794977188110352,0.0
fore_aft,10.88,0,0.13577117025852203,-30.77545166015625,1.4739826917648315,0.5310945510864258,0.006000594701617956,0.414222776889801,2,False,1.1794980764389038,0.0
fore_aft,10.9,0,0.1357714980840683,-30.77528190612793,1.4740070104599,0.5310916304588318,0.0059836371801793575,0.41430407762527466,2,False,1.1794973611831665,0.0
fore_aft,10.92,0,0.13577133417129517,-30.775344848632812,1.4740656614303589,0.5310927629470825,0.005955884698778391,0.4144473373889923,2,False,1.1795003414154053,0.0
fore_aft,10.94,0,0.13577136397361755,-30.77542495727539,1.4740339517593384,0.5310941338539124,0.00595890125259757,0.41404226422309875,2,False,1.1795001029968262,0.0
fore_aft,10.96,0,0.13577109575271606,-30.775386810302734,1.4738963842391968,0.531093418598175,0.005929941311478615,0.4144894480705261,2,False,1.1794977188110352,0.0
fore_aft,10.98,0,0.1357707977294922,-30.775585174560547,1.4737731218338013,0.5310966372489929,0.005940030794590712,0.41432327032089233,2,False,1.1794968843460083,0.0
fore_aft,11.0,0,0.1357707679271698,-30.77552032470703,1.4738316535949707,0.5310956239700317,0.005969995632767677,0.41435256600379944,2,False,1.1794962882995605,0.0
