pose,time_s,trial,height,roll_deg,pitch_deg,gravity_error,speed,angular_speed,feet_contact,base_contact,joint_rms,stable_hold_s
side,0.02,0,0.655731201171875,8.6849365234375,-3.494486093521118,0.16286557912826538,0.1443449854850769,1.6302776336669922,0,False,0.166825070977211,0.0
side,0.04,0,0.6482889652252197,4.330085277557373,-3.416600465774536,0.09608976542949677,0.5214364528656006,3.7280771732330322,0,False,0.33285555243492126,0.0
side,0.06,0,0.6358821392059326,5.814517974853516,-3.403778076171875,0.11731985211372375,0.7100867629051208,2.705986738204956,0,False,0.454373300075531,0.0
side,0.08,0,0.6199840903282166,8.584572792053223,-3.2452409267425537,0.15971100330352783,0.855125904083252,1.7008601427078247,0,False,0.5077961087226868,0.0
side,0.1,0,0.6017231941223145,8.590432167053223,-3.0236921310424805,0.158521831035614,0.9543936848640442,0.6867620944976807,0,False,0.526078999042511,0.0
side,0.12,0,0.5811420679092407,7.501986980438232,-2.3948044776916504,0.1371920257806778,1.102548599243164,1.494231939315796,0,False,0.5363955497741699,0.0
side,0.14,0,0.5557345151901245,7.452115058898926,-1.6405905485153198,0.13301141560077667,1.395774483680725,0.8114523887634277,0,False,0.5647758841514587,0.0
side,0.16,0,0.5253763198852539,7.449375629425049,-1.4183669090270996,0.13220363855361938,1.5987437963485718,0.3919316232204437,0,False,0.5931857228279114,0.0
side,0.18,0,0.4917343854904175,7.008358955383301,-1.3812295198440552,0.12454506009817123,1.7349997758865356,0.6461151838302612,0,False,0.6043263673782349,0.0
side,0.2,0,0.4549010992050171,6.509599685668945,-1.2148311138153076,0.11547795683145523,1.9159605503082275,0.6933186054229736,0,False,0.6107742786407471,0.0
side,0.22,0,0.4139323830604553,6.055727005004883,-1.0839225053787231,0.10729587823152542,2.1328155994415283,0.5425008535385132,0,False,0.6202973127365112,0.0
side,0.24,0,0.3687540888786316,5.6164164543151855,-1.0396184921264648,0.09962784498929977,2.337869644165039,0.45573684573173523,0,False,0.6298344135284424,0.0
side,0.26,0,0.3197304308414459,5.061919212341309,-1.053336262702942,0.09018965810537338,2.5282204151153564,0.4154324233531952,1,False,0.630729615688324,0.0
side,0.28,0,0.27260974049568176,2.4053146839141846,-0.48677387833595276,0.04282645136117935,2.219820976257324,3.978957414627075,3,False,0.6048932671546936,0.0
side,0.3,0,0.23046836256980896,0.022049663588404655,0.3336799740791321,0.005836506374180317,2.0727672576904297,2.214933156967163,4,False,0.6694509387016296,0.0
side,0.32,0,0.19370119273662567,2.7862021923065186,0.461370050907135,0.04928354173898697,1.5901083946228027,8.298467636108398,4,False,0.7544904351234436,0.0
side,0.34,0,0.18798276782035828,2.846625328063965,-0.5672650933265686,0.05065126717090607,0.614582359790802,3.6886959075927734,4,False,0.7858593463897705,0.0
side,0.36,0,0.19606825709342957,3.7205793857574463,0.4679408371448517,0.06543340533971786,0.6557051539421082,2.3792660236358643,4,False,0.7877507209777832,0.0
side,0.38,0,0.20525237917900085,2.8155300617218018,1.0863405466079712,0.05265415459871292,0.6362012624740601,1.5377724170684814,4,False,0.7843972444534302,0.0
side,0.4,0,0.21563446521759033,1.173323392868042,1.2623536586761475,0.030073951929807663,0.6564481854438782,1.2511402368545532,4,False,0.7871749997138977,0.0
side,0.42,0,0.22575101256370544,-0.5725242495536804,1.6330524682998657,0.030200058594346046,0.570128858089447,1.7818175554275513,4,False,0.7730333805084229,0.0
side,0.44,0,0.23461109399795532,-1.4134113788604736,1.9750635623931885,0.04237436503171921,0.47505292296409607,1.0819947719573975,4,False,0.7603498697280884,0.0
side,0.46,0,0.24154022336006165,-1.74166738986969,1.9624682664871216,0.045775383710861206,0.3671414852142334,0.7233209013938904,4,False,0.7498000860214233,0.0
side,0.48,0,0.2468608021736145,-2.2073917388916016,1.7651137113571167,0.04930494725704193,0.2878383994102478,1.0652647018432617,4,False,0.741424560546875,0.0
side,0.5,0,0.2507116198539734,-2.5686399936676025,1.5183414220809937,0.052053824067115784,0.20944465696811676,1.0112735033035278,4,False,0.7359440326690674,0.0
side,0.52,0,0.2531290054321289,-2.832537889480591,1.2403026819229126,0.05394817516207695,0.14679770171642303,0.9868054986000061,4,False,0.7319515347480774,0.0
side,0.54,0,0.2543611228466034,-2.745133876800537,0.8483205437660217,0.05013526231050491,0.11714569479227066,0.9687342643737793,4,False,0.7295917272567749,0.0
side,0.56,0,0.25460106134414673,-2.6150121688842773,0.4152192771434784,0.046206649392843246,0.12063857167959213,0.9117518663406372,4,False,0.7283065319061279,0.0
side,0.58,0,0.25415071845054626,-2.3810770511627197,0.0070021869614720345,0.04155482351779938,0.13581483066082,0.9217070937156677,4,False,0.7275615930557251,0.0
side,0.6,0,0.25345879793167114,-1.9871456623077393,-0.33980900049209595,0.03518305718898773,0.1500234603881836,1.0581661462783813,4,False,0.7277566194534302,0.0
side,0.62,0,0.25275561213493347,-1.6852856874465942,-0.6667230725288391,0.03162814676761627,0.16523292660713196,0.8791720271110535,4,False,0.7275963425636292,0.0
side,0.64,0,0.25226685404777527,-1.5824090242385864,-1.051267385482788,0.033150818198919296,0.15668706595897675,0.8204025030136108,4,False,0.727781355381012,0.0
side,0.66,0,0.25199753046035767,-1.6152474880218506,-1.4820530414581299,0.03824858367443085,0.14038397371768951,0.7621517181396484,4,False,0.728032648563385,0.0
side,0.68,0,0.2517676055431366,-1.6097356081008911,-1.8373069763183594,0.042617831379175186,0.12951062619686127,0.7055384516716003,4,False,0.7280006408691406,0.0
side,0.7000000000000001,0,0.25150883197784424,-1.5815584659576416,-2.124042510986328,0.04620034620165825,0.1161695122718811,0.6850391626358032,4,False,0.7277799844741821,0.0
side,0.72,0,0.2513207197189331,-1.575484275817871,-2.3992104530334473,0.05007253587245941,0.09595628082752228,0.611512303352356,4,False,0.7278214693069458,0.0
side,0.74,0,0.25111550092697144,-1.6315810680389404,-2.660573720932007,0.05444382131099701,0.08014997839927673,0.542637825012207,4,False,0.7277794480323792,0.0
side,0.76,0,0.25090888142585754,-1.6583716869354248,-2.878645420074463,0.05795036256313324,0.0654601976275444,0.5399671792984009,4,False,0.7279829382896423,0.0
side,0.78,0,0.2506456971168518,-1.6366305351257324,-3.0368456840515137,0.06017562374472618,0.05386904999613762,0.5569432377815247,4,False,0.7282945513725281,0.0
side,0.8,0,0.2503432035446167,-1.5861095190048218,-3.166588306427002,0.06177778169512749,0.036356743425130844,0.5825390815734863,4,False,0.7289189696311951,0.0
side,0.8200000000000001,0,0.2500819265842438,-1.5634390115737915,-3.286900281906128,0.06348994374275208,0.023411434143781662,0.5424662232398987,4,False,0.729555606842041,0.0
side,0.84,0,0.24981951713562012,-1.52363121509552,-3.3792285919189453,0.06465993821620941,0.019720885902643204,0.5470507740974426,4,False,0.7301506996154785,0.0
side,0.86,0,0.24951517581939697,-1.4368054866790771,-3.423633337020874,0.06476806849241257,0.020399827510118484,0.5848086476325989,4,False,0.7306386232376099,0.0
side,0.88,0,0.2491849958896637,-1.3833744525909424,-3.448997974395752,0.06482495367527008,0.016886845231056213,0.38909563422203064,4,False,0.7310810685157776,0.0
side,0.9,0,0.2492029368877411,-1.4230186939239502,-3.469003438949585,0.06540697067975998,0.021279506385326385,0.3962245583534241,4,False,0.731154203414917,0.0
side,0.92,0,0.2493826001882553,-1.443364143371582,-3.479921340942383,0.0657176673412323,0.012485009618103504,0.4909327030181885,4,False,0.7315047383308411,0.0
side,0.9400000000000001,0,0.24932728707790375,-1.3736493587493896,-3.436978340148926,0.06456761062145233,0.010379829443991184,0.49718645215034485,4,False,0.7315783500671387,0.0
side,0.96,0,0.24933046102523804,-1.3441810607910156,-3.401550054550171,0.0638045072555542,0.012705264613032341,0.4487135112285614,4,False,0.7309545278549194,0.0
side,0.98,0,0.24943403899669647,-1.3657746315002441,-3.4247405529022217,0.06431872397661209,0.008217102847993374,0.4424549341201782,4,False,0.7311911582946777,0.0
side,1.0,0,0.24937911331653595,-1.3544790744781494,-3.415506601333618,0.06409662216901779,0.008842570707201958,0.48548832535743713,4,False,0.7311001420021057,0.0
side,1.02,0,0.2493397444486618,-1.3521074056625366,-3.4157326221466064,0.06408510357141495,0.009648461826145649,0.41075870394706726,4,False,0.7313154339790344,0.0
side,1.04,0,0.24942292273044586,-1.3653919696807861,-3.421302556991577,0.0642605870962143,0.008761562407016754,0.4553922712802887,4,False,0.7313460111618042,0.0
side,1.06,0,0.2493816614151001,-1.348266839981079,-3.4125454425811768,0.06400889903306961,0.002369646681472659,0.4721842110157013,4,False,0.7314112782478333,0.0
side,1.08,0,0.24932187795639038,-1.3324313163757324,-3.406639814376831,0.06381244212388992,0.006297941319644451,0.44665205478668213,4,False,0.7312468886375427,0.0
side,1.1,0,0.24939009547233582,-1.3214858770370483,-3.397975206375122,0.06360261142253876,0.00877824891358614,0.4608461260795593,4,False,0.7312695384025574,0.0
side,1.12,0,0.24939164519309998,-1.3174254894256592,-3.392566442489624,0.0634891465306282,0.007005492690950632,0.45132219791412354,4,False,0.7312995195388794,0.0
side,1.1400000000000001,0,0.24935667216777802,-1.32784903049469,-3.4011757373809814,0.06369472295045853,0.0068656206130981445,0.4301479160785675,4,False,0.7313477396965027,0.0
side,1.16,0,0.24937599897384644,-1.3329217433929443,-3.405517816543579,0.06379732489585876,0.006779949180781841,0.4525090456008911,4,False,0.7314043045043945,0.0
side,1.18,0,0.2493663877248764,-1.322729229927063,-3.399066925048828,0.0636281743645668,0.004652068950235844,0.46163472533226013,4,False,0.7313566207885742,0.0
side,1.2,0,0.24935469031333923,-1.3139337301254272,-3.393693208694458,0.06348554790019989,0.00622792961075902,0.45011958479881287,4,False,0.7312989234924316,0.0
side,1.22,0,0.24937814474105835,-1.31210196018219,-3.3916032314300537,0.06344007700681686,0.007276343647390604,0.44956016540527344,4,False,0.731315016746521,0.0
side,1.24,0,0.24937660992145538,-1.3148956298828125,-3.3927958011627197,0.06347698718309402,0.006531661842018366,0.44601184129714966,4,False,0.7313446402549744,0.0
side,1.26,0,0.24936366081237793,-1.3199570178985596,-3.3968632221221924,0.0635749101638794,0.0062673939391970634,0.44225868582725525,4,False,0.7313676476478577,0.0
side,1.28,0,0.24936847388744354,-1.3200286626815796,-3.397456169128418,0.06358499825000763,0.0060720304027199745,0.45152801275253296,4,False,0.7313741445541382,0.0
side,1.3,0,0.2493659406900406,-1.3143773078918457,-3.39375638961792,0.06348935514688492,0.0056595043279230595,0.45451995730400085,4,False,0.7313446998596191,0.0
side,1.32,0,0.24936458468437195,-1.3107305765151978,-3.391343593597412,0.06342726200819016,0.006332049611955881,0.4487999379634857,4,False,0.7313249707221985,0.0
side,1.34,0,0.24937227368354797,-1.3114337921142578,-3.3913590908050537,0.06343191862106323,0.006748651620000601,0.4472198188304901,4,False,0.7313390970230103,0.0
side,1.36,0,0.24937082827091217,-1.313956618309021,-3.3928709030151367,0.06347231566905975,0.006346374750137329,0.44619110226631165,4,False,0.731356143951416,0.0
side,1.3800000000000001,0,0.24936576187610626,-1.3157427310943604,-3.3944480419158936,0.06350916624069214,0.006124000530689955,0.44704049825668335,4,False,0.7313637137413025,0.0
side,1.4000000000000001,0,0.24936695396900177,-1.3147759437561035,-3.3940391540527344,0.06349645555019379,0.006071367301046848,0.45019596815109253,4,False,0.7313597202301025,0.0
side,1.42,0,0.24936702847480774,-1.3120849132537842,-3.3922393321990967,0.06345031410455704,0.0060655055567622185,0.45094677805900574,4,False,0.7313442826271057,0.0
side,1.44,0,0.2493671476840973,-1.3108930587768555,-3.391353130340576,0.06342843174934387,0.006384067703038454,0.4481031894683838,4,False,0.7313387989997864,0.0
side,1.46,0,0.24936982989311218,-1.3118693828582764,-3.391819953918457,0.06344214081764221,0.00653688982129097,0.4475696384906769,4,False,0.7313499450683594,0.0
side,1.48,0,0.24936841428279877,-1.3134031295776367,-3.392782211303711,0.06346740573644638,0.006241955794394016,0.4470439553260803,4,False,0.7313603758811951,0.0
side,1.5,0,0.24936671555042267,-1.314135193824768,-3.393446683883667,0.06348279863595963,0.00613529235124588,0.44848060607910156,4,False,0.7313578724861145,0.0
side,1.52,0,0.24936752021312714,-1.3131200075149536,-3.3928866386413574,0.06346732378005981,0.006126520689576864,0.449943482875824,4,False,0.731351375579834,0.0
side,1.54,0,0.2493671178817749,-1.311713457107544,-3.391878366470337,0.06344211846590042,0.006209478713572025,0.44960421323776245,4,False,0.7313444018363953,0.0
side,1.56,0,0.24936814606189728,-1.311846137046814,-3.3918304443359375,0.0634421706199646,0.0063833692111074924,0.447453111410141,4,False,0.7313461303710938,0.0
side,1.58,0,0.24936911463737488,-1.3128559589385986,-3.392514228820801,0.0634596198797226,0.00632041459903121,0.4474637806415558,4,False,0.731355607509613,0.0
side,1.6,0,0.24936732649803162,-1.3133286237716675,-3.392893075942993,0.06346873193979263,0.006172359921038151,0.4482026994228363,4,False,0.7313562631607056,0.0
side,1.62,0,0.2493666112422943,-1.3129665851593018,-3.3927853107452393,0.06346471607685089,0.0061893826350569725,0.4490155279636383,4,False,0.7313554883003235,0.0
side,1.6400000000000001,0,0.24936768412590027,-1.312290906906128,-3.3922791481018066,0.06345225125551224,0.0062250844202935696,0.4492219090461731,4,False,0.7313507199287415,0.0
side,1.6600000000000001,0,0.24936796724796295,-1.3118609189987183,-3.3919267654418945,0.06344382464885712,0.00627225311473012,0.4483794569969177,4,False,0.7313480973243713,0.0
side,1.68,0,0.24936793744564056,-1.3119500875473022,-3.392016887664795,0.06344585120677948,0.006338248960673809,0.4479840397834778,4,False,0.7313511967658997,0.0
side,1.7,0,0.24936775863170624,-1.3125183582305908,-3.3923287391662598,0.06345448642969131,0.0062932707369327545,0.4479721784591675,4,False,0.7313545346260071,0.0
side,1.72,0,0.24936749041080475,-1.3128032684326172,-3.3926122188568115,0.06346087902784348,0.006207932718098164,0.44855737686157227,4,False,0.7313551902770996,0.0
side,1.74,0,0.2493673413991928,-1.3125869035720825,-3.392488718032837,0.06345751881599426,0.0062021235935389996,0.44891801476478577,4,False,0.7313525080680847,0.0
side,1.76,0,0.24936750531196594,-1.3120557069778442,-3.3920652866363525,0.06344729661941528,0.006258481647819281,0.44852977991104126,4,False,0.7313500642776489,0.0
side,1.78,0,0.24936796724796295,-1.3120900392532349,-3.39212703704834,0.06344851851463318,0.006270758807659149,0.4479100704193115,4,False,0.7313517332077026,0.0
side,1.8,0,0.24936778843402863,-1.312214970588684,-3.392171621322632,0.06345002353191376,0.006260134279727936,0.448151558637619,4,False,0.7313523888587952,0.0
side,1.82,0,0.24936741590499878,-1.3123093843460083,-3.3922646045684814,0.06345212459564209,0.006246942561119795,0.44821134209632874,4,False,0.7313537001609802,0.0
side,1.84,0,0.24936768412590027,-1.3123859167099,-3.3923208713531494,0.06345352530479431,0.006228072103112936,0.4486747086048126,4,False,0.7313531041145325,0.0
side,1.86,0,0.2493676245212555,-1.312381386756897,-3.3923165798187256,0.06345342844724655,0.006222747731953859,0.4486210346221924,4,False,0.7313520312309265,0.0
side,1.8800000000000001,0,0.24936756491661072,-1.3121600151062012,-3.39215087890625,0.06344934552907944,0.006268294993788004,0.44867807626724243,4,False,0.7313513159751892,0.0
side,1.9000000000000001,0,0.24936771392822266,-1.3121782541275024,-3.3921570777893066,0.06344956159591675,0.006279492285102606,0.4482351839542389,4,False,0.7313511967658997,0.0
side,1.92,0,0.24936778843402863,-1.312341570854187,-3.3922767639160156,0.06345252692699432,0.006253881845623255,0.44834136962890625,4,False,0.7313537001609802,0.0
side,1.94,0,0.2493675798177719,-1.3123531341552734,-3.3923180103302,0.06345327198505402,0.0062519339844584465,0.44849467277526855,4,False,0.7313523292541504,0.0
side,1.96,0,0.24936746060848236,-1.312416672706604,-3.3923280239105225,0.06345383077859879,0.00624222494661808,0.4485195279121399,4,False,0.7313532829284668,0.0
side,1.98,0,0.2493676245212555,-1.3123217821121216,-3.3923087120056152,0.06345292180776596,0.0062576113268733025,0.4485451877117157,4,False,0.7313526272773743,0.0
side,2.0,0,0.24936771392822266,-1.3123211860656738,-3.392256736755371,0.06345207244157791,0.0062463972717523575,0.4481414556503296,4,False,0.7313515543937683,0.0
side,2.02,0,0.24936747550964355,-1.3122198581695557,-3.392245292663574,0.06345125287771225,0.006260774563997984,0.4485124945640564,4,False,0.7313528060913086,0.0
side,2.04,0,0.24936765432357788,-1.3122695684432983,-3.392242431640625,0.06345152109861374,0.006255915854126215,0.4485079348087311,4,False,0.7313520908355713,0.0
side,2.06,0,0.24936768412590027,-1.312355875968933,-3.3922579288482666,0.06345231086015701,0.006255979184061289,0.4486323893070221,4,False,0.7313523292541504,0.0
side,2.08,0,0.2493676394224167,-1.312355875968933,-3.3922998905181885,0.06345299631357193,0.006252032704651356,0.4481900930404663,4,False,0.7313529253005981,0.0
side,2.1,0,0.24936753511428833,-1.3123114109039307,-3.3922648429870605,0.06345214694738388,0.00625352468341589,0.4485001266002655,4,False,0.7313525080680847,0.0
side,2.12,0,0.24936752021312714,-1.3123220205307007,-3.3922338485717773,0.06345170736312866,0.00625308882445097,0.44822490215301514,4,False,0.7313529849052429,0.0
side,2.14,0,0.24936775863170624,-1.3123233318328857,-3.392251968383789,0.06345200538635254,0.0062597086653113365,0.448298841714859,4,False,0.7313529253005981,0.0
side,2.16,0,0.2493676394224167,-1.3122351169586182,-3.3922464847564697,0.0634513720870018,0.006245110183954239,0.4488396644592285,4,False,0.7313509583473206,0.0
side,2.18,0,0.24936752021312714,-1.3122977018356323,-3.3922481536865234,0.06345178931951523,0.006256100255995989,0.4480924606323242,4,False,0.7313531637191772,0.0
side,2.2,0,0.24936771392822266,-1.3122755289077759,-3.3922386169433594,0.06345149129629135,0.006258583627641201,0.44843947887420654,4,False,0.7313522100448608,0.0
side,2.22,0,0.2493675798177719,-1.312296986579895,-3.3922603130340576,0.06345198303461075,0.006249768193811178,0.4485401511192322,4,False,0.7313531637191772,0.0
side,2.24,0,0.24936743080615997,-1.3123412132263184,-3.392289876937866,0.06345273554325104,0.006250595208257437,0.44797199964523315,4,False,0.7313528656959534,0.0
side,2.2600000000000002,0,0.24936769902706146,-1.3123104572296143,-3.392249822616577,0.06345189362764359,0.006257238332182169,0.44799622893333435,4,False,0.7313532829284668,0.0
side,2.2800000000000002,0,0.2493675798177719,-1.3121761083602905,-3.392176866531372,0.06344986706972122,0.006240017246454954,0.4485635757446289,4,False,0.731351912021637,0.0
side,2.3000000000000003,0,0.24936766922473907,-1.3122153282165527,-3.3922064304351807,0.06345058977603912,0.006253370549529791,0.44845789670944214,4,False,0.7313523888587952,0.0
side,2.32,0,0.24936774373054504,-1.3122899532318115,-3.3922486305236816,0.06345174461603165,0.006251553539186716,0.4482426643371582,4,False,0.7313529253005981,0.0
side,2.34,0,0.24936755001544952,-1.3123465776443481,-3.3922622203826904,0.0634523257613182,0.0062402160838246346,0.44864383339881897,4,False,0.7313523888587952,0.0
side,2.36,0,0.24936746060848236,-1.3123317956924438,-3.3922619819641113,0.06345222890377045,0.006256554275751114,0.4486653506755829,4,False,0.7313531637191772,0.0
side,2.38,0,0.24936752021312714,-1.3122869729995728,-3.3923003673553467,0.0634525716304779,0.006256564985960722,0.44848746061325073,4,False,0.7313520908355713,0.0
side,2.4,0,0.2493675798177719,-1.3123314380645752,-3.3922903537750244,0.06345268338918686,0.006249053869396448,0.44824153184890747,4,False,0.7313524484634399,0.0
side,2.42,0,0.2493676245212555,-1.3123419284820557,-3.3922712802886963,0.06345243752002716,0.006241663824766874,0.4483291804790497,4,False,0.7313532829284668,0.0
side,2.44,0,0.24936769902706146,-1.3123228549957275,-3.392230987548828,0.06345167011022568,0.00624113529920578,0.4485541582107544,4,False,0.731352686882019,0.0
side,2.46,0,0.24936749041080475,-1.3122711181640625,-3.3922312259674072,0.06345134973526001,0.006231752689927816,0.44817420840263367,4,False,0.7313520908355713,0.0
side,2.48,0,0.24936772882938385,-1.3122750520706177,-3.3922064304351807,0.06345096230506897,0.006262063514441252,0.44853073358535767,4,False,0.7313517332077026,0.0
side,2.5,0,0.24936778843402863,-1.3122695684432983,-3.3922293186187744,0.06345130503177643,0.006243637762963772,0.4485728144645691,4,False,0.7313538193702698,0.0
side,2.52,0,0.24936747550964355,-1.3122341632843018,-3.3922386169433594,0.06345123052597046,0.0062544019892811775,0.44818729162216187,4,False,0.7313523292541504,0.0
side,2.54,0,0.2493676096200943,-1.3122930526733398,-3.392266035079956,0.06345205008983612,0.006261378992348909,0.44853511452674866,4,False,0.7313527464866638,0.0
side,2.56,0,0.2493676245212555,-1.3122978210449219,-3.392251491546631,0.0634518414735794,0.0062459921464324,0.4485780894756317,4,False,0.7313525080680847,0.0
side,2.58,0,0.2493675947189331,-1.312272310256958,-3.3922688961029053,0.06345196068286896,0.006264213006943464,0.4481799304485321,4,False,0.7313534617424011,0.0
side,2.6,0,0.24936765432357788,-1.3123164176940918,-3.392265558242798,0.06345217674970627,0.0062520564533770084,0.4483318030834198,4,False,0.7313530445098877,0.0
side,2.62,0,0.24936746060848236,-1.3122886419296265,-3.3922674655914307,0.06345204263925552,0.0062423753552138805,0.4482795000076294,4,False,0.7313523888587952,0.0
side,2.64,0,0.24936755001544952,-1.3122872114181519,-3.39225697517395,0.0634518712759018,0.00626165047287941,0.4484281837940216,4,False,0.731351912021637,0.0
side,2.66,0,0.24936769902706146,-1.312332034111023,-3.392275810241699,0.06345245242118835,0.006248830817639828,0.44856399297714233,4,False,0.7313529849052429,0.0
side,2.68,0,0.24936753511428833,-1.3123040199279785,-3.392245292663574,0.06345178186893463,0.00625296076759696,0.44837430119514465,4,False,0.731351912021637,0.0
side,2.7,0,0.2493675798177719,-1.3122559785842896,-3.3922576904296875,0.06345167756080627,0.006270891521126032,0.44819092750549316,4,False,0.7313525080680847,0.0
side,2.72,0,0.24936769902706146,-1.3123011589050293,-3.3922576904296875,0.06345196068286896,0.006252560764551163,0.44817548990249634,4,False,0.731351375579834,0.0
side,2.74,0,0.24936755001544952,-1.3122538328170776,-3.392244577407837,0.06345145404338837,0.006258717272430658,0.44845664501190186,4,False,0.7313525676727295,0.0
side,2.7600000000000002,0,0.2493676245212555,-1.312296748161316,-3.392249822616577,0.06345180422067642,0.006256614811718464,0.44849902391433716,4,False,0.7313523292541504,0.0
side,2.7800000000000002,0,0.24936768412590027,-1.3123059272766113,-3.392277956008911,0.0634523257613182,0.006248895078897476,0.44872599840164185,4,False,0.7313523888587952,0.0
side,2.8000000000000003,0,0.24936755001544952,-1.3123193979263306,-3.392280340194702,0.06345245242118835,0.006253739353269339,0.4481882154941559,4,False,0.7313523888587952,0.0
side,2.82,0,0.24936768412590027,-1.31232488155365,-3.392261266708374,0.06345217674970627,0.006258318666368723,0.44852975010871887,4,False,0.7313523292541504,0.0
side,2.84,0,0.2493676394224167,-1.3123137950897217,-3.3922646045684814,0.06345215439796448,0.006254652980715036,0.44847676157951355,4,False,0.7313518524169922,0.0
side,2.86,0,0.24936756491661072,-1.3122777938842773,-3.392263650894165,0.06345191597938538,0.00626100180670619,0.4485979974269867,4,False,0.7313522100448608,0.0
side,2.88,0,0.2493676096200943,-1.3123350143432617,-3.39227032661438,0.06345238536596298,0.006263064220547676,0.4482344388961792,4,False,0.7313529253005981,0.0
side,2.9,0,0.24936753511428833,-1.3122955560684204,-3.39227032661438,0.06345213949680328,0.006262542214244604,0.44877344369888306,4,False,0.7313523888587952,0.0
side,2.92,0,0.2493676394224167,-1.3123598098754883,-3.392301321029663,0.06345304101705551,0.006266181822866201,0.4486229717731476,4,False,0.7313529253005981,0.0
side,2.94,0,0.24936775863170624,-1.3123670816421509,-3.3923068046569824,0.06345317512750626,0.006255424115806818,0.4487900733947754,4,False,0.731351375579834,0.0
side,2.96,0,0.24936750531196594,-1.3124247789382935,-3.3923158645629883,0.06345368921756744,0.006267528515309095,0.4480712413787842,4,False,0.7313532829284668,0.0
side,2.98,0,0.24936756491661072,-1.3123397827148438,-3.3923022747039795,0.06345292925834656,0.0062674833461642265,0.4488373100757599,4,False,0.7313520312309265,0.0
side,3.0,0,0.24936780333518982,-1.3123767375946045,-3.392303705215454,0.06345319002866745,0.0062652695924043655,0.4486781358718872,4,False,0.7313525080680847,0.0
side,3.02,0,0.24936766922473907,-1.3123981952667236,-3.3923110961914062,0.06345344334840775,0.006244158837944269,0.4481699466705322,4,False,0.7313536405563354,0.0
side,3.04,0,0.2493676096200943,-1.312379240989685,-3.392299175262451,0.06345313042402267,0.006255667190998793,0.4486689865589142,4,False,0.7313522100448608,0.0
side,3.06,0,0.24936775863170624,-1.3123410940170288,-3.3922741413116455,0.06345248222351074,0.0062592532485723495,0.4486734867095947,4,False,0.7313522100448608,0.0
side,3.08,0,0.24936765432357788,-1.312259316444397,-3.3922502994537354,0.06345158815383911,0.006253558676689863,0.44888901710510254,4,False,0.7313516139984131,0.0
side,3.1,0,0.2493675947189331,-1.312300443649292,-3.392279863357544,0.06345231831073761,0.006263804156333208,0.4485189914703369,4,False,0.7313530445098877,0.0
side,3.12,0,0.2493676394224167,-1.3123492002487183,-3.39229416847229,0.06345285475254059,0.006267784629017115,0.44860878586769104,4,False,0.7313512563705444,0.0
side,3.14,0,0.24936778843402863,-1.3123632669448853,-3.3922765254974365,0.06345266103744507,0.006267667282372713,0.44844505190849304,4,False,0.7313523292541504,0.0
side,3.16,0,0.24936755001544952,-1.312294840812683,-3.3922278881073,0.06345144659280777,0.006264913361519575,0.44866591691970825,4,False,0.7313523888587952,0.0
side,3.18,0,0.24936756491661072,-1.3123409748077393,-3.3922882080078125,0.06345270574092865,0.006278074812144041,0.4483887255191803,4,False,0.7313530445098877,0.0
side,3.2,0,0.2493678331375122,-1.312384843826294,-3.392332077026367,0.06345369666814804,0.0062791695818305016,0.4485793709754944,4,False,0.7313523888587952,0.0
side,3.22,0,0.24936768412590027,-1.3123856782913208,-3.3922934532165527,0.0634530782699585,0.006257078144699335,0.44888198375701904,4,False,0.7313517332077026,0.0
side,3.24,0,0.24936755001544952,-1.3123623132705688,-3.392345666885376,0.0634537786245346,0.006278490647673607,0.4485296905040741,4,False,0.7313530445098877,0.0
side,3.2600000000000002,0,0.24936792254447937,-1.312427282333374,-3.3923115730285645,0.06345363706350327,0.006270877551287413,0.4485732316970825,4,False,0.7313528060913086,0.0
side,3.2800000000000002,0,0.24936753511428833,-1.3123997449874878,-3.3922901153564453,0.06345311552286148,0.006236887536942959,0.44821128249168396,4,False,0.7313532829284668,0.0
side,3.3000000000000003,0,0.24936756491661072,-1.312312126159668,-3.3923020362854004,0.06345275044441223,0.006264670751988888,0.4484880864620209,4,False,0.7313520312309265,0.0
side,3.3200000000000003,0,0.2493678331375122,-1.3123109340667725,-3.392256021499634,0.06345200538635254,0.006255046464502811,0.44857850670814514,4,False,0.7313510775566101,0.0
side,3.34,0,0.2493675798177719,-1.3122984170913696,-3.392261266708374,0.06345200538635254,0.006246423814445734,0.4484211206436157,4,False,0.7313531637191772,0.0
side,3.36,0,0.24936766922473907,-1.3122872114181519,-3.3922502994537354,0.06345175951719284,0.006264660973101854,0.4487189054489136,4,False,0.731351375579834,0.0
side,3.38,0,0.24936775863170624,-1.3123189210891724,-3.3922855854034424,0.06345253437757492,0.006262863054871559,0.4482707381248474,4,False,0.7313534021377563,0.0
side,3.4,0,0.24936769902706146,-1.3123054504394531,-3.3922481536865234,0.06345183402299881,0.006262392271310091,0.44870060682296753,4,False,0.7313516139984131,0.0
side,3.42,0,0.2493676245212555,-1.3123195171356201,-3.3922877311706543,0.0634525716304779,0.006262825336307287,0.44785645604133606,4,False,0.7313530445098877,0.0
side,3.44,0,0.24936772882938385,-1.3123043775558472,-3.392244338989258,0.06345176696777344,0.006262314971536398,0.4485340118408203,4,False,0.731351912021637,0.0
side,3.46,0,0.24936753511428833,-1.312315583229065,-3.3922770023345947,0.06345237046480179,0.006255339831113815,0.4484843909740448,4,False,0.7313533425331116,0.0
side,3.48,0,0.24936771392822266,-1.312301516532898,-3.392284393310547,0.06345240771770477,0.006268040277063847,0.4487273693084717,4,False,0.7313523888587952,0.0
side,3.5,0,0.24936768412590027,-1.3123582601547241,-3.3922715187072754,0.06345254927873611,0.006259848829358816,0.44833454489707947,4,False,0.731353223323822,0.0
side,3.52,0,0.24936753511428833,-1.3123643398284912,-3.3922977447509766,0.06345301121473312,0.006256156601011753,0.44844526052474976,4,False,0.731351912021637,0.0
side,3.54,0,0.24936768412590027,-1.3123788833618164,-3.392299175262451,0.06345313042402267,0.006263964809477329,0.44819825887680054,4,False,0.7313522696495056,0.0
side,3.56,0,0.24936769902706146,-1.3123103380203247,-3.3922557830810547,0.06345199048519135,0.006253378000110388,0.4481678009033203,4,False,0.7313524484634399,0.0
side,3.58,0,0.2493675798177719,-1.3122166395187378,-3.3922476768493652,0.06345127522945404,0.006256572902202606,0.448825865983963,4,False,0.7313520312309265,0.0
side,3.6,0,0.2493675947189331,-1.3123350143432617,-3.3922791481018066,0.06345252692699432,0.00626183720305562,0.44867271184921265,4,False,0.7313517332077026,0.0
side,3.62,0,0.24936768412590027,-1.3123767375946045,-3.392310857772827,0.0634533017873764,0.006261634640395641,0.4487846791744232,4,False,0.7313532829284668,0.0
side,3.64,0,0.24936769902706146,-1.312396764755249,-3.3923068046569824,0.06345336884260178,0.006248935125768185,0.44832825660705566,4,False,0.7313525676727295,0.0
side,3.66,0,0.24936755001544952,-1.312371015548706,-3.392303705215454,0.06345315277576447,0.006240065209567547,0.44812047481536865,4,False,0.7313529253005981,0.0
side,3.68,0,0.24936749041080475,-1.312369465827942,-3.392292022705078,0.06345295161008835,0.006244552321732044,0.4482720196247101,4,False,0.7313520312309265,0.0
side,3.7,0,0.24936765432357788,-1.3121758699417114,-3.3921735286712646,0.06344980746507645,0.006282802205532789,0.4487876892089844,4,False,0.731351375579834,0.0
side,3.72,0,0.2493678480386734,-1.3122644424438477,-3.3921847343444824,0.06345054507255554,0.006254828535020351,0.4482913613319397,4,False,0.7313523292541504,0.0
side,3.74,0,0.2493675798177719,-1.3124150037765503,-3.392350196838379,0.06345418840646744,0.006249041296541691,0.4485149383544922,4,False,0.7313523888587952,0.0
side,3.7600000000000002,0,0.24936756491661072,-1.3124094009399414,-3.3923377990722656,0.06345394998788834,0.0062653846107423306,0.4484998285770416,4,False,0.7313529253005981,0.0
side,3.7800000000000002,0,0.24936766922473907,-1.3123186826705933,-3.3922853469848633,0.06345251947641373,0.006255941931158304,0.44872480630874634,4,False,0.7313516736030579,0.0
side,3.8000000000000003,0,0.24936765432357788,-1.3123599290847778,-3.3923022747039795,0.0634530559182167,0.006241203751415014,0.4482886791229248,4,False,0.7313528060913086,0.0
side,3.8200000000000003,0,0.24936750531196594,-1.3123525381088257,-3.3923144340515137,0.06345321238040924,0.006235065404325724,0.44847753643989563,4,False,0.7313531637191772,0.0
side,3.84,0,0.24936775863170624,-1.3122864961624146,-3.392253875732422,0.06345181167125702,0.006271678023040295,0.44889387488365173,4,False,0.7313517332077026,0.0
side,3.86,0,0.2493676394224167,-1.3123258352279663,-3.3922770023345947,0.06345243006944656,0.006246728822588921,0.4484116733074188,4,False,0.7313519716262817,0.0
side,3.88,0,0.2493675798177719,-1.3123301267623901,-3.392287015914917,0.06345263123512268,0.006269413977861404,0.4486050009727478,4,False,0.7313522696495056,0.0
side,3.9,0,0.24936777353286743,-1.3122990131378174,-3.3922598361968994,0.06345198303461075,0.0062606316059827805,0.44846266508102417,4,False,0.7313531637191772,0.0
side,3.92,0,0.2493675798177719,-1.3123033046722412,-3.392235279083252,0.0634516105055809,0.006259441375732422,0.44835391640663147,4,False,0.7313521504402161,0.0
side,3.94,0,0.2493675947189331,-1.3123371601104736,-3.3922510147094727,0.0634520873427391,0.006270545069128275,0.4482543468475342,4,False,0.7313530445098877,0.0
side,3.96,0,0.2493678778409958,-1.3123210668563843,-3.3922581672668457,0.0634521022439003,0.006263315211981535,0.4484034776687622,4,False,0.7313532829284668,0.0
side,3.98,0,0.24936750531196594,-1.3122676610946655,-3.3922414779663086,0.06345149129629135,0.006253915373235941,0.4487158954143524,4,False,0.7313534021377563,0.0
side,4.0,0,0.2493675798177719,-1.3123184442520142,-3.3922505378723145,0.06345196068286896,0.006280007306486368,0.4480668008327484,4,False,0.7313523888587952,0.0
side,4.0200000000000005,0,0.2493678480386734,-1.3123104572296143,-3.3922698497772217,0.06345222145318985,0.006260119378566742,0.44850561022758484,4,False,0.7313527464866638,0.0
side,4.04,0,0.24936750531196594,-1.3122953176498413,-3.392268180847168,0.0634520947933197,0.006250109523534775,0.4484268128871918,4,False,0.7313525080680847,0.0
side,4.0600000000000005,0,0.24936765432357788,-1.3123589754104614,-3.392301559448242,0.06345304101705551,0.00626532593742013,0.44818544387817383,4,False,0.7313535809516907,0.0
side,4.08,0,0.24936771392822266,-1.3123371601104736,-3.3922982215881348,0.06345284730195999,0.006233367137610912,0.4487224221229553,4,False,0.7313530445098877,0.0
side,4.1,0,0.24936741590499878,-1.3123388290405273,-3.3922882080078125,0.06345269829034805,0.00623898021876812,0.4482680559158325,4,False,0.7313523292541504,0.0
side,4.12,0,0.2493676394224167,-1.312300682067871,-3.3922176361083984,0.06345131248235703,0.0062624490819871426,0.4483603835105896,4,False,0.731352686882019,0.0
side,4.14,0,0.24936778843402863,-1.3122550249099731,-3.3922111988067627,0.06345092505216599,0.006254952400922775,0.4486316740512848,4,False,0.731351912021637,0.0
side,4.16,0,0.24936771392822266,-1.3123040199279785,-3.3922624588012695,0.06345206499099731,0.006257400847971439,0.4483886659145355,4,False,0.7313520312309265,0.0
side,4.18,0,0.24936755001544952,-1.3123247623443604,-3.392305612564087,0.06345289200544357,0.006255702115595341,0.44852307438850403,4,False,0.7313529253005981,0.0
side,4.2,0,0.24936747550964355,-1.3123520612716675,-3.3923122882843018,0.06345316767692566,0.0062587568536400795,0.44843363761901855,4,False,0.7313525080680847,0.0
side,4.22,0,0.2493676245212555,-1.312361717224121,-3.3922760486602783,0.06345264613628387,0.006266623269766569,0.44840750098228455,4,False,0.731353223323822,0.0
side,4.24,0,0.24936780333518982,-1.3123422861099243,-3.3922641277313232,0.0634523257613182,0.006261237431317568,0.4486073851585388,4,False,0.7313521504402161,0.0
side,4.26,0,0.2493676096200943,-1.3123359680175781,-3.39228892326355,0.06345269083976746,0.006246562581509352,0.44824400544166565,4,False,0.7313525080680847,0.0
side,4.28,0,0.24936756491661072,-1.3122986555099487,-3.39227032661438,0.06345216184854507,0.006266961805522442,0.4484994411468506,4,False,0.7313514947891235,0.0
side,4.3,0,0.2493676394224167,-1.3123090267181396,-3.3922955989837646,0.06345263123512268,0.006264548283070326,0.4486139416694641,4,False,0.7313521504402161,0.0
side,4.32,0,0.24936778843402863,-1.3123338222503662,-3.3922603130340576,0.06345221400260925,0.006256080698221922,0.44890812039375305,4,False,0.7313529849052429,0.0
side,4.34,0,0.24936755001544952,-1.3123565912246704,-3.392289876937866,0.0634528398513794,0.006242971867322922,0.4485275447368622,4,False,0.7313523888587952,0.0
side,4.36,0,0.2493675798177719,-1.3123786449432373,-3.3923275470733643,0.06345358490943909,0.006252647377550602,0.4484420716762543,4,False,0.7313523888587952,0.0
side,4.38,0,0.24936765432357788,-1.312349796295166,-3.392286777496338,0.06345274299383163,0.006257508881390095,0.44852209091186523,4,False,0.7313516139984131,0.0
side,4.4,0,0.24936771392822266,-1.3122361898422241,-3.392246723175049,0.0634513795375824,0.006261179689317942,0.4487389326095581,4,False,0.7313525080680847,0.0
side,4.42,0,0.24936766922473907,-1.3123210668563843,-3.3922719955444336,0.06345231831073761,0.006251976825296879,0.4483239948749542,4,False,0.7313536405563354,0.0
side,4.44,0,0.2493676394224167,-1.3123271465301514,-3.392282009124756,0.06345251947641373,0.006273395847529173,0.44854700565338135,4,False,0.7313523292541504,0.0
side,4.46,0,0.2493676096200943,-1.3123234510421753,-3.3922908306121826,0.06345263868570328,0.006255642976611853,0.4484974443912506,4,False,0.7313532829284668,0.0
side,4.48,0,0.2493675798177719,-1.3123928308486938,-3.3923280239105225,0.06345368176698685,0.0062493798322975636,0.4485335648059845,4,False,0.7313526272773743,0.0
side,4.5,0,0.24936752021312714,-1.312387228012085,-3.3923330307006836,0.06345373392105103,0.0062472322024405,0.44846200942993164,4,False,0.7313528060913086,0.0
side,4.5200000000000005,0,0.24936768412590027,-1.312294840812683,-3.3922324180603027,0.06345152109861374,0.006266741082072258,0.4484952986240387,4,False,0.7313520908355713,0.0
side,4.54,0,0.24936768412590027,-1.312257170677185,-3.392204999923706,0.06345083564519882,0.006244503892958164,0.44843757152557373,4,False,0.7313529253005981,0.0
side,4.5600000000000005,0,0.24936750531196594,-1.3122642040252686,-3.392247200012207,0.06345156580209732,0.006262698210775852,0.44830039143562317,4,False,0.7313526272773743,0.0
side,4.58,0,0.24936775863170624,-1.3123339414596558,-3.392282247543335,0.0634525716304779,0.00626529473811388,0.44872456789016724,4,False,0.7313527464866638,0.0
side,4.6000000000000005,0,0.24936756491661072,-1.3123353719711304,-3.3923003673553467,0.06345287710428238,0.006252163089811802,0.44874605536460876,4,False,0.7313528060913086,0.0
side,4.62,0,0.24936746060848236,-1.3123548030853271,-3.3923065662384033,0.06345310062170029,0.006263472605496645,0.4483644962310791,4,False,0.731351912021637,0.0
side,4.64,0,0.24936747550964355,-1.3123955726623535,-3.392301321029663,0.06345326453447342,0.006266332697123289,0.4484160244464874,4,False,0.7313530445098877,0.0
side,4.66,0,0.2493676096200943,-1.3123278617858887,-3.3922953605651855,0.06345274299383163,0.006269537378102541,0.44840729236602783,4,False,0.7313528060913086,0.0
side,4.68,0,0.24936769902706146,-1.3123670816421509,-3.3922855854034424,0.0634528324007988,0.006265594158321619,0.4483084976673126,4,False,0.7313525080680847,0.0
side,4.7,0,0.24936772882938385,-1.312360405921936,-3.3922836780548096,0.06345275789499283,0.006260155234485865,0.4486077129840851,4,False,0.731353223323822,0.0
side,4.72,0,0.2493675798177719,-1.3123900890350342,-3.3922812938690186,0.06345290690660477,0.0062582120299339294,0.44850245118141174,4,False,0.7313512563705444,0.0
side,4.74,0,0.2493676245212555,-1.31233811378479,-3.39231538772583,0.06345313787460327,0.006269245408475399,0.44831544160842896,4,False,0.7313537001609802,0.0
side,4.76,0,0.24936769902706146,-1.3123387098312378,-3.392241954803467,0.06345193833112717,0.006268600467592478,0.4485711455345154,4,False,0.7313520908355713,0.0
side,4.78,0,0.24936749041080475,-1.3123515844345093,-3.3922526836395264,0.06345219910144806,0.006255791522562504,0.4481760859489441,4,False,0.7313525080680847,0.0
side,4.8,0,0.24936768412590027,-1.3123797178268433,-3.3922812938690186,0.0634528398513794,0.006265272386372089,0.44826024770736694,4,False,0.7313528060913086,0.0
side,4.82,0,0.24936775863170624,-1.3123284578323364,-3.3922648429870605,0.06345225125551224,0.006257485132664442,0.4484099745750427,4,False,0.7313525080680847,0.0
side,4.84,0,0.24936755001544952,-1.3122837543487549,-3.3922641277313232,0.06345195323228836,0.006243872456252575,0.4485093951225281,4,False,0.7313523292541504,0.0
side,4.86,0,0.24936744570732117,-1.3122600317001343,-3.3922598361968994,0.06345174461603165,0.006275743246078491,0.44875460863113403,4,False,0.7313510179519653,0.0
side,4.88,0,0.24936777353286743,-1.3124364614486694,-3.3923144340515137,0.06345373392105103,0.006271774880588055,0.4483681321144104,4,False,0.7313525676727295,0.0
side,4.9,0,0.2493675798177719,-1.312394380569458,-3.3923308849334717,0.06345374137163162,0.006244978401809931,0.4485063850879669,4,False,0.7313520908355713,0.0
side,4.92,0,0.2493673413991928,-1.312306523323059,-3.392284393310547,0.06345243006944656,0.006259752903133631,0.4487285614013672,4,False,0.7313520908355713,0.0
side,4.94,0,0.24936769902706146,-1.3123412132263184,-3.3923423290252686,0.06345359981060028,0.006267438177019358,0.4484436511993408,4,False,0.7313538193702698,0.0
side,4.96,0,0.24936772882938385,-1.312260627746582,-3.3922786712646484,0.06345205008983612,0.006248205900192261,0.44878461956977844,4,False,0.7313525080680847,0.0
side,4.98,0,0.2493675947189331,-1.3122717142105103,-3.392246961593628,0.0634516105055809,0.006256683263927698,0.44847509264945984,4,False,0.7313514947891235,0.0
side,5.0,0,0.2493676245212555,-1.312293291091919,-3.3922464847564697,0.06345172971487045,0.006278569810092449,0.4485105872154236,4,False,0.7313523292541504,0.0
side,5.0200000000000005,0,0.24936790764331818,-1.312476634979248,-3.392343759536743,0.06345447152853012,0.006255515851080418,0.4481695890426636,4,False,0.7313539385795593,0.0
side,5.04,0,0.24936753511428833,-1.3124302625656128,-3.392341375350952,0.06345413625240326,0.0062294104136526585,0.44828346371650696,4,False,0.7313529849052429,0.0
side,5.0600000000000005,0,0.24936744570732117,-1.3123610019683838,-3.3922793865203857,0.06345269083976746,0.006246479693800211,0.44828879833221436,4,False,0.7313514947891235,0.0
side,5.08,0,0.2493678331375122,-1.312190294265747,-3.392194986343384,0.06345024704933167,0.00627416605129838,0.4486812949180603,4,False,0.7313520908355713,0.0
side,5.1000000000000005,0,0.2493675798177719,-1.3122366666793823,-3.392206907272339,0.06345073133707047,0.0062585799023509026,0.4484559893608093,4,False,0.7313520312309265,0.0
side,5.12,0,0.2493676245212555,-1.3123573064804077,-3.3922994136810303,0.06345299631357193,0.00625960249453783,0.4484204351902008,4,False,0.7313529849052429,0.0
side,5.14,0,0.24936769902706146,-1.3123325109481812,-3.392301321029663,0.06345286965370178,0.0062560224905610085,0.4485607147216797,4,False,0.7313530445098877,0.0
side,5.16,0,0.2493676096200943,-1.31233549118042,-3.3923044204711914,0.06345293670892715,0.006238030735403299,0.4487495422363281,4,False,0.7313527464866638,0.0
side,5.18,0,0.24936755001544952,-1.3123713731765747,-3.392282009124756,0.06345280259847641,0.0062545728869736195,0.4480993151664734,4,False,0.7313517928123474,0.0
side,5.2,0,0.24936765432357788,-1.3122297525405884,-3.3921966552734375,0.06345052272081375,0.0062639364041388035,0.44859471917152405,4,False,0.731353223323822,0.0
side,5.22,0,0.2493676245212555,-1.3123177289962769,-3.3922505378723145,0.06345195323228836,0.006250735837966204,0.44837871193885803,4,False,0.7313535213470459,0.0
side,5.24,0,0.2493676394224167,-1.3123271465301514,-3.392296075820923,0.06345275044441223,0.006252031773328781,0.44882625341415405,4,False,0.7313531637191772,0.0
side,5.26,0,0.24936755001544952,-1.3123865127563477,-3.392282009124756,0.06345289945602417,0.006232944317162037,0.4479743540287018,4,False,0.7313534021377563,0.0
side,5.28,0,0.24936766922473907,-1.3123425245285034,-3.3922669887542725,0.06345237791538239,0.006246671546250582,0.4483548104763031,4,False,0.7313522696495056,0.0
side,5.3,0,0.24936780333518982,-1.3121966123580933,-3.3921847343444824,0.06345012784004211,0.006265581119805574,0.4485914409160614,4,False,0.7313523888587952,0.0
side,5.32,0,0.2493675947189331,-1.312218189239502,-3.3922321796417236,0.06345102936029434,0.006249542813748121,0.44842851161956787,4,False,0.7313517332077026,0.0
side,5.34,0,0.2493676245212555,-1.3123376369476318,-3.3922643661499023,0.06345229595899582,0.006256323307752609,0.4484016001224518,4,False,0.7313532829284668,0.0
side,5.36,0,0.2493675798177719,-1.3122923374176025,-3.3922903537750244,0.06345244497060776,0.00624025659635663,0.4483056366443634,4,False,0.7313531637191772,0.0
side,5.38,0,0.24936755001544952,-1.3122762441635132,-3.3922877311706543,0.06345229595899582,0.006239490583539009,0.4484393000602722,4,False,0.7313529849052429,0.0
side,5.4,0,0.24936768412590027,-1.3123066425323486,-3.3922641277313232,0.0634521022439003,0.0062372577376663685,0.44832345843315125,4,False,0.7313535809516907,0.0
side,5.42,0,0.24936765432357788,-1.3122433423995972,-3.392209768295288,0.06345082074403763,0.006237661466002464,0.4484666883945465,4,False,0.7313518524169922,0.0
side,5.44,0,0.2493676394224167,-1.3122354745864868,-3.392233371734619,0.06345116347074509,0.006254906766116619,0.44813665747642517,4,False,0.7313522100448608,0.0
side,5.46,0,0.24936769902706146,-1.3123282194137573,-3.392267942428589,0.06345229595899582,0.006240424234420061,0.4482797384262085,4,False,0.7313539385795593,0.0
side,5.48,0,0.24936756491661072,-1.3122771978378296,-3.392247200012207,0.06345164775848389,0.006246337201446295,0.4483567774295807,4,False,0.7313529253005981,0.0
side,5.5,0,0.24936756491661072,-1.3123199939727783,-3.392256736755371,0.06345206499099731,0.006244677118957043,0.44820669293403625,4,False,0.7313532829284668,0.0
side,5.5200000000000005,0,0.2493676096200943,-1.3122986555099487,-3.392256021499634,0.06345193088054657,0.006243967916816473,0.4483087658882141,4,False,0.7313523292541504,0.0
side,5.54,0,0.2493673861026764,-1.312313437461853,-3.392244577407837,0.06345183402299881,0.0062365238554775715,0.4482613801956177,4,False,0.7313534617424011,0.0
side,5.5600000000000005,0,0.24936749041080475,-1.3122142553329468,-3.3922410011291504,0.06345114856958389,0.006261380854994059,0.44882139563560486,4,False,0.7313520312309265,0.0
side,5.58,0,0.24936766922473907,-1.3122743368148804,-3.392268180847168,0.06345196813344955,0.006255344487726688,0.4485068917274475,4,False,0.7313529253005981,0.0
side,5.6000000000000005,0,0.24936755001544952,-1.312342882156372,-3.39227032661438,0.06345243006944656,0.006247588433325291,0.44834446907043457,4,False,0.7313522100448608,0.0
side,5.62,0,0.24936753511428833,-1.3123011589050293,-3.3923046588897705,0.06345272809267044,0.006258998531848192,0.4485020041465759,4,False,0.7313520908355713,0.0
side,5.64,0,0.2493675798177719,-1.3123652935028076,-3.392275333404541,0.06345265358686447,0.006253847386687994,0.44789746403694153,4,False,0.7313529849052429,0.0
side,5.66,0,0.2493676096200943,-1.3122694492340088,-3.3922476768493652,0.0634516030550003,0.006254763808101416,0.44850677251815796,4,False,0.7313530445098877,0.0
side,5.68,0,0.2493676245212555,-1.3123383522033691,-3.3922688961029053,0.06345237791538239,0.006250287406146526,0.44833824038505554,4,False,0.7313532829284668,0.0
side,5.7,0,0.24936750531196594,-1.3122689723968506,-3.392245292663574,0.06345156580209732,0.006253642495721579,0.44834744930267334,4,False,0.731351912021637,0.0
side,5.72,0,0.2493676245212555,-1.3123083114624023,-3.3922438621520996,0.06345178186893463,0.006258028093725443,0.44847220182418823,4,False,0.7313520908355713,0.0
side,5.74,0,0.24936771392822266,-1.3123338222503662,-3.3922698497772217,0.06345236301422119,0.006252593360841274,0.4487383961677551,4,False,0.7313525080680847,0.0
side,5.76,0,0.24936753511428833,-1.312313437461853,-3.3923163414001465,0.06345299631357193,0.006252102553844452,0.4484926462173462,4,False,0.7313523888587952,0.0
side,5.78,0,0.24936749041080475,-1.3123301267623901,-3.392261028289795,0.06345219910144806,0.006271570920944214,0.4483042359352112,4,False,0.7313514947891235,0.0
side,5.8,0,0.24936769902706146,-1.312326192855835,-3.3922600746154785,0.06345216184854507,0.006265951320528984,0.44816163182258606,4,False,0.7313537001609802,0.0
side,5.82,0,0.24936766922473907,-1.3123409748077393,-3.3922693729400635,0.06345240771770477,0.006252085790038109,0.4483575224876404,4,False,0.7313520312309265,0.0
side,5.84,0,0.24936756491661072,-1.3123036623001099,-3.3922371864318848,0.06345164775848389,0.006253325380384922,0.4483155310153961,4,False,0.7313527464866638,0.0
side,5.86,0,0.24936768412590027,-1.3123180866241455,-3.3922770023345947,0.06345238536596298,0.00624397536739707,0.44820818305015564,4,False,0.7313532829284668,0.0
side,5.88,0,0.24936766922473907,-1.3123458623886108,-3.3922438621520996,0.06345202028751373,0.006243319716304541,0.4486124515533447,4,False,0.7313522100448608,0.0
side,5.9,0,0.2493675798177719,-1.312207579612732,-3.3922605514526367,0.06345142424106598,0.006238300818949938,0.4482071101665497,4,False,0.7313529253005981,0.0
side,5.92,0,0.2493676394224167,-1.312248706817627,-3.3922300338745117,0.06345118582248688,0.006237523164600134,0.4483695924282074,4,False,0.7313527464866638,0.0
side,5.94,0,0.2493676245212555,-1.3121981620788574,-3.392167806625366,0.06344985216856003,0.006255361717194319,0.4485558271408081,4,False,0.7313527464866638,0.0
side,5.96,0,0.24936756491661072,-1.312266230583191,-3.39221453666687,0.06345104426145554,0.006257872097194195,0.44842058420181274,4,False,0.7313527464866638,0.0
side,5.98,0,0.2493676245212555,-1.312362790107727,-3.3922970294952393,0.06345298886299133,0.006243276875466108,0.4485197067260742,4,False,0.7313532829284668,0.0
side,6.0,0,0.24936746060848236,-1.3123221397399902,-3.392324447631836,0.06345317512750626,0.006226091179996729,0.4486897885799408,4,False,0.7313525080680847,0.0
side,6.0200000000000005,0,0.2493675798177719,-1.3123579025268555,-3.3922879695892334,0.063452810049057,0.0062539526261389256,0.44894781708717346,4,False,0.7313518524169922,0.0
side,6.04,0,0.24936780333518982,-1.312329888343811,-3.392253875732422,0.0634520873427391,0.0062465728260576725,0.44861510396003723,4,False,0.7313521504402161,0.0
side,6.0600000000000005,0,0.24936750531196594,-1.3123080730438232,-3.3922390937805176,0.06345170736312866,0.006243865005671978,0.448483943939209,4,False,0.7313520312309265,0.0
side,6.08,0,0.24936755001544952,-1.3122566938400269,-3.392225742340088,0.06345117092132568,0.006265321746468544,0.4482306241989136,4,False,0.7313533425331116,0.0
side,6.1000000000000005,0,0.2493678629398346,-1.3122587203979492,-3.3922348022460938,0.06345132738351822,0.006261826958507299,0.4485684335231781,4,False,0.7313529253005981,0.0
side,6.12,0,0.24936766922473907,-1.3123458623886108,-3.3922715187072754,0.06345247477293015,0.006243587005883455,0.4483272433280945,4,False,0.7313518524169922,0.0
side,6.140000000000001,0,0.24936753511428833,-1.3122811317443848,-3.3922293186187744,0.0634513795375824,0.006266253534704447,0.4483547508716583,4,False,0.7313526272773743,0.0
side,6.16,0,0.24936772882938385,-1.3123184442520142,-3.3922460079193115,0.06345188617706299,0.006257729139178991,0.4484688639640808,4,False,0.7313530445098877,0.0
side,6.18,0,0.2493676394224167,-1.3123221397399902,-3.392244577407837,0.06345188617706299,0.006253751460462809,0.4482082426548004,4,False,0.7313521504402161,0.0
side,6.2,0,0.24936756491661072,-1.3122761249542236,-3.3922648429870605,0.06345192342996597,0.0062540508806705475,0.4483962059020996,4,False,0.7313527464866638,0.0
side,6.22,0,0.2493675798177719,-1.3123421669006348,-3.3922791481018066,0.0634525716304779,0.006257000379264355,0.44834744930267334,4,False,0.7313530445098877,0.0
side,6.24,0,0.2493675798177719,-1.312320351600647,-3.3922970294952393,0.06345272064208984,0.006255531683564186,0.44855913519859314,4,False,0.7313525080680847,0.0
side,6.26,0,0.2493675798177719,-1.3123602867126465,-3.3922882080078125,0.0634528324007988,0.006257298402488232,0.448506623506546,4,False,0.7313530445098877,0.0
side,6.28,0,0.24936755001544952,-1.3123348951339722,-3.3922812938690186,0.06345255672931671,0.006258838344365358,0.44832471013069153,4,False,0.7313526272773743,0.0
side,6.3,0,0.2493675947189331,-1.3123314380645752,-3.3922789096832275,0.06345249712467194,0.006266639567911625,0.4483754336833954,4,False,0.7313515543937683,0.0
side,6.32,0,0.24936769902706146,-1.3123278617858887,-3.39227032661438,0.0634523406624794,0.006255640648305416,0.4483377933502197,4,False,0.731352686882019,0.0
side,6.34,0,0.24936747550964355,-1.3122880458831787,-3.392298698425293,0.06345254927873611,0.006249988451600075,0.4486112594604492,4,False,0.7313518524169922,0.0
side,6.36,0,0.249367356300354,-1.3123300075531006,-3.392329692840576,0.063453309237957,0.006257552653551102,0.44845643639564514,4,False,0.7313529253005981,0.0
side,6.38,0,0.24936772882938385,-1.312373399734497,-3.392314910888672,0.06345334649085999,0.006262524053454399,0.4485692083835602,4,False,0.7313522696495056,0.0
side,6.4,0,0.24936772882938385,-1.31234610080719,-3.392296075820923,0.06345286965370178,0.0062343222089111805,0.44865691661834717,4,False,0.7313523888587952,0.0
side,6.42,0,0.24936744570732117,-1.3122773170471191,-3.3922505378723145,0.06345169991254807,0.006245855242013931,0.4487394094467163,4,False,0.7313507199287415,0.0
side,6.44,0,0.2493676245212555,-1.3121293783187866,-3.392176866531372,0.06344957649707794,0.00629282696172595,0.44850239157676697,4,False,0.7313514947891235,0.0
side,6.46,0,0.2493678778409958,-1.3122626543045044,-3.392176866531372,0.0634504109621048,0.006270863581448793,0.4484754502773285,4,False,0.7313526272773743,0.0
side,6.48,0,0.24936756491661072,-1.3123897314071655,-3.3923232555389404,0.06345358490943909,0.006249588448554277,0.4482601583003998,4,False,0.7313535213470459,0.0
side,6.5,0,0.24936753511428833,-1.3123654127120972,-3.3923237323760986,0.06345344334840775,0.006251395680010319,0.44822826981544495,4,False,0.7313529253005981,0.0
side,6.5200000000000005,0,0.24936775863170624,-1.3123188018798828,-3.392272472381592,0.06345231831073761,0.006252144929021597,0.44890087842941284,4,False,0.7313526272773743,0.0
side,6.54,0,0.24936765432357788,-1.3123605251312256,-3.3923070430755615,0.06345314532518387,0.0062312474474310875,0.4481166899204254,4,False,0.7313530445098877,0.0
side,6.5600000000000005,0,0.24936753511428833,-1.3122745752334595,-3.3922977447509766,0.06345244497060776,0.00625942088663578,0.44901013374328613,4,False,0.7313516736030579,0.0
side,6.58,0,0.24936765432357788,-1.3122438192367554,-3.392263650894165,0.06345169991254807,0.006270234007388353,0.4485180675983429,4,False,0.7313523888587952,0.0
side,6.6000000000000005,0,0.2493676394224167,-1.312307596206665,-3.3922579288482666,0.06345201283693314,0.00625429255887866,0.44873282313346863,4,False,0.7313523292541504,0.0
side,6.62,0,0.24936756491661072,-1.3123327493667603,-3.3922767639160156,0.06345247477293015,0.0062643433921039104,0.4483066499233246,4,False,0.7313522696495056,0.0
side,6.640000000000001,0,0.2493675798177719,-1.3123470544815063,-3.392305850982666,0.06345303356647491,0.0062658898532390594,0.44871804118156433,4,False,0.731352686882019,0.0
side,6.66,0,0.24936778843402863,-1.312323808670044,-3.3922460079193115,0.06345191597938538,0.00627431645989418,0.448495477437973,4,False,0.7313522696495056,0.0
side,6.68,0,0.24936766922473907,-1.31229829788208,-3.3922641277313232,0.06345205008983612,0.0062500364147126675,0.4486188590526581,4,False,0.7313533425331116,0.0
side,6.7,0,0.24936756491661072,-1.3123905658721924,-3.3922719955444336,0.06345275044441223,0.006269823759794235,0.44828301668167114,4,False,0.7313518524169922,0.0
side,6.72,0,0.24936765432357788,-1.312414526939392,-3.39231014251709,0.06345353275537491,0.006262615788727999,0.4483650326728821,4,False,0.7313527464866638,0.0
side,6.74,0,0.24936774373054504,-1.3123877048492432,-3.3923113346099854,0.06345337629318237,0.006256922148168087,0.4482892155647278,4,False,0.7313535213470459,0.0
side,6.76,0,0.2493676245212555,-1.3123027086257935,-3.3922834396362305,0.06345239281654358,0.006250017322599888,0.4486228823661804,4,False,0.7313523292541504,0.0
side,6.78,0,0.2493675798177719,-1.3122984170913696,-3.392296552658081,0.0634525790810585,0.006246465258300304,0.4481825530529022,4,False,0.7313528656959534,0.0
side,6.8,0,0.24936753511428833,-1.3123332262039185,-3.3922436237335205,0.06345193833112717,0.006242335308343172,0.448478102684021,4,False,0.7313523292541504,0.0
side,6.82,0,0.2493675947189331,-1.3122506141662598,-3.3922035694122314,0.06345076858997345,0.006263204850256443,0.4484909176826477,4,False,0.7313511371612549,0.0
side,6.84,0,0.24936792254447937,-1.312218427658081,-3.392238140106201,0.0634511336684227,0.006265738047659397,0.4482298493385315,4,False,0.7313539385795593,0.0
side,6.86,0,0.24936768412590027,-1.3122855424880981,-3.392214298248291,0.06345116347074509,0.006233382038772106,0.44828274846076965,4,False,0.7313522696495056,0.0
side,6.88,0,0.2493673413991928,-1.3122632503509521,-3.3922388553619385,0.06345142424106598,0.006253944709897041,0.44866299629211426,4,False,0.731351375579834,0.0
side,6.9,0,0.24936777353286743,-1.312337875366211,-3.3922641277313232,0.06345229595899582,0.0062703886069357395,0.44831782579421997,4,False,0.7313528656959534,0.0
side,6.92,0,0.24936765432357788,-1.3123281002044678,-3.3922624588012695,0.06345221400260925,0.006247860379517078,0.4486064016819,4,False,0.7313537001609802,0.0
side,6.94,0,0.24936744570732117,-1.3123328685760498,-3.392263174057007,0.06345225125551224,0.006261326372623444,0.44829967617988586,4,False,0.7313525080680847,0.0
side,6.96,0,0.2493676245212555,-1.3122828006744385,-3.3922924995422363,0.06345242261886597,0.006262570153921843,0.44869330525398254,4,False,0.7313528656959534,0.0
side,6.98,0,0.24936774373054504,-1.3123332262039185,-3.3922641277313232,0.06345226615667343,0.006252058781683445,0.44879812002182007,4,False,0.7313520312309265,0.0
side,7.0,0,0.2493675947189331,-1.3123266696929932,-3.392305612564087,0.06345290690660477,0.006251567043364048,0.44815772771835327,4,False,0.7313529253005981,0.0
side,7.0200000000000005,0,0.2493676245212555,-1.312372088432312,-3.3922715187072754,0.06345263868570328,0.006245438940823078,0.44843801856040955,4,False,0.7313514947891235,0.0
side,7.04,0,0.2493676394224167,-1.3123022317886353,-3.392265796661377,0.0634521022439003,0.006255314219743013,0.4485991597175598,4,False,0.7313520312309265,0.0
side,7.0600000000000005,0,0.24936766922473907,-1.3122973442077637,-3.3922531604766846,0.0634518712759018,0.006252781953662634,0.4486202299594879,4,False,0.7313526272773743,0.0
side,7.08,0,0.2493676096200943,-1.3123011589050293,-3.392263174057007,0.06345205754041672,0.006259362678974867,0.4485504627227783,4,False,0.7313516139984131,0.0
side,7.1000000000000005,0,0.24936775863170624,-1.3124089241027832,-3.392320156097412,0.06345365196466446,0.006262927781790495,0.4482862949371338,4,False,0.7313537001609802,0.0
side,7.12,0,0.24936756491661072,-1.3123632669448853,-3.392291307449341,0.06345290690660477,0.006246250122785568,0.4484108090400696,4,False,0.7313531041145325,0.0
side,7.140000000000001,0,0.24936744570732117,-1.3122721910476685,-3.3922622203826904,0.0634518563747406,0.006260677706450224,0.44844475388526917,4,False,0.7313518524169922,0.0
side,7.16,0,0.249367818236351,-1.31233811378479,-3.392274856567383,0.06345247477293015,0.00627227732911706,0.44851481914520264,4,False,0.7313520312309265,0.0
side,7.18,0,0.24936768412590027,-1.3123122453689575,-3.392284393310547,0.06345246732234955,0.006258971057832241,0.44862648844718933,4,False,0.7313523292541504,0.0
side,7.2,0,0.2493675798177719,-1.3123767375946045,-3.392296552658081,0.0634530708193779,0.006256739608943462,0.4481569528579712,4,False,0.7313522696495056,0.0
side,7.22,0,0.2493676245212555,-1.3122870922088623,-3.3922855854034424,0.0634523257613182,0.006275739520788193,0.44852742552757263,4,False,0.7313529253005981,0.0
side,7.24,0,0.24936769902706146,-1.3123462200164795,-3.39225697517395,0.06345223635435104,0.006256480235606432,0.44860953092575073,4,False,0.7313529253005981,0.0
side,7.26,0,0.24936750531196594,-1.3122822046279907,-3.392282485961914,0.06345225125551224,0.006259652320295572,0.44852215051651,4,False,0.7313523292541504,0.0
side,7.28,0,0.2493676245212555,-1.312342882156372,-3.3922715187072754,0.06345245242118835,0.006270334590226412,0.4482613801956177,4,False,0.7313525676727295,0.0
side,7.3,0,0.24936774373054504,-1.3123623132705688,-3.392251968383789,0.06345225870609283,0.00625643553212285,0.4483802020549774,4,False,0.7313528060913086,0.0
side,7.32,0,0.24936749041080475,-1.3122944831848145,-3.392245292663574,0.06345172226428986,0.00626251008361578,0.44864997267723083,4,False,0.7313522696495056,0.0
side,7.34,0,0.24936766922473907,-1.3123315572738647,-3.392254590988159,0.0634521096944809,0.0062714568339288235,0.4482659697532654,4,False,0.7313534021377563,0.0
side,7.36,0,0.24936771392822266,-1.312315821647644,-3.3922524452209473,0.06345196813344955,0.006257591303437948,0.44892069697380066,4,False,0.7313520908355713,0.0
side,7.38,0,0.24936749041080475,-1.3123559951782227,-3.3922858238220215,0.06345276534557343,0.006256287917494774,0.44830864667892456,4,False,0.7313529849052429,0.0
side,7.4,0,0.24936775863170624,-1.3123098611831665,-3.3922767639160156,0.0634523332118988,0.006279169116169214,0.4487529397010803,4,False,0.7313515543937683,0.0
side,7.42,0,0.24936753511428833,-1.3123753070831299,-3.39231538772583,0.06345336884260178,0.006248508580029011,0.44857287406921387,4,False,0.7313525080680847,0.0
side,7.44,0,0.24936755001544952,-1.31242835521698,-3.392354965209961,0.06345435231924057,0.006263753864914179,0.44850221276283264,4,False,0.7313516736030579,0.0
side,7.46,0,0.2493678629398346,-1.3124332427978516,-3.392317771911621,0.06345377117395401,0.006248679477721453,0.4485570192337036,4,False,0.7313541769981384,0.0
side,7.48,0,0.2493675947189331,-1.3122875690460205,-3.3922505378723145,0.06345176696777344,0.006246741395443678,0.4485030472278595,4,False,0.7313514351844788,0.0
side,7.5,0,0.24936768412590027,-1.3122884035110474,-3.392254590988159,0.06345183402299881,0.006272234488278627,0.448441743850708,4,False,0.7313530445098877,0.0
side,7.5200000000000005,0,0.24936777353286743,-1.3122748136520386,-3.3922321796417236,0.063451386988163,0.0062622022815048695,0.4483982026576996,4,False,0.7313511967658997,0.0
side,7.54,0,0.24936777353286743,-1.312341570854187,-3.392286777496338,0.06345269083976746,0.006251444108784199,0.4484405219554901,4,False,0.7313533425331116,0.0
side,7.5600000000000005,0,0.24936752021312714,-1.3123016357421875,-3.392275810241699,0.06345226615667343,0.006258091889321804,0.448514461517334,4,False,0.7313528060913086,0.0
side,7.58,0,0.2493676245212555,-1.3122711181640625,-3.3922600746154785,0.06345181912183762,0.0062731592915952206,0.4484774172306061,4,False,0.7313530445098877,0.0
side,7.6000000000000005,0,0.2493675798177719,-1.3122522830963135,-3.3922688961029053,0.06345183402299881,0.006248366087675095,0.4486987888813019,4,False,0.7313525080680847,0.0
side,7.62,0,0.24936752021312714,-1.3123347759246826,-3.392265796661377,0.06345230340957642,0.0062627047300338745,0.4481547772884369,4,False,0.7313529253005981,0.0
side,7.640000000000001,0,0.24936768412590027,-1.312341570854187,-3.3922934532165527,0.06345280259847641,0.006272608879953623,0.4486792981624603,4,False,0.7313525080680847,0.0
side,7.66,0,0.24936766922473907,-1.3123793601989746,-3.3923211097717285,0.06345348805189133,0.006253242492675781,0.44848114252090454,4,False,0.731353223323822,0.0
side,7.68,0,0.24936744570732117,-1.3123633861541748,-3.39233660697937,0.06345364451408386,0.006260543595999479,0.44873058795928955,4,False,0.7313511967658997,0.0
side,7.7,0,0.24936768412590027,-1.312351942062378,-3.3923308849334717,0.06345348060131073,0.006290715653449297,0.44821658730506897,4,False,0.7313534021377563,0.0
side,7.72,0,0.24936801195144653,-1.3123055696487427,-3.392254590988159,0.06345194578170776,0.006248668767511845,0.44843006134033203,4,False,0.7313524484634399,0.0
side,7.74,0,0.24936749041080475,-1.3122988939285278,-3.392268180847168,0.06345212459564209,0.006236722227185965,0.4488945007324219,4,False,0.7313522696495056,0.0
side,7.76,0,0.24936749041080475,-1.3123081922531128,-3.3922808170318604,0.06345238536596298,0.006263060960918665,0.44839590787887573,4,False,0.7313518524169922,0.0
side,7.78,0,0.24936793744564056,-1.312325358390808,-3.3922998905181885,0.06345280259847641,0.0062642949633300304,0.4489237666130066,4,False,0.7313520908355713,0.0
side,7.8,0,0.2493675798177719,-1.3123719692230225,-3.3922836780548096,0.0634528324007988,0.006248623598366976,0.4482285678386688,4,False,0.731351375579834,0.0
side,7.82,0,0.24936750531196594,-1.31227707862854,-3.39225435256958,0.06345175951719284,0.006271569523960352,0.44837307929992676,4,False,0.7313521504402161,0.0
side,7.84,0,0.2493676096200943,-1.3123416900634766,-3.3922879695892334,0.06345271319150925,0.006277280393987894,0.4479408264160156,4,False,0.731351912021637,0.0
side,7.86,0,0.24936778843402863,-1.3123165369033813,-3.392251968383789,0.06345196813344955,0.00626645190641284,0.44874265789985657,4,False,0.7313517332077026,0.0
side,7.88,0,0.2493675798177719,-1.3123610019683838,-3.392284870147705,0.06345278769731522,0.006241074297577143,0.4481130540370941,4,False,0.7313534021377563,0.0
side,7.9,0,0.24936752021312714,-1.3123193979263306,-3.3922879695892334,0.0634525716304779,0.0062467255629599094,0.4486333131790161,4,False,0.7313523888587952,0.0
side,7.92,0,0.24936749041080475,-1.3123087882995605,-3.3922624588012695,0.0634520947933197,0.006254191044718027,0.44841331243515015,4,False,0.731352686882019,0.0
side,7.94,0,0.2493676394224167,-1.3123105764389038,-3.392241954803467,0.06345176696777344,0.006259524263441563,0.44865891337394714,4,False,0.7313510775566101,0.0
side,7.96,0,0.24936765432357788,-1.3123526573181152,-3.3922834396362305,0.06345270574092865,0.006261903326958418,0.4484767019748688,4,False,0.7313525080680847,0.0
side,7.98,0,0.2493676394224167,-1.3123811483383179,-3.3922853469848633,0.06345291435718536,0.0062606544233858585,0.4484390914440155,4,False,0.7313528060913086,0.0
side,8.0,0,0.24936750531196594,-1.3123027086257935,-3.3922767639160156,0.06345228850841522,0.006254197563976049,0.4481337368488312,4,False,0.7313525080680847,0.0
side,8.02,0,0.24936777353286743,-1.3123277425765991,-3.3922433853149414,0.06345190107822418,0.006265050731599331,0.4483107030391693,4,False,0.7313522696495056,0.0
side,8.040000000000001,0,0.24936747550964355,-1.3123244047164917,-3.392251968383789,0.06345202028751373,0.006239953450858593,0.4483243227005005,4,False,0.7313528060913086,0.0
side,8.06,0,0.24936747550964355,-1.3123477697372437,-3.3922524452209473,0.06345217674970627,0.006264513358473778,0.44826754927635193,4,False,0.7313520908355713,0.0
side,8.08,0,0.249367818236351,-1.3123197555541992,-3.3922646045684814,0.06345219165086746,0.006254898384213448,0.44846296310424805,4,False,0.731353223323822,0.0
side,8.1,0,0.2493676394224167,-1.3123250007629395,-3.39224910736084,0.06345197558403015,0.00623126607388258,0.4485151469707489,4,False,0.7313526272773743,0.0
side,8.120000000000001,0,0.2493673861026764,-1.3123176097869873,-3.392263174057007,0.06345216184854507,0.006268850062042475,0.44837817549705505,4,False,0.7313512563705444,0.0
side,8.14,0,0.249367818236351,-1.3123456239700317,-3.392289400100708,0.06345275789499283,0.006263836286962032,0.448219895362854,4,False,0.7313532829284668,0.0
side,8.16,0,0.2493676394224167,-1.312341570854187,-3.39229416847229,0.063452810049057,0.006235105451196432,0.44821736216545105,4,False,0.731353223323822,0.0
side,8.18,0,0.249367356300354,-1.312350869178772,-3.3923120498657227,0.06345315277576447,0.006244069430977106,0.44846782088279724,4,False,0.7313526272773743,0.0
side,8.2,0,0.249367818236351,-1.3122749328613281,-3.3923277854919434,0.06345293670892715,0.006251038052141666,0.4484143853187561,4,False,0.7313528060913086,0.0
side,8.22,0,0.24936766922473907,-1.312239408493042,-3.3921468257904053,0.06344977766275406,0.006241374649107456,0.44865721464157104,4,False,0.731351912021637,0.0
side,8.24,0,0.24936752021312714,-1.3121660947799683,-3.39221453666687,0.0634504184126854,0.0062540797516703606,0.4480452537536621,4,False,0.7313538193702698,0.0
side,8.26,0,0.24936789274215698,-1.312268853187561,-3.3922526836395264,0.06345168501138687,0.006257245317101479,0.44876226782798767,4,False,0.7313529253005981,0.0
side,8.28,0,0.2493676096200943,-1.3122859001159668,-3.3922176361083984,0.06345121562480927,0.006235530134290457,0.4484803378582001,4,False,0.7313530445098877,0.0
side,8.3,0,0.2493673413991928,-1.3122239112854004,-3.3922510147094727,0.0634513720870018,0.006264837458729744,0.4485240578651428,4,False,0.7313516736030579,0.0
side,8.32,0,0.24936793744564056,-1.3122631311416626,-3.3922677040100098,0.06345188617706299,0.0062724328599870205,0.4485515356063843,4,False,0.7313527464866638,0.0
side,8.34,0,0.24936769902706146,-1.312260627746582,-3.3922224044799805,0.0634511411190033,0.006248879246413708,0.44842541217803955,4,False,0.7313522100448608,0.0
side,8.36,0,0.24936749041080475,-1.3122578859329224,-3.392239809036255,0.06345140188932419,0.0062655434012413025,0.4481298327445984,4,False,0.731352686882019,0.0
side,8.38,0,0.24936772882938385,-1.3123009204864502,-3.392244577407837,0.06345175206661224,0.006260741036385298,0.44808316230773926,4,False,0.731351375579834,0.0
side,8.4,0,0.2493676096200943,-1.3121871948242188,-3.39223051071167,0.06345081329345703,0.006256183609366417,0.4487821161746979,4,False,0.7313523292541504,0.0
side,8.42,0,0.2493675947189331,-1.3123466968536377,-3.392263174057007,0.0634523406624794,0.0062433029524981976,0.44818010926246643,4,False,0.7313520908355713,0.0
side,8.44,0,0.2493676096200943,-1.312343716621399,-3.3922924995422363,0.06345279514789581,0.0062376051209867,0.4484299421310425,4,False,0.7313532829284668,0.0
side,8.46,0,0.2493675798177719,-1.3122775554656982,-3.3922581672668457,0.06345182657241821,0.0062393927946686745,0.4486686587333679,4,False,0.731351375579834,0.0
side,8.48,0,0.24936766922473907,-1.312265396118164,-3.392245292663574,0.06345153599977493,0.00625027809292078,0.44815152883529663,4,False,0.7313525080680847,0.0
side,8.5,0,0.2493676394224167,-1.3122706413269043,-3.392221212387085,0.06345118582248688,0.00624798983335495,0.4485344886779785,4,False,0.7313514351844788,0.0
side,8.52,0,0.24936749041080475,-1.3122494220733643,-3.3922770023345947,0.06345195323228836,0.0062563116662204266,0.448326051235199,4,False,0.7313532829284668,0.0
side,8.540000000000001,0,0.24936768412590027,-1.312363624572754,-3.3922812938690186,0.06345274299383163,0.006266293115913868,0.44852298498153687,4,False,0.7313524484634399,0.0
side,8.56,0,0.2493675798177719,-1.3122916221618652,-3.392277956008911,0.06345223635435104,0.006248906720429659,0.44847869873046875,4,False,0.7313540577888489,0.0
side,8.58,0,0.24936750531196594,-1.3123383522033691,-3.392296075820923,0.0634528249502182,0.006229375954717398,0.44847193360328674,4,False,0.7313529253005981,0.0
side,8.6,0,0.2493675947189331,-1.312325119972229,-3.3922603130340576,0.06345216184854507,0.00624977657571435,0.4481988549232483,4,False,0.7313525080680847,0.0
side,8.620000000000001,0,0.24936780333518982,-1.31221604347229,-3.3922030925750732,0.06345054507255554,0.00625352468341589,0.44905540347099304,4,False,0.7313518524169922,0.0
side,8.64,0,0.2493676245212555,-1.3122998476028442,-3.3922524452209473,0.0634518712759018,0.006239757873117924,0.44810950756073,4,False,0.7313520312309265,0.0
side,8.66,0,0.24936765432357788,-1.312283992767334,-3.3922648429870605,0.06345197558403015,0.006255866028368473,0.4482719302177429,4,False,0.7313521504402161,0.0
side,8.68,0,0.2493675947189331,-1.3123409748077393,-3.3922524452209473,0.06345213204622269,0.006249633617699146,0.44826462864875793,4,False,0.7313520908355713,0.0
side,8.700000000000001,0,0.24936772882938385,-1.3122531175613403,-3.392204999923706,0.06345080584287643,0.006254933774471283,0.4481767416000366,4,False,0.7313517332077026,0.0
side,8.72,0,0.24936766922473907,-1.3122789859771729,-3.3922536373138428,0.06345175951719284,0.00624488852918148,0.44839128851890564,4,False,0.7313525080680847,0.0
side,8.74,0,0.24936756491661072,-1.3123087882995605,-3.3923003673553467,0.06345270574092865,0.006245237309485674,0.44872573018074036,4,False,0.7313523292541504,0.0
side,8.76,0,0.2493676394224167,-1.3123421669006348,-3.392286777496338,0.06345269083976746,0.006257282570004463,0.44832688570022583,4,False,0.7313526272773743,0.0
side,8.78,0,0.24936756491661072,-1.3122566938400269,-3.392254590988159,0.06345164030790329,0.006252128630876541,0.44870179891586304,4,False,0.7313516736030579,0.0
side,8.8,0,0.24936753511428833,-1.3122953176498413,-3.3922934532165527,0.06345251202583313,0.006266791373491287,0.4486065208911896,4,False,0.7313523888587952,0.0
side,8.82,0,0.2493676245212555,-1.3123444318771362,-3.39228892326355,0.06345274299383163,0.006260874215513468,0.4482920169830322,4,False,0.7313523292541504,0.0
side,8.84,0,0.2493676394224167,-1.3122445344924927,-3.3922479152679443,0.06345145404338837,0.006269670091569424,0.44859328866004944,4,False,0.731351912021637,0.0
side,8.86,0,0.24936771392822266,-1.3122658729553223,-3.3922500610351562,0.0634516254067421,0.006264938972890377,0.4485667049884796,4,False,0.7313520908355713,0.0
side,8.88,0,0.24936756491661072,-1.3123167753219604,-3.392303705215454,0.063452810049057,0.006255532614886761,0.44868454337120056,4,False,0.7313521504402161,0.0
side,8.9,0,0.2493676394224167,-1.312353253364563,-3.3922882080078125,0.06345278769731522,0.006288116332143545,0.4484254717826843,4,False,0.7313529849052429,0.0
side,8.92,0,0.249367818236351,-1.312332272529602,-3.392284870147705,0.06345260143280029,0.006252582184970379,0.4484994411468506,4,False,0.7313522696495056,0.0
side,8.94,0,0.2493673712015152,-1.3123579025268555,-3.392322301864624,0.06345336884260178,0.006264433730393648,0.4485350251197815,4,False,0.7313518524169922,0.0
side,8.96,0,0.24936778843402863,-1.3123494386672974,-3.3923144340515137,0.06345319002866745,0.006266556680202484,0.44822946190834045,4,False,0.7313535213470459,0.0
side,8.98,0,0.24936765432357788,-1.3122888803482056,-3.392280340194702,0.06345225870609283,0.0062461537308990955,0.4488970935344696,4,False,0.7313518524169922,0.0
side,9.0,0,0.24936750531196594,-1.312391996383667,-3.3923141956329346,0.06345345079898834,0.006247124634683132,0.44822555780410767,4,False,0.7313525080680847,0.0
side,9.02,0,0.24936777353286743,-1.3123482465744019,-3.3922927379608154,0.0634528324007988,0.0062630316242575645,0.4486340284347534,4,False,0.7313522100448608,0.0
side,9.040000000000001,0,0.2493676394224167,-1.312341570854187,-3.3922581672668457,0.06345222890377045,0.006251828745007515,0.44855639338493347,4,False,0.7313523292541504,0.0
side,9.06,0,0.2493676245212555,-1.3123447895050049,-3.3922746181488037,0.06345251202583313,0.006269470322877169,0.4479679465293884,4,False,0.731351912021637,0.0
side,9.08,0,0.24936753511428833,-1.312314748764038,-3.3922677040100098,0.06345220655202866,0.006256719585508108,0.44863831996917725,4,False,0.7313536405563354,0.0
side,9.1,0,0.24936771392822266,-1.3122930526733398,-3.392235279083252,0.06345155090093613,0.006267338991165161,0.44847583770751953,4,False,0.7313530445098877,0.0
side,9.120000000000001,0,0.24936771392822266,-1.3123599290847778,-3.392282724380493,0.06345274299383163,0.006247332319617271,0.4483194947242737,4,False,0.7313532829284668,0.0
side,9.14,0,0.2493673712015152,-1.3123422861099243,-3.3923025131225586,0.06345295161008835,0.006254264153540134,0.4481605589389801,4,False,0.731351912021637,0.0
side,9.16,0,0.24936769902706146,-1.3123327493667603,-3.3922722339630127,0.06345240026712418,0.0062765078619122505,0.44829437136650085,4,False,0.7313526272773743,0.0
side,9.18,0,0.24936766922473907,-1.3123114109039307,-3.392228126525879,0.06345155090093613,0.006247802171856165,0.4485895037651062,4,False,0.7313514351844788,0.0
side,9.200000000000001,0,0.24936744570732117,-1.3123317956924438,-3.392282724380493,0.06345256417989731,0.006254909094423056,0.4480392634868622,4,False,0.7313528060913086,0.0
side,9.22,0,0.24936766922473907,-1.3122931718826294,-3.3922510147094727,0.06345180422067642,0.006253775674849749,0.44846484065055847,4,False,0.7313520312309265,0.0
side,9.24,0,0.24936765432357788,-1.3122788667678833,-3.392253875732422,0.06345176696777344,0.006236634682863951,0.44814592599868774,4,False,0.7313542366027832,0.0
side,9.26,0,0.24936750531196594,-1.312214732170105,-3.3922088146209717,0.06345062702894211,0.0062432801350951195,0.44907745718955994,4,False,0.7313512563705444,0.0
side,9.28,0,0.2493678331375122,-1.3122658729553223,-3.3922688961029053,0.06345192342996597,0.006256158463656902,0.4488646388053894,4,False,0.7313516736030579,0.0
side,9.3,0,0.24936774373054504,-1.312381386756897,-3.392331123352051,0.06345366686582565,0.006243857555091381,0.44878706336021423,4,False,0.7313514947891235,0.0
side,9.32,0,0.24936768412590027,-1.3123292922973633,-3.392300844192505,0.06345284730195999,0.006267858669161797,0.448525607585907,4,False,0.7313517332077026,0.0
side,9.34,0,0.24936771392822266,-1.3123500347137451,-3.392277956008911,0.06345260143280029,0.0062605878338217735,0.4483351409435272,4,False,0.7313523888587952,0.0
side,9.36,0,0.24936772882938385,-1.3122764825820923,-3.3922338485717773,0.06345143169164658,0.006254483014345169,0.4486614763736725,4,False,0.7313525676727295,0.0
side,9.38,0,0.24936765432357788,-1.312320351600647,-3.3922760486602783,0.06345238536596298,0.006263828836381435,0.4486984312534332,4,False,0.7313523888587952,0.0
side,9.4,0,0.2493676096200943,-1.3123983144760132,-3.3923048973083496,0.06345334649085999,0.006269088014960289,0.44870203733444214,4,False,0.7313506603240967,0.0
side,9.42,0,0.2493678629398346,-1.3124054670333862,-3.392303466796875,0.06345336139202118,0.006281336769461632,0.44824686646461487,4,False,0.7313534021377563,0.0
side,9.44,0,0.2493676245212555,-1.3123483657836914,-3.392258644104004,0.06345227360725403,0.006248208694159985,0.44870004057884216,4,False,0.7313516736030579,0.0
side,9.46,0,0.2493676394224167,-1.3123644590377808,-3.392331123352051,0.0634535625576973,0.006269766017794609,0.44785764813423157,4,False,0.7313523888587952,0.0
side,9.48,0,0.2493678480386734,-1.3123669624328613,-3.3922677040100098,0.06345253437757492,0.006248298101127148,0.4485771656036377,4,False,0.7313525080680847,0.0
side,9.5,0,0.24936753511428833,-1.3122206926345825,-3.39223313331604,0.06345105916261673,0.006237151566892862,0.4484423100948334,4,False,0.7313529849052429,0.0
side,9.52,0,0.24936756491661072,-1.3121742010116577,-3.392193078994751,0.06345012038946152,0.0062632206827402115,0.4484805464744568,4,False,0.7313526272773743,0.0
side,9.540000000000001,0,0.24936774373054504,-1.3122408390045166,-3.39218807220459,0.06345045566558838,0.006272307131439447,0.44837936758995056,4,False,0.7313512563705444,0.0
side,9.56,0,0.24936772882938385,-1.31234872341156,-3.392256021499634,0.06345223635435104,0.006258497014641762,0.4482565224170685,4,False,0.731353223323822,0.0
side,9.58,0,0.24936753511428833,-1.3124138116836548,-3.392327070236206,0.0634538009762764,0.006230681668967009,0.44861239194869995,4,False,0.7313536405563354,0.0
side,9.6,0,0.24936755001544952,-1.3123341798782349,-3.3923346996307373,0.06345342844724655,0.006236088927835226,0.4483427405357361,4,False,0.7313516139984131,0.0
side,9.620000000000001,0,0.2493676096200943,-1.3121892213821411,-3.3921382427215576,0.06344932317733765,0.006266442593187094,0.44839951395988464,4,False,0.7313507795333862,0.0
side,9.64,0,0.2493675798177719,-1.312069296836853,-3.392141103744507,0.06344861537218094,0.006278358865529299,0.44812265038490295,4,False,0.7313527464866638,0.0
side,9.66,0,0.24936775863170624,-1.3122789859771729,-3.3922154903411865,0.0634511411190033,0.006260210182517767,0.4483207166194916,4,False,0.7313523888587952,0.0
side,9.68,0,0.24936766922473907,-1.3123972415924072,-3.3922975063323975,0.06345321238040924,0.006232354789972305,0.44832271337509155,4,False,0.7313529849052429,0.0
side,9.700000000000001,0,0.2493673712015152,-1.3123981952667236,-3.392319679260254,0.06345357745885849,0.006228168494999409,0.4483076333999634,4,False,0.7313525080680847,0.0
side,9.72,0,0.24936756491661072,-1.312328815460205,-3.3922698497772217,0.0634523332118988,0.006243652198463678,0.44856950640678406,4,False,0.7313525080680847,0.0
side,9.74,0,0.24936780333518982,-1.3121793270111084,-3.3921711444854736,0.06344979256391525,0.0062721772119402885,0.4487607181072235,4,False,0.7313514947891235,0.0
side,9.76,0,0.24936768412590027,-1.3122525215148926,-3.3922245502471924,0.0634511262178421,0.006258600391447544,0.4484494626522064,4,False,0.7313531637191772,0.0
side,9.78,0,0.2493676096200943,-1.312421441078186,-3.3923680782318115,0.0634545162320137,0.006248002871870995,0.44850045442581177,4,False,0.7313529253005981,0.0
side,9.8,0,0.24936750531196594,-1.312440276145935,-3.3923542499542236,0.06345441192388535,0.006232321262359619,0.4484599530696869,4,False,0.7313527464866638,0.0
side,9.82,0,0.24936747550964355,-1.3122506141662598,-3.3922336101531982,0.06345126032829285,0.006264044903218746,0.44864529371261597,4,False,0.7313507199287415,0.0
side,9.84,0,0.24936771392822266,-1.312172770500183,-3.392194986343384,0.06345014274120331,0.0062796128913760185,0.4486246407032013,4,False,0.7313531637191772,0.0
side,9.86,0,0.2493678480386734,-1.3123339414596558,-3.3922715187072754,0.06345240026712418,0.006247182376682758,0.4480173587799072,4,False,0.731352686882019,0.0
side,9.88,0,0.24936755001544952,-1.3124088048934937,-3.392324924468994,0.06345373392105103,0.006240899674594402,0.4487368166446686,4,False,0.7313523888587952,0.0
side,9.9,0,0.24936747550964355,-1.3123728036880493,-3.392282247543335,0.063452810049057,0.006255747750401497,0.44825947284698486,4,False,0.7313530445098877,0.0
side,9.92,0,0.24936775863170624,-1.3122872114181519,-3.392238140106201,0.06345156580209732,0.006251047365367413,0.4486413896083832,4,False,0.7313526272773743,0.0
side,9.94,0,0.24936772882938385,-1.3122376203536987,-3.392256498336792,0.06345155090093613,0.006240499205887318,0.44871383905410767,4,False,0.7313528060913086,0.0
side,9.96,0,0.2493675798177719,-1.3122204542160034,-3.392218828201294,0.06345082819461823,0.0062638395465910435,0.4486211836338043,4,False,0.7313514947891235,0.0
side,9.98,0,0.2493676394224167,-1.312273621559143,-3.3922345638275146,0.06345142424106598,0.006269862409681082,0.44820040464401245,4,False,0.731353223323822,0.0
side,10.0,0,0.2493676394224167,-1.312441110610962,-3.3923089504241943,0.06345367431640625,0.006217796355485916,0.44848009943962097,4,False,0.7313538789749146,0.0
side,10.02,0,0.24936740100383759,-1.312355875968933,-3.392343521118164,0.06345370411872864,0.006233961321413517,0.44878071546554565,4,False,0.7313512563705444,0.0
side,10.040000000000001,0,0.2493675947189331,-1.3122256994247437,-3.392202615737915,0.06345059722661972,0.006277419626712799,0.44865167140960693,4,False,0.7313507199287415,0.0
side,10.06,0,0.2493678331375122,-1.3122661113739014,-3.3922431468963623,0.06345151364803314,0.006261867471039295,0.44807952642440796,4,False,0.7313544750213623,0.0
side,10.08,0,0.2493676245212555,-1.3123462200164795,-3.3922603130340576,0.06345228850841522,0.006239933427423239,0.44827523827552795,4,False,0.7313516139984131,0.0
side,10.1,0,0.24936740100383759,-1.3123095035552979,-3.3922860622406006,0.06345248222351074,0.006256723776459694,0.44826972484588623,4,False,0.7313530445098877,0.0
side,10.120000000000001,0,0.24936780333518982,-1.3123189210891724,-3.3922460079193115,0.06345188617706299,0.0062521095387637615,0.44860967993736267,4,False,0.7313529849052429,0.0
side,10.14,0,0.24936766922473907,-1.3123059272766113,-3.3922719955444336,0.06345222890377045,0.006220677867531776,0.44855859875679016,4,False,0.7313531637191772,0.0
side,10.16,0,0.24936740100383759,-1.3122886419296265,-3.3922476768493652,0.06345172226428986,0.006251997780054808,0.44845905900001526,4,False,0.7313511967658997,0.0
side,10.18,0,0.2493676394224167,-1.3123221397399902,-3.3922412395477295,0.06345182657241821,0.006261122412979603,0.4483751654624939,4,False,0.7313528060913086,0.0
side,10.200000000000001,0,0.24936766922473907,-1.312264323234558,-3.3922410011291504,0.06345146149396896,0.0062626684084534645,0.44855907559394836,4,False,0.7313516139984131,0.0
side,10.22,0,0.24936747550964355,-1.3122361898422241,-3.3922553062438965,0.06345151364803314,0.006251294165849686,0.44820645451545715,4,False,0.7313525676727295,0.0
side,10.24,0,0.2493676394224167,-1.312300682067871,-3.3922502994537354,0.0634518414735794,0.006275001913309097,0.44817712903022766,4,False,0.7313520312309265,0.0
side,10.26,0,0.24936775863170624,-1.3123682737350464,-3.392280340194702,0.06345275789499283,0.006252276245504618,0.4485546052455902,4,False,0.7313525080680847,0.0
side,10.28,0,0.24936753511428833,-1.3123321533203125,-3.392301559448242,0.06345287710428238,0.006257669068872929,0.4485693573951721,4,False,0.7313516736030579,0.0
side,10.3,0,0.24936756491661072,-1.3122732639312744,-3.392253875732422,0.06345172971487045,0.00627887574955821,0.44832971692085266,4,False,0.7313532829284668,0.0
side,10.32,0,0.24936775863170624,-1.312315583229065,-3.3922653198242188,0.06345217674970627,0.006248516030609608,0.4486050605773926,4,False,0.7313535213470459,0.0
side,10.34,0,0.24936746060848236,-1.312366008758545,-3.3923070430755615,0.06345317512750626,0.006240900605916977,0.4481716752052307,4,False,0.7313534617424011,0.0
side,10.36,0,0.24936756491661072,-1.3122714757919312,-3.392275810241699,0.06345207244157791,0.006253468804061413,0.4484248757362366,4,False,0.7313525080680847,0.0
side,10.38,0,0.24936769902706146,-1.3123172521591187,-3.392256736755371,0.06345205008983612,0.006241871044039726,0.448795348405838,4,False,0.731351912021637,0.0
side,10.4,0,0.2493676394224167,-1.3122947216033936,-3.392287492752075,0.06345240771770477,0.0062552993185818195,0.4485933780670166,4,False,0.7313530445098877,0.0
side,10.42,0,0.24936774373054504,-1.3123092651367188,-3.3922438621520996,0.06345178931951523,0.006252933293581009,0.4481067359447479,4,False,0.731352686882019,0.0
side,10.44,0,0.2493676245212555,-1.312245488166809,-3.3922388553619385,0.06345131248235703,0.00625096820294857,0.4489282965660095,4,False,0.7313518524169922,0.0
side,10.46,0,0.24936765432357788,-1.3124028444290161,-3.392266035079956,0.06345274299383163,0.006256136577576399,0.4481859505176544,4,False,0.7313526272773743,0.0
side,10.48,0,0.24936755001544952,-1.3123517036437988,-3.3922603130340576,0.0634523332118988,0.0062560709193348885,0.44834104180336,4,False,0.7313521504402161,0.0
side,10.5,0,0.24936756491661072,-1.3122940063476562,-3.3922698497772217,0.0634521096944809,0.006256218533962965,0.4484550952911377,4,False,0.7313522100448608,0.0
side,10.52,0,0.24936772882938385,-1.3123975992202759,-3.3923120498657227,0.06345345079898834,0.0062545775435864925,0.4482024908065796,4,False,0.7313530445098877,0.0
side,10.540000000000001,0,0.24936777353286743,-1.3123537302017212,-3.3922812938690186,0.06345267593860626,0.006238780915737152,0.44895264506340027,4,False,0.7313516139984131,0.0
side,10.56,0,0.24936750531196594,-1.312277913093567,-3.392225980758667,0.06345130503177643,0.00623736809939146,0.44811561703681946,4,False,0.731352686882019,0.0
side,10.58,0,0.24936777353286743,-1.3121919631958008,-3.3922088146209717,0.06345048546791077,0.006267954129725695,0.44852352142333984,4,False,0.731352686882019,0.0
side,10.6,0,0.2493678629398346,-1.3122566938400269,-3.3922860622406006,0.06345214694738388,0.006241925992071629,0.4484349489212036,4,False,0.7313530445098877,0.0
side,10.620000000000001,0,0.24936743080615997,-1.3123059272766113,-3.3922600746154785,0.06345203518867493,0.006242567673325539,0.44854041934013367,4,False,0.7313521504402161,0.0
side,10.64,0,0.24936750531196594,-1.3122514486312866,-3.392241954803467,0.06345140188932419,0.006275710184127092,0.44832298159599304,4,False,0.7313526272773743,0.0
side,10.66,0,0.24936775863170624,-1.312294363975525,-3.392245292663574,0.06345171481370926,0.006256813183426857,0.44847944378852844,4,False,0.731353223323822,0.0
side,10.68,0,0.24936753511428833,-1.3122750520706177,-3.392258644104004,0.06345181912183762,0.006252991035580635,0.44842493534088135,4,False,0.7313523888587952,0.0
side,10.700000000000001,0,0.24936746060848236,-1.3123358488082886,-3.3922789096832275,0.06345252692699432,0.006265002302825451,0.4478707015514374,4,False,0.7313528060913086,0.0
side,10.72,0,0.24936777353286743,-1.3122732639312744,-3.3922369480133057,0.06345145404338837,0.006262499839067459,0.4485713243484497,4,False,0.7313511967658997,0.0
side,10.74,0,0.24936756491661072,-1.3123348951339722,-3.3922624588012695,0.06345225125551224,0.006249755155295134,0.448622465133667,4,False,0.7313522100448608,0.0
side,10.76,0,0.24936756491661072,-1.312363862991333,-3.3923165798187256,0.0634533166885376,0.006257800851017237,0.4484638571739197,4,False,0.7313523292541504,0.0
side,10.78,0,0.2493676245212555,-1.3123458623886108,-3.392256736755371,0.06345222890377045,0.006266144569963217,0.4483654797077179,4,False,0.7313531041145325,0.0
side,10.8,0,0.2493678629398346,-1.312270998954773,-3.3922464847564697,0.06345159560441971,0.006269697565585375,0.4487360417842865,4,False,0.7313523292541504,0.0
side,10.82,0,0.24936778843402863,-1.3123987913131714,-3.392338275909424,0.06345389038324356,0.006244686432182789,0.448343425989151,4,False,0.7313534021377563,0.0
side,10.84,0,0.2493673413991928,-1.3123189210891724,-3.3923304080963135,0.06345325708389282,0.006270012352615595,0.4487124979496002,4,False,0.731351912021637,0.0
side,10.86,0,0.2493678480386734,-1.3123904466629028,-3.3922934532165527,0.06345310807228088,0.00626418786123395,0.4483788013458252,4,False,0.7313535213470459,0.0
side,10.88,0,0.24936777353286743,-1.312325358390808,-3.392241954803467,0.0634518563747406,0.006235518027096987,0.4485856592655182,4,False,0.7313531637191772,0.0
side,10.9,0,0.24936741590499878,-1.3122475147247314,-3.392246723175049,0.06345144659280777,0.006246122997254133,0.4481159448623657,4,False,0.7313534021377563,0.0
side,10.92,0,0.24936774373054504,-1.312160849571228,-3.392190456390381,0.06344999372959137,0.006269815377891064,0.448544442653656,4,False,0.7313526272773743,0.0
side,10.94,0,0.249367818236351,-1.312242865562439,-3.3922133445739746,0.0634508803486824,0.0062512606382369995,0.4485783576965332,4,False,0.7313523292541504,0.0
side,10.96,0,0.24936755001544952,-1.312343955039978,-3.392284631729126,0.06345266848802567,0.006239886861294508,0.44831982254981995,4,False,0.7313527464866638,0.0
side,10.98,0,0.24936750531196594,-1.312362790107727,-3.3923022747039795,0.0634530708193779,0.0062699466943740845,0.44816291332244873,4,False,0.7313525676727295,0.0
side,11.0,0,0.24936780333518982,-1.3123188018798828,-3.3922719955444336,0.06345230340957642,0.006257052533328533,0.4484286904335022,4,False,0.7313527464866638,0.0
fore_aft,0.02,0,0.7228953242301941,4.033623695373535,-21.14221954345703,0.3723512589931488,0.14774498343467712,1.4396893978118896,0,False,0.15152059495449066,0.0
fore_aft,0.04,0,0.7151593565940857,0.3338886499404907,-21.126483917236328,0.36667901277542114,0.5364769101142883,3.574385166168213,0,False,0.3185182511806488,0.0
fore_aft,0.06,0,0.7023865580558777,2.350797176361084,-21.239818572998047,0.3704303205013275,0.7185483574867249,2.862898588180542,0,False,0.45074722170829773,0.0
fore_aft,0.08,0,0.6862151622772217,4.870730876922607,-21.158876419067383,0.3750944435596466,0.8710607290267944,1.2533563375473022,0,False,0.5147945284843445,0.0
fore_aft,0.1,0,0.6677008271217346,5.1432061195373535,-20.91872787475586,0.37201112508773804,0.9665918946266174,0.5784031748771667,0,False,0.5434258580207825,0.0
fore_aft,0.12,0,0.6467707753181458,4.372373104095459,-20.312536239624023,0.35941269993782043,1.1205798387527466,1.4853869676589966,0,False,0.5576292872428894,0.0
fore_aft,0.14,0,0.6211954355239868,4.449697971343994,-19.608652114868164,0.34789106249809265,1.3968687057495117,0.839842677116394,0,False,0.5842655301094055,0.0
fore_aft,0.16,0,0.59086012840271,4.549826622009277,-19.350643157958984,0.3439178764820099,1.5988342761993408,0.45325082540512085,0,False,0.6140323877334595,0.0
fore_aft,0.18,0,0.556968092918396,4.333498477935791,-19.31683349609375,0.34263694286346436,1.7532373666763306,0.6162092685699463,0,False,0.62929767370224,0.0
fore_aft,0.2,0,0.5198397636413574,4.006993293762207,-19.205692291259766,0.33975210785865784,1.9260669946670532,0.6963254809379578,0,False,0.6367575526237488,0.0
fore_aft,0.22,0,0.4788191616535187,3.590134620666504,-19.103811264038086,0.33683571219444275,2.1299073696136475,0.6679736375808716,0,False,0.643673300743103,0.0
fore_aft,0.24,0,0.4336632788181305,3.2297937870025635,-19.055444717407227,0.3350778818130493,2.338038444519043,0.4745924770832062,0,False,0.6524584293365479,0.0
fore_aft,0.26,0,0.3856792747974396,3.147404432296753,-18.613664627075195,0.32738927006721497,2.4172704219818115,1.1300711631774902,1,False,0.6624760627746582,0.0
fore_aft,0.28,0,0.3378632962703705,3.384734630584717,-16.20265007019043,0.2872776985168457,2.4530692100524902,2.8178718090057373,1,False,0.6755194067955017,0.0
fore_aft,0.3,0,0.290699303150177,2.112187147140503,-12.136412620544434,0.2144065499305725,2.418367624282837,5.103059768676758,2,False,0.6964239478111267,0.0
fore_aft,0.32,0,0.24535182118415833,-0.7132166624069214,-6.443316459655762,0.11307214200496674,2.2844254970550537,5.823415756225586,3,False,0.7116687893867493,0.0
fore_aft,0.34,0,0.20485371351242065,-3.798955202102661,-2.6378958225250244,0.08062274754047394,1.0876587629318237,13.5889310836792,2,False,0.7587559223175049,0.0
fore_aft,0.36,0,0.18625451624393463,-6.370455741882324,-3.7294373512268066,0.12847955524921417,0.9422669410705566,2.7528157234191895,2,False,0.8525633811950684,0.0
fore_aft,0.38,0,0.17667150497436523,-9.483148574829102,-1.1495084762573242,0.16648732125759125,0.5757992267608643,2.9205567836761475,2,False,0.8940918445587158,0.0
fore_aft,0.4,0,0.17452742159366608,-9.817585945129395,-0.04659337177872658,0.17114152014255524,0.337750643491745,1.5637482404708862,2,False,0.9018123149871826,0.0
fore_aft,0.42,0,0.17558643221855164,-8.665523529052734,0.3837123513221741,0.15124115347862244,0.22441373765468597,3.0034658908843994,2,False,0.8883056044578552,0.0
fore_aft,0.44,0,0.17868897318840027,-6.9035325050354,0.4252076745033264,0.12064004689455032,0.21000708639621735,2.0909972190856934,3,False,0.8652905821800232,0.0
fore_aft,0.46,0,0.18139418959617615,-5.695720195770264,0.3749402165412903,0.09958022087812424,0.15214604139328003,0.22142423689365387,3,False,0.8568394184112549,0.0
fore_aft,0.48,0,0.1845049411058426,-5.939733028411865,0.607685387134552,0.10415421426296234,0.15816259384155273,0.7438465356826782,4,False,0.8517802953720093,0.0
fore_aft,0.5,0,0.18845604360103607,-5.762286186218262,0.7209941148757935,0.10130122303962708,0.2335382103919983,0.9231163859367371,4,False,0.8447181582450867,0.0
fore_aft,0.52,0,0.19377735257148743,-5.943787097930908,0.6551685929298401,0.10431068390607834,0.3202972710132599,1.0481679439544678,4,False,0.8338324427604675,0.0
fore_aft,0.54,0,0.2003072053194046,-6.557905197143555,0.5475431680679321,0.11478529870510101,0.38852864503860474,1.2521041631698608,4,False,0.8208925127983093,0.0
fore_aft,0.56,0,0.20749063789844513,-7.162162780761719,0.46511363983154297,0.12517930567264557,0.42440396547317505,1.3059310913085938,4,False,0.8074783682823181,0.0
fore_aft,0.58,0,0.21468669176101685,-7.6198811531066895,0.41593843698501587,0.13308697938919067,0.4325089752674103,1.2813403606414795,4,False,0.7947058081626892,0.0
fore_aft,0.6,0,0.2213473618030548,-7.8895792961120605,0.3714960515499115,0.13773879408836365,0.426149845123291,1.1133983135223389,4,False,0.7836288213729858,0.0
fore_aft,0.62,0,0.22711041569709778,-8.064805030822754,0.3142290711402893,0.14074496924877167,0.4114501178264618,0.9834072589874268,4,False,0.7741947770118713,0.0
fore_aft,0.64,0,0.23163971304893494,-8.385323524475098,0.20987194776535034,0.14626534283161163,0.38311517238616943,0.9754449725151062,4,False,0.7660443186759949,0.0
fore_aft,0.66,0,0.23499935865402222,-8.876745223999023,-0.018072234466671944,0.15477383136749268,0.3274472951889038,1.111872911453247,3,False,0.7601612210273743,0.0
fore_aft,0.68,0,0.23732104897499084,-9.160125732421875,-0.42363935708999634,0.1598687618970871,0.26054662466049194,1.0383021831512451,3,False,0.7567818760871887,0.0
fore_aft,0.7000000000000001,0,0.23841911554336548,-9.466282844543457,-0.9100286960601807,0.1657618284225464,0.19798336923122406,0.9263646006584167,3,False,0.7546835541725159,0.0
fore_aft,0.72,0,0.2381080836057663,-10.163850784301758,-1.4818862676620483,0.1789514720439911,0.1597680002450943,0.8009387254714966,3,False,0.7535253763198853,0.0
fore_aft,0.74,0,0.23680295050144196,-10.468146324157715,-2.1282126903533936,0.1860099732875824,0.13597039878368378,0.7857754230499268,3,False,0.7539474964141846,0.0
fore_aft,0.76,0,0.23472000658512115,-10.497211456298828,-2.774040460586548,0.18894584476947784,0.13048847019672394,0.7882483601570129,3,False,0.756084680557251,0.0
fore_aft,0.78,0,0.2321530282497406,-10.714350700378418,-3.377445936203003,0.1953536570072174,0.11380993574857712,0.9772680997848511,4,False,0.7585123777389526,0.0
fore_aft,0.8,0,0.23159964382648468,-11.523109436035156,-3.7785542011260986,0.21071799099445343,0.07238105684518814,0.7777075171470642,4,False,0.7570081949234009,0.0
fore_aft,0.8200000000000001,0,0.2322324812412262,-11.791516304016113,-3.9770984649658203,0.21615538001060486,0.05392925441265106,0.281716525554657,4,False,0.7575644850730896,0.0
fore_aft,0.84,0,0.2325064241886139,-11.910818099975586,-4.035869121551514,0.2184188812971115,0.044441014528274536,0.22481775283813477,3,False,0.7568894624710083,0.0
fore_aft,0.86,0,0.2321946620941162,-12.09914493560791,-4.107142925262451,0.22187748551368713,0.029888682067394257,0.21190835535526276,4,False,0.75612473487854,0.0
fore_aft,0.88,0,0.23186202347278595,-12.32368278503418,-4.292384624481201,0.22653260827064514,0.011194581165909767,0.3780324459075928,4,False,0.7564073801040649,0.0
fore_aft,0.9,0,0.23183897137641907,-12.513738632202148,-4.416097640991211,0.230298712849617,0.015020870603621006,0.1913895457983017,4,False,0.7565306425094604,0.0
fore_aft,0.92,0,0.23177962005138397,-12.576601028442383,-4.445492267608643,0.23148177564144135,0.012111157178878784,0.108026884496212,4,False,0.7562448978424072,0.0
fore_aft,0.9400000000000001,0,0.23170922696590424,-12.630962371826172,-4.47577428817749,0.23253116011619568,0.013180119916796684,0.15366022288799286,4,False,0.7558256387710571,0.0
fore_aft,0.96,0,0.2317177951335907,-12.702884674072266,-4.519316673278809,0.23393841087818146,0.013705548830330372,0.13633693754673004,4,False,0.7558305859565735,0.0
fore_aft,0.98,0,0.23164895176887512,-12.777318000793457,-4.564823150634766,0.23539714515209198,0.00846187025308609,0.144956573843956,4,False,0.7558799386024475,0.0
fore_aft,1.0,0,0.23153458535671234,-12.82794189453125,-4.604072093963623,0.23643483221530914,0.006170600652694702,0.1412273794412613,4,False,0.7559100985527039,0.0
fore_aft,1.02,0,0.23153510689735413,-12.857294082641602,-4.621660232543945,0.23700812458992004,0.011352723464369774,0.12590287625789642,4,False,0.7558476328849792,0.0
fore_aft,1.04,0,0.23157699406147003,-12.872529983520508,-4.625484466552734,0.23727650940418243,0.009738989174365997,0.10079822689294815,4,False,0.7557235956192017,0.0
fore_aft,1.06,0,0.23154963552951813,-12.889497756958008,-4.633995056152344,0.23759879171848297,0.00692732585594058,0.10758006572723389,4,False,0.7556113004684448,0.0
fore_aft,1.08,0,0.23150423169136047,-12.915689468383789,-4.652617931365967,0.23812641203403473,0.008521120063960552,0.12007143348455429,4,False,0.755660355091095,0.0
fore_aft,1.1,0,0.2314891517162323,-12.941350936889648,-4.670210361480713,0.23863978683948517,0.008388631045818329,0.1189114898443222,4,False,0.7557436227798462,0.0
fore_aft,1.12,0,0.23148228228092194,-12.953291893005371,-4.677512168884277,0.23887379467487335,0.007568097207695246,0.10664743185043335,4,False,0.7556977272033691,0.0
fore_aft,1.1400000000000001,0,0.23148052394390106,-12.959872245788574,-4.681101322174072,0.2390003502368927,0.00793278869241476,0.09965097904205322,4,False,0.7555716633796692,0.0
fore_aft,1.16,0,0.23148420453071594,-12.971318244934082,-4.687778472900391,0.23922286927700043,0.008543902076780796,0.10835341364145279,4,False,0.7555997967720032,0.0
fore_aft,1.18,0,0.23146690428256989,-12.979496955871582,-4.692986965179443,0.23938429355621338,0.0073347194120287895,0.10178332775831223,4,False,0.7556464076042175,0.0
fore_aft,1.2,0,0.23145020008087158,-12.985329627990723,-4.698212146759033,0.2395077347755432,0.007561292964965105,0.10811301320791245,4,False,0.7556467056274414,0.0
fore_aft,1.22,0,0.23146015405654907,-12.987760543823242,-4.699250221252441,0.23955290019512177,0.008492647670209408,0.10183635354042053,4,False,0.7556106448173523,0.0
fore_aft,1.24,0,0.23146960139274597,-12.987857818603516,-4.697558403015137,0.23954510688781738,0.007914864458143711,0.09850165992975235,4,False,0.7555819749832153,0.0
fore_aft,1.26,0,0.23145966231822968,-12.9916410446167,-4.699823379516602,0.23961898684501648,0.007436664775013924,0.10234889388084412,4,False,0.7555797100067139,0.0
fore_aft,1.28,0,0.2314489334821701,-12.997925758361816,-4.7049479484558105,0.2397492527961731,0.007824021391570568,0.10527951270341873,4,False,0.7556055188179016,0.0
fore_aft,1.3,0,0.23144687712192535,-13.00178337097168,-4.708130359649658,0.2398293912410736,0.007645438425242901,0.0996289774775505,4,False,0.7556078433990479,0.0
fore_aft,1.32,0,0.2314450442790985,-12.999756813049316,-4.707763671875,0.2397945076227188,0.0078108287416398525,0.10042768716812134,4,False,0.755609929561615,0.0
fore_aft,1.34,0,0.2314474731683731,-13.000968933105469,-4.706673622131348,0.2398081123828888,0.00792485661804676,0.10162554681301117,4,False,0.7555806636810303,0.0
fore_aft,1.36,0,0.23144777119159698,-13.002389907836914,-4.7082719802856445,0.23984001576900482,0.007712253835052252,0.09943990409374237,4,False,0.7555873394012451,0.0
fore_aft,1.3800000000000001,0,0.23144373297691345,-13.004556655883789,-4.709765434265137,0.2398834079504013,0.007700614631175995,0.1021805927157402,4,False,0.7555922269821167,0.0
fore_aft,1.4000000000000001,0,0.23144124448299408,-13.004857063293457,-4.710074424743652,0.2398899644613266,0.00783035159111023,0.09996125102043152,4,False,0.7555983066558838,0.0
fore_aft,1.42,0,0.23144316673278809,-13.004634857177734,-4.709961891174316,0.23988574743270874,0.00786422286182642,0.1007644385099411,4,False,0.7555992007255554,0.0
fore_aft,1.44,0,0.2314450591802597,-13.004106521606445,-4.709444522857666,0.23987433314323425,0.0077436575666069984,0.09964997321367264,4,False,0.7555897831916809,0.0
fore_aft,1.46,0,0.23144492506980896,-13.003623008728027,-4.709029197692871,0.23986420035362244,0.007794390898197889,0.09958922117948532,4,False,0.7555839419364929,0.0
fore_aft,1.48,0,0.23144450783729553,-13.004252433776855,-4.709380149841309,0.23987634479999542,0.007846126332879066,0.1006396934390068,4,False,0.7555907368659973,0.0
fore_aft,1.5,0,0.23144316673278809,-13.004982948303223,-4.709958553314209,0.23989138007164001,0.007723827380686998,0.1006464958190918,4,False,0.7555974721908569,0.0
fore_aft,1.52,0,0.23144222795963287,-13.005199432373047,-4.710214138031006,0.2398962825536728,0.007759205065667629,0.10063733160495758,4,False,0.7555926442146301,0.0
fore_aft,1.54,0,0.23144370317459106,-13.004843711853027,-4.709934711456299,0.239888995885849,0.007845495827496052,0.09976185858249664,4,False,0.7555909752845764,0.0
fore_aft,1.56,0,0.2314445972442627,-13.004687309265137,-4.709638595581055,0.23988480865955353,0.0077896700240671635,0.10033076256513596,4,False,0.7555900812149048,0.0
fore_aft,1.58,0,0.23144374787807465,-13.004631042480469,-4.709715366363525,0.23988433182239532,0.007748481817543507,0.10021284222602844,4,False,0.7555918097496033,0.0
fore_aft,1.6,0,0.2314431071281433,-13.004823684692383,-4.7098541259765625,0.2398882359266281,0.0077988216653466225,0.10061308741569519,4,False,0.7555915117263794,0.0
fore_aft,1.62,0,0.23144333064556122,-13.004849433898926,-4.709934234619141,0.23988908529281616,0.007817646488547325,0.10013782232999802,4,False,0.7555938363075256,0.0
fore_aft,1.6400000000000001,0,0.23144365847110748,-13.004783630371094,-4.70984411239624,0.2398875206708908,0.007769951596856117,0.10014156997203827,4,False,0.755591630935669,0.0
fore_aft,1.6600000000000001,0,0.2314435988664627,-13.004781723022461,-4.709781646728516,0.23988714814186096,0.007783974055200815,0.1001463308930397,4,False,0.7555887699127197,0.0
fore_aft,1.68,0,0.2314438819885254,-13.004712104797363,-4.709878921508789,0.2398865520954132,0.007804285269230604,0.09981095045804977,4,False,0.7555917501449585,0.0
fore_aft,1.7,0,0.23144353926181793,-13.004945755004883,-4.709865093231201,0.23989027738571167,0.007781799882650375,0.10054278373718262,4,False,0.7555906176567078,0.0
fore_aft,1.72,0,0.2314431518316269,-13.00490951538086,-4.709949970245361,0.23989014327526093,0.007808460853993893,0.10000171512365341,4,False,0.7555912733078003,0.0
fore_aft,1.74,0,0.23144330084323883,-13.005025863647461,-4.709988117218018,0.23989224433898926,0.007821859791874886,0.10028491914272308,4,False,0.7555919885635376,0.0
fore_aft,1.76,0,0.23144331574440002,-13.004964828491211,-4.7099833488464355,0.23989123106002808,0.007808617316186428,0.099932000041008,4,False,0.7555922865867615,0.0
fore_aft,1.78,0,0.23144350945949554,-13.005008697509766,-4.709999084472656,0.23989205062389374,0.007807532325387001,0.1002405509352684,4,False,0.7555914521217346,0.0
fore_aft,1.8,0,0.23144353926181793,-13.004976272583008,-4.709990978240967,0.23989145457744598,0.007801557891070843,0.10029978305101395,4,False,0.7555907368659973,0.0
fore_aft,1.82,0,0.23144328594207764,-13.00499153137207,-4.709934711456299,0.2398913949728012,0.007802819367498159,0.10006111860275269,4,False,0.7555915117263794,0.0
fore_aft,1.84,0,0.23144325613975525,-13.004925727844238,-4.709961891174316,0.23989048600196838,0.007822050713002682,0.10012998431921005,4,False,0.7555922865867615,0.0
fore_aft,1.86,0,0.2314435839653015,-13.004960060119629,-4.709918022155762,0.23989081382751465,0.0078009446151554585,0.10022573918104172,4,False,0.7555930018424988,0.0
fore_aft,1.8800000000000001,0,0.23144333064556122,-13.00505256652832,-4.7099289894104,0.23989234864711761,0.007742739748209715,0.10034871846437454,4,False,0.7555907964706421,0.0
fore_aft,1.9000000000000001,0,0.23144322633743286,-13.005121231079102,-4.710040092468262,0.2398940771818161,0.007787554059177637,0.10039486736059189,4,False,0.7555897235870361,0.0
fore_aft,1.92,0,0.23144350945949554,-13.005288124084473,-4.710134983062744,0.23989729583263397,0.007796236779540777,0.10046413540840149,4,False,0.7555909156799316,0.0
fore_aft,1.94,0,0.23144319653511047,-13.005293846130371,-4.710140228271484,0.23989741504192352,0.007743598893284798,0.10031884908676147,4,False,0.7555914521217346,0.0
fore_aft,1.96,0,0.23144271969795227,-13.005102157592773,-4.7100958824157715,0.2398940771818161,0.007790318690240383,0.10041424632072449,4,False,0.7555911540985107,0.0
fore_aft,1.98,0,0.2314431071281433,-13.005134582519531,-4.710023880004883,0.23989419639110565,0.00782071053981781,0.10005646198987961,4,False,0.7555909752845764,0.0
fore_aft,2.0,0,0.23144373297691345,-13.00516128540039,-4.710008144378662,0.2398945540189743,0.007786066737025976,0.10028848052024841,4,False,0.7555913329124451,0.0
fore_aft,2.02,0,0.23144330084323883,-13.0050630569458,-4.709993362426758,0.2398928999900818,0.007742849178612232,0.09986265003681183,4,False,0.7555906772613525,0.0
fore_aft,2.04,0,0.23144301772117615,-13.004898071289062,-4.709965705871582,0.23989005386829376,0.007788269780576229,0.10029895603656769,4,False,0.7555915117263794,0.0
fore_aft,2.06,0,0.2314435839653015,-13.004888534545898,-4.709874629974365,0.23988938331604004,0.007812896743416786,0.09993672370910645,4,False,0.7555912733078003,0.0
fore_aft,2.08,0,0.23144370317459106,-13.004823684692383,-4.709859848022461,0.2398882657289505,0.007779943291097879,0.10014937072992325,4,False,0.7555913925170898,0.0
fore_aft,2.1,0,0.2314436286687851,-13.004830360412598,-4.709868431091309,0.23988839983940125,0.007782625034451485,0.10007796436548233,4,False,0.7555912137031555,0.0
fore_aft,2.12,0,0.2314434051513672,-13.004883766174316,-4.709916114807129,0.23988953232765198,0.007782577071338892,0.10024627298116684,4,False,0.7555911540985107,0.0
fore_aft,2.14,0,0.2314436286687851,-13.004915237426758,-4.709894180297852,0.2398899346590042,0.007806158624589443,0.10016884654760361,4,False,0.755591630935669,0.0
fore_aft,2.16,0,0.2314436286687851,-13.004836082458496,-4.709897994995117,0.23988868296146393,0.007785604801028967,0.09984715282917023,4,False,0.7555917501449585,0.0
fore_aft,2.18,0,0.23144331574440002,-13.004905700683594,-4.709916591644287,0.23988990485668182,0.007787392009049654,0.10044405609369278,4,False,0.7555910348892212,0.0
fore_aft,2.2,0,0.23144330084323883,-13.004849433898926,-4.709920883178711,0.2398890107870102,0.007814020849764347,0.10036338865756989,4,False,0.7555915117263794,0.0
fore_aft,2.22,0,0.2314436286687851,-13.004858016967773,-4.709868431091309,0.23988886177539825,0.007807145360857248,0.10027307271957397,4,False,0.7555915713310242,0.0
fore_aft,2.24,0,0.2314436137676239,-13.004825592041016,-4.709867477416992,0.23988832533359528,0.007793863769620657,0.09999033808708191,4,False,0.7555909156799316,0.0
fore_aft,2.2600000000000002,0,0.23144350945949554,-13.004990577697754,-4.709881782531738,0.23989108204841614,0.007787772454321384,0.10024107247591019,4,False,0.755591869354248,0.0
fore_aft,2.2800000000000002,0,0.23144324123859406,-13.004889488220215,-4.70993185043335,0.2398897260427475,0.007783476263284683,0.10038641840219498,4,False,0.7555921673774719,0.0
fore_aft,2.3000000000000003,0,0.23144347965717316,-13.004862785339355,-4.709891319274902,0.23988908529281616,0.007798392325639725,0.10010185092687607,4,False,0.7555911540985107,0.0
fore_aft,2.32,0,0.23144365847110748,-13.004809379577637,-4.709836483001709,0.23988789319992065,0.007799482438713312,0.09993679076433182,4,False,0.7555907964706421,0.0
fore_aft,2.34,0,0.23144367337226868,-13.004803657531738,-4.709870338439941,0.239887997508049,0.007786864414811134,0.10022035241127014,4,False,0.7555915713310242,0.0
fore_aft,2.36,0,0.23144347965717316,-13.00495433807373,-4.709925174713135,0.23989073932170868,0.007788280490785837,0.10063424706459045,4,False,0.7555906772613525,0.0
fore_aft,2.38,0,0.23144327104091644,-13.004971504211426,-4.709941864013672,0.23989111185073853,0.0077775754034519196,0.10022402554750443,4,False,0.7555922269821167,0.0
fore_aft,2.4,0,0.23144322633743286,-13.005025863647461,-4.709973335266113,0.2398921698331833,0.0077923680655658245,0.10039068758487701,4,False,0.7555916905403137,0.0
fore_aft,2.42,0,0.23144344985485077,-13.004938125610352,-4.709949016571045,0.23989062011241913,0.00779855577275157,0.10003875941038132,4,False,0.7555921077728271,0.0
fore_aft,2.44,0,0.23144350945949554,-13.005038261413574,-4.709942817687988,0.23989218473434448,0.007778224069625139,0.10020394623279572,4,False,0.755591630935669,0.0
fore_aft,2.46,0,0.23144324123859406,-13.005005836486816,-4.710033416748047,0.2398921549320221,0.00775814289227128,0.10051824152469635,4,False,0.7555917501449585,0.0
fore_aft,2.48,0,0.23144328594207764,-13.005045890808105,-4.710011959075928,0.23989270627498627,0.007785188965499401,0.1002839207649231,4,False,0.7555916905403137,0.0
fore_aft,2.5,0,0.23144352436065674,-13.004897117614746,-4.709939956665039,0.23988988995552063,0.007793121039867401,0.10021837800741196,4,False,0.7555916905403137,0.0
fore_aft,2.52,0,0.2314435988664627,-13.004876136779785,-4.7098612785339355,0.23988911509513855,0.007787123788148165,0.10013516992330551,4,False,0.7555900812149048,0.0
fore_aft,2.54,0,0.23144371807575226,-13.004874229431152,-4.7098798751831055,0.23988917469978333,0.007775287609547377,0.10042770951986313,4,False,0.7555912733078003,0.0
fore_aft,2.56,0,0.23144353926181793,-13.004814147949219,-4.709850311279297,0.2398880422115326,0.007777223829180002,0.10019470751285553,4,False,0.755591630935669,0.0
fore_aft,2.58,0,0.2314433455467224,-13.004785537719727,-4.709832191467285,0.23988747596740723,0.007785716559737921,0.10025560110807419,4,False,0.7555912733078003,0.0
fore_aft,2.6,0,0.23144353926181793,-13.004810333251953,-4.7098708152771,0.23988808691501617,0.007800070568919182,0.10035344213247299,4,False,0.7555921673774719,0.0
fore_aft,2.62,0,0.23144370317459106,-13.004802703857422,-4.709859848022461,0.23988790810108185,0.0077822329476475716,0.10021648555994034,4,False,0.755591630935669,0.0
fore_aft,2.64,0,0.23144352436065674,-13.004796981811523,-4.7098212242126465,0.23988762497901917,0.00776485214009881,0.10020605474710464,4,False,0.7555915117263794,0.0
fore_aft,2.66,0,0.2314435988664627,-13.004803657531738,-4.709836483001709,0.2398878037929535,0.007792036514729261,0.10027206689119339,4,False,0.7555909156799316,0.0
fore_aft,2.68,0,0.23144374787807465,-13.004865646362305,-4.709860801696777,0.23988892138004303,0.007780543062835932,0.10042807459831238,4,False,0.7555913329124451,0.0
fore_aft,2.7,0,0.23144350945949554,-13.004791259765625,-4.7097954750061035,0.23988738656044006,0.007774796802550554,0.10001751780509949,4,False,0.7555913329124451,0.0
fore_aft,2.72,0,0.23144350945949554,-13.004770278930664,-4.7098388671875,0.2398872822523117,0.0077964989468455315,0.10025309771299362,4,False,0.755591630935669,0.0
fore_aft,2.74,0,0.2314436435699463,-13.00482177734375,-4.709850788116455,0.23988816142082214,0.007782602217048407,0.10038353502750397,4,False,0.7555919289588928,0.0
fore_aft,2.7600000000000002,0,0.23144355416297913,-13.004693031311035,-4.709768772125244,0.2398856282234192,0.0077807968482375145,0.09992813318967819,4,False,0.7555919289588928,0.0
fore_aft,2.7800000000000002,0,0.2314435839653015,-13.004667282104492,-4.70978307723999,0.23988530039787292,0.007804569322615862,0.10033255815505981,4,False,0.7555918097496033,0.0
fore_aft,2.8000000000000003,0,0.23144379258155823,-13.004782676696777,-4.709805488586426,0.2398872822523117,0.007799480110406876,0.10048170387744904,4,False,0.7555913925170898,0.0
fore_aft,2.82,0,0.23144356906414032,-13.004729270935059,-4.709775447845459,0.23988626897335052,0.0077768368646502495,0.10033959150314331,4,False,0.7555915713310242,0.0
fore_aft,2.84,0,0.2314433753490448,-13.004697799682617,-4.70979118347168,0.2398858368396759,0.0077923741191625595,0.10026907175779343,4,False,0.7555914521217346,0.0
fore_aft,2.86,0,0.23144365847110748,-13.004785537719727,-4.709858417510986,0.23988762497901917,0.007789480034261942,0.1003056988120079,4,False,0.7555925846099854,0.0
fore_aft,2.88,0,0.2314436137676239,-13.004798889160156,-4.709838390350342,0.23988772928714752,0.007772412151098251,0.10006466507911682,4,False,0.7555918097496033,0.0
fore_aft,2.9,0,0.23144349455833435,-13.00475025177002,-4.709866523742676,0.2398870885372162,0.007785198278725147,0.10028217732906342,4,False,0.7555915117263794,0.0
fore_aft,2.92,0,0.2314436137676239,-13.004874229431152,-4.709863185882568,0.23988908529281616,0.0077888877131044865,0.10028751194477081,4,False,0.7555915117263794,0.0
fore_aft,2.94,0,0.2314435839653015,-13.004765510559082,-4.709846496582031,0.23988723754882812,0.007788158021867275,0.10026294738054276,4,False,0.7555915713310242,0.0
fore_aft,2.96,0,0.2314435839653015,-13.004823684692383,-4.709852695465088,0.23988822102546692,0.007778346072882414,0.10035066306591034,4,False,0.7555915117263794,0.0
fore_aft,2.98,0,0.23144353926181793,-13.004794120788574,-4.709863662719727,0.2398877739906311,0.007788530550897121,0.10032028704881668,4,False,0.7555915117263794,0.0
fore_aft,3.0,0,0.23144356906414032,-13.004816055297852,-4.7098774909973145,0.2398882359266281,0.007787824142724276,0.1000785306096077,4,False,0.7555915713310242,0.0
fore_aft,3.02,0,0.23144352436065674,-13.004897117614746,-4.709890365600586,0.23988962173461914,0.0077835083939135075,0.10037421435117722,4,False,0.755591630935669,0.0
fore_aft,3.04,0,0.23144346475601196,-13.004822731018066,-4.709868431091309,0.2398882955312729,0.0077909748069942,0.10028716921806335,4,False,0.7555919885635376,0.0
fore_aft,3.06,0,0.23144346475601196,-13.00480842590332,-4.709835529327393,0.23988787829875946,0.007781627122312784,0.10025352239608765,4,False,0.7555918097496033,0.0
fore_aft,3.08,0,0.23144355416297913,-13.004834175109863,-4.709855556488037,0.23988841474056244,0.007796020247042179,0.10053882747888565,4,False,0.755591630935669,0.0
fore_aft,3.1,0,0.23144368827342987,-13.004762649536133,-4.709842681884766,0.23988714814186096,0.007789436727762222,0.09997759014368057,4,False,0.7555913925170898,0.0
fore_aft,3.12,0,0.2314435839653015,-13.004754066467285,-4.709839820861816,0.23988701403141022,0.0077888332307338715,0.10022163391113281,4,False,0.7555915117263794,0.0
fore_aft,3.14,0,0.23144356906414032,-13.004876136779785,-4.709916114807129,0.23988942801952362,0.007787514477968216,0.10039032995700836,4,False,0.7555921077728271,0.0
fore_aft,3.16,0,0.23144355416297913,-13.00483512878418,-4.709884166717529,0.23988857865333557,0.00779477134346962,0.10010033845901489,4,False,0.7555909156799316,0.0
fore_aft,3.18,0,0.23144350945949554,-13.00483226776123,-4.709860801696777,0.23988841474056244,0.007782057859003544,0.10013289749622345,4,False,0.7555916905403137,0.0
fore_aft,3.2,0,0.23144330084323883,-13.004956245422363,-4.709895610809326,0.23989060521125793,0.00778984883800149,0.10039208829402924,4,False,0.7555907964706421,0.0
fore_aft,3.22,0,0.23144344985485077,-13.004900932312012,-4.709889888763428,0.23988966643810272,0.007803486194461584,0.10016364604234695,4,False,0.7555922269821167,0.0
fore_aft,3.24,0,0.23144367337226868,-13.004802703857422,-4.709837913513184,0.2398877888917923,0.007801674772053957,0.10032554715871811,4,False,0.7555912137031555,0.0
fore_aft,3.2600000000000002,0,0.23144365847110748,-13.004685401916504,-4.709828853607178,0.2398858368396759,0.007793443277478218,0.09965921193361282,4,False,0.755591630935669,0.0
fore_aft,3.2800000000000002,0,0.23144356906414032,-13.00489616394043,-4.709863662719727,0.23988944292068481,0.007798545993864536,0.1003960371017456,4,False,0.7555906772613525,0.0
fore_aft,3.3000000000000003,0,0.231443390250206,-13.004902839660645,-4.7099504470825195,0.23989003896713257,0.0077780066058039665,0.10029326379299164,4,False,0.7555919885635376,0.0
fore_aft,3.3200000000000003,0,0.23144331574440002,-13.004891395568848,-4.709894180297852,0.23988953232765198,0.007803461980074644,0.10005045682191849,4,False,0.7555920481681824,0.0
fore_aft,3.34,0,0.2314435988664627,-13.004936218261719,-4.709904670715332,0.23989032208919525,0.007803365122526884,0.10004176199436188,4,False,0.7555912733078003,0.0
fore_aft,3.36,0,0.2314436286687851,-13.004874229431152,-4.7099151611328125,0.23988938331604004,0.0077988519333302975,0.10006783902645111,4,False,0.7555915117263794,0.0
fore_aft,3.38,0,0.2314433604478836,-13.004955291748047,-4.709911346435547,0.2398906797170639,0.00777852488681674,0.10017525404691696,4,False,0.7555904984474182,0.0
fore_aft,3.4,0,0.23144322633743286,-13.004944801330566,-4.7099385261535645,0.2398906648159027,0.007810330484062433,0.10013183951377869,4,False,0.7555915117263794,0.0
fore_aft,3.42,0,0.23144356906414032,-13.00493335723877,-4.709944725036621,0.23989051580429077,0.00781062850728631,0.100013867020607,4,False,0.7555915117263794,0.0
fore_aft,3.44,0,0.2314433753490448,-13.004871368408203,-4.709911346435547,0.23988930881023407,0.007787138223648071,0.10024577379226685,4,False,0.755591630935669,0.0
fore_aft,3.46,0,0.23144330084323883,-13.004892349243164,-4.709973335266113,0.239889994263649,0.007813203148543835,0.10020634531974792,4,False,0.7555916905403137,0.0
fore_aft,3.48,0,0.23144346475601196,-13.005101203918457,-4.710025787353516,0.23989367485046387,0.007791662123054266,0.10009492188692093,4,False,0.755590558052063,0.0
fore_aft,3.5,0,0.23144324123859406,-13.0051851272583,-4.71007776260376,0.23989532887935638,0.007789030205458403,0.10020245611667633,4,False,0.7555897235870361,0.0
fore_aft,3.52,0,0.23144292831420898,-13.005302429199219,-4.710171699523926,0.2398977428674698,0.007778768427670002,0.10046803206205368,4,False,0.7555919885635376,0.0
fore_aft,3.54,0,0.23144303262233734,-13.005376815795898,-4.710200309753418,0.23989912867546082,0.007794482633471489,0.10017430782318115,4,False,0.7555912137031555,0.0
fore_aft,3.56,0,0.23144330084323883,-13.00529670715332,-4.71015739440918,0.23989757895469666,0.007777167484164238,0.10011210292577744,4,False,0.7555926442146301,0.0
fore_aft,3.58,0,0.23144319653511047,-13.005298614501953,-4.710140228271484,0.23989751935005188,0.007751787081360817,0.10014061629772186,4,False,0.755591630935669,0.0
fore_aft,3.6,0,0.23144321143627167,-13.005181312561035,-4.7101287841796875,0.2398955374956131,0.007782725151628256,0.10004111379384995,4,False,0.7555911540985107,0.0
fore_aft,3.62,0,0.23144353926181793,-13.005151748657227,-4.710071086883545,0.23989474773406982,0.007790982723236084,0.10037637501955032,4,False,0.7555907368659973,0.0
fore_aft,3.64,0,0.23144344985485077,-13.005038261413574,-4.709993362426758,0.23989246785640717,0.007768149022012949,0.09987753629684448,4,False,0.7555906772613525,0.0
fore_aft,3.66,0,0.23144325613975525,-13.005054473876953,-4.710049152374268,0.23989306390285492,0.007789694704115391,0.10044285655021667,4,False,0.7555904388427734,0.0
fore_aft,3.68,0,0.23144327104091644,-13.005245208740234,-4.710136890411377,0.23989662528038025,0.007773288991302252,0.10044856369495392,4,False,0.755591630935669,0.0
fore_aft,3.7,0,0.23144328594207764,-13.005194664001465,-4.710115432739258,0.23989567160606384,0.0077808271162211895,0.10017517954111099,4,False,0.7555902600288391,0.0
fore_aft,3.72,0,0.23144330084323883,-13.005019187927246,-4.710000991821289,0.23989219963550568,0.007779860403388739,0.1002001166343689,4,False,0.7555923461914062,0.0
fore_aft,3.74,0,0.23144347965717316,-13.005017280578613,-4.709963798522949,0.23989196121692657,0.00778318801894784,0.10028175264596939,4,False,0.7555911540985107,0.0
fore_aft,3.7600000000000002,0,0.23144353926181793,-13.004923820495605,-4.709926128387451,0.2398902326822281,0.007770050782710314,0.10034036636352539,4,False,0.7555914521217346,0.0
fore_aft,3.7800000000000002,0,0.23144353926181793,-13.00495433807373,-4.709855556488037,0.23989035189151764,0.007773908320814371,0.10014496743679047,4,False,0.7555909156799316,0.0
fore_aft,3.8000000000000003,0,0.2314436435699463,-13.004907608032227,-4.709963798522949,0.2398901879787445,0.007772748824208975,0.10036525130271912,4,False,0.7555914521217346,0.0
fore_aft,3.8200000000000003,0,0.23144349455833435,-13.005024909973145,-4.70997953414917,0.23989218473434448,0.007757123559713364,0.10045115649700165,4,False,0.7555914521217346,0.0
fore_aft,3.84,0,0.23144333064556122,-13.004880905151367,-4.709923267364502,0.23988954722881317,0.007778963539749384,0.10032199323177338,4,False,0.7555915117263794,0.0
fore_aft,3.86,0,0.23144356906414032,-13.004884719848633,-4.709866523742676,0.23988929390907288,0.007780841086059809,0.1002451702952385,4,False,0.7555917501449585,0.0
fore_aft,3.88,0,0.23144382238388062,-13.00492000579834,-4.709959506988525,0.23989035189151764,0.007762510795146227,0.10012784600257874,4,False,0.755591869354248,0.0
fore_aft,3.9,0,0.23144342005252838,-13.0050048828125,-4.70999813079834,0.23989196121692657,0.007735205814242363,0.1001792922616005,4,False,0.7555908560752869,0.0
fore_aft,3.92,0,0.2314431220293045,-13.004934310913086,-4.709989070892334,0.23989075422286987,0.0077606430277228355,0.10053246468305588,4,False,0.755591630935669,0.0
fore_aft,3.94,0,0.23144355416297913,-13.004925727844238,-4.709933280944824,0.23989033699035645,0.00778574263677001,0.10045920312404633,4,False,0.755591630935669,0.0
fore_aft,3.96,0,0.23144376277923584,-13.004866600036621,-4.709872245788574,0.2398890256881714,0.007752165198326111,0.10021546483039856,4,False,0.7555915117263794,0.0
fore_aft,3.98,0,0.23144352436065674,-13.004853248596191,-4.7098798751831055,0.23988884687423706,0.007737310137599707,0.10035047680139542,4,False,0.7555907964706421,0.0
fore_aft,4.0,0,0.23144350945949554,-13.004871368408203,-4.709927558898926,0.23988939821720123,0.007760145235806704,0.10039587318897247,4,False,0.7555915117263794,0.0
fore_aft,4.0200000000000005,0,0.23144349455833435,-13.004834175109863,-4.709869861602783,0.2398884892463684,0.007751270662993193,0.10001028329133987,4,False,0.7555916905403137,0.0
fore_aft,4.04,0,0.23144365847110748,-13.004617691040039,-4.709745407104492,0.23988427221775055,0.007784290239214897,0.10032922774553299,4,False,0.7555910348892212,0.0
fore_aft,4.0600000000000005,0,0.23144394159317017,-13.004359245300293,-4.709563255310059,0.2398790866136551,0.007803797721862793,0.09993824362754822,4,False,0.7555909156799316,0.0
fore_aft,4.08,0,0.23144413530826569,-13.004332542419434,-4.709571838378906,0.23987869918346405,0.007805355358868837,0.10038737952709198,4,False,0.7555916905403137,0.0
fore_aft,4.1,0,0.23144413530826569,-13.004422187805176,-4.7096147537231445,0.23988038301467896,0.007782778237015009,0.10010673105716705,4,False,0.755591630935669,0.0
fore_aft,4.12,0,0.23144367337226868,-13.004508018493652,-4.709701061248779,0.23988226056098938,0.00777634559199214,0.10007191449403763,4,False,0.7555923461914062,0.0
fore_aft,4.14,0,0.23144349455833435,-13.004724502563477,-4.7097578048706055,0.2398860901594162,0.007798729930073023,0.10005433857440948,4,False,0.7555922269821167,0.0
fore_aft,4.16,0,0.2314436286687851,-13.004843711853027,-4.709916591644287,0.23988889157772064,0.007797838654369116,0.10059084743261337,4,False,0.7555923461914062,0.0
fore_aft,4.18,0,0.23144344985485077,-13.00487995147705,-4.709900856018066,0.23988938331604004,0.007774972822517157,0.10028444230556488,4,False,0.7555919289588928,0.0
fore_aft,4.2,0,0.23144342005252838,-13.004820823669434,-4.709834575653076,0.23988807201385498,0.007799363229423761,0.10009869933128357,4,False,0.7555906772613525,0.0
fore_aft,4.22,0,0.23144367337226868,-13.004749298095703,-4.709846496582031,0.23988695442676544,0.007806846406310797,0.09986146539449692,4,False,0.7555915117263794,0.0
fore_aft,4.24,0,0.23144371807575226,-13.004905700683594,-4.709874629974365,0.23988966643810272,0.007787308190017939,0.10011813044548035,4,False,0.7555913329124451,0.0
fore_aft,4.26,0,0.2314433455467224,-13.0048828125,-4.709949016571045,0.2398897111415863,0.007771432399749756,0.10008719563484192,4,False,0.7555919289588928,0.0
fore_aft,4.28,0,0.23144318163394928,-13.004928588867188,-4.709949016571045,0.2398904412984848,0.0078041343949735165,0.10032431036233902,4,False,0.7555914521217346,0.0
fore_aft,4.3,0,0.23144349455833435,-13.004891395568848,-4.7099199295043945,0.23988968133926392,0.007811800576746464,0.10028913617134094,4,False,0.7555921077728271,0.0
fore_aft,4.32,0,0.23144356906414032,-13.004871368408203,-4.70986270904541,0.23988905549049377,0.007778933271765709,0.10014186799526215,4,False,0.755591094493866,0.0
fore_aft,4.34,0,0.23144330084323883,-13.00482177734375,-4.709876537322998,0.23988831043243408,0.007792573422193527,0.10020475834608078,4,False,0.7555913925170898,0.0
fore_aft,4.36,0,0.23144356906414032,-13.00492000579834,-4.709907531738281,0.23989008367061615,0.007812726311385632,0.10037583857774734,4,False,0.755591630935669,0.0
fore_aft,4.38,0,0.23144368827342987,-13.004871368408203,-4.709851264953613,0.239888995885849,0.0077903359197080135,0.10001308470964432,4,False,0.7555907964706421,0.0
fore_aft,4.4,0,0.23144343495368958,-13.004837036132812,-4.709847927093506,0.23988842964172363,0.0077772727236151695,0.09990035742521286,4,False,0.7555915117263794,0.0
fore_aft,4.42,0,0.2314433455467224,-13.0049467086792,-4.709939479827881,0.2398906946182251,0.007809611037373543,0.10051678121089935,4,False,0.7555922269821167,0.0
fore_aft,4.44,0,0.2314435839653015,-13.004911422729492,-4.70991325378418,0.2398899793624878,0.007798764854669571,0.09991392493247986,4,False,0.7555919885635376,0.0
fore_aft,4.46,0,0.23144324123859406,-13.004914283752441,-4.709858417510986,0.2398897260427475,0.00778071116656065,0.10043708980083466,4,False,0.7555900812149048,0.0
fore_aft,4.48,0,0.23144331574440002,-13.004851341247559,-4.7099432945251465,0.23988915979862213,0.007824370637536049,0.09988684952259064,4,False,0.7555918097496033,0.0
fore_aft,4.5,0,0.23144377768039703,-13.00498104095459,-4.7099504470825195,0.23989129066467285,0.0078005557879805565,0.10029976814985275,4,False,0.7555917501449585,0.0
fore_aft,4.5200000000000005,0,0.23144356906414032,-13.004907608032227,-4.709929943084717,0.23989002406597137,0.007780154701322317,0.09989114850759506,4,False,0.7555902600288391,0.0
fore_aft,4.54,0,0.23144325613975525,-13.004985809326172,-4.7099432945251465,0.23989135026931763,0.0078062573447823524,0.10030268877744675,4,False,0.7555907964706421,0.0
fore_aft,4.5600000000000005,0,0.23144330084323883,-13.005051612854004,-4.709958553314209,0.23989248275756836,0.007811333984136581,0.1003720611333847,4,False,0.7555917501449585,0.0
fore_aft,4.58,0,0.2314431518316269,-13.005120277404785,-4.71005392074585,0.23989413678646088,0.007790481671690941,0.1004740372300148,4,False,0.7555917501449585,0.0
fore_aft,4.6000000000000005,0,0.23144307732582092,-13.005167007446289,-4.710081577301025,0.2398950457572937,0.007792674470692873,0.10022823512554169,4,False,0.755591630935669,0.0
fore_aft,4.62,0,0.23144331574440002,-13.005168914794922,-4.710068702697754,0.2398950159549713,0.007793510798364878,0.10012046247720718,4,False,0.7555917501449585,0.0
fore_aft,4.64,0,0.2314433604478836,-13.00510025024414,-4.710008144378662,0.23989355564117432,0.007767999079078436,0.10013697296380997,4,False,0.7555918097496033,0.0
fore_aft,4.66,0,0.23144318163394928,-13.005115509033203,-4.709995269775391,0.23989371955394745,0.007781139574944973,0.10017471015453339,4,False,0.755590558052063,0.0
fore_aft,4.68,0,0.23144333064556122,-13.005199432373047,-4.710086822509766,0.23989561200141907,0.007771825417876244,0.1002807542681694,4,False,0.7555909156799316,0.0
fore_aft,4.7,0,0.23144342005252838,-13.00510311126709,-4.710060119628906,0.23989389836788177,0.007776118349283934,0.10041185468435287,4,False,0.7555907368659973,0.0
fore_aft,4.72,0,0.23144328594207764,-13.005080223083496,-4.709981441497803,0.2398930937051773,0.007762395776808262,0.1004544347524643,4,False,0.7555904388427734,0.0
fore_aft,4.74,0,0.23144325613975525,-13.00485897064209,-4.7099480628967285,0.23988933861255646,0.007799058686941862,0.1000053659081459,4,False,0.7555907964706421,0.0
fore_aft,4.76,0,0.2314436435699463,-13.004974365234375,-4.710000038146973,0.23989148437976837,0.00778264319524169,0.10042600333690643,4,False,0.7555916905403137,0.0
fore_aft,4.78,0,0.2314435988664627,-13.00489330291748,-4.709964275360107,0.2398899495601654,0.007743264548480511,0.1003560870885849,4,False,0.7555922865867615,0.0
fore_aft,4.8,0,0.2314433604478836,-13.0048828125,-4.709900856018066,0.23988942801952362,0.007753698620945215,0.10030103474855423,4,False,0.7555904388427734,0.0
fore_aft,4.82,0,0.23144352436065674,-13.005040168762207,-4.709972381591797,0.2398923933506012,0.0077728587202727795,0.10037895292043686,4,False,0.7555921673774719,0.0
fore_aft,4.84,0,0.2314435839653015,-13.004979133605957,-4.710010051727295,0.23989161849021912,0.0077505530789494514,0.10009616613388062,4,False,0.7555921077728271,0.0
fore_aft,4.86,0,0.23144324123859406,-13.004960060119629,-4.709902763366699,0.2398907095193863,0.0077330926433205605,0.10039962083101273,4,False,0.755590558052063,0.0
fore_aft,4.88,0,0.2314436137676239,-13.00462532043457,-4.709796905517578,0.23988468945026398,0.007816877216100693,0.10009559988975525,4,False,0.755590558052063,0.0
fore_aft,4.9,0,0.23144423961639404,-13.00446605682373,-4.709639072418213,0.2398812472820282,0.0077930535189807415,0.09996655583381653,4,False,0.7555927634239197,0.0
fore_aft,4.92,0,0.23144368827342987,-13.004403114318848,-4.7095746994018555,0.23987986147403717,0.007773825898766518,0.10013709217309952,4,False,0.755591630935669,0.0
fore_aft,4.94,0,0.23144350945949554,-13.004502296447754,-4.709686279296875,0.23988209664821625,0.00781074957922101,0.10030817240476608,4,False,0.7555916905403137,0.0
fore_aft,4.96,0,0.23144389688968658,-13.004737854003906,-4.709838390350342,0.23988676071166992,0.00778542086482048,0.10030966252088547,4,False,0.7555936574935913,0.0
fore_aft,4.98,0,0.2314433455467224,-13.004888534545898,-4.709890842437744,0.2398894727230072,0.007742246147245169,0.10010529309511185,4,False,0.7555921673774719,0.0
fore_aft,5.0,0,0.2314433753490448,-13.00496768951416,-4.709968566894531,0.2398911863565445,0.007804694585502148,0.10028167814016342,4,False,0.755590558052063,0.0
fore_aft,5.0200000000000005,0,0.23144368827342987,-13.005070686340332,-4.710063457489014,0.23989337682724,0.007788343820720911,0.10020773857831955,4,False,0.7555907964706421,0.0
fore_aft,5.04,0,0.23144331574440002,-13.005059242248535,-4.710029125213623,0.23989301919937134,0.007765002083033323,0.10019467771053314,4,False,0.7555917501449585,0.0
fore_aft,5.0600000000000005,0,0.2314431071281433,-13.005023002624512,-4.709999084472656,0.23989227414131165,0.007767259143292904,0.10039661079645157,4,False,0.7555927634239197,0.0
fore_aft,5.08,0,0.23144343495368958,-13.005001068115234,-4.709981918334961,0.23989181220531464,0.007790985517203808,0.10021895915269852,4,False,0.7555911540985107,0.0
fore_aft,5.1000000000000005,0,0.23144352436065674,-13.004914283752441,-4.709928035736084,0.23989009857177734,0.007766886614263058,0.1000925675034523,4,False,0.7555908560752869,0.0
fore_aft,5.12,0,0.23144346475601196,-13.004883766174316,-4.709867477416992,0.2398892641067505,0.007778967265039682,0.1004696786403656,4,False,0.7555914521217346,0.0
fore_aft,5.14,0,0.2314435839653015,-13.004816055297852,-4.70980167388916,0.23988781869411469,0.007783129345625639,0.10015136748552322,4,False,0.7555912733078003,0.0
fore_aft,5.16,0,0.2314435988664627,-13.004752159118652,-4.709842205047607,0.23988699913024902,0.007780964951962233,0.10023842006921768,4,False,0.7555913925170898,0.0
fore_aft,5.18,0,0.2314436137676239,-13.004796981811523,-4.709860801696777,0.23988783359527588,0.007776085752993822,0.10028159618377686,4,False,0.7555911540985107,0.0
fore_aft,5.2,0,0.23144344985485077,-13.004727363586426,-4.7098283767700195,0.23988650739192963,0.007776939310133457,0.10049758106470108,4,False,0.7555916905403137,0.0
fore_aft,5.22,0,0.23144352436065674,-13.004789352416992,-4.709822177886963,0.23988747596740723,0.0077957939356565475,0.10017339885234833,4,False,0.7555906772613525,0.0
fore_aft,5.24,0,0.23144373297691345,-13.00478744506836,-4.709813594818115,0.23988741636276245,0.007787278853356838,0.10049042105674744,4,False,0.7555913329124451,0.0
fore_aft,5.26,0,0.23144356906414032,-13.004656791687012,-4.709770202636719,0.23988506197929382,0.007783886510878801,0.10028649121522903,4,False,0.7555912733078003,0.0
fore_aft,5.28,0,0.2314436137676239,-13.004679679870605,-4.709792137145996,0.23988553881645203,0.007800546009093523,0.10041594505310059,4,False,0.7555924654006958,0.0
fore_aft,5.3,0,0.2314435988664627,-13.004652976989746,-4.709769248962402,0.23988498747348785,0.007767117582261562,0.09993220120668411,4,False,0.7555921077728271,0.0
fore_aft,5.32,0,0.23144356906414032,-13.004715919494629,-4.709786415100098,0.2398861050605774,0.007784114219248295,0.10059577226638794,4,False,0.7555917501449585,0.0
fore_aft,5.34,0,0.23144365847110748,-13.004658699035645,-4.709794521331787,0.23988522589206696,0.00778724392876029,0.10011018067598343,4,False,0.755591630935669,0.0
fore_aft,5.36,0,0.2314436137676239,-13.004700660705566,-4.7097578048706055,0.23988568782806396,0.007775490637868643,0.10045239329338074,4,False,0.7555918097496033,0.0
fore_aft,5.38,0,0.2314436435699463,-13.004661560058594,-4.709798812866211,0.23988530039787292,0.007786246947944164,0.10019996762275696,4,False,0.7555927634239197,0.0
fore_aft,5.4,0,0.23144370317459106,-13.004685401916504,-4.709774494171143,0.23988553881645203,0.007774124387651682,0.10025761276483536,4,False,0.7555924654006958,0.0
fore_aft,5.42,0,0.2314435988664627,-13.004709243774414,-4.709773540496826,0.23988591134548187,0.007772073615342379,0.10042601078748703,4,False,0.7555912137031555,0.0
fore_aft,5.44,0,0.2314436286687851,-13.004559516906738,-4.709752559661865,0.23988337814807892,0.007796259596943855,0.099911168217659,4,False,0.7555921077728271,0.0
fore_aft,5.46,0,0.23144377768039703,-13.004692077636719,-4.709823131561279,0.23988591134548187,0.007796744350343943,0.10024011880159378,4,False,0.755591630935669,0.0
fore_aft,5.48,0,0.23144377768039703,-13.004816055297852,-4.709847450256348,0.2398880571126938,0.007771687116473913,0.10067033767700195,4,False,0.7555922865867615,0.0
fore_aft,5.5,0,0.2314434051513672,-13.004727363586426,-4.709765911102295,0.23988614976406097,0.007776510901749134,0.10039371252059937,4,False,0.7555913925170898,0.0
fore_aft,5.5200000000000005,0,0.2314436286687851,-13.004576683044434,-4.709789752960205,0.23988386988639832,0.007792884483933449,0.09998239576816559,4,False,0.7555923461914062,0.0
fore_aft,5.54,0,0.23144374787807465,-13.004684448242188,-4.709815979003906,0.23988576233386993,0.0077861882746219635,0.10031551122665405,4,False,0.7555909156799316,0.0
fore_aft,5.5600000000000005,0,0.23144371807575226,-13.00471019744873,-4.7098069190979,0.2398861199617386,0.007787731941789389,0.10000672936439514,4,False,0.7555917501449585,0.0
fore_aft,5.58,0,0.23144349455833435,-13.004798889160156,-4.709811687469482,0.23988758027553558,0.00778129231184721,0.10062909871339798,4,False,0.7555912733078003,0.0
fore_aft,5.6000000000000005,0,0.2314435988664627,-13.004776954650879,-4.709813117980957,0.23988723754882812,0.007801773492246866,0.09996470808982849,4,False,0.7555917501449585,0.0
fore_aft,5.62,0,0.23144374787807465,-13.004837036132812,-4.709823131561279,0.2398882955312729,0.007782669272273779,0.10037651658058167,4,False,0.7555911540985107,0.0
fore_aft,5.64,0,0.23144352436065674,-13.004764556884766,-4.709863662719727,0.2398873269557953,0.007784585934132338,0.09997475147247314,4,False,0.7555917501449585,0.0
fore_aft,5.66,0,0.23144349455833435,-13.004919052124023,-4.709947109222412,0.23989027738571167,0.007795033976435661,0.10053649544715881,4,False,0.7555911540985107,0.0
fore_aft,5.68,0,0.23144350945949554,-13.00482177734375,-4.709899425506592,0.23988842964172363,0.007790026720613241,0.09992066770792007,4,False,0.7555912733078003,0.0
fore_aft,5.7,0,0.23144349455833435,-13.004834175109863,-4.709869861602783,0.2398884892463684,0.007796991150826216,0.10015293210744858,4,False,0.7555906772613525,0.0
fore_aft,5.72,0,0.23144368827342987,-13.004857063293457,-4.7099080085754395,0.23988905549049377,0.007797537837177515,0.1000174731016159,4,False,0.7555919289588928,0.0
fore_aft,5.74,0,0.23144349455833435,-13.004831314086914,-4.709867000579834,0.23988842964172363,0.0077765402384102345,0.10031415522098541,4,False,0.7555916905403137,0.0
fore_aft,5.76,0,0.23144343495368958,-13.004813194274902,-4.709897518157959,0.2398882806301117,0.007799760904163122,0.10026808828115463,4,False,0.7555910348892212,0.0
fore_aft,5.78,0,0.2314435839653015,-13.004925727844238,-4.709907531738281,0.2398901879787445,0.007793685421347618,0.100160151720047,4,False,0.7555925250053406,0.0
fore_aft,5.8,0,0.2314433455467224,-13.005029678344727,-4.709946632385254,0.23989206552505493,0.007756602484732866,0.10048064589500427,4,False,0.7555924654006958,0.0
fore_aft,5.82,0,0.23144301772117615,-13.005023002624512,-4.710019111633301,0.2398923635482788,0.00777647877112031,0.10025113821029663,4,False,0.7555916905403137,0.0
fore_aft,5.84,0,0.23144355416297913,-13.005034446716309,-4.710031986236572,0.2398926168680191,0.007805039174854755,0.10006100684404373,4,False,0.7555909156799316,0.0
fore_aft,5.86,0,0.23144365847110748,-13.005109786987305,-4.710026741027832,0.239893838763237,0.007765773218125105,0.10027100890874863,4,False,0.7555913925170898,0.0
fore_aft,5.88,0,0.23144298791885376,-13.005047798156738,-4.710028648376465,0.23989281058311462,0.007753788959234953,0.10014328360557556,4,False,0.7555933594703674,0.0
fore_aft,5.9,0,0.2314431220293045,-13.005106925964355,-4.710026741027832,0.23989379405975342,0.007790109608322382,0.10047651827335358,4,False,0.7555917501449585,0.0
fore_aft,5.92,0,0.23144379258155823,-13.004963874816895,-4.709977626800537,0.2398911863565445,0.007782080676406622,0.09996891021728516,4,False,0.755592405796051,0.0
fore_aft,5.94,0,0.2314435988664627,-13.004990577697754,-4.709959030151367,0.23989149928092957,0.0077481637708842754,0.10028085857629776,4,False,0.755590558052063,0.0
fore_aft,5.96,0,0.23144321143627167,-13.005096435546875,-4.709991931915283,0.23989340662956238,0.007756371051073074,0.10032881796360016,4,False,0.7555909156799316,0.0
fore_aft,5.98,0,0.23144316673278809,-13.00499439239502,-4.709990978240967,0.23989175260066986,0.007786409929394722,0.10029087215662003,4,False,0.7555931210517883,0.0
fore_aft,6.0,0,0.2314433455467224,-13.005021095275879,-4.709965229034424,0.23989203572273254,0.007771283853799105,0.1003822535276413,4,False,0.7555919885635376,0.0
fore_aft,6.0200000000000005,0,0.23144333064556122,-13.004986763000488,-4.709986686706543,0.23989160358905792,0.007754676975309849,0.10011790692806244,4,False,0.7555925846099854,0.0
fore_aft,6.04,0,0.23144353926181793,-13.004817008972168,-4.709876537322998,0.2398882508277893,0.007811753079295158,0.10037175565958023,4,False,0.755590558052063,0.0
fore_aft,6.0600000000000005,0,0.231443852186203,-13.00460433959961,-4.7097086906433105,0.23988385498523712,0.007791969925165176,0.0998091995716095,4,False,0.7555924654006958,0.0
fore_aft,6.08,0,0.23144367337226868,-13.004599571228027,-4.709751129150391,0.23988401889801025,0.007772334851324558,0.10025068372488022,4,False,0.7555923461914062,0.0
fore_aft,6.1000000000000005,0,0.2314435839653015,-13.004718780517578,-4.709810256958008,0.23988628387451172,0.007785588502883911,0.10027105361223221,4,False,0.7555915117263794,0.0
fore_aft,6.12,0,0.23144349455833435,-13.004663467407227,-4.709820747375488,0.23988544940948486,0.007793706841766834,0.10048772394657135,4,False,0.7555917501449585,0.0
fore_aft,6.140000000000001,0,0.2314435839653015,-13.004656791687012,-4.709754467010498,0.23988497257232666,0.00780247338116169,0.10016629099845886,4,False,0.7555910348892212,0.0
fore_aft,6.16,0,0.23144376277923584,-13.004706382751465,-4.709796905517578,0.23988600075244904,0.007781941909343004,0.10034431517124176,4,False,0.7555917501449585,0.0
fore_aft,6.18,0,0.231443390250206,-13.00475025177002,-4.709795951843262,0.23988671600818634,0.007768701296299696,0.10041400790214539,4,False,0.7555913329124451,0.0
fore_aft,6.2,0,0.2314436137676239,-13.004720687866211,-4.7098259925842285,0.23988641798496246,0.007820664905011654,0.1000361293554306,4,False,0.7555906772613525,0.0
fore_aft,6.22,0,0.23144391179084778,-13.004829406738281,-4.709834575653076,0.23988819122314453,0.007791092153638601,0.10037216544151306,4,False,0.7555910348892212,0.0
fore_aft,6.24,0,0.2314436286687851,-13.004790306091309,-4.7098388671875,0.23988759517669678,0.007772431708872318,0.10026631504297256,4,False,0.7555917501449585,0.0
fore_aft,6.26,0,0.231443390250206,-13.004802703857422,-4.709853172302246,0.23988789319992065,0.007795673329383135,0.10027309507131577,4,False,0.7555909156799316,0.0
fore_aft,6.28,0,0.23144365847110748,-13.004799842834473,-4.709848403930664,0.23988781869411469,0.007808568421751261,0.10039076209068298,4,False,0.7555927634239197,0.0
fore_aft,6.3,0,0.2314436435699463,-13.004720687866211,-4.709805011749268,0.23988628387451172,0.007785948459059,0.10025033354759216,4,False,0.7555906176567078,0.0
fore_aft,6.32,0,0.23144370317459106,-13.004701614379883,-4.709813117980957,0.23988600075244904,0.007789794821292162,0.1002306193113327,4,False,0.7555915117263794,0.0
fore_aft,6.34,0,0.23144346475601196,-13.004670143127441,-4.709798812866211,0.23988541960716248,0.007786959409713745,0.10017692297697067,4,False,0.755591094493866,0.0
fore_aft,6.36,0,0.23144350945949554,-13.004751205444336,-4.709788799285889,0.23988668620586395,0.007806289475411177,0.10009089857339859,4,False,0.7555912137031555,0.0
fore_aft,6.38,0,0.23144371807575226,-13.004816055297852,-4.709856986999512,0.23988811671733856,0.0077902777120471,0.10030306875705719,4,False,0.7555927038192749,0.0
fore_aft,6.4,0,0.23144352436065674,-13.004825592041016,-4.709823131561279,0.23988807201385498,0.007774691563099623,0.09995578229427338,4,False,0.7555912137031555,0.0
fore_aft,6.42,0,0.2314433455467224,-13.004915237426758,-4.7098612785339355,0.23988975584506989,0.007795337587594986,0.10009103268384933,4,False,0.7555914521217346,0.0
fore_aft,6.44,0,0.23144347965717316,-13.004942893981934,-4.709964752197266,0.23989078402519226,0.007801351603120565,0.1001444160938263,4,False,0.7555914521217346,0.0
fore_aft,6.46,0,0.2314435839653015,-13.004907608032227,-4.709940433502197,0.23989006876945496,0.007798498496413231,0.10012252628803253,4,False,0.7555912137031555,0.0
fore_aft,6.48,0,0.23144356906414032,-13.004982948303223,-4.709903240203857,0.23989108204841614,0.007781047374010086,0.09988261014223099,4,False,0.7555908560752869,0.0
fore_aft,6.5,0,0.2314433753490448,-13.00486946105957,-4.709934234619141,0.23988941311836243,0.007801853120326996,0.10021141171455383,4,False,0.7555909752845764,0.0
fore_aft,6.5200000000000005,0,0.23144352436065674,-13.004999160766602,-4.709922790527344,0.2398914396762848,0.007807043846696615,0.1003570482134819,4,False,0.7555903196334839,0.0
fore_aft,6.54,0,0.2314434051513672,-13.00485897064209,-4.70991325378418,0.23988912999629974,0.007799730636179447,0.10022523999214172,4,False,0.7555916905403137,0.0
fore_aft,6.5600000000000005,0,0.2314434051513672,-13.004892349243164,-4.7099175453186035,0.23988966643810272,0.007808048743754625,0.0998866930603981,4,False,0.7555907964706421,0.0
fore_aft,6.58,0,0.23144346475601196,-13.005040168762207,-4.709989070892334,0.23989249765872955,0.007798158098012209,0.1002923846244812,4,False,0.755591869354248,0.0
fore_aft,6.6000000000000005,0,0.23144318163394928,-13.00519847869873,-4.710076808929443,0.2398955225944519,0.007757547777146101,0.10004376620054245,4,False,0.7555922269821167,0.0
fore_aft,6.62,0,0.2314429134130478,-13.005332946777344,-4.710203170776367,0.2398984134197235,0.007772297598421574,0.10031262040138245,4,False,0.7555896043777466,0.0
fore_aft,6.640000000000001,0,0.23144328594207764,-13.005193710327148,-4.710103511810303,0.23989558219909668,0.00782935880124569,0.09970657527446747,4,False,0.755590558052063,0.0
fore_aft,6.66,0,0.23144365847110748,-13.004959106445312,-4.709975719451904,0.23989108204841614,0.007799737621098757,0.10010141134262085,4,False,0.755591869354248,0.0
fore_aft,6.68,0,0.23144325613975525,-13.004951477050781,-4.709962368011475,0.23989088833332062,0.007773207034915686,0.09993128478527069,4,False,0.7555917501449585,0.0
fore_aft,6.7,0,0.23144322633743286,-13.005080223083496,-4.709973335266113,0.23989303410053253,0.00780637189745903,0.10048211365938187,4,False,0.755590558052063,0.0
fore_aft,6.72,0,0.23144350945949554,-13.004947662353516,-4.709940433502197,0.23989072442054749,0.00780134554952383,0.10018499195575714,4,False,0.7555921673774719,0.0
fore_aft,6.74,0,0.2314433753490448,-13.004871368408203,-4.709853649139404,0.239888995885849,0.007778726052492857,0.09997215121984482,4,False,0.7555910348892212,0.0
fore_aft,6.76,0,0.2314434051513672,-13.004876136779785,-4.70992374420166,0.239889457821846,0.007795459125190973,0.1005147323012352,4,False,0.7555919885635376,0.0
fore_aft,6.78,0,0.23144347965717316,-13.004962921142578,-4.70993185043335,0.2398909032344818,0.0078061046078801155,0.10015106946229935,4,False,0.7555906772613525,0.0
fore_aft,6.8,0,0.23144355416297913,-13.004974365234375,-4.709914684295654,0.23989100754261017,0.007783681619912386,0.1004365012049675,4,False,0.7555919885635376,0.0
fore_aft,6.82,0,0.23144333064556122,-13.005029678344727,-4.709925174713135,0.23989194631576538,0.007763904985040426,0.1001003235578537,4,False,0.7555906772613525,0.0
fore_aft,6.84,0,0.2314431220293045,-13.005038261413574,-4.710001468658447,0.23989251255989075,0.007780502550303936,0.1003916934132576,4,False,0.7555915117263794,0.0
fore_aft,6.86,0,0.2314433753490448,-13.0050630569458,-4.7100372314453125,0.2398931235074997,0.007795094046741724,0.10054666548967361,4,False,0.7555913925170898,0.0
fore_aft,6.88,0,0.23144355416297913,-13.00499439239502,-4.709937572479248,0.23989145457744598,0.007765827234834433,0.10006332397460938,4,False,0.7555921077728271,0.0
fore_aft,6.9,0,0.23144333064556122,-13.004986763000488,-4.709910869598389,0.2398911863565445,0.007763592526316643,0.10023224353790283,4,False,0.7555907964706421,0.0
fore_aft,6.92,0,0.23144343495368958,-13.00498104095459,-4.709984302520752,0.23989146947860718,0.007778416853398085,0.1003972738981247,4,False,0.7555916905403137,0.0
fore_aft,6.94,0,0.23144349455833435,-13.005013465881348,-4.709957599639893,0.2398918718099594,0.00776390265673399,0.10047051310539246,4,False,0.7555923461914062,0.0
fore_aft,6.96,0,0.23144346475601196,-13.00485610961914,-4.709901332855225,0.239888995885849,0.007765039801597595,0.10007353872060776,4,False,0.7555915117263794,0.0
fore_aft,6.98,0,0.2314435988664627,-13.004907608032227,-4.709908962249756,0.23988990485668182,0.007775929290801287,0.10021687299013138,4,False,0.7555921077728271,0.0
fore_aft,7.0,0,0.2314435988664627,-13.004947662353516,-4.7099504470825195,0.23989076912403107,0.007749848533421755,0.10024627298116684,4,False,0.755592405796051,0.0
fore_aft,7.0200000000000005,0,0.23144355416297913,-13.00498104095459,-4.7099609375,0.23989135026931763,0.007755549158900976,0.10025598853826523,4,False,0.7555919885635376,0.0
fore_aft,7.04,0,0.23144346475601196,-13.00497817993164,-4.709951877593994,0.23989127576351166,0.0077561684884130955,0.100278839468956,4,False,0.7555917501449585,0.0
fore_aft,7.0600000000000005,0,0.23144355416297913,-13.00492000579834,-4.709929943084717,0.2398902028799057,0.007765334099531174,0.10028397291898727,4,False,0.7555919885635376,0.0
fore_aft,7.08,0,0.23144352436065674,-13.004904747009277,-4.709907054901123,0.23988983035087585,0.0077560883946716785,0.10009920597076416,4,False,0.7555915117263794,0.0
fore_aft,7.1000000000000005,0,0.23144343495368958,-13.005005836486816,-4.709920883178711,0.23989157378673553,0.00776281114667654,0.1003863587975502,4,False,0.7555909156799316,0.0
fore_aft,7.12,0,0.2314436286687851,-13.00489330291748,-4.709947109222412,0.23988987505435944,0.007756213191896677,0.09989315271377563,4,False,0.7555922865867615,0.0
fore_aft,7.140000000000001,0,0.23144355416297913,-13.004962921142578,-4.709958553314209,0.23989106714725494,0.0077525051310658455,0.10022938996553421,4,False,0.7555909156799316,0.0
fore_aft,7.16,0,0.23144342005252838,-13.005025863647461,-4.709944725036621,0.23989200592041016,0.0077514187432825565,0.10029285401105881,4,False,0.7555915117263794,0.0
fore_aft,7.18,0,0.23144355416297913,-13.004899024963379,-4.709965705871582,0.23989008367061615,0.007765595335513353,0.10022169351577759,4,False,0.7555914521217346,0.0
fore_aft,7.2,0,0.2314436137676239,-13.004919052124023,-4.709936618804932,0.2398902177810669,0.007754606660455465,0.1003546193242073,4,False,0.7555916905403137,0.0
fore_aft,7.22,0,0.2314435988664627,-13.00490951538086,-4.709904670715332,0.23988988995552063,0.0077390833757817745,0.1006743386387825,4,False,0.7555917501449585,0.0
fore_aft,7.24,0,0.23144347965717316,-13.004865646362305,-4.7098541259765625,0.23988890647888184,0.0077515519224107265,0.10024049133062363,4,False,0.7555907964706421,0.0
fore_aft,7.26,0,0.2314436435699463,-13.00487995147705,-4.709878444671631,0.2398892641067505,0.007763349916785955,0.10038045793771744,4,False,0.7555910348892212,0.0
fore_aft,7.28,0,0.2314436286687851,-13.00484848022461,-4.709909439086914,0.23988892138004303,0.007738558575510979,0.10009635239839554,4,False,0.7555924654006958,0.0
fore_aft,7.3,0,0.231443390250206,-13.004803657531738,-4.709875583648682,0.2398880273103714,0.007732384838163853,0.10051257163286209,4,False,0.7555915117263794,0.0
fore_aft,7.32,0,0.23144367337226868,-13.004510879516602,-4.709740161895752,0.23988249897956848,0.007790884468704462,0.1000690832734108,4,False,0.7555915117263794,0.0
fore_aft,7.34,0,0.23144441843032837,-13.004226684570312,-4.709466934204102,0.2398764193058014,0.00781276449561119,0.10017272084951401,4,False,0.755591869354248,0.0
fore_aft,7.36,0,0.2314443439245224,-13.004105567932129,-4.709376335144043,0.23987393081188202,0.007769147865474224,0.09984393417835236,4,False,0.7555927634239197,0.0
fore_aft,7.38,0,0.23144368827342987,-13.00433349609375,-4.709529876708984,0.23987847566604614,0.007779792416840792,0.10044759511947632,4,False,0.7555912137031555,0.0
fore_aft,7.4,0,0.2314435988664627,-13.00464916229248,-4.709761142730713,0.2398848682641983,0.007796200457960367,0.10049296915531158,4,False,0.755591869354248,0.0
fore_aft,7.42,0,0.23144355416297913,-13.004843711853027,-4.70992374420166,0.23988893628120422,0.007756244391202927,0.10059438645839691,4,False,0.7555922269821167,0.0
fore_aft,7.44,0,0.23144350945949554,-13.004871368408203,-4.709887981414795,0.23988918960094452,0.007765145506709814,0.10040820389986038,4,False,0.7555913925170898,0.0
fore_aft,7.46,0,0.2314436286687851,-13.004891395568848,-4.709913730621338,0.23988965153694153,0.007766611874103546,0.10043900460004807,4,False,0.7555914521217346,0.0
fore_aft,7.48,0,0.23144371807575226,-13.004862785339355,-4.709930419921875,0.23988929390907288,0.007755282334983349,0.10046003013849258,4,False,0.7555921077728271,0.0
fore_aft,7.5,0,0.23144365847110748,-13.004902839660645,-4.709863662719727,0.23988957703113556,0.007744421251118183,0.10001354664564133,4,False,0.7555913925170898,0.0
fore_aft,7.5200000000000005,0,0.23144352436065674,-13.004672050476074,-4.709829330444336,0.23988564312458038,0.007781455293297768,0.10023488849401474,4,False,0.7555913925170898,0.0
fore_aft,7.54,0,0.23144398629665375,-13.004369735717773,-4.709592819213867,0.23987942934036255,0.007816187106072903,0.09995365142822266,4,False,0.7555930018424988,0.0
fore_aft,7.5600000000000005,0,0.2314441204071045,-13.004461288452148,-4.709627628326416,0.23988109827041626,0.007770934607833624,0.10061904788017273,4,False,0.7555919289588928,0.0
fore_aft,7.58,0,0.2314436435699463,-13.004729270935059,-4.7098188400268555,0.23988650739192963,0.007740923203527927,0.10021353513002396,4,False,0.755592942237854,0.0
fore_aft,7.6000000000000005,0,0.2314433455467224,-13.004973411560059,-4.70995569229126,0.23989121615886688,0.007753446232527494,0.10055436939001083,4,False,0.7555917501449585,0.0
fore_aft,7.62,0,0.23144353926181793,-13.004891395568848,-4.709933280944824,0.23988975584506989,0.007764837704598904,0.10016674548387527,4,False,0.755591869354248,0.0
fore_aft,7.640000000000001,0,0.2314435988664627,-13.004897117614746,-4.709886074066162,0.23988959193229675,0.00775524228811264,0.10057006031274796,4,False,0.7555917501449585,0.0
fore_aft,7.66,0,0.2314435839653015,-13.004773139953613,-4.709872245788574,0.23988750576972961,0.00775408698245883,0.10029669851064682,4,False,0.7555907964706421,0.0
fore_aft,7.68,0,0.23144365847110748,-13.004783630371094,-4.709843158721924,0.239887535572052,0.007765536196529865,0.10044291615486145,4,False,0.7555911540985107,0.0
fore_aft,7.7,0,0.23144376277923584,-13.00456428527832,-4.709753513336182,0.23988346755504608,0.007774970028549433,0.10017827898263931,4,False,0.755591630935669,0.0
fore_aft,7.72,0,0.23144404590129852,-13.004169464111328,-4.709460735321045,0.2398754358291626,0.007817409001290798,0.10004008561372757,4,False,0.7555919289588928,0.0
fore_aft,7.74,0,0.23144406080245972,-13.004253387451172,-4.709449291229248,0.23987673223018646,0.007780877873301506,0.10024034976959229,4,False,0.7555921077728271,0.0
fore_aft,7.76,0,0.2314438670873642,-13.004481315612793,-4.709667682647705,0.23988164961338043,0.007766523864120245,0.10064441710710526,4,False,0.755592405796051,0.0
fore_aft,7.78,0,0.23144382238388062,-13.004344940185547,-4.7096147537231445,0.23987913131713867,0.007792395539581776,0.10002177953720093,4,False,0.7555916905403137,0.0
fore_aft,7.8,0,0.23144413530826569,-13.004205703735352,-4.709474086761475,0.23987609148025513,0.007799593266099691,0.10027693957090378,4,False,0.7555912733078003,0.0
fore_aft,7.82,0,0.23144400119781494,-13.004240989685059,-4.709430694580078,0.23987644910812378,0.007764678914099932,0.10046915709972382,4,False,0.7555917501449585,0.0
fore_aft,7.84,0,0.231443852186203,-13.004256248474121,-4.70952844619751,0.23987722396850586,0.007785472087562084,0.10040680319070816,4,False,0.7555926442146301,0.0
fore_aft,7.86,0,0.2314441204071045,-13.004352569580078,-4.709597587585449,0.23987917602062225,0.007792068179696798,0.10020025819540024,4,False,0.7555914521217346,0.0
fore_aft,7.88,0,0.23144415020942688,-13.00424861907959,-4.709573745727539,0.2398773431777954,0.0077659618109464645,0.09983863681554794,4,False,0.7555923461914062,0.0
fore_aft,7.9,0,0.23144377768039703,-13.004369735717773,-4.709541320800781,0.23987913131713867,0.007771806325763464,0.10049939155578613,4,False,0.755591630935669,0.0
fore_aft,7.92,0,0.23144398629665375,-13.004327774047852,-4.709604263305664,0.2398788034915924,0.007804395165294409,0.10009488463401794,4,False,0.7555922269821167,0.0
fore_aft,7.94,0,0.2314443141222,-13.004470825195312,-4.709585666656494,0.2398810088634491,0.007786284666508436,0.10017431527376175,4,False,0.7555894255638123,0.0
fore_aft,7.96,0,0.23144398629665375,-13.004546165466309,-4.70967435836792,0.2398827224969864,0.00776628078892827,0.09980635344982147,4,False,0.7555902600288391,0.0
fore_aft,7.98,0,0.23144350945949554,-13.004752159118652,-4.709848403930664,0.2398870438337326,0.007766596507281065,0.10045667737722397,4,False,0.7555934190750122,0.0
fore_aft,8.0,0,0.23144324123859406,-13.004773139953613,-4.7098565101623535,0.23988741636276245,0.007778189145028591,0.09997300058603287,4,False,0.7555919289588928,0.0
fore_aft,8.02,0,0.23144350945949554,-13.004695892333984,-4.709823131561279,0.23988597095012665,0.007796549703925848,0.10019365698099136,4,False,0.755593478679657,0.0
fore_aft,8.040000000000001,0,0.23144394159317017,-13.004729270935059,-4.709788799285889,0.2398863285779953,0.007782226428389549,0.10008059442043304,4,False,0.7555906772613525,0.0
fore_aft,8.06,0,0.23144376277923584,-13.004683494567871,-4.709812641143799,0.23988570272922516,0.007764659821987152,0.1003323420882225,4,False,0.7555909156799316,0.0
fore_aft,8.08,0,0.23144355416297913,-13.004725456237793,-4.709787368774414,0.23988626897335052,0.0077829379588365555,0.10053608566522598,4,False,0.755590558052063,0.0
fore_aft,8.1,0,0.23144349455833435,-13.004678726196289,-4.709751605987549,0.23988531529903412,0.007793200667947531,0.10053300112485886,4,False,0.7555910348892212,0.0
fore_aft,8.120000000000001,0,0.23144349455833435,-13.00466537475586,-4.709793567657471,0.2398853302001953,0.007798467297106981,0.10018105804920197,4,False,0.7555926442146301,0.0
fore_aft,8.14,0,0.2314436435699463,-13.00478744506836,-4.709846496582031,0.23988759517669678,0.007794307079166174,0.10043545067310333,4,False,0.7555919289588928,0.0
fore_aft,8.16,0,0.2314436435699463,-13.004782676696777,-4.709801197052002,0.2398872673511505,0.007774245925247669,0.10026908665895462,4,False,0.7555919885635376,0.0
fore_aft,8.18,0,0.23144353926181793,-13.004764556884766,-4.709808826446533,0.23988701403141022,0.007777462713420391,0.10023518651723862,4,False,0.755590558052063,0.0
fore_aft,8.2,0,0.23144365847110748,-13.004823684692383,-4.709852695465088,0.23988822102546692,0.0077744354493916035,0.10081350058317184,4,False,0.7555919289588928,0.0
fore_aft,8.22,0,0.23144347965717316,-13.004842758178711,-4.709851264953613,0.2398885041475296,0.007757987827062607,0.10035170614719391,4,False,0.7555916905403137,0.0
fore_aft,8.24,0,0.23144342005252838,-13.004814147949219,-4.709876537322998,0.23988819122314453,0.007772337645292282,0.10035011917352676,4,False,0.7555915117263794,0.0
fore_aft,8.26,0,0.2314436286687851,-13.004871368408203,-4.709900856018066,0.2398892492055893,0.0077569265849888325,0.10044176131486893,4,False,0.7555917501449585,0.0
fore_aft,8.28,0,0.2314436137676239,-13.004755973815918,-4.7098388671875,0.2398870587348938,0.007757953833788633,0.10005456209182739,4,False,0.755591869354248,0.0
fore_aft,8.3,0,0.2314436137676239,-13.004778861999512,-4.709853649139404,0.23988747596740723,0.0077563137747347355,0.10092498362064362,4,False,0.7555917501449585,0.0
fore_aft,8.32,0,0.23144365847110748,-13.004743576049805,-4.709829330444336,0.2398868054151535,0.007753401063382626,0.10044405609369278,4,False,0.755591869354248,0.0
fore_aft,8.34,0,0.23144374787807465,-13.004720687866211,-4.709773540496826,0.23988613486289978,0.0077551184222102165,0.10050185769796371,4,False,0.7555906772613525,0.0
fore_aft,8.36,0,0.23144371807575226,-13.004643440246582,-4.709776878356934,0.2398848682641983,0.007753024343401194,0.10052219778299332,4,False,0.7555915117263794,0.0
fore_aft,8.38,0,0.23144377768039703,-13.004678726196289,-4.709799766540527,0.23988555371761322,0.007757372222840786,0.10040842741727829,4,False,0.7555924654006958,0.0
fore_aft,8.4,0,0.23144391179084778,-13.004256248474121,-4.7095746994018555,0.23987747728824615,0.007795927580446005,0.0999085083603859,4,False,0.7555912137031555,0.0
fore_aft,8.42,0,0.23144429922103882,-13.004075050354004,-4.709329128265381,0.23987318575382233,0.007817961275577545,0.10018468648195267,4,False,0.755591094493866,0.0
fore_aft,8.44,0,0.23144419491291046,-13.004278182983398,-4.709490776062012,0.2398773580789566,0.00777480797842145,0.10043926537036896,4,False,0.7555922865867615,0.0
fore_aft,8.46,0,0.23144371807575226,-13.004434585571289,-4.709706783294678,0.23988111317157745,0.007751160301268101,0.10025865584611893,4,False,0.7555934190750122,0.0
fore_aft,8.48,0,0.231443852186203,-13.004365921020508,-4.709648609161377,0.23987968266010284,0.007821123115718365,0.1001669317483902,4,False,0.7555919289588928,0.0
fore_aft,8.5,0,0.2314441055059433,-13.004422187805176,-4.709619045257568,0.23988041281700134,0.007776404265314341,0.09998472779989243,4,False,0.7555926442146301,0.0
fore_aft,8.52,0,0.231443852186203,-13.004618644714355,-4.709742069244385,0.23988428711891174,0.007749415002763271,0.10064338147640228,4,False,0.7555928826332092,0.0
fore_aft,8.540000000000001,0,0.23144371807575226,-13.00436782836914,-4.709615707397461,0.2398795187473297,0.007775543257594109,0.10001721978187561,4,False,0.7555932998657227,0.0
fore_aft,8.56,0,0.23144400119781494,-13.004359245300293,-4.709524154663086,0.23987886309623718,0.0077831498347222805,0.10028142482042313,4,False,0.755591869354248,0.0
fore_aft,8.58,0,0.23144413530826569,-13.004560470581055,-4.709695816040039,0.23988309502601624,0.007783275097608566,0.10027260333299637,4,False,0.7555902600288391,0.0
fore_aft,8.6,0,0.23144403100013733,-13.004656791687012,-4.709798812866211,0.23988521099090576,0.007794616743922234,0.10011036694049835,4,False,0.7555909156799316,0.0
fore_aft,8.620000000000001,0,0.23144330084323883,-13.004764556884766,-4.709813594818115,0.2398870587348938,0.007742420770227909,0.1004868820309639,4,False,0.7555928826332092,0.0
fore_aft,8.64,0,0.23144300282001495,-13.004817962646484,-4.709892272949219,0.23988835513591766,0.007767057977616787,0.10058257728815079,4,False,0.7555922865867615,0.0
fore_aft,8.66,0,0.2314436435699463,-13.004898071289062,-4.709920406341553,0.23988980054855347,0.007786335423588753,0.10028360038995743,4,False,0.7555907368659973,0.0
fore_aft,8.68,0,0.23144389688968658,-13.004962921142578,-4.709853172302246,0.23989048600196838,0.007754350081086159,0.1002727821469307,4,False,0.7555895447731018,0.0
fore_aft,8.700000000000001,0,0.23144352436065674,-13.004939079284668,-4.709893226623535,0.23989032208919525,0.007740852888673544,0.10021142661571503,4,False,0.7555910348892212,0.0
fore_aft,8.72,0,0.23144328594207764,-13.004944801330566,-4.709958553314209,0.23989076912403107,0.0077539123594760895,0.10063190013170242,4,False,0.7555930614471436,0.0
fore_aft,8.74,0,0.231443390250206,-13.004884719848633,-4.7099223136901855,0.23988960683345795,0.007767109200358391,0.10041017085313797,4,False,0.7555925846099854,0.0
fore_aft,8.76,0,0.23144368827342987,-13.004807472229004,-4.709872245788574,0.2398880571126938,0.007758965715765953,0.10033897310495377,4,False,0.755591630935669,0.0
fore_aft,8.78,0,0.23144370317459106,-13.004798889160156,-4.709828853607178,0.23988768458366394,0.007743468973785639,0.10032730549573898,4,False,0.7555911540985107,0.0
fore_aft,8.8,0,0.23144367337226868,-13.00479507446289,-4.70986795425415,0.23988783359527588,0.00774003192782402,0.1004457101225853,4,False,0.755592405796051,0.0
fore_aft,8.82,0,0.23144356906414032,-13.004837036132812,-4.709863662719727,0.2398885041475296,0.007746946532279253,0.1003541499376297,4,False,0.7555915117263794,0.0
fore_aft,8.84,0,0.2314436137676239,-13.004804611206055,-4.7098388671875,0.23988784849643707,0.007747469935566187,0.10040418803691864,4,False,0.755592405796051,0.0
fore_aft,8.86,0,0.23144373297691345,-13.004800796508789,-4.709815502166748,0.23988763988018036,0.007733853999525309,0.10023415833711624,4,False,0.7555912733078003,0.0
fore_aft,8.88,0,0.2314436137676239,-13.004746437072754,-4.709831237792969,0.2398868352174759,0.00774809904396534,0.10032478719949722,4,False,0.7555912733078003,0.0
fore_aft,8.9,0,0.23144356906414032,-13.004718780517578,-4.709794521331787,0.23988619446754456,0.007751590106636286,0.10031194984912872,4,False,0.7555923461914062,0.0
fore_aft,8.92,0,0.23144368827342987,-13.004697799682617,-4.70979118347168,0.2398858517408371,0.007753198500722647,0.10030597448348999,4,False,0.755591630935669,0.0
fore_aft,8.94,0,0.23144395649433136,-13.004700660705566,-4.709781646728516,0.2398858219385147,0.007748840376734734,0.10061872750520706,4,False,0.7555910348892212,0.0
fore_aft,8.96,0,0.23144377768039703,-13.004613876342773,-4.709736347198486,0.2398841679096222,0.007725136820226908,0.10048894584178925,4,False,0.755591630935669,0.0
fore_aft,8.98,0,0.23144382238388062,-13.00440788269043,-4.709704399108887,0.23988063633441925,0.007783146575093269,0.10031063109636307,4,False,0.7555917501449585,0.0
fore_aft,9.0,0,0.2314443588256836,-13.004110336303711,-4.709395885467529,0.23987412452697754,0.007805987726897001,0.09972524642944336,4,False,0.7555919289588928,0.0
fore_aft,9.02,0,0.23144415020942688,-13.004109382629395,-4.709358215332031,0.23987388610839844,0.007778497878462076,0.10016491264104843,4,False,0.7555912137031555,0.0
fore_aft,9.040000000000001,0,0.23144365847110748,-13.004448890686035,-4.709592342376709,0.23988071084022522,0.007790423464030027,0.10010260343551636,4,False,0.7555925250053406,0.0
fore_aft,9.06,0,0.23144376277923584,-13.004695892333984,-4.709798812866211,0.2398858517408371,0.007805418688803911,0.10039282590150833,4,False,0.755591630935669,0.0
fore_aft,9.08,0,0.23144365847110748,-13.004733085632324,-4.709803104400635,0.23988647758960724,0.007773578632622957,0.100600466132164,4,False,0.7555919885635376,0.0
fore_aft,9.1,0,0.231443390250206,-13.00468921661377,-4.709809303283691,0.23988580703735352,0.007796982768923044,0.09998508542776108,4,False,0.755590558052063,0.0
fore_aft,9.120000000000001,0,0.2314436435699463,-13.004853248596191,-4.709909439086914,0.2398890107870102,0.007795495446771383,0.10032228380441666,4,False,0.7555922269821167,0.0
fore_aft,9.14,0,0.23144368827342987,-13.004830360412598,-4.709897518157959,0.23988857865333557,0.00777517631649971,0.10026445984840393,4,False,0.7555926442146301,0.0
fore_aft,9.16,0,0.23144356906414032,-13.004735946655273,-4.709813594818115,0.2398865818977356,0.007789118681102991,0.10032469779253006,4,False,0.7555903792381287,0.0
fore_aft,9.18,0,0.23144365847110748,-13.004802703857422,-4.709830284118652,0.23988774418830872,0.007787508424371481,0.1003536507487297,4,False,0.7555910348892212,0.0
fore_aft,9.200000000000001,0,0.23144367337226868,-13.004803657531738,-4.709849834442139,0.23988789319992065,0.007780390325933695,0.10042575746774673,4,False,0.755592942237854,0.0
fore_aft,9.22,0,0.2314436435699463,-13.004764556884766,-4.709846019744873,0.23988722264766693,0.007777031045407057,0.10044420510530472,4,False,0.7555915117263794,0.0
fore_aft,9.24,0,0.23144349455833435,-13.004719734191895,-4.709814548492432,0.2398863285779953,0.007777216844260693,0.10056087374687195,4,False,0.7555916905403137,0.0
fore_aft,9.26,0,0.2314436137676239,-13.00463581085205,-4.709766387939453,0.23988468945026398,0.0077836099080741405,0.10012885183095932,4,False,0.755592405796051,0.0
fore_aft,9.28,0,0.23144370317459106,-13.004660606384277,-4.7097883224487305,0.23988521099090576,0.0077720205299556255,0.10048308223485947,4,False,0.7555921077728271,0.0
fore_aft,9.3,0,0.23144365847110748,-13.004709243774414,-4.709794521331787,0.23988603055477142,0.007771516218781471,0.10033341497182846,4,False,0.7555917501449585,0.0
fore_aft,9.32,0,0.23144365847110748,-13.00457763671875,-4.709733963012695,0.23988357186317444,0.007801101543009281,0.10030855983495712,4,False,0.7555907368659973,0.0
fore_aft,9.34,0,0.231443852186203,-13.004568099975586,-4.709697723388672,0.2398832142353058,0.007797036785632372,0.10018040984869003,4,False,0.7555921077728271,0.0
fore_aft,9.36,0,0.23144380748271942,-13.004532814025879,-4.709728717803955,0.23988281190395355,0.007791211828589439,0.10038671642541885,4,False,0.7555912137031555,0.0
fore_aft,9.38,0,0.23144382238388062,-13.004508018493652,-4.709712505340576,0.23988230526447296,0.007791139185428619,0.10015279054641724,4,False,0.755591869354248,0.0
fore_aft,9.4,0,0.23144377768039703,-13.004546165466309,-4.709705352783203,0.2398829162120819,0.007789778057485819,0.10030710697174072,4,False,0.7555918097496033,0.0
fore_aft,9.42,0,0.23144371807575226,-13.004682540893555,-4.7097249031066895,0.23988521099090576,0.00778622180223465,0.10001779347658157,4,False,0.7555918097496033,0.0
fore_aft,9.44,0,0.23144349455833435,-13.004722595214844,-4.709790229797363,0.23988623917102814,0.007783207111060619,0.10028211027383804,4,False,0.7555903196334839,0.0
fore_aft,9.46,0,0.23144367337226868,-13.004729270935059,-4.709839820861816,0.23988662660121918,0.0078103500418365,0.10048910975456238,4,False,0.7555921673774719,0.0
fore_aft,9.48,0,0.23144379258155823,-13.004752159118652,-4.7097978591918945,0.23988676071166992,0.007780590560287237,0.10034209489822388,4,False,0.7555911540985107,0.0
fore_aft,9.5,0,0.2314433753490448,-13.004770278930664,-4.709801197052002,0.2398870885372162,0.007764904759824276,0.10006063431501389,4,False,0.7555919289588928,0.0
fore_aft,9.52,0,0.2314433753490448,-13.004949569702148,-4.709996700286865,0.23989105224609375,0.007777999620884657,0.10037591308355331,4,False,0.7555927038192749,0.0
fore_aft,9.540000000000001,0,0.23144346475601196,-13.005051612854004,-4.710031986236572,0.2398928850889206,0.007763317320495844,0.10036511719226837,4,False,0.7555921673774719,0.0
fore_aft,9.56,0,0.23144343495368958,-13.004888534545898,-4.709936618804932,0.2398897409439087,0.007783986162394285,0.09987721592187881,4,False,0.7555906772613525,0.0
fore_aft,9.58,0,0.2314436286687851,-13.004987716674805,-4.709961414337158,0.23989146947860718,0.007778775878250599,0.10036492347717285,4,False,0.7555912137031555,0.0
fore_aft,9.6,0,0.23144352436065674,-13.004999160766602,-4.7099609375,0.2398916631937027,0.007767439819872379,0.10034388303756714,4,False,0.7555909156799316,0.0
fore_aft,9.620000000000001,0,0.23144328594207764,-13.004924774169922,-4.709934234619141,0.23989032208919525,0.007780382409691811,0.10007058829069138,4,False,0.755591630935669,0.0
fore_aft,9.64,0,0.2314434051513672,-13.00499153137207,-4.709964275360107,0.23989155888557434,0.0077789281494915485,0.10033820569515228,4,False,0.7555921077728271,0.0
fore_aft,9.66,0,0.23144328594207764,-13.005003929138184,-4.709961891174316,0.23989173769950867,0.007766381837427616,0.10016387701034546,4,False,0.7555919289588928,0.0
fore_aft,9.68,0,0.2314433753490448,-13.004937171936035,-4.709926605224609,0.239890456199646,0.007786337286233902,0.10024569183588028,4,False,0.7555915117263794,0.0
fore_aft,9.700000000000001,0,0.23144350945949554,-13.004989624023438,-4.709949970245361,0.2398914396762848,0.007767373230308294,0.10039059072732925,4,False,0.7555909752845764,0.0
fore_aft,9.72,0,0.23144346475601196,-13.004965782165527,-4.709982872009277,0.23989126086235046,0.007763908710330725,0.10040352493524551,4,False,0.7555917501449585,0.0
fore_aft,9.74,0,0.23144346475601196,-13.0048828125,-4.709940433502197,0.23988963663578033,0.007776946295052767,0.1003483310341835,4,False,0.7555913925170898,0.0
fore_aft,9.76,0,0.2314436286687851,-13.004969596862793,-4.709895133972168,0.23989082872867584,0.007761073298752308,0.10023780167102814,4,False,0.7555922269821167,0.0
fore_aft,9.78,0,0.23144356906414032,-13.004884719848633,-4.709908962249756,0.23988953232765198,0.007766037248075008,0.10036640614271164,4,False,0.7555911540985107,0.0
fore_aft,9.8,0,0.23144353926181793,-13.004911422729492,-4.709877967834473,0.23988975584506989,0.0077734761871397495,0.1004374772310257,4,False,0.7555913329124451,0.0
fore_aft,9.82,0,0.2314435988664627,-13.00492000579834,-4.709890842437744,0.2398899793624878,0.007766603492200375,0.10028890520334244,4,False,0.7555912137031555,0.0
fore_aft,9.84,0,0.23144344985485077,-13.004912376403809,-4.709928035736084,0.23989008367061615,0.0077479323372244835,0.1002524346113205,4,False,0.755592405796051,0.0
fore_aft,9.86,0,0.2314434051513672,-13.004938125610352,-4.709949970245361,0.23989062011241913,0.00776539696380496,0.10038016736507416,4,False,0.7555921077728271,0.0
fore_aft,9.88,0,0.23144374787807465,-13.004956245422363,-4.709970951080322,0.23989102244377136,0.007763696834445,0.10028927773237228,4,False,0.7555919885635376,0.0
fore_aft,9.9,0,0.2314436137676239,-13.00492000579834,-4.709932327270508,0.2398902028799057,0.007739834953099489,0.10030458122491837,4,False,0.7555910348892212,0.0
fore_aft,9.92,0,0.23144346475601196,-13.00488567352295,-4.709893226623535,0.239889457821846,0.007768603973090649,0.10037755966186523,4,False,0.755590558052063,0.0
fore_aft,9.94,0,0.2314438819885254,-13.004638671875,-4.709859848022461,0.23988524079322815,0.007789236959069967,0.09997299313545227,4,False,0.7555927038192749,0.0
fore_aft,9.96,0,0.231443852186203,-13.004430770874023,-4.709578037261963,0.23988033831119537,0.007780646439641714,0.10014742612838745,4,False,0.7555917501449585,0.0
fore_aft,9.98,0,0.2314434051513672,-13.004497528076172,-4.70963191986084,0.2398817092180252,0.007774912752211094,0.1005152240395546,4,False,0.7555910348892212,0.0
fore_aft,10.0,0,0.23144365847110748,-13.004814147949219,-4.709902286529541,0.23988834023475647,0.007780443411320448,0.10068198293447495,4,False,0.7555916905403137,0.0
fore_aft,10.02,0,0.23144352436065674,-13.004596710205078,-4.709799766540527,0.23988424241542816,0.007779775653034449,0.10018524527549744,4,False,0.755591630935669,0.0
fore_aft,10.040000000000001,0,0.23144365847110748,-13.004448890686035,-4.709569454193115,0.23988057672977448,0.007802484557032585,0.10027442127466202,4,False,0.755591869354248,0.0
fore_aft,10.06,0,0.23144394159317017,-13.00471019744873,-4.709747314453125,0.23988579213619232,0.007765847258269787,0.10065664350986481,4,False,0.7555921673774719,0.0
fore_aft,10.08,0,0.2314436435699463,-13.004871368408203,-4.709883689880371,0.23988915979862213,0.007729813456535339,0.10053852945566177,4,False,0.7555915117263794,0.0
fore_aft,10.1,0,0.23144321143627167,-13.0048189163208,-4.709904670715332,0.23988842964172363,0.0077504045329988,0.10032223165035248,4,False,0.7555913925170898,0.0
fore_aft,10.120000000000001,0,0.2314436286687851,-13.004905700683594,-4.709916591644287,0.23988988995552063,0.0077890255488455296,0.10016854852437973,4,False,0.7555915117263794,0.0
fore_aft,10.14,0,0.23144391179084778,-13.004925727844238,-4.7099175453186035,0.2398902326822281,0.0077465251088142395,0.10030385106801987,4,False,0.755591630935669,0.0
fore_aft,10.16,0,0.23144344985485077,-13.004871368408203,-4.709911346435547,0.23988930881023407,0.007736393716186285,0.10047460347414017,4,False,0.7555918097496033,0.0
fore_aft,10.18,0,0.23144343495368958,-13.004798889160156,-4.70989465713501,0.23988807201385498,0.007778271567076445,0.10023745894432068,4,False,0.7555915117263794,0.0
fore_aft,10.200000000000001,0,0.2314440757036209,-13.004523277282715,-4.709681034088135,0.23988240957260132,0.007812767289578915,0.09998913109302521,4,False,0.7555932402610779,0.0
fore_aft,10.22,0,0.2314440757036209,-13.004276275634766,-4.709530830383301,0.23987756669521332,0.0077730752527713776,0.10019747912883759,4,False,0.7555919885635376,0.0
fore_aft,10.24,0,0.23144370317459106,-13.004345893859863,-4.70956563949585,0.23987887799739838,0.0077895051799714565,0.10018915683031082,4,False,0.7555909752845764,0.0
fore_aft,10.26,0,0.23144392669200897,-13.00446605682373,-4.709697723388672,0.23988156020641327,0.007819593884050846,0.1001063734292984,4,False,0.7555930614471436,0.0
fore_aft,10.28,0,0.23144419491291046,-13.0047025680542,-4.709765911102295,0.23988577723503113,0.007765080314129591,0.10021770745515823,4,False,0.755592405796051,0.0
fore_aft,10.3,0,0.231443390250206,-13.004861831665039,-4.709857940673828,0.23988886177539825,0.007731781341135502,0.10024788230657578,4,False,0.7555903196334839,0.0
fore_aft,10.32,0,0.23144324123859406,-13.005025863647461,-4.709994316101074,0.23989227414131165,0.0077939461916685104,0.10033879429101944,4,False,0.7555911540985107,0.0
fore_aft,10.34,0,0.23144350945949554,-13.005045890808105,-4.710056781768799,0.23989295959472656,0.007789086550474167,0.10024714469909668,4,False,0.7555913925170898,0.0
fore_aft,10.36,0,0.2314433753490448,-13.005021095275879,-4.710000991821289,0.23989221453666687,0.0077618262730538845,0.10010518878698349,4,False,0.7555923461914062,0.0
fore_aft,10.38,0,0.23144328594207764,-13.005017280578613,-4.70994758605957,0.2398918718099594,0.007770972792059183,0.1002241000533104,4,False,0.7555904388427734,0.0
fore_aft,10.4,0,0.2314435839653015,-13.004974365234375,-4.709959983825684,0.23989126086235046,0.0077996570616960526,0.10033678263425827,4,False,0.7555902004241943,0.0
fore_aft,10.42,0,0.23144376277923584,-13.005003929138184,-4.709986686706543,0.2398918718099594,0.007753733545541763,0.10025657713413239,4,False,0.7555920481681824,0.0
fore_aft,10.44,0,0.2314431369304657,-13.004924774169922,-4.709957599639893,0.2398904412984848,0.007751299533993006,0.100164994597435,4,False,0.7555927634239197,0.0
fore_aft,10.46,0,0.23144325613975525,-13.004897117614746,-4.7099432945251465,0.23988990485668182,0.007782729808241129,0.10024482011795044,4,False,0.7555919885635376,0.0
fore_aft,10.48,0,0.23144356906414032,-13.004924774169922,-4.709920406341553,0.2398902326822281,0.007782952859997749,0.09997287392616272,4,False,0.7555904984474182,0.0
fore_aft,10.5,0,0.23144365847110748,-13.004969596862793,-4.709920883178711,0.2398909628391266,0.007775237318128347,0.10043197125196457,4,False,0.7555907964706421,0.0
fore_aft,10.52,0,0.23144344985485077,-13.005064964294434,-4.709965229034424,0.23989275097846985,0.0077489507384598255,0.1002390906214714,4,False,0.7555932402610779,0.0
fore_aft,10.540000000000001,0,0.23144307732582092,-13.00503921508789,-4.710033893585205,0.23989272117614746,0.007757160346955061,0.1005406603217125,4,False,0.7555913329124451,0.0
fore_aft,10.56,0,0.23144346475601196,-13.004976272583008,-4.7099690437316895,0.23989133536815643,0.007775619626045227,0.10027603805065155,4,False,0.7555925846099854,0.0
fore_aft,10.58,0,0.2314436435699463,-13.00499153137207,-4.709890842437744,0.2398911416530609,0.007734937127679586,0.10076878219842911,4,False,0.7555919885635376,0.0
fore_aft,10.6,0,0.2314433753490448,-13.004758834838867,-4.709841728210449,0.2398870885372162,0.007737235631793737,0.10022719949483871,4,False,0.7555909156799316,0.0
fore_aft,10.620000000000001,0,0.2314436435699463,-13.004910469055176,-4.709872245788574,0.2398897111415863,0.007782079745084047,0.10036298632621765,4,False,0.7555913925170898,0.0
fore_aft,10.64,0,0.231443852186203,-13.004707336425781,-4.709866523742676,0.23988641798496246,0.007764925714582205,0.10036120563745499,4,False,0.755593478679657,0.0
fore_aft,10.66,0,0.23144365847110748,-13.004130363464355,-4.709476470947266,0.23987489938735962,0.007786872796714306,0.09995626658201218,4,False,0.755592942237854,0.0
fore_aft,10.68,0,0.23144416511058807,-13.003955841064453,-4.709355354309082,0.23987141251564026,0.00781773217022419,0.1000194102525711,4,False,0.7555933594703674,0.0
fore_aft,10.700000000000001,0,0.23144452273845673,-13.004243850708008,-4.709545135498047,0.2398771196603775,0.007767113391309977,0.10053703933954239,4,False,0.7555924654006958,0.0
fore_aft,10.72,0,0.23144394159317017,-13.004318237304688,-4.709568023681641,0.23987843096256256,0.007737737149000168,0.10024398565292358,4,False,0.7555923461914062,0.0
fore_aft,10.74,0,0.23144376277923584,-13.004199028015137,-4.70955228805542,0.23987643420696259,0.007781689986586571,0.10005947202444077,4,False,0.7555921673774719,0.0
fore_aft,10.76,0,0.23144415020942688,-13.004356384277344,-4.709599018096924,0.23987925052642822,0.007788735907524824,0.10035570710897446,4,False,0.755593478679657,0.0
fore_aft,10.78,0,0.23144416511058807,-13.004338264465332,-4.709544658660889,0.23987863957881927,0.007761605083942413,0.09992624074220657,4,False,0.755591094493866,0.0
fore_aft,10.8,0,0.2314440757036209,-13.004369735717773,-4.709566593170166,0.23987926542758942,0.0078086392022669315,0.1003839448094368,4,False,0.7555903792381287,0.0
fore_aft,10.82,0,0.2314441055059433,-13.004657745361328,-4.709737777709961,0.2398848831653595,0.007792050484567881,0.10048390179872513,4,False,0.7555906772613525,0.0
fore_aft,10.84,0,0.23144347965717316,-13.004783630371094,-4.7097978591918945,0.2398872822523117,0.007773757912218571,0.10023054480552673,4,False,0.7555898427963257,0.0
fore_aft,10.86,0,0.23144303262233734,-13.004838943481445,-4.70986795425415,0.23988856375217438,0.007785590831190348,0.1003919243812561,4,False,0.7555924654006958,0.0
fore_aft,10.88,0,0.231443390250206,-13.004838943481445,-4.709883689880371,0.23988865315914154,0.0078089977614581585,0.1003747284412384,4,False,0.7555932402610779,0.0
fore_aft,10.9,0,0.2314438670873642,-13.004667282104492,-4.709805011749268,0.23988541960716248,0.007792768534272909,0.09990732371807098,4,False,0.7555926442146301,0.0
fore_aft,10.92,0,0.2314436435699463,-13.004631996154785,-4.70972204208374,0.2398843914270401,0.00774906761944294,0.10041890293359756,4,False,0.7555926442146301,0.0
fore_aft,10.94,0,0.23144374787807465,-13.00450611114502,-4.709683895111084,0.23988212645053864,0.0078021083027124405,0.10008421540260315,4,False,0.7555894255638123,0.0
fore_aft,10.96,0,0.23144416511058807,-13.004701614379883,-4.709804058074951,0.23988597095012665,0.007803925313055515,0.100127212703228,4,False,0.7555917501449585,0.0
fore_aft,10.98,0,0.23144365847110748,-13.00482177734375,-4.709867477416992,0.2398882806301117,0.007760526612401009,0.10029403865337372,4,False,0.7555914521217346,0.0
fore_aft,11.0,0,0.23144294321537018,-13.004871368408203,-4.709875583648682,0.23988912999629974,0.007801437750458717,0.10033559799194336,4,False,0.7555907964706421,0.0
