pose,time_s,trial,height,roll_deg,pitch_deg,gravity_error,speed,angular_speed,feet_contact,base_contact,joint_rms,stable_hold_s
side,0.02,0,0.6855661273002625,-34.32577133178711,-7.85399055480957,0.5991034507751465,0.1592516154050827,2.8399250507354736,0,False,0.2066734880208969,0.0
side,0.04,0,0.6796772480010986,-37.72908020019531,-9.015156745910645,0.6561115384101868,0.4083617627620697,3.752587080001831,0,False,0.3756578862667084,0.0
side,0.06,0,0.6680594086647034,-36.85438537597656,-10.865160942077637,0.6467005610466003,0.6473287343978882,2.2138304710388184,0,False,0.46882739663124084,0.0
side,0.08,0,0.6531647443771362,-36.853118896484375,-11.479785919189453,0.6483592987060547,0.8123739957809448,0.27156496047973633,0,False,0.5465760827064514,0.0
side,0.1,0,0.635643720626831,-34.89574432373047,-11.803500175476074,0.6190223693847656,0.9173853993415833,1.4475218057632446,0,False,0.6132991313934326,0.0
side,0.12,0,0.6142665147781372,-33.92969512939453,-11.24250316619873,0.6022236943244934,1.1753370761871338,1.46650230884552,0,False,0.6266322731971741,0.0
side,0.14,0,0.5893893837928772,-33.783878326416016,-11.183537483215332,0.5997631549835205,1.3032864332199097,1.385177731513977,0,False,0.6429013609886169,0.0
side,0.16,0,0.5591959357261658,-32.34541320800781,-10.63316535949707,0.5754873752593994,1.638837456703186,1.768218994140625,0,False,0.6519775986671448,0.0
side,0.18,0,0.5257840156555176,-33.087890625,-10.827195167541504,0.5877401232719421,1.7021446228027344,1.442116618156433,0,False,0.6660641431808472,0.0
side,0.2,0,0.48819100856781006,-31.701265335083008,-10.648239135742188,0.5654756426811218,1.9824753999710083,1.547666072845459,0,False,0.6761508584022522,0.0
side,0.22,0,0.44733190536499023,-31.783775329589844,-10.803048133850098,0.5673167705535889,2.090139865875244,0.7109032869338989,0,False,0.689607560634613,0.0
side,0.24,0,0.4021488130092621,-30.714052200317383,-10.762190818786621,0.5505037307739258,2.3560245037078857,1.031593680381775,0,False,0.7006340622901917,0.0
side,0.26,0,0.35524865984916687,-28.98333740234375,-11.504823684692383,0.5268466472625732,2.241316556930542,3.3824777603149414,1,False,0.6921098232269287,0.0
side,0.28,0,0.3103923499584198,-26.163055419921875,-13.316084861755371,0.49406298995018005,2.171827554702759,3.4246957302093506,2,False,0.7012614011764526,0.0
side,0.3,0,0.26972389221191406,-25.326871871948242,-13.61022663116455,0.4837660491466522,1.980692744255066,0.5807907581329346,2,False,0.7549338340759277,0.0
side,0.32,0,0.23390521109104156,-29.469409942626953,-11.899715423583984,0.5360480546951294,1.7702463865280151,5.976268768310547,2,False,0.8084415793418884,0.0
side,0.34,0,0.20130768418312073,-33.942996978759766,-8.773199081420898,0.5951862335205078,1.721274971961975,4.754249095916748,2,False,0.883067786693573,0.0
side,0.36,0,0.17046037316322327,-37.37813949584961,-4.293078422546387,0.643061101436615,1.54184889793396,5.9823150634765625,2,False,0.9390174746513367,0.0
side,0.38,0,0.1452198624610901,-40.38087844848633,2.4382050037384033,0.6908630132675171,1.3393921852111816,8.346142768859863,1,False,0.9943237900733948,0.0
side,0.4,0,0.14415372908115387,-38.143287658691406,2.9462404251098633,0.6544843316078186,0.22711814939975739,2.6874380111694336,1,False,0.9787208437919617,0.0
side,0.42,0,0.14223484694957733,-36.7648811340332,2.494785785675049,0.6314889192581177,0.30291128158569336,2.4873173236846924,1,False,0.9681445956230164,0.0
side,0.44,0,0.1386827528476715,-37.14765167236328,1.0289936065673828,0.6371808648109436,0.2629883289337158,2.610048532485962,2,False,0.9753287434577942,0.0
side,0.46,0,0.135823056101799,-36.21160125732422,0.13850900530815125,0.6215478181838989,0.24348042905330658,2.8361902236938477,2,False,0.9748102426528931,0.0
side,0.48,0,0.13435226678848267,-34.39387893676758,0.050173722207546234,0.5913144946098328,0.17352646589279175,2.5252175331115723,2,False,1.0023876428604126,0.0
side,0.5,0,0.13348783552646637,-32.542633056640625,0.20061254501342773,0.560378909111023,0.08026472479104996,2.597679376602173,2,False,1.0324459075927734,0.0
side,0.52,0,0.13322299718856812,-31.12657356262207,0.4745224714279175,0.5366453528404236,0.07235689461231232,2.0535030364990234,2,False,1.0612319707870483,0.0
side,0.54,0,0.13395096361637115,-31.42864418029785,0.6531884670257568,0.5417566895484924,0.18164342641830444,1.793584942817688,2,False,1.0706719160079956,0.0
side,0.56,0,0.13480018079280853,-31.20203399658203,1.033185362815857,0.5380629897117615,0.19862060248851776,1.5254554748535156,2,False,1.0830614566802979,0.0
side,0.58,0,0.1354549080133438,-31.162090301513672,1.2654680013656616,0.5374867916107178,0.1979900598526001,1.1577249765396118,2,False,1.0904072523117065,0.0
side,0.6,0,0.13557785749435425,-31.144617080688477,1.309683084487915,0.5372135639190674,0.16973555088043213,1.0401232242584229,2,False,1.0953599214553833,0.0
side,0.62,0,0.13506877422332764,-31.1816463470459,1.132690191268921,0.5377587676048279,0.13775579631328583,0.9018640518188477,2,False,1.098659873008728,0.0
side,0.64,0,0.13398465514183044,-31.273651123046875,0.6985142827033997,0.5391637682914734,0.11693379282951355,0.748852550983429,2,False,1.0993157625198364,0.0
side,0.66,0,0.13242444396018982,-31.41267204284668,0.07129623740911484,0.5414146780967712,0.1004914790391922,0.7037188410758972,2,False,1.0976676940917969,0.0
side,0.68,0,0.13214094936847687,-31.442033767700195,-0.0436539426445961,0.5419074892997742,0.023091671988368034,0.3959820866584778,2,False,1.0973103046417236,0.0
side,0.7000000000000001,0,0.13217025995254517,-31.45585823059082,-0.03478078544139862,0.5421395897865295,0.010228543542325497,0.045129433274269104,2,False,1.096869945526123,0.0
side,0.72,0,0.13215826451778412,-31.46556854248047,-0.042729027569293976,0.5423028469085693,0.005250607617199421,0.054260626435279846,2,False,1.0961973667144775,0.0
side,0.74,0,0.1321510225534439,-31.455753326416016,-0.04345216229557991,0.5421379208564758,0.007314616814255714,0.10042290389537811,2,False,1.0958300828933716,0.0
side,0.76,0,0.13215091824531555,-31.457326889038086,-0.043119605630636215,0.5421643853187561,0.0043104542419314384,0.10562288761138916,2,False,1.095618486404419,0.0
side,0.78,0,0.13215316832065582,-31.456480026245117,-0.04243361949920654,0.5421501398086548,0.0071946089155972,0.08003255724906921,2,False,1.0955641269683838,0.0
side,0.8,0,0.13215400278568268,-31.457910537719727,-0.04225211217999458,0.5421741604804993,0.006071565672755241,0.08657289296388626,2,False,1.0955487489700317,0.0
side,0.8200000000000001,0,0.1321537047624588,-31.458740234375,-0.04243064671754837,0.5421881675720215,0.005563812330365181,0.08781974017620087,2,False,1.0955653190612793,0.0
side,0.84,0,0.13215401768684387,-31.458805084228516,-0.042422667145729065,0.5421892404556274,0.00576335983350873,0.08408418297767639,2,False,1.0955911874771118,0.0
side,0.86,0,0.1321536898612976,-31.459102630615234,-0.042479854077100754,0.5421942472457886,0.005570780485868454,0.08279405534267426,2,False,1.0956064462661743,0.0
side,0.88,0,0.1321536898612976,-31.45905303955078,-0.04247482866048813,0.5421934127807617,0.0057085794396698475,0.08280409872531891,2,False,1.0956100225448608,0.0
side,0.9,0,0.13215377926826477,-31.459142684936523,-0.04251289740204811,0.5421948432922363,0.005604283884167671,0.08293589949607849,2,False,1.0956045389175415,0.0
side,0.92,0,0.13215389847755432,-31.45928955078125,-0.04252197593450546,0.5421973466873169,0.00551336444914341,0.08349606394767761,2,False,1.0955965518951416,0.0
side,0.9400000000000001,0,0.13215354084968567,-31.459083557128906,-0.042518872767686844,0.5421938896179199,0.005643012467771769,0.08414798974990845,2,False,1.0955933332443237,0.0
side,0.96,0,0.13215336203575134,-31.458799362182617,-0.042506735771894455,0.5421890616416931,0.005837455857545137,0.08296836912631989,2,False,1.0955909490585327,0.0
side,0.98,0,0.1321534365415573,-31.458852767944336,-0.04253478720784187,0.5421899557113647,0.005675220396369696,0.08121100068092346,2,False,1.0955883264541626,0.0
side,1.0,0,0.1321539729833603,-31.45930290222168,-0.04242989793419838,0.542197585105896,0.005519111640751362,0.08290311694145203,2,False,1.0955861806869507,0.0
side,1.02,0,0.13215386867523193,-31.4589900970459,-0.0424477756023407,0.5421923398971558,0.005634685046970844,0.0831555426120758,2,False,1.095587134361267,0.0
side,1.04,0,0.13215385377407074,-31.458885192871094,-0.042399682104587555,0.5421905517578125,0.005646589677780867,0.08240874856710434,2,False,1.0955901145935059,0.0
side,1.06,0,0.1321539580821991,-31.458961486816406,-0.0424857921898365,0.5421918630599976,0.0057123033329844475,0.0828964039683342,2,False,1.0955922603607178,0.0
side,1.08,0,0.13215377926826477,-31.459125518798828,-0.042557936161756516,0.542194664478302,0.005575032439082861,0.08321650326251984,2,False,1.0955926179885864,0.0
side,1.1,0,0.13215388357639313,-31.459352493286133,-0.042546018958091736,0.5421983599662781,0.005531509406864643,0.08346476405858994,2,False,1.0955920219421387,0.0
side,1.12,0,0.13215401768684387,-31.45916748046875,-0.042414821684360504,0.5421952605247498,0.005697604268789291,0.08254987746477127,2,False,1.0955936908721924,0.0
side,1.1400000000000001,0,0.13215383887290955,-31.459012985229492,-0.04247480630874634,0.5421926975250244,0.005714926868677139,0.08272229135036469,2,False,1.0955945253372192,0.0
side,1.16,0,0.13215385377407074,-31.45939826965332,-0.042556051164865494,0.5421991944313049,0.005450558848679066,0.08288290351629257,2,False,1.0955939292907715,0.0
side,1.18,0,0.13215376436710358,-31.45931053161621,-0.0424659326672554,0.5421977043151855,0.005749419331550598,0.08242666721343994,2,False,1.0955922603607178,0.0
side,1.2,0,0.13215374946594238,-31.458942413330078,-0.04248378053307533,0.5421915054321289,0.005750231444835663,0.08241590857505798,2,False,1.095590591430664,0.0
side,1.22,0,0.1321539431810379,-31.45911979675293,-0.04250288009643555,0.5421944856643677,0.005571829155087471,0.08103016763925552,2,False,1.0955878496170044,0.0
side,1.24,0,0.13215377926826477,-31.459009170532227,-0.04254186525940895,0.5421926379203796,0.0057557313703000546,0.08146437257528305,2,False,1.095587968826294,0.0
side,1.26,0,0.13215374946594238,-31.45891571044922,-0.04247276112437248,0.5421910881996155,0.0057220119051635265,0.0826956182718277,2,False,1.0955884456634521,0.0
side,1.28,0,0.1321536749601364,-31.45890998840332,-0.04243672639131546,0.5421909689903259,0.005716324783861637,0.08330383896827698,2,False,1.0955890417099,0.0
side,1.3,0,0.13215389847755432,-31.458951950073242,-0.04247177392244339,0.542191743850708,0.00571766821667552,0.08246459811925888,2,False,1.0955888032913208,0.0
side,1.32,0,0.1321539282798767,-31.459352493286133,-0.0423898845911026,0.5421983599662781,0.005390563048422337,0.08467518538236618,2,False,1.0955901145935059,0.0
side,1.34,0,0.1321539580821991,-31.459354400634766,-0.04241691157221794,0.5421984195709229,0.005363737232983112,0.08434657007455826,2,False,1.095593810081482,0.0
side,1.36,0,0.13215391337871552,-31.459524154663086,-0.04255811497569084,0.5422013401985168,0.005422567017376423,0.08419296145439148,2,False,1.0955946445465088,0.0
side,1.3800000000000001,0,0.1321536749601364,-31.45958137512207,-0.04260317608714104,0.5422021746635437,0.00529738562181592,0.08390669524669647,2,False,1.0955942869186401,0.0
side,1.4000000000000001,0,0.1321534812450409,-31.45928955078125,-0.04258203133940697,0.5421974062919617,0.005485513247549534,0.08330895006656647,2,False,1.0955932140350342,0.0
side,1.42,0,0.13215360045433044,-31.45929718017578,-0.0425570085644722,0.5421975255012512,0.005504808854311705,0.08309517055749893,2,False,1.0955897569656372,0.0
side,1.44,0,0.1321536749601364,-31.459266662597656,-0.04246891289949417,0.5421969890594482,0.005485362373292446,0.08361468464136124,2,False,1.095588207244873,0.0
side,1.46,0,0.13215379416942596,-31.459245681762695,-0.04247390851378441,0.5421966314315796,0.00546070234850049,0.08399485051631927,2,False,1.095588207244873,0.0
side,1.48,0,0.13215376436710358,-31.459253311157227,-0.04245089367032051,0.5421967506408691,0.005490767769515514,0.0839976891875267,2,False,1.0955909490585327,0.0
side,1.5,0,0.1321534365415573,-31.459253311157227,-0.042544975876808167,0.5421967506408691,0.005403480958193541,0.08390111476182938,2,False,1.0955926179885864,0.0
side,1.52,0,0.13215342164039612,-31.459300994873047,-0.042570024728775024,0.5421975255012512,0.005487409420311451,0.0838865116238594,2,False,1.0955941677093506,0.0
side,1.54,0,0.1321532279253006,-31.459075927734375,-0.04251086339354515,0.5421937108039856,0.005455681588500738,0.08261992037296295,2,False,1.0955917835235596,0.0
side,1.56,0,0.1321537047624588,-31.4593448638916,-0.0425109900534153,0.5421982407569885,0.005578579381108284,0.08235274255275726,2,False,1.095589280128479,0.0
side,1.58,0,0.13215364515781403,-31.459285736083984,-0.04252397269010544,0.5421972870826721,0.005575387738645077,0.08301176875829697,2,False,1.0955866575241089,0.0
side,1.6,0,0.13215371966362,-31.459125518798828,-0.04254091531038284,0.5421945452690125,0.005752000026404858,0.08373425900936127,2,False,1.0955864191055298,0.0
side,1.62,0,0.1321536749601364,-31.458925247192383,-0.04246975854039192,0.542191207408905,0.005719643551856279,0.08352547883987427,2,False,1.0955874919891357,0.0
side,1.6400000000000001,0,0.1321537345647812,-31.459243774414062,-0.042592018842697144,0.5421965718269348,0.00552390655502677,0.08288610726594925,2,False,1.0955870151519775,0.0
side,1.6600000000000001,0,0.13215364515781403,-31.459068298339844,-0.042577922344207764,0.5421936511993408,0.0056291790679097176,0.0830998495221138,2,False,1.0955876111984253,0.0
side,1.68,0,0.1321536898612976,-31.45903205871582,-0.04255588725209236,0.5421929955482483,0.005609662272036076,0.0818822905421257,2,False,1.0955878496170044,0.0
side,1.7,0,0.13215376436710358,-31.459213256835938,-0.04256797581911087,0.5421960949897766,0.005625436082482338,0.08244543522596359,2,False,1.095587134361267,0.0
side,1.72,0,0.13215371966362,-31.459068298339844,-0.042499855160713196,0.542193591594696,0.005649261642247438,0.08189823478460312,2,False,1.095587968826294,0.0
side,1.74,0,0.13215376436710358,-31.458948135375977,-0.042528826743364334,0.5421916842460632,0.005566281266510487,0.08255527913570404,2,False,1.0955876111984253,0.0
side,1.76,0,0.13215383887290955,-31.459226608276367,-0.042531952261924744,0.5421963334083557,0.005545757245272398,0.08312694728374481,2,False,1.0955880880355835,0.0
side,1.78,0,0.13215385377407074,-31.459218978881836,-0.04244587570428848,0.5421961545944214,0.005556490272283554,0.0838635191321373,2,False,1.0955908298492432,0.0
side,1.8,0,0.13215385377407074,-31.459152221679688,-0.04244884476065636,0.5421950221061707,0.0056106774136424065,0.08162709325551987,2,False,1.0955921411514282,0.0
side,1.82,0,0.1321539282798767,-31.459016799926758,-0.042444780468940735,0.542192816734314,0.005679458379745483,0.08388606458902359,2,False,1.0955923795700073,0.0
side,1.84,0,0.13215383887290955,-31.459068298339844,-0.04242178052663803,0.542193591594696,0.005731028504669666,0.08245616406202316,2,False,1.0955926179885864,0.0
side,1.86,0,0.13215388357639313,-31.458881378173828,-0.04245172441005707,0.5421904921531677,0.0056979539804160595,0.08304169774055481,2,False,1.095593810081482,0.0
side,1.8800000000000001,0,0.13215388357639313,-31.45915985107422,-0.04244384169578552,0.542195200920105,0.005719800014048815,0.08260264992713928,2,False,1.0955934524536133,0.0
side,1.9000000000000001,0,0.1321534663438797,-31.458847045898438,-0.042534783482551575,0.54218989610672,0.005733253434300423,0.08334662020206451,2,False,1.0955930948257446,0.0
side,1.92,0,0.13215380907058716,-31.458925247192383,-0.04237167537212372,0.542191207408905,0.005702057853341103,0.08236179500818253,2,False,1.095594048500061,0.0
side,1.94,0,0.13215374946594238,-31.458831787109375,-0.0423896498978138,0.5421897172927856,0.00579318031668663,0.08331918716430664,2,False,1.095594048500061,0.0
side,1.96,0,0.13215383887290955,-31.45884132385254,-0.04237363860011101,0.5421898365020752,0.005748973228037357,0.08353281021118164,2,False,1.095595359802246,0.0
side,1.98,0,0.13215352594852448,-31.45905303955078,-0.04247782751917839,0.5421934127807617,0.0055040172301232815,0.08379228413105011,2,False,1.0955947637557983,0.0
side,2.0,0,0.13215376436710358,-31.459285736083984,-0.04245791584253311,0.5421972870826721,0.0054061864502727985,0.08383946120738983,2,False,1.0955946445465088,0.0
side,2.02,0,0.1321536749601364,-31.45916748046875,-0.042389798909425735,0.5421952605247498,0.00549136521294713,0.08360341936349869,2,False,1.0955944061279297,0.0
side,2.04,0,0.13215377926826477,-31.459003448486328,-0.04242175444960594,0.5421925783157349,0.005688176490366459,0.08222663402557373,2,False,1.095593810081482,0.0
side,2.06,0,0.13215386867523193,-31.458948135375977,-0.04244275018572807,0.5421916842460632,0.005702711641788483,0.08220640569925308,2,False,1.0955936908721924,0.0
side,2.08,0,0.1321539431810379,-31.458974838256836,-0.04246177524328232,0.5421920418739319,0.005647708661854267,0.08354150503873825,2,False,1.0955930948257446,0.0
side,2.1,0,0.13215383887290955,-31.45905303955078,-0.04253387823700905,0.5421934127807617,0.005504976492375135,0.08259081840515137,2,False,1.0955933332443237,0.0
side,2.12,0,0.13215385377407074,-31.459213256835938,-0.04245888441801071,0.5421960949897766,0.005618552211672068,0.08323054015636444,2,False,1.0955935716629028,0.0
side,2.14,0,0.13215371966362,-31.459396362304688,-0.04259108379483223,0.5421991348266602,0.005440971814095974,0.08369113504886627,2,False,1.0955919027328491,0.0
side,2.16,0,0.13215354084968567,-31.459253311157227,-0.0425349697470665,0.5421967506408691,0.005415431689471006,0.08414270728826523,2,False,1.0955924987792969,0.0
side,2.18,0,0.13215361535549164,-31.459196090698242,-0.042581986635923386,0.5421957969665527,0.005495539400726557,0.08347316831350327,2,False,1.0955911874771118,0.0
side,2.2,0,0.13215379416942596,-31.458974838256836,-0.042459774762392044,0.5421920418739319,0.00578246871009469,0.08359811455011368,2,False,1.0955922603607178,0.0
side,2.22,0,0.13215363025665283,-31.4589900970459,-0.042562875896692276,0.5421923398971558,0.005745927337557077,0.0839119553565979,2,False,1.0955896377563477,0.0
side,2.24,0,0.13215382397174835,-31.459007263183594,-0.04241875186562538,0.5421925783157349,0.00569109758362174,0.0811958909034729,2,False,1.0955897569656372,0.0
side,2.2600000000000002,0,0.13215389847755432,-31.45930290222168,-0.04254399985074997,0.542197585105896,0.005537876859307289,0.08195753395557404,2,False,1.095588207244873,0.0
side,2.2800000000000002,0,0.13215355575084686,-31.45929718017578,-0.042589034885168076,0.5421975255012512,0.005451973993331194,0.08253098279237747,2,False,1.0955866575241089,0.0
side,2.3000000000000003,0,0.13215366005897522,-31.45923614501953,-0.042502932250499725,0.5421964526176453,0.005544285289943218,0.08098623156547546,2,False,1.0955866575241089,0.0
side,2.32,0,0.13215400278568268,-31.459430694580078,-0.042441967874765396,0.5421997308731079,0.005527502857148647,0.08179772645235062,2,False,1.0955842733383179,0.0
side,2.34,0,0.13215389847755432,-31.459312438964844,-0.04249095916748047,0.5421978235244751,0.0054923007264733315,0.08266445994377136,2,False,1.0955841541290283,0.0
side,2.36,0,0.13215389847755432,-31.459186553955078,-0.042511921375989914,0.5421956777572632,0.005539433099329472,0.08319510519504547,2,False,1.0955864191055298,0.0
side,2.38,0,0.13215358555316925,-31.459169387817383,-0.04258797690272331,0.5421953797340393,0.005530043970793486,0.08249715715646744,2,False,1.095587968826294,0.0
side,2.4,0,0.13215360045433044,-31.459209442138672,-0.042529940605163574,0.5421959757804871,0.005533033516258001,0.08380413055419922,2,False,1.0955878496170044,0.0
side,2.42,0,0.13215374946594238,-31.4593563079834,-0.0425029881298542,0.5421985387802124,0.005523999221622944,0.0818871557712555,2,False,1.0955874919891357,0.0
side,2.44,0,0.13215358555316925,-31.459259033203125,-0.04256199300289154,0.5421968102455139,0.005561449099332094,0.08342338353395462,2,False,1.0955861806869507,0.0
side,2.46,0,0.13215352594852448,-31.45914649963379,-0.04257996380329132,0.5421949625015259,0.005588512402027845,0.08283347636461258,2,False,1.0955862998962402,0.0
side,2.48,0,0.13215374946594238,-31.459335327148438,-0.04248996824026108,0.542198121547699,0.005580903962254524,0.08221904933452606,2,False,1.0955860614776611,0.0
side,2.5,0,0.13215364515781403,-31.459095001220703,-0.042470838874578476,0.542194128036499,0.005683532916009426,0.08268610388040543,2,False,1.0955872535705566,0.0
side,2.52,0,0.1321534365415573,-31.45882225036621,-0.04256279766559601,0.5421894788742065,0.0056687528267502785,0.08206838369369507,2,False,1.0955874919891357,0.0
side,2.54,0,0.13215389847755432,-31.459352493286133,-0.04242291674017906,0.5421983599662781,0.005558410193771124,0.08228149265050888,2,False,1.0955859422683716,0.0
side,2.56,0,0.13215361535549164,-31.459228515625,-0.04254396632313728,0.5421963930130005,0.005640954710543156,0.08340936154127121,2,False,1.0955865383148193,0.0
side,2.58,0,0.1321539282798767,-31.459211349487305,-0.042522940784692764,0.5421960353851318,0.005579619202762842,0.08131750673055649,2,False,1.0955860614776611,0.0
side,2.6,0,0.1321537047624588,-31.459388732910156,-0.042432937771081924,0.5421990156173706,0.005471662152558565,0.08442684262990952,2,False,1.0955860614776611,0.0
side,2.62,0,0.13215360045433044,-31.459136962890625,-0.04257294535636902,0.5421947836875916,0.005553672090172768,0.08319476246833801,2,False,1.0955876111984253,0.0
side,2.64,0,0.13215364515781403,-31.459362030029297,-0.04260007292032242,0.5421985387802124,0.0056067220866680145,0.08286277204751968,2,False,1.095588207244873,0.0
side,2.66,0,0.13215361535549164,-31.459043502807617,-0.042482826858758926,0.5421932935714722,0.005651469808071852,0.08243197947740555,2,False,1.0955911874771118,0.0
side,2.68,0,0.13215383887290955,-31.458986282348633,-0.04247279465198517,0.5421922206878662,0.005741466302424669,0.08205784112215042,2,False,1.095589280128479,0.0
side,2.7,0,0.13215379416942596,-31.4588680267334,-0.04242970421910286,0.5421903133392334,0.005748039111495018,0.08274044096469879,2,False,1.095589280128479,0.0
side,2.72,0,0.1321539282798767,-31.459068298339844,-0.04246582090854645,0.542193591594696,0.005610031541436911,0.08252233266830444,2,False,1.0955901145935059,0.0
side,2.74,0,0.13215371966362,-31.459136962890625,-0.042431823909282684,0.5421947836875916,0.005552173592150211,0.08318310230970383,2,False,1.0955913066864014,0.0
side,2.7600000000000002,0,0.13215389847755432,-31.45905113220215,-0.04243778809905052,0.5421932935714722,0.005649269092828035,0.08171942830085754,2,False,1.0955932140350342,0.0
side,2.7800000000000002,0,0.1321539580821991,-31.459157943725586,-0.04250890389084816,0.5421950817108154,0.005632087588310242,0.08339536935091019,2,False,1.095593810081482,0.0
side,2.8000000000000003,0,0.13215401768684387,-31.45913314819336,-0.04239578917622566,0.542194664478302,0.005640206392854452,0.08211667835712433,2,False,1.095594048500061,0.0
side,2.82,0,0.13215409219264984,-31.45920181274414,-0.042470887303352356,0.5421958565711975,0.005610552150756121,0.08270369470119476,2,False,1.0955947637557983,0.0
side,2.84,0,0.1321536749601364,-31.459243774414062,-0.04255497828125954,0.5421965718269348,0.005509092006832361,0.0840415507555008,2,False,1.095594048500061,0.0
side,2.86,0,0.1321537047624588,-31.45902442932129,-0.04249782860279083,0.5421928763389587,0.005583705380558968,0.08360491693019867,2,False,1.0955946445465088,0.0
side,2.88,0,0.13215374946594238,-31.459150314331055,-0.0425058975815773,0.5421950221061707,0.005648916121572256,0.0826319083571434,2,False,1.0955923795700073,0.0
side,2.9,0,0.13215376436710358,-31.45922088623047,-0.04246789589524269,0.5421962141990662,0.0055272458121180534,0.0843174085021019,2,False,1.095590353012085,0.0
side,2.92,0,0.13215352594852448,-31.45927619934082,-0.0425800196826458,0.5421971082687378,0.005443701520562172,0.08372469246387482,2,False,1.0955884456634521,0.0
side,2.94,0,0.13215374946594238,-31.459068298339844,-0.04243979975581169,0.5421936511993408,0.005608892068266869,0.0836213082075119,2,False,1.095589518547058,0.0
side,2.96,0,0.13215382397174835,-31.459142684936523,-0.04247887060046196,0.5421949028968811,0.005611672531813383,0.08349740505218506,2,False,1.0955907106399536,0.0
side,2.98,0,0.1321536749601364,-31.459259033203125,-0.04248692840337753,0.5421968102455139,0.005431968718767166,0.0830557569861412,2,False,1.0955907106399536,0.0
side,3.0,0,0.13215377926826477,-31.459230422973633,-0.042435869574546814,0.5421963930130005,0.005522099323570728,0.08276209980249405,2,False,1.095590591430664,0.0
side,3.02,0,0.1321537345647812,-31.459245681762695,-0.042545970529317856,0.5421966314315796,0.0055845631286501884,0.08270411938428879,2,False,1.095590353012085,0.0
side,3.04,0,0.13215376436710358,-31.459226608276367,-0.04254596680402756,0.5421963334083557,0.005605380050837994,0.08168026804924011,2,False,1.095590353012085,0.0
side,3.06,0,0.13215374946594238,-31.459142684936523,-0.04251790791749954,0.5421949028968811,0.005648260470479727,0.08193454891443253,2,False,1.0955890417099,0.0
side,3.08,0,0.1321534663438797,-31.459012985229492,-0.04254186898469925,0.5421927571296692,0.00565149774774909,0.08362841606140137,2,False,1.0955874919891357,0.0
side,3.1,0,0.13215377926826477,-31.45914649963379,-0.04251790791749954,0.5421949625015259,0.005606968421489,0.08327167481184006,2,False,1.0955860614776611,0.0
side,3.12,0,0.13215379416942596,-31.45929718017578,-0.042471930384635925,0.5421975255012512,0.005537863355129957,0.08302345871925354,2,False,1.0955864191055298,0.0
side,3.14,0,0.13215366005897522,-31.45911979675293,-0.04244883358478546,0.5421944856643677,0.005589878652244806,0.08310166746377945,2,False,1.0955870151519775,0.0
side,3.16,0,0.13215374946594238,-31.4589900970459,-0.04245677962899208,0.5421922206878662,0.005735402926802635,0.08253905177116394,2,False,1.095589518547058,0.0
side,3.18,0,0.13215355575084686,-31.459184646606445,-0.04248189181089401,0.5421955585479736,0.0055767931044101715,0.08299227803945541,2,False,1.0955890417099,0.0
side,3.2,0,0.13215391337871552,-31.4591121673584,-0.04248486086726189,0.5421943664550781,0.005626071710139513,0.08275429904460907,2,False,1.0955898761749268,0.0
side,3.22,0,0.13215376436710358,-31.458951950073242,-0.04252682253718376,0.542191743850708,0.005659385118633509,0.08152634650468826,2,False,1.095591425895691,0.0
side,3.24,0,0.13215366005897522,-31.459035873413086,-0.04251685366034508,0.5421931743621826,0.0056256381794810295,0.08224613219499588,2,False,1.0955907106399536,0.0
side,3.2600000000000002,0,0.13215358555316925,-31.459077835083008,-0.04246382415294647,0.5421937704086304,0.005734280217438936,0.08223757892847061,2,False,1.0955897569656372,0.0
side,3.2800000000000002,0,0.13215364515781403,-31.458965301513672,-0.04249180108308792,0.5421919226646423,0.005673725623637438,0.0821063444018364,2,False,1.0955890417099,0.0
side,3.3000000000000003,0,0.13215382397174835,-31.45914649963379,-0.04249388352036476,0.5421949625015259,0.005669816862791777,0.08158894628286362,2,False,1.0955874919891357,0.0
side,3.3200000000000003,0,0.13215355575084686,-31.45890235900879,-0.04249377176165581,0.5421909093856812,0.005783886648714542,0.0814829096198082,2,False,1.0955890417099,0.0
side,3.34,0,0.13215361535549164,-31.458932876586914,-0.04253482073545456,0.5421913862228394,0.005713534541428089,0.08287364989519119,2,False,1.0955877304077148,0.0
side,3.36,0,0.13215366005897522,-31.459211349487305,-0.04247789829969406,0.5421960353851318,0.005633307620882988,0.08398381620645523,2,False,1.0955873727798462,0.0
side,3.38,0,0.13215351104736328,-31.459012985229492,-0.042542871087789536,0.5421927571296692,0.005592929199337959,0.08421171456575394,2,False,1.0955884456634521,0.0
side,3.4,0,0.13215363025665283,-31.45905303955078,-0.04245981201529503,0.5421934127807617,0.005717806983739138,0.08207601308822632,2,False,1.0955889225006104,0.0
side,3.42,0,0.13215406239032745,-31.4589786529541,-0.042434755712747574,0.5421921014785767,0.0057224552147090435,0.08144049346446991,2,False,1.0955901145935059,0.0
side,3.44,0,0.1321537047624588,-31.458965301513672,-0.04243474826216698,0.5421919226646423,0.005751574411988258,0.08189847320318222,2,False,1.0955902338027954,0.0
side,3.46,0,0.13215340673923492,-31.458898544311523,-0.04252980276942253,0.5421907901763916,0.005729240830987692,0.08246452361345291,2,False,1.095590353012085,0.0
side,3.48,0,0.13215361535549164,-31.459007263183594,-0.04259991645812988,0.5421925783157349,0.00568726472556591,0.08224041759967804,2,False,1.095590353012085,0.0
side,3.5,0,0.1321537345647812,-31.458925247192383,-0.0424937829375267,0.5421912670135498,0.005825927946716547,0.08230482786893845,2,False,1.0955907106399536,0.0
side,3.52,0,0.13215360045433044,-31.45903205871582,-0.04247081279754639,0.5421929955482483,0.005594548769295216,0.08269195258617401,2,False,1.095589518547058,0.0
side,3.54,0,0.1321536749601364,-31.45888328552246,-0.042522791773080826,0.5421904921531677,0.005674958694726229,0.08258175849914551,2,False,1.0955902338027954,0.0
side,3.56,0,0.13215380907058716,-31.45915985107422,-0.04254594072699547,0.5421951413154602,0.005607164930552244,0.08231061697006226,2,False,1.0955886840820312,0.0
side,3.58,0,0.13215363025665283,-31.459209442138672,-0.04251893609762192,0.5421959757804871,0.005585554987192154,0.08295832574367523,2,False,1.0955889225006104,0.0
side,3.6,0,0.13215361535549164,-31.458969116210938,-0.04250681400299072,0.5421919822692871,0.005613772664219141,0.08338872343301773,2,False,1.095589280128479,0.0
side,3.62,0,0.13215364515781403,-31.458938598632812,-0.04247577488422394,0.5421914458274841,0.005712410900741816,0.08133242279291153,2,False,1.0955884456634521,0.0
side,3.64,0,0.1321536898612976,-31.45902442932129,-0.04252585768699646,0.5421928763389587,0.00568293035030365,0.08147814869880676,2,False,1.0955865383148193,0.0
side,3.66,0,0.13215379416942596,-31.459163665771484,-0.042435839772224426,0.542195200920105,0.005694686900824308,0.08245916664600372,2,False,1.0955853462219238,0.0
side,3.68,0,0.13215389847755432,-31.458965301513672,-0.04246777668595314,0.5421919226646423,0.005781946703791618,0.08358002454042435,2,False,1.095587134361267,0.0
side,3.7,0,0.13215388357639313,-31.458959579467773,-0.04243674501776695,0.5421918034553528,0.0056466409005224705,0.08248046040534973,2,False,1.0955896377563477,0.0
side,3.72,0,0.13215377926826477,-31.458847045898438,-0.042485740035772324,0.54218989610672,0.0056958855129778385,0.0827779695391655,2,False,1.0955917835235596,0.0
side,3.74,0,0.13215388357639313,-31.458959579467773,-0.04241172596812248,0.5421918630599976,0.005670780781656504,0.08299069851636887,2,False,1.095592975616455,0.0
side,3.7600000000000002,0,0.13215358555316925,-31.458898544311523,-0.04250577837228775,0.5421907901763916,0.005803625099360943,0.08223714679479599,2,False,1.0955932140350342,0.0
side,3.7800000000000002,0,0.13215379416942596,-31.458948135375977,-0.042432744055986404,0.5421916842460632,0.005741059314459562,0.08160829544067383,2,False,1.095593810081482,0.0
side,3.8000000000000003,0,0.13215404748916626,-31.459095001220703,-0.042430803179740906,0.542194128036499,0.005661831237375736,0.08307819813489914,2,False,1.095592737197876,0.0
side,3.8200000000000003,0,0.13215374946594238,-31.458934783935547,-0.042451754212379456,0.5421913862228394,0.005697062239050865,0.08200369775295258,2,False,1.0955928564071655,0.0
side,3.84,0,0.13215391337871552,-31.458839416503906,-0.042439691722393036,0.5421897172927856,0.005730331409722567,0.08228371292352676,2,False,1.0955942869186401,0.0
side,3.86,0,0.1321537345647812,-31.459203720092773,-0.04249190911650658,0.5421959161758423,0.0056331162340939045,0.08321154862642288,2,False,1.0955928564071655,0.0
side,3.88,0,0.1321539729833603,-31.458898544311523,-0.04243472218513489,0.5421907901763916,0.005795145407319069,0.08241786062717438,2,False,1.0955944061279297,0.0
side,3.9,0,0.13215366005897522,-31.458961486816406,-0.042462773621082306,0.5421918630599976,0.005714518949389458,0.08321025967597961,2,False,1.0955944061279297,0.0
side,3.92,0,0.1321539431810379,-31.458969116210938,-0.04242774844169617,0.5421919822692871,0.005710999481379986,0.08340214192867279,2,False,1.095594048500061,0.0
side,3.94,0,0.1321539282798767,-31.45899200439453,-0.04244576767086983,0.5421923995018005,0.0056679751724004745,0.08281704783439636,2,False,1.0955936908721924,0.0
side,3.96,0,0.13215371966362,-31.459142684936523,-0.042497891932725906,0.5421949028968811,0.005588670261204243,0.0841500386595726,2,False,1.0955946445465088,0.0
side,3.98,0,0.13215380907058716,-31.459192276000977,-0.04244786500930786,0.542195737361908,0.0056167286820709705,0.0839150995016098,2,False,1.0955955982208252,0.0
side,4.0,0,0.13215374946594238,-31.4589900970459,-0.04246378317475319,0.5421923398971558,0.005725964903831482,0.0829964205622673,2,False,1.095596194267273,0.0
side,4.0200000000000005,0,0.1321539729833603,-31.459041595458984,-0.042445797473192215,0.5421932339668274,0.00558468559756875,0.08220194280147552,2,False,1.0955950021743774,0.0
side,4.04,0,0.13215385377407074,-31.45917510986328,-0.04243984818458557,0.5421954393386841,0.005591157823801041,0.08242002129554749,2,False,1.0955942869186401,0.0
side,4.0600000000000005,0,0.1321537345647812,-31.458955764770508,-0.04240471497178078,0.542191743850708,0.005694039631634951,0.08341421186923981,2,False,1.0955945253372192,0.0
side,4.08,0,0.1321537345647812,-31.458965301513672,-0.04246777668595314,0.5421919226646423,0.005573338363319635,0.083762988448143,2,False,1.0955934524536133,0.0
side,4.1,0,0.1321539729833603,-31.459327697753906,-0.0424509271979332,0.5421980023384094,0.005542902275919914,0.08303040266036987,2,False,1.0955926179885864,0.0
side,4.12,0,0.1321539729833603,-31.459362030029297,-0.042533017694950104,0.5421985983848572,0.005362298805266619,0.08384063839912415,2,False,1.0955922603607178,0.0
side,4.14,0,0.13215364515781403,-31.45940589904785,-0.04246397688984871,0.5421993136405945,0.0053483727388083935,0.08421237021684647,2,False,1.095593810081482,0.0
side,4.16,0,0.1321537345647812,-31.459213256835938,-0.04248790442943573,0.5421960949897766,0.0054954830557107925,0.08407647907733917,2,False,1.095594882965088,0.0
side,4.18,0,0.1321539580821991,-31.45909309387207,-0.042405784130096436,0.5421940088272095,0.005654898472130299,0.08346740901470184,2,False,1.0955954790115356,0.0
side,4.2,0,0.13215385377407074,-31.459226608276367,-0.04250192642211914,0.5421963334083557,0.005692845676094294,0.08318113535642624,2,False,1.0955944061279297,0.0
side,4.22,0,0.13215398788452148,-31.459012985229492,-0.042447783052921295,0.5421926975250244,0.0056992182508111,0.0833662748336792,2,False,1.0955954790115356,0.0
side,4.24,0,0.13215389847755432,-31.459026336669922,-0.042440783232450485,0.5421929359436035,0.005611198488622904,0.08356247842311859,2,False,1.095595359802246,0.0
side,4.26,0,0.1321539580821991,-31.459070205688477,-0.04244280233979225,0.5421937108039856,0.00566529668867588,0.08266089111566544,2,False,1.0955958366394043,0.0
side,4.28,0,0.1321537345647812,-31.459026336669922,-0.04258691519498825,0.5421929359436035,0.005509390030056238,0.08296514302492142,2,False,1.0955944061279297,0.0
side,4.3,0,0.1321537047624588,-31.459186553955078,-0.04245486482977867,0.5421956777572632,0.005490758456289768,0.08282029628753662,2,False,1.095592737197876,0.0
side,4.32,0,0.13215404748916626,-31.459449768066406,-0.04246499761939049,0.5422000885009766,0.005391334183514118,0.08340534567832947,2,False,1.095590591430664,0.0
side,4.34,0,0.13215391337871552,-31.459449768066406,-0.04244598001241684,0.5422000885009766,0.005361160263419151,0.08312738686800003,2,False,1.0955904722213745,0.0
side,4.36,0,0.13215377926826477,-31.459388732910156,-0.0425100103020668,0.5421990156173706,0.0053500160574913025,0.08404144644737244,2,False,1.0955901145935059,0.0
side,4.38,0,0.13215385377407074,-31.459068298339844,-0.04241177439689636,0.5421936511993408,0.0055903783068060875,0.08338353037834167,2,False,1.0955932140350342,0.0
side,4.4,0,0.13215383887290955,-31.45905113220215,-0.04252787306904793,0.5421933531761169,0.0055688186548650265,0.08435900509357452,2,False,1.0955924987792969,0.0
side,4.42,0,0.1321537345647812,-31.45905113220215,-0.04240776225924492,0.5421933531761169,0.0055573852732777596,0.08337905257940292,2,False,1.0955935716629028,0.0
side,4.44,0,0.13215386867523193,-31.459083557128906,-0.042418789118528366,0.5421938896179199,0.005614985711872578,0.08330701291561127,2,False,1.0955930948257446,0.0
side,4.46,0,0.1321539580821991,-31.459396362304688,-0.042480986565351486,0.5421991348266602,0.005494633223861456,0.08418851345777512,2,False,1.0955928564071655,0.0
side,4.48,0,0.13215360045433044,-31.459352493286133,-0.04250999167561531,0.5421984195709229,0.005484040826559067,0.08466045558452606,2,False,1.0955936908721924,0.0
side,4.5,0,0.13215358555316925,-31.459388732910156,-0.04258907958865166,0.5421990156173706,0.005333134904503822,0.08482212573289871,2,False,1.0955922603607178,0.0
side,4.5200000000000005,0,0.1321534961462021,-31.459318161010742,-0.04252699017524719,0.5421978831291199,0.005448032170534134,0.08525664359331131,2,False,1.0955913066864014,0.0
side,4.54,0,0.13215358555316925,-31.459095001220703,-0.042473841458559036,0.5421940684318542,0.005530388094484806,0.08296003937721252,2,False,1.095590353012085,0.0
side,4.5600000000000005,0,0.1321537345647812,-31.45932388305664,-0.042581044137477875,0.5421978831291199,0.0055150231346488,0.08168542385101318,2,False,1.0955885648727417,0.0
side,4.58,0,0.1321537047624588,-31.459259033203125,-0.042553987354040146,0.5421968102455139,0.005567412357777357,0.08317897468805313,2,False,1.0955880880355835,0.0
side,4.6000000000000005,0,0.13215361535549164,-31.459388732910156,-0.042587075382471085,0.5421989560127258,0.00550174480304122,0.08264277875423431,2,False,1.0955860614776611,0.0
side,4.62,0,0.13215388357639313,-31.45923614501953,-0.04247291013598442,0.5421964526176453,0.005724057089537382,0.08255905658006668,2,False,1.095585584640503,0.0
side,4.64,0,0.13215361535549164,-31.45911979675293,-0.04257294163107872,0.5421944856643677,0.005542200990021229,0.08339965343475342,2,False,1.0955849885940552,0.0
side,4.66,0,0.13215371966362,-31.459306716918945,-0.04252798482775688,0.5421976447105408,0.005463274661451578,0.0830417349934578,2,False,1.0955854654312134,0.0
side,4.68,0,0.13215366005897522,-31.459196090698242,-0.04249991104006767,0.5421957969665527,0.0056647639721632,0.08310280740261078,2,False,1.095586895942688,0.0
side,4.7,0,0.1321534961462021,-31.458934783935547,-0.042560845613479614,0.5421913862228394,0.005830366164445877,0.08281221985816956,2,False,1.0955883264541626,0.0
side,4.72,0,0.13215374946594238,-31.459142684936523,-0.042523905634880066,0.5421949028968811,0.005667451303452253,0.08153770118951797,2,False,1.0955888032913208,0.0
side,4.74,0,0.13215360045433044,-31.45903205871582,-0.04249182716012001,0.5421929955482483,0.005596226081252098,0.08219277113676071,2,False,1.0955897569656372,0.0
side,4.76,0,0.13215382397174835,-31.459026336669922,-0.04245579615235329,0.5421929359436035,0.005649459082633257,0.08159218728542328,2,False,1.0955891609191895,0.0
side,4.78,0,0.13215377926826477,-31.459152221679688,-0.04243183135986328,0.5421950817108154,0.005668676923960447,0.083165742456913,2,False,1.0955898761749268,0.0
side,4.8,0,0.13215380907058716,-31.458925247192383,-0.0424787700176239,0.5421912670135498,0.005755885969847441,0.08267810195684433,2,False,1.0955911874771118,0.0
side,4.82,0,0.13215360045433044,-31.45890235900879,-0.04247075319290161,0.5421909093856812,0.005657287314534187,0.0839882642030716,2,False,1.0955922603607178,0.0
side,4.84,0,0.13215382397174835,-31.458942413330078,-0.04243473336100578,0.5421915054321289,0.005651474464684725,0.08342389762401581,2,False,1.0955939292907715,0.0
side,4.86,0,0.13215351104736328,-31.45905113220215,-0.04247281700372696,0.5421933531761169,0.005618221126496792,0.08397404104471207,2,False,1.0955935716629028,0.0
side,4.88,0,0.13215366005897522,-31.45884895324707,-0.042475730180740356,0.5421899557113647,0.005695063155144453,0.08270110189914703,2,False,1.095594048500061,0.0
side,4.9,0,0.13215410709381104,-31.45928955078125,-0.04244290292263031,0.5421972870826721,0.005701917689293623,0.08235485851764679,2,False,1.0955922603607178,0.0
side,4.92,0,0.13215382397174835,-31.458951950073242,-0.04243174195289612,0.542191743850708,0.005718824919313192,0.08419474959373474,2,False,1.095594048500061,0.0
side,4.94,0,0.13215391337871552,-31.45909309387207,-0.042470838874578476,0.5421940088272095,0.005603293888270855,0.08260241150856018,2,False,1.0955933332443237,0.0
side,4.96,0,0.1321539580821991,-31.459102630615234,-0.04245883226394653,0.5421942472457886,0.005586354993283749,0.08153786510229111,2,False,1.0955935716629028,0.0
side,4.98,0,0.13215382397174835,-31.459272384643555,-0.04249894991517067,0.542197048664093,0.005589441861957312,0.08291912823915482,2,False,1.0955932140350342,0.0
side,5.0,0,0.13215379416942596,-31.459245681762695,-0.04256599396467209,0.5421966314315796,0.005482206586748362,0.08293882012367249,2,False,1.0955920219421387,0.0
side,5.0200000000000005,0,0.1321537345647812,-31.459392547607422,-0.04245796799659729,0.5421990752220154,0.005469982046633959,0.0850277841091156,2,False,1.0955908298492432,0.0
side,5.04,0,0.13215355575084686,-31.459125518798828,-0.04248886927962303,0.5421945452690125,0.005515106953680515,0.08333544433116913,2,False,1.0955907106399536,0.0
side,5.0600000000000005,0,0.1321539431810379,-31.459142684936523,-0.04250388965010643,0.5421949028968811,0.005643656477332115,0.08247129619121552,2,False,1.0955910682678223,0.0
side,5.08,0,0.13215386867523193,-31.459392547607422,-0.042487990111112595,0.5421990752220154,0.005566713400185108,0.08361687511205673,2,False,1.0955907106399536,0.0
side,5.1000000000000005,0,0.13215380907058716,-31.459312438964844,-0.04249996691942215,0.5421978235244751,0.005493492819368839,0.08313224464654922,2,False,1.0955907106399536,0.0
side,5.12,0,0.13215377926826477,-31.459468841552734,-0.04255007952451706,0.5422003269195557,0.005471105687320232,0.08278793841600418,2,False,1.0955890417099,0.0
side,5.14,0,0.13215398788452148,-31.459386825561523,-0.04235687106847763,0.5421989560127258,0.005570678506046534,0.0833333358168602,2,False,1.0955890417099,0.0
side,5.16,0,0.13215363025665283,-31.45891761779785,-0.04257885739207268,0.5421911478042603,0.0057596988044679165,0.08339626342058182,2,False,1.0955904722213745,0.0
side,5.18,0,0.13215342164039612,-31.458951950073242,-0.04247177392244339,0.542191743850708,0.005604775622487068,0.08317209780216217,2,False,1.0955909490585327,0.0
side,5.2,0,0.13215354084968567,-31.45913314819336,-0.04251689836382866,0.542194664478302,0.005479863379150629,0.08237345516681671,2,False,1.0955897569656372,0.0
side,5.22,0,0.13215383887290955,-31.459461212158203,-0.0424790121614933,0.5422002077102661,0.005508968606591225,0.08215177804231644,2,False,1.0955878496170044,0.0
side,5.24,0,0.13215374946594238,-31.459369659423828,-0.04248197376728058,0.5421987175941467,0.005393859464675188,0.08256631344556808,2,False,1.0955866575241089,0.0
side,5.26,0,0.13215382397174835,-31.459461212158203,-0.04243898019194603,0.5422002077102661,0.00542878545820713,0.08238010108470917,2,False,1.095585823059082,0.0
side,5.28,0,0.13215377926826477,-31.459381103515625,-0.04258507490158081,0.542198896408081,0.005525857210159302,0.08253178000450134,2,False,1.0955860614776611,0.0
side,5.3,0,0.1321536749601364,-31.459386825561523,-0.042544037103652954,0.5421989560127258,0.005461218301206827,0.08428269624710083,2,False,1.095585823059082,0.0
side,5.32,0,0.1321536898612976,-31.45905303955078,-0.04251886531710625,0.5421934127807617,0.00560745457187295,0.0840178057551384,2,False,1.0955877304077148,0.0
side,5.34,0,0.13215388357639313,-31.459300994873047,-0.04243190214037895,0.5421975255012512,0.005522203631699085,0.08226729184389114,2,False,1.0955873727798462,0.0
side,5.36,0,0.1321539282798767,-31.459041595458984,-0.042440786957740784,0.5421932339668274,0.005656752735376358,0.08285489678382874,2,False,1.095589518547058,0.0
side,5.38,0,0.1321536898612976,-31.458959579467773,-0.04243774712085724,0.5421918034553528,0.005662338808178902,0.08297008275985718,2,False,1.0955915451049805,0.0
side,5.4,0,0.13215385377407074,-31.4591121673584,-0.042494870722293854,0.5421943664550781,0.0055750031024217606,0.08151327818632126,2,False,1.0955919027328491,0.0
side,5.42,0,0.13215386867523193,-31.459312438964844,-0.04249095916748047,0.5421978235244751,0.005604146514087915,0.08376952260732651,2,False,1.095591425895691,0.0
side,5.44,0,0.1321537047624588,-31.459230422973633,-0.042490918189287186,0.5421964526176453,0.005628562066704035,0.08427353203296661,2,False,1.0955910682678223,0.0
side,5.46,0,0.13215360045433044,-31.458986282348633,-0.0424858033657074,0.5421922206878662,0.005627333652228117,0.08212235569953918,2,False,1.0955907106399536,0.0
side,5.48,0,0.13215336203575134,-31.459178924560547,-0.042520925402641296,0.5421955585479736,0.00546836806461215,0.08260314911603928,2,False,1.0955901145935059,0.0
side,5.5,0,0.1321534961462021,-31.459009170532227,-0.04249682277441025,0.5421926379203796,0.005587117280811071,0.08272871375083923,2,False,1.0955907106399536,0.0
side,5.5200000000000005,0,0.132154181599617,-31.459266662597656,-0.042445894330739975,0.5421969890594482,0.00554043659940362,0.0814984142780304,2,False,1.0955889225006104,0.0
side,5.54,0,0.13215374946594238,-31.45919418334961,-0.04253094270825386,0.542195737361908,0.005520456936210394,0.08358514308929443,2,False,1.0955886840820312,0.0
side,5.5600000000000005,0,0.13215364515781403,-31.459178924560547,-0.042450860142707825,0.5421954989433289,0.005563457030802965,0.08230450004339218,2,False,1.095589280128479,0.0
side,5.58,0,0.13215361535549164,-31.459169387817383,-0.042506907135248184,0.5421953797340393,0.005528543144464493,0.08262252807617188,2,False,1.0955888032913208,0.0
side,5.6000000000000005,0,0.13215364515781403,-31.459306716918945,-0.04254499822854996,0.5421976447105408,0.005429429933428764,0.08278574794530869,2,False,1.0955874919891357,0.0
side,5.62,0,0.1321534961462021,-31.4593448638916,-0.04249897599220276,0.5421982407569885,0.005491049028933048,0.0834592953324318,2,False,1.0955880880355835,0.0
side,5.64,0,0.1321534812450409,-31.459230422973633,-0.042580001056194305,0.5421963930130005,0.005480960477143526,0.08338306844234467,2,False,1.0955890417099,0.0
side,5.66,0,0.13215360045433044,-31.4593563079834,-0.04248897358775139,0.5421985387802124,0.005484577734023333,0.08119497448205948,2,False,1.095588207244873,0.0
side,5.68,0,0.13215401768684387,-31.45915985107422,-0.04235376417636871,0.5421951413154602,0.005597142037004232,0.08186207711696625,2,False,1.0955891609191895,0.0
side,5.7,0,0.13215383887290955,-31.459016799926758,-0.04240874573588371,0.542192816734314,0.0055753374472260475,0.08362837880849838,2,False,1.095590591430664,0.0
side,5.72,0,0.13215391337871552,-31.458995819091797,-0.042423754930496216,0.5421924591064453,0.005601464305073023,0.083258718252182,2,False,1.0955934524536133,0.0
side,5.74,0,0.1321539431810379,-31.459238052368164,-0.042449887841939926,0.54219651222229,0.005611752159893513,0.0826292484998703,2,False,1.0955942869186401,0.0
side,5.76,0,0.13215385377407074,-31.459213256835938,-0.042559973895549774,0.5421960949897766,0.005480837542563677,0.08272174000740051,2,False,1.0955945253372192,0.0
side,5.78,0,0.13215391337871552,-31.459362030029297,-0.0425560362637043,0.5421985387802124,0.005491576157510281,0.08312933892011642,2,False,1.0955923795700073,0.0
side,5.8,0,0.1321537345647812,-31.458995819091797,-0.042525842785835266,0.5421924591064453,0.005633551627397537,0.08319133520126343,2,False,1.0955920219421387,0.0
side,5.82,0,0.13215382397174835,-31.459009170532227,-0.042426761239767075,0.5421926379203796,0.0056701283901929855,0.0829038992524147,2,False,1.0955913066864014,0.0
side,5.84,0,0.1321537345647812,-31.459033966064453,-0.04241776466369629,0.5421930551528931,0.0056713963858783245,0.0848185271024704,2,False,1.0955915451049805,0.0
side,5.86,0,0.13215361535549164,-31.45880889892578,-0.0424657016992569,0.5421893000602722,0.005702214781194925,0.08267106860876083,2,False,1.0955928564071655,0.0
side,5.88,0,0.13215382397174835,-31.458951950073242,-0.04243374243378639,0.542191743850708,0.005599456839263439,0.08143995702266693,2,False,1.0955936908721924,0.0
side,5.9,0,0.1321536898612976,-31.459035873413086,-0.042526863515377045,0.5421931147575378,0.005590736400336027,0.08298873156309128,2,False,1.0955934524536133,0.0
side,5.92,0,0.1321534365415573,-31.458805084228516,-0.04248172044754028,0.5421892404556274,0.0057742721401154995,0.08223943412303925,2,False,1.0955945253372192,0.0
side,5.94,0,0.13215339183807373,-31.458881378173828,-0.042461734265089035,0.5421904921531677,0.005719122011214495,0.0823834240436554,2,False,1.0955928564071655,0.0
side,5.96,0,0.13215366005897522,-31.45905876159668,-0.04251986742019653,0.5421934723854065,0.005685421172529459,0.08294175565242767,2,False,1.0955897569656372,0.0
side,5.98,0,0.13215366005897522,-31.45894432067871,-0.04251280799508095,0.5421915650367737,0.005667334422469139,0.08343768119812012,2,False,1.0955890417099,0.0
side,6.0,0,0.13215355575084686,-31.459184646606445,-0.042530935257673264,0.5421956181526184,0.005520937032997608,0.08275610208511353,2,False,1.0955874919891357,0.0
side,6.0200000000000005,0,0.13215380907058716,-31.459230422973633,-0.04250893369317055,0.5421963930130005,0.0055881985463202,0.08168637007474899,2,False,1.095586895942688,0.0
side,6.04,0,0.1321537047624588,-31.4591121673584,-0.04247785359621048,0.5421944260597229,0.005570482928305864,0.08284622430801392,2,False,1.0955885648727417,0.0
side,6.0600000000000005,0,0.13215377926826477,-31.459129333496094,-0.04238177835941315,0.542194664478302,0.005548572167754173,0.08235787600278854,2,False,1.0955880880355835,0.0
side,6.08,0,0.13215374946594238,-31.459423065185547,-0.04257307946681976,0.5421996116638184,0.005431408528238535,0.08315300196409225,2,False,1.0955872535705566,0.0
side,6.1000000000000005,0,0.1321539282798767,-31.459423065185547,-0.04246898740530014,0.5421996116638184,0.0054588341154158115,0.08333545178174973,2,False,1.0955878496170044,0.0
side,6.12,0,0.13215389847755432,-31.45932388305664,-0.04254500940442085,0.5421978831291199,0.005515150260180235,0.08358088880777359,2,False,1.0955889225006104,0.0
side,6.140000000000001,0,0.13215377926826477,-31.45932388305664,-0.042439915239810944,0.5421978831291199,0.00545631954446435,0.08281467854976654,2,False,1.0955898761749268,0.0
side,6.16,0,0.13215376436710358,-31.459270477294922,-0.04255499318242073,0.542197048664093,0.005482112523168325,0.08237922936677933,2,False,1.0955899953842163,0.0
side,6.18,0,0.1321536898612976,-31.45932960510254,-0.04248395934700966,0.5421980619430542,0.005612753331661224,0.08288629353046417,2,False,1.0955893993377686,0.0
side,6.2,0,0.1321534663438797,-31.459253311157227,-0.04254397377371788,0.5421966910362244,0.005578848533332348,0.0841241329908371,2,False,1.095588207244873,0.0
side,6.22,0,0.13215366005897522,-31.459196090698242,-0.04249591380357742,0.542195737361908,0.005610703025013208,0.08092506974935532,2,False,1.0955862998962402,0.0
side,6.24,0,0.1321537345647812,-31.459218978881836,-0.04247990623116493,0.5421961545944214,0.005577688105404377,0.08241406083106995,2,False,1.0955862998962402,0.0
side,6.26,0,0.13215383887290955,-31.45903205871582,-0.04247681796550751,0.5421929955482483,0.0056459177285432816,0.08246846497058868,2,False,1.0955870151519775,0.0
side,6.28,0,0.13215361535549164,-31.459087371826172,-0.0424688346683979,0.5421940088272095,0.00573090510442853,0.08203554898500443,2,False,1.095587968826294,0.0
side,6.3,0,0.1321539282798767,-31.458972930908203,-0.042459774762392044,0.5421920418739319,0.005661064758896828,0.0814787819981575,2,False,1.0955896377563477,0.0
side,6.32,0,0.13215403258800507,-31.459245681762695,-0.04248492419719696,0.5421966314315796,0.005657304544001818,0.08135073632001877,2,False,1.095589518547058,0.0
side,6.34,0,0.13215389847755432,-31.458932876586914,-0.04249178618192673,0.5421913266181946,0.005775512661784887,0.0835275799036026,2,False,1.0955919027328491,0.0
side,6.36,0,0.13215377926826477,-31.459012985229492,-0.04247080534696579,0.5421926975250244,0.005682001821696758,0.08430169522762299,2,False,1.095592975616455,0.0
side,6.38,0,0.13215379416942596,-31.45884132385254,-0.04244570434093475,0.5421898365020752,0.005594426300376654,0.08404464274644852,2,False,1.0955950021743774,0.0
side,6.4,0,0.13215398788452148,-31.459196090698242,-0.04249591380357742,0.5421957969665527,0.005532096605747938,0.08203159272670746,2,False,1.095595121383667,0.0
side,6.42,0,0.13215379416942596,-31.459266662597656,-0.04247291758656502,0.5421969890594482,0.005685544107109308,0.08381559699773788,2,False,1.0955957174301147,0.0
side,6.44,0,0.13215379416942596,-31.459121704101562,-0.0424158051609993,0.5421945452690125,0.005540120415389538,0.08345461636781693,2,False,1.0955954790115356,0.0
side,6.46,0,0.13215391337871552,-31.459396362304688,-0.04253003001213074,0.5421991348266602,0.005390665959566832,0.08322799950838089,2,False,1.095592737197876,0.0
side,6.48,0,0.1321539580821991,-31.459470748901367,-0.0424790158867836,0.5422003865242004,0.005497836507856846,0.08347675204277039,2,False,1.095592975616455,0.0
side,6.5,0,0.13215382397174835,-31.459253311157227,-0.04257500544190407,0.5421966910362244,0.005494607146829367,0.08337252587080002,2,False,1.0955915451049805,0.0
side,6.5200000000000005,0,0.13215400278568268,-31.45932960510254,-0.042404886335134506,0.5421980619430542,0.0054361713118851185,0.08439245820045471,2,False,1.095592975616455,0.0
side,6.54,0,0.13215361535549164,-31.459300994873047,-0.042555008083581924,0.5421975255012512,0.0054588112980127335,0.08458895981311798,2,False,1.0955934524536133,0.0
side,6.5600000000000005,0,0.13215363025665283,-31.459381103515625,-0.04257906600832939,0.542198896408081,0.005407955963164568,0.08348434418439865,2,False,1.0955926179885864,0.0
side,6.58,0,0.13215352594852448,-31.458932876586914,-0.042504794895648956,0.5421913862228394,0.0056369914673268795,0.0825788825750351,2,False,1.095594048500061,0.0
side,6.6000000000000005,0,0.13215371966362,-31.45911979675293,-0.04254591464996338,0.5421944856643677,0.005685699637979269,0.08110850304365158,2,False,1.0955915451049805,0.0
side,6.62,0,0.13215383887290955,-31.4591121673584,-0.04253290593624115,0.5421943664550781,0.005655951797962189,0.08149006962776184,2,False,1.095588207244873,0.0
side,6.640000000000001,0,0.13215382397174835,-31.45905876159668,-0.042494844645261765,0.5421934723854065,0.005611848551779985,0.08330340683460236,2,False,1.095586895942688,0.0
side,6.66,0,0.13215371966362,-31.459138870239258,-0.04253792017698288,0.5421948432922363,0.005586485844105482,0.08319941908121109,2,False,1.095585823059082,0.0
side,6.68,0,0.13215400278568268,-31.459070205688477,-0.042484838515520096,0.5421937108039856,0.005712310317903757,0.0826595276594162,2,False,1.0955884456634521,0.0
side,6.7,0,0.13215360045433044,-31.459035873413086,-0.04239674657583237,0.5421931743621826,0.0055895037949085236,0.08513112366199493,2,False,1.0955919027328491,0.0
side,6.72,0,0.13215355575084686,-31.458925247192383,-0.0424787700176239,0.542191207408905,0.005619744770228863,0.08421792089939117,2,False,1.0955935716629028,0.0
side,6.74,0,0.13215383887290955,-31.459110260009766,-0.0424157939851284,0.5421943068504333,0.005641174037009478,0.08282299339771271,2,False,1.0955933332443237,0.0
side,6.76,0,0.13215398788452148,-31.45916748046875,-0.04243483766913414,0.5421952605247498,0.005620166193693876,0.08256896585226059,2,False,1.0955920219421387,0.0
side,6.78,0,0.1321536898612976,-31.45919418334961,-0.04242384061217308,0.542195737361908,0.005586727522313595,0.08347037434577942,2,False,1.0955915451049805,0.0
side,6.8,0,0.13215389847755432,-31.459184646606445,-0.042458873242139816,0.5421955585479736,0.00556121626868844,0.08175056427717209,2,False,1.0955919027328491,0.0
side,6.82,0,0.1321539282798767,-31.45923614501953,-0.042431868612766266,0.5421964526176453,0.005618741735816002,0.08241495490074158,2,False,1.095591425895691,0.0
side,6.84,0,0.13215374946594238,-31.459226608276367,-0.042506929486989975,0.5421963334083557,0.005640718154609203,0.08374832570552826,2,False,1.095590591430664,0.0
side,6.86,0,0.13215363025665283,-31.459003448486328,-0.04241975024342537,0.5421925783157349,0.005652299150824547,0.08342059701681137,2,False,1.095590591430664,0.0
side,6.88,0,0.13215371966362,-31.459068298339844,-0.04246081784367561,0.5421936511993408,0.005573762580752373,0.08137304335832596,2,False,1.0955901145935059,0.0
side,6.9,0,0.13215410709381104,-31.459320068359375,-0.04239087179303169,0.5421978831291199,0.005649621598422527,0.08202504366636276,2,False,1.0955889225006104,0.0
side,6.92,0,0.13215382397174835,-31.4589900970459,-0.04254686087369919,0.5421922206878662,0.005693261511623859,0.08380185067653656,2,False,1.0955891609191895,0.0
side,6.94,0,0.1321537047624588,-31.4591121673584,-0.042475853115320206,0.5421944260597229,0.005590920802205801,0.08161167800426483,2,False,1.0955884456634521,0.0
side,6.96,0,0.13215391337871552,-31.459213256835938,-0.042457882314920425,0.5421960949897766,0.005571109242737293,0.08241258561611176,2,False,1.0955885648727417,0.0
side,6.98,0,0.13215366005897522,-31.459253311157227,-0.04252596199512482,0.5421966910362244,0.005544374696910381,0.08414799720048904,2,False,1.095589518547058,0.0
side,7.0,0,0.13215382397174835,-31.45916748046875,-0.04244885593652725,0.5421952605247498,0.00553851667791605,0.08207812905311584,2,False,1.0955908298492432,0.0
side,7.0200000000000005,0,0.13215388357639313,-31.459253311157227,-0.042483922094106674,0.5421967506408691,0.005529760383069515,0.08300997316837311,2,False,1.0955913066864014,0.0
side,7.04,0,0.13215385377407074,-31.459409713745117,-0.04255405813455582,0.5421993732452393,0.00554985087364912,0.08272669464349747,2,False,1.095590591430664,0.0
side,7.0600000000000005,0,0.13215388357639313,-31.459426879882812,-0.04252103716135025,0.5421996712684631,0.00546205835416913,0.08449213206768036,2,False,1.095591425895691,0.0
side,7.08,0,0.1321536898612976,-31.45926284790039,-0.04249994456768036,0.5421968698501587,0.0054793525487184525,0.08448993414640427,2,False,1.0955911874771118,0.0
side,7.1000000000000005,0,0.1321539282798767,-31.459312438964844,-0.04238286241889,0.5421978235244751,0.005490948911756277,0.0840039923787117,2,False,1.0955924987792969,0.0
side,7.12,0,0.13215371966362,-31.459426879882812,-0.0425550639629364,0.5421996712684631,0.005439756438136101,0.0845085084438324,2,False,1.0955908298492432,0.0
side,7.140000000000001,0,0.1321537047624588,-31.459320068359375,-0.04254200682044029,0.5421978831291199,0.005346652586013079,0.08306727558374405,2,False,1.0955908298492432,0.0
side,7.16,0,0.13215383887290955,-31.459415435791016,-0.042511023581027985,0.5421994924545288,0.00542563246563077,0.08363258838653564,2,False,1.0955898761749268,0.0
side,7.18,0,0.13215391337871552,-31.459238052368164,-0.042477913200855255,0.54219651222229,0.00558397825807333,0.08296097815036774,2,False,1.0955901145935059,0.0
side,7.2,0,0.13215376436710358,-31.459125518798828,-0.04248587042093277,0.5421945452690125,0.0056815012358129025,0.08303698152303696,2,False,1.0955898761749268,0.0
side,7.22,0,0.13215403258800507,-31.459129333496094,-0.04246685281395912,0.542194664478302,0.005571112036705017,0.08094115555286407,2,False,1.0955897569656372,0.0
side,7.24,0,0.13215388357639313,-31.459125518798828,-0.042505886405706406,0.5421945452690125,0.005695986095815897,0.08289865404367447,2,False,1.0955902338027954,0.0
side,7.26,0,0.13215386867523193,-31.459152221679688,-0.04247487336397171,0.5421950221061707,0.00561355659738183,0.0828358605504036,2,False,1.0955907106399536,0.0
side,7.28,0,0.13215363025665283,-31.459121704101562,-0.04252389818429947,0.5421945452690125,0.005505828186869621,0.08291353285312653,2,False,1.0955891609191895,0.0
side,7.3,0,0.1321539282798767,-31.459312438964844,-0.042396873235702515,0.5421978235244751,0.005610191263258457,0.08263635635375977,2,False,1.0955885648727417,0.0
side,7.32,0,0.13215388357639313,-31.45915985107422,-0.04244985058903694,0.5421951413154602,0.0055170306004583836,0.08359143137931824,2,False,1.095590353012085,0.0
side,7.34,0,0.13215379416942596,-31.458866119384766,-0.04243370145559311,0.5421902537345886,0.005675520747900009,0.08405524492263794,2,False,1.0955917835235596,0.0
side,7.36,0,0.13215382397174835,-31.459077835083008,-0.04242078587412834,0.5421937704086304,0.005511685740202665,0.08350218832492828,2,False,1.0955928564071655,0.0
side,7.38,0,0.13215389847755432,-31.459327697753906,-0.042419902980327606,0.5421980023384094,0.005567430052906275,0.08349647372961044,2,False,1.0955933332443237,0.0
side,7.4,0,0.13215386867523193,-31.459318161010742,-0.042513977736234665,0.5421978831291199,0.005454889964312315,0.08240066468715668,2,False,1.0955928564071655,0.0
side,7.42,0,0.1321539431810379,-31.459468841552734,-0.04243597760796547,0.5422003269195557,0.005440087988972664,0.08340821415185928,2,False,1.0955924987792969,0.0
side,7.44,0,0.13215360045433044,-31.459564208984375,-0.04256914183497429,0.5422019362449646,0.005367211531847715,0.08443468064069748,2,False,1.095590353012085,0.0
side,7.46,0,0.13215379416942596,-31.459381103515625,-0.042481981217861176,0.542198896408081,0.005435385275632143,0.08437597006559372,2,False,1.095590353012085,0.0
side,7.48,0,0.13215383887290955,-31.459524154663086,-0.04245302081108093,0.5422012805938721,0.005398218519985676,0.08413770794868469,2,False,1.0955890417099,0.0
side,7.5,0,0.13215391337871552,-31.459444046020508,-0.0425320528447628,0.5421999096870422,0.0054561179131269455,0.08356951177120209,2,False,1.0955893993377686,0.0
side,7.5200000000000005,0,0.13215361535549164,-31.459259033203125,-0.04254898428916931,0.5421968102455139,0.005578665994107723,0.08518683910369873,2,False,1.0955899953842163,0.0
side,7.54,0,0.1321539580821991,-31.458938598632812,-0.04241271689534187,0.5421914458274841,0.005745401605963707,0.08382118493318558,2,False,1.0955909490585327,0.0
side,7.5600000000000005,0,0.13215379416942596,-31.4589900970459,-0.04242575168609619,0.5421922206878662,0.005694678518921137,0.08379079401493073,2,False,1.0955917835235596,0.0
side,7.58,0,0.13215379416942596,-31.459169387817383,-0.04247988015413284,0.5421953797340393,0.005507031921297312,0.08384345471858978,2,False,1.0955915451049805,0.0
side,7.6000000000000005,0,0.13215363025665283,-31.459352493286133,-0.042477961629629135,0.5421983599662781,0.005364782176911831,0.08426377177238464,2,False,1.0955908298492432,0.0
side,7.62,0,0.1321536898612976,-31.459035873413086,-0.04244579002261162,0.5421931743621826,0.005539070349186659,0.08241665363311768,2,False,1.0955932140350342,0.0
side,7.640000000000001,0,0.13215383887290955,-31.459196090698242,-0.04243585839867592,0.5421957969665527,0.0056657870300114155,0.082060806453228,2,False,1.0955930948257446,0.0
side,7.66,0,0.13215374946594238,-31.459003448486328,-0.04245978221297264,0.5421925187110901,0.005625403951853514,0.08300783485174179,2,False,1.0955926179885864,0.0
side,7.68,0,0.1321536749601364,-31.4589786529541,-0.04250681772828102,0.5421921610832214,0.005681043490767479,0.08263690769672394,2,False,1.0955921411514282,0.0
side,7.7,0,0.13215374946594238,-31.45901870727539,-0.042456794530153275,0.542192816734314,0.0055624572560191154,0.08262712508440018,2,False,1.0955922603607178,0.0
side,7.72,0,0.13215379416942596,-31.459196090698242,-0.042541950941085815,0.5421957969665527,0.005485930480062962,0.08356213569641113,2,False,1.0955919027328491,0.0
side,7.74,0,0.13215391337871552,-31.459524154663086,-0.04240497574210167,0.5422012805938721,0.005520435515791178,0.08362261205911636,2,False,1.095592737197876,0.0
side,7.76,0,0.13215388357639313,-31.459280014038086,-0.04248393699526787,0.5421972274780273,0.0054593393579125404,0.08429984748363495,2,False,1.095592975616455,0.0
side,7.78,0,0.1321534663438797,-31.45931053161621,-0.0425339974462986,0.5421977043151855,0.0054207611829042435,0.08364287763834,2,False,1.0955924987792969,0.0
side,7.8,0,0.1321536898612976,-31.459115982055664,-0.04243181645870209,0.5421944260597229,0.005693906918168068,0.08267680555582047,2,False,1.0955922603607178,0.0
side,7.82,0,0.13215385377407074,-31.459087371826172,-0.042427800595760345,0.5421939492225647,0.005641937255859375,0.08439118415117264,2,False,1.0955909490585327,0.0
side,7.84,0,0.13215361535549164,-31.458818435668945,-0.04245670512318611,0.5421894192695618,0.005845732521265745,0.08264481276273727,2,False,1.0955908298492432,0.0
side,7.86,0,0.1321539580821991,-31.459009170532227,-0.04244577884674072,0.5421926379203796,0.005669313482940197,0.08119327574968338,2,False,1.0955909490585327,0.0
side,7.88,0,0.13215403258800507,-31.459115982055664,-0.042475853115320206,0.5421944856643677,0.0056234486401081085,0.08233944326639175,2,False,1.0955908298492432,0.0
side,7.9,0,0.13215374946594238,-31.459152221679688,-0.042519908398389816,0.5421950817108154,0.005619105417281389,0.08262618631124496,2,False,1.0955910682678223,0.0
side,7.92,0,0.13215371966362,-31.459253311157227,-0.042406853288412094,0.5421966910362244,0.005560570862144232,0.0842324048280716,2,False,1.0955908298492432,0.0
side,7.94,0,0.1321537345647812,-31.459196090698242,-0.04248489812016487,0.5421957969665527,0.005543552339076996,0.0823301449418068,2,False,1.0955907106399536,0.0
side,7.96,0,0.13215376436710358,-31.459381103515625,-0.04251401126384735,0.542198896408081,0.005558718461543322,0.08257712423801422,2,False,1.0955898761749268,0.0
side,7.98,0,0.13215374946594238,-31.459318161010742,-0.04252999275922775,0.5421978831291199,0.0055425432510674,0.08424258232116699,2,False,1.095590353012085,0.0
side,8.0,0,0.13215385377407074,-31.459238052368164,-0.042489923536777496,0.54219651222229,0.005459642969071865,0.08335301280021667,2,False,1.095589518547058,0.0
side,8.02,0,0.13215389847755432,-31.459253311157227,-0.04251094534993172,0.5421967506408691,0.005572781898081303,0.08245156705379486,2,False,1.0955891609191895,0.0
side,8.040000000000001,0,0.13215382397174835,-31.459318161010742,-0.04255501180887222,0.5421978831291199,0.005558820907026529,0.08226006478071213,2,False,1.095587968826294,0.0
side,8.06,0,0.13215379416942596,-31.459306716918945,-0.04246993362903595,0.5421976447105408,0.005605209153145552,0.08265569806098938,2,False,1.0955890417099,0.0
side,8.08,0,0.13215379416942596,-31.45939826965332,-0.0425860770046711,0.5421991944313049,0.005486604757606983,0.0816187784075737,2,False,1.0955867767333984,0.0
side,8.1,0,0.13215401768684387,-31.459461212158203,-0.04244598001241684,0.5422002077102661,0.005483380518853664,0.08289654552936554,2,False,1.0955867767333984,0.0
side,8.120000000000001,0,0.13215366005897522,-31.459169387817383,-0.042500901967287064,0.5421953797340393,0.005480667110532522,0.08381161838769913,2,False,1.0955884456634521,0.0
side,8.14,0,0.1321539282798767,-31.459095001220703,-0.04250887408852577,0.5421940684318542,0.00553280021995306,0.0832185447216034,2,False,1.095589518547058,0.0
side,8.16,0,0.13215366005897522,-31.459453582763672,-0.04248901456594467,0.5422001481056213,0.005395053420215845,0.08345256745815277,2,False,1.0955893993377686,0.0
side,8.18,0,0.1321536898612976,-31.459293365478516,-0.04258802905678749,0.5421974658966064,0.005478597246110439,0.08305761963129044,2,False,1.0955911874771118,0.0
side,8.2,0,0.13215354084968567,-31.45906639099121,-0.04247182607650757,0.542193591594696,0.005629288498312235,0.08353204280138016,2,False,1.0955921411514282,0.0
side,8.22,0,0.1321539282798767,-31.459049224853516,-0.04246581718325615,0.5421932935714722,0.005655247252434492,0.0812806487083435,2,False,1.095590353012085,0.0
side,8.24,0,0.13215391337871552,-31.45915985107422,-0.04246586561203003,0.542195200920105,0.005580067168921232,0.08410095423460007,2,False,1.095588207244873,0.0
side,8.26,0,0.13215380907058716,-31.459335327148438,-0.042416900396347046,0.542198121547699,0.005429985001683235,0.082510806620121,2,False,1.0955884456634521,0.0
side,8.28,0,0.13215385377407074,-31.45954704284668,-0.042596153914928436,0.5422016978263855,0.005344931036233902,0.0835595652461052,2,False,1.095587968826294,0.0
side,8.3,0,0.1321537345647812,-31.459213256835938,-0.04254796355962753,0.5421960949897766,0.00551462359726429,0.08315905928611755,2,False,1.095590591430664,0.0
side,8.32,0,0.1321537345647812,-31.45914649963379,-0.042492881417274475,0.5421949625015259,0.005631512496620417,0.08386142551898956,2,False,1.095589518547058,0.0
side,8.34,0,0.13215363025665283,-31.459335327148438,-0.042511988431215286,0.542198121547699,0.005546872969716787,0.0836888998746872,2,False,1.0955888032913208,0.0
side,8.36,0,0.13215357065200806,-31.459280014038086,-0.042615052312612534,0.5421971678733826,0.00554366922006011,0.08320022374391556,2,False,1.0955877304077148,0.0
side,8.38,0,0.13215374946594238,-31.459335327148438,-0.04247995838522911,0.542198121547699,0.005518200341612101,0.08322469890117645,2,False,1.0955878496170044,0.0
side,8.4,0,0.13215364515781403,-31.45919418334961,-0.04252493008971214,0.542195737361908,0.005556800868362188,0.0831756740808487,2,False,1.0955874919891357,0.0
side,8.42,0,0.1321536749601364,-31.459318161010742,-0.042554017156362534,0.5421978831291199,0.005483915563672781,0.08262369781732559,2,False,1.095587134361267,0.0
side,8.44,0,0.13215357065200806,-31.459266662597656,-0.04260703921318054,0.5421969890594482,0.005505708511918783,0.08341224491596222,2,False,1.0955874919891357,0.0
side,8.46,0,0.13215383887290955,-31.459238052368164,-0.04253096133470535,0.54219651222229,0.005602835211902857,0.08262323588132858,2,False,1.095586895942688,0.0
side,8.48,0,0.13215352594852448,-31.4594783782959,-0.04254407435655594,0.54220050573349,0.005457762163132429,0.0825778990983963,2,False,1.0955840349197388,0.0
side,8.5,0,0.13215374946594238,-31.45937728881836,-0.04247897490859032,0.5421987771987915,0.00555827422067523,0.08267171680927277,2,False,1.0955848693847656,0.0
side,8.52,0,0.13215357065200806,-31.459110260009766,-0.04243580996990204,0.5421943068504333,0.005441365297883749,0.08309243619441986,2,False,1.095585823059082,0.0
side,8.540000000000001,0,0.13215380907058716,-31.459396362304688,-0.04255004599690437,0.5421991348266602,0.0055088154040277,0.0819551944732666,2,False,1.0955853462219238,0.0
side,8.56,0,0.13215355575084686,-31.45943260192871,-0.042596109211444855,0.5421997904777527,0.005449516698718071,0.08262629806995392,2,False,1.0955860614776611,0.0
side,8.58,0,0.13215357065200806,-31.459095001220703,-0.042501866817474365,0.542194128036499,0.005667031742632389,0.08268193155527115,2,False,1.0955876111984253,0.0
side,8.6,0,0.13215371966362,-31.45913314819336,-0.04247986525297165,0.542194664478302,0.005760130472481251,0.08178086578845978,2,False,1.0955876111984253,0.0
side,8.620000000000001,0,0.13215339183807373,-31.459007263183594,-0.042524851858615875,0.5421925783157349,0.005645505152642727,0.08301108330488205,2,False,1.0955878496170044,0.0
side,8.64,0,0.13215371966362,-31.458961486816406,-0.042466774582862854,0.5421918630599976,0.005729168187826872,0.08237633109092712,2,False,1.0955872535705566,0.0
side,8.66,0,0.13215374946594238,-31.4589900970459,-0.04245878383517265,0.5421923398971558,0.005670009646564722,0.08329857140779495,2,False,1.095589280128479,0.0
side,8.68,0,0.13215413689613342,-31.45902442932129,-0.04237372428178787,0.5421928763389587,0.005666095297783613,0.08307202160358429,2,False,1.0955913066864014,0.0
side,8.700000000000001,0,0.13215377926826477,-31.45903205871582,-0.04247681796550751,0.5421929955482483,0.005624854937195778,0.08357420563697815,2,False,1.0955932140350342,0.0
side,8.72,0,0.13215400278568268,-31.459102630615234,-0.042454831302165985,0.5421941876411438,0.005548903718590736,0.08410802483558655,2,False,1.0955959558486938,0.0
side,8.74,0,0.1321537345647812,-31.459226608276367,-0.04247189685702324,0.5421962738037109,0.005562518257647753,0.0835316926240921,2,False,1.095596194267273,0.0
side,8.76,0,0.1321537047624588,-31.459095001220703,-0.04253089427947998,0.5421940684318542,0.005563769955188036,0.08396472036838531,2,False,1.0955959558486938,0.0
side,8.78,0,0.1321539431810379,-31.459259033203125,-0.04239184409379959,0.5421968102455139,0.0055123562924563885,0.08309716731309891,2,False,1.0955945253372192,0.0
side,8.8,0,0.1321539282798767,-31.45909881591797,-0.04248084872961044,0.5421941876411438,0.00563519261777401,0.08299952745437622,2,False,1.0955946445465088,0.0
side,8.82,0,0.1321537047624588,-31.45926284790039,-0.042506951838731766,0.5421968698501587,0.005560503341257572,0.08271357417106628,2,False,1.0955936908721924,0.0
side,8.84,0,0.13215386867523193,-31.459489822387695,-0.04252006486058235,0.5422007441520691,0.005370085593312979,0.08313897997140884,2,False,1.0955908298492432,0.0
side,8.86,0,0.13215371966362,-31.45960807800293,-0.04248308390378952,0.5422027111053467,0.005340564530342817,0.08452480286359787,2,False,1.0955897569656372,0.0
side,8.88,0,0.13215360045433044,-31.45928955078125,-0.04247693344950676,0.5421973466873169,0.005474680103361607,0.08594313263893127,2,False,1.095590353012085,0.0
side,8.9,0,0.13215366005897522,-31.459077835083008,-0.04243279993534088,0.5421937704086304,0.005451981443911791,0.08289027959108353,2,False,1.0955913066864014,0.0
side,8.92,0,0.13215376436710358,-31.459211349487305,-0.04245888441801071,0.5421960353851318,0.005688024684786797,0.08212655037641525,2,False,1.0955908298492432,0.0
side,8.94,0,0.13215386867523193,-31.459104537963867,-0.04242580384016037,0.5421943068504333,0.005703363101929426,0.08308510482311249,2,False,1.095591425895691,0.0
side,8.96,0,0.13215383887290955,-31.459142684936523,-0.04254792630672455,0.5421949028968811,0.005674197804182768,0.08248481154441833,2,False,1.095589280128479,0.0
side,8.98,0,0.13215401768684387,-31.45920181274414,-0.042433857917785645,0.5421958565711975,0.005559432320296764,0.08278176933526993,2,False,1.0955898761749268,0.0
side,9.0,0,0.13215388357639313,-31.459068298339844,-0.04249885305762291,0.542193591594696,0.005542707163840532,0.08474542200565338,2,False,1.0955909490585327,0.0
side,9.02,0,0.13215364515781403,-31.459211349487305,-0.042482901364564896,0.5421960353851318,0.005552064627408981,0.08423144370317459,2,False,1.0955922603607178,0.0
side,9.040000000000001,0,0.1321536749601364,-31.459007263183594,-0.04241374507546425,0.5421925783157349,0.005575903225690126,0.08456531912088394,2,False,1.0955935716629028,0.0
side,9.06,0,0.13215383887290955,-31.459060668945312,-0.04244279861450195,0.5421935319900513,0.005579414311796427,0.08237200230360031,2,False,1.0955939292907715,0.0
side,9.08,0,0.13215379416942596,-31.459169387817383,-0.042493898421525955,0.5421953797340393,0.005596576724201441,0.08290668576955795,2,False,1.095592975616455,0.0
side,9.1,0,0.13215383887290955,-31.459243774414062,-0.042502935975790024,0.5421965718269348,0.005558012053370476,0.08241348713636398,2,False,1.0955928564071655,0.0
side,9.120000000000001,0,0.1321536749601364,-31.459335327148438,-0.042552024126052856,0.542198121547699,0.0054830219596624374,0.08188392221927643,2,False,1.0955908298492432,0.0
side,9.14,0,0.13215363025665283,-31.459211349487305,-0.042491912841796875,0.5421960353851318,0.005543409381061792,0.08302481472492218,2,False,1.095589518547058,0.0
side,9.16,0,0.1321536898612976,-31.458986282348633,-0.04246578365564346,0.5421922206878662,0.005606417544186115,0.08306806534528732,2,False,1.0955890417099,0.0
side,9.18,0,0.13215371966362,-31.459068298339844,-0.04255790635943413,0.5421936511993408,0.00555086974054575,0.0817447155714035,2,False,1.0955885648727417,0.0
side,9.200000000000001,0,0.13215377926826477,-31.459142684936523,-0.0425138995051384,0.5421949028968811,0.0055997720919549465,0.08202698081731796,2,False,1.0955884456634521,0.0
side,9.22,0,0.13215380907058716,-31.459110260009766,-0.0425519160926342,0.5421943068504333,0.005583138670772314,0.08267946541309357,2,False,1.0955890417099,0.0
side,9.24,0,0.13215355575084686,-31.45911979675293,-0.04253590852022171,0.5421944856643677,0.005617774557322264,0.08305218815803528,2,False,1.0955890417099,0.0
side,9.26,0,0.1321536749601364,-31.459142684936523,-0.042476870119571686,0.5421949028968811,0.0055791777558624744,0.08184795081615448,2,False,1.0955890417099,0.0
side,9.28,0,0.13215364515781403,-31.459087371826172,-0.04250386729836464,0.5421940088272095,0.005627180449664593,0.08233965188264847,2,False,1.0955891609191895,0.0
side,9.3,0,0.1321536898612976,-31.459083557128906,-0.042542897164821625,0.5421938896179199,0.005622140131890774,0.08323782682418823,2,False,1.0955891609191895,0.0
side,9.32,0,0.13215357065200806,-31.459060668945312,-0.04252287372946739,0.5421935319900513,0.0055982558988034725,0.08307362347841263,2,False,1.095589280128479,0.0
side,9.34,0,0.13215360045433044,-31.458938598632812,-0.04251480847597122,0.5421914458274841,0.005695215426385403,0.08325377851724625,2,False,1.095590353012085,0.0
side,9.36,0,0.13215355575084686,-31.459009170532227,-0.042543865740299225,0.5421926379203796,0.005581028759479523,0.0817742869257927,2,False,1.0955883264541626,0.0
side,9.38,0,0.13215371966362,-31.459077835083008,-0.04255190119147301,0.5421937704086304,0.005695219151675701,0.0825142189860344,2,False,1.0955878496170044,0.0
side,9.4,0,0.13215360045433044,-31.45917510986328,-0.04255194962024689,0.5421954393386841,0.005542252212762833,0.08310902863740921,2,False,1.0955873727798462,0.0
side,9.42,0,0.13215377926826477,-31.459136962890625,-0.0424608513712883,0.5421947836875916,0.005604668520390987,0.08201742172241211,2,False,1.0955867767333984,0.0
side,9.44,0,0.13215358555316925,-31.459068298339844,-0.042490847408771515,0.542193591594696,0.005463976413011551,0.08196631819009781,2,False,1.095587968826294,0.0
side,9.46,0,0.13215383887290955,-31.458932876586914,-0.04245074838399887,0.5421913266181946,0.005880776327103376,0.0815630778670311,2,False,1.0955908298492432,0.0
side,9.48,0,0.13215371966362,-31.458948135375977,-0.04243774339556694,0.5421916842460632,0.0056825922802090645,0.08258236199617386,2,False,1.0955908298492432,0.0
side,9.5,0,0.13215333223342896,-31.458925247192383,-0.04251279681921005,0.5421912670135498,0.005754788406193256,0.08318543434143066,2,False,1.0955899953842163,0.0
side,9.52,0,0.1321539580821991,-31.45905303955078,-0.042470820248126984,0.5421934127807617,0.005667463410645723,0.08202407509088516,2,False,1.095590353012085,0.0
side,9.540000000000001,0,0.1321539580821991,-31.458969116210938,-0.042397718876600266,0.5421919822692871,0.005680211819708347,0.08257412165403366,2,False,1.0955907106399536,0.0
side,9.56,0,0.13215382397174835,-31.45913314819336,-0.042471859604120255,0.542194664478302,0.0056119635701179504,0.0838211178779602,2,False,1.0955899953842163,0.0
side,9.58,0,0.13215386867523193,-31.459026336669922,-0.042431775480508804,0.5421929359436035,0.00568819884210825,0.08285697549581528,2,False,1.0955920219421387,0.0
side,9.6,0,0.13215363025665283,-31.459007263183594,-0.042540859431028366,0.5421925783157349,0.005526448599994183,0.08298373967409134,2,False,1.0955923795700073,0.0
side,9.620000000000001,0,0.1321536749601364,-31.459152221679688,-0.042476873844861984,0.5421950221061707,0.005576903000473976,0.08286341279745102,2,False,1.0955919027328491,0.0
side,9.64,0,0.13215382397174835,-31.459230422973633,-0.04248691350221634,0.5421963930130005,0.005512048024684191,0.08234110474586487,2,False,1.0955907106399536,0.0
side,9.66,0,0.13215383887290955,-31.45914649963379,-0.042384788393974304,0.5421949625015259,0.00558494171127677,0.081756092607975,2,False,1.0955902338027954,0.0
side,9.68,0,0.13215380907058716,-31.458890914916992,-0.04245974123477936,0.542190670967102,0.00567973405122757,0.08241669088602066,2,False,1.0955907106399536,0.0
side,9.700000000000001,0,0.13215374946594238,-31.458898544311523,-0.04236465319991112,0.5421907305717468,0.00572051340714097,0.08265502005815506,2,False,1.0955915451049805,0.0
side,9.72,0,0.13215388357639313,-31.459016799926758,-0.04249982908368111,0.542192816734314,0.005687083583325148,0.08326132595539093,2,False,1.09559166431427,0.0
side,9.74,0,0.1321537345647812,-31.45905113220215,-0.042479828000068665,0.5421933531761169,0.005663513671606779,0.08366229385137558,2,False,1.0955926179885864,0.0
side,9.76,0,0.13215376436710358,-31.45902442932129,-0.04240874573588371,0.5421928763389587,0.005635191220790148,0.08371837437152863,2,False,1.0955935716629028,0.0
side,9.78,0,0.13215377926826477,-31.458898544311523,-0.042466748505830765,0.5421907901763916,0.005779983010143042,0.08394739031791687,2,False,1.0955934524536133,0.0
side,9.8,0,0.13215407729148865,-31.458965301513672,-0.042366690933704376,0.5421919226646423,0.005651442334055901,0.08283071964979172,2,False,1.0955957174301147,0.0
side,9.82,0,0.13215380907058716,-31.459077835083008,-0.04241178184747696,0.5421938300132751,0.005718294996768236,0.08319961279630661,2,False,1.0955963134765625,0.0
side,9.84,0,0.1321539431810379,-31.458826065063477,-0.04243769124150276,0.5421895980834961,0.005751695949584246,0.08163875341415405,2,False,1.0955983400344849,0.0
side,9.86,0,0.13215355575084686,-31.458938598632812,-0.04250679910182953,0.5421914458274841,0.00561998737975955,0.08283449709415436,2,False,1.095598816871643,0.0
side,9.88,0,0.13215383887290955,-31.45926284790039,-0.04249994456768036,0.5421968698501587,0.00550806475803256,0.08289141207933426,2,False,1.095595121383667,0.0
side,9.9,0,0.13215371966362,-31.45950698852539,-0.042500052601099014,0.542201042175293,0.00542089669033885,0.08321478217840195,2,False,1.0955920219421387,0.0
side,9.92,0,0.1321537047624588,-31.45932960510254,-0.04256803169846535,0.5421980619430542,0.005404900759458542,0.08341864496469498,2,False,1.0955911874771118,0.0
side,9.94,0,0.13215360045433044,-31.459423065185547,-0.0425700768828392,0.5421996116638184,0.0054496717639267445,0.08428696542978287,2,False,1.0955898761749268,0.0
side,9.96,0,0.13215371966362,-31.459457397460938,-0.04246900603175163,0.5422001481056213,0.0053893630392849445,0.08405926078557968,2,False,1.095590591430664,0.0
side,9.98,0,0.13215391337871552,-31.459444046020508,-0.0424489788711071,0.5421999096870422,0.0053995391353964806,0.0839385837316513,2,False,1.0955907106399536,0.0
side,10.0,0,0.1321537047624588,-31.459211349487305,-0.04251192882657051,0.5421960353851318,0.00547063909471035,0.08249831944704056,2,False,1.0955921411514282,0.0
side,10.02,0,0.13215363025665283,-31.459169387817383,-0.04254594072699547,0.5421953201293945,0.005541607737541199,0.08246497809886932,2,False,1.0955917835235596,0.0
side,10.040000000000001,0,0.13215366005897522,-31.459415435791016,-0.042604103684425354,0.5421994924545288,0.005478067323565483,0.08236556500196457,2,False,1.0955884456634521,0.0
side,10.06,0,0.13215361535549164,-31.45915985107422,-0.042512908577919006,0.5421951413154602,0.0056030116975307465,0.08267034590244293,2,False,1.0955872535705566,0.0
side,10.08,0,0.13215351104736328,-31.45905113220215,-0.04246881604194641,0.5421933531761169,0.00565642025321722,0.08232349902391434,2,False,1.0955857038497925,0.0
side,10.1,0,0.13215430080890656,-31.458932876586914,-0.042359668761491776,0.5421913862228394,0.006443373393267393,0.0813956931233406,2,False,1.095587134361267,0.0
side,10.120000000000001,0,0.13215413689613342,-31.459083557128906,-0.04237775132060051,0.5421938896179199,0.005786208435893059,0.08543003350496292,2,False,1.0955883264541626,0.0
side,10.14,0,0.1321536749601364,-31.45842933654785,-0.04239647090435028,0.5421829223632812,0.005731282290071249,0.08398785442113876,2,False,1.095594882965088,0.0
side,10.16,0,0.13215388357639313,-31.459152221679688,-0.04241882264614105,0.5421950817108154,0.005477286409586668,0.08330933749675751,2,False,1.0955981016159058,0.0
side,10.18,0,0.13215389847755432,-31.459228515625,-0.04249492660164833,0.5421963334083557,0.005598430056124926,0.0825045183300972,2,False,1.0956002473831177,0.0
side,10.200000000000001,0,0.13215364515781403,-31.459243774414062,-0.04255098104476929,0.5421965718269348,0.0055567859672009945,0.08268532156944275,2,False,1.0955982208251953,0.0
side,10.22,0,0.13215377926826477,-31.459369659423828,-0.04258406534790993,0.5421987175941467,0.005416038911789656,0.0829392820596695,2,False,1.095593810081482,0.0
side,10.24,0,0.13215371966362,-31.459396362304688,-0.04250400513410568,0.5421991348266602,0.005527446512132883,0.0839332565665245,2,False,1.0955889225006104,0.0
side,10.26,0,0.13215383887290955,-31.459243774414062,-0.0425199493765831,0.5421965718269348,0.005511470604687929,0.08423353731632233,2,False,1.0955885648727417,0.0
side,10.28,0,0.1321536749601364,-31.459177017211914,-0.042546942830085754,0.5421954989433289,0.0055971164256334305,0.08286935836076736,2,False,1.0955883264541626,0.0
side,10.3,0,0.13215363025665283,-31.459060668945312,-0.0424468033015728,0.5421935319900513,0.005607577972114086,0.08251789957284927,2,False,1.0955889225006104,0.0
side,10.32,0,0.13215351104736328,-31.459379196166992,-0.04260208457708359,0.5421988368034363,0.005429988261312246,0.08319517970085144,2,False,1.0955865383148193,0.0
side,10.34,0,0.13215377926826477,-31.459270477294922,-0.04250895604491234,0.542197048664093,0.0056463200598955154,0.08171387761831284,2,False,1.0955864191055298,0.0
side,10.36,0,0.13215383887290955,-31.459327697753906,-0.04251698777079582,0.5421980023384094,0.005577628966420889,0.08228758722543716,2,False,1.0955851078033447,0.0
side,10.38,0,0.1321537345647812,-31.459009170532227,-0.04248281195759773,0.5421926379203796,0.005820016376674175,0.08125670999288559,2,False,1.0955864191055298,0.0
side,10.4,0,0.1321536749601364,-31.458919525146484,-0.04253581538796425,0.5421911478042603,0.005744235124439001,0.08133377134799957,2,False,1.095585823059082,0.0
side,10.42,0,0.1321534812450409,-31.459203720092773,-0.04252293333411217,0.5421959161758423,0.00560471136122942,0.08267595618963242,2,False,1.095584511756897,0.0
side,10.44,0,0.1321536749601364,-31.459012985229492,-0.042487822473049164,0.5421927571296692,0.005722100380808115,0.0820133313536644,2,False,1.0955861806869507,0.0
side,10.46,0,0.13215383887290955,-31.45913314819336,-0.042514897882938385,0.542194664478302,0.005617898888885975,0.08163095265626907,2,False,1.095587134361267,0.0
side,10.48,0,0.1321539431810379,-31.459245681762695,-0.04244888946413994,0.5421966314315796,0.005583709105849266,0.08152981847524643,2,False,1.0955864191055298,0.0
side,10.5,0,0.13215383887290955,-31.4589900970459,-0.04247279465198517,0.5421923398971558,0.005721438676118851,0.08282826840877533,2,False,1.095587134361267,0.0
side,10.52,0,0.13215376436710358,-31.459136962890625,-0.042582955211400986,0.5421947836875916,0.005583135411143303,0.08249954134225845,2,False,1.0955867767333984,0.0
side,10.540000000000001,0,0.13215380907058716,-31.45932388305664,-0.04247795045375824,0.5421978831291199,0.005575922783464193,0.08438345789909363,2,False,1.0955878496170044,0.0
side,10.56,0,0.13215383887290955,-31.459104537963867,-0.042417798191308975,0.5421943068504333,0.005527992732822895,0.08385559916496277,2,False,1.0955901145935059,0.0
side,10.58,0,0.13215376436710358,-31.4591121673584,-0.04244983196258545,0.5421944260597229,0.0055806017480790615,0.08306027203798294,2,False,1.095590591430664,0.0
side,10.6,0,0.13215389847755432,-31.45905876159668,-0.04243179038167,0.5421934723854065,0.0057169352658092976,0.08215735852718353,2,False,1.0955922603607178,0.0
side,10.620000000000001,0,0.13215380907058716,-31.459068298339844,-0.04246582090854645,0.542193591594696,0.0057867239229381084,0.08155171573162079,2,False,1.095592737197876,0.0
side,10.64,0,0.13215382397174835,-31.459075927734375,-0.04247083142399788,0.5421937108039856,0.005630325060337782,0.08400479704141617,2,False,1.095592737197876,0.0
side,10.66,0,0.13215391337871552,-31.45905113220215,-0.04241776838898659,0.5421933531761169,0.005595443304628134,0.08345749974250793,2,False,1.0955921411514282,0.0
side,10.68,0,0.13215382397174835,-31.459016799926758,-0.0425078384578228,0.542192816734314,0.005597740411758423,0.08275119960308075,2,False,1.0955935716629028,0.0
side,10.700000000000001,0,0.13215371966362,-31.458959579467773,-0.042462773621082306,0.5421918034553528,0.005780534818768501,0.08328605443239212,2,False,1.0955955982208252,0.0
side,10.72,0,0.13215388357639313,-31.458959579467773,-0.04251181334257126,0.5421918034553528,0.005736164748668671,0.08357705920934677,2,False,1.095595121383667,0.0
side,10.74,0,0.13215385377407074,-31.458942413330078,-0.042436741292476654,0.5421915054321289,0.005652844440191984,0.08178115636110306,2,False,1.095594048500061,0.0
side,10.76,0,0.13215388357639313,-31.459243774414062,-0.0425199493765831,0.5421965718269348,0.005665741860866547,0.082463338971138,2,False,1.095592737197876,0.0
side,10.78,0,0.13215407729148865,-31.459461212158203,-0.04255208000540733,0.5422002077102661,0.0054477001540362835,0.08181068301200867,2,False,1.0955917835235596,0.0
side,10.8,0,0.13215355575084686,-31.45928955078125,-0.042542994022369385,0.5421972870826721,0.00550798187032342,0.08437958359718323,2,False,1.0955928564071655,0.0
side,10.82,0,0.1321537047624588,-31.459138870239258,-0.042446840554475784,0.5421948432922363,0.005519784055650234,0.08371282368898392,2,False,1.0955928564071655,0.0
side,10.84,0,0.13215374946594238,-31.45891571044922,-0.04245074465870857,0.5421910881996155,0.005718536674976349,0.08390821516513824,2,False,1.0955921411514282,0.0
side,10.86,0,0.13215386867523193,-31.459026336669922,-0.042440783232450485,0.5421929359436035,0.005592765286564827,0.0827319473028183,2,False,1.0955928564071655,0.0
side,10.88,0,0.13215358555316925,-31.459136962890625,-0.042508888989686966,0.5421947240829468,0.005608248524367809,0.08344947546720505,2,False,1.0955919027328491,0.0
side,10.9,0,0.1321536898612976,-31.45920181274414,-0.04250591993331909,0.5421958565711975,0.0054870182648301125,0.08403625339269638,2,False,1.09559166431427,0.0
side,10.92,0,0.1321537047624588,-31.45899200439453,-0.042408738285303116,0.5421923995018005,0.00562490988522768,0.08374813944101334,2,False,1.0955934524536133,0.0
side,10.94,0,0.13215388357639313,-31.45916748046875,-0.04246186092495918,0.5421952605247498,0.005603398196399212,0.08170129358768463,2,False,1.0955924987792969,0.0
side,10.96,0,0.1321539580821991,-31.459104537963867,-0.04242180660367012,0.5421943068504333,0.005696694366633892,0.08353564143180847,2,False,1.0955928564071655,0.0
side,10.98,0,0.1321539282798767,-31.459070205688477,-0.042327702045440674,0.5421937108039856,0.005597090348601341,0.08288584649562836,2,False,1.0955947637557983,0.0
side,11.0,0,0.13215400278568268,-31.458986282348633,-0.0424177385866642,0.5421922206878662,0.005699118599295616,0.08306333422660828,2,False,1.095596432685852,0.0
fore_aft,0.02,0,0.7470216751098633,6.4505696296691895,-51.50674057006836,0.8707617521286011,0.19742068648338318,1.4015977382659912,0,False,0.17556153237819672,0.0
fore_aft,0.04,0,0.739739716053009,2.887244939804077,-51.41537857055664,0.8679153323173523,0.47666674852371216,3.5176806449890137,0,False,0.3205556273460388,0.0
fore_aft,0.06,0,0.7287927269935608,6.219083309173584,-52.10956954956055,0.8800197839736938,0.5941436886787415,2.797686815261841,0,False,0.3981368839740753,0.0
fore_aft,0.08,0,0.7138037085533142,5.981919288635254,-52.230674743652344,0.8817862868309021,0.8369581699371338,0.9399168491363525,0,False,0.47816628217697144,0.0
fore_aft,0.1,0,0.6956656575202942,8.012822151184082,-52.241268157958984,0.883090615272522,0.9577754139900208,1.1213579177856445,0,False,0.5026541352272034,0.0
fore_aft,0.12,0,0.6741943359375,8.208172798156738,-51.050926208496094,0.8647997379302979,1.1838630437850952,1.5168993473052979,0,False,0.5052866339683533,0.0
fore_aft,0.14,0,0.6481221914291382,7.847735404968262,-50.03879165649414,0.8488028645515442,1.3968393802642822,1.1606258153915405,0,False,0.5038151144981384,0.0
fore_aft,0.16,0,0.6177343130111694,8.104973793029785,-49.28816223144531,0.8373061418533325,1.6150156259536743,0.7405955195426941,0,False,0.5135286450386047,0.0
fore_aft,0.18,0,0.5839233994483948,7.556999206542969,-48.813865661621094,0.8294470906257629,1.7490254640579224,0.845939576625824,0,False,0.5149190425872803,0.0
fore_aft,0.2,0,0.5467461347579956,8.673686027526855,-48.38481140136719,0.8237208127975464,1.9398263692855835,1.0642492771148682,0,False,0.5157582759857178,0.0
fore_aft,0.22,0,0.5056725144386292,9.338497161865234,-48.04795455932617,0.819139838218689,2.134209156036377,0.3612675666809082,0,False,0.5222776532173157,0.0
fore_aft,0.24,0,0.4619327783584595,11.355669021606445,-47.546329498291016,0.8137860894203186,2.2122020721435547,2.6439874172210693,1,False,0.5179356932640076,0.0
fore_aft,0.26,0,0.4192827641963959,13.07507038116455,-45.45051574707031,0.7843530774116516,2.1274213790893555,2.9503724575042725,2,False,0.5132646560668945,0.0
fore_aft,0.28,0,0.37878406047821045,13.847631454467773,-41.783485412597656,0.7302303910255432,2.0896780490875244,3.4965457916259766,2,False,0.5156610012054443,0.0
fore_aft,0.3,0,0.3387488126754761,13.670135498046875,-37.41594314575195,0.6635839343070984,2.101379156112671,3.9331140518188477,2,False,0.5241989493370056,0.0
fore_aft,0.32,0,0.311578631401062,18.14484977722168,-30.2333927154541,0.5808588266372681,1.368424415588379,7.6241374015808105,2,False,0.5616142153739929,0.0
fore_aft,0.34,0,0.2868259847164154,18.222043991088867,-23.215579986572266,0.4906141757965088,1.411102533340454,5.426855087280273,2,False,0.5740292072296143,0.0
fore_aft,0.36,0,0.26238498091697693,18.652973175048828,-17.384023666381836,0.4281288683414459,1.2275731563568115,5.676919460296631,2,False,0.5828145146369934,0.0
fore_aft,0.38,0,0.24188049137592316,18.195619583129883,-11.365275382995605,0.36568939685821533,1.0672856569290161,4.337833404541016,3,False,0.6081624031066895,0.0
fore_aft,0.4,0,0.22488227486610413,19.961429595947266,-7.326137542724609,0.3656936585903168,0.8446606993675232,3.772263765335083,3,False,0.6603185534477234,0.0
fore_aft,0.42,0,0.21185815334320068,22.058656692504883,-4.661152362823486,0.38944798707962036,0.6047240495681763,2.881812572479248,3,False,0.7005620002746582,0.0
fore_aft,0.44,0,0.20392905175685883,22.868356704711914,-4.277059078216553,0.4019445478916168,0.3035268485546112,1.5433626174926758,3,False,0.7236812710762024,0.0
fore_aft,0.46,0,0.20214085280895233,22.457563400268555,-5.811254024505615,0.39974546432495117,0.2078305035829544,2.272559642791748,3,False,0.7334092855453491,0.0
fore_aft,0.48,0,0.20449991524219513,20.711925506591797,-7.814707279205322,0.38011324405670166,0.2556019425392151,1.9424123764038086,3,False,0.7257687449455261,0.0
fore_aft,0.5,0,0.20753395557403564,20.61564064025879,-9.37151050567627,0.38731658458709717,0.3056744337081909,1.1713563203811646,3,False,0.7204299569129944,0.0
fore_aft,0.52,0,0.21071870625019073,20.48933219909668,-10.585199356079102,0.39317628741264343,0.3273439109325409,1.0111021995544434,3,False,0.7180255651473999,0.0
fore_aft,0.54,0,0.2137889266014099,20.29886817932129,-11.792949676513672,0.3989596962928772,0.3352372944355011,1.318542242050171,2,False,0.7136881947517395,0.0
fore_aft,0.56,0,0.21681350469589233,19.898515701293945,-13.011252403259277,0.4028465747833252,0.3384735882282257,1.4089293479919434,2,False,0.7080678939819336,0.0
fore_aft,0.58,0,0.22003088891506195,21.06651496887207,-14.010162353515625,0.42696014046669006,0.3078085780143738,1.8674677610397339,2,False,0.6991190314292908,0.0
fore_aft,0.6,0,0.2233647108078003,21.95659065246582,-14.629857063293457,0.44401466846466064,0.2729335427284241,0.9574152231216431,2,False,0.6921417117118835,0.0
fore_aft,0.62,0,0.22643516957759857,22.09020233154297,-15.11016845703125,0.4496956765651703,0.24342729151248932,0.7430146932601929,2,False,0.6844102144241333,0.0
fore_aft,0.64,0,0.22911986708641052,21.703380584716797,-15.49658489227295,0.44780194759368896,0.22336365282535553,0.7521350383758545,2,False,0.6777542233467102,0.0
fore_aft,0.66,0,0.2313692569732666,21.22600555419922,-15.913923263549805,0.44523194432258606,0.21466584503650665,0.7592067122459412,2,False,0.6726062893867493,0.0
fore_aft,0.68,0,0.23316088318824768,20.841270446777344,-16.38197898864746,0.4445737302303314,0.21065795421600342,0.6839377880096436,2,False,0.6691012978553772,0.0
fore_aft,0.7000000000000001,0,0.23456378281116486,20.56363868713379,-16.841033935546875,0.44541239738464355,0.21570360660552979,0.5804361701011658,2,False,0.6674904227256775,0.0
fore_aft,0.72,0,0.23569658398628235,20.53691291809082,-17.347515106201172,0.4499301612377167,0.22490713000297546,0.5200912356376648,2,False,0.6666267514228821,0.0
fore_aft,0.74,0,0.23660263419151306,20.660797119140625,-17.93489646911621,0.457122802734375,0.23669962584972382,0.5247038006782532,2,False,0.6649687886238098,0.0
fore_aft,0.76,0,0.23723863065242767,20.807266235351562,-18.564870834350586,0.46505844593048096,0.25357693433761597,0.5394971966743469,2,False,0.662461519241333,0.0
fore_aft,0.78,0,0.23750877380371094,20.949487686157227,-19.2062931060791,0.4731168746948242,0.27454397082328796,0.5834010243415833,2,False,0.6596667170524597,0.0
fore_aft,0.8,0,0.23754625022411346,20.86960220336914,-19.716838836669922,0.4774223268032074,0.3006463646888733,0.7971656918525696,2,False,0.6591969132423401,0.0
fore_aft,0.8200000000000001,0,0.2378482222557068,20.452144622802734,-20.007335662841797,0.4758623540401459,0.25951147079467773,0.47143012285232544,1,False,0.660294234752655,0.0
fore_aft,0.84,0,0.23880833387374878,19.82109832763672,-20.307636260986328,0.47232455015182495,0.2453821301460266,0.7858201265335083,1,False,0.6575782299041748,0.0
fore_aft,0.86,0,0.2400369495153427,19.269140243530273,-20.564577102661133,0.46941640973091125,0.21284130215644836,0.4674212336540222,1,False,0.6536642909049988,0.0
fore_aft,0.88,0,0.2413211315870285,18.973236083984375,-20.780227661132812,0.4688403308391571,0.1819869577884674,0.2873324751853943,1,False,0.6495699882507324,0.0
fore_aft,0.9,0,0.24274715781211853,18.87038230895996,-20.945072174072266,0.46969348192214966,0.15637512505054474,0.15032221376895905,1,False,0.6448197960853577,0.0
fore_aft,0.92,0,0.2442266196012497,18.749666213989258,-21.063011169433594,0.46985214948654175,0.13768832385540009,0.19194498658180237,1,False,0.6396989822387695,0.0
fore_aft,0.9400000000000001,0,0.24566586315631866,18.550024032592773,-21.111347198486328,0.4684455096721649,0.12032605707645416,0.21090257167816162,1,False,0.6351637840270996,0.0
fore_aft,0.96,0,0.2469940483570099,18.362743377685547,-21.09890365600586,0.46646684408187866,0.10864666849374771,0.16554340720176697,1,False,0.6314843893051147,0.0
fore_aft,0.98,0,0.2482672929763794,18.2540283203125,-21.014488220214844,0.46441373229026794,0.10924206674098969,0.12938201427459717,1,False,0.6284433007240295,0.0
fore_aft,1.0,0,0.24953113496303558,18.172752380371094,-20.86996841430664,0.46191900968551636,0.12305860966444016,0.16250576078891754,1,False,0.6253435015678406,0.0
fore_aft,1.02,0,0.2506940960884094,18.1030216217041,-20.66746711730957,0.45885419845581055,0.1162586435675621,0.21121124923229218,2,False,0.6218433976173401,0.0
fore_aft,1.04,0,0.2513367235660553,18.158349990844727,-20.41471290588379,0.4564474821090698,0.07644158601760864,0.2547449767589569,2,False,0.6198123693466187,0.0
fore_aft,1.06,0,0.2513408660888672,18.313297271728516,-20.19034767150879,0.4554070830345154,0.040010374039411545,0.25920262932777405,2,False,0.6202860474586487,0.0
fore_aft,1.08,0,0.25075268745422363,18.597871780395508,-20.026885986328125,0.4564449191093445,0.042293958365917206,0.30386123061180115,2,False,0.6226027011871338,0.0
fore_aft,1.1,0,0.2497234046459198,18.786710739135742,-19.907787322998047,0.45705506205558777,0.0648636594414711,0.1921023279428482,2,False,0.6260110139846802,0.0
fore_aft,1.12,0,0.24851034581661224,18.789493560791016,-19.81241226196289,0.45601388812065125,0.07307055592536926,0.11520206183195114,2,False,0.6296457052230835,0.0
fore_aft,1.1400000000000001,0,0.24741306900978088,18.704923629760742,-19.719755172729492,0.45409050583839417,0.0619606114923954,0.13197442889213562,2,False,0.6328500509262085,0.0
fore_aft,1.16,0,0.246664896607399,18.74317169189453,-19.642744064331055,0.45362934470176697,0.053696125745773315,0.10782559216022491,1,False,0.6348450183868408,0.0
fore_aft,1.18,0,0.24631470441818237,18.821563720703125,-19.55388832092285,0.4534652531147003,0.06861694902181625,0.162226140499115,2,False,0.6350225806236267,0.0
fore_aft,1.2,0,0.24609322845935822,18.805404663085938,-19.451337814331055,0.45215508341789246,0.07985177636146545,0.10735123604536057,2,False,0.6341745853424072,0.0
fore_aft,1.22,0,0.24609673023223877,19.07343101501465,-19.4508056640625,0.4550054669380188,0.054497890174388885,0.38841456174850464,3,False,0.6323618292808533,0.0
fore_aft,1.24,0,0.24662700295448303,19.34809684753418,-19.613767623901367,0.45972874760627747,0.03504089638590813,0.17624898254871368,3,False,0.632185161113739,0.0
fore_aft,1.26,0,0.24690715968608856,19.194625854492188,-19.772409439086914,0.45983290672302246,0.02907739207148552,0.21812711656093597,2,False,0.632409930229187,0.0
fore_aft,1.28,0,0.24685753881931305,19.199451446533203,-19.935943603515625,0.4616895616054535,0.042104657739400864,0.13710884749889374,2,False,0.6337316632270813,0.0
fore_aft,1.3,0,0.2466605305671692,19.177383422851562,-20.07976531982422,0.4630529582500458,0.04587067663669586,0.1404382735490799,2,False,0.6351543068885803,0.0
fore_aft,1.32,0,0.24662424623966217,19.196395874023438,-20.2460880279541,0.4651031196117401,0.04168582707643509,0.1740265190601349,3,False,0.636116087436676,0.0
fore_aft,1.34,0,0.24688155949115753,19.218229293823242,-20.435710906982422,0.46744829416275024,0.039962321519851685,0.1636439859867096,2,False,0.6364668607711792,0.0
fore_aft,1.36,0,0.24719080328941345,19.1529598236084,-20.583436965942383,0.46843692660331726,0.0463210754096508,0.13567650318145752,2,False,0.6357767581939697,0.0
fore_aft,1.3800000000000001,0,0.2474927455186844,19.10344696044922,-20.709550857543945,0.4693562984466553,0.043756477534770966,0.13404710590839386,3,False,0.6344271898269653,0.0
fore_aft,1.4000000000000001,0,0.24778997898101807,19.114559173583984,-20.862293243408203,0.47120094299316406,0.034974031150341034,0.14719846844673157,2,False,0.6338340640068054,0.0
fore_aft,1.42,0,0.2479032576084137,19.048402786254883,-21.006460189819336,0.4721776247024536,0.03355337306857109,0.13694173097610474,2,False,0.6334762573242188,0.0
fore_aft,1.44,0,0.24790585041046143,18.975313186645508,-21.143583297729492,0.47301942110061646,0.03404172882437706,0.1399965137243271,3,False,0.6334030628204346,0.0
fore_aft,1.46,0,0.24794207513332367,18.94205093383789,-21.300662994384766,0.47449952363967896,0.029466213658452034,0.14214462041854858,2,False,0.6339278817176819,0.0
fore_aft,1.48,0,0.2480001449584961,18.84398078918457,-21.419815063476562,0.4749164879322052,0.027101119980216026,0.12255586683750153,2,False,0.6338460445404053,0.0
fore_aft,1.5,0,0.2481885552406311,18.763513565063477,-21.51164436340332,0.47520163655281067,0.027848824858665466,0.1038910374045372,3,False,0.6332507133483887,0.0
fore_aft,1.52,0,0.24845454096794128,18.68783187866211,-21.599584579467773,0.475497841835022,0.02310463786125183,0.12162864208221436,3,False,0.6322959065437317,0.0
fore_aft,1.54,0,0.24866779148578644,18.634441375732422,-21.67942237854004,0.4759218990802765,0.017723379656672478,0.09817909449338913,2,False,0.6316697001457214,0.0
fore_aft,1.56,0,0.24866768717765808,18.604610443115234,-21.746347427368164,0.47642478346824646,0.01741512306034565,0.07100208103656769,2,False,0.6313097476959229,0.0
fore_aft,1.58,0,0.24857431650161743,18.555824279785156,-21.805688858032227,0.47666043043136597,0.016467036679387093,0.07437584549188614,3,False,0.6312163472175598,0.0
fore_aft,1.6,0,0.24856162071228027,18.518129348754883,-21.870206832885742,0.4770667552947998,0.009780950844287872,0.06795552372932434,2,False,0.6313788294792175,0.0
fore_aft,1.62,0,0.24861590564250946,18.43022918701172,-21.913358688354492,0.47674816846847534,0.008415166288614273,0.07520202547311783,2,False,0.6313276290893555,0.0
fore_aft,1.6400000000000001,0,0.2487150877714157,18.365163803100586,-21.933748245239258,0.4763782322406769,0.014266805723309517,0.033368464559316635,2,False,0.630933403968811,0.0
fore_aft,1.6600000000000001,0,0.2488226443529129,18.321203231811523,-21.93813705444336,0.47601747512817383,0.012145452201366425,0.025240706279873848,3,False,0.6303483247756958,0.0
fore_aft,1.68,0,0.2488822340965271,18.2949161529541,-21.937719345092773,0.4757656753063202,0.003940698690712452,0.021565647795796394,3,False,0.6299329400062561,0.0
fore_aft,1.7,0,0.24885140359401703,18.269184112548828,-21.933488845825195,0.47547364234924316,0.006253225263208151,0.026216823607683182,3,False,0.6298118829727173,0.0
fore_aft,1.72,0,0.24875713884830475,18.24699592590332,-21.926769256591797,0.4751850962638855,0.010013854131102562,0.024732206016778946,3,False,0.6299436092376709,0.0
fore_aft,1.74,0,0.24866756796836853,18.221586227416992,-21.913818359375,0.474791556596756,0.008422920480370522,0.0271640382707119,2,False,0.6301188468933105,0.0
fore_aft,1.76,0,0.24863243103027344,18.196561813354492,-21.891536712646484,0.4742896258831024,0.008550742641091347,0.030793840065598488,2,False,0.6301623582839966,0.0
fore_aft,1.78,0,0.24864739179611206,18.174489974975586,-21.857128143310547,0.47366955876350403,0.012025470845401287,0.03722522780299187,2,False,0.6299899816513062,0.0
fore_aft,1.8,0,0.24867510795593262,18.162199020385742,-21.814186096191406,0.4730387032032013,0.012704296037554741,0.043298717588186264,2,False,0.6297064423561096,0.0
fore_aft,1.82,0,0.24866923689842224,18.153684616088867,-21.76871109008789,0.4724130630493164,0.011852803640067577,0.044161275029182434,3,False,0.6294917464256287,0.0
fore_aft,1.84,0,0.24860841035842896,18.149015426635742,-21.724506378173828,0.4718390107154846,0.013261815533041954,0.04462540149688721,3,False,0.6294535398483276,0.0
fore_aft,1.86,0,0.24850007891654968,18.14496612548828,-21.6817569732666,0.4712885916233063,0.014718230813741684,0.04444395750761032,2,False,0.6296026706695557,0.0
fore_aft,1.8800000000000001,0,0.24839664995670319,18.137277603149414,-21.637807846069336,0.4706897437572479,0.014226657338440418,0.043592166155576706,2,False,0.6298033595085144,0.0
fore_aft,1.9000000000000001,0,0.24833452701568604,18.133548736572266,-21.590341567993164,0.4700864851474762,0.0133053632453084,0.04893967881798744,2,False,0.6298999786376953,0.0
fore_aft,1.92,0,0.24831807613372803,18.13252830505371,-21.53287696838379,0.4693898856639862,0.01380099356174469,0.05209425836801529,2,False,0.6298441290855408,0.0
fore_aft,1.94,0,0.24831250309944153,18.1510066986084,-21.479761123657227,0.4689317047595978,0.013439595699310303,0.05975940451025963,2,False,0.6298232078552246,0.0
fore_aft,1.96,0,0.24828404188156128,18.161096572875977,-21.42531967163086,0.4683791995048523,0.01216339785605669,0.05189810320734978,2,False,0.6297833323478699,0.0
fore_aft,1.98,0,0.24822762608528137,18.179828643798828,-21.379199981689453,0.46800968050956726,0.011949791572988033,0.05347650870680809,2,False,0.629874050617218,0.0
fore_aft,2.0,0,0.24814294278621674,18.19550132751465,-21.33793067932129,0.46766969561576843,0.011831947602331638,0.044197093695402145,2,False,0.630058765411377,0.0
fore_aft,2.02,0,0.24806109070777893,18.211063385009766,-21.300167083740234,0.46737128496170044,0.010439842939376831,0.04552203044295311,2,False,0.630298376083374,0.0
fore_aft,2.04,0,0.24803338944911957,18.207300186157227,-21.261194229125977,0.4668731689453125,0.010084375739097595,0.04189658537507057,3,False,0.6303134560585022,0.0
fore_aft,2.06,0,0.24803322553634644,18.24872589111328,-21.24468421936035,0.46707749366760254,0.00750135350972414,0.04849502816796303,2,False,0.6306345462799072,0.0
fore_aft,2.08,0,0.24797414243221283,18.245441436767578,-21.20725440979004,0.46660321950912476,0.006210737396031618,0.03668194264173508,2,False,0.6305684447288513,0.0
fore_aft,2.1,0,0.24795566499233246,18.28313636779785,-21.183534622192383,0.4666883051395416,0.004749679937958717,0.060204796493053436,3,False,0.6305909752845764,0.0
fore_aft,2.12,0,0.24797075986862183,18.299049377441406,-21.16745376586914,0.46665310859680176,0.00437953183427453,0.0222392026335001,2,False,0.6306085586547852,0.0
fore_aft,2.14,0,0.24796320497989655,18.310487747192383,-21.15784454345703,0.4666510224342346,0.002645526546984911,0.03370099514722824,2,False,0.6307326555252075,0.0
fore_aft,2.16,0,0.247925266623497,18.325294494628906,-21.14801025390625,0.4666792154312134,0.00203623715788126,0.03404046222567558,2,False,0.630852222442627,0.0
fore_aft,2.18,0,0.24790732562541962,18.346391677856445,-21.1461124420166,0.46686214208602905,0.0006053936085663736,0.03714801371097565,3,False,0.6310020089149475,0.0
fore_aft,2.2,0,0.24791453778743744,18.359451293945312,-21.14952850341797,0.4670294523239136,0.0011575992684811354,0.02687649242579937,2,False,0.6311011910438538,0.0
fore_aft,2.22,0,0.2479267716407776,18.367807388305664,-21.154640197753906,0.46717092394828796,0.002805608557537198,0.02900867909193039,2,False,0.631144642829895,0.0
fore_aft,2.24,0,0.24794048070907593,18.37888526916504,-21.160871505737305,0.4673520028591156,0.00356512819416821,0.03327135369181633,2,False,0.6311364769935608,0.0
fore_aft,2.2600000000000002,0,0.24796044826507568,18.390411376953125,-21.171567916870117,0.4675898551940918,0.003432733239606023,0.034699566662311554,2,False,0.6311355829238892,0.0
fore_aft,2.2800000000000002,0,0.24797718226909637,18.39790916442871,-21.185964584350586,0.4678320288658142,0.0036163278855383396,0.032389432191848755,2,False,0.6311565637588501,0.0
fore_aft,2.3000000000000003,0,0.24798445403575897,18.402381896972656,-21.20241928100586,0.4680688679218292,0.004139631520956755,0.03353828191757202,2,False,0.6311954259872437,0.0
fore_aft,2.32,0,0.24799267947673798,18.406248092651367,-21.220504760742188,0.46831899881362915,0.0044662063010036945,0.03403136879205704,2,False,0.631229043006897,0.0
fore_aft,2.34,0,0.24801230430603027,18.407955169677734,-21.240190505981445,0.46856698393821716,0.004711799323558807,0.034473221749067307,2,False,0.6312414407730103,0.0
fore_aft,2.36,0,0.24803873896598816,18.406431198120117,-21.25975799560547,0.46878230571746826,0.005122814793139696,0.03214293718338013,2,False,0.6312154531478882,0.0
fore_aft,2.38,0,0.24806593358516693,18.40504264831543,-21.278759002685547,0.4689923822879791,0.005233417265117168,0.032894883304834366,2,False,0.6311669945716858,0.0
fore_aft,2.4,0,0.2480911910533905,18.403522491455078,-21.2978572845459,0.46920245885849,0.0049458835273981094,0.03251532465219498,2,False,0.6311159133911133,0.0
fore_aft,2.42,0,0.24811269342899323,18.401058197021484,-21.317489624023438,0.4694098234176636,0.004504682496190071,0.032925691455602646,2,False,0.631083071231842,0.0
fore_aft,2.44,0,0.24812906980514526,18.396181106567383,-21.336946487426758,0.46959188580513,0.004182566422969103,0.032323386520147324,2,False,0.6310685276985168,0.0
fore_aft,2.46,0,0.24814246594905853,18.390079498291016,-21.355440139770508,0.46975091099739075,0.0039526838809251785,0.03218750283122063,2,False,0.6310531497001648,0.0
fore_aft,2.48,0,0.24815769493579865,18.381715774536133,-21.372629165649414,0.46987298130989075,0.0038460250943899155,0.029643595218658447,2,False,0.6310193538665771,0.0
fore_aft,2.5,0,0.24817775189876556,18.3753662109375,-21.38818359375,0.469995379447937,0.003677522065117955,0.030453218147158623,2,False,0.6309696435928345,0.0
fore_aft,2.52,0,0.248198002576828,18.368534088134766,-21.401838302612305,0.4700908362865448,0.0033443057909607887,0.02835514210164547,2,False,0.6309095621109009,0.0
fore_aft,2.54,0,0.24821367859840393,18.361515045166016,-21.413488388061523,0.4701608717441559,0.0028010609094053507,0.02824520692229271,2,False,0.6308469176292419,0.0
fore_aft,2.56,0,0.24822576344013214,18.35589027404785,-21.423479080200195,0.47022488713264465,0.002242600079625845,0.03144006431102753,2,False,0.6308017373085022,0.0
fore_aft,2.58,0,0.2482338845729828,18.347990036010742,-21.43268585205078,0.47025778889656067,0.001521300058811903,0.025404158979654312,2,False,0.6307671070098877,0.0
fore_aft,2.6,0,0.24823787808418274,18.339632034301758,-21.440109252929688,0.47026532888412476,0.0013238798128440976,0.02516874484717846,2,False,0.6307452917098999,0.0
fore_aft,2.62,0,0.24824132025241852,18.33172607421875,-21.444992065429688,0.47024714946746826,0.0013065788662061095,0.024841614067554474,2,False,0.6307174563407898,0.0
fore_aft,2.64,0,0.2482469230890274,18.325796127319336,-21.448532104492188,0.47023218870162964,0.0014331857673823833,0.025275729596614838,2,False,0.6306860446929932,0.0
fore_aft,2.66,0,0.24825242161750793,18.319276809692383,-21.450063705444336,0.4701877534389496,0.0014794963644817472,0.024195833131670952,2,False,0.6306458711624146,0.0
fore_aft,2.68,0,0.2482544332742691,18.314451217651367,-21.450111389160156,0.4701419770717621,0.001403234782628715,0.02477121725678444,2,False,0.6306079030036926,0.0
fore_aft,2.7,0,0.24825330078601837,18.310270309448242,-21.448787689208984,0.4700861871242523,0.0013754095416516066,0.02522343583405018,2,False,0.6305819749832153,0.0
fore_aft,2.72,0,0.24824918806552887,18.30615997314453,-21.44643211364746,0.4700188636779785,0.0014565190067514777,0.024346664547920227,2,False,0.6305683851242065,0.0
fore_aft,2.74,0,0.24824298918247223,18.302658081054688,-21.443004608154297,0.46994468569755554,0.0016646096482872963,0.02449090965092182,2,False,0.6305612325668335,0.0
fore_aft,2.7600000000000002,0,0.2482374608516693,18.299663543701172,-21.438392639160156,0.46986123919487,0.0019493784056976438,0.025331424549221992,2,False,0.6305570006370544,0.0
fore_aft,2.7800000000000002,0,0.24823279678821564,18.297019958496094,-21.433008193969727,0.4697720408439636,0.0021704642567783594,0.024699946865439415,2,False,0.6305506229400635,0.0
fore_aft,2.8000000000000003,0,0.24822787940502167,18.29535675048828,-21.426780700683594,0.4696822762489319,0.0022572248708456755,0.025514602661132812,2,False,0.6305402517318726,0.0
fore_aft,2.82,0,0.2482222020626068,18.294910430908203,-21.420074462890625,0.46959853172302246,0.0023267066571861506,0.026439161971211433,2,False,0.6305343508720398,0.0
fore_aft,2.84,0,0.24821478128433228,18.294710159301758,-21.413196563720703,0.4695151150226593,0.0023107226006686687,0.025743378326296806,2,False,0.6305357813835144,0.0
fore_aft,2.86,0,0.2482062429189682,18.294836044311523,-21.406028747558594,0.4694313704967499,0.0022897024173289537,0.026479270309209824,2,False,0.630546510219574,0.0
fore_aft,2.88,0,0.24819621443748474,18.295509338378906,-21.398849487304688,0.4693528413772583,0.0023091903422027826,0.026410456746816635,2,False,0.6305593252182007,0.0
fore_aft,2.9,0,0.24818816781044006,18.29660987854004,-21.3917236328125,0.46927905082702637,0.00224075629375875,0.025598736479878426,2,False,0.6305707097053528,0.0
fore_aft,2.92,0,0.24818208813667297,18.298059463500977,-21.384613037109375,0.4692087769508362,0.002212242688983679,0.026113908737897873,2,False,0.6305837035179138,0.0
fore_aft,2.94,0,0.24817565083503723,18.299970626831055,-21.377748489379883,0.46914586424827576,0.002183908363804221,0.026797067373991013,2,False,0.6305930614471436,0.0
fore_aft,2.96,0,0.24817000329494476,18.301918029785156,-21.37120819091797,0.4690871834754944,0.002044663531705737,0.02688228338956833,2,False,0.6306055188179016,0.0
fore_aft,2.98,0,0.24816331267356873,18.30436134338379,-21.365407943725586,0.4690420925617218,0.0018549192463979125,0.026844268664717674,2,False,0.6306201219558716,0.0
fore_aft,3.0,0,0.24815626442432404,18.3072566986084,-21.360126495361328,0.4690074622631073,0.001693087280727923,0.027147110551595688,2,False,0.6306388974189758,0.0
fore_aft,3.02,0,0.24815034866333008,18.309959411621094,-21.35547637939453,0.46897849440574646,0.0015834711957722902,0.026839500293135643,2,False,0.6306569576263428,0.0
fore_aft,3.04,0,0.24814561009407043,18.3125,-21.351560592651367,0.46895667910575867,0.0014894807245582342,0.02662450447678566,2,False,0.6306750178337097,0.0
fore_aft,3.06,0,0.2481420785188675,18.31503677368164,-21.348073959350586,0.4689399003982544,0.0014423822285607457,0.02696547470986843,2,False,0.6306900978088379,0.0
fore_aft,3.08,0,0.24813981354236603,18.317838668823242,-21.345338821411133,0.4689345359802246,0.0013822544133290648,0.02731894701719284,2,False,0.6307011246681213,0.0
fore_aft,3.1,0,0.2481386363506317,18.320398330688477,-21.34328842163086,0.4689350128173828,0.0012530708918347955,0.027005551382899284,2,False,0.6307116746902466,0.0
fore_aft,3.12,0,0.24813690781593323,18.322542190551758,-21.341594696044922,0.46893563866615295,0.0011023415718227625,0.026751460507512093,2,False,0.6307229995727539,0.0
fore_aft,3.14,0,0.24813519418239594,18.32521629333496,-21.340702056884766,0.46895086765289307,0.0009746859432198107,0.027469366788864136,2,False,0.6307327151298523,0.0
fore_aft,3.16,0,0.24813467264175415,18.32737159729004,-21.340648651123047,0.46897101402282715,0.0009082434698939323,0.02645043097436428,2,False,0.6307485103607178,0.0
fore_aft,3.18,0,0.24813435971736908,18.32886505126953,-21.34089469909668,0.4689883589744568,0.0009762090630829334,0.027101537212729454,2,False,0.6307588219642639,0.0
fore_aft,3.2,0,0.24813500046730042,18.330469131469727,-21.341510772705078,0.4690110981464386,0.0009742937982082367,0.0266648568212986,2,False,0.6307663917541504,0.0
fore_aft,3.22,0,0.24813677370548248,18.332273483276367,-21.342987060546875,0.4690459370613098,0.0010210613254457712,0.026767466217279434,2,False,0.630772590637207,0.0
fore_aft,3.24,0,0.2481389045715332,18.333209991455078,-21.344635009765625,0.46907445788383484,0.0010770912049338222,0.025888832286000252,2,False,0.6307769417762756,0.0
fore_aft,3.2600000000000002,0,0.24814118444919586,18.334415435791016,-21.34662628173828,0.4691096246242523,0.0011191244702786207,0.026919929310679436,2,False,0.6307783722877502,0.0
fore_aft,3.2800000000000002,0,0.2481440156698227,18.334793090820312,-21.348838806152344,0.4691393971443176,0.0010848076781257987,0.0265593733638525,2,False,0.6307806372642517,0.0
fore_aft,3.3000000000000003,0,0.24814629554748535,18.335357666015625,-21.351470947265625,0.46917590498924255,0.0010997977806255221,0.026870207861065865,2,False,0.6307812929153442,0.0
fore_aft,3.3200000000000003,0,0.24814894795417786,18.335601806640625,-21.354198455810547,0.46921056509017944,0.0010688951006159186,0.026741381734609604,2,False,0.6307811141014099,0.0
fore_aft,3.34,0,0.24815161526203156,18.335689544677734,-21.357044219970703,0.4692450165748596,0.0011193972313776612,0.02673932909965515,2,False,0.6307788491249084,0.0
fore_aft,3.36,0,0.24815459549427032,18.33540916442871,-21.359922409057617,0.4692762792110443,0.0011593304807320237,0.02633730322122574,2,False,0.6307772397994995,0.0
fore_aft,3.38,0,0.24815748631954193,18.334672927856445,-21.36252784729004,0.4693000316619873,0.0011758446926251054,0.02602875791490078,2,False,0.6307711005210876,0.0
fore_aft,3.4,0,0.2481609731912613,18.33450698852539,-21.36507797241211,0.46932855248451233,0.0011462438851594925,0.026780961081385612,2,False,0.6307633519172668,0.0
fore_aft,3.42,0,0.2481643110513687,18.33389663696289,-21.36777687072754,0.4693545699119568,0.0010559729998931289,0.025813916698098183,2,False,0.6307560801506042,0.0
fore_aft,3.44,0,0.2481667846441269,18.332942962646484,-21.370281219482422,0.4693749248981476,0.001040652976371348,0.026405997574329376,2,False,0.6307546496391296,0.0
fore_aft,3.46,0,0.2481681853532791,18.33198356628418,-21.372556686401367,0.4693926274776459,0.0010541965020820498,0.026707226410508156,2,False,0.6307506561279297,0.0
fore_aft,3.48,0,0.2481701523065567,18.331073760986328,-21.374727249145508,0.4694095253944397,0.0010248242178931832,0.026314357295632362,2,False,0.630744993686676,0.0
fore_aft,3.5,0,0.24817226827144623,18.330097198486328,-21.376680374145508,0.46942323446273804,0.0010826006764546037,0.025234371423721313,2,False,0.6307394504547119,0.0
fore_aft,3.52,0,0.2481742948293686,18.329130172729492,-21.378280639648438,0.4694328010082245,0.001148550189100206,0.02615239843726158,2,False,0.6307310461997986,0.0
fore_aft,3.54,0,0.24817685782909393,18.32811737060547,-21.37962532043457,0.46943897008895874,0.0011283863568678498,0.02610199525952339,2,False,0.6307238340377808,0.0
fore_aft,3.56,0,0.24817869067192078,18.32676124572754,-21.38069725036621,0.4694385826587677,0.001047820202074945,0.025809120386838913,2,False,0.6307162642478943,0.0
fore_aft,3.58,0,0.24817906320095062,18.325904846191406,-21.38161849975586,0.4694412648677826,0.001019450486637652,0.02630135975778103,2,False,0.6307136416435242,0.0
fore_aft,3.6,0,0.2481786608695984,18.324769973754883,-21.382259368896484,0.4694378972053528,0.0010224399156868458,0.025508906692266464,2,False,0.630711555480957,0.0
fore_aft,3.62,0,0.2481786608695984,18.323984146118164,-21.382658004760742,0.46943503618240356,0.0010777217103168368,0.02599586360156536,2,False,0.6307061910629272,0.0
fore_aft,3.64,0,0.24817997217178345,18.323453903198242,-21.38297462463379,0.46943366527557373,0.001105375587940216,0.02557283453643322,2,False,0.6307022571563721,0.0
fore_aft,3.66,0,0.24818040430545807,18.32231330871582,-21.382736206054688,0.4694198668003082,0.0010855549480766058,0.025222929194569588,2,False,0.6306952238082886,0.0
fore_aft,3.68,0,0.2481798380613327,18.322227478027344,-21.382549285888672,0.46941685676574707,0.0011335192248225212,0.02658901736140251,2,False,0.6306922435760498,0.0
fore_aft,3.7,0,0.2481793761253357,18.321237564086914,-21.38213348388672,0.46940240263938904,0.0011159128043800592,0.025757985189557076,2,False,0.6306899189949036,0.0
fore_aft,3.72,0,0.24817892909049988,18.320661544799805,-21.38145637512207,0.469388872385025,0.0010605775751173496,0.02590174973011017,2,False,0.6306898593902588,0.0
fore_aft,3.74,0,0.24817746877670288,18.320592880249023,-21.38075065612793,0.46937981247901917,0.0011044186539947987,0.025853225961327553,2,False,0.6306875944137573,0.0
fore_aft,3.7600000000000002,0,0.24817653000354767,18.320302963256836,-21.3800048828125,0.46936821937561035,0.0011374731548130512,0.026033470407128334,2,False,0.6306869983673096,0.0
fore_aft,3.7800000000000002,0,0.24817624688148499,18.319988250732422,-21.379159927368164,0.46935519576072693,0.0011449395678937435,0.025495748966932297,2,False,0.6306890845298767,0.0
fore_aft,3.8000000000000003,0,0.24817487597465515,18.31973648071289,-21.37813949584961,0.4693407118320465,0.0011730036931112409,0.026317404583096504,2,False,0.6306873559951782,0.0
fore_aft,3.8200000000000003,0,0.24817417562007904,18.320005416870117,-21.377126693725586,0.4693313241004944,0.00113928213249892,0.026148326694965363,2,False,0.6306890249252319,0.0
fore_aft,3.84,0,0.24817310273647308,18.31989288330078,-21.376060485839844,0.46931764483451843,0.0011152677470818162,0.025896470993757248,2,False,0.6306877732276917,0.0
fore_aft,3.86,0,0.24817201495170593,18.320104598999023,-21.37520980834961,0.46930959820747375,0.0011430903105065227,0.025839928537607193,2,False,0.6306908130645752,0.0
fore_aft,3.88,0,0.24817053973674774,18.320083618164062,-21.37418556213379,0.46929728984832764,0.0011195939732715487,0.0257214717566967,2,False,0.6306919455528259,0.0
fore_aft,3.9,0,0.24816982448101044,18.320606231689453,-21.373226165771484,0.46929094195365906,0.0011251566465944052,0.026111900806427002,2,False,0.6306934952735901,0.0
fore_aft,3.92,0,0.24816887080669403,18.320825576782227,-21.37238883972168,0.46928319334983826,0.001172304037027061,0.026429615914821625,2,False,0.6306964755058289,0.0
fore_aft,3.94,0,0.24816781282424927,18.3210506439209,-21.371522903442383,0.4692751169204712,0.0011383115779608488,0.026463361456990242,2,False,0.630696177482605,0.0
fore_aft,3.96,0,0.24816711246967316,18.321624755859375,-21.370763778686523,0.4692716598510742,0.0010805323254317045,0.02635636180639267,2,False,0.630696713924408,0.0
fore_aft,3.98,0,0.24816657602787018,18.321857452392578,-21.37004280090332,0.4692653715610504,0.0010456005111336708,0.025713372975587845,2,False,0.6306999325752258,0.0
fore_aft,4.0,0,0.24816542863845825,18.322620391845703,-21.369792938232422,0.4692697525024414,0.0010970294242724776,0.025828484445810318,2,False,0.6307041645050049,0.0
fore_aft,4.0200000000000005,0,0.24816474318504333,18.32249641418457,-21.36918830871582,0.46926140785217285,0.0011422595707699656,0.025500662624835968,2,False,0.6307081580162048,0.0
fore_aft,4.04,0,0.24816448986530304,18.322948455810547,-21.368602752685547,0.4692588448524475,0.0012006483739241958,0.026620689779520035,2,False,0.6307090520858765,0.0
fore_aft,4.0600000000000005,0,0.24816487729549408,18.32337188720703,-21.368196487426758,0.4692581295967102,0.001136884791776538,0.026634685695171356,2,False,0.6307081580162048,0.0
fore_aft,4.08,0,0.24816499650478363,18.323514938354492,-21.36787223815918,0.469255656003952,0.0010461020283401012,0.025700118392705917,2,False,0.6307095885276794,0.0
fore_aft,4.1,0,0.24816405773162842,18.323923110961914,-21.36751365661621,0.46925535798072815,0.001003686455078423,0.026113957166671753,2,False,0.6307125091552734,0.0
fore_aft,4.12,0,0.24816317856311798,18.32438087463379,-21.367326736450195,0.46925756335258484,0.0010023309150710702,0.02616087533533573,2,False,0.6307153701782227,0.0
fore_aft,4.14,0,0.24816282093524933,18.324573516845703,-21.367429733276367,0.4692606031894684,0.0010408612433820963,0.02614191360771656,2,False,0.630721390247345,0.0
fore_aft,4.16,0,0.24816271662712097,18.32459259033203,-21.367393493652344,0.46926039457321167,0.0011036207433789968,0.025745606049895287,2,False,0.630721390247345,0.0
fore_aft,4.18,0,0.24816320836544037,18.32481575012207,-21.367359161376953,0.46926212310791016,0.001150991884060204,0.026860307902097702,2,False,0.6307217478752136,0.0
fore_aft,4.2,0,0.24816392362117767,18.325016021728516,-21.367441177368164,0.46926501393318176,0.0010903190122917295,0.026372885331511497,2,False,0.6307181119918823,0.0
fore_aft,4.22,0,0.2481643408536911,18.325271606445312,-21.36769676208496,0.4692705273628235,0.0010304272873327136,0.026092810556292534,2,False,0.630719006061554,0.0
fore_aft,4.24,0,0.24816356599330902,18.32535171508789,-21.367780685424805,0.469272255897522,0.0010280542774125934,0.0261942557990551,2,False,0.6307176351547241,0.0
fore_aft,4.26,0,0.2481633424758911,18.3256778717041,-21.368072509765625,0.46927887201309204,0.0010016768937930465,0.02628466859459877,2,False,0.6307197213172913,0.0
fore_aft,4.28,0,0.24816428124904633,18.32570457458496,-21.368436813354492,0.46928343176841736,0.0010373921832069755,0.02578924223780632,2,False,0.6307218074798584,0.0
fore_aft,4.3,0,0.24816429615020752,18.325225830078125,-21.368629455566406,0.4692811071872711,0.0010915680322796106,0.02561636082828045,2,False,0.6307231783866882,0.0
fore_aft,4.32,0,0.24816462397575378,18.32549476623535,-21.36880874633789,0.46928584575653076,0.001085225841961801,0.02652430161833763,2,False,0.6307229995727539,0.0
fore_aft,4.34,0,0.24816596508026123,18.325712203979492,-21.369216918945312,0.4692927300930023,0.0010503089288249612,0.026280971243977547,2,False,0.6307223439216614,0.0
fore_aft,4.36,0,0.24816636741161346,18.32558822631836,-21.369735717773438,0.4692976772785187,0.0010352572426199913,0.02580326609313488,2,False,0.6307219862937927,0.0
fore_aft,4.38,0,0.2481660097837448,18.325401306152344,-21.36991310119629,0.46929797530174255,0.0009932162938639522,0.026056531816720963,2,False,0.6307217478752136,0.0
fore_aft,4.4,0,0.24816609919071198,18.325681686401367,-21.370250701904297,0.4693046808242798,0.0010044414084404707,0.02670598216354847,2,False,0.6307218670845032,0.0
fore_aft,4.42,0,0.2481665164232254,18.325576782226562,-21.37081527709961,0.46931034326553345,0.0010478923795744777,0.0261989738792181,2,False,0.6307229399681091,0.0
fore_aft,4.44,0,0.24816696345806122,18.325254440307617,-21.371246337890625,0.46931231021881104,0.0010936729377135634,0.026606528088450432,2,False,0.6307215690612793,0.0
fore_aft,4.46,0,0.24816685914993286,18.32478904724121,-21.37131690979004,0.46930867433547974,0.00109007116407156,0.026018228381872177,2,False,0.6307174563407898,0.0
fore_aft,4.48,0,0.24816745519638062,18.325157165527344,-21.371530532836914,0.4693147838115692,0.001079151756130159,0.02654489129781723,2,False,0.630715548992157,0.0
fore_aft,4.5,0,0.24816834926605225,18.32485008239746,-21.371679306030273,0.46931353211402893,0.0010783042525872588,0.025947270914912224,2,False,0.6307132244110107,0.0
fore_aft,4.5200000000000005,0,0.24816852807998657,18.324647903442383,-21.37190818786621,0.4693143367767334,0.001032814267091453,0.025822976604104042,2,False,0.630712628364563,0.0
fore_aft,4.54,0,0.24816811084747314,18.324567794799805,-21.371967315673828,0.46931424736976624,0.0010370314121246338,0.025938212871551514,2,False,0.6307123899459839,0.0
fore_aft,4.5600000000000005,0,0.24816790223121643,18.32440757751465,-21.371978759765625,0.4693128168582916,0.001029246486723423,0.02577073685824871,2,False,0.6307138204574585,0.0
fore_aft,4.58,0,0.2481684684753418,18.324514389038086,-21.372241973876953,0.4693169593811035,0.0010684968437999487,0.02646562084555626,2,False,0.6307159066200256,0.0
fore_aft,4.6000000000000005,0,0.24816885590553284,18.3240909576416,-21.372365951538086,0.4693143367767334,0.001100344117730856,0.025812191888689995,2,False,0.6307157278060913,0.0
fore_aft,4.62,0,0.24816864728927612,18.323833465576172,-21.372272491455078,0.4693107306957245,0.0010816333815455437,0.026104941964149475,2,False,0.6307139992713928,0.0
fore_aft,4.64,0,0.24816864728927612,18.3240966796875,-21.372291564941406,0.46931353211402893,0.001055250526405871,0.026332097128033638,2,False,0.6307123899459839,0.0
fore_aft,4.66,0,0.2481687217950821,18.324201583862305,-21.372346878051758,0.46931523084640503,0.0010399435414001346,0.026011720299720764,2,False,0.6307105422019958,0.0
fore_aft,4.68,0,0.24816864728927612,18.323923110961914,-21.372299194335938,0.46931192278862,0.0010343719040974975,0.02610706351697445,2,False,0.630711555480957,0.0
fore_aft,4.7,0,0.2481682300567627,18.323871612548828,-21.372268676757812,0.46931108832359314,0.0010443005012348294,0.026118960231542587,2,False,0.6307109594345093,0.0
fore_aft,4.72,0,0.24816831946372986,18.323827743530273,-21.37229347229004,0.4693109691143036,0.0010548061691224575,0.02601500041782856,2,False,0.6307121515274048,0.0
fore_aft,4.74,0,0.24816839396953583,18.323640823364258,-21.372167587280273,0.46930769085884094,0.0010941983200609684,0.02602766826748848,2,False,0.6307121515274048,0.0
fore_aft,4.76,0,0.24816827476024628,18.323780059814453,-21.3720645904541,0.4693077802658081,0.0011067481245845556,0.026429612189531326,2,False,0.63071209192276,0.0
fore_aft,4.78,0,0.24816827476024628,18.323589324951172,-21.371902465820312,0.46930405497550964,0.0010795202106237411,0.026310402899980545,2,False,0.6307098865509033,0.0
fore_aft,4.8,0,0.24816837906837463,18.323745727539062,-21.371875762939453,0.46930521726608276,0.0010588662698864937,0.02644607611000538,2,False,0.6307123899459839,0.0
fore_aft,4.82,0,0.24816791713237762,18.32353973388672,-21.37173080444336,0.4693014919757843,0.0010533288586884737,0.02586963027715683,2,False,0.6307109594345093,0.0
fore_aft,4.84,0,0.24816779792308807,18.323822021484375,-21.37167739868164,0.4693036377429962,0.0010520408395677805,0.026414308696985245,2,False,0.6307123899459839,0.0
fore_aft,4.86,0,0.24816790223121643,18.323678970336914,-21.371623992919922,0.46930164098739624,0.0010504816891625524,0.025690976530313492,2,False,0.6307104825973511,0.0
fore_aft,4.88,0,0.2481679767370224,18.32404327392578,-21.371671676635742,0.46930572390556335,0.001042446936480701,0.026228075847029686,2,False,0.6307091116905212,0.0
fore_aft,4.9,0,0.24816787242889404,18.32412338256836,-21.371654510498047,0.46930626034736633,0.0010336372070014477,0.02616632916033268,2,False,0.6307092905044556,0.0
fore_aft,4.92,0,0.2481679767370224,18.324308395385742,-21.371679306030273,0.4693083167076111,0.0010425768559798598,0.025962363928556442,2,False,0.6307100653648376,0.0
fore_aft,4.94,0,0.24816793203353882,18.3242130279541,-21.371620178222656,0.46930673718452454,0.001040651579387486,0.02651849016547203,2,False,0.6307104229927063,0.0
fore_aft,4.96,0,0.24816785752773285,18.324113845825195,-21.371618270874023,0.46930572390556335,0.0010352361714467406,0.025793015956878662,2,False,0.6307104825973511,0.0
fore_aft,4.98,0,0.24816785752773285,18.324186325073242,-21.37169647216797,0.4693073630332947,0.001051711617037654,0.02606508694589138,2,False,0.6307124495506287,0.0
fore_aft,5.0,0,0.24816785752773285,18.324207305908203,-21.371694564819336,0.469307541847229,0.0010721178259700537,0.026714934036135674,2,False,0.6307128071784973,0.0
fore_aft,5.0200000000000005,0,0.2481679916381836,18.324033737182617,-21.371652603149414,0.4693053364753723,0.0010578397195786238,0.026284031569957733,2,False,0.6307121515274048,0.0
fore_aft,5.04,0,0.24816805124282837,18.324064254760742,-21.37165069580078,0.4693056046962738,0.0010516024194657803,0.026122601702809334,2,False,0.6307122707366943,0.0
fore_aft,5.0600000000000005,0,0.24816781282424927,18.323972702026367,-21.371633529663086,0.46930456161499023,0.0010507775004953146,0.025885485112667084,2,False,0.6307104229927063,0.0
fore_aft,5.08,0,0.24816790223121643,18.32415008544922,-21.371652603149414,0.46930646896362305,0.0010352476965636015,0.0260552316904068,2,False,0.6307107210159302,0.0
fore_aft,5.1000000000000005,0,0.2481680065393448,18.32414436340332,-21.37161636352539,0.46930599212646484,0.0010517991613596678,0.026101931929588318,2,False,0.630711019039154,0.0
fore_aft,5.12,0,0.24816803634166718,18.324167251586914,-21.371694564819336,0.4693071246147156,0.001040859380736947,0.025807153433561325,2,False,0.6307105422019958,0.0
fore_aft,5.14,0,0.24816791713237762,18.32408905029297,-21.37166404724121,0.4693060517311096,0.0010441255290061235,0.026118742302060127,2,False,0.6307121515274048,0.0
fore_aft,5.16,0,0.24816767871379852,18.324262619018555,-21.371681213378906,0.46930792927742004,0.0010490190470591187,0.026342283934354782,2,False,0.6307118535041809,0.0
fore_aft,5.18,0,0.2481680065393448,18.324264526367188,-21.37176513671875,0.46930891275405884,0.0010563667165115476,0.02614237368106842,2,False,0.6307125687599182,0.0
fore_aft,5.2,0,0.24816790223121643,18.324060440063477,-21.371784210205078,0.46930718421936035,0.0010877344757318497,0.025920335203409195,2,False,0.630712628364563,0.0
fore_aft,5.22,0,0.2481679618358612,18.324037551879883,-21.371723175048828,0.46930623054504395,0.001057298039086163,0.025932949036359787,2,False,0.6307117938995361,0.0
fore_aft,5.24,0,0.2481679618358612,18.324270248413086,-21.371740341186523,0.46930864453315735,0.0010824310593307018,0.026265446096658707,2,False,0.630711555480957,0.0
fore_aft,5.26,0,0.24816815555095673,18.324207305908203,-21.37169075012207,0.4693075120449066,0.0010622633853927255,0.026205889880657196,2,False,0.6307113170623779,0.0
fore_aft,5.28,0,0.24816802144050598,18.323938369750977,-21.371562957763672,0.4693033993244171,0.001041078008711338,0.026180075481534004,2,False,0.6307105422019958,0.0
fore_aft,5.3,0,0.24816791713237762,18.324134826660156,-21.371610641479492,0.4693058431148529,0.0010002200724557042,0.02601883001625538,2,False,0.6307116150856018,0.0
fore_aft,5.32,0,0.24816791713237762,18.32427406311035,-21.37166976928711,0.4693078398704529,0.001043954398483038,0.026251962408423424,2,False,0.6307116746902466,0.0
fore_aft,5.34,0,0.24816776812076569,18.324068069458008,-21.371768951416016,0.4693070650100708,0.0010745112085714936,0.026460014283657074,2,False,0.6307109594345093,0.0
fore_aft,5.36,0,0.2481677085161209,18.32414436340332,-21.371841430664062,0.46930867433547974,0.0010423962958157063,0.02582225576043129,2,False,0.6307112574577332,0.0
fore_aft,5.38,0,0.24816793203353882,18.324230194091797,-21.37180519104004,0.4693090319633484,0.0010698579717427492,0.026637054979801178,2,False,0.6307113766670227,0.0
fore_aft,5.4,0,0.24816787242889404,18.3242244720459,-21.371828079223633,0.4693092703819275,0.0010537385242059827,0.025586219504475594,2,False,0.6307105422019958,0.0
fore_aft,5.42,0,0.2481677234172821,18.324203491210938,-21.371742248535156,0.46930810809135437,0.0010900032939389348,0.026518089696764946,2,False,0.6307114958763123,0.0
fore_aft,5.44,0,0.24816784262657166,18.324172973632812,-21.371742248535156,0.4693077802658081,0.001102269859984517,0.02653939090669155,2,False,0.6307119727134705,0.0
fore_aft,5.46,0,0.24816782772541046,18.323936462402344,-21.371753692626953,0.4693056344985962,0.001081913011148572,0.025742603465914726,2,False,0.6307106018066406,0.0
fore_aft,5.48,0,0.2481677532196045,18.324132919311523,-21.371706008911133,0.46930697560310364,0.0010716025717556477,0.026177596300840378,2,False,0.6307094097137451,0.0
fore_aft,5.5,0,0.24816814064979553,18.324098587036133,-21.371562957763672,0.4693049192428589,0.0010879930341616273,0.025812197476625443,2,False,0.6307101249694824,0.0
fore_aft,5.5200000000000005,0,0.2481682151556015,18.323949813842773,-21.37150764465332,0.46930286288261414,0.0010748256463557482,0.02630693092942238,2,False,0.630709707736969,0.0
fore_aft,5.54,0,0.2481681853532791,18.32394027709961,-21.371522903442383,0.4693029522895813,0.0010360676096752286,0.02578159235417843,2,False,0.6307107210159302,0.0
fore_aft,5.5600000000000005,0,0.2481679469347,18.32417106628418,-21.371583938598633,0.4693058729171753,0.0010125620756298304,0.026041066274046898,2,False,0.6307123899459839,0.0
fore_aft,5.58,0,0.24816776812076569,18.324264526367188,-21.371591567993164,0.4693068563938141,0.0010176104260608554,0.02619946375489235,2,False,0.6307138800621033,0.0
fore_aft,5.6000000000000005,0,0.2481679469347,18.324260711669922,-21.371623992919922,0.46930721402168274,0.0010152467293664813,0.025632720440626144,2,False,0.6307134032249451,0.0
fore_aft,5.62,0,0.2481682151556015,18.3243465423584,-21.371686935424805,0.4693087637424469,0.0010125978151336312,0.026270177215337753,2,False,0.6307149529457092,0.0
fore_aft,5.64,0,0.24816791713237762,18.324247360229492,-21.371700286865234,0.4693079888820648,0.0010436224984005094,0.025868680328130722,2,False,0.6307149529457092,0.0
fore_aft,5.66,0,0.2481675148010254,18.32424545288086,-21.37179183959961,0.4693090319633484,0.001087112003006041,0.026476815342903137,2,False,0.6307156682014465,0.0
fore_aft,5.68,0,0.24816793203353882,18.324094772338867,-21.37179183959961,0.4693076014518738,0.0010528378188610077,0.025771858170628548,2,False,0.6307148933410645,0.0
fore_aft,5.7,0,0.24816814064979553,18.324098587036133,-21.371706008911133,0.469306617975235,0.0010688540060073137,0.026196133345365524,2,False,0.6307142972946167,0.0
fore_aft,5.72,0,0.24816781282424927,18.324077606201172,-21.37163734436035,0.4693056344985962,0.0010650168405845761,0.02627306431531906,2,False,0.6307113170623779,0.0
fore_aft,5.74,0,0.2481677532196045,18.32423210144043,-21.371660232543945,0.4693073630332947,0.0010483727091923356,0.026294322684407234,2,False,0.6307103633880615,0.0
fore_aft,5.76,0,0.24816793203353882,18.324127197265625,-21.371713638305664,0.469307005405426,0.0010626526782289147,0.026372360065579414,2,False,0.6307104229927063,0.0
fore_aft,5.78,0,0.24816784262657166,18.32400131225586,-21.37171745300293,0.4693058133125305,0.0010448888642713428,0.02668711543083191,2,False,0.6307110786437988,0.0
fore_aft,5.8,0,0.24816793203353882,18.323780059814453,-21.371633529663086,0.4693027138710022,0.0010243665892630816,0.025908438488841057,2,False,0.6307103037834167,0.0
fore_aft,5.82,0,0.24816787242889404,18.323997497558594,-21.371654510498047,0.4693050682544708,0.0010329644428566098,0.025898482650518417,2,False,0.6307111382484436,0.0
fore_aft,5.84,0,0.24816785752773285,18.324106216430664,-21.37166976928711,0.46930626034736633,0.0010350707452744246,0.026186417788267136,2,False,0.6307106614112854,0.0
fore_aft,5.86,0,0.24816817045211792,18.32416534423828,-21.371654510498047,0.46930667757987976,0.0010398781159892678,0.026317540556192398,2,False,0.6307100653648376,0.0
fore_aft,5.88,0,0.24816788733005524,18.32412338256836,-21.371761322021484,0.4693075120449066,0.001042860560119152,0.026005052030086517,2,False,0.6307108402252197,0.0
fore_aft,5.9,0,0.24816752970218658,18.32412338256836,-21.371679306030273,0.4693065583705902,0.0010366656351834536,0.025816867128014565,2,False,0.6307106614112854,0.0
fore_aft,5.92,0,0.24816782772541046,18.324291229248047,-21.3716983795166,0.46930837631225586,0.0010813657427206635,0.026444554328918457,2,False,0.6307116746902466,0.0
fore_aft,5.94,0,0.24816808104515076,18.324094772338867,-21.37173080444336,0.4693068861961365,0.0010795868001878262,0.02607233077287674,2,False,0.6307118535041809,0.0
fore_aft,5.96,0,0.2481680065393448,18.323923110961914,-21.37166404724121,0.4693044424057007,0.0010762042365968227,0.02621839940547943,2,False,0.6307114362716675,0.0
fore_aft,5.98,0,0.24816785752773285,18.32416343688965,-21.371660232543945,0.46930670738220215,0.0010603192495182157,0.026279516518115997,2,False,0.630710780620575,0.0
fore_aft,6.0,0,0.2481679916381836,18.32415199279785,-21.37166404724121,0.469306617975235,0.001023826072923839,0.02589753083884716,2,False,0.6307106018066406,0.0
fore_aft,6.0200000000000005,0,0.24816811084747314,18.32421875,-21.371641159057617,0.469307005405426,0.0010227443417534232,0.025878628715872765,2,False,0.6307105422019958,0.0
fore_aft,6.04,0,0.2481677234172821,18.324247360229492,-21.371667861938477,0.4693076014518738,0.001045788754709065,0.025971926748752594,2,False,0.630711555480957,0.0
fore_aft,6.0600000000000005,0,0.24816745519638062,18.324384689331055,-21.371837615966797,0.4693109393119812,0.0010942802764475346,0.026251664385199547,2,False,0.6307108998298645,0.0
fore_aft,6.08,0,0.2481677085161209,18.324237823486328,-21.371919631958008,0.4693104922771454,0.00111073674634099,0.026155104860663414,2,False,0.6307126879692078,0.0
fore_aft,6.1000000000000005,0,0.24816787242889404,18.32417869567871,-21.371824264526367,0.4693087935447693,0.0011285070795565844,0.026337815448641777,2,False,0.6307101249694824,0.0
fore_aft,6.12,0,0.2481679767370224,18.324140548706055,-21.371681213378906,0.46930673718452454,0.0010707690380513668,0.02554493583738804,2,False,0.6307095289230347,0.0
fore_aft,6.140000000000001,0,0.2481680065393448,18.324308395385742,-21.371601104736328,0.4693073630332947,0.0010923669906333089,0.02553202025592327,2,False,0.6307099461555481,0.0
fore_aft,6.16,0,0.2481684684753418,18.32404327392578,-21.37148666381836,0.46930354833602905,0.001068878103978932,0.025577332824468613,2,False,0.6307107210159302,0.0
fore_aft,6.18,0,0.2481687217950821,18.323986053466797,-21.371440887451172,0.4693024158477783,0.0010381621541455388,0.026250088587403297,2,False,0.6307132244110107,0.0
fore_aft,6.2,0,0.24816864728927612,18.323989868164062,-21.371570587158203,0.4693039655685425,0.0009900822769850492,0.026070324704051018,2,False,0.6307151913642883,0.0
fore_aft,6.22,0,0.24816763401031494,18.324203491210938,-21.371715545654297,0.4693077504634857,0.0010285064345225692,0.026986461132764816,2,False,0.6307160258293152,0.0
fore_aft,6.24,0,0.2481672316789627,18.32416343688965,-21.371742248535156,0.46930769085884094,0.0010012186830863357,0.02593708597123623,2,False,0.6307159066200256,0.0
fore_aft,6.26,0,0.24816767871379852,18.324247360229492,-21.371837615966797,0.46930959820747375,0.0010539870709180832,0.025984957814216614,2,False,0.6307146549224854,0.0
fore_aft,6.28,0,0.24816785752773285,18.324199676513672,-21.371868133544922,0.4693095088005066,0.0010956410551443696,0.025881411507725716,2,False,0.630713164806366,0.0
fore_aft,6.3,0,0.2481677234172821,18.324047088623047,-21.37171745300293,0.46930626034736633,0.0011319710174575448,0.026348941028118134,2,False,0.6307107210159302,0.0
fore_aft,6.32,0,0.2481677383184433,18.32384490966797,-21.371660232543945,0.4693036377429962,0.0011076063383370638,0.025946196168661118,2,False,0.6307094097137451,0.0
fore_aft,6.34,0,0.24816812574863434,18.324201583862305,-21.37175178527832,0.46930813789367676,0.0011089033214375377,0.026410739868879318,2,False,0.6307091116905212,0.0
fore_aft,6.36,0,0.24816811084747314,18.32403564453125,-21.37163543701172,0.4693051874637604,0.001055162982083857,0.025676149874925613,2,False,0.6307083964347839,0.0
fore_aft,6.38,0,0.24816782772541046,18.324148178100586,-21.37150764465332,0.46930474042892456,0.001057591987773776,0.026086121797561646,2,False,0.6307073831558228,0.0
fore_aft,6.4,0,0.24816769361495972,18.324270248413086,-21.371469497680664,0.46930554509162903,0.0010272383224219084,0.025832537561655045,2,False,0.6307098865509033,0.0
fore_aft,6.42,0,0.24816803634166718,18.32431983947754,-21.37150764465332,0.4693063795566559,0.0010389264207333326,0.025828680023550987,2,False,0.6307100653648376,0.0
fore_aft,6.44,0,0.24816827476024628,18.32405662536621,-21.371580123901367,0.4693047106266022,0.0010424962965771556,0.025665614753961563,2,False,0.6307136416435242,0.0
fore_aft,6.46,0,0.2481680065393448,18.324228286743164,-21.371604919433594,0.4693066477775574,0.0010281994473189116,0.02596389688551426,2,False,0.6307128667831421,0.0
fore_aft,6.48,0,0.2481682151556015,18.32428741455078,-21.371620178222656,0.46930748224258423,0.0010480564087629318,0.026030486449599266,2,False,0.6307151317596436,0.0
fore_aft,6.5,0,0.24816806614398956,18.32421112060547,-21.371620178222656,0.46930670738220215,0.0010345595655962825,0.02613012120127678,2,False,0.6307137608528137,0.0
fore_aft,6.5200000000000005,0,0.24816787242889404,18.324277877807617,-21.371713638305664,0.469308465719223,0.0010293466039001942,0.02594379149377346,2,False,0.630713939666748,0.0
fore_aft,6.54,0,0.24816764891147614,18.32433319091797,-21.37176513671875,0.469309538602829,0.0010629339376464486,0.026385482400655746,2,False,0.6307138800621033,0.0
fore_aft,6.5600000000000005,0,0.24816767871379852,18.324174880981445,-21.371688842773438,0.4693071246147156,0.0010857598390430212,0.025947660207748413,2,False,0.6307132840156555,0.0
fore_aft,6.58,0,0.24816788733005524,18.32410430908203,-21.371685028076172,0.46930643916130066,0.0010521828662604094,0.02593269944190979,2,False,0.6307101845741272,0.0
fore_aft,6.6000000000000005,0,0.2481679469347,18.324308395385742,-21.371673583984375,0.4693082571029663,0.0010630144970491529,0.02630232833325863,2,False,0.6307098269462585,0.0
fore_aft,6.62,0,0.24816781282424927,18.32415771484375,-21.37163734436035,0.4693063795566559,0.0010409802198410034,0.025862963870167732,2,False,0.6307105422019958,0.0
fore_aft,6.640000000000001,0,0.24816779792308807,18.32424545288086,-21.37175178527832,0.4693085551261902,0.0010579688241705298,0.02619769051671028,2,False,0.6307116746902466,0.0
fore_aft,6.66,0,0.24816812574863434,18.324155807495117,-21.37177848815918,0.4693080484867096,0.0010360612068325281,0.02550678327679634,2,False,0.6307128071784973,0.0
fore_aft,6.68,0,0.24816787242889404,18.32417106628418,-21.37165069580078,0.46930667757987976,0.0010588469449430704,0.026816774159669876,2,False,0.6307134628295898,0.0
fore_aft,6.7,0,0.24816778302192688,18.32435417175293,-21.37171745300293,0.4693092405796051,0.0010734654497355223,0.026549747213721275,2,False,0.6307139992713928,0.0
fore_aft,6.72,0,0.24816785752773285,18.323993682861328,-21.371686935424805,0.4693053960800171,0.001041340990923345,0.0257771797478199,2,False,0.6307111978530884,0.0
fore_aft,6.74,0,0.24816790223121643,18.324262619018555,-21.37174415588379,0.4693087041378021,0.0010428503155708313,0.025941476225852966,2,False,0.6307109594345093,0.0
fore_aft,6.76,0,0.24816779792308807,18.324254989624023,-21.371686935424805,0.46930792927742004,0.0010431383270770311,0.02630452811717987,2,False,0.6307095885276794,0.0
fore_aft,6.78,0,0.24816787242889404,18.324216842651367,-21.371631622314453,0.4693068265914917,0.0010423274943605065,0.026074692606925964,2,False,0.6307112574577332,0.0
fore_aft,6.8,0,0.24816784262657166,18.324052810668945,-21.371633529663086,0.4693053066730499,0.0010595052735880017,0.026076948270201683,2,False,0.6307119727134705,0.0
fore_aft,6.82,0,0.24816784262657166,18.324138641357422,-21.37173080444336,0.4693072736263275,0.0010464435908943415,0.026211829856038094,2,False,0.6307099461555481,0.0
fore_aft,6.84,0,0.24816803634166718,18.32432746887207,-21.371841430664062,0.469310462474823,0.0011017468059435487,0.026762468740344048,2,False,0.6307108998298645,0.0
fore_aft,6.86,0,0.24816767871379852,18.32400131225586,-21.371776580810547,0.4693065285682678,0.0010867888340726495,0.026193665340542793,2,False,0.630709707736969,0.0
fore_aft,6.88,0,0.24816754460334778,18.324169158935547,-21.37171173095703,0.4693073332309723,0.0010547857964411378,0.02610635943710804,2,False,0.6307064890861511,0.0
fore_aft,6.9,0,0.24816787242889404,18.324308395385742,-21.371625900268555,0.46930769085884094,0.0010296753607690334,0.02551335096359253,2,False,0.6307068467140198,0.0
fore_aft,6.92,0,0.24816785752773285,18.324377059936523,-21.37161636352539,0.4693082571029663,0.0010620865505188704,0.02598070167005062,2,False,0.6307074427604675,0.0
fore_aft,6.94,0,0.24816805124282837,18.324234008789062,-21.371641159057617,0.46930715441703796,0.0010601469548419118,0.026155035942792892,2,False,0.6307108402252197,0.0
fore_aft,6.96,0,0.24816811084747314,18.323984146118164,-21.37164306640625,0.46930477023124695,0.001048747799359262,0.025913015007972717,2,False,0.6307113766670227,0.0
fore_aft,6.98,0,0.24816815555095673,18.32416534423828,-21.371700286865234,0.46930721402168274,0.0010461326455697417,0.02607041224837303,2,False,0.6307131052017212,0.0
fore_aft,7.0,0,0.24816785752773285,18.324176788330078,-21.371671676635742,0.46930697560310364,0.0010418000165373087,0.025922361761331558,2,False,0.6307132244110107,0.0
fore_aft,7.0200000000000005,0,0.2481679618358612,18.32428550720215,-21.371566772460938,0.4693067967891693,0.001040058210492134,0.026387736201286316,2,False,0.6307125687599182,0.0
fore_aft,7.04,0,0.24816802144050598,18.324247360229492,-21.371662139892578,0.4693075716495514,0.0010504783131182194,0.025948841124773026,2,False,0.6307128071784973,0.0
fore_aft,7.0600000000000005,0,0.2481677383184433,18.324052810668945,-21.37166976928711,0.46930575370788574,0.0010450499830767512,0.02594248577952385,2,False,0.6307123899459839,0.0
fore_aft,7.08,0,0.2481679916381836,18.32421112060547,-21.371660232543945,0.46930718421936035,0.0010214804206043482,0.02594434842467308,2,False,0.6307138204574585,0.0
fore_aft,7.1000000000000005,0,0.2481679767370224,18.324176788330078,-21.37167739868164,0.4693070352077484,0.0010543757816776633,0.026059553027153015,2,False,0.6307122111320496,0.0
fore_aft,7.12,0,0.24816785752773285,18.324321746826172,-21.3716983795166,0.4693087041378021,0.0010649451287463307,0.02666620910167694,2,False,0.6307146549224854,0.0
fore_aft,7.140000000000001,0,0.2481675148010254,18.32386589050293,-21.371557235717773,0.46930262446403503,0.0010394112905487418,0.025636721402406693,2,False,0.6307125091552734,0.0
fore_aft,7.16,0,0.24816785752773285,18.32428741455078,-21.371618270874023,0.46930742263793945,0.0010628707241266966,0.02627703920006752,2,False,0.6307135224342346,0.0
fore_aft,7.18,0,0.24816793203353882,18.323759078979492,-21.371458053588867,0.46930041909217834,0.0010874508880078793,0.025664072483778,2,False,0.630712628364563,0.0
fore_aft,7.2,0,0.24816788733005524,18.323890686035156,-21.37143898010254,0.4693014621734619,0.0010713153751567006,0.026178227737545967,2,False,0.6307131052017212,0.0
fore_aft,7.22,0,0.24816790223121643,18.323877334594727,-21.37137794494629,0.46930062770843506,0.0010586067801341414,0.025640388950705528,2,False,0.6307121515274048,0.0
fore_aft,7.24,0,0.24816787242889404,18.324115753173828,-21.371414184570312,0.46930333971977234,0.0010743275051936507,0.026137173175811768,2,False,0.6307128071784973,0.0
fore_aft,7.26,0,0.2481679618358612,18.324085235595703,-21.371374130249023,0.46930256485939026,0.001064591109752655,0.02604382112622261,2,False,0.6307128667831421,0.0
fore_aft,7.28,0,0.24816785752773285,18.32417106628418,-21.371368408203125,0.46930333971977234,0.0010710252681747079,0.026521269232034683,2,False,0.6307125687599182,0.0
fore_aft,7.3,0,0.24816769361495972,18.324087142944336,-21.371374130249023,0.46930256485939026,0.001060203299857676,0.025962138548493385,2,False,0.6307117938995361,0.0
fore_aft,7.32,0,0.24816752970218658,18.32414436340332,-21.371286392211914,0.46930211782455444,0.0010684857843443751,0.026650410145521164,2,False,0.6307117342948914,0.0
fore_aft,7.34,0,0.24816736578941345,18.324068069458008,-21.37122917175293,0.4693007171154022,0.0010290076024830341,0.025683101266622543,2,False,0.6307116746902466,0.0
fore_aft,7.36,0,0.24816708266735077,18.32419776916504,-21.37117576599121,0.46930131316185,0.001068898243829608,0.026420747861266136,2,False,0.6307122111320496,0.0
fore_aft,7.38,0,0.2481670379638672,18.324140548706055,-21.37114715576172,0.46930041909217834,0.0010815332643687725,0.02586405910551548,2,False,0.6307111978530884,0.0
fore_aft,7.4,0,0.24816755950450897,18.32428741455078,-21.37118911743164,0.46930229663848877,0.0010796737624332309,0.026289639994502068,2,False,0.6307122707366943,0.0
fore_aft,7.42,0,0.24816761910915375,18.323984146118164,-21.371023178100586,0.4692974388599396,0.0010458632605150342,0.025791436433792114,2,False,0.6307113766670227,0.0
fore_aft,7.44,0,0.2481672614812851,18.324270248413086,-21.37104034423828,0.46930041909217834,0.00102646101731807,0.025665026158094406,2,False,0.6307122707366943,0.0
fore_aft,7.46,0,0.24816745519638062,18.324174880981445,-21.37089729309082,0.4692977964878082,0.001038729096762836,0.026184041053056717,2,False,0.6307154297828674,0.0
fore_aft,7.48,0,0.24816742539405823,18.324132919311523,-21.370994567871094,0.4692985415458679,0.0010523450328037143,0.025654876604676247,2,False,0.6307157874107361,0.0
fore_aft,7.5,0,0.24816764891147614,18.324127197265625,-21.371109008789062,0.4692998230457306,0.001055854489095509,0.02618107758462429,2,False,0.630718469619751,0.0
fore_aft,7.5200000000000005,0,0.248167484998703,18.323957443237305,-21.371065139770508,0.46929770708084106,0.0010427423985674977,0.026129063218832016,2,False,0.6307172179222107,0.0
fore_aft,7.54,0,0.24816729128360748,18.3242244720459,-21.371122360229492,0.4693009555339813,0.001032938715070486,0.025937920436263084,2,False,0.6307181119918823,0.0
fore_aft,7.5600000000000005,0,0.2481670081615448,18.324077606201172,-21.371074676513672,0.46929895877838135,0.0010515712201595306,0.025863388553261757,2,False,0.6307172179222107,0.0
fore_aft,7.58,0,0.2481672763824463,18.324350357055664,-21.371171951293945,0.4693027138710022,0.0011067031882703304,0.02609880641102791,2,False,0.6307159066200256,0.0
fore_aft,7.6000000000000005,0,0.2481677383184433,18.324127197265625,-21.371196746826172,0.46930089592933655,0.00104226463008672,0.02563401125371456,2,False,0.6307134628295898,0.0
fore_aft,7.62,0,0.24816814064979553,18.32444953918457,-21.37131690979004,0.4693053960800171,0.0010494682937860489,0.026241810992360115,2,False,0.6307134032249451,0.0
fore_aft,7.640000000000001,0,0.24816769361495972,18.32423973083496,-21.371309280395508,0.46930330991744995,0.0010535663459450006,0.026181938126683235,2,False,0.6307136416435242,0.0
fore_aft,7.66,0,0.2481672614812851,18.324275970458984,-21.371362686157227,0.46930429339408875,0.0010470252018421888,0.026128051802515984,2,False,0.6307141780853271,0.0
fore_aft,7.68,0,0.24816732108592987,18.324235916137695,-21.371368408203125,0.4693039655685425,0.0010666532907634974,0.02645871229469776,2,False,0.6307142376899719,0.0
fore_aft,7.7,0,0.24816739559173584,18.32428741455078,-21.37148666381836,0.4693058431148529,0.0010781942401081324,0.02612648718059063,2,False,0.6307123899459839,0.0
fore_aft,7.72,0,0.24816754460334778,18.324281692504883,-21.37140655517578,0.4693048298358917,0.0010924871312454343,0.02647409215569496,2,False,0.6307113766670227,0.0
fore_aft,7.74,0,0.24816754460334778,18.324188232421875,-21.37140655517578,0.4693039655685425,0.0010824153432622552,0.02608903869986534,2,False,0.630710244178772,0.0
fore_aft,7.76,0,0.24816738069057465,18.32415008544922,-21.371362686157227,0.46930307149887085,0.001096593332476914,0.02630559727549553,2,False,0.630710244178772,0.0
fore_aft,7.78,0,0.24816729128360748,18.324077606201172,-21.371288299560547,0.4693014621734619,0.0010812942637130618,0.026192745193839073,2,False,0.6307101249694824,0.0
fore_aft,7.8,0,0.24816757440567017,18.324169158935547,-21.37129020690918,0.4693024158477783,0.0010842917254194617,0.02617773413658142,2,False,0.6307110786437988,0.0
fore_aft,7.82,0,0.24816754460334778,18.32394027709961,-21.3712158203125,0.4692992866039276,0.0010611745528876781,0.025825804099440575,2,False,0.630710780620575,0.0
fore_aft,7.84,0,0.24816741049289703,18.32418441772461,-21.371126174926758,0.46930059790611267,0.001060734037309885,0.026516389101743698,2,False,0.6307112574577332,0.0
fore_aft,7.86,0,0.24816706776618958,18.324220657348633,-21.37114906311035,0.4693012237548828,0.0010724859312176704,0.025914931669831276,2,False,0.6307113766670227,0.0
fore_aft,7.88,0,0.24816733598709106,18.324296951293945,-21.371171951293945,0.469302237033844,0.0010821542236953974,0.026636218652129173,2,False,0.6307135820388794,0.0
fore_aft,7.9,0,0.24816729128360748,18.323997497558594,-21.37103271484375,0.46929770708084106,0.0010564167750999331,0.026017101481556892,2,False,0.6307111978530884,0.0
fore_aft,7.92,0,0.2481669783592224,18.324247360229492,-21.370969772338867,0.4692993462085724,0.001059715636074543,0.026156116276979446,2,False,0.6307117342948914,0.0
fore_aft,7.94,0,0.24816672503948212,18.3242244720459,-21.37087059020996,0.46929794549942017,0.0010796041460707784,0.025973951444029808,2,False,0.630711555480957,0.0
fore_aft,7.96,0,0.2481669783592224,18.324161529541016,-21.370838165283203,0.46929699182510376,0.0010562048992142081,0.025769665837287903,2,False,0.63071209192276,0.0
fore_aft,7.98,0,0.2481672465801239,18.324377059936523,-21.370914459228516,0.46929994225502014,0.0011195042170584202,0.02677263133227825,2,False,0.630713701248169,0.0
fore_aft,8.0,0,0.2481672167778015,18.324033737182617,-21.370912551879883,0.4692966043949127,0.0010862578637897968,0.026087965816259384,2,False,0.6307132244110107,0.0
fore_aft,8.02,0,0.24816706776618958,18.32416343688965,-21.370891571044922,0.4692976176738739,0.001049031619913876,0.026117872446775436,2,False,0.6307116746902466,0.0
fore_aft,8.040000000000001,0,0.24816694855690002,18.3243408203125,-21.370832443237305,0.4692986011505127,0.0010414579883217812,0.02628447487950325,2,False,0.6307128667831421,0.0
fore_aft,8.06,0,0.24816657602787018,18.324365615844727,-21.37078094482422,0.46929824352264404,0.001072110142558813,0.026207219809293747,2,False,0.6307132244110107,0.0
fore_aft,8.08,0,0.24816645681858063,18.324235916137695,-21.370756149291992,0.46929672360420227,0.0010616793297231197,0.026143647730350494,2,False,0.6307123899459839,0.0
fore_aft,8.1,0,0.2481669932603836,18.324325561523438,-21.370868682861328,0.4692988693714142,0.0010955631732940674,0.026120347902178764,2,False,0.6307127475738525,0.0
fore_aft,8.120000000000001,0,0.24816733598709106,18.324134826660156,-21.370832443237305,0.4692966043949127,0.0010559462243691087,0.025655869394540787,2,False,0.6307119131088257,0.0
fore_aft,8.14,0,0.24816738069057465,18.324251174926758,-21.370758056640625,0.4692969024181366,0.0010682005668058991,0.026499779894948006,2,False,0.6307132840156555,0.0
fore_aft,8.16,0,0.24816681444644928,18.32412338256836,-21.370752334594727,0.46929556131362915,0.0010796771384775639,0.025774605572223663,2,False,0.6307136416435242,0.0
fore_aft,8.18,0,0.24816684424877167,18.32427406311035,-21.37078094482422,0.4692973494529724,0.0010560384253039956,0.025961851701140404,2,False,0.6307148337364197,0.0
fore_aft,8.2,0,0.24816706776618958,18.32433319091797,-21.370826721191406,0.46929848194122314,0.0010656175436452031,0.026386575773358345,2,False,0.6307140588760376,0.0
fore_aft,8.22,0,0.2481672316789627,18.324308395385742,-21.370878219604492,0.4692988395690918,0.0010679528350010514,0.026178233325481415,2,False,0.6307143568992615,0.0
fore_aft,8.24,0,0.2481669932603836,18.324190139770508,-21.370845794677734,0.46929731965065,0.0010643458226695657,0.026286466047167778,2,False,0.6307151317596436,0.0
fore_aft,8.26,0,0.2481667399406433,18.324115753173828,-21.370737075805664,0.46929535269737244,0.0010430121328681707,0.02618776261806488,2,False,0.6307143568992615,0.0
fore_aft,8.28,0,0.2481667399406433,18.324291229248047,-21.370807647705078,0.4692978262901306,0.0010840082541108131,0.026396701112389565,2,False,0.6307147741317749,0.0
fore_aft,8.3,0,0.24816682934761047,18.32410430908203,-21.370885848999023,0.46929699182510376,0.0010891197016462684,0.026224525645375252,2,False,0.6307132244110107,0.0
fore_aft,8.32,0,0.24816730618476868,18.32412338256836,-21.37081527709961,0.46929633617401123,0.0010625185677781701,0.02650086209177971,2,False,0.6307123899459839,0.0
fore_aft,8.34,0,0.2481670379638672,18.32401466369629,-21.370737075805664,0.46929439902305603,0.001028838800266385,0.02573373168706894,2,False,0.6307103633880615,0.0
fore_aft,8.36,0,0.24816679954528809,18.324398040771484,-21.370807647705078,0.4692988693714142,0.0010412536794319749,0.0265248604118824,2,False,0.6307125091552734,0.0
fore_aft,8.38,0,0.2481667399406433,18.324148178100586,-21.37080955505371,0.46929651498794556,0.001053870772011578,0.02601584605872631,2,False,0.6307132244110107,0.0
fore_aft,8.4,0,0.24816712737083435,18.324199676513672,-21.37089729309082,0.46929803490638733,0.0010556161869317293,0.026385564357042313,2,False,0.6307137608528137,0.0
fore_aft,8.42,0,0.24816715717315674,18.32404327392578,-21.37090301513672,0.4692966043949127,0.001089679659344256,0.026207493618130684,2,False,0.630713939666748,0.0
fore_aft,8.44,0,0.24816720187664032,18.324003219604492,-21.37084197998047,0.4692955017089844,0.0010603386908769608,0.026343051344156265,2,False,0.6307132840156555,0.0
fore_aft,8.46,0,0.24816717207431793,18.32416343688965,-21.370872497558594,0.4692973792552948,0.0010575632331892848,0.025968916714191437,2,False,0.6307128667831421,0.0
fore_aft,8.48,0,0.24816696345806122,18.324262619018555,-21.370864868164062,0.46929827332496643,0.001067507779225707,0.026513732969760895,2,False,0.6307128667831421,0.0
fore_aft,8.5,0,0.24816684424877167,18.32416343688965,-21.370868682861328,0.46929731965065,0.001060050562955439,0.026265397667884827,2,False,0.6307122111320496,0.0
fore_aft,8.52,0,0.2481670379638672,18.32421875,-21.37091636657715,0.46929845213890076,0.0010410923277959228,0.026165898889303207,2,False,0.6307124495506287,0.0
fore_aft,8.540000000000001,0,0.24816714227199554,18.324100494384766,-21.37084197998047,0.4692964255809784,0.0010772228706628084,0.02628897689282894,2,False,0.6307129859924316,0.0
fore_aft,8.56,0,0.248167023062706,18.324060440063477,-21.370861053466797,0.46929627656936646,0.0010483214864507318,0.02621987834572792,2,False,0.6307132840156555,0.0
fore_aft,8.58,0,0.2481670379638672,18.324098587036133,-21.370800018310547,0.4692959189414978,0.0010542302625253797,0.026313379406929016,2,False,0.6307130455970764,0.0
fore_aft,8.6,0,0.24816708266735077,18.324182510375977,-21.370851516723633,0.46929728984832764,0.001050271326676011,0.02618362568318844,2,False,0.6307134628295898,0.0
fore_aft,8.620000000000001,0,0.24816691875457764,18.32396697998047,-21.370798110961914,0.46929460763931274,0.0010403518099337816,0.025740472599864006,2,False,0.630713701248169,0.0
fore_aft,8.64,0,0.24816688895225525,18.32418441772461,-21.370906829833984,0.46929797530174255,0.0010703426087275147,0.026139572262763977,2,False,0.6307157278060913,0.0
fore_aft,8.66,0,0.24816720187664032,18.324247360229492,-21.371021270751953,0.46929994225502014,0.0011045447317883372,0.026252562180161476,2,False,0.6307150721549988,0.0
fore_aft,8.68,0,0.24816736578941345,18.324098587036133,-21.3709774017334,0.46929800510406494,0.0010929979616776109,0.026149611920118332,2,False,0.6307136416435242,0.0
fore_aft,8.700000000000001,0,0.2481672763824463,18.3242244720459,-21.37100601196289,0.4692995548248291,0.001062872470356524,0.026162676513195038,2,False,0.6307127475738525,0.0
fore_aft,8.72,0,0.2481674700975418,18.32425308227539,-21.37095832824707,0.4692992568016052,0.001016129506751895,0.025802969932556152,2,False,0.630712628364563,0.0
fore_aft,8.74,0,0.2481672465801239,18.324504852294922,-21.371078491210938,0.4693031311035156,0.0010714728850871325,0.026450464501976967,2,False,0.6307132244110107,0.0
fore_aft,8.76,0,0.2481672316789627,18.32419776916504,-21.371110916137695,0.4693005383014679,0.0010415142169222236,0.025601398199796677,2,False,0.6307141184806824,0.0
fore_aft,8.78,0,0.24816730618476868,18.324277877807617,-21.371049880981445,0.46930062770843506,0.0010669337352737784,0.026311902329325676,2,False,0.6307133436203003,0.0
fore_aft,8.8,0,0.24816718697547913,18.324556350708008,-21.371170043945312,0.4693046808242798,0.0010779479052871466,0.02638077735900879,2,False,0.6307129859924316,0.0
fore_aft,8.82,0,0.24816729128360748,18.324256896972656,-21.371183395385742,0.4693019688129425,0.0010632856283336878,0.02585718035697937,2,False,0.630713164806366,0.0
fore_aft,8.84,0,0.2481677234172821,18.324247360229492,-21.37122917175293,0.4693024158477783,0.001045646728016436,0.026024799793958664,2,False,0.6307146549224854,0.0
fore_aft,8.86,0,0.24816764891147614,18.324312210083008,-21.371286392211914,0.469303697347641,0.0010510858846828341,0.02627328597009182,2,False,0.6307138800621033,0.0
fore_aft,8.88,0,0.2481675148010254,18.324337005615234,-21.371309280395508,0.46930423378944397,0.0010573501931503415,0.02600724995136261,2,False,0.6307146549224854,0.0
fore_aft,8.9,0,0.24816730618476868,18.324169158935547,-21.371252059936523,0.4693019390106201,0.001047906232997775,0.026111891493201256,2,False,0.6307129859924316,0.0
fore_aft,8.92,0,0.2481674700975418,18.324216842651367,-21.371288299560547,0.46930286288261414,0.0010550841689109802,0.02589666284620762,2,False,0.6307142972946167,0.0
fore_aft,8.94,0,0.24816781282424927,18.324113845825195,-21.371322631835938,0.469302237033844,0.0010516574839130044,0.0260591022670269,2,False,0.6307147145271301,0.0
fore_aft,8.96,0,0.24816754460334778,18.324186325073242,-21.371387481689453,0.469303697347641,0.0010827771620824933,0.02595962956547737,2,False,0.6307150721549988,0.0
fore_aft,8.98,0,0.2481674998998642,18.32412338256836,-21.371353149414062,0.4693027138710022,0.0010593883926048875,0.026338450610637665,2,False,0.6307148933410645,0.0
fore_aft,9.0,0,0.24816778302192688,18.324235916137695,-21.371416091918945,0.46930453181266785,0.0010745052713900805,0.026275532320141792,2,False,0.630713939666748,0.0
fore_aft,9.02,0,0.24816793203353882,18.32401466369629,-21.37147331237793,0.46930310130119324,0.0010658956598490477,0.02601623348891735,2,False,0.6307141780853271,0.0
fore_aft,9.040000000000001,0,0.2481679916381836,18.323993682861328,-21.371458053588867,0.4693026840686798,0.00104809389449656,0.02607918158173561,2,False,0.6307126879692078,0.0
fore_aft,9.06,0,0.24816782772541046,18.324064254760742,-21.37143325805664,0.46930307149887085,0.0010420740582048893,0.026060251519083977,2,False,0.6307128071784973,0.0
fore_aft,9.08,0,0.24816761910915375,18.324161529541016,-21.3714542388916,0.46930426359176636,0.001034668181091547,0.02593710459768772,2,False,0.6307132840156555,0.0
fore_aft,9.1,0,0.24816769361495972,18.324203491210938,-21.371490478515625,0.4693050980567932,0.0010805896017700434,0.026419200003147125,2,False,0.630712628364563,0.0
fore_aft,9.120000000000001,0,0.24816793203353882,18.32404327392578,-21.371570587158203,0.46930447220802307,0.001077046268619597,0.025919098407030106,2,False,0.6307131052017212,0.0
fore_aft,9.14,0,0.24816803634166718,18.323793411254883,-21.37141990661621,0.4693002700805664,0.0010525694815441966,0.0260608047246933,2,False,0.6307126879692078,0.0
fore_aft,9.16,0,0.24816782772541046,18.32408905029297,-21.371423721313477,0.4693031907081604,0.0010668359464034438,0.026282809674739838,2,False,0.6307126879692078,0.0
fore_aft,9.18,0,0.24816784262657166,18.323997497558594,-21.371397018432617,0.4693019986152649,0.0010478930780664086,0.026140637695789337,2,False,0.6307127475738525,0.0
fore_aft,9.200000000000001,0,0.24816788733005524,18.323949813842773,-21.371431350708008,0.46930190920829773,0.0010443885112181306,0.025951335206627846,2,False,0.6307129263877869,0.0
fore_aft,9.22,0,0.24816793203353882,18.32402992248535,-21.37148666381836,0.4693034291267395,0.001050438266247511,0.026129862293601036,2,False,0.6307128071784973,0.0
fore_aft,9.24,0,0.24816776812076569,18.323997497558594,-21.371440887451172,0.4693025052547455,0.0010662886779755354,0.026322105899453163,2,False,0.6307125091552734,0.0
fore_aft,9.26,0,0.24816757440567017,18.324068069458008,-21.3714599609375,0.4693034291267395,0.0010572519386187196,0.026188600808382034,2,False,0.6307121515274048,0.0
fore_aft,9.28,0,0.24816757440567017,18.324071884155273,-21.371400833129883,0.4693027436733246,0.0010598769877105951,0.02632034569978714,2,False,0.6307110786437988,0.0
fore_aft,9.3,0,0.2481677234172821,18.324081420898438,-21.371389389038086,0.4693027436733246,0.0010480781784281135,0.026021502912044525,2,False,0.6307123303413391,0.0
fore_aft,9.32,0,0.24816757440567017,18.324033737182617,-21.371397018432617,0.46930232644081116,0.0010717211989685893,0.026219962164759636,2,False,0.6307127475738525,0.0
fore_aft,9.34,0,0.24816758930683136,18.323993682861328,-21.37135124206543,0.46930140256881714,0.0010708862682804465,0.026106540113687515,2,False,0.6307120323181152,0.0
fore_aft,9.36,0,0.24816755950450897,18.324033737182617,-21.37135124206543,0.4693017899990082,0.0010738507844507694,0.026175662875175476,2,False,0.6307119131088257,0.0
fore_aft,9.38,0,0.2481674700975418,18.324047088623047,-21.371334075927734,0.4693017303943634,0.0010722179431468248,0.02616819366812706,2,False,0.6307118535041809,0.0
fore_aft,9.4,0,0.24816755950450897,18.32412338256836,-21.37135887145996,0.469302773475647,0.00107291538733989,0.026074843481183052,2,False,0.6307114362716675,0.0
fore_aft,9.42,0,0.24816755950450897,18.32408332824707,-21.371356964111328,0.46930235624313354,0.001090215751901269,0.026121370494365692,2,False,0.6307119727134705,0.0
fore_aft,9.44,0,0.24816752970218658,18.324005126953125,-21.37126350402832,0.4693005084991455,0.0010690396884456277,0.026158029213547707,2,False,0.6307111978530884,0.0
fore_aft,9.46,0,0.24816766381263733,18.324148178100586,-21.371232986450195,0.4693014621734619,0.0010626239236444235,0.026185857132077217,2,False,0.6307112574577332,0.0
fore_aft,9.48,0,0.24816758930683136,18.323984146118164,-21.371191024780273,0.46929940581321716,0.0010699765989556909,0.025950251147150993,2,False,0.6307133436203003,0.0
fore_aft,9.5,0,0.24816696345806122,18.32388687133789,-21.371023178100586,0.46929651498794556,0.0010643275454640388,0.02596522681415081,2,False,0.6307125091552734,0.0
fore_aft,9.52,0,0.24816690385341644,18.32421112060547,-21.37102508544922,0.46929967403411865,0.0010842200135812163,0.026117635890841484,2,False,0.630713164806366,0.0
fore_aft,9.540000000000001,0,0.24816739559173584,18.324010848999023,-21.370983123779297,0.46929723024368286,0.0011135396780446172,0.02613512985408306,2,False,0.6307130455970764,0.0
fore_aft,9.56,0,0.24816757440567017,18.323986053466797,-21.37099266052246,0.4692970812320709,0.0010803363984450698,0.025964384898543358,2,False,0.6307119727134705,0.0
fore_aft,9.58,0,0.24816709756851196,18.324169158935547,-21.3709716796875,0.4692986309528351,0.0011032139882445335,0.026990018784999847,2,False,0.6307126879692078,0.0
fore_aft,9.6,0,0.248167023062706,18.32402992248535,-21.370868682861328,0.46929603815078735,0.0010391823016107082,0.02601352147758007,2,False,0.6307111382484436,0.0
fore_aft,9.620000000000001,0,0.24816718697547913,18.32421112060547,-21.370887756347656,0.46929800510406494,0.0010509233688935637,0.026047013700008392,2,False,0.6307122707366943,0.0
fore_aft,9.64,0,0.24816659092903137,18.32404136657715,-21.370746612548828,0.4692947268486023,0.0010605495190247893,0.0259768757969141,2,False,0.6307122111320496,0.0
fore_aft,9.66,0,0.24816620349884033,18.324127197265625,-21.370637893676758,0.4692942500114441,0.0010841644834727049,0.02585788257420063,2,False,0.6307116150856018,0.0
fore_aft,9.68,0,0.24816687405109406,18.324237823486328,-21.37069320678711,0.4692959785461426,0.0010883796494454145,0.025853993371129036,2,False,0.6307123303413391,0.0
fore_aft,9.700000000000001,0,0.2481677383184433,18.32421112060547,-21.370695114135742,0.46929576992988586,0.0010763144819065928,0.026026204228401184,2,False,0.6307132244110107,0.0
fore_aft,9.72,0,0.2481675148010254,18.324134826660156,-21.370664596557617,0.46929463744163513,0.00105240847915411,0.026170630007982254,2,False,0.6307149529457092,0.0
fore_aft,9.74,0,0.24816669523715973,18.324296951293945,-21.370637893676758,0.4692959189414978,0.001008109888061881,0.026343099772930145,2,False,0.6307157278060913,0.0
fore_aft,9.76,0,0.24816636741161346,18.324451446533203,-21.370691299438477,0.46929800510406494,0.0010282633593305945,0.02613097056746483,2,False,0.6307169795036316,0.0
fore_aft,9.78,0,0.24816668033599854,18.324481964111328,-21.37091827392578,0.4693009853363037,0.0010652755154296756,0.026177970692515373,2,False,0.6307170391082764,0.0
fore_aft,9.8,0,0.24816711246967316,18.32426643371582,-21.370952606201172,0.46929931640625,0.0010756963165476918,0.025926506146788597,2,False,0.6307156085968018,0.0
fore_aft,9.82,0,0.2481669783592224,18.324243545532227,-21.37091827392578,0.46929872035980225,0.0011043287813663483,0.026468561962246895,2,False,0.6307142376899719,0.0
fore_aft,9.84,0,0.2481672167778015,18.3244686126709,-21.370969772338867,0.4693014621734619,0.0010782917961478233,0.026550112292170525,2,False,0.6307128071784973,0.0
fore_aft,9.86,0,0.24816754460334778,18.324302673339844,-21.370983123779297,0.4693000018596649,0.0010435119038447738,0.0259824451059103,2,False,0.630711019039154,0.0
fore_aft,9.88,0,0.2481672614812851,18.32423973083496,-21.37104606628418,0.46930018067359924,0.0010347262723371387,0.026208247989416122,2,False,0.630712628364563,0.0
fore_aft,9.9,0,0.24816694855690002,18.324138641357422,-21.3709659576416,0.46929824352264404,0.001015660585835576,0.025773899629712105,2,False,0.6307132244110107,0.0
fore_aft,9.92,0,0.24816714227199554,18.324365615844727,-21.371015548706055,0.4693010151386261,0.0010351341916248202,0.026137646287679672,2,False,0.6307142376899719,0.0
fore_aft,9.94,0,0.24816742539405823,18.324352264404297,-21.371217727661133,0.46930328011512756,0.0010803865734487772,0.026057226583361626,2,False,0.6307151317596436,0.0
fore_aft,9.96,0,0.24816757440567017,18.32416534423828,-21.371305465698242,0.4693025052547455,0.0010887569515034556,0.026145638898015022,2,False,0.6307147741317749,0.0
fore_aft,9.98,0,0.24816760420799255,18.32411766052246,-21.371305465698242,0.46930208802223206,0.0010731678921729326,0.025912515819072723,2,False,0.6307147741317749,0.0
fore_aft,10.0,0,0.24816755950450897,18.324193954467773,-21.37127685546875,0.4693024754524231,0.0010621831752359867,0.02617647685110569,2,False,0.6307136416435242,0.0
fore_aft,10.02,0,0.24816769361495972,18.32434844970703,-21.371320724487305,0.4693044424057007,0.0010549034923315048,0.026015181094408035,2,False,0.6307136416435242,0.0
fore_aft,10.040000000000001,0,0.2481677383184433,18.324304580688477,-21.37135124206543,0.4693043828010559,0.0010624541901051998,0.02616334892809391,2,False,0.630713164806366,0.0
fore_aft,10.06,0,0.2481677383184433,18.324113845825195,-21.371288299560547,0.46930181980133057,0.0010513111483305693,0.02605186402797699,2,False,0.6307132244110107,0.0
fore_aft,10.08,0,0.24816760420799255,18.324153900146484,-21.371299743652344,0.46930235624313354,0.0010600867681205273,0.026247069239616394,2,False,0.6307132244110107,0.0
fore_aft,10.1,0,0.24816739559173584,18.324077606201172,-21.371295928955078,0.46930161118507385,0.001042187213897705,0.025967111811041832,2,False,0.630713164806366,0.0
fore_aft,10.120000000000001,0,0.24816755950450897,18.324207305908203,-21.371374130249023,0.4693037271499634,0.00104072829708457,0.026060953736305237,2,False,0.6307142376899719,0.0
fore_aft,10.14,0,0.2481677085161209,18.324138641357422,-21.371374130249023,0.46930307149887085,0.0010728527558967471,0.026258766651153564,2,False,0.6307134032249451,0.0
fore_aft,10.16,0,0.2481677234172821,18.324060440063477,-21.371397018432617,0.46930262446403503,0.0010717130498960614,0.026038628071546555,2,False,0.6307134628295898,0.0
fore_aft,10.18,0,0.24816769361495972,18.32402992248535,-21.371376037597656,0.46930208802223206,0.0010600467212498188,0.025934144854545593,2,False,0.630713164806366,0.0
fore_aft,10.200000000000001,0,0.24816764891147614,18.324127197265625,-21.371362686157227,0.46930286288261414,0.0010690520284697413,0.026160720735788345,2,False,0.6307127475738525,0.0
fore_aft,10.22,0,0.24816767871379852,18.324119567871094,-21.371353149414062,0.4693026542663574,0.0010723144514486194,0.025957096368074417,2,False,0.6307123899459839,0.0
fore_aft,10.24,0,0.24816761910915375,18.324092864990234,-21.37135124206543,0.46930238604545593,0.0010894633596763015,0.026245923712849617,2,False,0.6307122707366943,0.0
fore_aft,10.26,0,0.24816757440567017,18.324052810668945,-21.37132453918457,0.46930167078971863,0.0010759492870420218,0.026045218110084534,2,False,0.6307116746902466,0.0
fore_aft,10.28,0,0.24816763401031494,18.324203491210938,-21.371309280395508,0.4693029522895813,0.0010698693804442883,0.026160115376114845,2,False,0.6307111382484436,0.0
fore_aft,10.3,0,0.24816760420799255,18.324155807495117,-21.37125015258789,0.4693017601966858,0.0010643521090969443,0.025996552780270576,2,False,0.630711019039154,0.0
fore_aft,10.32,0,0.248167484998703,18.32427406311035,-21.37125015258789,0.4693029224872589,0.0010522211669012904,0.026152169331908226,2,False,0.6307111978530884,0.0
fore_aft,10.34,0,0.24816758930683136,18.324329376220703,-21.371273040771484,0.4693037271499634,0.001058729481883347,0.026008015498518944,2,False,0.6307114958763123,0.0
fore_aft,10.36,0,0.2481677085161209,18.324207305908203,-21.37128257751465,0.4693026840686798,0.0010543633252382278,0.026134366169571877,2,False,0.6307114958763123,0.0
fore_aft,10.38,0,0.24816767871379852,18.32428741455078,-21.371374130249023,0.46930450201034546,0.0010619742097333074,0.02618424966931343,2,False,0.6307122707366943,0.0
fore_aft,10.4,0,0.24816757440567017,18.32410430908203,-21.37131690979004,0.46930208802223206,0.0010472760768607259,0.025929786264896393,2,False,0.6307122111320496,0.0
fore_aft,10.42,0,0.24816755950450897,18.324321746826172,-21.371379852294922,0.4693049192428589,0.0010684559820219874,0.026325900107622147,2,False,0.6307123899459839,0.0
fore_aft,10.44,0,0.24816763401031494,18.32411003112793,-21.371309280395508,0.46930205821990967,0.001070400234311819,0.02619221992790699,2,False,0.6307120323181152,0.0
fore_aft,10.46,0,0.24816769361495972,18.324081420898438,-21.371295928955078,0.46930161118507385,0.0010564058320596814,0.026134788990020752,2,False,0.6307121515274048,0.0
fore_aft,10.48,0,0.24816763401031494,18.32417106628418,-21.371307373046875,0.46930262446403503,0.001043694675900042,0.026126055046916008,2,False,0.6307119727134705,0.0
fore_aft,10.5,0,0.2481677085161209,18.324132919311523,-21.37127113342285,0.46930181980133057,0.001042214105837047,0.0259743370115757,2,False,0.6307127475738525,0.0
fore_aft,10.52,0,0.24816755950450897,18.324068069458008,-21.371339797973633,0.4693019986152649,0.0010633039055392146,0.026255518198013306,2,False,0.6307135224342346,0.0
fore_aft,10.540000000000001,0,0.24816732108592987,18.324026107788086,-21.371334075927734,0.4693014919757843,0.001082033384591341,0.026265602558851242,2,False,0.630715012550354,0.0
fore_aft,10.56,0,0.2481672614812851,18.324012756347656,-21.37135124206543,0.46930158138275146,0.0010826820507645607,0.026441553607583046,2,False,0.6307136416435242,0.0
fore_aft,10.58,0,0.2481674998998642,18.323938369750977,-21.371246337890625,0.46929964423179626,0.0010586328571662307,0.0258827842772007,2,False,0.6307123899459839,0.0
fore_aft,10.6,0,0.24816741049289703,18.324172973632812,-21.371286392211914,0.46930235624313354,0.0010845183860510588,0.026137398555874825,2,False,0.6307118535041809,0.0
fore_aft,10.620000000000001,0,0.24816744029521942,18.324039459228516,-21.371192932128906,0.46929997205734253,0.0010613026097416878,0.025930384173989296,2,False,0.6307113766670227,0.0
fore_aft,10.64,0,0.24816741049289703,18.32415008544922,-21.371191024780273,0.4693010151386261,0.0010544309625402093,0.025990372523665428,2,False,0.6307118535041809,0.0
fore_aft,10.66,0,0.24816739559173584,18.324281692504883,-21.371225357055664,0.4693027138710022,0.0010636583901941776,0.02633638121187687,2,False,0.6307122111320496,0.0
fore_aft,10.68,0,0.2481674998998642,18.324254989624023,-21.371206283569336,0.4693022072315216,0.0010609733872115612,0.026073431596159935,2,False,0.6307120323181152,0.0
fore_aft,10.700000000000001,0,0.2481672763824463,18.324262619018555,-21.371326446533203,0.469303697347641,0.0010745939798653126,0.025881841778755188,2,False,0.6307132840156555,0.0
fore_aft,10.72,0,0.24816729128360748,18.324108123779297,-21.371252059936523,0.46930131316185,0.0010747782653197646,0.026124149560928345,2,False,0.6307132840156555,0.0
fore_aft,10.74,0,0.24816752970218658,18.324251174926758,-21.37126350402832,0.4693028926849365,0.0010832854313775897,0.0263700932264328,2,False,0.6307129263877869,0.0
fore_aft,10.76,0,0.2481677085161209,18.32411003112793,-21.371173858642578,0.46930044889450073,0.0010678427061066031,0.025812143459916115,2,False,0.6307122707366943,0.0
fore_aft,10.78,0,0.24816760420799255,18.32425308227539,-21.37122917175293,0.4693024754524231,0.0010586832650005817,0.026011213660240173,2,False,0.630712628364563,0.0
fore_aft,10.8,0,0.24816733598709106,18.324132919311523,-21.37114906311035,0.46930038928985596,0.0010668544564396143,0.02602878399193287,2,False,0.6307126879692078,0.0
fore_aft,10.82,0,0.24816739559173584,18.32418441772461,-21.371166229248047,0.46930110454559326,0.00105882971547544,0.026058141142129898,2,False,0.6307136416435242,0.0
fore_aft,10.84,0,0.24816754460334778,18.324115753173828,-21.371225357055664,0.46930110454559326,0.001052413834258914,0.02595159225165844,2,False,0.630714476108551,0.0
fore_aft,10.86,0,0.24816738069057465,18.324172973632812,-21.37125015258789,0.46930190920829773,0.0010757511481642723,0.026185140013694763,2,False,0.630714476108551,0.0
fore_aft,10.88,0,0.24816733598709106,18.324047088623047,-21.371129989624023,0.46929931640625,0.001075764070264995,0.026073871180415154,2,False,0.6307144165039062,0.0
fore_aft,10.9,0,0.24816736578941345,18.324060440063477,-21.37107276916504,0.46929875016212463,0.0010845089564099908,0.026033097878098488,2,False,0.6307142376899719,0.0
fore_aft,10.92,0,0.2481672465801239,18.324121475219727,-21.37105941772461,0.46929919719696045,0.0010749483481049538,0.026108015328645706,2,False,0.6307132840156555,0.0
fore_aft,10.94,0,0.24816736578941345,18.324098587036133,-21.370960235595703,0.4692977964878082,0.0010639283573254943,0.026197724044322968,2,False,0.6307121515274048,0.0
fore_aft,10.96,0,0.24816733598709106,18.324172973632812,-21.3709716796875,0.4692986309528351,0.0010295778047293425,0.025665681809186935,2,False,0.6307116150856018,0.0
fore_aft,10.98,0,0.24816730618476868,18.324256896972656,-21.37098503112793,0.46929964423179626,0.001030071871355176,0.026215216144919395,2,False,0.630713164806366,0.0
fore_aft,11.0,0,0.24816711246967316,18.324251174926758,-21.37108612060547,0.4693007469177246,0.0010485714301466942,0.025411417707800865,2,False,0.6307147741317749,0.0
