pose,time_s,trial,height,roll_deg,pitch_deg,gravity_error,speed,angular_speed,feet_contact,base_contact,joint_rms,stable_hold_s,geometry_ok,FL_foot_x_b,FL_foot_y_b,FL_foot_z_b,FL_knee_y_b,FR_foot_x_b,FR_foot_y_b,FR_foot_z_b,FR_knee_y_b,RL_foot_x_b,RL_foot_y_b,RL_foot_z_b,RL_knee_y_b,RR_foot_x_b,RR_foot_y_b,RR_foot_z_b,RR_knee_y_b,FL_hip_joint,FL_hip_joint_offset,FR_hip_joint,FR_hip_joint_offset,RL_hip_joint,RL_hip_joint_offset,RR_hip_joint,RR_hip_joint_offset,FL_thigh_joint,FL_thigh_joint_offset,FR_thigh_joint,FR_thigh_joint_offset,RL_thigh_joint,RL_thigh_joint_offset,RR_thigh_joint,RR_thigh_joint_offset,FL_calf_joint,FL_calf_joint_offset,FR_calf_joint,FR_calf_joint_offset,RL_calf_joint,RL_calf_joint_offset,RR_calf_joint,RR_calf_joint_offset
upright,0.02,0,0.3888063132762909,12.445690155029297,2.2620880603790283,0.22011326253414154,0.14511843025684357,2.8336257934570312,0,False,0.1404998004436493,0.0,True,0.2137046903371811,0.166673481464386,-0.25863176584243774,0.1552886664867401,0.21603232622146606,-0.15307196974754333,-0.3077109754085541,-0.14788125455379486,-0.2922719120979309,0.15687820315361023,-0.2775936424732208,0.14672556519508362,-0.25415292382240295,-0.12274523824453354,-0.34360137581825256,-0.13354620337486267,0.09350685030221939,-0.0064931511878967285,-0.03576812148094177,0.06423188000917435,0.05306267738342285,-0.04693732410669327,0.05642116069793701,0.15642115473747253,0.810470700263977,0.010470688343048096,0.6758896708488464,-0.12411034107208252,1.1260837316513062,0.12608373165130615,0.8076942563056946,-0.19230574369430542,-1.7717750072479248,-0.2717750072479248,-1.4969162940979004,0.0030837059020996094,-1.5800647735595703,-0.08006477355957031,-1.2604783773422241,0.23952162265777588
upright,0.04,0,0.3832407593727112,21.98430061340332,3.67690110206604,0.38563072681427,0.3995700776576996,8.001171112060547,0,False,0.3535732328891754,0.0,False,0.209812730550766,0.18242274224758148,-0.1909518539905548,0.16404949128627777,0.27719348669052124,-0.09179472923278809,-0.2922375500202179,-0.10842406749725342,-0.2615914046764374,0.19948428869247437,-0.20905137062072754,0.15739813446998596,-0.1867452710866928,-0.016277477145195007,-0.38658407330513,-0.07604075223207474,0.19895876944065094,0.09895876795053482,0.17505799233913422,0.27505800127983093,0.2541906535625458,0.15419065952301025,0.32686424255371094,0.42686423659324646,0.9661149978637695,0.16611498594284058,0.5241796374320984,-0.27582037448883057,1.2187941074371338,0.2187941074371338,0.47227126359939575,-0.5277287364006042,-2.0852854251861572,-0.5852854251861572,-1.6301499605178833,-0.1301499605178833,-1.8856730461120605,-0.38567304611206055,-0.9799525737762451,0.5200474262237549
upright,0.06,0,0.36998283863067627,34.15550994873047,4.7409820556640625,0.5906356573104858,0.8177628517150879,8.83985710144043,0,False,0.6140331625938416,0.0,False,0.1664206087589264,0.18791045248508453,-0.11462976783514023,0.15102717280387878,0.36589136719703674,-0.061071932315826416,-0.19192153215408325,-0.04271137714385986,-0.2890303134918213,0.24339058995246887,-0.10306057333946228,0.1361633837223053,-0.0689876526594162,0.07982224225997925,-0.3556654453277588,-0.006441928446292877,0.33734267950057983,0.2373426854610443,0.4434027671813965,0.5434027910232544,0.6443784832954407,0.5443784594535828,0.5970807671546936,0.6970807909965515,1.3649489879608154,0.5649489760398865,0.17061464488506317,-0.6293853521347046,1.4665544033050537,0.4665544033050537,0.10974762588739395,-0.8902523517608643,-2.38517165184021,-0.88517165184021,-1.9437118768692017,-0.44371187686920166,-2.043663501739502,-0.543663501739502,-0.8762545585632324,0.6237454414367676
upright,0.08,0,0.3498438894748688,45.444034576416016,6.48323392868042,0.7753886580467224,1.092449426651001,7.764838218688965,0,False,0.8775948882102966,0.0,False,0.12709592282772064,0.1912170648574829,-0.03426577150821686,0.09623972326517105,0.3781125545501709,-0.10259106755256653,-0.08350314199924469,0.0032830238342285156,-0.3421492874622345,0.21144652366638184,-0.008745759725570679,0.04942816495895386,0.045467525720596313,0.11709905415773392,-0.2680509388446808,0.04810529947280884,0.6409972310066223,0.5409972071647644,0.6597248315811157,0.7597248554229736,0.9013484120368958,0.8013483881950378,0.8569827675819397,0.9569827914237976,1.7828142642974854,0.9828142523765564,-0.2860352098941803,-1.0860352516174316,1.9148213863372803,0.9148213863372803,-0.21968050301074982,-1.2196805477142334,-2.512079954147339,-1.0120799541473389,-2.2306222915649414,-0.7306222915649414,-2.160332202911377,-0.660332202911377,-0.9082496166229248,0.5917503833770752
upright,0.1,0,0.32662057876586914,52.127254486083984,7.784088611602783,0.8811818361282349,1.2077882289886475,4.28027868270874,0,False,1.1071182489395142,0.0,False,0.09673012793064117,0.1630929559469223,0.0222034752368927,0.016014553606510162,0.3397945761680603,-0.15176698565483093,-0.032202303409576416,0.003571122884750366,-0.34888318181037903,0.14836809039115906,0.04584519565105438,-0.02696627378463745,0.10879820585250854,0.09618213772773743,-0.19940507411956787,0.0674745962023735,0.8239286541938782,0.7239286303520203,0.8174477815628052,0.9174478054046631,0.968328058719635,0.8683280348777771,1.0211529731750488,1.1211529970169067,2.2269980907440186,1.4269981384277344,-0.733574390411377,-1.5335743427276611,2.3847079277038574,1.3847079277038574,-0.44597873091697693,-1.4459787607192993,-2.572284460067749,-1.072284460067749,-2.3902482986450195,-0.8902482986450195,-2.3413872718811035,-0.8413872718811035,-0.966094970703125,0.533905029296875
upright,0.12,0,0.30049946904182434,54.64258575439453,7.049901008605957,0.91956627368927,1.3397164344787598,1.6674866676330566,0,False,1.282310962677002,0.0,False,0.08058752119541168,0.12352331727743149,0.06064137816429138,-0.042090412229299545,0.29239171743392944,-0.17996636033058167,-0.017171233892440796,-0.027585536241531372,-0.34735989570617676,0.08951422572135925,0.08600300550460815,-0.0712936669588089,0.12592460215091705,0.06781743466854095,-0.1826014667749405,0.060455672442913055,0.8946598172187805,0.7946597933769226,0.9096962809562683,1.0096962451934814,0.9898058176040649,0.889805793762207,1.0186207294464111,1.118620753288269,2.6746373176574707,1.8746373653411865,-1.0913748741149902,-1.8913748264312744,2.8436999320983887,1.8436999320983887,-0.5236001014709473,-1.5236001014709473,-2.5950872898101807,-1.0950872898101807,-2.486433744430542,-0.986433744430542,-2.3999714851379395,-0.8999714851379395,-1.0065901279449463,0.4934098720550537
upright,0.14,0,0.27178576588630676,54.99102783203125,4.456120491027832,0.9239782094955444,1.4447283744812012,1.6719903945922852,0,False,1.4256564378738403,0.0,False,0.0819224864244461,0.08548715710639954,0.08976176381111145,-0.06880229711532593,0.25509780645370483,-0.18534594774246216,-0.014760389924049377,-0.06019607186317444,-0.3099914789199829,0.04493749141693115,0.11377766728401184,-0.08033458888530731,0.11676586419343948,0.06347435712814331,-0.20178665220737457,0.04750044643878937,0.9408448338508606,0.8408448100090027,0.9235309958457947,1.0235309600830078,1.0096853971481323,0.9096853733062744,0.927560031414032,1.0275599956512451,3.061328411102295,2.2613284587860107,-1.309525489807129,-2.109525442123413,3.314426898956299,2.314426898956299,-0.4786487817764282,-1.4786487817764282,-2.602173089981079,-1.102173089981079,-2.5749337673187256,-1.0749337673187256,-2.511557102203369,-1.0115571022033691,-0.9982850551605225,0.5017149448394775
upright,0.16,0,0.24102620780467987,54.796630859375,1.2446941137313843,0.9203965663909912,1.5398576259613037,1.7862341403961182,0,False,1.530925989151001,0.0,False,0.0903887152671814,0.061900243163108826,0.10491058230400085,-0.07426218688488007,0.240941122174263,-0.18303710222244263,-0.014808401465415955,-0.07356199622154236,-0.26585790514945984,0.01273295283317566,0.13127417862415314,-0.051557011902332306,0.09445022791624069,0.07752853631973267,-0.2299555242061615,0.042625147849321365,0.9755054116249084,0.8755053877830505,0.9099022746086121,1.0099022388458252,1.0335572957992554,0.9335572719573975,0.8688291907310486,0.9688292145729065,3.2941031455993652,2.494103193283081,-1.3819994926452637,-2.181999444961548,3.780198574066162,2.780198574066162,-0.3840827941894531,-1.3840827941894531,-2.605393648147583,-1.105393648147583,-2.6214215755462646,-1.1214215755462646,-2.568385601043701,-1.0683856010437012,-0.9704279899597168,0.5295720100402832
upright,0.18,0,0.2080152928829193,54.57479476928711,-1.7705250978469849,0.9170096516609192,1.6603107452392578,1.4067976474761963,1,False,1.5887569189071655,0.0,False,0.09403309226036072,0.05913355201482773,0.10664299130439758,-0.07340458035469055,0.2408553659915924,-0.18191051483154297,-0.015961959958076477,-0.0720246434211731,-0.22587630152702332,-0.00014269351959228516,0.14036020636558533,-0.00023311376571655273,0.08623367547988892,0.06704794615507126,-0.22603240609169006,0.042368046939373016,0.9778812527656555,0.8778812289237976,0.912156343460083,1.012156367301941,1.022734522819519,0.9227344989776611,0.8526713252067566,0.9526713490486145,3.3374147415161133,2.537414789199829,-1.3740631341934204,-2.174063205718994,4.152904987335205,3.152904987335205,-0.3307402729988098,-1.330740213394165,-2.6151509284973145,-1.1151509284973145,-2.6276419162750244,-1.1276419162750244,-2.5826056003570557,-1.0826056003570557,-1.085575819015503,0.41442418098449707
upright,0.2,0,0.17251776158809662,55.567996978759766,-4.1629719734191895,0.932792067527771,1.8060963153839111,1.807257890701294,1,False,1.61211097240448,0.0,False,0.09258231520652771,0.06414033472537994,0.10334424674510956,-0.07464838773012161,0.2438078224658966,-0.17999669909477234,-0.02083304524421692,-0.06373462080955505,-0.20446011424064636,0.008059889078140259,0.14454564452171326,0.03898293524980545,0.10031959414482117,0.04331095516681671,-0.20711272954940796,0.03770139813423157,0.9764455556869507,0.8764455318450928,0.9406147003173828,1.0406147241592407,0.9524674415588379,0.85246741771698,0.8459579348564148,0.9459579586982727,3.286419153213501,2.486419200897217,-1.3419255018234253,-2.141925573348999,4.341690540313721,3.3416905403137207,-0.3893473148345947,-1.3893473148345947,-2.620676279067993,-1.1206762790679932,-2.6286838054656982,-1.1286838054656982,-2.591771364212036,-1.0917713642120361,-1.1462618112564087,0.3537381887435913
upright,0.22,0,0.1369924545288086,60.68404006958008,-4.554686069488525,1.010689616203308,1.740805983543396,6.2977471351623535,1,False,1.6175503730773926,0.0,False,0.08987593650817871,0.06491464376449585,0.1007191464304924,-0.08461561053991318,0.24517260491847992,-0.17643219232559204,-0.02980571985244751,-0.053077101707458496,-0.2032458335161209,0.0216425359249115,0.1430109590291977,0.04977203160524368,0.12108439952135086,0.025095462799072266,-0.19647352397441864,0.026002857834100723,1.0210514068603516,0.9210513830184937,0.9976730942726135,1.0976730585098267,0.8901441097259521,0.7901440858840942,0.8237226605415344,0.9237226843833923,3.2232155799865723,2.423215627670288,-1.3154178857803345,-2.115417957305908,4.361976146697998,3.361976146697998,-0.4966351091861725,-1.49663507938385,-2.6196749210357666,-1.1196749210357666,-2.636490821838379,-1.136490821838379,-2.620420455932617,-1.1204204559326172,-1.0799685716629028,0.42003142833709717
upright,0.24,0,0.10525945574045181,69.07453155517578,-1.4178969860076904,1.1338965892791748,1.25314462184906,5.44511079788208,1,False,1.6133244037628174,0.0,False,0.08896049857139587,0.06667130440473557,0.09929141402244568,-0.08664651215076447,0.2574983835220337,-0.16633319854736328,-0.034660205245018005,-0.025828778743743896,-0.20277181267738342,0.010759860277175903,0.13002103567123413,0.03447960317134857,0.12563461065292358,0.015491366386413574,-0.19113948941230774,0.02117232419550419,1.0297940969467163,0.9297940731048584,0.9804351925849915,1.0804351568222046,1.0552387237548828,0.9552386999130249,0.8088862895965576,0.9088863134384155,3.1943109035491943,2.39431095123291,-1.1403731107711792,-1.940373182296753,4.387779235839844,3.3877792358398438,-0.5218617916107178,-1.5218617916107178,-2.6202809810638428,-1.1202809810638428,-2.654580593109131,-1.1545805931091309,-2.6886329650878906,-1.1886329650878906,-1.085806131362915,0.41419386863708496
upright,0.26,0,0.10103753954172134,64.83893585205078,3.10569167137146,1.072332739830017,0.4299061894416809,3.5570147037506104,1,False,1.574630618095398,0.0,False,0.09694196283817291,0.0704512819647789,0.09651966392993927,-0.089610256254673,0.2827215790748596,-0.15248799324035645,-0.04169948399066925,0.010452121496200562,-0.2027844786643982,0.019332468509674072,0.1355501115322113,0.044431209564208984,0.12581846117973328,-0.006977394223213196,-0.18971958756446838,0.0033598169684410095,1.0448771715164185,0.9448771476745605,0.9511359333992004,1.0511358976364136,0.9603967070579529,0.860396683216095,0.7206828594207764,0.8206828832626343,3.183772087097168,2.383772134780884,-0.8654436469078064,-1.6654436588287354,4.38086462020874,3.3808646202087402,-0.5252008438110352,-1.5252008438110352,-2.665911912918091,-1.1659119129180908,-2.6252288818359375,-1.1252288818359375,-2.6657650470733643,-1.1657650470733643,-1.1192067861557007,0.3807932138442993
upright,0.28,0,0.09993580728769302,64.82396697998047,2.52107834815979,1.072076439857483,0.21880733966827393,1.8781213760375977,1,False,1.5712919235229492,0.0,False,0.09470933675765991,0.06349910795688629,0.10045598447322845,-0.08937108516693115,0.28090065717697144,-0.1506679654121399,-0.042700380086898804,0.011928319931030273,-0.20531953871250153,0.012594074010848999,0.13901077210903168,0.037636272609233856,0.1255096197128296,-0.008254006505012512,-0.19099611043930054,0.0013538263738155365,1.04728364944458,0.9472836256027222,0.947085440158844,1.0470854043960571,0.9699913263320923,0.8699913024902344,0.7100391983985901,0.810039222240448,3.2381174564361572,2.438117504119873,-0.8492522835731506,-1.6492522954940796,4.346568584442139,3.3465685844421387,-0.5231665372848511,-1.523166537284851,-2.6440796852111816,-1.1440796852111816,-2.639242649078369,-1.1392426490783691,-2.632756233215332,-1.132756233215332,-1.1168826818466187,0.38311731815338135
upright,0.3,0,0.10094259679317474,66.45661926269531,-1.1372188329696655,1.0959646701812744,0.19516408443450928,1.8071538209915161,1,False,1.5581270456314087,0.0,False,0.09489913284778595,0.06308258324861526,0.1020590290427208,-0.08276929706335068,0.28897175192832947,-0.14177578687667847,-0.04555392265319824,0.020369619131088257,-0.20762111246585846,0.0026140809059143066,0.135381817817688,0.02447172999382019,0.12393063306808472,-7.019937038421631e-05,-0.19572754204273224,0.005621325224637985,1.0163493156433105,0.9163492918014526,0.8870483040809631,0.987048327922821,1.0490801334381104,0.9490801095962524,0.7275900840759277,0.8275901079177856,3.272240161895752,2.4722402095794678,-0.6914333701133728,-1.4914333820343018,4.325809001922607,3.3258090019226074,-0.5128043293952942,-1.5128042697906494,-2.6378066539764404,-1.1378066539764404,-2.6402504444122314,-1.1402504444122314,-2.6363697052001953,-1.1363697052001953,-1.0981799364089966,0.4018200635910034
upright,0.32,0,0.10527253895998001,66.75847625732422,-3.8993582725524902,1.1004860401153564,0.28064560890197754,1.071796178817749,1,False,1.5254195928573608,0.0,False,0.094127357006073,0.07131444662809372,0.10012367367744446,-0.06797052174806595,0.2998206913471222,-0.12898430228233337,-0.052975669503211975,0.023396015167236328,-0.20996347069740295,0.0033514201641082764,0.13506340980529785,0.020854100584983826,0.11993385851383209,0.006199106574058533,-0.20045465230941772,0.008827496320009232,0.940233051776886,0.8402330279350281,0.7986359000205994,0.8986359238624573,1.0482078790664673,0.9482078552246094,0.7359325289726257,0.8359325528144836,3.2627856731414795,2.4627857208251953,-0.46305617690086365,-1.2630561590194702,4.303921222686768,3.3039212226867676,-0.4906740188598633,-1.4906740188598633,-2.6354801654815674,-1.1354801654815674,-2.625568151473999,-1.125568151473999,-2.638152837753296,-1.138152837753296,-1.0985056161880493,0.4014943838119507
upright,0.34,0,0.11037672311067581,67.7690658569336,-6.517366886138916,1.1153584718704224,0.3046402037143707,1.1265019178390503,1,False,1.4927964210510254,0.0,False,0.09328055381774902,0.07737378031015396,0.09766632318496704,-0.05903198942542076,0.30275124311447144,-0.10238897800445557,-0.07975301146507263,0.030940473079681396,-0.21091333031654358,0.0036909282207489014,0.13489405810832977,0.019376888871192932,0.11461500078439713,0.014889776706695557,-0.20566076040267944,0.013811565935611725,0.894670307636261,0.7946702837944031,0.762406051158905,0.8624060750007629,1.0479904413223267,0.9479904174804688,0.7512062191963196,0.8512062430381775,3.242610216140747,2.442610263824463,-0.09091221541166306,-0.8909122347831726,4.2950215339660645,3.2950215339660645,-0.46241217851638794,-1.4624121189117432,-2.6350202560424805,-1.1350202560424805,-2.6143691539764404,-1.1143691539764404,-2.6391255855560303,-1.1391255855560303,-1.100967526435852,0.39903247356414795
upright,0.36,0,0.1146654263138771,69.1189193725586,-8.194842338562012,1.1349352598190308,0.21956457197666168,1.4577558040618896,1,False,1.4746538400650024,0.0,False,0.09263630211353302,0.07880567014217377,0.09666942059993744,-0.0585692822933197,0.28898942470550537,-0.06974563002586365,-0.10799647867679596,0.04123711585998535,-0.2112475484609604,0.003992646932601929,0.1349610537290573,0.019086696207523346,0.10374872386455536,0.022433683276176453,-0.2067539095878601,0.02227138914167881,0.8913278579711914,0.7913278341293335,0.8321216106414795,0.9321216344833374,1.045989751815796,0.945989727973938,0.7754020094871521,0.87540203332901,3.2277488708496094,2.427748918533325,0.2637515664100647,-0.5362484455108643,4.291802406311035,3.291802406311035,-0.40613868832588196,-1.4061386585235596,-2.6344265937805176,-1.1344265937805176,-2.616582155227661,-1.1165821552276611,-2.6390302181243896,-1.1390302181243896,-1.1635693311691284,0.3364306688308716
upright,0.38,0,0.11683447659015656,71.09783935546875,-7.74431037902832,1.1630656719207764,0.1559017449617386,1.7107304334640503,1,False,1.469746470451355,0.0,False,0.09173503518104553,0.07586254179477692,0.09751288592815399,-0.06532354652881622,0.2853381037712097,-0.06333428621292114,-0.1114080399274826,0.04490514099597931,-0.2114400565624237,0.004094809293746948,0.13475511968135834,0.018658429384231567,0.09061335772275925,0.025614246726036072,-0.20228347182273865,0.03166228532791138,0.9236646294593811,0.8236646056175232,0.861452043056488,0.961452066898346,1.0472099781036377,0.9472099542617798,0.8032896518707275,0.9032896757125854,3.2209091186523438,2.4209091663360596,0.31623613834381104,-0.4837638735771179,4.290173053741455,3.290173053741455,-0.3407295048236847,-1.3407294750213623,-2.6307010650634766,-1.1307010650634766,-2.6208460330963135,-1.1208460330963135,-2.640343427658081,-1.140343427658081,-1.2695335149765015,0.23046648502349854
upright,0.4,0,0.11695323884487152,72.68528747558594,-5.705241680145264,1.1853364706039429,0.1730545312166214,1.5121365785598755,1,False,1.4681591987609863,0.0,False,0.09125997126102448,0.07375869899988174,0.0983133465051651,-0.06878708302974701,0.2811340093612671,-0.058274030685424805,-0.11379928141832352,0.04683654010295868,-0.2111799269914627,0.0038738250732421875,0.1348874866962433,0.019054874777793884,0.0805143341422081,0.027583763003349304,-0.19823475182056427,0.038677509874105453,0.9408178925514221,0.8408178687095642,0.8845664262771606,0.9845664501190186,1.0471699237823486,0.9471698999404907,0.8258323073387146,0.9258323311805725,3.222564935684204,2.42256498336792,0.366396427154541,-0.43360358476638794,4.2924981117248535,3.2924981117248535,-0.2926566004753113,-1.292656660079956,-2.627678632736206,-1.127678632736206,-2.628912925720215,-1.1289129257202148,-2.639308452606201,-1.1393084526062012,-1.3490501642227173,0.15094983577728271
upright,0.42,0,0.11689164489507675,73.93988800048828,-3.339597463607788,1.2028220891952515,0.073231041431427,1.0006818771362305,1,False,1.470849871635437,0.0,False,0.0926845371723175,0.07132649421691895,0.09885688871145248,-0.0741104781627655,0.2795456647872925,-0.05261951684951782,-0.1161455512046814,0.05001923441886902,-0.21055765450000763,0.004296243190765381,0.13512001931667328,0.020553521811962128,0.07420573383569717,0.030548065900802612,-0.1948719322681427,0.04491454362869263,0.9677485227584839,0.867748498916626,0.9107065200805664,1.0107065439224243,1.043214201927185,0.9432141780853271,0.849716305732727,0.949716329574585,3.228053569793701,2.428053617477417,0.398408979177475,-0.401591032743454,4.298437595367432,3.2984375953674316,-0.26344212889671326,-1.2634421586990356,-2.6346378326416016,-1.1346378326416016,-2.6252822875976562,-1.1252822875976562,-2.6391892433166504,-1.1391892433166504,-1.3972752094268799,0.10272479057312012
upright,0.44,0,0.11699219048023224,74.23991394042969,-1.1332274675369263,1.206974744796753,0.02793167717754841,0.6858727931976318,1,False,1.4729095697402954,0.0,False,0.09309254586696625,0.06766071915626526,0.09997940808534622,-0.07999251037836075,0.27825045585632324,-0.04994186758995056,-0.11733558773994446,0.05062870681285858,-0.2098659873008728,0.006852090358734131,0.13600128889083862,0.02413872629404068,0.07023680955171585,0.031086429953575134,-0.19299013912677765,0.047622062265872955,0.9982665777206421,0.8982665538787842,0.9209147095680237,1.0209146738052368,1.0234602689743042,0.9234602451324463,0.8592649102210999,0.9592649340629578,3.2363431453704834,2.436343193054199,0.41895365715026855,-0.3810463547706604,4.305023670196533,3.305023670196533,-0.24545691907405853,-1.2454569339752197,-2.6352601051330566,-1.1352601051330566,-2.6245946884155273,-1.1245946884155273,-2.63904070854187,-1.1390407085418701,-1.428023338317871,0.0719766616821289
upright,0.46,0,0.1164739578962326,74.01007843017578,0.9065620303153992,1.203772783279419,0.07521351426839828,0.7245831489562988,1,False,1.4730424880981445,0.0,False,0.09301199018955231,0.06466161459684372,0.10080938041210175,-0.08460646867752075,0.27751797437667847,-0.04954838752746582,-0.1177322119474411,0.04976034164428711,-0.20963452756404877,0.00948035717010498,0.13695105910301208,0.02710156887769699,0.06848466396331787,0.030172333121299744,-0.1925859898328781,0.04759687930345535,1.02254056930542,0.922540545463562,0.9197868704795837,1.0197868347167969,1.0024895668029785,0.9024895429611206,0.8576838970184326,0.9576839208602905,3.2411797046661377,2.4411797523498535,0.42828187346458435,-0.3717181384563446,4.307007312774658,3.307007312774658,-0.23760227859020233,-1.2376022338867188,-2.6337881088256836,-1.1337881088256836,-2.625333309173584,-1.125333309173584,-2.6378939151763916,-1.1378939151763916,-1.4415669441223145,0.05843305587768555
upright,0.48,0,0.11529586464166641,73.56610107421875,2.6799840927124023,1.1975942850112915,0.09777973592281342,0.7543845176696777,1,False,1.4731593132019043,0.0,False,0.09301665425300598,0.06206754595041275,0.10127043724060059,-0.08935672044754028,0.27778956294059753,-0.050732702016830444,-0.11742229759693146,0.04874856770038605,-0.20973242819309235,0.0115986168384552,0.13752318918704987,0.028903134167194366,0.0694439560174942,0.02913503348827362,-0.19332806766033173,0.0460304319858551,1.0475621223449707,0.9475620985031128,0.9128720760345459,1.0128720998764038,0.9869188070297241,0.8869187831878662,0.8509452939033508,0.9509453177452087,3.2418107986450195,2.4418108463287354,0.4235745370388031,-0.37642547488212585,4.306039810180664,3.306039810180664,-0.24194283783435822,-1.2419428825378418,-2.6336801052093506,-1.1336801052093506,-2.625746488571167,-1.125746488571167,-2.6377146244049072,-1.1377146244049072,-1.4345436096191406,0.06545639038085938
upright,0.5,0,0.1149071753025055,72.84656524658203,3.4526288509368896,1.1875312328338623,0.029222562909126282,0.346976101398468,1,False,1.471055507659912,0.0,False,0.09318093955516815,0.061969317495822906,0.10132940858602524,-0.08931151032447815,0.27832964062690735,-0.05135872960090637,-0.11800970882177353,0.04623642563819885,-0.20952683687210083,0.014551639556884766,0.13814610242843628,0.031854428350925446,0.06920931488275528,0.026593118906021118,-0.19411185383796692,0.043492551892995834,1.04750657081604,0.9475065469741821,0.9005692601203918,1.000569224357605,0.966231644153595,0.8662316203117371,0.8386036157608032,0.9386036396026611,3.243668556213379,2.4436686038970947,0.42524299025535583,-0.3747570216655731,4.3081464767456055,3.3081464767456055,-0.2409394383430481,-1.2409393787384033,-2.634225368499756,-1.1342253684997559,-2.620509624481201,-1.1205096244812012,-2.638453483581543,-1.138453483581543,-1.436741590499878,0.06325840950012207
upright,0.52,0,0.1148139238357544,72.81777954101562,3.3856043815612793,1.1871254444122314,0.0069396537728607655,0.03219642862677574,1,False,1.4712814092636108,0.0,False,0.09324534237384796,0.06188942492008209,0.10137932002544403,-0.08927274495363235,0.2783942222595215,-0.05112996697425842,-0.11821421980857849,0.0460941344499588,-0.20936699211597443,0.014321118593215942,0.13814768195152283,0.03193684667348862,0.06900136917829514,0.026229575276374817,-0.19410504400730133,0.04325568675994873,1.0474178791046143,0.9474178552627563,0.9003093242645264,1.0003093481063843,0.9674670696258545,0.8674670457839966,0.8373094201087952,0.9373094439506531,3.244837999343872,2.444838047027588,0.4265696108341217,-0.37343040108680725,4.309623718261719,3.3096237182617188,-0.24003638327121735,-1.2400363683700562,-2.634345054626465,-1.1343450546264648,-2.6192467212677,-1.1192467212677002,-2.6382229328155518,-1.1382229328155518,-1.438575029373169,0.061424970626831055
upright,0.54,0,0.11485215276479721,72.85118865966797,3.3746631145477295,1.1875942945480347,0.006139681208878756,0.03700387105345726,1,False,1.4701294898986816,0.0,False,0.09300960600376129,0.062205590307712555,0.10119744390249252,-0.0893484428524971,0.2782880365848541,-0.05121228098869324,-0.1180814877152443,0.04626959562301636,-0.20974013209342957,0.014264404773712158,0.13813617825508118,0.03130393475294113,0.06897471100091934,0.02638639509677887,-0.1941280961036682,0.043361976742744446,1.0474059581756592,0.9474059343338013,0.9010691046714783,1.0010690689086914,0.9678641557693481,0.8678641319274902,0.8377866744995117,0.9377866983413696,3.2406535148620605,2.4406535625457764,0.426176518201828,-0.37382349371910095,4.306009769439697,3.3060097694396973,-0.23986691236495972,-1.2398669719696045,-2.633885383605957,-1.133885383605957,-2.6203224658966064,-1.1203224658966064,-2.63793683052063,-1.1379368305206299,-1.4383769035339355,0.06162309646606445
upright,0.56,0,0.11485639214515686,72.8532943725586,3.3757219314575195,1.1876237392425537,0.007332298438996077,0.04334781691431999,1,False,1.469109296798706,0.0,False,0.09286695718765259,0.062487147748470306,0.10103518515825272,-0.08940735459327698,0.2782140076160431,-0.05129408836364746,-0.11801330745220184,0.04627975821495056,-0.21006160974502563,0.014277011156082153,0.13812750577926636,0.030804894864559174,0.06897416710853577,0.02639971673488617,-0.19413316249847412,0.04336816072463989,1.0473989248275757,0.9473989009857178,0.9011062979698181,1.0011062622070312,0.9678637981414795,0.8678637742996216,0.837814450263977,0.937814474105835,3.237295150756836,2.4372951984405518,0.42613640427589417,-0.3738636076450348,4.302910327911377,3.302910327911377,-0.23985888063907623,-1.239858865737915,-2.633777141571045,-1.133777141571045,-2.6209394931793213,-1.1209394931793213,-2.6377675533294678,-1.1377675533294678,-1.4383372068405151,0.06166279315948486
upright,0.58,0,0.11485666781663895,72.85444641113281,3.3739302158355713,1.1876400709152222,0.007630841340869665,0.044695064425468445,1,False,1.4687895774841309,0.0,False,0.092827707529068,0.06257358938455582,0.10098536312580109,-0.0894249826669693,0.2781929075717926,-0.051316529512405396,-0.11799298971891403,0.046286582946777344,-0.21016782522201538,0.014276057481765747,0.13812290132045746,0.030634991824626923,0.06897231191396713,0.02640494704246521,-0.1941341757774353,0.043371617794036865,1.0473988056182861,0.9473987817764282,0.9011344313621521,1.0011343955993652,0.967905580997467,0.8679055571556091,0.8378297090530396,0.9378297328948975,3.2362866401672363,2.436286687850952,0.426116406917572,-0.37388360500335693,4.301887512207031,3.3018875122070312,-0.2398490458726883,-1.2398490905761719,-2.633763313293457,-1.133763313293457,-2.621119737625122,-1.121119737625122,-2.637714385986328,-1.1377143859863281,-1.4383339881896973,0.061666011810302734
upright,0.6,0,0.11485650390386581,72.85504150390625,3.37310791015625,1.1876484155654907,0.007645543199032545,0.04856377840042114,1,False,1.468906283378601,0.0,False,0.09284193813800812,0.06253835558891296,0.10100562125444412,-0.08941851556301117,0.2781875431537628,-0.05131599307060242,-0.11799107491970062,0.046290621161460876,-0.2101358324289322,0.014267951250076294,0.1381249725818634,0.03068089485168457,0.06897129118442535,0.026403352618217468,-0.19413289427757263,0.04337174817919731,1.0474014282226562,0.9474014043807983,0.9011632204055786,1.0011632442474365,0.9679334163665771,0.8679333925247192,0.8378288149833679,0.9378288388252258,3.236685276031494,2.43668532371521,0.4261391758918762,-0.37386083602905273,4.302194595336914,3.302194595336914,-0.2398446500301361,-1.2398446798324585,-2.633760929107666,-1.133760929107666,-2.6211509704589844,-1.1211509704589844,-2.637714147567749,-1.137714147567749,-1.438349723815918,0.06165027618408203
upright,0.62,0,0.11485611647367477,72.85556030273438,3.3716180324554443,1.1876555681228638,0.007522322237491608,0.04523945227265358,1,False,1.4691150188446045,0.0,False,0.09286737442016602,0.06248063966631889,0.10103889554738998,-0.08940676599740982,0.27818533778190613,-0.05131438374519348,-0.1179913580417633,0.04629130661487579,-0.21007271111011505,0.014254868030548096,0.13812872767448425,0.03077264130115509,0.06896989047527313,0.026405945420265198,-0.19413301348686218,0.04337381571531296,1.047401785850525,0.947401762008667,0.9011735320091248,1.001173496246338,0.9679744243621826,0.8679744005203247,0.8378375172615051,0.937837541103363,3.2373547554016113,2.437354803085327,0.42615798115730286,-0.3738420307636261,4.302796840667725,3.3027968406677246,-0.2398376613855362,-1.239837646484375,-2.6337666511535645,-1.1337666511535645,-2.6211578845977783,-1.1211578845977783,-2.63771915435791,-1.1377191543579102,-1.4383524656295776,0.06164753437042236
upright,0.64,0,0.1148562878370285,72.85538482666016,3.3719050884246826,1.1876531839370728,0.007509882561862469,0.04192449152469635,1,False,1.4692277908325195,0.0,False,0.09288132190704346,0.06244998797774315,0.10105671733617783,-0.08939982950687408,0.2781907320022583,-0.051323503255844116,-0.11798632889986038,0.04629233479499817,-0.21003742516040802,0.014251887798309326,0.1381329745054245,0.03082869201898575,0.06897056847810745,0.026410222053527832,-0.19413524866104126,0.043375164270401,1.0473984479904175,0.9473984241485596,0.9011486768722534,1.0011487007141113,0.9679575562477112,0.8679575324058533,0.8378444314002991,0.937844455242157,3.237715482711792,2.437715530395508,0.4260733127593994,-0.37392669916152954,4.303132057189941,3.3031320571899414,-0.23983897268772125,-1.23983895778656,-2.633770704269409,-1.1337707042694092,-2.621161937713623,-1.121161937713623,-2.6377146244049072,-1.1377146244049072,-1.4383314847946167,0.0616685152053833
upright,0.66,0,0.11485688388347626,72.8553466796875,3.372974395751953,1.1876527070999146,0.007384179625660181,0.044357843697071075,1,False,1.4692411422729492,0.0,False,0.09288305044174194,0.06244669109582901,0.10105860233306885,-0.08939945697784424,0.278189480304718,-0.0513211190700531,-0.11798742413520813,0.04629296064376831,-0.21003267168998718,0.014253467321395874,0.13813351094722748,0.030837751924991608,0.06897097080945969,0.02640579640865326,-0.1941337287425995,0.043372951447963715,1.047399878501892,0.9473998546600342,0.9011584520339966,1.0011584758758545,0.9679442644119263,0.8679442405700684,0.8378341197967529,0.9378341436386108,3.23775315284729,2.437753200531006,0.4260922968387604,-0.3739077150821686,4.303178310394287,3.303178310394287,-0.23984220623970032,-1.239842176437378,-2.633772373199463,-1.133772373199463,-2.621161937713623,-1.121161937713623,-2.6377172470092773,-1.1377172470092773,-1.4383432865142822,0.06165671348571777
upright,0.68,0,0.11485733836889267,72.85515594482422,3.3736608028411865,1.1876500844955444,0.007625504396855831,0.043821241706609726,1,False,1.4692102670669556,0.0,False,0.09287883341312408,0.0624554306268692,0.10105366259813309,-0.08940069377422333,0.27818724513053894,-0.0513225793838501,-0.11798625439405441,0.046292394399642944,-0.21004199981689453,0.01425713300704956,0.13813377916812897,0.030825980007648468,0.06897168606519699,0.026409626007080078,-0.1941358745098114,0.043374061584472656,1.0473970174789429,0.947396993637085,0.901158332824707,1.001158356666565,0.9679234623908997,0.8679234385490417,0.8378397822380066,0.9378398060798645,3.2376532554626465,2.4376533031463623,0.4260997176170349,-0.37390029430389404,4.303088188171387,3.3030881881713867,-0.23984378576278687,-1.2398438453674316,-2.633769989013672,-1.1337699890136719,-2.62117600440979,-1.12117600440979,-2.637714385986328,-1.1377143859863281,-1.438323736190796,0.0616762638092041
upright,0.7000000000000001,0,0.11485666036605835,72.85542297363281,3.3726394176483154,1.187653660774231,0.007592089474201202,0.04913010820746422,1,False,1.4691855907440186,0.0,False,0.09287579357624054,0.06246201694011688,0.10104961693286896,-0.08940292149782181,0.27818572521209717,-0.05131739377975464,-0.11798878014087677,0.046293482184410095,-0.21004986763000488,0.014255702495574951,0.13813172280788422,0.030810870230197906,0.06897077709436417,0.02640506625175476,-0.19413328170776367,0.043372757732868195,1.0474011898040771,0.9474011659622192,0.9011754393577576,1.0011754035949707,0.9679464101791382,0.8679463863372803,0.8378336429595947,0.9378336668014526,3.2375714778900146,2.4375715255737305,0.4261324107646942,-0.37386760115623474,4.303012847900391,3.3030128479003906,-0.2398415505886078,-1.2398415803909302,-2.6337692737579346,-1.1337692737579346,-2.621169090270996,-1.121169090270996,-2.637718677520752,-1.137718677520752,-1.438347578048706,0.061652421951293945
upright,0.72,0,0.11485616862773895,72.85591125488281,3.37113618850708,1.187660574913025,0.0074952817521989346,0.045574747025966644,1,False,1.469181776046753,0.0,False,0.09287570416927338,0.06246392801403999,0.10104843974113464,-0.08940337598323822,0.2781844735145569,-0.05131453275680542,-0.11799044907093048,0.04629306495189667,-0.21005190908908844,0.014250308275222778,0.13813018798828125,0.030802778899669647,0.06896929442882538,0.026407301425933838,-0.1941332072019577,0.043374739587306976,1.0474019050598145,0.9474018812179565,0.901182234287262,1.001182198524475,0.9679877758026123,0.8679877519607544,0.8378417491912842,0.9378417730331421,3.237553358078003,2.4375534057617188,0.4261571168899536,-0.37384289503097534,4.302995204925537,3.302995204925537,-0.23983463644981384,-1.2398346662521362,-2.633772850036621,-1.133772850036621,-2.6211655139923096,-1.1211655139923096,-2.6377193927764893,-1.1377193927764893,-1.4383524656295776,0.06164753437042236
upright,0.74,0,0.11485634744167328,72.85564422607422,3.3715851306915283,1.1876568794250488,0.00748986704275012,0.042164355516433716,1,False,1.4691815376281738,0.0,False,0.09287592768669128,0.06246403604745865,0.10104858875274658,-0.08940266817808151,0.2781901955604553,-0.05132347345352173,-0.11798571050167084,0.04629376530647278,-0.21005156636238098,0.014252126216888428,0.13813164830207825,0.030805617570877075,0.0689699649810791,0.026411399245262146,-0.19413548707962036,0.04337601363658905,1.047398328781128,0.94739830493927,0.9011553525924683,1.0011553764343262,0.9679669141769409,0.867966890335083,0.8378479480743408,0.9378479719161987,3.2375566959381104,2.437556743621826,0.4260721504688263,-0.37392786145210266,4.302995681762695,3.3029956817626953,-0.23983611166477203,-1.2398360967636108,-2.6337733268737793,-1.1337733268737793,-2.621166944503784,-1.1211669445037842,-2.6377127170562744,-1.1377127170562744,-1.438331961631775,0.0616680383682251
upright,0.76,0,0.11485700309276581,72.85546112060547,3.372821092605591,1.1876542568206787,0.007374671753495932,0.04437808692455292,1,False,1.469183325767517,0.0,False,0.0928761214017868,0.06246331334114075,0.10104896873235703,-0.0894026830792427,0.27818918228149414,-0.05132102966308594,-0.11798703670501709,0.046293750405311584,-0.21005067229270935,0.014254957437515259,0.13813193142414093,0.030809514224529266,0.06897089630365372,0.02640637755393982,-0.1941339373588562,0.0433732345700264,1.0473995208740234,0.9473994970321655,0.9011623859405518,1.0011624097824097,0.967949390411377,0.867949366569519,0.8378358483314514,0.9378358721733093,3.2375636100769043,2.43756365776062,0.42609140276908875,-0.3739086091518402,4.303006172180176,3.303006172180176,-0.23984171450138092,-1.2398416996002197,-2.6337730884552,-1.1337730884552002,-2.621164321899414,-1.121164321899414,-2.6377158164978027,-1.1377158164978027,-1.4383419752120972,0.06165802478790283
upright,0.78,0,0.11485741287469864,72.85520935058594,3.373670816421509,1.1876507997512817,0.007613623049110174,0.043829090893268585,1,False,1.4691824913024902,0.0,False,0.0928753912448883,0.062463123351335526,0.10104919970035553,-0.08940226584672928,0.2781868875026703,-0.0513228178024292,-0.11798583716154099,0.046292781829833984,-0.21005061268806458,0.014258056879043579,0.1381329447031021,0.030812568962574005,0.06897149980068207,0.026410192251205444,-0.19413596391677856,0.04337434843182564,1.0473968982696533,0.9473968744277954,0.9011598825454712,1.001159906387329,0.967924177646637,0.867924153804779,0.8378408551216125,0.9378408789634705,3.2375636100769043,2.43756365776062,0.42609864473342896,-0.3739013671875,4.303005695343018,3.3030056953430176,-0.23984287679195404,-1.2398428916931152,-2.6337687969207764,-1.1337687969207764,-2.6211791038513184,-1.1211791038513184,-2.63771390914917,-1.13771390914917,-1.4383233785629272,0.061676621437072754
upright,0.8,0,0.1148567795753479,72.85542297363281,3.372745990753174,1.1876537799835205,0.007615898735821247,0.04923105239868164,1,False,1.4691851139068604,0.0,False,0.09287557005882263,0.06246207654476166,0.10104962438344955,-0.08940284699201584,0.27818578481674194,-0.05131751298904419,-0.11798865348100662,0.046293601393699646,-0.21005013585090637,0.014255762100219727,0.13813188672065735,0.030810877680778503,0.06897049397230148,0.026405051350593567,-0.1941332072019577,0.043372802436351776,1.0474010705947876,0.9474010467529297,0.9011756777763367,1.0011756420135498,0.9679450392723083,0.8679450154304504,0.8378340005874634,0.9378340244293213,3.2375707626342773,2.437570810317993,0.42613154649734497,-0.373868465423584,4.303011894226074,3.303011894226074,-0.23984114825725555,-1.239841103553772,-2.6337685585021973,-1.1337685585021973,-2.6211698055267334,-1.1211698055267334,-2.6377177238464355,-1.1377177238464355,-1.4383480548858643,0.06165194511413574
upright,0.8200000000000001,0,0.11485616862773895,72.85591888427734,3.3711628913879395,1.1876606941223145,0.007498431019484997,0.04553598538041115,1,False,1.469191074371338,0.0,False,0.0928768515586853,0.06246122345328331,0.10105003416538239,-0.08940288424491882,0.27818453311920166,-0.051314473152160645,-0.11799059808254242,0.046292975544929504,-0.21004889905452728,0.014249950647354126,0.13813062012195587,0.03080761432647705,0.0689692422747612,0.026407256722450256,-0.19413332641124725,0.043374691158533096,1.0474019050598145,0.9474018812179565,0.9011815786361694,1.0011816024780273,0.967986524105072,0.8679865002632141,0.8378412127494812,0.9378412365913391,3.237584352493286,2.437584400177002,0.4261569082736969,-0.37384310364723206,4.303023815155029,3.3030238151550293,-0.23983436822891235,-1.2398343086242676,-2.633772850036621,-1.133772850036621,-2.6211650371551514,-1.1211650371551514,-2.6377179622650146,-1.1377179622650146,-1.4383527040481567,0.06164729595184326
upright,0.84,0,0.11485632508993149,72.85557556152344,3.3716013431549072,1.1876559257507324,0.007483642548322678,0.04211252182722092,1,False,1.4691883325576782,0.0,False,0.0928768664598465,0.062462013214826584,0.10104972124099731,-0.08940216898918152,0.2781903147697449,-0.051323503255844116,-0.11798585206270218,0.046293482184410095,-0.21004937589168549,0.014251738786697388,0.1381320208311081,0.030809126794338226,0.06896998733282089,0.02641107141971588,-0.19413544237613678,0.04337573051452637,1.0473984479904175,0.9473984241485596,0.9011542201042175,1.0011541843414307,0.9679654240608215,0.8679654002189636,0.8378467559814453,0.9378467798233032,3.2375805377960205,2.4375805854797363,0.42607229948043823,-0.3739277124404907,4.303016662597656,3.3030166625976562,-0.23983608186244965,-1.2398360967636108,-2.6337738037109375,-1.1337738037109375,-2.6211659908294678,-1.1211659908294678,-2.637711524963379,-1.137711524963379,-1.4383326768875122,0.06166732311248779
upright,0.86,0,0.114857017993927,72.85546112060547,3.3728294372558594,1.1876542568206787,0.007370366714894772,0.04439592733979225,1,False,1.4691851139068604,0.0,False,0.09287628531455994,0.062462661415338516,0.10104937851428986,-0.08940263092517853,0.2781893014907837,-0.051320940256118774,-0.11798708140850067,0.04629366099834442,-0.21005012094974518,0.014254778623580933,0.13813205063343048,0.030810393393039703,0.06897077709436417,0.02640637755393982,-0.19413384795188904,0.043373242020606995,1.0473997592926025,0.9473997354507446,0.9011619091033936,1.0011619329452515,0.9679487943649292,0.8679487705230713,0.8378357887268066,0.9378358125686646,3.237570285797119,2.437570333480835,0.4260915517807007,-0.37390846014022827,4.303011417388916,3.303011417388916,-0.23984132707118988,-1.239841341972351,-2.633772373199463,-1.133772373199463,-2.6211636066436768,-1.1211636066436768,-2.6377151012420654,-1.1377151012420654,-1.4383424520492554,0.06165754795074463
upright,0.88,0,0.11485742777585983,72.855224609375,3.3737235069274902,1.1876509189605713,0.007620587479323149,0.04379374906420708,1,False,1.4691815376281738,0.0,False,0.09287528693675995,0.062463488429784775,0.1010490208864212,-0.08940226584672928,0.2781870365142822,-0.05132269859313965,-0.11798597872257233,0.04629272222518921,-0.21005091071128845,0.01425817608833313,0.13813291490077972,0.030812226235866547,0.06897174566984177,0.026410028338432312,-0.19413599371910095,0.04337424784898758,1.0473967790603638,0.9473967552185059,0.9011598825454712,1.001159906387329,0.9679235816001892,0.8679235577583313,0.8378407955169678,0.9378408193588257,3.2375600337982178,2.4375600814819336,0.4260989725589752,-0.37390103936195374,4.303002834320068,3.3030028343200684,-0.23984375596046448,-1.239843726158142,-2.6337687969207764,-1.1337687969207764,-2.621178150177002,-1.121178150177002,-2.637714147567749,-1.137714147567749,-1.4383221864700317,0.06167781352996826
upright,0.9,0,0.11485671252012253,72.85542297363281,3.372694969177246,1.1876537799835205,0.0076124477200210094,0.049225494265556335,1,False,1.4691835641860962,0.0,False,0.0928753912448883,0.062462445348501205,0.10104943811893463,-0.08940291404724121,0.27818572521209717,-0.051317572593688965,-0.11798864603042603,0.0462934672832489,-0.21005059778690338,0.014255702495574951,0.13813193142414093,0.03081013262271881,0.06897059828042984,0.026405155658721924,-0.1941334307193756,0.04337276890873909,1.047400951385498,0.9474009275436401,0.9011752009391785,1.0011751651763916,0.9679450988769531,0.8679450750350952,0.83783358335495,0.9378336071968079,3.2375659942626953,2.437566041946411,0.42613181471824646,-0.3738681972026825,4.303007125854492,3.303007125854492,-0.2398410141468048,-1.2398409843444824,-2.633768320083618,-1.1337683200836182,-2.6211700439453125,-1.1211700439453125,-2.6377170085906982,-1.1377170085906982,-1.4383478164672852,0.061652183532714844
upright,0.92,0,0.11485616117715836,72.85589599609375,3.371121406555176,1.1876602172851562,0.007506194990128279,0.04559111222624779,1,False,1.4691905975341797,0.0,False,0.09287680685520172,0.0624614916741848,0.10104986280202866,-0.08940279483795166,0.27818453311920166,-0.051314324140548706,-0.11799057573080063,0.046293094754219055,-0.21004895865917206,0.014249861240386963,0.13813047111034393,0.03080730140209198,0.0689692348241806,0.0264071524143219,-0.19413331151008606,0.043374598026275635,1.047401785850525,0.947401762008667,0.9011819362640381,1.001181960105896,0.9679876565933228,0.8679876327514648,0.8378411531448364,0.9378411769866943,3.237581968307495,2.437582015991211,0.4261574149131775,-0.37384259700775146,4.303022861480713,3.303022861480713,-0.23983421921730042,-1.239834189414978,-2.6337730884552,-1.1337730884552002,-2.6211650371551514,-1.1211650371551514,-2.637718915939331,-1.137718915939331,-1.4383528232574463,0.06164717674255371
upright,0.9400000000000001,0,0.11485633999109268,72.8556137084961,3.3716540336608887,1.1876565217971802,0.007498600520193577,0.04211331158876419,1,False,1.4691888093948364,0.0,False,0.09287694096565247,0.06246202066540718,0.10104977339506149,-0.08940230309963226,0.27819034457206726,-0.051323503255844116,-0.11798582971096039,0.04629357159137726,-0.21004951000213623,0.01425182819366455,0.1381319761276245,0.030809208750724792,0.06897014379501343,0.02641122043132782,-0.1941353976726532,0.043375901877880096,1.0473988056182861,0.9473987817764282,0.9011547565460205,1.0011547803878784,0.9679659008979797,0.8679658770561218,0.8378477692604065,0.9378477931022644,3.2375802993774414,2.4375803470611572,0.4260719120502472,-0.37392809987068176,4.303017616271973,3.3030176162719727,-0.23983663320541382,-1.2398366928100586,-2.6337738037109375,-1.1337738037109375,-2.6211659908294678,-1.1211659908294678,-2.637712240219116,-1.1377122402191162,-1.4383316040039062,0.06166839599609375
upright,0.96,0,0.1148570328950882,72.85550689697266,3.3728232383728027,1.1876548528671265,0.007360352203249931,0.04445424675941467,1,False,1.4691853523254395,0.0,False,0.09287606179714203,0.062462616711854935,0.10104941576719284,-0.08940260857343674,0.27818918228149414,-0.05132099986076355,-0.1179870069026947,0.046293824911117554,-0.21005001664161682,0.014254957437515259,0.13813194632530212,0.030810534954071045,0.06897082924842834,0.026406407356262207,-0.194133922457695,0.04337330162525177,1.0473994016647339,0.947399377822876,0.9011626243591309,1.0011626482009888,0.9679489135742188,0.8679488897323608,0.8378356695175171,0.937835693359375,3.23757004737854,2.437570095062256,0.42609119415283203,-0.3739088177680969,4.303012371063232,3.3030123710632324,-0.23984138667583466,-1.239841341972351,-2.6337714195251465,-1.1337714195251465,-2.621164321899414,-1.121164321899414,-2.637716054916382,-1.1377160549163818,-1.4383426904678345,0.06165730953216553
upright,0.98,0,0.11485739052295685,72.85520935058594,3.373678207397461,1.1876505613327026,0.0076085906475782394,0.04385201260447502,1,False,1.469182014465332,0.0,False,0.09287513792514801,0.062463294714689255,0.10104908049106598,-0.08940229564905167,0.2781869173049927,-0.05132266879081726,-0.11798593401908875,0.046292856335639954,-0.21005074679851532,0.014258116483688354,0.13813288509845734,0.03081216663122177,0.06897157430648804,0.026410207152366638,-0.19413594901561737,0.04337435960769653,1.047397255897522,0.9473972320556641,0.9011602401733398,1.0011602640151978,0.9679247140884399,0.867924690246582,0.8378409743309021,0.93784099817276,3.2375612258911133,2.437561273574829,0.4260987341403961,-0.37390127778053284,4.303004264831543,3.303004264831543,-0.23984327912330627,-1.2398432493209839,-2.6337685585021973,-1.1337685585021973,-2.621178388595581,-1.121178388595581,-2.6377146244049072,-1.1377146244049072,-1.4383227825164795,0.06167721748352051
upright,1.0,0,0.11485671252012253,72.85543823242188,3.3727293014526367,1.1876540184020996,0.0075952582992613316,0.049058668315410614,1,False,1.4691836833953857,0.0,False,0.09287555515766144,0.06246241554617882,0.10104938596487045,-0.08940300345420837,0.2781858444213867,-0.051317453384399414,-0.11798876523971558,0.046293482184410095,-0.2100505530834198,0.014255791902542114,0.13813190162181854,0.0308101624250412,0.06897065043449402,0.02640525996685028,-0.19413329660892487,0.04337295889854431,1.0474010705947876,0.9474010467529297,0.9011753797531128,1.0011754035949707,0.9679447412490845,0.8679447174072266,0.8378340601921082,0.9378340840339661,3.2375667095184326,2.4375667572021484,0.4261317849159241,-0.3738682270050049,4.303007125854492,3.303007125854492,-0.23984135687351227,-1.239841341972351,-2.6337687969207764,-1.1337687969207764,-2.621169090270996,-1.121169090270996,-2.6377172470092773,-1.1377172470092773,-1.4383478164672852,0.061652183532714844
upright,1.02,0,0.11485616862773895,72.85591888427734,3.371119499206543,1.1876606941223145,0.007497707381844521,0.045524537563323975,1,False,1.4691908359527588,0.0,False,0.0928768515586853,0.062461502850055695,0.10104990750551224,-0.08940288424491882,0.2781843841075897,-0.05131456255912781,-0.11799045652151108,0.04629300534725189,-0.21004903316497803,0.014249980449676514,0.13813045620918274,0.03080730140209198,0.06896928697824478,0.02640727162361145,-0.19413329660892487,0.04337473213672638,1.0474019050598145,0.9474018812179565,0.9011818170547485,1.0011818408966064,0.9679876565933228,0.8679876327514648,0.837841808795929,0.9378418326377869,3.237581729888916,2.437581777572632,0.4261572062969208,-0.3738428056240082,4.303022861480713,3.303022861480713,-0.23983441293239594,-1.2398344278335571,-2.6337733268737793,-1.1337733268737793,-2.6211659908294678,-1.1211659908294678,-2.63771915435791,-1.1377191543579102,-1.4383525848388672,0.06164741516113281
upright,1.04,0,0.11485633254051208,72.85559844970703,3.3716626167297363,1.1876561641693115,0.007483660243451595,0.042027797549963,1,False,1.4691885709762573,0.0,False,0.09287677705287933,0.06246203929185867,0.10104970633983612,-0.0894022285938263,0.2781903147697449,-0.05132356286048889,-0.11798576265573502,0.04629351198673248,-0.2100493460893631,0.014251947402954102,0.13813190162181854,0.030809268355369568,0.06897005438804626,0.026411190629005432,-0.19413542747497559,0.04337582737207413,1.0473984479904175,0.9473984241485596,0.9011544585227966,1.0011544227600098,0.9679652452468872,0.8679652214050293,0.8378473520278931,0.937847375869751,3.237579345703125,2.437579393386841,0.42607203125953674,-0.3739279806613922,4.303017616271973,3.3030176162719727,-0.23983651399612427,-1.2398364543914795,-2.6337733268737793,-1.1337733268737793,-2.621166467666626,-1.121166467666626,-2.6377124786376953,-1.1377124786376953,-1.4383318424224854,0.06166815757751465
upright,1.06,0,0.1148570328950882,72.85546112060547,3.3728222846984863,1.1876543760299683,0.007373511791229248,0.04454139992594719,1,False,1.469185471534729,0.0,False,0.09287619590759277,0.062462642788887024,0.10104937851428986,-0.08940258622169495,0.27818918228149414,-0.05132097005844116,-0.11798714846372604,0.04629376530647278,-0.21004991233348846,0.014254838228225708,0.1381319910287857,0.030810624361038208,0.06897078454494476,0.02640634775161743,-0.19413387775421143,0.043373242020606995,1.0473995208740234,0.9473994970321655,0.9011626839637756,1.0011626482009888,0.9679491519927979,0.8679491281509399,0.8378359079360962,0.9378359317779541,3.237570285797119,2.437570333480835,0.4260917603969574,-0.37390825152397156,4.303013324737549,3.303013324737549,-0.23984110355377197,-1.239841103553772,-2.633772134780884,-1.1337721347808838,-2.621164083480835,-1.121164083480835,-2.6377158164978027,-1.1377158164978027,-1.4383429288864136,0.061657071113586426
upright,1.08,0,0.11485741287469864,72.855224609375,3.37363862991333,1.1876509189605713,0.007628010120242834,0.04379582777619362,1,False,1.469182014465332,0.0,False,0.09287530183792114,0.062463246285915375,0.10104910284280777,-0.08940228819847107,0.2781869173049927,-0.051322609186172485,-0.11798600107431412,0.046292856335639954,-0.21005074679851532,0.014257848262786865,0.13813287019729614,0.030812077224254608,0.06897156685590744,0.02641025185585022,-0.19413600862026215,0.04337437450885773,1.0473971366882324,0.9473971128463745,0.9011602997779846,1.0011602640151978,0.9679255485534668,0.8679255247116089,0.8378412127494812,0.9378412365913391,3.2375621795654297,2.4375622272491455,0.4260990023612976,-0.37390100955963135,4.303003787994385,3.3030037879943848,-0.23984363675117493,-1.2398436069488525,-2.6337690353393555,-1.1337690353393555,-2.621178150177002,-1.121178150177002,-2.637714147567749,-1.137714147567749,-1.4383223056793213,0.06167769432067871
upright,1.1,0,0.11485674977302551,72.8554458618164,3.372675895690918,1.1876541376113892,0.0075970846228301525,0.049220722168684006,1,False,1.4691836833953857,0.0,False,0.09287530183792114,0.06246235594153404,0.10104948282241821,-0.0894029513001442,0.2781856656074524,-0.05131763219833374,-0.11798858642578125,0.046293601393699646,-0.2100505530834198,0.014255702495574951,0.13813190162181854,0.030810050666332245,0.06897040456533432,0.026405006647109985,-0.19413329660892487,0.043372735381126404,1.047400951385498,0.9474009275436401,0.9011756181716919,1.0011756420135498,0.9679456353187561,0.8679456114768982,0.8378336429595947,0.9378336668014526,3.2375664710998535,2.4375665187835693,0.42613154649734497,-0.373868465423584,4.303007125854492,3.303007125854492,-0.23984046280384064,-1.2398405075073242,-2.63376784324646,-1.13376784324646,-2.6211705207824707,-1.1211705207824707,-2.6377172470092773,-1.1377172470092773,-1.438348650932312,0.06165134906768799
upright,1.12,0,0.11485616862773895,72.85592651367188,3.3711202144622803,1.187660813331604,0.007496848236769438,0.0454932376742363,1,False,1.4691903591156006,0.0,False,0.0928768515586853,0.062461502850055695,0.10104992240667343,-0.08940283209085464,0.27818459272384644,-0.05131468176841736,-0.11799047142267227,0.04629288613796234,-0.21004925668239594,0.014249980449676514,0.13813047111034393,0.03080705553293228,0.06896917521953583,0.02640727162361145,-0.19413335621356964,0.043374694883823395,1.047401785850525,0.947401762008667,0.9011815190315247,1.0011814832687378,0.9679875373840332,0.8679875135421753,0.8378412127494812,0.9378412365913391,3.237581729888916,2.437581777572632,0.4261568486690521,-0.37384316325187683,4.303021430969238,3.3030214309692383,-0.23983407020568848,-1.2398340702056885,-2.633772850036621,-1.133772850036621,-2.6211657524108887,-1.1211657524108887,-2.637718915939331,-1.137718915939331,-1.4383527040481567,0.06164729595184326
upright,1.1400000000000001,0,0.1148562952876091,72.85559844970703,3.3716537952423096,1.1876561641693115,0.007471711374819279,0.04199254885315895,1,False,1.4691885709762573,0.0,False,0.09287670254707336,0.06246199458837509,0.10104972124099731,-0.08940217643976212,0.27819013595581055,-0.05132359266281128,-0.11798574030399323,0.046293601393699646,-0.21004937589168549,0.014251798391342163,0.13813184201717377,0.030809007585048676,0.06897010654211044,0.026411443948745728,-0.1941356062889099,0.043375857174396515,1.0473984479904175,0.9473984241485596,0.9011546969413757,1.0011546611785889,0.9679669737815857,0.8679669499397278,0.8378472924232483,0.9378473162651062,3.237579584121704,2.43757963180542,0.42607221007347107,-0.3739278018474579,4.3030171394348145,3.3030171394348145,-0.23983648419380188,-1.2398364543914795,-2.6337730884552,-1.1337730884552002,-2.6211671829223633,-1.1211671829223633,-2.6377127170562744,-1.1377127170562744,-1.438330888748169,0.061669111251831055
upright,1.16,0,0.11485699564218521,72.85543823242188,3.3728628158569336,1.1876540184020996,0.007372511085122824,0.04447384551167488,1,False,1.4691853523254395,0.0,False,0.09287618100643158,0.062462661415338516,0.10104936361312866,-0.08940258622169495,0.278189092874527,-0.051321178674697876,-0.1179869994521141,0.046293675899505615,-0.21004994213581085,0.014254927635192871,0.13813209533691406,0.030810683965682983,0.06897064298391342,0.026406273245811462,-0.1941339075565338,0.043373119086027145,1.0473994016647339,0.947399377822876,0.9011620283126831,1.001162052154541,0.9679481983184814,0.8679481744766235,0.837835431098938,0.9378354549407959,3.237570285797119,2.437570333480835,0.42609089612960815,-0.3739091157913208,4.303012847900391,3.3030128479003906,-0.23984137177467346,-1.239841341972351,-2.633772134780884,-1.1337721347808838,-2.6211647987365723,-1.1211647987365723,-2.6377153396606445,-1.1377153396606445,-1.438342571258545,0.06165742874145508
upright,1.18,0,0.11485738307237625,72.85525512695312,3.3736236095428467,1.1876513957977295,0.007618200499564409,0.04378753527998924,1,False,1.469182014465332,0.0,False,0.09287534654140472,0.062463194131851196,0.10104914009571075,-0.08940235525369644,0.2781871557235718,-0.051322609186172485,-0.11798607558012009,0.04629288613796234,-0.21005086600780487,0.014257878065109253,0.13813288509845734,0.030812077224254608,0.06897175312042236,0.0264100581407547,-0.19413599371910095,0.04337426275014877,1.047397255897522,0.9473972320556641,0.9011604189872742,1.0011603832244873,0.967925488948822,0.8679254651069641,0.837841272354126,0.9378412961959839,3.2375621795654297,2.4375622272491455,0.42609867453575134,-0.3739013373851776,4.303003787994385,3.3030037879943848,-0.23984408378601074,-1.2398440837860107,-2.6337687969207764,-1.1337687969207764,-2.6211776733398438,-1.1211776733398438,-2.637714147567749,-1.137714147567749,-1.438321828842163,0.061678171157836914
upright,1.2,0,0.1148567944765091,72.85545349121094,3.3727126121520996,1.1876541376113892,0.007600915618240833,0.049232613295316696,1,False,1.4691838026046753,0.0,False,0.09287530183792114,0.06246249005198479,0.10104937106370926,-0.08940290659666061,0.2781856060028076,-0.051317572593688965,-0.11798855662345886,0.04629381000995636,-0.2100505530834198,0.01425585150718689,0.1381317675113678,0.030810140073299408,0.06897060573101044,0.026405304670333862,-0.19413335621356964,0.043372876942157745,1.047400951385498,0.9474009275436401,0.9011763334274292,1.001176357269287,0.9679458141326904,0.8679457902908325,0.8378339409828186,0.9378339648246765,3.237565755844116,2.437565803527832,0.42613115906715393,-0.373868852853775,4.30300760269165,3.3030076026916504,-0.23984085023403168,-1.2398408651351929,-2.633768320083618,-1.1337683200836182,-2.62117075920105,-1.1211707592010498,-2.637718439102173,-1.1377184391021729,-1.4383476972579956,0.061652302742004395
upright,1.22,0,0.11485619097948074,72.85596466064453,3.3710455894470215,1.1876612901687622,0.007492251694202423,0.04548989236354828,1,False,1.469191074371338,0.0,False,0.09287677705287933,0.06246143952012062,0.10104990005493164,-0.089402936398983,0.27818435430526733,-0.05131441354751587,-0.11799044907093048,0.0462932288646698,-0.21004891395568848,0.014249622821807861,0.13813042640686035,0.030807040631771088,0.0689692497253418,0.026407495141029358,-0.19413334131240845,0.04337485879659653,1.0474019050598145,0.9474018812179565,0.9011829495429993,1.0011829137802124,0.9679895639419556,0.8679895401000977,0.8378421068191528,0.9378421306610107,3.237582206726074,2.43758225440979,0.4261574447154999,-0.3738425672054291,4.303022861480713,3.303022861480713,-0.239834263920784,-1.2398343086242676,-2.6337735652923584,-1.1337735652923584,-2.6211659908294678,-1.1211659908294678,-2.637718915939331,-1.137718915939331,-1.438352346420288,0.061647653579711914
upright,1.24,0,0.11485637724399567,72.85562896728516,3.3716368675231934,1.1876566410064697,0.0074883559718728065,0.042067889124155045,1,False,1.469188928604126,0.0,False,0.09287697076797485,0.06246208772063255,0.10104970633983612,-0.0894022136926651,0.27819010615348816,-0.05132374167442322,-0.11798560619354248,0.04629369080066681,-0.2100493609905243,0.01425197720527649,0.13813179731369019,0.030809074640274048,0.06897009909152985,0.026411354541778564,-0.19413551688194275,0.043375950306653976,1.0473984479904175,0.9473984241485596,0.9011550545692444,1.0011550188064575,0.9679663181304932,0.8679662942886353,0.8378478288650513,0.9378478527069092,3.2375800609588623,2.437580108642578,0.42607206106185913,-0.3739279508590698,4.303017616271973,3.3030176162719727,-0.23983626067638397,-1.2398362159729004,-2.6337740421295166,-1.1337740421295166,-2.6211681365966797,-1.1211681365966797,-2.6377131938934326,-1.1377131938934326,-1.4383314847946167,0.0616685152053833
upright,1.26,0,0.11485699564218521,72.8554916381836,3.372790575027466,1.187654733657837,0.007373285945504904,0.04452468454837799,1,False,1.4691858291625977,0.0,False,0.09287628531455994,0.06246265769004822,0.10104935616254807,-0.08940264582633972,0.2781892418861389,-0.0513211190700531,-0.11798698455095291,0.04629383981227875,-0.21004995703697205,0.014255017042160034,0.1381319910287857,0.030810721218585968,0.06897097080945969,0.026406332850456238,-0.1941339075565338,0.043373264372348785,1.0473995208740234,0.9473994970321655,0.9011626839637756,1.0011626482009888,0.9679489731788635,0.8679489493370056,0.8378355503082275,0.9378355741500854,3.2375710010528564,2.4375710487365723,0.426090806722641,-0.37390920519828796,4.303013324737549,3.303013324737549,-0.23984183371067047,-1.2398418188095093,-2.633772611618042,-1.133772611618042,-2.6211650371551514,-1.1211650371551514,-2.637716054916382,-1.1377160549163818,-1.4383420944213867,0.06165790557861328
upright,1.28,0,0.11485740542411804,72.8552474975586,3.373605489730835,1.1876513957977295,0.007628959137946367,0.04389888793230057,1,False,1.4691822528839111,0.0,False,0.09287536144256592,0.06246328353881836,0.10104913264513016,-0.08940230309963226,0.2781869173049927,-0.05132284760475159,-0.11798588186502457,0.04629288613796234,-0.21005094051361084,0.014258146286010742,0.13813284039497375,0.030812211334705353,0.06897168606519699,0.02641013264656067,-0.19413599371910095,0.04337430000305176,1.0473968982696533,0.9473968744277954,0.901160478591919,1.0011605024337769,0.9679254293441772,0.8679254055023193,0.8378409743309021,0.93784099817276,3.2375621795654297,2.4375622272491455,0.42609837651252747,-0.3739016354084015,4.303004264831543,3.303004264831543,-0.23984359204769135,-1.2398436069488525,-2.6337690353393555,-1.1337690353393555,-2.6211791038513184,-1.1211791038513184,-2.6377146244049072,-1.1377146244049072,-1.4383224248886108,0.06167757511138916
upright,1.3,0,0.11485674232244492,72.85542297363281,3.3727145195007324,1.187653660774231,0.007593941409140825,0.049197521060705185,1,False,1.4691838026046753,0.0,False,0.09287537634372711,0.06246243417263031,0.10104944556951523,-0.08940289914608002,0.2781856060028076,-0.05131766200065613,-0.11798855662345886,0.04629354178905487,-0.2100505530834198,0.01425585150718689,0.13813190162181854,0.030810222029685974,0.0689704492688179,0.026404932141304016,-0.19413326680660248,0.04337272047996521,1.047400712966919,0.947400689125061,0.9011754989624023,1.0011755228042603,0.9679450988769531,0.8679450750350952,0.8378336429595947,0.9378336668014526,3.2375664710998535,2.4375665187835693,0.4261314868927002,-0.37386852502822876,4.30300760269165,3.3030076026916504,-0.23984085023403168,-1.2398408651351929,-2.633768081665039,-1.133768081665039,-2.62117075920105,-1.1211707592010498,-2.6377177238464355,-1.1377177238464355,-1.4383487701416016,0.06165122985839844
upright,1.32,0,0.11485617607831955,72.8559341430664,3.3711469173431396,1.187660813331604,0.007494166027754545,0.045558568090200424,1,False,1.4691905975341797,0.0,False,0.09287677705287933,0.06246147304773331,0.10104989260435104,-0.08940286934375763,0.2781844735145569,-0.05131468176841736,-0.1179904118180275,0.046293020248413086,-0.2100490927696228,0.014249861240386963,0.1381305456161499,0.03080718219280243,0.06896932423114777,0.026407286524772644,-0.19413328170776367,0.04337474703788757,1.0474019050598145,0.9474018812179565,0.9011819362640381,1.001181960105896,0.9679878950119019,0.867987871170044,0.8378417491912842,0.9378417730331421,3.237581968307495,2.437582015991211,0.4261570870876312,-0.37384292483329773,4.3030219078063965,3.3030219078063965,-0.23983439803123474,-1.2398344278335571,-2.633772850036621,-1.133772850036621,-2.621166229248047,-1.1211662292480469,-2.637718439102173,-1.1377184391021729,-1.4383524656295776,0.06164753437042236
upright,1.34,0,0.11485633999109268,72.85559844970703,3.371644973754883,1.187656283378601,0.007481317967176437,0.04201529920101166,1,False,1.4691886901855469,0.0,False,0.09287694096565247,0.06246209889650345,0.10104969888925552,-0.08940223604440689,0.2781902551651001,-0.05132359266281128,-0.11798576265573502,0.04629357159137726,-0.2100493162870407,0.014251798391342163,0.1381320357322693,0.030809201300144196,0.06897017359733582,0.02641122043132782,-0.19413554668426514,0.04337579756975174,1.0473984479904175,0.9473984241485596,0.9011545777320862,1.0011545419692993,0.9679657220840454,0.8679656982421875,0.8378470540046692,0.9378470778465271,3.237579822540283,2.437579870223999,0.42607182264328003,-0.3739281892776489,4.303017616271973,3.3030176162719727,-0.23983675241470337,-1.2398366928100586,-2.6337740421295166,-1.1337740421295166,-2.621166706085205,-1.121166706085205,-2.637711763381958,-1.137711763381958,-1.438331127166748,0.06166887283325195
upright,1.36,0,0.114857017993927,72.85545349121094,3.372846841812134,1.1876541376113892,0.0073835356160998344,0.04449276253581047,1,False,1.4691853523254395,0.0,False,0.0928763896226883,0.062462735921144485,0.10104929655790329,-0.08940253406763077,0.2781893014907837,-0.05132099986076355,-0.11798711866140366,0.04629369080066681,-0.21005000174045563,0.014254897832870483,0.13813211023807526,0.030810639262199402,0.06897072494029999,0.026406273245811462,-0.19413384795188904,0.04337319731712341,1.0473995208740234,0.9473994970321655,0.9011619687080383,1.0011619329452515,0.9679479598999023,0.8679479360580444,0.8378356099128723,0.9378356337547302,3.2375710010528564,2.4375710487365723,0.42609119415283203,-0.3739088177680969,4.303012371063232,3.3030123710632324,-0.23984171450138092,-1.2398416996002197,-2.633772850036621,-1.133772850036621,-2.621163845062256,-1.1211638450622559,-2.6377151012420654,-1.1377151012420654,-1.438342571258545,0.06165742874145508
upright,1.3800000000000001,0,0.11485739052295685,72.85523986816406,3.373605728149414,1.1876510381698608,0.007625719998031855,0.043880660086870193,1,False,1.4691818952560425,0.0,False,0.09287537634372711,0.06246337294578552,0.10104911029338837,-0.08940239250659943,0.27818700671195984,-0.05132266879081726,-0.11798600852489471,0.046292707324028015,-0.21005095541477203,0.014258027076721191,0.1381329447031021,0.03081212192773819,0.06897153705358505,0.026410117745399475,-0.19413599371910095,0.04337430000305176,1.0473971366882324,0.9473971128463745,0.9011601805686951,1.0011601448059082,0.9679254293441772,0.8679254055023193,0.8378411531448364,0.9378411769866943,3.2375612258911133,2.437561273574829,0.4260992109775543,-0.37390080094337463,4.303003311157227,3.3030033111572266,-0.2398431897163391,-1.2398431301116943,-2.6337692737579346,-1.1337692737579346,-2.621178150177002,-1.121178150177002,-2.637714147567749,-1.137714147567749,-1.4383230209350586,0.061676979064941406
upright,1.4000000000000001,0,0.11485667526721954,72.85543060302734,3.3726558685302734,1.18765389919281,0.007582646328955889,0.049219753593206406,1,False,1.4691835641860962,0.0,False,0.09287536144256592,0.06246255710721016,0.10104936361312866,-0.0894029438495636,0.27818548679351807,-0.051317691802978516,-0.11798851937055588,0.046293556690216064,-0.210050567984581,0.014255762100219727,0.1381317377090454,0.030809946358203888,0.06897048652172089,0.02640509605407715,-0.19413337111473083,0.043372742831707,1.0474008321762085,0.9474008083343506,0.9011756777763367,1.0011756420135498,0.9679462909698486,0.8679462671279907,0.8378336429595947,0.9378336668014526,3.237565279006958,2.437565326690674,0.4261319637298584,-0.37386804819107056,4.303006649017334,3.303006649017334,-0.23984076082706451,-1.2398407459259033,-2.633768081665039,-1.133768081665039,-2.621171236038208,-1.121171236038208,-2.6377182006835938,-1.1377182006835938,-1.4383481740951538,0.06165182590484619
upright,1.42,0,0.11485615372657776,72.85591125488281,3.371161460876465,1.1876604557037354,0.007488564122468233,0.045545633882284164,1,False,1.469190239906311,0.0,False,0.09287679195404053,0.062461625784635544,0.10104981064796448,-0.08940282464027405,0.2781844437122345,-0.05131462216377258,-0.11799046397209167,0.046293020248413086,-0.21004915237426758,0.014250099658966064,0.13813047111034393,0.03080708533525467,0.06896927207708359,0.02640727162361145,-0.19413329660892487,0.04337470233440399,1.047401785850525,0.947401762008667,0.901181697845459,1.001181721687317,0.9679869413375854,0.8679869174957275,0.837841272354126,0.9378412961959839,3.2375807762145996,2.4375808238983154,0.42615655064582825,-0.3738434612751007,4.303021430969238,3.3030214309692383,-0.2398345023393631,-1.2398345470428467,-2.633772850036621,-1.133772850036621,-2.6211657524108887,-1.1211657524108887,-2.63771915435791,-1.1377191543579102,-1.4383525848388672,0.06164741516113281
upright,1.44,0,0.11485634744167328,72.85559844970703,3.371648073196411,1.187656283378601,0.007479614578187466,0.042052771896123886,1,False,1.4691888093948364,0.0,False,0.09287688136100769,0.06246209517121315,0.10104972124099731,-0.08940230309963226,0.27819034457206726,-0.05132359266281128,-0.11798582226037979,0.0462934672832489,-0.21004937589168549,0.014251887798309326,0.13813196122646332,0.030809365212917328,0.06897001713514328,0.026411280035972595,-0.1941356360912323,0.04337581619620323,1.0473982095718384,0.9473981857299805,0.9011545181274414,1.0011545419692993,0.9679662585258484,0.8679662346839905,0.837847113609314,0.9378471374511719,3.237579584121704,2.43757963180542,0.4260721802711487,-0.3739278316497803,4.303018569946289,3.303018569946289,-0.23983612656593323,-1.2398360967636108,-2.6337738037109375,-1.1337738037109375,-2.621166467666626,-1.121166467666626,-2.6377124786376953,-1.1377124786376953,-1.4383317232131958,0.0616682767868042
upright,1.46,0,0.11485700309276581,72.8554916381836,3.372814178466797,1.1876546144485474,0.007369812112301588,0.04448945075273514,1,False,1.469185471534729,0.0,False,0.09287627041339874,0.062462661415338516,0.10104937106370926,-0.08940263092517853,0.2781892418861389,-0.05132097005844116,-0.11798708140850067,0.04629381000995636,-0.21004992723464966,0.014254957437515259,0.13813194632530212,0.030810676515102386,0.06897066533565521,0.026406273245811462,-0.1941339075565338,0.04337315261363983,1.047399640083313,0.9473996162414551,0.9011625051498413,1.0011625289916992,0.9679489135742188,0.8679488897323608,0.8378357887268066,0.9378358125686646,3.237570285797119,2.437570333480835,0.42609095573425293,-0.373909056186676,4.303013324737549,3.303013324737549,-0.23984117805957794,-1.2398412227630615,-2.633772134780884,-1.1337721347808838,-2.621164083480835,-1.121164083480835,-2.637716054916382,-1.1377160549163818,-1.4383423328399658,0.06165766716003418
upright,1.48,0,0.11485743522644043,72.85523986816406,3.373657703399658,1.1876511573791504,0.007623780984431505,0.04388482868671417,1,False,1.469182014465332,0.0,False,0.09287524223327637,0.06246332824230194,0.10104912519454956,-0.08940227329730988,0.27818694710731506,-0.05132266879081726,-0.11798596382141113,0.046292826533317566,-0.21005070209503174,0.014258146286010742,0.13813284039497375,0.03081236034631729,0.06897151470184326,0.02641017735004425,-0.19413597881793976,0.043374378234148026,1.0473968982696533,0.9473968744277954,0.9011602401733398,1.0011602640151978,0.9679244160652161,0.8679243922233582,0.8378412127494812,0.9378412365913391,3.2375612258911133,2.437561273574829,0.4260987639427185,-0.37390124797821045,4.303004741668701,3.303004741668701,-0.23984326422214508,-1.2398432493209839,-2.6337685585021973,-1.1337685585021973,-2.621178388595581,-1.121178388595581,-2.6377148628234863,-1.1377148628234863,-1.438322901725769,0.06167709827423096
upright,1.5,0,0.11485672742128372,72.85543060302734,3.3727023601531982,1.18765389919281,0.007609767839312553,0.04925176128745079,1,False,1.4691840410232544,0.0,False,0.09287534654140472,0.06246248632669449,0.10104943811893463,-0.08940299600362778,0.27818578481674194,-0.051317691802978516,-0.11798864603042603,0.04629358649253845,-0.21005049347877502,0.014256000518798828,0.1381317526102066,0.030810467898845673,0.06897065788507462,0.02640518546104431,-0.19413334131240845,0.04337286204099655,1.047400951385498,0.9474009275436401,0.9011755585670471,1.0011755228042603,0.9679450988769531,0.8679450750350952,0.8378338813781738,0.9378339052200317,3.237565517425537,2.437565565109253,0.42613089084625244,-0.3738691210746765,4.303009033203125,3.303009033203125,-0.23984122276306152,-1.2398412227630615,-2.633768081665039,-1.133768081665039,-2.6211702823638916,-1.1211702823638916,-2.637718677520752,-1.137718677520752,-1.4383478164672852,0.061652183532714844
upright,1.52,0,0.11485614627599716,72.85590362548828,3.3711774349212646,1.1876604557037354,0.007481920532882214,0.04548205807805061,1,False,1.4691905975341797,0.0,False,0.09287677705287933,0.06246142461895943,0.10104994475841522,-0.08940277993679047,0.2781844735145569,-0.05131462216377258,-0.11799049377441406,0.04629293084144592,-0.21004894375801086,0.014249950647354126,0.13813063502311707,0.030807532370090485,0.06896935403347015,0.026407212018966675,-0.19413332641124725,0.043374642729759216,1.047401785850525,0.947401762008667,0.9011813402175903,1.0011813640594482,0.9679867029190063,0.8679866790771484,0.8378409147262573,0.9378409385681152,3.237581968307495,2.437582015991211,0.426157146692276,-0.37384286522865295,4.303023338317871,3.303023338317871,-0.23983454704284668,-1.2398345470428467,-2.633772611618042,-1.133772611618042,-2.6211657524108887,-1.1211657524108887,-2.6377182006835938,-1.1377182006835938,-1.4383525848388672,0.06164741516113281
upright,1.54,0,0.11485632508993149,72.85559844970703,3.3716683387756348,1.1876561641693115,0.0074808779172599316,0.041963525116443634,1,False,1.4691886901855469,0.0,False,0.09287674725055695,0.06246194243431091,0.10104979574680328,-0.0894022062420845,0.2781903147697449,-0.05132356286048889,-0.11798584461212158,0.04629345238208771,-0.2100493311882019,0.014251679182052612,0.13813193142414093,0.03080902248620987,0.06897007673978806,0.026411354541778564,-0.19413554668426514,0.04337590932846069,1.0473982095718384,0.9473981857299805,0.9011544585227966,1.0011544227600098,0.9679667353630066,0.8679667115211487,0.8378475904464722,0.9378476142883301,3.2375805377960205,2.4375805854797363,0.42607253789901733,-0.3739274740219116,4.3030171394348145,3.3030171394348145,-0.2398364245891571,-1.2398364543914795,-2.6337730884552,-1.1337730884552002,-2.621166467666626,-1.121166467666626,-2.637712240219116,-1.1377122402191162,-1.4383312463760376,0.0616687536239624
upright,1.56,0,0.11485706269741058,72.8554916381836,3.372846841812134,1.187654733657837,0.007374522276222706,0.04450478404760361,1,False,1.46918523311615,0.0,False,0.09287625551223755,0.062462616711854935,0.10104942321777344,-0.08940261602401733,0.2781892716884613,-0.05132102966308594,-0.11798705905675888,0.04629388451576233,-0.2100500911474228,0.014255046844482422,0.1381319910287857,0.03081047534942627,0.06897080689668655,0.026406407356262207,-0.19413401186466217,0.0433732345700264,1.0473995208740234,0.9473994970321655,0.9011629223823547,1.0011628866195679,0.9679482579231262,0.8679482340812683,0.8378358483314514,0.9378358721733093,3.2375707626342773,2.437570810317993,0.42609095573425293,-0.373909056186676,4.303011417388916,3.303011417388916,-0.23984122276306152,-1.2398412227630615,-2.633772134780884,-1.1337721347808838,-2.621164321899414,-1.121164321899414,-2.6377158164978027,-1.1377158164978027,-1.4383422136306763,0.06165778636932373
upright,1.58,0,0.11485739052295685,72.855224609375,3.3736181259155273,1.1876509189605713,0.007623245473951101,0.043868303298950195,1,False,1.4691821336746216,0.0,False,0.09287533164024353,0.062463320791721344,0.10104913264513016,-0.08940228819847107,0.2781868577003479,-0.051322877407073975,-0.11798585206270218,0.046292856335639954,-0.21005094051361084,0.014257997274398804,0.13813292980194092,0.03081219643354416,0.0689716562628746,0.026410117745399475,-0.19413602352142334,0.043374285101890564,1.0473967790603638,0.9473967552185059,0.9011603593826294,1.0011603832244873,0.9679253101348877,0.8679252862930298,0.8378412127494812,0.9378412365913391,3.2375614643096924,2.437561511993408,0.4260985553264618,-0.37390145659446716,4.303003787994385,3.3030037879943848,-0.23984394967556,-1.2398439645767212,-2.6337687969207764,-1.1337687969207764,-2.6211795806884766,-1.1211795806884766,-2.637714147567749,-1.137714147567749,-1.4383219480514526,0.06167805194854736
upright,1.6,0,0.1148567721247673,72.85543060302734,3.372694253921509,1.18765389919281,0.0075941323302686214,0.04914393648505211,1,False,1.4691839218139648,0.0,False,0.09287543594837189,0.06246251240372658,0.10104935616254807,-0.089402936398983,0.2781856060028076,-0.051317572593688965,-0.11798857152462006,0.04629369080066681,-0.21005047857761383,0.014255732297897339,0.1381317675113678,0.030810214579105377,0.06897059082984924,0.02640533447265625,-0.19413337111473083,0.043372951447963715,1.0474011898040771,0.9474011659622192,0.9011759757995605,1.0011759996414185,0.96794593334198,0.8679459095001221,0.8378341197967529,0.9378341436386108,3.237565517425537,2.437565565109253,0.4261314272880554,-0.37386858463287354,4.303008079528809,3.3030080795288086,-0.2398408204317093,-1.2398408651351929,-2.6337685585021973,-1.1337685585021973,-2.62117075920105,-1.1211707592010498,-2.6377182006835938,-1.1377182006835938,-1.438347578048706,0.061652421951293945
upright,1.62,0,0.11485622078180313,72.85594940185547,3.371156930923462,1.187661051750183,0.00749258091673255,0.045485980808734894,1,False,1.4691903591156006,0.0,False,0.09287668764591217,0.06246150657534599,0.10104992240667343,-0.08940282464027405,0.27818456292152405,-0.05131453275680542,-0.11799044162034988,0.046293094754219055,-0.210049107670784,0.014249980449676514,0.13813048601150513,0.030807174742221832,0.06896933168172836,0.026407361030578613,-0.19413334131240845,0.04337475821375847,1.0474016666412354,0.9474016427993774,0.9011819958686829,1.001181960105896,0.9679872989654541,0.8679872751235962,0.837841808795929,0.9378418326377869,3.2375810146331787,2.4375810623168945,0.42615678906440735,-0.3738432228565216,4.3030219078063965,3.3030219078063965,-0.23983433842658997,-1.2398343086242676,-2.633772373199463,-1.133772373199463,-2.6211657524108887,-1.1211657524108887,-2.637718677520752,-1.137718677520752,-1.4383522272109985,0.061647772789001465
upright,1.6400000000000001,0,0.1148563101887703,72.85559844970703,3.3716392517089844,1.187656283378601,0.0074865613132715225,0.04204234853386879,1,False,1.4691886901855469,0.0,False,0.0928768515586853,0.06246200203895569,0.10104979574680328,-0.0894022136926651,0.2781902551651001,-0.051323652267456055,-0.11798584461212158,0.046293407678604126,-0.21004937589168549,0.014251619577407837,0.1381320357322693,0.030809178948402405,0.06897012144327164,0.026411250233650208,-0.19413547217845917,0.04337584227323532,1.0473984479904175,0.9473984241485596,0.9011543393135071,1.0011543035507202,0.9679664969444275,0.8679664731025696,0.8378472924232483,0.9378473162651062,3.2375800609588623,2.437580108642578,0.4260726571083069,-0.37392735481262207,4.303017616271973,3.3030176162719727,-0.2398368865251541,-1.2398369312286377,-2.6337733268737793,-1.1337733268737793,-2.621166706085205,-1.121166706085205,-2.637711524963379,-1.137711524963379,-1.4383310079574585,0.061668992042541504
upright,1.6600000000000001,0,0.1148570254445076,72.85546112060547,3.372837543487549,1.1876542568206787,0.0073705255053937435,0.044396352022886276,1,False,1.469185471534729,0.0,False,0.09287619590759277,0.06246253475546837,0.10104942321777344,-0.08940261602401733,0.2781893014907837,-0.05132097005844116,-0.11798707395792007,0.04629388451576233,-0.21004997193813324,0.014254987239837646,0.1381320059299469,0.03081066906452179,0.06897085160017014,0.026406332850456238,-0.1941339671611786,0.04337316006422043,1.0473995208740234,0.9473994970321655,0.9011625051498413,1.0011625289916992,0.967948317527771,0.8679482936859131,0.8378353118896484,0.9378353357315063,3.2375707626342773,2.437570810317993,0.4260907769203186,-0.37390923500061035,4.303012847900391,3.3030128479003906,-0.2398415505886078,-1.2398415803909302,-2.6337718963623047,-1.1337718963623047,-2.621163845062256,-1.1211638450622559,-2.6377158164978027,-1.1377158164978027,-1.4383420944213867,0.06165790557861328
upright,1.68,0,0.11485742032527924,72.855224609375,3.373652696609497,1.1876509189605713,0.007619334384799004,0.04384072497487068,1,False,1.469182014465332,0.0,False,0.0928751528263092,0.06246321648359299,0.10104915499687195,-0.08940234035253525,0.27818697690963745,-0.05132266879081726,-0.11798595637083054,0.046292826533317566,-0.21005088090896606,0.014257967472076416,0.13813291490077972,0.030812181532382965,0.06897155195474625,0.0264100581407547,-0.19413594901561737,0.043374255299568176,1.0473970174789429,0.947396993637085,0.9011605381965637,1.0011605024337769,0.9679253101348877,0.8679252862930298,0.8378409743309021,0.93784099817276,3.2375617027282715,2.4375617504119873,0.4260987639427185,-0.37390124797821045,4.303003787994385,3.3030037879943848,-0.23984339833259583,-1.2398433685302734,-2.633768320083618,-1.1337683200836182,-2.621178388595581,-1.121178388595581,-2.63771390914917,-1.13771390914917,-1.4383227825164795,0.06167721748352051
upright,1.7,0,0.1148567721247673,72.85543060302734,3.3726999759674072,1.18765389919281,0.0076064555905759335,0.04923056811094284,1,False,1.4691840410232544,0.0,False,0.0928754210472107,0.062462374567985535,0.10104946047067642,-0.08940298110246658,0.2781856060028076,-0.051317572593688965,-0.11798857152462006,0.046293705701828,-0.21005043387413025,0.014255672693252563,0.13813182711601257,0.03081011027097702,0.06897047162055969,0.0264052152633667,-0.19413325190544128,0.043372903019189835,1.0474011898040771,0.9474011659622192,0.9011760950088501,1.001176118850708,0.9679461121559143,0.8679460883140564,0.8378342390060425,0.9378342628479004,3.2375662326812744,2.4375662803649902,0.4261316657066345,-0.37386834621429443,4.303008079528809,3.3030080795288086,-0.2398407757282257,-1.2398407459259033,-2.633768320083618,-1.1337683200836182,-2.62117075920105,-1.1211707592010498,-2.6377177238464355,-1.1377177238464355,-1.4383479356765747,0.06165206432342529
upright,1.72,0,0.11485616862773895,72.8559341430664,3.3711137771606445,1.187660813331604,0.007507631089538336,0.045619916170835495,1,False,1.4691904783248901,0.0,False,0.09287659823894501,0.062461476773023605,0.10104988515377045,-0.0894029289484024,0.2781843841075897,-0.051314473152160645,-0.1179904118180275,0.046293169260025024,-0.21004900336265564,0.014249831438064575,0.13813045620918274,0.030807092785835266,0.0689692571759224,0.026407316327095032,-0.19413325190544128,0.043374765664339066,1.047402024269104,0.9474020004272461,0.9011823534965515,1.0011823177337646,0.9679883122444153,0.8679882884025574,0.8378418684005737,0.9378418922424316,3.2375810146331787,2.4375810623168945,0.4261569380760193,-0.37384307384490967,4.3030219078063965,3.3030219078063965,-0.23983420431613922,-1.239834189414978,-2.633772611618042,-1.133772611618042,-2.6211659908294678,-1.1211659908294678,-2.637718677520752,-1.137718677520752,-1.4383528232574463,0.06164717674255371
upright,1.74,0,0.11485631763935089,72.85562133789062,3.3716015815734863,1.1876565217971802,0.007490603253245354,0.04200264811515808,1,False,1.4691888093948364,0.0,False,0.09287679195404053,0.06246200203895569,0.10104973614215851,-0.0894022211432457,0.2781901955604553,-0.05132344365119934,-0.1179858073592186,0.04629364609718323,-0.21004927158355713,0.014251530170440674,0.13813185691833496,0.030808955430984497,0.06897008419036865,0.026411399245262146,-0.19413548707962036,0.04337592422962189,1.047398328781128,0.94739830493927,0.9011550545692444,1.0011550188064575,0.9679676294326782,0.8679676055908203,0.8378478288650513,0.9378478527069092,3.237579822540283,2.437579870223999,0.4260721802711487,-0.3739278316497803,4.303017616271973,3.3030176162719727,-0.23983646929264069,-1.2398364543914795,-2.6337735652923584,-1.1337735652923584,-2.621166229248047,-1.1211662292480469,-2.637712001800537,-1.137712001800537,-1.4383310079574585,0.061668992042541504
upright,1.76,0,0.1148570328950882,72.8554916381836,3.372826099395752,1.187654733657837,0.007363692857325077,0.0444970577955246,1,False,1.4691853523254395,0.0,False,0.09287625551223755,0.06246265023946762,0.10104937106370926,-0.08940263092517853,0.2781892418861389,-0.051321059465408325,-0.1179870069026947,0.04629397392272949,-0.21005010604858398,0.014254987239837646,0.13813193142414093,0.03081045299768448,0.06897084414958954,0.026406362652778625,-0.19413399696350098,0.04337318614125252,1.0473992824554443,0.9473992586135864,0.9011632800102234,1.0011632442474365,0.9679487943649292,0.8679487705230713,0.8378359079360962,0.9378359317779541,3.2375705242156982,2.437570571899414,0.4260905683040619,-0.37390944361686707,4.303011894226074,3.303011894226074,-0.23984168469905853,-1.2398416996002197,-2.633772134780884,-1.1337721347808838,-2.6211647987365723,-1.1211647987365723,-2.637716054916382,-1.1377160549163818,-1.4383418560028076,0.06165814399719238
upright,1.78,0,0.11485741287469864,72.85527038574219,3.373629093170166,1.187651515007019,0.007619139738380909,0.04383474215865135,1,False,1.469182014465332,0.0,False,0.09287530183792114,0.06246323511004448,0.10104908049106598,-0.08940236270427704,0.2781869173049927,-0.05132263898849487,-0.11798588931560516,0.046293050050735474,-0.21005091071128845,0.014257818460464478,0.13813287019729614,0.030811935663223267,0.06897162646055222,0.026410266757011414,-0.19413605332374573,0.04337433725595474,1.047397255897522,0.9473972320556641,0.9011613130569458,1.0011613368988037,0.9679259061813354,0.8679258823394775,0.8378413915634155,0.9378414154052734,3.2375619411468506,2.4375619888305664,0.4260983169078827,-0.37390169501304626,4.303003311157227,3.3030033111572266,-0.23984339833259583,-1.2398433685302734,-2.6337690353393555,-1.1337690353393555,-2.62117862701416,-1.1211786270141602,-2.63771390914917,-1.13771390914917,-1.4383219480514526,0.06167805194854736
upright,1.8,0,0.11485675722360611,72.85545349121094,3.372680187225342,1.1876541376113892,0.007600686978548765,0.049186475574970245,1,False,1.4691840410232544,0.0,False,0.09287551045417786,0.06246250867843628,0.10104939341545105,-0.08940295875072479,0.27818563580513,-0.0513174831867218,-0.11798853427171707,0.046293795108795166,-0.21005046367645264,0.014255672693252563,0.13813172280788422,0.030810073018074036,0.06897052377462387,0.026405423879623413,-0.19413338601589203,0.043372973799705505,1.0474011898040771,0.9474011659622192,0.9011765718460083,1.0011765956878662,0.967946469783783,0.867946445941925,0.8378344774246216,0.9378345012664795,3.2375659942626953,2.437566041946411,0.4261312484741211,-0.37386876344680786,4.303008079528809,3.3030080795288086,-0.23984071612358093,-1.2398407459259033,-2.6337687969207764,-1.1337687969207764,-2.6211705207824707,-1.1211705207824707,-2.637718439102173,-1.1377184391021729,-1.4383474588394165,0.061652541160583496
upright,1.82,0,0.11485620588064194,72.8559341430664,3.371187210083008,1.187660813331604,0.007484022062271833,0.04561035707592964,1,False,1.4691904783248901,0.0,False,0.09287664294242859,0.06246156617999077,0.10104984045028687,-0.08940285444259644,0.2781842350959778,-0.05131468176841736,-0.11799033731222153,0.04629315435886383,-0.210049107670784,0.014250218868255615,0.13813036680221558,0.030807241797447205,0.06896928697824478,0.02640727162361145,-0.19413334131240845,0.0433746762573719,1.0474016666412354,0.9474016427993774,0.9011824727058411,1.0011824369430542,0.9679866433143616,0.8679866194725037,0.8378415107727051,0.937841534614563,3.2375802993774414,2.4375803470611572,0.4261568784713745,-0.37384313344955444,4.3030219078063965,3.3030219078063965,-0.23983435332775116,-1.2398343086242676,-2.633772611618042,-1.133772611618042,-2.621166944503784,-1.1211669445037842,-2.6377201080322266,-1.1377201080322266,-1.438352346420288,0.061647653579711914
upright,1.84,0,0.11485631763935089,72.8556137084961,3.3715779781341553,1.187656283378601,0.00748174823820591,0.04214083403348923,1,False,1.469188928604126,0.0,False,0.0928768515586853,0.062462013214826584,0.1010497435927391,-0.08940225094556808,0.2781902253627777,-0.051323503255844116,-0.1179857850074768,0.046293675899505615,-0.21004921197891235,0.014251619577407837,0.1381319910287857,0.03080929070711136,0.06897005438804626,0.02641114592552185,-0.19413545727729797,0.04337581247091293,1.0473982095718384,0.9473981857299805,0.9011549949645996,1.0011550188064575,0.9679667949676514,0.8679667711257935,0.8378472328186035,0.9378472566604614,3.2375802993774414,2.4375803470611572,0.4260723888874054,-0.37392762303352356,4.303018569946289,3.303018569946289,-0.239836186170578,-1.2398362159729004,-2.6337738037109375,-1.1337738037109375,-2.621166706085205,-1.121166706085205,-2.637711763381958,-1.137711763381958,-1.438331961631775,0.0616680383682251
upright,1.86,0,0.1148570254445076,72.85546112060547,3.3728461265563965,1.1876542568206787,0.007379070855677128,0.04443282261490822,1,False,1.4691853523254395,0.0,False,0.09287631511688232,0.062462564557790756,0.10104941576719284,-0.08940259367227554,0.27818921208381653,-0.05132108926773071,-0.1179870218038559,0.04629373550415039,-0.21005001664161682,0.01425480842590332,0.1381322294473648,0.030810602009296417,0.06897075474262238,0.026406288146972656,-0.19413387775421143,0.0433732308447361,1.0473992824554443,0.9473992586135864,0.9011623859405518,1.0011624097824097,0.9679481983184814,0.8679481744766235,0.8378356695175171,0.937835693359375,3.2375712394714355,2.4375712871551514,0.4260910153388977,-0.37390899658203125,4.303012371063232,3.3030123710632324,-0.2398412972688675,-1.239841341972351,-2.633772134780884,-1.1337721347808838,-2.621164560317993,-1.1211645603179932,-2.6377148628234863,-1.1377148628234863,-1.4383426904678345,0.06165730953216553
upright,1.8800000000000001,0,0.11485742032527924,72.85523986816406,3.3736143112182617,1.1876510381698608,0.007622179109603167,0.04383130744099617,1,False,1.469182014465332,0.0,False,0.09287536144256592,0.062463317066431046,0.10104910284280777,-0.08940225839614868,0.27818700671195984,-0.05132269859313965,-0.11798594146966934,0.04629287123680115,-0.21005083620548248,0.014257997274398804,0.13813292980194092,0.030812174081802368,0.06897163391113281,0.026410147547721863,-0.19413602352142334,0.04337427020072937,1.0473967790603638,0.9473967552185059,0.9011604189872742,1.0011603832244873,0.9679250121116638,0.8679249882698059,0.8378409147262573,0.9378409385681152,3.2375619411468506,2.4375619888305664,0.4260987341403961,-0.37390127778053284,4.303003787994385,3.3030037879943848,-0.23984365165233612,-1.2398436069488525,-2.6337687969207764,-1.1337687969207764,-2.621178388595581,-1.121178388595581,-2.63771390914917,-1.13771390914917,-1.4383221864700317,0.06167781352996826
upright,1.9000000000000001,0,0.11485675722360611,72.8554458618164,3.372702121734619,1.1876541376113892,0.007597311865538359,0.049204833805561066,1,False,1.4691838026046753,0.0,False,0.0928754061460495,0.062462516129016876,0.10104939341545105,-0.08940298110246658,0.27818563580513,-0.0513177216053009,-0.11798857897520065,0.046293601393699646,-0.21005062758922577,0.014255911111831665,0.13813185691833496,0.030810192227363586,0.06897050142288208,0.02640502154827118,-0.19413331151008606,0.043372735381126404,1.0474008321762085,0.9474008083343506,0.9011757373809814,1.0011757612228394,0.9679451584815979,0.86794513463974,0.8378336429595947,0.9378336668014526,3.2375659942626953,2.437566041946411,0.4261312782764435,-0.3738687336444855,4.30300760269165,3.3030076026916504,-0.23984086513519287,-1.2398408651351929,-2.6337685585021973,-1.1337685585021973,-2.62117075920105,-1.1211707592010498,-2.6377179622650146,-1.1377179622650146,-1.4383482933044434,0.06165170669555664
upright,1.92,0,0.11485621333122253,72.85595703125,3.371173858642578,1.1876612901687622,0.007485214155167341,0.045467689633369446,1,False,1.4691905975341797,0.0,False,0.09287676215171814,0.06246156245470047,0.10104985535144806,-0.08940287679433823,0.2781844735145569,-0.05131453275680542,-0.11799046397209167,0.046293169260025024,-0.21004903316497803,0.014250010251998901,0.13813048601150513,0.030807271599769592,0.06896929442882538,0.026407435536384583,-0.19413340091705322,0.04337480664253235,1.0474019050598145,0.9474018812179565,0.9011824727058411,1.0011824369430542,0.9679874181747437,0.8679873943328857,0.837841808795929,0.9378418326377869,3.2375810146331787,2.4375810623168945,0.4261570870876312,-0.37384292483329773,4.303022384643555,3.3030223846435547,-0.239834263920784,-1.2398343086242676,-2.6337730884552,-1.1337730884552002,-2.6211659908294678,-1.1211659908294678,-2.63771915435791,-1.1377191543579102,-1.4383522272109985,0.061647772789001465
upright,1.94,0,0.11485634744167328,72.85562896728516,3.3716251850128174,1.1876565217971802,0.00749236810952425,0.04207753762602806,1,False,1.4691886901855469,0.0,False,0.0928768664598465,0.0624619759619236,0.10104973614215851,-0.0894022285938263,0.2781902253627777,-0.05132344365119934,-0.11798588931560516,0.04629354178905487,-0.21004943549633026,0.014251738786697388,0.1381320357322693,0.03080921620130539,0.0689699798822403,0.026411235332489014,-0.1941354125738144,0.04337596148252487,1.0473984479904175,0.9473984241485596,0.9011548161506653,1.0011547803878784,0.9679661393165588,0.8679661154747009,0.8378475904464722,0.9378476142883301,3.2375805377960205,2.4375805854797363,0.4260723888874054,-0.37392762303352356,4.303017616271973,3.3030176162719727,-0.23983599245548248,-1.2398359775543213,-2.6337738037109375,-1.1337738037109375,-2.6211659908294678,-1.1211659908294678,-2.6377112865448,-1.1377112865447998,-1.4383325576782227,0.061667442321777344
upright,1.96,0,0.1148570105433464,72.85546112060547,3.3728091716766357,1.1876542568206787,0.00737261725589633,0.0444340705871582,1,False,1.4691853523254395,0.0,False,0.09287624061107635,0.062462612986564636,0.10104936361312866,-0.08940255641937256,0.27818936109542847,-0.05132085084915161,-0.11798713356256485,0.046293795108795166,-0.2100500464439392,0.014254838228225708,0.13813206553459167,0.030810542404651642,0.06897085160017014,0.02640625834465027,-0.1941339075565338,0.04337310045957565,1.0473994016647339,0.947399377822876,0.9011623859405518,1.0011624097824097,0.9679486751556396,0.8679486513137817,0.8378354907035828,0.9378355145454407,3.2375710010528564,2.4375710487365723,0.4260910749435425,-0.3739089369773865,4.303012371063232,3.3030123710632324,-0.23984186351299286,-1.2398418188095093,-2.633772373199463,-1.133772373199463,-2.6211633682250977,-1.1211633682250977,-2.6377155780792236,-1.1377155780792236,-1.4383418560028076,0.06165814399719238
upright,1.98,0,0.11485736817121506,72.85520935058594,3.373596668243408,1.1876506805419922,0.0076246606186032295,0.04382806271314621,1,False,1.469181776046753,0.0,False,0.09287527203559875,0.06246320903301239,0.10104911029338837,-0.08940232545137405,0.2781869173049927,-0.0513225793838501,-0.11798597127199173,0.046292781829833984,-0.21005092561244965,0.014257729053497314,0.13813304901123047,0.030811987817287445,0.06897155195474625,0.02641010284423828,-0.1941358745098114,0.04337434843182564,1.0473970174789429,0.947396993637085,0.9011600613594055,1.0011600255966187,0.9679250717163086,0.8679250478744507,0.8378408551216125,0.9378408789634705,3.2375619411468506,2.4375619888305664,0.42609888315200806,-0.3739011287689209,4.303002834320068,3.3030028343200684,-0.2398432344198227,-1.2398432493209839,-2.6337687969207764,-1.1337687969207764,-2.621178150177002,-1.121178150177002,-2.6377129554748535,-1.1377129554748535,-1.438323736190796,0.0616762638092041
upright,2.0,0,0.11485674232244492,72.85542297363281,3.372711658477783,1.1876537799835205,0.00758549477905035,0.049260687083005905,1,False,1.4691838026046753,0.0,False,0.09287533164024353,0.06246248632669449,0.10104941576719284,-0.08940289914608002,0.27818554639816284,-0.05131778120994568,-0.11798849701881409,0.04629349708557129,-0.21005059778690338,0.014255940914154053,0.13813182711601257,0.030810274183750153,0.06897057592868805,0.02640499174594879,-0.19413334131240845,0.04337271675467491,1.0474008321762085,0.9474008083343506,0.901175320148468,1.0011752843856812,0.9679452180862427,0.8679451942443848,0.8378332853317261,0.937833309173584,3.2375659942626953,2.437566041946411,0.42613136768341064,-0.3738686442375183,4.30300760269165,3.3030076026916504,-0.23984095454216003,-1.2398409843444824,-2.633768320083618,-1.1337683200836182,-2.621171236038208,-1.121171236038208,-2.6377179622650146,-1.1377179622650146,-1.4383485317230225,0.06165146827697754
upright,2.02,0,0.11485616862773895,72.85591888427734,3.371157169342041,1.1876606941223145,0.007496194448322058,0.04558217152953148,1,False,1.4691905975341797,0.0,False,0.09287680685520172,0.06246146932244301,0.10104990005493164,-0.08940289169549942,0.27818435430526733,-0.05131462216377258,-0.11799045652151108,0.046293020248413086,-0.21004904806613922,0.014249920845031738,0.1381305605173111,0.030807293951511383,0.06896934658288956,0.026407241821289062,-0.19413325190544128,0.04337473213672638,1.0474019050598145,0.9474018812179565,0.901182234287262,1.001182198524475,0.9679874181747437,0.8679873943328857,0.8378417491912842,0.9378417730331421,3.237581729888916,2.437581777572632,0.42615726590156555,-0.3738427460193634,4.303022384643555,3.3030223846435547,-0.23983454704284668,-1.2398345470428467,-2.6337733268737793,-1.1337733268737793,-2.621166229248047,-1.1211662292480469,-2.637718439102173,-1.1377184391021729,-1.4383525848388672,0.06164741516113281
upright,2.04,0,0.11485634744167328,72.85559844970703,3.3716278076171875,1.1876561641693115,0.007491524331271648,0.04203129932284355,1,False,1.4691888093948364,0.0,False,0.09287694096565247,0.06246207654476166,0.10104969143867493,-0.08940227329730988,0.2781902551651001,-0.051323533058166504,-0.11798577755689621,0.0462934672832489,-0.21004918217658997,0.014251887798309326,0.13813196122646332,0.030809417366981506,0.06897006928920746,0.026411116123199463,-0.19413544237613678,0.043375737965106964,1.0473982095718384,0.9473981857299805,0.9011544585227966,1.0011544227600098,0.9679657220840454,0.8679656982421875,0.8378469347953796,0.9378469586372375,3.2375800609588623,2.437580108642578,0.4260723292827606,-0.37392768263816833,4.303018569946289,3.303018569946289,-0.2398364394903183,-1.2398364543914795,-2.6337740421295166,-1.1337740421295166,-2.621166229248047,-1.1211662292480469,-2.6377124786376953,-1.1377124786376953,-1.4383318424224854,0.06166815757751465
upright,2.06,0,0.114857017993927,72.85546112060547,3.3728222846984863,1.1876543760299683,0.007362635340541601,0.04451820254325867,1,False,1.4691855907440186,0.0,False,0.09287618100643158,0.06246252357959747,0.10104942321777344,-0.08940259367227554,0.278189092874527,-0.05132102966308594,-0.11798704415559769,0.046293750405311584,-0.21004991233348846,0.014254868030548096,0.13813209533691406,0.030810728669166565,0.06897078454494476,0.02640630304813385,-0.19413380324840546,0.04337324947118759,1.0473992824554443,0.9473992586135864,0.9011624455451965,1.0011624097824097,0.9679485559463501,0.8679485321044922,0.8378356695175171,0.937835693359375,3.2375710010528564,2.4375710487365723,0.4260918200016022,-0.3739081919193268,4.303013324737549,3.303013324737549,-0.23984116315841675,-1.2398412227630615,-2.6337718963623047,-1.1337718963623047,-2.6211650371551514,-1.1211650371551514,-2.6377155780792236,-1.1377155780792236,-1.4383430480957031,0.061656951904296875
upright,2.08,0,0.11485742777585983,72.8552474975586,3.373645305633545,1.18765127658844,0.007633012253791094,0.04386671632528305,1,False,1.469182014465332,0.0,False,0.09287533164024353,0.06246323883533478,0.10104914009571075,-0.08940240740776062,0.27818697690963745,-0.051322758197784424,-0.11798592656850815,0.04629284143447876,-0.21005085110664368,0.014257997274398804,0.13813287019729614,0.030812114477157593,0.06897160410881042,0.026410222053527832,-0.19413602352142334,0.04337436705827713,1.0473973751068115,0.9473973512649536,0.9011603593826294,1.0011603832244873,0.9679257273674011,0.8679257035255432,0.8378413915634155,0.9378414154052734,3.2375614643096924,2.437561511993408,0.42609861493110657,-0.3739013969898224,4.303003787994385,3.3030037879943848,-0.23984336853027344,-1.2398433685302734,-2.6337687969207764,-1.1337687969207764,-2.6211788654327393,-1.1211788654327393,-2.637714385986328,-1.1377143859863281,-1.4383223056793213,0.06167769432067871
upright,2.1,0,0.11485670506954193,72.85542297363281,3.3726842403411865,1.18765389919281,0.007596962619572878,0.049280811101198196,1,False,1.469183325767517,0.0,False,0.09287524223327637,0.06246250495314598,0.10104939341545105,-0.08940297365188599,0.2781856656074524,-0.051317811012268066,-0.11798855662345886,0.046293482184410095,-0.21005061268806458,0.014255791902542114,0.13813181221485138,0.03081001341342926,0.0689704641699791,0.026404961943626404,-0.19413331151008606,0.0433727465569973,1.047400951385498,0.9474009275436401,0.9011749029159546,1.0011749267578125,0.9679455161094666,0.8679454922676086,0.8378335237503052,0.9378335475921631,3.237565279006958,2.437565326690674,0.42613092064857483,-0.3738690912723541,4.303006649017334,3.303006649017334,-0.23984093964099884,-1.2398409843444824,-2.633767604827881,-1.1337676048278809,-2.62117075920105,-1.1211707592010498,-2.6377177238464355,-1.1377177238464355,-1.438348650932312,0.06165134906768799
upright,2.12,0,0.11485616117715836,72.85589599609375,3.371194839477539,1.1876602172851562,0.007498308550566435,0.0455530621111393,1,False,1.4691901206970215,0.0,False,0.09287673234939575,0.06246154010295868,0.10104981809854507,-0.0894029438495636,0.2781845033168793,-0.051314711570739746,-0.11799046397209167,0.04629291594028473,-0.21004918217658997,0.01425015926361084,0.13813051581382751,0.03080727905035019,0.06896921247243881,0.026407182216644287,-0.19413331151008606,0.043374672532081604,1.047402024269104,0.9474020004272461,0.9011814594268799,1.0011814832687378,0.9679860472679138,0.8679860234260559,0.8378413319587708,0.9378413558006287,3.2375807762145996,2.4375808238983154,0.42615658044815063,-0.3738434314727783,4.303021430969238,3.3030214309692383,-0.23983433842658997,-1.2398343086242676,-2.633772850036621,-1.133772850036621,-2.6211659908294678,-1.1211659908294678,-2.637718677520752,-1.137718677520752,-1.4383524656295776,0.06164753437042236
upright,2.14,0,0.1148563027381897,72.8555908203125,3.3716177940368652,1.1876561641693115,0.007483943365514278,0.04204852133989334,1,False,1.4691886901855469,0.0,False,0.0928768515586853,0.06246205046772957,0.1010497584939003,-0.08940216898918152,0.2781903147697449,-0.05132368206977844,-0.1179858073592186,0.04629345238208771,-0.21004940569400787,0.014251768589019775,0.13813187181949615,0.030809111893177032,0.06897010654211044,0.02641117572784424,-0.19413554668426514,0.043375782668590546,1.047398328781128,0.94739830493927,0.9011544585227966,1.0011544227600098,0.9679666757583618,0.8679666519165039,0.837847113609314,0.9378471374511719,3.2375800609588623,2.437580108642578,0.42607250809669495,-0.373927503824234,4.303017616271973,3.3030176162719727,-0.23983646929264069,-1.2398364543914795,-2.6337735652923584,-1.1337735652923584,-2.621166706085205,-1.121166706085205,-2.6377124786376953,-1.1377124786376953,-1.4383314847946167,0.0616685152053833
upright,2.16,0,0.11485698819160461,72.85543060302734,3.372846841812134,1.1876537799835205,0.007365500554442406,0.04437272250652313,1,False,1.4691853523254395,0.0,False,0.09287619590759277,0.06246257945895195,0.10104938596487045,-0.08940257132053375,0.27818918228149414,-0.0513211190700531,-0.11798702925443649,0.046293675899505615,-0.21004998683929443,0.01425507664680481,0.13813205063343048,0.030810698866844177,0.06897090375423431,0.026406273245811462,-0.19413402676582336,0.04337308928370476,1.0473992824554443,0.9473992586135864,0.9011619091033936,1.0011619329452515,0.9679477214813232,0.8679476976394653,0.8378348350524902,0.9378348588943481,3.2375712394714355,2.4375712871551514,0.42609110474586487,-0.3739089071750641,4.303012371063232,3.3030123710632324,-0.2398417592048645,-1.2398416996002197,-2.633772373199463,-1.133772373199463,-2.621164321899414,-1.121164321899414,-2.6377158164978027,-1.1377158164978027,-1.4383422136306763,0.06165778636932373
upright,2.18,0,0.11485739797353745,72.85520935058594,3.3736753463745117,1.1876505613327026,0.007613092660903931,0.043833017349243164,1,False,1.469182014465332,0.0,False,0.09287530183792114,0.06246327608823776,0.10104911029338837,-0.08940236270427704,0.2781868875026703,-0.0513228178024292,-0.11798589676618576,0.046292632818222046,-0.21005074679851532,0.014257937669754028,0.1381329894065857,0.030812256038188934,0.06897172331809998,0.0264100581407547,-0.19413596391677856,0.04337427765130997,1.0473970174789429,0.947396993637085,0.901159405708313,1.001159429550171,0.9679244160652161,0.8679243922233582,0.8378407955169678,0.9378408193588257,3.2375617027282715,2.4375617504119873,0.42609912157058716,-0.3739008903503418,4.303004264831543,3.303004264831543,-0.23984374105930328,-1.239843726158142,-2.6337687969207764,-1.1337687969207764,-2.6211788654327393,-1.1211788654327393,-2.637713670730591,-1.1377136707305908,-1.43832266330719,0.06167733669281006
upright,2.2,0,0.11485671252012253,72.85542297363281,3.372741222381592,1.1876537799835205,0.007595289032906294,0.04930040240287781,1,False,1.4691838026046753,0.0,False,0.0928754210472107,0.06246253848075867,0.10104941576719284,-0.08940300345420837,0.27818572521209717,-0.051317691802978516,-0.11798862367868423,0.04629352688789368,-0.210050567984581,0.014255911111831665,0.13813184201717377,0.03081035614013672,0.06897042691707611,0.02640509605407715,-0.19413340091705322,0.043372757732868195,1.0474008321762085,0.9474008083343506,0.901175320148468,1.0011752843856812,0.9679450988769531,0.8679450750350952,0.83783358335495,0.9378336071968079,3.237565755844116,2.437565803527832,0.4261316657066345,-0.37386834621429443,4.303008079528809,3.3030080795288086,-0.23984059691429138,-1.2398406267166138,-2.6337685585021973,-1.1337685585021973,-2.6211705207824707,-1.1211705207824707,-2.6377179622650146,-1.1377179622650146,-1.4383482933044434,0.06165170669555664
upright,2.22,0,0.11485614627599716,72.85590362548828,3.371183395385742,1.1876604557037354,0.0074892486445605755,0.04558335617184639,1,False,1.4691907167434692,0.0,False,0.09287680685520172,0.06246158108115196,0.10104986280202866,-0.08940291404724121,0.2781844139099121,-0.05131450295448303,-0.11799044162034988,0.046293169260025024,-0.21004903316497803,0.014250040054321289,0.13813048601150513,0.03080734610557556,0.06896921247243881,0.02640722692012787,-0.19413331151008606,0.043374672532081604,1.047402024269104,0.9474020004272461,0.9011823534965515,1.0011823177337646,0.9679875373840332,0.8679875135421753,0.837841272354126,0.9378412961959839,3.2375810146331787,2.4375810623168945,0.42615699768066406,-0.3738430142402649,4.303022861480713,3.303022861480713,-0.239834263920784,-1.2398343086242676,-2.6337733268737793,-1.1337733268737793,-2.6211659908294678,-1.1211659908294678,-2.63771915435791,-1.1377191543579102,-1.4383529424667358,0.06164705753326416
upright,2.24,0,0.1148562952876091,72.8556137084961,3.371584892272949,1.1876564025878906,0.007475325837731361,0.04210794344544411,1,False,1.4691888093948364,0.0,False,0.09287695586681366,0.062462106347084045,0.10104969888925552,-0.08940224349498749,0.27819013595581055,-0.05132362246513367,-0.11798576265573502,0.04629357159137726,-0.2100493460893631,0.014251738786697388,0.138131782412529,0.030808962881565094,0.06897000223398209,0.026411250233650208,-0.19413551688194275,0.043375857174396515,1.0473980903625488,0.9473980665206909,0.9011547565460205,1.0011547803878784,0.96796715259552,0.8679671287536621,0.8378474116325378,0.9378474354743958,3.237579822540283,2.437579870223999,0.42607244849205017,-0.3739275634288788,4.303017616271973,3.3030176162719727,-0.2398359775543213,-1.2398359775543213,-2.6337740421295166,-1.1337740421295166,-2.621166944503784,-1.1211669445037842,-2.6377127170562744,-1.1377127170562744,-1.438331961631775,0.0616680383682251
upright,2.2600000000000002,0,0.11485704034566879,72.85546112060547,3.3728842735290527,1.1876542568206787,0.0073704286478459835,0.04440812021493912,1,False,1.4691853523254395,0.0,False,0.09287630021572113,0.062462665140628815,0.10104933381080627,-0.08940254151821136,0.27818912267684937,-0.051321059465408325,-0.1179870069026947,0.046293795108795166,-0.21004997193813324,0.014254838228225708,0.13813209533691406,0.030810527503490448,0.06897076964378357,0.026406332850456238,-0.19413384795188904,0.04337324574589729,1.0473995208740234,0.9473994970321655,0.9011621475219727,1.0011621713638306,0.967948317527771,0.8679482936859131,0.8378357887268066,0.9378358125686646,3.2375707626342773,2.437570810317993,0.4260908365249634,-0.3739091753959656,4.303012371063232,3.3030123710632324,-0.2398412525653839,-1.2398412227630615,-2.633772611618042,-1.133772611618042,-2.621164321899414,-1.121164321899414,-2.6377153396606445,-1.1377153396606445,-1.438342809677124,0.06165719032287598
upright,2.2800000000000002,0,0.11485740542411804,72.855224609375,3.3736355304718018,1.1876509189605713,0.007620024960488081,0.043921563774347305,1,False,1.4691818952560425,0.0,False,0.09287530183792114,0.06246326491236687,0.10104908794164658,-0.08940233290195465,0.27818697690963745,-0.051322728395462036,-0.11798594892024994,0.0462927520275116,-0.21005088090896606,0.01425790786743164,0.1381329447031021,0.0308120995759964,0.06897157430648804,0.02641017735004425,-0.19413599371910095,0.04337433725595474,1.0473971366882324,0.9473971128463745,0.9011600017547607,1.0011600255966187,0.967924952507019,0.8679249286651611,0.8378409743309021,0.93784099817276,3.2375619411468506,2.4375619888305664,0.4260989725589752,-0.37390103936195374,4.303003311157227,3.3030033111572266,-0.23984326422214508,-1.2398432493209839,-2.6337690353393555,-1.1337690353393555,-2.621178388595581,-1.121178388595581,-2.637713670730591,-1.1377136707305908,-1.4383230209350586,0.061676979064941406
upright,2.3000000000000003,0,0.11485671252012253,72.85542297363281,3.3727071285247803,1.1876537799835205,0.007598002441227436,0.04917660355567932,1,False,1.4691836833953857,0.0,False,0.09287530183792114,0.0624624565243721,0.10104940086603165,-0.08940288424491882,0.2781856656074524,-0.05131760239601135,-0.11798859387636185,0.04629361629486084,-0.21005065739154816,0.014255821704864502,0.13813184201717377,0.03081011027097702,0.06897062063217163,0.026405319571495056,-0.19413341581821442,0.04337291046977043,1.0474010705947876,0.9474010467529297,0.9011755585670471,1.0011755228042603,0.9679451584815979,0.86794513463974,0.8378337025642395,0.9378337264060974,3.2375659942626953,2.437566041946411,0.42613157629966736,-0.3738684356212616,4.303007125854492,3.303007125854492,-0.23984096944332123,-1.2398409843444824,-2.633768320083618,-1.1337683200836182,-2.6211705207824707,-1.1211705207824707,-2.6377177238464355,-1.1377177238464355,-1.4383478164672852,0.061652183532714844
upright,2.32,0,0.11485619843006134,72.85594940185547,3.371119976043701,1.187661051750183,0.007490049581974745,0.045486629009246826,1,False,1.4691907167434692,0.0,False,0.09287680685520172,0.06246159225702286,0.10104985535144806,-0.08940278738737106,0.2781844139099121,-0.05131441354751587,-0.11799044907093048,0.046293213963508606,-0.21004903316497803,0.014249831438064575,0.13813039660453796,0.030807077884674072,0.06896921992301941,0.026407435536384583,-0.19413329660892487,0.04337485507130623,1.047401785850525,0.947401762008667,0.9011822938919067,1.0011823177337646,0.9679883718490601,0.8679883480072021,0.8378421068191528,0.9378421306610107,3.237581491470337,2.4375815391540527,0.4261569380760193,-0.37384307384490967,4.303022384643555,3.3030223846435547,-0.23983429372310638,-1.2398343086242676,-2.6337733268737793,-1.1337733268737793,-2.6211655139923096,-1.1211655139923096,-2.6377193927764893,-1.1377193927764893,-1.4383524656295776,0.06164753437042236
upright,2.34,0,0.11485633999109268,72.8556137084961,3.3716259002685547,1.1876564025878906,0.0074810851365327835,0.04202168807387352,1,False,1.4691886901855469,0.0,False,0.09287682175636292,0.06246199458837509,0.10104977339506149,-0.08940226584672928,0.27819016575813293,-0.05132362246513367,-0.11798576265573502,0.046293556690216064,-0.2100493460893631,0.01425182819366455,0.13813190162181854,0.030809126794338226,0.06897003948688507,0.026411443948745728,-0.1941356062889099,0.04337590932846069,1.0473982095718384,0.9473981857299805,0.901154637336731,1.0011546611785889,0.9679663777351379,0.86796635389328,0.8378472924232483,0.9378473162651062,3.2375800609588623,2.437580108642578,0.42607229948043823,-0.3739277124404907,4.303017616271973,3.3030176162719727,-0.2398361712694168,-1.2398362159729004,-2.6337733268737793,-1.1337733268737793,-2.621166944503784,-1.1211669445037842,-2.6377124786376953,-1.1377124786376953,-1.4383313655853271,0.06166863441467285
upright,2.36,0,0.114857017993927,72.85545349121094,3.372864246368408,1.1876541376113892,0.007367054466158152,0.044464293867349625,1,False,1.469185471534729,0.0,False,0.09287634491920471,0.062462542206048965,0.10104943811893463,-0.08940261602401733,0.2781892418861389,-0.05132108926773071,-0.11798710376024246,0.0462937206029892,-0.21005001664161682,0.014254868030548096,0.13813208043575287,0.030810654163360596,0.06897073239088058,0.02640625834465027,-0.1941339075565338,0.04337327554821968,1.0473994016647339,0.947399377822876,0.901162326335907,1.0011622905731201,0.9679487347602844,0.8679487109184265,0.8378358483314514,0.9378358721733093,3.2375714778900146,2.4375715255737305,0.42609161138534546,-0.3739084005355835,4.303012847900391,3.3030128479003906,-0.23984076082706451,-1.2398407459259033,-2.633772134780884,-1.1337721347808838,-2.621164321899414,-1.121164321899414,-2.6377155780792236,-1.1377155780792236,-1.4383434057235718,0.06165659427642822
upright,2.38,0,0.11485739797353745,72.855224609375,3.373626947402954,1.1876509189605713,0.007617338094860315,0.04386792704463005,1,False,1.4691822528839111,0.0,False,0.09287534654140472,0.06246315315365791,0.10104913264513016,-0.08940235525369644,0.2781869173049927,-0.0513225793838501,-0.11798602342605591,0.04629279673099518,-0.2100508213043213,0.014257818460464478,0.13813287019729614,0.0308120995759964,0.06897154450416565,0.026410207152366638,-0.19413596391677856,0.043374381959438324,1.0473971366882324,0.9473971128463745,0.9011602401733398,1.0011602640151978,0.9679259061813354,0.8679258823394775,0.837841272354126,0.9378412961959839,3.237562656402588,2.4375627040863037,0.4260992109775543,-0.37390080094337463,4.303004264831543,3.303004264831543,-0.239843487739563,-1.239843487739563,-2.6337687969207764,-1.1337687969207764,-2.621177911758423,-1.1211779117584229,-2.63771390914917,-1.13771390914917,-1.43832266330719,0.06167733669281006
upright,2.4,0,0.11485667526721954,72.85540008544922,3.3727023601531982,1.1876534223556519,0.007572928909212351,0.049185167998075485,1,False,1.4691839218139648,0.0,False,0.09287525713443756,0.06246234476566315,0.10104946047067642,-0.08940298855304718,0.27818551659584045,-0.05131778120994568,-0.1179884597659111,0.0462934672832489,-0.21005037426948547,0.014255791902542114,0.13813182711601257,0.030810289084911346,0.06897051632404327,0.026404917240142822,-0.19413328170776367,0.043372638523578644,1.047400712966919,0.947400689125061,0.9011751413345337,1.0011751651763916,0.9679455161094666,0.8679454922676086,0.8378331065177917,0.9378331303596497,3.2375662326812744,2.4375662803649902,0.42613157629966736,-0.3738684356212616,4.303008556365967,3.303008556365967,-0.23984120786190033,-1.2398412227630615,-2.633767604827881,-1.1337676048278809,-2.621171236038208,-1.121171236038208,-2.6377179622650146,-1.1377179622650146,-1.4383480548858643,0.06165194511413574
upright,2.42,0,0.11485617607831955,72.85591888427734,3.371154546737671,1.187660574913025,0.007494732271879911,0.04561808705329895,1,False,1.4691904783248901,0.0,False,0.0928766280412674,0.062461502850055695,0.10104986280202866,-0.08940289914608002,0.27818426489830017,-0.05131462216377258,-0.11799035221338272,0.04629318416118622,-0.21004903316497803,0.014250069856643677,0.1381305307149887,0.030807331204414368,0.06896931678056717,0.026407167315483093,-0.19413313269615173,0.04337473213672638,1.0474019050598145,0.9474018812179565,0.9011823534965515,1.0011823177337646,0.9679868221282959,0.867986798286438,0.8378417491912842,0.9378417730331421,3.2375807762145996,2.4375808238983154,0.42615681886672974,-0.3738431930541992,4.303022384643555,3.3030223846435547,-0.2398347407579422,-1.2398347854614258,-2.633772611618042,-1.133772611618042,-2.621166706085205,-1.121166706085205,-2.637718677520752,-1.137718677520752,-1.4383528232574463,0.06164717674255371
upright,2.44,0,0.11485634744167328,72.85562896728516,3.3716280460357666,1.1876565217971802,0.007493473589420319,0.04209776222705841,1,False,1.4691886901855469,0.0,False,0.09287673234939575,0.062462132424116135,0.10104965418577194,-0.0894022285938263,0.2781902551651001,-0.05132344365119934,-0.11798574775457382,0.046293705701828,-0.21004937589168549,0.01425197720527649,0.13813181221485138,0.03080921620130539,0.06897004693746567,0.026411235332489014,-0.19413548707962036,0.04337581992149353,1.0473984479904175,0.9473984241485596,0.9011549949645996,1.0011550188064575,0.9679661989212036,0.8679661750793457,0.8378473520278931,0.937847375869751,3.237578868865967,2.4375789165496826,0.4260717034339905,-0.3739283084869385,4.303018093109131,3.303018093109131,-0.23983651399612427,-1.2398364543914795,-2.6337733268737793,-1.1337733268737793,-2.621166467666626,-1.121166467666626,-2.6377131938934326,-1.1377131938934326,-1.4383314847946167,0.0616685152053833
upright,2.46,0,0.11485705524682999,72.8554916381836,3.3728623390197754,1.1876546144485474,0.007358668837696314,0.044459402561187744,1,False,1.469185471534729,0.0,False,0.09287634491920471,0.062462594360113144,0.10104940831661224,-0.0894026905298233,0.27818915247917175,-0.05132102966308594,-0.11798698455095291,0.04629381000995636,-0.21004998683929443,0.014254897832870483,0.13813209533691406,0.030810661613941193,0.06897088140249252,0.026406362652778625,-0.19413387775421143,0.04337325319647789,1.047399640083313,0.9473996162414551,0.9011627435684204,1.0011627674102783,0.9679485559463501,0.8679485321044922,0.8378357291221619,0.9378357529640198,3.2375707626342773,2.437570810317993,0.42609137296676636,-0.3739086389541626,4.303012847900391,3.3030128479003906,-0.23984147608280182,-1.2398414611816406,-2.633772134780884,-1.1337721347808838,-2.6211647987365723,-1.1211647987365723,-2.6377155780792236,-1.1377155780792236,-1.4383424520492554,0.06165754795074463
upright,2.48,0,0.11485739797353745,72.85520935058594,3.3737103939056396,1.1876506805419922,0.0076181935146451,0.04389462247490883,1,False,1.4691818952560425,0.0,False,0.09287527203559875,0.06246330961585045,0.10104910284280777,-0.08940228819847107,0.2781867980957031,-0.05132290720939636,-0.11798582226037979,0.04629272222518921,-0.21005073189735413,0.01425817608833313,0.13813303411006927,0.030812449753284454,0.06897154450416565,0.02640990912914276,-0.1941359043121338,0.04337415099143982,1.0473971366882324,0.9473971128463745,0.9011595845222473,1.0011595487594604,0.967923104763031,0.8679230809211731,0.8378406167030334,0.9378406405448914,3.2375614643096924,2.437561511993408,0.42609903216362,-0.37390097975730896,4.303004264831543,3.303004264831543,-0.2398434728384018,-1.239843487739563,-2.6337687969207764,-1.1337687969207764,-2.6211793422698975,-1.1211793422698975,-2.637713670730591,-1.1377136707305908,-1.438322901725769,0.06167709827423096
upright,2.5,0,0.11485671252012253,72.85543060302734,3.3727023601531982,1.18765389919281,0.007601240184158087,0.04918606951832771,1,False,1.4691836833953857,0.0,False,0.09287534654140472,0.0624624639749527,0.10104941576719284,-0.08940295875072479,0.27818572521209717,-0.0513174831867218,-0.11798867583274841,0.04629358649253845,-0.21005061268806458,0.014255791902542114,0.13813184201717377,0.03081008791923523,0.06897053867578506,0.026405245065689087,-0.19413340091705322,0.04337286576628685,1.0474010705947876,0.9474010467529297,0.9011756181716919,1.0011756420135498,0.9679450988769531,0.8679450750350952,0.8378340005874634,0.9378340244293213,3.2375659942626953,2.437566041946411,0.4261317849159241,-0.3738682270050049,4.303007125854492,3.303007125854492,-0.239841029047966,-1.2398409843444824,-2.633768320083618,-1.1337683200836182,-2.6211698055267334,-1.1211698055267334,-2.6377177238464355,-1.1377177238464355,-1.4383478164672852,0.061652183532714844
upright,2.52,0,0.11485616862773895,72.85588073730469,3.371198892593384,1.1876599788665771,0.00749075785279274,0.04561353847384453,1,False,1.4691905975341797,0.0,False,0.09287668764591217,0.0624614916741848,0.10104989260435104,-0.08940284699201584,0.27818429470062256,-0.05131453275680542,-0.11799037456512451,0.046293050050735474,-0.21004898846149445,0.014250189065933228,0.138130322098732,0.03080727905035019,0.06896906346082687,0.026406973600387573,-0.19413313269615173,0.04337458312511444,1.047401785850525,0.947401762008667,0.9011820554733276,1.0011820793151855,0.9679871797561646,0.8679871559143066,0.837841272354126,0.9378412961959839,3.2375810146331787,2.4375810623168945,0.42615723609924316,-0.3738427758216858,4.303022384643555,3.3030223846435547,-0.23983439803123474,-1.2398344278335571,-2.633772611618042,-1.133772611618042,-2.621166467666626,-1.121166467666626,-2.6377198696136475,-1.1377198696136475,-1.4383533000946045,0.06164669990539551
upright,2.54,0,0.11485634744167328,72.85559844970703,3.3716745376586914,1.187656283378601,0.007489330135285854,0.04216312617063522,1,False,1.4691886901855469,0.0,False,0.09287679195404053,0.06246204674243927,0.10104972869157791,-0.08940224349498749,0.2781903147697449,-0.05132359266281128,-0.11798585206270218,0.04629352688789368,-0.21004940569400787,0.014252066612243652,0.13813190162181854,0.030809268355369568,0.06897006183862686,0.026411086320877075,-0.19413548707962036,0.043375737965106964,1.0473984479904175,0.9473984241485596,0.9011548161506653,1.0011547803878784,0.9679654836654663,0.8679654598236084,0.8378470540046692,0.9378470778465271,3.237579822540283,2.437579870223999,0.42607226967811584,-0.3739277422428131,4.303017616271973,3.3030176162719727,-0.23983646929264069,-1.2398364543914795,-2.6337733268737793,-1.1337733268737793,-2.621166467666626,-1.121166467666626,-2.6377127170562744,-1.1377127170562744,-1.438331961631775,0.0616680383682251
upright,2.56,0,0.114857017993927,72.8554916381836,3.3728601932525635,1.187654733657837,0.007372905500233173,0.04442337527871132,1,False,1.4691855907440186,0.0,False,0.09287634491920471,0.06246258690953255,0.10104941576719284,-0.08940263092517853,0.2781893014907837,-0.051321059465408325,-0.11798706650733948,0.04629385471343994,-0.21004989743232727,0.014254778623580933,0.13813216984272003,0.03081076592206955,0.06897082924842834,0.02640645205974579,-0.19413399696350098,0.0433732345700264,1.0473997592926025,0.9473997354507446,0.9011625051498413,1.0011625289916992,0.9679480791091919,0.867948055267334,0.8378357291221619,0.9378357529640198,3.2375712394714355,2.4375712871551514,0.4260907769203186,-0.37390923500061035,4.303013324737549,3.303013324737549,-0.23984169960021973,-1.2398416996002197,-2.633772373199463,-1.133772373199463,-2.621164083480835,-1.121164083480835,-2.6377148628234863,-1.1377148628234863,-1.4383418560028076,0.06165814399719238
upright,2.58,0,0.11485741287469864,72.85523986816406,3.373605728149414,1.1876510381698608,0.007626840379089117,0.04392413794994354,1,False,1.469182014465332,0.0,False,0.09287528693675995,0.062463290989398956,0.10104911774396896,-0.08940236270427704,0.2781868577003479,-0.05132269859313965,-0.11798589676618576,0.04629293084144592,-0.2100507915019989,0.014258116483688354,0.1381329447031021,0.030812323093414307,0.06897155195474625,0.02641013264656067,-0.19413599371910095,0.043374303728342056,1.0473970174789429,0.947396993637085,0.9011605978012085,1.0011606216430664,0.9679241180419922,0.8679240942001343,0.8378410339355469,0.9378410577774048,3.2375614643096924,2.437561511993408,0.42609861493110657,-0.3739013969898224,4.303004264831543,3.303004264831543,-0.23984315991401672,-1.2398431301116943,-2.6337687969207764,-1.1337687969207764,-2.62117862701416,-1.1211786270141602,-2.63771390914917,-1.13771390914917,-1.438322901725769,0.06167709827423096
upright,2.6,0,0.1148567795753479,72.8554458618164,3.3726816177368164,1.1876541376113892,0.007602980360388756,0.049182333052158356,1,False,1.4691838026046753,0.0,False,0.09287554025650024,0.06246248260140419,0.10104941576719284,-0.0894029438495636,0.27818572521209717,-0.05131754279136658,-0.11798868328332901,0.04629361629486084,-0.2100505232810974,0.01425585150718689,0.13813181221485138,0.0308101624250412,0.06897049397230148,0.026405274868011475,-0.1941334307193756,0.04337282478809357,1.0474008321762085,0.9474008083343506,0.9011756777763367,1.0011756420135498,0.9679456353187561,0.8679456114768982,0.8378337621688843,0.9378337860107422,3.2375662326812744,2.4375662803649902,0.4261312484741211,-0.37386876344680786,4.30300760269165,3.3030076026916504,-0.239841029047966,-1.2398409843444824,-2.6337687969207764,-1.1337687969207764,-2.6211698055267334,-1.1211698055267334,-2.6377182006835938,-1.1377182006835938,-1.4383474588394165,0.061652541160583496
upright,2.62,0,0.11485624313354492,72.85594940185547,3.3711841106414795,1.187661051750183,0.007491018157452345,0.04557417333126068,1,False,1.4691903591156006,0.0,False,0.09287682175636292,0.06246158853173256,0.10104987770318985,-0.08940287679433823,0.2781844139099121,-0.05131456255912781,-0.11799049377441406,0.04629310965538025,-0.21004921197891235,0.014249980449676514,0.13813050091266632,0.030807092785835266,0.0689692348241806,0.026407316327095032,-0.19413325190544128,0.043374840170145035,1.047401785850525,0.947401762008667,0.9011824727058411,1.0011824369430542,0.9679874181747437,0.8679873943328857,0.8378419876098633,0.9378420114517212,3.2375810146331787,2.4375810623168945,0.42615726590156555,-0.3738427460193634,4.303021430969238,3.3030214309692383,-0.2398339807987213,-1.239833950996399,-2.633772850036621,-1.133772850036621,-2.6211659908294678,-1.1211659908294678,-2.637718915939331,-1.137718915939331,-1.4383528232574463,0.06164717674255371
upright,2.64,0,0.11485633999109268,72.8556137084961,3.3716628551483154,1.187656283378601,0.0074783433228731155,0.042121678590774536,1,False,1.4691888093948364,0.0,False,0.09287680685520172,0.062462035566568375,0.10104969888925552,-0.0894022285938263,0.2781901955604553,-0.051323533058166504,-0.11798568814992905,0.04629369080066681,-0.21004928648471832,0.014251857995986938,0.13813181221485138,0.030809082090854645,0.06897006183862686,0.02641133964061737,-0.1941353976726532,0.04337593913078308,1.0473984479904175,0.9473984241485596,0.9011549949645996,1.0011550188064575,0.9679664969444275,0.8679664731025696,0.8378478288650513,0.9378478527069092,3.237579822540283,2.437579870223999,0.4260721206665039,-0.37392789125442505,4.303017616271973,3.3030176162719727,-0.23983623087406158,-1.2398362159729004,-2.6337738037109375,-1.1337738037109375,-2.621166944503784,-1.1211669445037842,-2.6377127170562744,-1.1377127170562744,-1.438331961631775,0.0616680383682251
upright,2.66,0,0.114857017993927,72.85547637939453,3.37286376953125,1.1876544952392578,0.007372647523880005,0.04440145194530487,1,False,1.4691855907440186,0.0,False,0.09287627041339874,0.062462590634822845,0.10104939341545105,-0.08940258622169495,0.27818921208381653,-0.05132102966308594,-0.11798702925443649,0.04629383981227875,-0.21004989743232727,0.014254778623580933,0.13813205063343048,0.030810631811618805,0.06897084414958954,0.026406466960906982,-0.19413404166698456,0.04337325692176819,1.0473995208740234,0.9473994970321655,0.9011624455451965,1.0011624097824097,0.9679491519927979,0.8679491281509399,0.8378358483314514,0.9378358721733093,3.2375710010528564,2.4375710487365723,0.42609116435050964,-0.3739088475704193,4.303013324737549,3.303013324737549,-0.2398412972688675,-1.239841341972351,-2.633772373199463,-1.133772373199463,-2.621164321899414,-1.121164321899414,-2.6377153396606445,-1.1377153396606445,-1.4383422136306763,0.06165778636932373
upright,2.68,0,0.11485739052295685,72.855224609375,3.373642683029175,1.1876509189605713,0.007630020845681429,0.043865736573934555,1,False,1.469182014465332,0.0,False,0.09287533164024353,0.062463242560625076,0.10104911029338837,-0.08940233290195465,0.2781870365142822,-0.051322758197784424,-0.11798602342605591,0.04629272222518921,-0.2100508064031601,0.014258027076721191,0.13813292980194092,0.030812270939350128,0.06897159665822983,0.026410028338432312,-0.19413593411445618,0.04337429255247116,1.0473970174789429,0.947396993637085,0.9011597633361816,1.0011597871780396,0.9679247736930847,0.8679247498512268,0.8378410339355469,0.9378410577774048,3.2375619411468506,2.4375619888305664,0.4260987341403961,-0.37390127778053284,4.303004264831543,3.303004264831543,-0.23984341323375702,-1.2398433685302734,-2.6337690353393555,-1.1337690353393555,-2.621178150177002,-1.121178150177002,-2.63771390914917,-1.13771390914917,-1.4383227825164795,0.06167721748352051
upright,2.7,0,0.11485673487186432,72.85542297363281,3.372689962387085,1.1876537799835205,0.007607721257954836,0.04923485592007637,1,False,1.4691840410232544,0.0,False,0.09287551045417786,0.0624624602496624,0.10104934871196747,-0.0894029289484024,0.2781856656074524,-0.05131763219833374,-0.11798862367868423,0.046293631196022034,-0.21005050837993622,0.014255762100219727,0.13813190162181854,0.030810296535491943,0.06897063553333282,0.0264052152633667,-0.19413334131240845,0.04337286949157715,1.047400951385498,0.9474009275436401,0.9011756181716919,1.0011756420135498,0.9679451584815979,0.86794513463974,0.8378337025642395,0.9378337264060974,3.2375667095184326,2.4375667572021484,0.42613109946250916,-0.3738689124584198,4.303008079528809,3.3030080795288086,-0.23984117805957794,-1.2398412227630615,-2.6337687969207764,-1.1337687969207764,-2.6211705207824707,-1.1211705207824707,-2.6377172470092773,-1.1377172470092773,-1.4383476972579956,0.061652302742004395
upright,2.72,0,0.11485616862773895,72.85590362548828,3.3711867332458496,1.1876604557037354,0.007482569664716721,0.04556896910071373,1,False,1.4691905975341797,0.0,False,0.0928766131401062,0.062461383640766144,0.10104990750551224,-0.08940289914608002,0.27818426489830017,-0.05131450295448303,-0.1179904192686081,0.04629315435886383,-0.21004906296730042,0.01424989104270935,0.13813045620918274,0.03080713003873825,0.06896917521953583,0.026407212018966675,-0.19413328170776367,0.043374672532081604,1.0474019050598145,0.9474018812179565,0.9011825919151306,1.0011825561523438,0.967987596988678,0.8679875731468201,0.8378414511680603,0.9378414750099182,3.237581729888916,2.437581777572632,0.4261573851108551,-0.37384262681007385,4.3030219078063965,3.3030219078063965,-0.23983412981033325,-1.2398340702056885,-2.633772611618042,-1.133772611618042,-2.621166467666626,-1.121166467666626,-2.637718915939331,-1.137718915939331,-1.4383528232574463,0.06164717674255371
upright,2.74,0,0.11485635489225388,72.85565185546875,3.3716373443603516,1.1876569986343384,0.007488814182579517,0.04208654537796974,1,False,1.4691885709762573,0.0,False,0.09287679195404053,0.06246209517121315,0.10104971379041672,-0.08940223604440689,0.27819034457206726,-0.051323533058166504,-0.11798582226037979,0.04629358649253845,-0.21004942059516907,0.014251887798309326,0.1381319761276245,0.030809178948402405,0.06896993517875671,0.0264112651348114,-0.19413554668426514,0.043375853449106216,1.047398328781128,0.94739830493927,0.9011549353599548,1.001154899597168,0.9679656028747559,0.867965579032898,0.8378474712371826,0.9378474950790405,3.237579345703125,2.437579393386841,0.4260721504688263,-0.37392786145210266,4.3030171394348145,3.3030171394348145,-0.23983599245548248,-1.2398359775543213,-2.6337733268737793,-1.1337733268737793,-2.621166467666626,-1.121166467666626,-2.637712240219116,-1.1377122402191162,-1.438331961631775,0.0616680383682251
upright,2.7600000000000002,0,0.11485705524682999,72.85545349121094,3.372899055480957,1.1876541376113892,0.007370634935796261,0.04448605328798294,1,False,1.469185471534729,0.0,False,0.09287631511688232,0.06246264651417732,0.10104935616254807,-0.08940261602401733,0.27818918228149414,-0.051321059465408325,-0.11798711866140366,0.04629366099834442,-0.21005000174045563,0.014255017042160034,0.13813215494155884,0.030810892581939697,0.06897075474262238,0.026406317949295044,-0.19413387775421143,0.043373286724090576,1.0473994016647339,0.947399377822876,0.901162326335907,1.0011622905731201,0.9679478406906128,0.8679478168487549,0.8378357291221619,0.9378357529640198,3.2375707626342773,2.437570810317993,0.4260917603969574,-0.37390825152397156,4.303013324737549,3.303013324737549,-0.2398408204317093,-1.2398408651351929,-2.633772611618042,-1.133772611618042,-2.621164321899414,-1.121164321899414,-2.6377155780792236,-1.1377155780792236,-1.4383435249328613,0.06165647506713867
upright,2.7800000000000002,0,0.11485738307237625,72.855224609375,3.373614549636841,1.1876507997512817,0.00763174332678318,0.04396814852952957,1,False,1.469182014465332,0.0,False,0.09287527203559875,0.062463294714689255,0.10104907304048538,-0.08940230309963226,0.2781868278980255,-0.051322758197784424,-0.11798584461212158,0.046292856335639954,-0.2100507616996765,0.014258056879043579,0.13813288509845734,0.030812136828899384,0.06897158920764923,0.02640998363494873,-0.19413599371910095,0.04337416589260101,1.0473970174789429,0.947396993637085,0.9011604189872742,1.0011603832244873,0.9679245352745056,0.8679245114326477,0.837840735912323,0.9378407597541809,3.2375617027282715,2.4375617504119873,0.42609864473342896,-0.3739013671875,4.303003787994385,3.3030037879943848,-0.23984335362911224,-1.2398433685302734,-2.6337687969207764,-1.1337687969207764,-2.6211791038513184,-1.1211791038513184,-2.637714385986328,-1.1377143859863281,-1.4383225440979004,0.06167745590209961
upright,2.8000000000000003,0,0.11485671252012253,72.85542297363281,3.372708797454834,1.187653660774231,0.0076095727272331715,0.049239907413721085,1,False,1.4691838026046753,0.0,False,0.09287552535533905,0.062462422996759415,0.10104937106370926,-0.08940289914608002,0.27818575501441956,-0.051317572593688965,-0.11798866093158722,0.04629342257976532,-0.210050567984581,0.014255642890930176,0.13813188672065735,0.030810095369815826,0.06897055357694626,0.026404976844787598,-0.19413328170776367,0.04337271302938461,1.0474010705947876,0.9474010467529297,0.9011750817298889,1.001175045967102,0.9679458737373352,0.8679458498954773,0.83783358335495,0.9378336071968079,3.2375669479370117,2.4375669956207275,0.4261314272880554,-0.37386858463287354,4.30300760269165,3.3030076026916504,-0.23984111845493317,-1.239841103553772,-2.6337687969207764,-1.1337687969207764,-2.6211698055267334,-1.1211698055267334,-2.6377172470092773,-1.1377172470092773,-1.4383481740951538,0.06165182590484619
upright,2.82,0,0.11485613137483597,72.8559341430664,3.3710761070251465,1.187660813331604,0.007493515033274889,0.04549965262413025,1,False,1.4691908359527588,0.0,False,0.09287673234939575,0.06246150657534599,0.10104985535144806,-0.08940282464027405,0.2781846225261688,-0.05131444334983826,-0.11799054592847824,0.046293094754219055,-0.21004895865917206,0.014250010251998901,0.13813038170337677,0.030807286500930786,0.06896936148405075,0.026407256722450256,-0.1941331923007965,0.04337472468614578,1.0474019050598145,0.9474018812179565,0.9011819362640381,1.001181960105896,0.9679883122444153,0.8679882884025574,0.8378416895866394,0.9378417134284973,3.237581729888916,2.437581777572632,0.4261567294597626,-0.3738432824611664,4.303022861480713,3.303022861480713,-0.2398347109556198,-1.2398346662521362,-2.633772850036621,-1.133772850036621,-2.6211650371551514,-1.1211650371551514,-2.6377196311950684,-1.1377196311950684,-1.4383522272109985,0.061647772789001465
upright,2.84,0,0.11485634744167328,72.8556137084961,3.37166166305542,1.187656283378601,0.0074807279743254185,0.04196837171912193,1,False,1.4691886901855469,0.0,False,0.09287680685520172,0.062462061643600464,0.10104971379041672,-0.08940228819847107,0.27819037437438965,-0.05132356286048889,-0.11798592656850815,0.046293482184410095,-0.2100493311882019,0.014251917600631714,0.13813187181949615,0.030809186398983,0.06897005438804626,0.026411250233650208,-0.19413551688194275,0.04337584599852562,1.0473982095718384,0.9473981857299805,0.9011543989181519,1.0011544227600098,0.9679664969444275,0.8679664731025696,0.8378474712371826,0.9378474950790405,3.237579584121704,2.43757963180542,0.42607223987579346,-0.3739277720451355,4.303018093109131,3.303018093109131,-0.239836186170578,-1.2398362159729004,-2.6337733268737793,-1.1337733268737793,-2.6211659908294678,-1.1211659908294678,-2.6377129554748535,-1.1377129554748535,-1.4383316040039062,0.06166839599609375
upright,2.86,0,0.1148570328950882,72.85545349121094,3.37288236618042,1.1876541376113892,0.007364627905189991,0.0443602092564106,1,False,1.469185471534729,0.0,False,0.09287624061107635,0.06246262416243553,0.10104934871196747,-0.08940259367227554,0.27818918228149414,-0.05132102966308594,-0.11798708140850067,0.0462937206029892,-0.21004995703697205,0.014255046844482422,0.1381319910287857,0.030810728669166565,0.06897073984146118,0.02640625834465027,-0.19413384795188904,0.04337317869067192,1.0473994016647339,0.947399377822876,0.9011622071266174,1.0011621713638306,0.9679482579231262,0.8679482340812683,0.8378357887268066,0.9378358125686646,3.2375705242156982,2.437570571899414,0.42609134316444397,-0.373908668756485,4.303012847900391,3.3030128479003906,-0.2398415356874466,-1.2398415803909302,-2.633772373199463,-1.133772373199463,-2.621164321899414,-1.121164321899414,-2.6377158164978027,-1.1377158164978027,-1.4383423328399658,0.06165766716003418
upright,2.88,0,0.11485740542411804,72.85520935058594,3.3736732006073,1.1876506805419922,0.007610979489982128,0.04386451467871666,1,False,1.4691818952560425,0.0,False,0.09287531673908234,0.062463272362947464,0.10104908049106598,-0.0894022285938263,0.27818694710731506,-0.05132266879081726,-0.11798591166734695,0.04629281163215637,-0.21005085110664368,0.014257967472076416,0.1381329745054245,0.03081206977367401,0.06897178292274475,0.02640990912914276,-0.19413596391677856,0.04337414354085922,1.0473968982696533,0.9473968744277954,0.9011600613594055,1.0011600255966187,0.9679247140884399,0.867924690246582,0.8378406167030334,0.9378406405448914,3.2375619411468506,2.4375619888305664,0.42609888315200806,-0.3739011287689209,4.303003311157227,3.3030033111572266,-0.23984414339065552,-1.2398440837860107,-2.6337687969207764,-1.1337687969207764,-2.621178388595581,-1.121178388595581,-2.6377134323120117,-1.1377134323120117,-1.4383220672607422,0.06167793273925781
upright,2.9,0,0.11485674232244492,72.85542297363281,3.372718095779419,1.1876537799835205,0.007591363973915577,0.04928367957472801,1,False,1.469183325767517,0.0,False,0.09287530183792114,0.06246243789792061,0.10104946792125702,-0.08940290659666061,0.27818572521209717,-0.051317691802978516,-0.11798857897520065,0.04629349708557129,-0.2100507616996765,0.014255881309509277,0.13813185691833496,0.03080999106168747,0.0689704418182373,0.02640502154827118,-0.19413340091705322,0.04337269067764282,1.0474008321762085,0.9474008083343506,0.9011752009391785,1.0011751651763916,0.9679450392723083,0.8679450154304504,0.8378332853317261,0.937833309173584,3.2375659942626953,2.437566041946411,0.4261312186717987,-0.37386879324913025,4.303006172180176,3.303006172180176,-0.23984061181545258,-1.2398406267166138,-2.63376784324646,-1.13376784324646,-2.6211705207824707,-1.1211705207824707,-2.6377177238464355,-1.1377177238464355,-1.438348650932312,0.06165134906768799
upright,2.92,0,0.11485613882541656,72.85590362548828,3.371129274368286,1.1876604557037354,0.00749867083504796,0.04550671949982643,1,False,1.4691903591156006,0.0,False,0.09287682175636292,0.06246147304773331,0.10104991495609283,-0.08940282464027405,0.2781844139099121,-0.051314592361450195,-0.11799048632383347,0.046293020248413086,-0.21004918217658997,0.0142497718334198,0.1381305307149887,0.030806951224803925,0.06896927952766418,0.02640722692012787,-0.19413326680660248,0.043374668806791306,1.047401785850525,0.947401762008667,0.9011818170547485,1.0011818408966064,0.9679876565933228,0.8679876327514648,0.8378414511680603,0.9378414750099182,3.237581729888916,2.437581777572632,0.4261571168899536,-0.37384289503097534,4.30302095413208,3.30302095413208,-0.23983435332775116,-1.2398343086242676,-2.6337730884552,-1.1337730884552002,-2.6211655139923096,-1.1211655139923096,-2.6377182006835938,-1.1377182006835938,-1.4383527040481567,0.06164729595184326
upright,2.94,0,0.1148562952876091,72.8555908203125,3.371652603149414,1.187656044960022,0.007476652041077614,0.04201703891158104,1,False,1.4691885709762573,0.0,False,0.09287680685520172,0.062461983412504196,0.1010497435927391,-0.0894022285938263,0.2781901955604553,-0.05132368206977844,-0.11798572540283203,0.046293437480926514,-0.21004939079284668,0.014251649379730225,0.1381319910287857,0.030809007585048676,0.06897015124559402,0.026411116123199463,-0.19413551688194275,0.04337572306394577,1.0473984479904175,0.9473984241485596,0.9011543393135071,1.0011543035507202,0.9679664373397827,0.8679664134979248,0.8378470540046692,0.9378470778465271,3.2375802993774414,2.4375803470611572,0.42607244849205017,-0.3739275634288788,4.303016662597656,3.3030166625976562,-0.23983673751354218,-1.2398366928100586,-2.6337733268737793,-1.1337733268737793,-2.621166944503784,-1.1211669445037842,-2.637711763381958,-1.137711763381958,-1.4383312463760376,0.0616687536239624
upright,2.96,0,0.1148570105433464,72.85546112060547,3.3728437423706055,1.1876542568206787,0.007378292735666037,0.04450890049338341,1,False,1.4691853523254395,0.0,False,0.09287633001804352,0.062462519854307175,0.10104941576719284,-0.0894026905298233,0.27818918228149414,-0.05132102966308594,-0.11798706650733948,0.04629373550415039,-0.21005003154277802,0.014254897832870483,0.1381320208311081,0.030810527503490448,0.06897084414958954,0.02640630304813385,-0.19413399696350098,0.04337314888834953,1.0473997592926025,0.9473997354507446,0.9011622667312622,1.0011622905731201,0.9679482579231262,0.8679482340812683,0.8378352522850037,0.9378352761268616,3.2375712394714355,2.4375712871551514,0.42609116435050964,-0.3739088475704193,4.303011894226074,3.303011894226074,-0.23984147608280182,-1.2398414611816406,-2.633772134780884,-1.1337721347808838,-2.621164083480835,-1.121164083480835,-2.6377153396606445,-1.1377153396606445,-1.4383422136306763,0.06165778636932373
upright,2.98,0,0.11485742032527924,72.85520935058594,3.3736612796783447,1.1876506805419922,0.007623668294399977,0.04391389712691307,1,False,1.4691818952560425,0.0,False,0.09287534654140472,0.06246339529752731,0.1010490357875824,-0.08940224349498749,0.27818697690963745,-0.051322758197784424,-0.11798589676618576,0.046292781829833984,-0.2100507766008377,0.014258265495300293,0.1381329745054245,0.030812464654445648,0.06897170096635818,0.026409879326820374,-0.19413599371910095,0.04337409883737564,1.0473967790603638,0.9473967552185059,0.9011600017547607,1.0011600255966187,0.9679229855537415,0.8679229617118835,0.8378403782844543,0.9378404021263123,3.2375612258911133,2.437561273574829,0.42609867453575134,-0.3739013373851776,4.303004264831543,3.303004264831543,-0.23984381556510925,-1.2398438453674316,-2.6337692737579346,-1.1337692737579346,-2.621178388595581,-1.121178388595581,-2.63771390914917,-1.13771390914917,-1.4383225440979004,0.06167745590209961
upright,3.0,0,0.11485675722360611,72.85543060302734,3.372650146484375,1.18765389919281,0.00760336359962821,0.04927011951804161,1,False,1.4691838026046753,0.0,False,0.09287551045417786,0.062462516129016876,0.10104939341545105,-0.08940292149782181,0.27818572521209717,-0.05131763219833374,-0.11798860877752304,0.04629351198673248,-0.2100505232810974,0.01425585150718689,0.13813188672065735,0.030810311436653137,0.0689706951379776,0.026405110955238342,-0.19413337111473083,0.04337277635931969,1.0474008321762085,0.9474008083343506,0.9011753797531128,1.0011754035949707,0.9679449796676636,0.8679449558258057,0.8378335237503052,0.9378335475921631,3.2375659942626953,2.437566041946411,0.42613106966018677,-0.3738689422607422,4.303008079528809,3.3030080795288086,-0.23984113335609436,-1.239841103553772,-2.6337690353393555,-1.1337690353393555,-2.6211700439453125,-1.1211700439453125,-2.6377177238464355,-1.1377177238464355,-1.4383476972579956,0.061652302742004395
upright,3.02,0,0.11485619097948074,72.85592651367188,3.3711607456207275,1.1876606941223145,0.007494065910577774,0.04555578902363777,1,False,1.4691904783248901,0.0,False,0.09287691116333008,0.06246163696050644,0.10104985535144806,-0.08940292149782181,0.27818453311920166,-0.051314473152160645,-0.11799053102731705,0.04629310965538025,-0.2100490927696228,0.014249980449676514,0.13813048601150513,0.030807174742221832,0.06896931678056717,0.0264071524143219,-0.1941332221031189,0.04337470605969429,1.047401785850525,0.947401762008667,0.9011825919151306,1.0011825561523438,0.9679874777793884,0.8679874539375305,0.8378416895866394,0.9378417134284973,3.2375805377960205,2.4375805854797363,0.42615729570388794,-0.373842716217041,4.3030219078063965,3.3030219078063965,-0.2398345172405243,-1.2398345470428467,-2.6337733268737793,-1.1337733268737793,-2.6211657524108887,-1.1211657524108887,-2.637718677520752,-1.137718677520752,-1.4383528232574463,0.06164717674255371
upright,3.04,0,0.11485634744167328,72.85564422607422,3.3716533184051514,1.1876567602157593,0.007475296966731548,0.042102646082639694,1,False,1.4691885709762573,0.0,False,0.09287677705287933,0.062462110072374344,0.10104971379041672,-0.08940223604440689,0.2781901955604553,-0.05132362246513367,-0.11798577010631561,0.04629358649253845,-0.2100493460893631,0.014251768589019775,0.1381320059299469,0.03080911934375763,0.0689699724316597,0.02641133964061737,-0.19413557648658752,0.043375879526138306,1.0473984479904175,0.9473984241485596,0.9011549353599548,1.001154899597168,0.9679663181304932,0.8679662942886353,0.8378475308418274,0.9378475546836853,3.237579107284546,2.4375791549682617,0.426072359085083,-0.37392765283584595,4.303017616271973,3.3030176162719727,-0.23983587324619293,-1.2398358583450317,-2.6337733268737793,-1.1337733268737793,-2.6211671829223633,-1.1211671829223633,-2.637712001800537,-1.137712001800537,-1.4383317232131958,0.0616682767868042
upright,3.06,0,0.11485699564218521,72.85543060302734,3.372889995574951,1.1876540184020996,0.007375518325716257,0.04438764974474907,1,False,1.4691853523254395,0.0,False,0.09287630021572113,0.06246257200837135,0.10104944556951523,-0.08940263837575912,0.27818936109542847,-0.051321178674697876,-0.11798712611198425,0.04629364609718323,-0.21005000174045563,0.014254838228225708,0.13813230395317078,0.030810825526714325,0.06897080689668655,0.02640606462955475,-0.1941339522600174,0.04337303340435028,1.0473995208740234,0.9473994970321655,0.9011618494987488,1.001161813735962,0.9679471850395203,0.8679471611976624,0.8378351330757141,0.937835156917572,3.2375712394714355,2.4375712871551514,0.4260912239551544,-0.37390878796577454,4.303012847900391,3.3030128479003906,-0.23984166979789734,-1.2398416996002197,-2.633772373199463,-1.133772373199463,-2.621164083480835,-1.121164083480835,-2.637714147567749,-1.137714147567749,-1.4383424520492554,0.06165754795074463
upright,3.08,0,0.11485742777585983,72.855224609375,3.37367582321167,1.1876509189605713,0.007628346793353558,0.043931905180215836,1,False,1.4691818952560425,0.0,False,0.09287533164024353,0.06246321275830269,0.10104911029338837,-0.08940231055021286,0.2781870365142822,-0.05132269859313965,-0.11798600852489471,0.04629284143447876,-0.21005085110664368,0.014257997274398804,0.13813301920890808,0.03081212192773819,0.06897164136171341,0.026410073041915894,-0.19413596391677856,0.04337427020072937,1.047397255897522,0.9473972320556641,0.9011602997779846,1.0011602640151978,0.9679245948791504,0.8679245710372925,0.8378411531448364,0.9378411769866943,3.2375621795654297,2.4375622272491455,0.42609867453575134,-0.3739013373851776,4.303003311157227,3.3030033111572266,-0.2398434728384018,-1.239843487739563,-2.6337690353393555,-1.1337690353393555,-2.621178150177002,-1.121178150177002,-2.6377134323120117,-1.1377134323120117,-1.4383225440979004,0.06167745590209961
upright,3.1,0,0.11485669761896133,72.8554458618164,3.3726608753204346,1.1876541376113892,0.007596875540912151,0.04908591881394386,1,False,1.469183325767517,0.0,False,0.09287530183792114,0.06246240437030792,0.10104948282241821,-0.0894029438495636,0.2781858444213867,-0.051317572593688965,-0.11798866838216782,0.046293482184410095,-0.21005074679851532,0.014255672693252563,0.13813190162181854,0.030809953808784485,0.06897049397230148,0.026405110955238342,-0.19413340091705322,0.043372783809900284,1.047400712966919,0.947400689125061,0.9011754989624023,1.0011755228042603,0.9679458737373352,0.8679458498954773,0.8378335237503052,0.9378335475921631,3.2375662326812744,2.4375662803649902,0.4261316955089569,-0.37386831641197205,4.303006172180176,3.303006172180176,-0.23984041810035706,-1.2398403882980347,-2.63376784324646,-1.13376784324646,-2.6211698055267334,-1.1211698055267334,-2.6377170085906982,-1.1377170085906982,-1.438348412513733,0.06165158748626709
upright,3.12,0,0.11485616117715836,72.8559341430664,3.3710851669311523,1.187660813331604,0.00748546002432704,0.0455256886780262,1,False,1.4691905975341797,0.0,False,0.09287667274475098,0.06246150657534599,0.10104987770318985,-0.08940280973911285,0.2781844437122345,-0.05131444334983826,-0.11799044162034988,0.046293094754219055,-0.21004900336265564,0.014249950647354126,0.138130322098732,0.03080708533525467,0.0689692497253418,0.026407375931739807,-0.19413334131240845,0.04337472468614578,1.0474015474319458,0.9474015235900879,0.9011819958686829,1.001181960105896,0.9679880738258362,0.8679880499839783,0.837841808795929,0.9378418326377869,3.237581253051758,2.4375813007354736,0.42615705728530884,-0.3738429546356201,4.3030219078063965,3.3030219078063965,-0.23983463644981384,-1.2398346662521362,-2.633772611618042,-1.133772611618042,-2.6211655139923096,-1.1211655139923096,-2.6377196311950684,-1.1377196311950684,-1.4383518695831299,0.06164813041687012
upright,3.14,0,0.11485635489225388,72.85565185546875,3.371628761291504,1.1876569986343384,0.007485229056328535,0.04205154627561569,1,False,1.4691890478134155,0.0,False,0.09287682175636292,0.06246206536889076,0.10104972869157791,-0.08940228819847107,0.2781902551651001,-0.05132359266281128,-0.11798570305109024,0.046293675899505615,-0.21004928648471832,0.014252036809921265,0.13813179731369019,0.030809342861175537,0.06897001713514328,0.026411384344100952,-0.19413554668426514,0.043375931680202484,1.0473984479904175,0.9473984241485596,0.9011552333831787,1.0011552572250366,0.9679664373397827,0.8679664134979248,0.8378476500511169,0.9378476738929749,3.237579345703125,2.437579393386841,0.4260717034339905,-0.3739283084869385,4.303018569946289,3.303018569946289,-0.2398361712694168,-1.2398362159729004,-2.6337733268737793,-1.1337733268737793,-2.621166944503784,-1.1211669445037842,-2.637713670730591,-1.1377136707305908,-1.4383317232131958,0.0616682767868042
upright,3.16,0,0.1148570328950882,72.85551452636719,3.3728246688842773,1.187654972076416,0.007378061767667532,0.04444421827793121,1,False,1.469185471534729,0.0,False,0.09287630021572113,0.06246260926127434,0.10104936361312866,-0.08940264582633972,0.27818921208381653,-0.051320940256118774,-0.1179870069026947,0.04629391431808472,-0.21004994213581085,0.014254897832870483,0.13813211023807526,0.030810736119747162,0.06897073239088058,0.02640645205974579,-0.1941339075565338,0.04337329417467117,1.047399640083313,0.9473996162414551,0.9011631011962891,1.001163125038147,0.9679486155509949,0.867948591709137,0.8378359079360962,0.9378359317779541,3.2375705242156982,2.437570571899414,0.4260912537574768,-0.37390875816345215,4.303013324737549,3.303013324737549,-0.23984088003635406,-1.2398408651351929,-2.633772373199463,-1.133772373199463,-2.621164321899414,-1.121164321899414,-2.6377153396606445,-1.1377153396606445,-1.438342809677124,0.06165719032287598
upright,3.18,0,0.11485739797353745,72.85520935058594,3.3735952377319336,1.1876506805419922,0.00761537067592144,0.04392010718584061,1,False,1.4691821336746216,0.0,False,0.09287522733211517,0.06246332824230194,0.10104912519454956,-0.0894021987915039,0.27818676829338074,-0.05132293701171875,-0.11798577755689621,0.04629279673099518,-0.2100508213043213,0.014258265495300293,0.13813281059265137,0.030812330543994904,0.06897170096635818,0.026409998536109924,-0.19413606822490692,0.04337410628795624,1.0473966598510742,0.9473966360092163,0.9011601209640503,1.0011601448059082,0.9679242372512817,0.8679242134094238,0.8378403186798096,0.9378403425216675,3.2375614643096924,2.437561511993408,0.426098495721817,-0.37390151619911194,4.303004264831543,3.303004264831543,-0.2398439347743988,-1.2398439645767212,-2.6337685585021973,-1.1337685585021973,-2.6211798191070557,-1.1211798191070557,-2.6377151012420654,-1.1377151012420654,-1.4383219480514526,0.06167805194854736
upright,3.2,0,0.11485674977302551,72.85542297363281,3.37270450592041,1.1876537799835205,0.007603752892464399,0.04920753091573715,1,False,1.469184160232544,0.0,False,0.09287557005882263,0.062462422996759415,0.10104940831661224,-0.0894029438495636,0.27818572521209717,-0.051317572593688965,-0.11798863857984543,0.04629358649253845,-0.21005043387413025,0.014255702495574951,0.1381317675113678,0.03081013262271881,0.06897058337926865,0.02640514075756073,-0.1941332221031189,0.04337289184331894,1.0474010705947876,0.9474010467529297,0.9011756777763367,1.0011756420135498,0.9679461717605591,0.8679461479187012,0.8378341197967529,0.9378341436386108,3.237567186355591,2.4375672340393066,0.4261316955089569,-0.37386831641197205,4.303008079528809,3.3030080795288086,-0.23984111845493317,-1.239841103553772,-2.6337687969207764,-1.1337687969207764,-2.6211700439453125,-1.1211700439453125,-2.6377182006835938,-1.1377182006835938,-1.4383480548858643,0.06165194511413574
upright,3.22,0,0.11485613882541656,72.85591125488281,3.3711040019989014,1.1876604557037354,0.0074802883900702,0.04561448469758034,1,False,1.4691904783248901,0.0,False,0.09287680685520172,0.062461525201797485,0.10104987770318985,-0.08940277993679047,0.27818426489830017,-0.051314592361450195,-0.11799035966396332,0.04629315435886383,-0.2100491225719452,0.014249980449676514,0.13813047111034393,0.030807219445705414,0.0689692422747612,0.026407256722450256,-0.19413328170776367,0.043374694883823395,1.0474016666412354,0.9474016427993774,0.9011826515197754,1.0011826753616333,0.9679874181747437,0.8679873943328857,0.8378413319587708,0.9378413558006287,3.237581253051758,2.4375813007354736,0.42615729570388794,-0.373842716217041,4.3030219078063965,3.3030219078063965,-0.23983420431613922,-1.239834189414978,-2.633772850036621,-1.133772850036621,-2.621166706085205,-1.121166706085205,-2.637718677520752,-1.137718677520752,-1.4383528232574463,0.06164717674255371
upright,3.24,0,0.1148562878370285,72.85559844970703,3.371633529663086,1.187656283378601,0.007488681934773922,0.042055342346429825,1,False,1.4691885709762573,0.0,False,0.09287698566913605,0.062462083995342255,0.10104972124099731,-0.0894022062420845,0.27819040417671204,-0.051323503255844116,-0.11798595637083054,0.04629339277744293,-0.21004948019981384,0.01425182819366455,0.1381319761276245,0.030809074640274048,0.06897017359733582,0.02641107141971588,-0.19413548707962036,0.043375737965106964,1.047398328781128,0.94739830493927,0.9011544585227966,1.0011544227600098,0.9679660797119141,0.8679660558700562,0.8378469347953796,0.9378469586372375,3.2375800609588623,2.437580108642578,0.4260725677013397,-0.37392744421958923,4.3030171394348145,3.3030171394348145,-0.23983658850193024,-1.239836573600769,-2.6337740421295166,-1.1337740421295166,-2.6211657524108887,-1.1211657524108887,-2.637712001800537,-1.137712001800537,-1.4383316040039062,0.06166839599609375
upright,3.2600000000000002,0,0.11485706269741058,72.85546112060547,3.37286114692688,1.1876543760299683,0.0073586683720350266,0.044526368379592896,1,False,1.46918523311615,0.0,False,0.09287628531455994,0.06246262416243553,0.10104937106370926,-0.08940258622169495,0.2781892418861389,-0.051321059465408325,-0.11798712611198425,0.046293601393699646,-0.21005001664161682,0.01425507664680481,0.13813215494155884,0.030810728669166565,0.06897075474262238,0.026406288146972656,-0.19413384795188904,0.04337330162525177,1.0473992824554443,0.9473992586135864,0.9011620283126831,1.001162052154541,0.9679474234580994,0.8679473996162415,0.8378356099128723,0.9378356337547302,3.2375707626342773,2.437570810317993,0.42609187960624695,-0.373908132314682,4.303012371063232,3.3030123710632324,-0.2398408055305481,-1.2398407459259033,-2.633772373199463,-1.133772373199463,-2.621164083480835,-1.121164083480835,-2.6377155780792236,-1.1377155780792236,-1.43834388256073,0.06165611743927002
upright,3.2800000000000002,0,0.11485736817121506,72.85523986816406,3.3736467361450195,1.1876511573791504,0.0076192403212189674,0.043801452964544296,1,False,1.4691822528839111,0.0,False,0.0928751528263092,0.06246320530772209,0.10104916244745255,-0.08940232545137405,0.2781870365142822,-0.05132278800010681,-0.11798594146966934,0.046292781829833984,-0.21005074679851532,0.01425790786743164,0.13813291490077972,0.030812285840511322,0.06897161155939102,0.026410222053527832,-0.19413599371910095,0.043374352157115936,1.0473971366882324,0.9473971128463745,0.9011600613594055,1.0011600255966187,0.9679258465766907,0.8679258227348328,0.8378413319587708,0.9378413558006287,3.2375617027282715,2.4375617504119873,0.4260987341403961,-0.37390127778053284,4.303005218505859,3.3030052185058594,-0.23984366655349731,-1.2398436069488525,-2.633768320083618,-1.1337683200836182,-2.621178388595581,-1.121178388595581,-2.637714385986328,-1.1377143859863281,-1.4383223056793213,0.06167769432067871
upright,3.3000000000000003,0,0.11485672742128372,72.85542297363281,3.3727426528930664,1.187653660774231,0.007592168636620045,0.049310002475976944,1,False,1.4691836833953857,0.0,False,0.0928753912448883,0.062462467700242996,0.10104943811893463,-0.089402936398983,0.27818563580513,-0.05131775140762329,-0.11798854917287827,0.04629349708557129,-0.21005064249038696,0.014256060123443604,0.13813188672065735,0.030810333788394928,0.06897063553333282,0.026404961943626404,-0.19413328170776367,0.043372757732868195,1.0474008321762085,0.9474008083343506,0.9011753797531128,1.0011754035949707,0.9679442048072815,0.8679441809654236,0.8378334641456604,0.9378334879875183,3.2375659942626953,2.437566041946411,0.4261314570903778,-0.37386855483055115,4.30300760269165,3.3030076026916504,-0.23984116315841675,-1.2398412227630615,-2.633768320083618,-1.1337683200836182,-2.62117075920105,-1.1211707592010498,-2.6377179622650146,-1.1377179622650146,-1.4383482933044434,0.06165170669555664
upright,3.3200000000000003,0,0.11485618352890015,72.8559341430664,3.3712055683135986,1.187660813331604,0.007492483127862215,0.045512836426496506,1,False,1.4691904783248901,0.0,False,0.09287677705287933,0.0624614916741848,0.10104990005493164,-0.08940289914608002,0.2781845033168793,-0.05131453275680542,-0.11799050122499466,0.04629300534725189,-0.210049107670784,0.014250129461288452,0.13813045620918274,0.030807331204414368,0.06896908581256866,0.02640719711780548,-0.19413340091705322,0.04337465018033981,1.0474019050598145,0.9474018812179565,0.9011819362640381,1.001181960105896,0.9679865837097168,0.8679865598678589,0.8378415107727051,0.937841534614563,3.237581491470337,2.4375815391540527,0.4261572062969208,-0.3738428056240082,4.303022384643555,3.3030223846435547,-0.23983384668827057,-1.2398338317871094,-2.6337730884552,-1.1337730884552002,-2.6211657524108887,-1.1211657524108887,-2.63771915435791,-1.1377191543579102,-1.4383530616760254,0.06164693832397461
upright,3.34,0,0.11485632508993149,72.85557556152344,3.371643304824829,1.1876558065414429,0.007488871458917856,0.04217253252863884,1,False,1.4691884517669678,0.0,False,0.09287688136100769,0.06246212497353554,0.10104968398809433,-0.0894022211432457,0.27819034457206726,-0.051323652267456055,-0.1179857924580574,0.0462934672832489,-0.21004948019981384,0.01425221562385559,0.13813193142414093,0.03080935776233673,0.06897023320198059,0.026411041617393494,-0.19413545727729797,0.04337567836046219,1.0473984479904175,0.9473984241485596,0.9011538624763489,1.001153826713562,0.967964231967926,0.8679642081260681,0.837846577167511,0.9378466010093689,3.237579345703125,2.437579393386841,0.4260716736316681,-0.37392833828926086,4.3030171394348145,3.3030171394348145,-0.23983703553676605,-1.2398370504379272,-2.6337738037109375,-1.1337738037109375,-2.621166467666626,-1.121166467666626,-2.6377127170562744,-1.1377127170562744,-1.4383312463760376,0.0616687536239624
upright,3.36,0,0.1148570105433464,72.85543823242188,3.3728442192077637,1.18765389919281,0.007375919725745916,0.04448910430073738,1,False,1.469185471534729,0.0,False,0.09287628531455994,0.06246250867843628,0.10104944556951523,-0.08940259367227554,0.2781893014907837,-0.051321059465408325,-0.11798709630966187,0.046293556690216064,-0.21004994213581085,0.014254957437515259,0.1381322145462036,0.03081086277961731,0.0689709261059761,0.026406124234199524,-0.19413375854492188,0.043373167514801025,1.0473994016647339,0.947399377822876,0.9011613726615906,1.0011613368988037,0.967947781085968,0.8679477572441101,0.8378352522850037,0.9378352761268616,3.2375714778900146,2.4375715255737305,0.42609137296676636,-0.3739086389541626,4.303013324737549,3.303013324737549,-0.23984183371067047,-1.2398418188095093,-2.633772373199463,-1.133772373199463,-2.621163845062256,-1.1211638450622559,-2.6377151012420654,-1.1377151012420654,-1.4383426904678345,0.06165730953216553
upright,3.38,0,0.11485742032527924,72.8552017211914,3.3736486434936523,1.1876505613327026,0.007632831577211618,0.04390958696603775,1,False,1.4691818952560425,0.0,False,0.09287524223327637,0.062463242560625076,0.10104911029338837,-0.08940233290195465,0.2781868875026703,-0.05132266879081726,-0.11798594146966934,0.04629269242286682,-0.21005073189735413,0.014258146286010742,0.13813289999961853,0.030812300741672516,0.06897155940532684,0.026410028338432312,-0.19413593411445618,0.043374206870794296,1.0473971366882324,0.9473971128463745,0.9011592268943787,1.0011591911315918,0.9679235816001892,0.8679235577583313,0.8378406763076782,0.9378407001495361,3.2375614643096924,2.437561511993408,0.4260987937450409,-0.37390121817588806,4.303004264831543,3.303004264831543,-0.23984356224536896,-1.2398436069488525,-2.6337690353393555,-1.1337690353393555,-2.621178150177002,-1.121178150177002,-2.637714385986328,-1.1377143859863281,-1.4383230209350586,0.061676979064941406
upright,3.4,0,0.1148567646741867,72.85542297363281,3.3727266788482666,1.1876537799835205,0.007602641824632883,0.049175702035427094,1,False,1.4691838026046753,0.0,False,0.0928753912448883,0.06246252357959747,0.10104941576719284,-0.08940295875072479,0.27818578481674194,-0.0513177216053009,-0.11798866093158722,0.046293407678604126,-0.21005043387413025,0.014256030321121216,0.13813184201717377,0.030810445547103882,0.06897064298391342,0.026404961943626404,-0.19413325190544128,0.0433727502822876,1.047400951385498,0.9474009275436401,0.9011750817298889,1.001175045967102,0.9679446816444397,0.8679446578025818,0.8378334641456604,0.9378334879875183,3.237565755844116,2.437565803527832,0.4261316657066345,-0.37386834621429443,4.303008556365967,3.303008556365967,-0.23984107375144958,-1.239841103553772,-2.633768081665039,-1.133768081665039,-2.6211702823638916,-1.1211702823638916,-2.637718439102173,-1.1377184391021729,-1.4383482933044434,0.06165170669555664
upright,3.42,0,0.11485613882541656,72.85592651367188,3.371089220046997,1.1876606941223145,0.00749116251245141,0.045529745519161224,1,False,1.4691908359527588,0.0,False,0.09287683665752411,0.06246154382824898,0.10104988515377045,-0.08940285444259644,0.27818453311920166,-0.051314473152160645,-0.11799056828022003,0.04629303514957428,-0.21004891395568848,0.01424989104270935,0.1381305307149887,0.030807487666606903,0.06896929442882538,0.0264071524143219,-0.19413331151008606,0.04337460920214653,1.0474016666412354,0.9474016427993774,0.9011820554733276,1.0011820793151855,0.9679877161979675,0.8679876923561096,0.8378411531448364,0.9378411769866943,3.237581491470337,2.4375815391540527,0.42615729570388794,-0.373842716217041,4.303023815155029,3.3030238151550293,-0.239834263920784,-1.2398343086242676,-2.633772850036621,-1.133772850036621,-2.6211652755737305,-1.1211652755737305,-2.637718677520752,-1.137718677520752,-1.4383528232574463,0.06164717674255371
upright,3.44,0,0.11485633254051208,72.8556137084961,3.371624708175659,1.1876564025878906,0.007482909131795168,0.042016420513391495,1,False,1.4691888093948364,0.0,False,0.09287689626216888,0.062462035566568375,0.10104973614215851,-0.08940228819847107,0.2781902253627777,-0.05132347345352173,-0.11798582226037979,0.04629352688789368,-0.2100491225719452,0.01425158977508545,0.1381320059299469,0.030809246003627777,0.06896995007991791,0.02641129493713379,-0.19413554668426514,0.04337584227323532,1.047398567199707,0.9473985433578491,0.9011548161506653,1.0011547803878784,0.9679668545722961,0.8679668307304382,0.8378471732139587,0.9378471970558167,3.2375802993774414,2.4375803470611572,0.4260725677013397,-0.37392744421958923,4.303018569946289,3.303018569946289,-0.23983611166477203,-1.2398360967636108,-2.6337738037109375,-1.1337738037109375,-2.621166467666626,-1.121166467666626,-2.637711763381958,-1.137711763381958,-1.4383317232131958,0.0616682767868042
upright,3.46,0,0.11485707759857178,72.85547637939453,3.372856616973877,1.1876546144485474,0.00737587409093976,0.044588353484869,1,False,1.469185471534729,0.0,False,0.09287625551223755,0.06246260553598404,0.10104938596487045,-0.08940257877111435,0.2781892418861389,-0.05132102966308594,-0.11798704415559769,0.04629391431808472,-0.21005000174045563,0.014255046844482422,0.1381320357322693,0.030810631811618805,0.06897071748971939,0.0264064222574234,-0.1941339075565338,0.04337330535054207,1.0473994016647339,0.947399377822876,0.90116286277771,1.0011628866195679,0.9679479598999023,0.8679479360580444,0.8378361463546753,0.9378361701965332,3.2375710010528564,2.4375710487365723,0.426090806722641,-0.37390920519828796,4.303012371063232,3.3030123710632324,-0.23984117805957794,-1.2398412227630615,-2.633772134780884,-1.1337721347808838,-2.621164560317993,-1.1211645603179932,-2.6377158164978027,-1.1377158164978027,-1.4383424520492554,0.06165754795074463
upright,3.48,0,0.11485740542411804,72.85526275634766,3.373608112335205,1.187651515007019,0.007629821076989174,0.04379197955131531,1,False,1.469182014465332,0.0,False,0.09287519752979279,0.0624631829559803,0.10104916989803314,-0.08940227329730988,0.27818697690963745,-0.0513225793838501,-0.11798597872257233,0.046292901039123535,-0.2100507915019989,0.014257997274398804,0.13813285529613495,0.030812039971351624,0.06897177547216415,0.026410222053527832,-0.1941360980272293,0.04337426275014877,1.0473968982696533,0.9473968744277954,0.9011608958244324,1.0011608600616455,0.9679256081581116,0.8679255843162537,0.8378409743309021,0.93784099817276,3.2375621795654297,2.4375622272491455,0.42609870433807373,-0.3739013075828552,4.303003787994385,3.3030037879943848,-0.23984380066394806,-1.2398438453674316,-2.633768320083618,-1.1337683200836182,-2.621178150177002,-1.121178150177002,-2.6377146244049072,-1.1377146244049072,-1.438321590423584,0.061678409576416016
upright,3.5,0,0.11485675722360611,72.85543823242188,3.3727357387542725,1.18765389919281,0.007600207347422838,0.049259718507528305,1,False,1.4691838026046753,0.0,False,0.09287530183792114,0.0624624639749527,0.10104938596487045,-0.08940297365188599,0.27818557620048523,-0.0513177216053009,-0.1179884821176529,0.046293631196022034,-0.21005059778690338,0.014255911111831665,0.138131782412529,0.030810177326202393,0.06897047162055969,0.026405155658721924,-0.19413331151008606,0.04337283968925476,1.0474010705947876,0.9474010467529297,0.9011759161949158,1.001175880432129,0.9679452180862427,0.8679451942443848,0.8378338813781738,0.9378339052200317,3.237565755844116,2.437565803527832,0.4261309802532196,-0.37386903166770935,4.30300760269165,3.3030076026916504,-0.23984098434448242,-1.2398409843444824,-2.633768320083618,-1.1337683200836182,-2.621171236038208,-1.121171236038208,-2.637718439102173,-1.1377184391021729,-1.4383480548858643,0.06165194511413574
upright,3.52,0,0.11485620588064194,72.85590362548828,3.3711774349212646,1.1876603364944458,0.007496220991015434,0.0455799326300621,1,False,1.4691905975341797,0.0,False,0.09287682175636292,0.06246153265237808,0.10104987770318985,-0.08940282464027405,0.27818435430526733,-0.051314592361450195,-0.11799035966396332,0.046293020248413086,-0.21004900336265564,0.014250040054321289,0.13813045620918274,0.030807286500930786,0.0689692273736,0.026407256722450256,-0.19413332641124725,0.04337465763092041,1.047401785850525,0.947401762008667,0.9011818766593933,1.0011818408966064,0.967987060546875,0.8679870367050171,0.8378414511680603,0.9378414750099182,3.237581253051758,2.4375813007354736,0.4261568784713745,-0.37384313344955444,4.303022384643555,3.3030223846435547,-0.23983444273471832,-1.2398344278335571,-2.633772850036621,-1.133772850036621,-2.621166229248047,-1.1211662292480469,-2.63771915435791,-1.1377191543579102,-1.4383522272109985,0.061647772789001465
upright,3.54,0,0.11485638469457626,72.85562896728516,3.3716635704040527,1.1876566410064697,0.007501624990254641,0.04208467900753021,1,False,1.4691888093948364,0.0,False,0.09287695586681366,0.062462128698825836,0.10104966908693314,-0.0894022285938263,0.2781904339790344,-0.05132335424423218,-0.11798585206270218,0.0462937206029892,-0.21004942059516907,0.014252036809921265,0.13813181221485138,0.030809305608272552,0.06897013634443283,0.026411354541778564,-0.19413547217845917,0.04337593913078308,1.0473984479904175,0.9473984241485596,0.9011549949645996,1.0011550188064575,0.9679661989212036,0.8679661750793457,0.8378477096557617,0.9378477334976196,3.237579822540283,2.437579870223999,0.42607155442237854,-0.3739284574985504,4.303018093109131,3.303018093109131,-0.23983658850193024,-1.239836573600769,-2.6337740421295166,-1.1337740421295166,-2.6211655139923096,-1.1211655139923096,-2.6377131938934326,-1.1377131938934326,-1.4383313655853271,0.06166863441467285
upright,3.56,0,0.114857017993927,72.8554916381836,3.3727989196777344,1.1876546144485474,0.0073690698482096195,0.044602714478969574,1,False,1.4691855907440186,0.0,False,0.09287625551223755,0.062462616711854935,0.10104935616254807,-0.08940257877111435,0.2781892418861389,-0.05132102966308594,-0.1179870218038559,0.04629381000995636,-0.21004992723464966,0.014255166053771973,0.13813196122646332,0.030810825526714325,0.0689706951379776,0.02640622854232788,-0.1941339373588562,0.04337310791015625,1.0473992824554443,0.9473992586135864,0.9011626243591309,1.0011626482009888,0.9679482579231262,0.8679482340812683,0.8378354907035828,0.9378355145454407,3.2375705242156982,2.437570571899414,0.4260912537574768,-0.37390875816345215,4.303013324737549,3.303013324737549,-0.23984135687351227,-1.239841341972351,-2.633772134780884,-1.1337721347808838,-2.621164321899414,-1.121164321899414,-2.63771653175354,-1.13771653175354,-1.438342571258545,0.06165742874145508
upright,3.58,0,0.11485739797353745,72.85523986816406,3.373652458190918,1.1876511573791504,0.007608335465192795,0.04379403218626976,1,False,1.4691824913024902,0.0,False,0.09287522733211517,0.06246330961585045,0.10104913264513016,-0.08940223604440689,0.27818700671195984,-0.051322758197784424,-0.11798586696386337,0.04629288613796234,-0.2100507616996765,0.01425817608833313,0.13813276588916779,0.03081241250038147,0.06897172331809998,0.026410162448883057,-0.1941360980272293,0.04337422922253609,1.0473968982696533,0.9473968744277954,0.901160478591919,1.0011605024337769,0.9679252505302429,0.867925226688385,0.8378410935401917,0.9378411173820496,3.2375617027282715,2.4375617504119873,0.4260982573032379,-0.37390175461769104,4.303005695343018,3.3030056953430176,-0.23984400928020477,-1.2398439645767212,-2.6337685585021973,-1.1337685585021973,-2.6211788654327393,-1.1211788654327393,-2.6377153396606445,-1.1377153396606445,-1.438321590423584,0.061678409576416016
upright,3.6,0,0.11485671252012253,72.85542297363281,3.372769355773926,1.1876537799835205,0.0075830500572919846,0.04917597025632858,1,False,1.4691836833953857,0.0,False,0.09287537634372711,0.06246243044734001,0.10104946792125702,-0.08940285444259644,0.27818557620048523,-0.05131766200065613,-0.11798857897520065,0.04629352688789368,-0.21005047857761383,0.01425597071647644,0.13813182711601257,0.030810244381427765,0.06897051632404327,0.02640502154827118,-0.19413325190544128,0.04337277263402939,1.0474005937576294,0.9474005699157715,0.901175320148468,1.0011752843856812,0.9679445624351501,0.8679445385932922,0.8378334045410156,0.9378334283828735,3.2375662326812744,2.4375662803649902,0.4261317253112793,-0.37386828660964966,4.30300760269165,3.3030076026916504,-0.23984071612358093,-1.2398407459259033,-2.63376784324646,-1.13376784324646,-2.62117075920105,-1.1211707592010498,-2.6377179622650146,-1.1377179622650146,-1.438348650932312,0.06165134906768799
upright,3.62,0,0.11485614627599716,72.85591888427734,3.371079683303833,1.1876606941223145,0.007492497097700834,0.04545258358120918,1,False,1.4691908359527588,0.0,False,0.09287683665752411,0.06246136873960495,0.10104995965957642,-0.08940283209085464,0.2781846225261688,-0.05131441354751587,-0.11799057573080063,0.04629307985305786,-0.2100491225719452,0.014249622821807861,0.1381305754184723,0.030807018280029297,0.06896943598985672,0.026407182216644287,-0.19413314759731293,0.04337470978498459,1.0474019050598145,0.9474018812179565,0.9011819362640381,1.001181960105896,0.9679884910583496,0.8679884672164917,0.8378417491912842,0.9378417730331421,3.2375831604003906,2.4375832080841064,0.4261568486690521,-0.37384316325187683,4.3030219078063965,3.3030219078063965,-0.23983514308929443,-1.2398351430892944,-2.6337730884552,-1.1337730884552002,-2.6211647987365723,-1.1211647987365723,-2.6377177238464355,-1.1377177238464355,-1.4383519887924194,0.061648011207580566
upright,3.64,0,0.11485632508993149,72.85562133789062,3.371652126312256,1.1876565217971802,0.007476455066353083,0.04204263910651207,1,False,1.4691886901855469,0.0,False,0.0928768664598465,0.06246204674243927,0.10104971379041672,-0.08940226584672928,0.2781901955604553,-0.05132362246513367,-0.11798571050167084,0.04629364609718323,-0.2100493311882019,0.014251619577407837,0.13813193142414093,0.03080892562866211,0.06897017359733582,0.026411384344100952,-0.19413553178310394,0.04337591677904129,1.047398567199707,0.9473985433578491,0.9011550545692444,1.0011550188064575,0.9679670333862305,0.8679670095443726,0.8378476500511169,0.9378476738929749,3.237579584121704,2.43757963180542,0.4260719120502472,-0.37392809987068176,4.3030171394348145,3.3030171394348145,-0.23983661830425262,-1.239836573600769,-2.6337733268737793,-1.1337733268737793,-2.6211674213409424,-1.1211674213409424,-2.637712001800537,-1.137712001800537,-1.438330888748169,0.061669111251831055
upright,3.66,0,0.1148570328950882,72.85545349121094,3.3728764057159424,1.1876541376113892,0.00736742140725255,0.044375885277986526,1,False,1.4691851139068604,0.0,False,0.09287625551223755,0.062462642788887024,0.10104935616254807,-0.08940263837575912,0.2781892418861389,-0.05132114887237549,-0.11798704415559769,0.046293675899505615,-0.21005010604858398,0.014254987239837646,0.13813208043575287,0.03081052005290985,0.0689706951379776,0.02640634775161743,-0.1941339075565338,0.0433732308447361,1.0473992824554443,0.9473992586135864,0.9011620283126831,1.001162052154541,0.9679475426673889,0.867947518825531,0.8378356099128723,0.9378356337547302,3.2375705242156982,2.437570571899414,0.42609119415283203,-0.3739088177680969,4.303011417388916,3.303011417388916,-0.2398412972688675,-1.239841341972351,-2.633772373199463,-1.133772373199463,-2.621164321899414,-1.121164321899414,-2.6377155780792236,-1.1377155780792236,-1.438342571258545,0.06165742874145508
upright,3.68,0,0.11485742777585983,72.855224609375,3.373614549636841,1.1876509189605713,0.00762828579172492,0.04394655302166939,1,False,1.4691816568374634,0.0,False,0.09287527203559875,0.062463317066431046,0.10104907304048538,-0.08940228819847107,0.2781870365142822,-0.05132266879081726,-0.11798600107431412,0.04629279673099518,-0.21005098521709442,0.014258146286010742,0.13813279569149017,0.03081192821264267,0.06897155195474625,0.02641010284423828,-0.1941361129283905,0.043374210596084595,1.0473970174789429,0.947396993637085,0.9011598229408264,1.0011597871780396,0.9679247736930847,0.8679247498512268,0.8378406167030334,0.9378406405448914,3.2375614643096924,2.437561511993408,0.42609867453575134,-0.3739013373851776,4.30300235748291,3.30300235748291,-0.2398432493209839,-1.2398432493209839,-2.6337687969207764,-1.1337687969207764,-2.621177911758423,-1.1211779117584229,-2.6377146244049072,-1.1377146244049072,-1.4383224248886108,0.06167757511138916
upright,3.7,0,0.11485670506954193,72.85542297363281,3.3726913928985596,1.187653660774231,0.007599987089633942,0.04915096238255501,1,False,1.4691836833953857,0.0,False,0.09287524223327637,0.062462419271469116,0.10104942321777344,-0.08940291404724121,0.2781856656074524,-0.0513174831867218,-0.11798865348100662,0.046293601393699646,-0.2100505232810974,0.014255762100219727,0.138131782412529,0.030810117721557617,0.06897071748971939,0.026405155658721924,-0.19413334131240845,0.04337279498577118,1.0474010705947876,0.9474010467529297,0.9011755585670471,1.0011755228042603,0.9679456949234009,0.867945671081543,0.8378335237503052,0.9378335475921631,3.237565517425537,2.437565565109253,0.4261314272880554,-0.37386858463287354,4.30300760269165,3.3030076026916504,-0.23984111845493317,-1.239841103553772,-2.63376784324646,-1.13376784324646,-2.6211698055267334,-1.1211698055267334,-2.6377182006835938,-1.1377182006835938,-1.438347578048706,0.061652421951293945
upright,3.72,0,0.11485616117715836,72.85591888427734,3.3711304664611816,1.187660574913025,0.0074904682114720345,0.04560723155736923,1,False,1.4691907167434692,0.0,False,0.09287674725055695,0.0624614953994751,0.10104992985725403,-0.08940280973911285,0.27818459272384644,-0.05131453275680542,-0.11799048632383347,0.04629315435886383,-0.21004906296730042,0.014250129461288452,0.13813041150569916,0.03080739825963974,0.06896936893463135,0.026407063007354736,-0.19413328170776367,0.04337460547685623,1.047401785850525,0.947401762008667,0.9011822938919067,1.0011823177337646,0.9679873585700989,0.867987334728241,0.8378411531448364,0.9378411769866943,3.237581729888916,2.437581777572632,0.4261567294597626,-0.3738432824611664,4.303022861480713,3.303022861480713,-0.23983433842658997,-1.2398343086242676,-2.633772611618042,-1.133772611618042,-2.6211657524108887,-1.1211657524108887,-2.6377196311950684,-1.1377196311950684,-1.4383529424667358,0.06164705753326416
upright,3.74,0,0.11485632508993149,72.85562133789062,3.371628999710083,1.1876565217971802,0.007475255988538265,0.042150113731622696,1,False,1.4691888093948364,0.0,False,0.09287691116333008,0.06246195361018181,0.10104980319738388,-0.08940228819847107,0.2781902253627777,-0.05132362246513367,-0.11798577755689621,0.04629354178905487,-0.21004939079284668,0.014251738786697388,0.13813181221485138,0.030808933079242706,0.06896993517875671,0.026411384344100952,-0.19413554668426514,0.04337596520781517,1.047398567199707,0.9473985433578491,0.9011548757553101,1.001154899597168,0.9679673910140991,0.8679673671722412,0.8378475904464722,0.9378476142883301,3.2375805377960205,2.4375805854797363,0.42607226967811584,-0.3739277422428131,4.303017616271973,3.3030176162719727,-0.239835724234581,-1.2398357391357422,-2.6337733268737793,-1.1337733268737793,-2.621166944503784,-1.1211669445037842,-2.6377129554748535,-1.1377129554748535,-1.4383323192596436,0.061667680740356445
upright,3.7600000000000002,0,0.1148570328950882,72.85549926757812,3.372870922088623,1.187654733657837,0.007377116475254297,0.04452768340706825,1,False,1.4691853523254395,0.0,False,0.0928763598203659,0.06246258318424225,0.10104938596487045,-0.08940267562866211,0.27818915247917175,-0.05132108926773071,-0.1179869994521141,0.04629385471343994,-0.2100500911474228,0.014255017042160034,0.13813194632530212,0.03081052005290985,0.0689707025885582,0.026406481862068176,-0.1941339522600174,0.04337335377931595,1.047399640083313,0.9473996162414551,0.9011628031730652,1.0011627674102783,0.9679485559463501,0.8679485321044922,0.8378362655639648,0.9378362894058228,3.2375707626342773,2.437570810317993,0.42609071731567383,-0.3739092946052551,4.303011894226074,3.303011894226074,-0.23984092473983765,-1.2398409843444824,-2.633772134780884,-1.1337721347808838,-2.6211647987365723,-1.1211647987365723,-2.637716054916382,-1.1377160549163818,-1.438342809677124,0.06165719032287598
upright,3.7800000000000002,0,0.11485742777585983,72.85523986816406,3.3735837936401367,1.1876510381698608,0.007625569589436054,0.04395635426044464,1,False,1.4691821336746216,0.0,False,0.09287531673908234,0.06246329843997955,0.10104906558990479,-0.0894022211432457,0.2781868577003479,-0.051322609186172485,-0.11798593401908875,0.04629300534725189,-0.2100507915019989,0.01425817608833313,0.13813285529613495,0.030812226235866547,0.06897155940532684,0.026410207152366638,-0.19413593411445618,0.04337435960769653,1.0473968982696533,0.9473968744277954,0.9011609554290771,1.001160979270935,0.9679245352745056,0.8679245114326477,0.837841272354126,0.9378412961959839,3.2375619411468506,2.4375619888305664,0.42609840631484985,-0.3739016056060791,4.303003787994385,3.3030037879943848,-0.23984333872795105,-1.2398433685302734,-2.6337690353393555,-1.1337690353393555,-2.621178388595581,-1.121178388595581,-2.6377148628234863,-1.1377148628234863,-1.4383224248886108,0.06167757511138916
upright,3.8000000000000003,0,0.11485674232244492,72.85546112060547,3.37262225151062,1.1876542568206787,0.007596559356898069,0.04926895722746849,1,False,1.4691840410232544,0.0,False,0.09287549555301666,0.06246243789792061,0.10104935616254807,-0.0894029438495636,0.27818554639816284,-0.05131760239601135,-0.11798854917287827,0.046293675899505615,-0.21005037426948547,0.014255553483963013,0.1381317377090454,0.030810050666332245,0.06897047907114029,0.02640533447265625,-0.19413334131240845,0.04337293654680252,1.047400951385498,0.9474009275436401,0.9011759757995605,1.0011759996414185,0.9679468870162964,0.8679468631744385,0.8378340601921082,0.9378340840339661,3.2375667095184326,2.4375667572021484,0.42613136768341064,-0.3738686442375183,4.303008079528809,3.3030080795288086,-0.2398405373096466,-1.2398405075073242,-2.6337687969207764,-1.1337687969207764,-2.62117075920105,-1.1211707592010498,-2.6377179622650146,-1.1377179622650146,-1.438348412513733,0.06165158748626709
upright,3.8200000000000003,0,0.11485620588064194,72.85595703125,3.371138572692871,1.1876611709594727,0.007489705923944712,0.045503076165914536,1,False,1.4691907167434692,0.0,False,0.0928766131401062,0.0624614842236042,0.10104988515377045,-0.08940286934375763,0.2781844139099121,-0.051314711570739746,-0.11799030005931854,0.046293213963508606,-0.2100490927696228,0.014250040054321289,0.1381303071975708,0.03080718219280243,0.06896919757127762,0.026407554745674133,-0.19413337111473083,0.0433749184012413,1.047402024269104,0.9474020004272461,0.9011824727058411,1.0011824369430542,0.9679887294769287,0.8679887056350708,0.8378423452377319,0.9378423690795898,3.2375805377960205,2.4375805854797363,0.4261564314365387,-0.37384358048439026,4.303022384643555,3.3030223846435547,-0.23983395099639893,-1.239833950996399,-2.633772373199463,-1.133772373199463,-2.621166944503784,-1.1211669445037842,-2.6377198696136475,-1.1377198696136475,-1.438352108001709,0.061647891998291016
upright,3.84,0,0.11485635489225388,72.8556137084961,3.3716232776641846,1.1876564025878906,0.007483945228159428,0.04210066795349121,1,False,1.4691888093948364,0.0,False,0.09287688136100769,0.06246202811598778,0.10104973614215851,-0.08940216898918152,0.2781902551651001,-0.05132359266281128,-0.11798577755689621,0.04629357159137726,-0.2100493609905243,0.01425182819366455,0.13813190162181854,0.030809149146080017,0.06896998733282089,0.0264112651348114,-0.19413551688194275,0.04337586462497711,1.047398328781128,0.94739830493927,0.9011546969413757,1.0011546611785889,0.9679663777351379,0.86796635389328,0.8378474712371826,0.9378474950790405,3.2375800609588623,2.437580108642578,0.42607182264328003,-0.3739281892776489,4.303017616271973,3.3030176162719727,-0.2398359775543213,-1.2398359775543213,-2.6337738037109375,-1.1337738037109375,-2.621166706085205,-1.121166706085205,-2.6377124786376953,-1.1377124786376953,-1.438331961631775,0.0616680383682251
upright,3.86,0,0.11485705524682999,72.85550689697266,3.37284255027771,1.1876548528671265,0.0073629142716526985,0.044551074504852295,1,False,1.46918523311615,0.0,False,0.09287625551223755,0.062462594360113144,0.10104937106370926,-0.08940255641937256,0.27818918228149414,-0.051321059465408325,-0.11798705160617828,0.04629381000995636,-0.2100500464439392,0.014254957437515259,0.1381319910287857,0.030810505151748657,0.06897077709436417,0.026406437158584595,-0.1941339671611786,0.04337327927350998,1.0473994016647339,0.947399377822876,0.9011628031730652,1.0011627674102783,0.9679485559463501,0.8679485321044922,0.8378357887268066,0.9378358125686646,3.2375707626342773,2.437570810317993,0.42609113454818726,-0.3739088773727417,4.303011894226074,3.303011894226074,-0.23984092473983765,-1.2398409843444824,-2.633772134780884,-1.1337721347808838,-2.621164321899414,-1.121164321899414,-2.6377158164978027,-1.1377158164978027,-1.438342809677124,0.06165719032287598
upright,3.88,0,0.11485740542411804,72.855224609375,3.373605966567993,1.1876509189605713,0.00761832483112812,0.04396156966686249,1,False,1.469182014465332,0.0,False,0.09287528693675995,0.06246330589056015,0.10104908049106598,-0.08940231055021286,0.2781868577003479,-0.051322877407073975,-0.11798588931560516,0.04629276692867279,-0.2100507616996765,0.014258056879043579,0.1381329596042633,0.030812285840511322,0.06897160410881042,0.026409953832626343,-0.19413593411445618,0.04337421432137489,1.0473970174789429,0.947396993637085,0.9011598825454712,1.001159906387329,0.9679245948791504,0.8679245710372925,0.8378404974937439,0.9378405213356018,3.2375617027282715,2.4375617504119873,0.42609846591949463,-0.3739015460014343,4.303004264831543,3.303004264831543,-0.23984350264072418,-1.239843487739563,-2.6337687969207764,-1.1337687969207764,-2.6211791038513184,-1.1211791038513184,-2.637714147567749,-1.137714147567749,-1.4383234977722168,0.0616765022277832
upright,3.9,0,0.11485672742128372,72.85542297363281,3.3726892471313477,1.1876537799835205,0.007596897426992655,0.049292512238025665,1,False,1.4691840410232544,0.0,False,0.0928754210472107,0.062462471425533295,0.10104941576719284,-0.08940291404724121,0.2781856954097748,-0.05131754279136658,-0.11798862367868423,0.046293631196022034,-0.21005040407180786,0.014255732297897339,0.13813172280788422,0.030810236930847168,0.06897051632404327,0.02640509605407715,-0.19413325190544128,0.04337278753519058,1.0474010705947876,0.9474010467529297,0.9011756181716919,1.0011756420135498,0.9679460525512695,0.8679460287094116,0.8378337025642395,0.9378337264060974,3.2375659942626953,2.437566041946411,0.4261314570903778,-0.37386855483055115,4.303008556365967,3.303008556365967,-0.2398412972688675,-1.239841341972351,-2.6337685585021973,-1.1337685585021973,-2.6211702823638916,-1.1211702823638916,-2.637718439102173,-1.1377184391021729,-1.4383479356765747,0.06165206432342529
upright,3.92,0,0.11485615372657776,72.85592651367188,3.371161460876465,1.187660574913025,0.007493798155337572,0.04552677646279335,1,False,1.4691905975341797,0.0,False,0.09287667274475098,0.06246154010295868,0.10104981064796448,-0.08940287679433823,0.2781842350959778,-0.051314473152160645,-0.11799037456512451,0.046293169260025024,-0.21004897356033325,0.014249831438064575,0.13813051581382751,0.03080722689628601,0.06896909326314926,0.026407167315483093,-0.19413314759731293,0.0433746799826622,1.0474021434783936,0.9474021196365356,0.9011824131011963,1.0011824369430542,0.9679874181747437,0.8679873943328857,0.8378415703773499,0.9378415942192078,3.2375810146331787,2.4375810623168945,0.42615750432014465,-0.3738425076007843,4.303022384643555,3.3030223846435547,-0.23983408510684967,-1.2398340702056885,-2.633772850036621,-1.133772850036621,-2.621166467666626,-1.121166467666626,-2.637718439102173,-1.1377184391021729,-1.438353419303894,0.06164658069610596
upright,3.94,0,0.1148562952876091,72.85564422607422,3.3716161251068115,1.1876568794250488,0.007474320475012064,0.04206620156764984,1,False,1.4691888093948364,0.0,False,0.09287679195404053,0.06246199831366539,0.10104972869157791,-0.08940226584672928,0.2781902253627777,-0.051323503255844116,-0.11798577010631561,0.04629366099834442,-0.2100493609905243,0.014251619577407837,0.13813184201717377,0.030808955430984497,0.06897002458572388,0.02641133964061737,-0.19413554668426514,0.043375901877880096,1.047398567199707,0.9473985433578491,0.9011552929878235,1.0011552572250366,0.9679678678512573,0.8679678440093994,0.8378478288650513,0.9378478527069092,3.237579584121704,2.43757963180542,0.426072359085083,-0.37392765283584595,4.303017616271973,3.3030176162719727,-0.23983649909496307,-1.2398364543914795,-2.6337730884552,-1.1337730884552002,-2.621166706085205,-1.121166706085205,-2.6377124786376953,-1.1377124786376953,-1.4383310079574585,0.061668992042541504
upright,3.96,0,0.1148570254445076,72.85545349121094,3.3728532791137695,1.1876541376113892,0.00736797833815217,0.044358644634485245,1,False,1.4691853523254395,0.0,False,0.09287627041339874,0.06246262416243553,0.10104936361312866,-0.08940260112285614,0.2781892418861389,-0.05132114887237549,-0.11798704415559769,0.046293750405311584,-0.2100500762462616,0.01425507664680481,0.13813212513923645,0.030810721218585968,0.06897071748971939,0.02640610933303833,-0.19413387775421143,0.04337308928370476,1.0473994016647339,0.947399377822876,0.9011621475219727,1.0011621713638306,0.9679479002952576,0.8679478764533997,0.837835431098938,0.9378354549407959,3.2375705242156982,2.437570571899414,0.4260908365249634,-0.3739091753959656,4.303012371063232,3.3030123710632324,-0.239841490983963,-1.2398414611816406,-2.633772373199463,-1.133772373199463,-2.621164321899414,-1.121164321899414,-2.6377153396606445,-1.1377153396606445,-1.4383424520492554,0.06165754795074463
upright,3.98,0,0.11485737562179565,72.85523986816406,3.37357759475708,1.1876511573791504,0.007625083439052105,0.04390162602066994,1,False,1.469182014465332,0.0,False,0.09287522733211517,0.06246326118707657,0.10104914754629135,-0.08940232545137405,0.27818697690963745,-0.05132269859313965,-0.11798592656850815,0.04629287123680115,-0.2100508064031601,0.014257967472076416,0.13813287019729614,0.03081200271844864,0.06897168606519699,0.026409998536109924,-0.19413593411445618,0.04337424412369728,1.0473971366882324,0.9473971128463745,0.9011604189872742,1.0011603832244873,0.9679256081581116,0.8679255843162537,0.8378411531448364,0.9378411769866943,3.2375614643096924,2.437561511993408,0.42609843611717224,-0.3739015758037567,4.303003787994385,3.3030037879943848,-0.2398436814546585,-1.239843726158142,-2.6337685585021973,-1.1337685585021973,-2.621178388595581,-1.121178388595581,-2.637714385986328,-1.1377143859863281,-1.4383224248886108,0.06167757511138916
upright,4.0,0,0.11485675722360611,72.85543060302734,3.372713804244995,1.18765389919281,0.0075989337638020515,0.04914890602231026,1,False,1.4691836833953857,0.0,False,0.0928753912448883,0.062462564557790756,0.10104937851428986,-0.08940291404724121,0.2781856060028076,-0.05131766200065613,-0.11798855662345886,0.04629361629486084,-0.21005062758922577,0.014255791902542114,0.13813184201717377,0.030810140073299408,0.06897053122520447,0.02640502154827118,-0.19413334131240845,0.04337276518344879,1.047400951385498,0.9474009275436401,0.9011756777763367,1.0011756420135498,0.9679451584815979,0.86794513463974,0.83783358335495,0.9378336071968079,3.237565755844116,2.437565803527832,0.4261314868927002,-0.37386852502822876,4.303007125854492,3.303007125854492,-0.2398408204317093,-1.2398408651351929,-2.6337685585021973,-1.1337685585021973,-2.62117075920105,-1.1211707592010498,-2.6377177238464355,-1.1377177238464355,-1.438348412513733,0.06165158748626709
upright,4.0200000000000005,0,0.11485613882541656,72.85591125488281,3.371161460876465,1.1876604557037354,0.007493522018194199,0.04558669030666351,1,False,1.4691903591156006,0.0,False,0.09287670254707336,0.062461480498313904,0.10104985535144806,-0.08940285444259644,0.2781843841075897,-0.05131456255912781,-0.11799044162034988,0.046293020248413086,-0.21004913747310638,0.014249950647354126,0.13813048601150513,0.030807048082351685,0.06896933913230896,0.026407256722450256,-0.19413326680660248,0.04337474703788757,1.0474019050598145,0.9474018812179565,0.9011818766593933,1.0011818408966064,0.967987596988678,0.8679875731468201,0.8378416299819946,0.9378416538238525,3.237581491470337,2.4375815391540527,0.4261569082736969,-0.37384310364723206,4.303021430969238,3.3030214309692383,-0.23983456194400787,-1.2398345470428467,-2.633772850036621,-1.133772850036621,-2.6211659908294678,-1.1211659908294678,-2.637718677520752,-1.137718677520752,-1.4383525848388672,0.06164741516113281
upright,4.04,0,0.11485633999109268,72.85562133789062,3.3715901374816895,1.1876565217971802,0.007486661896109581,0.042119741439819336,1,False,1.4691886901855469,0.0,False,0.09287679195404053,0.0624619796872139,0.1010497435927391,-0.08940225094556808,0.2781903147697449,-0.05132347345352173,-0.11798586696386337,0.046293601393699646,-0.2100493311882019,0.014251857995986938,0.13813187181949615,0.030809074640274048,0.06897003203630447,0.026411160826683044,-0.19413542747497559,0.043375831097364426,1.0473982095718384,0.9473981857299805,0.9011546969413757,1.0011546611785889,0.9679663181304932,0.8679662942886353,0.8378472328186035,0.9378472566604614,3.2375800609588623,2.437580108642578,0.4260718822479248,-0.37392812967300415,4.303017616271973,3.3030176162719727,-0.2398362010717392,-1.2398362159729004,-2.6337735652923584,-1.1337735652923584,-2.6211659908294678,-1.1211659908294678,-2.6377127170562744,-1.1377127170562744,-1.4383320808410645,0.06166791915893555
upright,4.0600000000000005,0,0.11485699564218521,72.85551452636719,3.3727409839630127,1.1876550912857056,0.00737425871193409,0.044570744037628174,1,False,1.4691855907440186,0.0,False,0.09287627041339874,0.06246249005198479,0.10104945302009583,-0.08940262347459793,0.2781893312931061,-0.051320940256118774,-0.11798712611198425,0.046293869614601135,-0.21005003154277802,0.014254868030548096,0.13813191652297974,0.030810512602329254,0.068970687687397,0.026406407356262207,-0.1941339373588562,0.04337335377931595,1.0473995208740234,0.9473994970321655,0.9011629223823547,1.0011628866195679,0.9679499268531799,0.867949903011322,0.8378360271453857,0.9378360509872437,3.2375717163085938,2.4375717639923096,0.4260912537574768,-0.37390875816345215,4.303012847900391,3.3030128479003906,-0.23984093964099884,-1.2398409843444824,-2.633772134780884,-1.1337721347808838,-2.621163845062256,-1.1211638450622559,-2.637716054916382,-1.1377160549163818,-1.4383430480957031,0.061656951904296875
upright,4.08,0,0.11485741287469864,72.85520935058594,3.3736915588378906,1.1876507997512817,0.007611208129674196,0.04392382875084877,1,False,1.469182014465332,0.0,False,0.0928751677274704,0.06246326491236687,0.10104908794164658,-0.08940232545137405,0.2781868875026703,-0.0513228178024292,-0.11798590421676636,0.04629284143447876,-0.21005073189735413,0.014258384704589844,0.13813278079032898,0.030812449753284454,0.06897144764661789,0.0264100581407547,-0.19413596391677856,0.043374259024858475,1.0473971366882324,0.9473971128463745,0.9011604189872742,1.0011603832244873,0.9679238200187683,0.8679237961769104,0.8378405570983887,0.9378405809402466,3.237560987472534,2.43756103515625,0.4260985255241394,-0.37390148639678955,4.303004741668701,3.303004741668701,-0.23984280228614807,-1.2398427724838257,-2.6337685585021973,-1.1337685585021973,-2.6211791038513184,-1.1211791038513184,-2.6377155780792236,-1.1377155780792236,-1.438323736190796,0.0616762638092041
upright,4.1,0,0.11485671997070312,72.85546112060547,3.372645616531372,1.1876543760299683,0.007593059912323952,0.049212727695703506,1,False,1.4691842794418335,0.0,False,0.09287559986114502,0.06246240809559822,0.10104941576719284,-0.08940300345420837,0.2781856954097748,-0.051317572593688965,-0.11798859387636185,0.046293675899505615,-0.21005043387413025,0.014255672693252563,0.13813172280788422,0.030810125172138214,0.06897048652172089,0.026405230164527893,-0.19413331151008606,0.04337291419506073,1.0474011898040771,0.9474011659622192,0.9011759757995605,1.0011759996414185,0.9679468274116516,0.8679468035697937,0.8378342390060425,0.9378342628479004,3.237567186355591,2.4375672340393066,0.4261316657066345,-0.37386834621429443,4.303008556365967,3.303008556365967,-0.23984093964099884,-1.2398409843444824,-2.6337687969207764,-1.1337687969207764,-2.6211705207824707,-1.1211705207824707,-2.637718439102173,-1.1377184391021729,-1.4383480548858643,0.06165194511413574
upright,4.12,0,0.11485619097948074,72.85591125488281,3.3711702823638916,1.1876604557037354,0.007502014748752117,0.04558628425002098,1,False,1.4691905975341797,0.0,False,0.09287670254707336,0.062461525201797485,0.10104990750551224,-0.08940279483795166,0.27818435430526733,-0.05131462216377258,-0.11799035966396332,0.04629312455654144,-0.21004898846149445,0.014250129461288452,0.13813047111034393,0.030807293951511383,0.06896933168172836,0.026407212018966675,-0.1941332221031189,0.04337470233440399,1.047401785850525,0.947401762008667,0.9011819362640381,1.001181960105896,0.9679868221282959,0.867986798286438,0.8378413319587708,0.9378413558006287,3.237581253051758,2.4375813007354736,0.4261567294597626,-0.3738432824611664,4.303022384643555,3.3030223846435547,-0.239834725856781,-1.2398347854614258,-2.633772611618042,-1.133772611618042,-2.621166229248047,-1.1211662292480469,-2.6377193927764893,-1.1377193927764893,-1.4383524656295776,0.06164753437042236
upright,4.14,0,0.11485637724399567,72.8556137084961,3.3716673851013184,1.187656283378601,0.007485596463084221,0.042061541229486465,1,False,1.4691886901855469,0.0,False,0.09287679195404053,0.062461987137794495,0.10104979574680328,-0.08940225094556808,0.2781902849674225,-0.05132356286048889,-0.1179858073592186,0.04629357159137726,-0.21004940569400787,0.014252007007598877,0.13813181221485138,0.030809178948402405,0.06897004693746567,0.026411116123199463,-0.1941353976726532,0.04337582737207413,1.0473982095718384,0.9473981857299805,0.901154637336731,1.0011546611785889,0.967965841293335,0.867965817451477,0.8378471732139587,0.9378471970558167,3.2375800609588623,2.437580108642578,0.4260721206665039,-0.37392789125442505,4.303017616271973,3.3030176162719727,-0.2398362159729004,-1.2398362159729004,-2.6337735652923584,-1.1337735652923584,-2.621166467666626,-1.121166467666626,-2.6377131938934326,-1.1377131938934326,-1.4383323192596436,0.061667680740356445
upright,4.16,0,0.1148570328950882,72.85546112060547,3.37286114692688,1.1876543760299683,0.007373263593763113,0.04440395534038544,1,False,1.4691853523254395,0.0,False,0.09287627041339874,0.062462639063596725,0.10104936361312866,-0.08940247446298599,0.2781893312931061,-0.05132114887237549,-0.11798704415559769,0.04629366099834442,-0.2100500464439392,0.014254987239837646,0.13813209533691406,0.03081071376800537,0.0689707100391388,0.026406124234199524,-0.19413387775421143,0.043373070657253265,1.0473991632461548,0.9473991394042969,0.9011619091033936,1.0011619329452515,0.9679476618766785,0.8679476380348206,0.8378352522850037,0.9378352761268616,3.2375710010528564,2.4375710487365723,0.4260912537574768,-0.37390875816345215,4.303012847900391,3.3030128479003906,-0.2398415058851242,-1.2398414611816406,-2.633772373199463,-1.133772373199463,-2.621164321899414,-1.121164321899414,-2.6377153396606445,-1.1377153396606445,-1.4383424520492554,0.06165754795074463
upright,4.18,0,0.11485738307237625,72.8552017211914,3.373631238937378,1.1876505613327026,0.007627381011843681,0.04385938122868538,1,False,1.469182014465332,0.0,False,0.09287527203559875,0.06246322765946388,0.10104911774396896,-0.08940236270427704,0.27818697690963745,-0.05132269859313965,-0.11798591911792755,0.04629281163215637,-0.21005074679851532,0.014257937669754028,0.1381329745054245,0.030812233686447144,0.06897177547216415,0.026410028338432312,-0.19413594901561737,0.043374203145504,1.0473970174789429,0.947396993637085,0.9011598229408264,1.0011597871780396,0.9679245948791504,0.8679245710372925,0.8378409743309021,0.93784099817276,3.2375619411468506,2.4375619888305664,0.42609870433807373,-0.3739013075828552,4.303004264831543,3.303004264831543,-0.2398442178964615,-1.2398442029953003,-2.6337690353393555,-1.1337690353393555,-2.621178388595581,-1.121178388595581,-2.6377134323120117,-1.1377134323120117,-1.438321828842163,0.061678171157836914
upright,4.2,0,0.11485670506954193,72.85539245605469,3.3727264404296875,1.1876531839370728,0.007602526340633631,0.0491442009806633,1,False,1.4691834449768066,0.0,False,0.09287533164024353,0.06246243044734001,0.10104942321777344,-0.08940300345420837,0.27818572521209717,-0.051317572593688965,-0.11798864603042603,0.0462934672832489,-0.210050567984581,0.014255762100219727,0.13813196122646332,0.030810177326202393,0.06897059082984924,0.026405006647109985,-0.1941332221031189,0.04337277263402939,1.0474008321762085,0.9474008083343506,0.9011748433113098,1.001174807548523,0.9679442048072815,0.8679441809654236,0.8378334045410156,0.9378334283828735,3.237565755844116,2.437565803527832,0.4261316955089569,-0.37386831641197205,4.303007125854492,3.303007125854492,-0.23984123766422272,-1.2398412227630615,-2.633768081665039,-1.133768081665039,-2.6211695671081543,-1.1211695671081543,-2.6377170085906982,-1.1377170085906982,-1.4383482933044434,0.06165170669555664
upright,4.22,0,0.11485616862773895,72.85591125488281,3.3711535930633545,1.187660574913025,0.0074844383634626865,0.04546027258038521,1,False,1.4691903591156006,0.0,False,0.09287680685520172,0.062461525201797485,0.10104987025260925,-0.08940279483795166,0.2781844735145569,-0.051314473152160645,-0.11799053847789764,0.046292975544929504,-0.2100491225719452,0.014249831438064575,0.1381305605173111,0.03080703318119049,0.06896928697824478,0.026407241821289062,-0.19413328170776367,0.0433746874332428,1.0474016666412354,0.9474016427993774,0.9011818766593933,1.0011818408966064,0.9679872393608093,0.8679872155189514,0.8378413915634155,0.9378414154052734,3.237581253051758,2.4375813007354736,0.4261573255062103,-0.37384268641471863,4.303021430969238,3.3030214309692383,-0.23983439803123474,-1.2398344278335571,-2.633772850036621,-1.133772850036621,-2.6211652755737305,-1.1211652755737305,-2.6377182006835938,-1.1377182006835938,-1.4383524656295776,0.06164753437042236
upright,4.24,0,0.11485633999109268,72.85564422607422,3.3715898990631104,1.1876567602157593,0.007486518006771803,0.042147185653448105,1,False,1.4691885709762573,0.0,False,0.09287674725055695,0.06246205046772957,0.10104972124099731,-0.08940230309963226,0.2781901955604553,-0.05132359266281128,-0.11798575520515442,0.04629366099834442,-0.21004943549633026,0.014251768589019775,0.13813191652297974,0.03080899268388748,0.06897006928920746,0.026411309838294983,-0.19413551688194275,0.0433758869767189,1.0473984479904175,0.9473984241485596,0.9011551141738892,1.001155138015747,0.9679664373397827,0.8679664134979248,0.8378474712371826,0.9378474950790405,3.237579584121704,2.43757963180542,0.42607182264328003,-0.3739281892776489,4.303016662597656,3.3030166625976562,-0.2398362159729004,-1.2398362159729004,-2.6337735652923584,-1.1337735652923584,-2.6211671829223633,-1.1211671829223633,-2.637712001800537,-1.137712001800537,-1.4383316040039062,0.06166839599609375
upright,4.26,0,0.11485704034566879,72.85546112060547,3.3728532791137695,1.1876542568206787,0.00736801465973258,0.04438118264079094,1,False,1.4691855907440186,0.0,False,0.09287621080875397,0.06246262788772583,0.10104934126138687,-0.08940255641937256,0.27818921208381653,-0.05132091045379639,-0.11798706650733948,0.04629383981227875,-0.2100498229265213,0.014254957437515259,0.1381320208311081,0.030810877680778503,0.06897072494029999,0.02640634775161743,-0.19413386285305023,0.043373215943574905,1.0473992824554443,0.9473992586135864,0.9011625051498413,1.0011625289916992,0.9679481387138367,0.8679481148719788,0.8378358483314514,0.9378358721733093,3.2375707626342773,2.437570810317993,0.4260912835597992,-0.37390872836112976,4.303013801574707,3.303013801574707,-0.23984137177467346,-1.239841341972351,-2.633772373199463,-1.133772373199463,-2.621164083480835,-1.121164083480835,-2.6377158164978027,-1.1377158164978027,-1.4383423328399658,0.06165766716003418
upright,4.28,0,0.11485736072063446,72.85520935058594,3.3736448287963867,1.1876507997512817,0.007618652656674385,0.04389822855591774,1,False,1.469182014465332,0.0,False,0.09287518262863159,0.06246317923069,0.10104916244745255,-0.08940237760543823,0.27818697690963745,-0.0513228178024292,-0.11798589676618576,0.046292707324028015,-0.21005068719387054,0.014257848262786865,0.13813301920890808,0.03081239014863968,0.06897155195474625,0.026409819722175598,-0.1941358596086502,0.0433741956949234,1.047397255897522,0.9473972320556641,0.9011597037315369,1.00115966796875,0.9679245352745056,0.8679245114326477,0.837840735912323,0.9378407597541809,3.2375619411468506,2.4375619888305664,0.42609864473342896,-0.3739013671875,4.303004741668701,3.303004741668701,-0.2398434728384018,-1.239843487739563,-2.633768320083618,-1.1337683200836182,-2.6211788654327393,-1.1211788654327393,-2.6377131938934326,-1.1377131938934326,-1.438323736190796,0.0616762638092041
upright,4.3,0,0.11485664546489716,72.85542297363281,3.3726658821105957,1.1876537799835205,0.007587411440908909,0.049052514135837555,1,False,1.4691836833953857,0.0,False,0.0928753912448883,0.06246237829327583,0.10104941576719284,-0.08940291404724121,0.2781856060028076,-0.05131760239601135,-0.11798863112926483,0.04629351198673248,-0.21005049347877502,0.014255434274673462,0.13813194632530212,0.030809976160526276,0.06897053122520447,0.026405230164527893,-0.19413337111473083,0.04337281361222267,1.047400951385498,0.9474009275436401,0.9011754393577576,1.0011754035949707,0.9679461121559143,0.8679460883140564,0.8378337025642395,0.9378337264060974,3.2375667095184326,2.4375667572021484,0.4261320233345032,-0.3738679885864258,4.303007125854492,3.303007125854492,-0.2398412972688675,-1.239841341972351,-2.633768320083618,-1.1337683200836182,-2.6211705207824707,-1.1211705207824707,-2.63771653175354,-1.13771653175354,-1.4383472204208374,0.0616527795791626
upright,4.32,0,0.11485619097948074,72.85591125488281,3.3712081909179688,1.187660574913025,0.007497486658394337,0.04552993178367615,1,False,1.4691903591156006,0.0,False,0.09287673234939575,0.06246152147650719,0.10104984790086746,-0.08940283954143524,0.2781844735145569,-0.051314741373062134,-0.11799034476280212,0.04629296064376831,-0.21004915237426758,0.01425015926361084,0.1381305754184723,0.030807167291641235,0.06896935403347015,0.02640722692012787,-0.19413325190544128,0.0433746799826622,1.0474019050598145,0.9474018812179565,0.9011815190315247,1.0011814832687378,0.9679858684539795,0.8679858446121216,0.8378414511680603,0.9378414750099182,3.237581491470337,2.4375815391540527,0.4261561930179596,-0.37384381890296936,4.30302095413208,3.30302095413208,-0.2398347407579422,-1.2398347854614258,-2.6337730884552,-1.1337730884552002,-2.621166467666626,-1.121166467666626,-2.637718915939331,-1.137718915939331,-1.4383522272109985,0.061647772789001465
upright,4.34,0,0.11485633999109268,72.8556137084961,3.371638298034668,1.187656283378601,0.007482416462153196,0.04197344183921814,1,False,1.4691884517669678,0.0,False,0.09287683665752411,0.06246206909418106,0.10104969888925552,-0.0894021987915039,0.2781901955604553,-0.05132356286048889,-0.117985799908638,0.04629357159137726,-0.21004948019981384,0.014251768589019775,0.1381319761276245,0.03080882877111435,0.06897011399269104,0.026411205530166626,-0.19413551688194275,0.04337579011917114,1.047398328781128,0.94739830493927,0.9011545777320862,1.0011545419692993,0.9679663181304932,0.8679662942886353,0.8378470540046692,0.9378470778465271,3.2375802993774414,2.4375803470611572,0.42607253789901733,-0.3739274740219116,4.303016185760498,3.303016185760498,-0.23983629047870636,-1.23983633518219,-2.6337738037109375,-1.1337738037109375,-2.621166706085205,-1.121166706085205,-2.637712001800537,-1.137712001800537,-1.4383316040039062,0.06166839599609375
upright,4.36,0,0.11485704034566879,72.85545349121094,3.37288236618042,1.1876541376113892,0.0073784226551651955,0.04441006854176521,1,False,1.469185471534729,0.0,False,0.09287641942501068,0.062462691217660904,0.10104934126138687,-0.08940256386995316,0.27818912267684937,-0.051321178674697876,-0.11798698455095291,0.046293705701828,-0.2100500613451004,0.014255106449127197,0.1381320208311081,0.03081071376800537,0.06897088140249252,0.026406332850456238,-0.19413402676582336,0.043373167514801025,1.0473994016647339,0.947399377822876,0.9011620879173279,1.001162052154541,0.9679477214813232,0.8679476976394653,0.8378353118896484,0.9378353357315063,3.2375710010528564,2.4375710487365723,0.4260912835597992,-0.37390872836112976,4.303012371063232,3.3030123710632324,-0.23984168469905853,-1.2398416996002197,-2.633772850036621,-1.133772850036621,-2.6211652755737305,-1.1211652755737305,-2.6377158164978027,-1.1377158164978027,-1.4383420944213867,0.06165790557861328
upright,4.38,0,0.11485739052295685,72.8552474975586,3.373610496520996,1.18765127658844,0.007625543046742678,0.04390918090939522,1,False,1.469182014465332,0.0,False,0.0928753912448883,0.062463246285915375,0.10104911774396896,-0.08940237760543823,0.27818697690963745,-0.05132278800010681,-0.11798591911792755,0.04629284143447876,-0.21005098521709442,0.014257997274398804,0.13813291490077972,0.030812136828899384,0.0689716786146164,0.026410073041915894,-0.19413596391677856,0.04337427765130997,1.0473971366882324,0.9473971128463745,0.9011605381965637,1.0011605024337769,0.9679254293441772,0.8679254055023193,0.8378413915634155,0.9378414154052734,3.2375621795654297,2.4375622272491455,0.4260985255241394,-0.37390148639678955,4.303003311157227,3.3030033111572266,-0.23984374105930328,-1.239843726158142,-2.6337692737579346,-1.1337692737579346,-2.62117862701416,-1.1211786270141602,-2.63771390914917,-1.13771390914917,-1.4383221864700317,0.06167781352996826
upright,4.4,0,0.1148567646741867,72.8554458618164,3.372699022293091,1.1876541376113892,0.007588330656290054,0.049276553094387054,1,False,1.4691840410232544,0.0,False,0.09287557005882263,0.06246247887611389,0.10104940086603165,-0.08940300345420837,0.27818563580513,-0.0513177216053009,-0.11798857897520065,0.04629358649253845,-0.2100505232810974,0.014255791902542114,0.13813179731369019,0.030810192227363586,0.06897047907114029,0.02640514075756073,-0.19413334131240845,0.04337281733751297,1.0474011898040771,0.9474011659622192,0.9011759161949158,1.001175880432129,0.9679456949234009,0.867945671081543,0.8378339409828186,0.9378339648246765,3.2375659942626953,2.437566041946411,0.42613115906715393,-0.373868852853775,4.303008079528809,3.3030080795288086,-0.23984090983867645,-1.2398408651351929,-2.6337687969207764,-1.1337687969207764,-2.62117075920105,-1.1211707592010498,-2.6377182006835938,-1.1377182006835938,-1.4383480548858643,0.06165194511413574
upright,4.42,0,0.11485615372657776,72.85591888427734,3.371145725250244,1.1876606941223145,0.007493062876164913,0.04550841823220253,1,False,1.4691903591156006,0.0,False,0.09287667274475098,0.06246143952012062,0.10104992985725403,-0.08940292149782181,0.27818456292152405,-0.05131456255912781,-0.11799050122499466,0.04629306495189667,-0.2100491225719452,0.014249801635742188,0.13813063502311707,0.03080715239048004,0.06896926462650299,0.02640722692012787,-0.19413331151008606,0.0433746874332428,1.0474019050598145,0.9474018812179565,0.9011821150779724,1.0011820793151855,0.9679875373840332,0.8679875135421753,0.8378414511680603,0.9378414750099182,3.237581491470337,2.4375815391540527,0.4261569380760193,-0.37384307384490967,4.3030219078063965,3.3030219078063965,-0.23983436822891235,-1.2398343086242676,-2.633772611618042,-1.133772611618042,-2.6211657524108887,-1.1211657524108887,-2.6377177238464355,-1.1377177238464355,-1.4383524656295776,0.06164753437042236
upright,4.44,0,0.11485636234283447,72.85562896728516,3.371656894683838,1.1876566410064697,0.007486862130463123,0.042124588042497635,1,False,1.4691885709762573,0.0,False,0.09287679195404053,0.062462057918310165,0.10104972124099731,-0.08940223604440689,0.2781902253627777,-0.05132362246513367,-0.1179857924580574,0.04629358649253845,-0.21004951000213623,0.014251768589019775,0.1381320357322693,0.030809082090854645,0.06896993517875671,0.026411205530166626,-0.19413551688194275,0.04337586089968681,1.0473984479904175,0.9473984241485596,0.9011548161506653,1.0011547803878784,0.9679661393165588,0.8679661154747009,0.8378473520278931,0.937847375869751,3.237579584121704,2.43757963180542,0.42607206106185913,-0.3739279508590698,4.3030171394348145,3.3030171394348145,-0.23983614146709442,-1.2398360967636108,-2.6337733268737793,-1.1337733268737793,-2.621166706085205,-1.121166706085205,-2.637711763381958,-1.137711763381958,-1.438331961631775,0.0616680383682251
upright,4.46,0,0.11485705524682999,72.85545349121094,3.3728442192077637,1.1876541376113892,0.007368946447968483,0.04429403319954872,1,False,1.4691851139068604,0.0,False,0.0928763598203659,0.062462568283081055,0.10104939341545105,-0.08940255641937256,0.2781893014907837,-0.05132097005844116,-0.11798711121082306,0.046293675899505615,-0.21005000174045563,0.01425507664680481,0.13813209533691406,0.03081054985523224,0.06897062808275223,0.02640622854232788,-0.1941339075565338,0.04337310791015625,1.0473992824554443,0.9473992586135864,0.9011617302894592,1.0011616945266724,0.9679470062255859,0.867946982383728,0.8378353714942932,0.9378353953361511,3.2375714778900146,2.4375715255737305,0.4260915517807007,-0.37390846014022827,4.303011417388916,3.303011417388916,-0.23984135687351227,-1.239841341972351,-2.633772611618042,-1.133772611618042,-2.621163845062256,-1.1211638450622559,-2.6377153396606445,-1.1377153396606445,-1.4383424520492554,0.06165754795074463
upright,4.48,0,0.11485741287469864,72.855224609375,3.3736579418182373,1.1876509189605713,0.007623756304383278,0.043952926993370056,1,False,1.469181776046753,0.0,False,0.09287530183792114,0.06246332451701164,0.10104909539222717,-0.08940224349498749,0.27818694710731506,-0.0513228178024292,-0.11798588931560516,0.046292707324028015,-0.21005085110664368,0.014258056879043579,0.1381329745054245,0.030812151730060577,0.06897164136171341,0.02640993893146515,-0.19413599371910095,0.04337416589260101,1.0473968982696533,0.9473968744277954,0.9011597633361816,1.0011597871780396,0.9679238200187683,0.8679237961769104,0.8378406763076782,0.9378407001495361,3.2375617027282715,2.4375617504119873,0.4260987341403961,-0.37390127778053284,4.303002834320068,3.3030028343200684,-0.23984375596046448,-1.239843726158142,-2.6337690353393555,-1.1337690353393555,-2.6211788654327393,-1.1211788654327393,-2.6377134323120117,-1.1377134323120117,-1.4383225440979004,0.06167745590209961
upright,4.5,0,0.11485675722360611,72.85542297363281,3.372720241546631,1.187653660774231,0.007600747514516115,0.0490921288728714,1,False,1.4691838026046753,0.0,False,0.09287549555301666,0.06246255338191986,0.10104937106370926,-0.08940297365188599,0.2781856656074524,-0.051317572593688965,-0.11798864603042603,0.04629349708557129,-0.21005064249038696,0.014256060123443604,0.13813179731369019,0.030810236930847168,0.06897047907114029,0.02640509605407715,-0.19413337111473083,0.043372742831707,1.047400951385498,0.9474009275436401,0.9011752009391785,1.0011751651763916,0.9679452776908875,0.8679452538490295,0.83783358335495,0.9378336071968079,3.2375659942626953,2.437566041946411,0.42613184452056885,-0.3738681674003601,4.30300760269165,3.3030076026916504,-0.2398408055305481,-1.2398407459259033,-2.6337687969207764,-1.1337687969207764,-2.6211702823638916,-1.1211702823638916,-2.637718677520752,-1.137718677520752,-1.4383481740951538,0.06165182590484619
upright,4.5200000000000005,0,0.11485616862773895,72.85591888427734,3.371105909347534,1.1876606941223145,0.0075015658512711525,0.04555651172995567,1,False,1.4691905975341797,0.0,False,0.09287688136100769,0.06246156990528107,0.10104987025260925,-0.08940281718969345,0.27818453311920166,-0.05131444334983826,-0.11799053847789764,0.04629315435886383,-0.21004903316497803,0.01424989104270935,0.13813048601150513,0.03080718219280243,0.06896935403347015,0.026407256722450256,-0.1941332221031189,0.0433746762573719,1.047401785850525,0.947401762008667,0.9011826515197754,1.0011826753616333,0.9679876565933228,0.8679876327514648,0.8378414511680603,0.9378414750099182,3.237581491470337,2.4375815391540527,0.42615702748298645,-0.3738429844379425,4.303022384643555,3.3030223846435547,-0.239834725856781,-1.2398347854614258,-2.6337735652923584,-1.1337735652923584,-2.6211652755737305,-1.1211652755737305,-2.637718677520752,-1.137718677520752,-1.4383522272109985,0.061647772789001465
upright,4.54,0,0.11485633254051208,72.85562896728516,3.3716273307800293,1.1876566410064697,0.007473811507225037,0.041966672986745834,1,False,1.4691888093948364,0.0,False,0.09287679195404053,0.06246202439069748,0.1010497659444809,-0.08940223604440689,0.2781902849674225,-0.05132347345352173,-0.11798585206270218,0.04629369080066681,-0.2100493460893631,0.01425158977508545,0.13813193142414093,0.03080899268388748,0.06897002458572388,0.02641141414642334,-0.1941356062889099,0.043375879526138306,1.047398328781128,0.94739830493927,0.9011553525924683,1.0011553764343262,0.9679674506187439,0.867967426776886,0.8378478288650513,0.9378478527069092,3.237579822540283,2.437579870223999,0.4260725975036621,-0.37392741441726685,4.303017616271973,3.3030176162719727,-0.23983636498451233,-1.23983633518219,-2.6337730884552,-1.1337730884552002,-2.621166706085205,-1.121166706085205,-2.637712240219116,-1.1377122402191162,-1.438330888748169,0.061669111251831055
upright,4.5600000000000005,0,0.11485698074102402,72.8554458618164,3.3728346824645996,1.1876540184020996,0.007365748286247253,0.04441088065505028,1,False,1.4691853523254395,0.0,False,0.09287625551223755,0.062462564557790756,0.10104939341545105,-0.08940252661705017,0.2781890630722046,-0.05132126808166504,-0.11798686534166336,0.04629376530647278,-0.21005001664161682,0.01425468921661377,0.13813219964504242,0.03081052005290985,0.06897084414958954,0.02640625834465027,-0.19413399696350098,0.043373145163059235,1.0473994016647339,0.947399377822876,0.901162326335907,1.0011622905731201,0.9679484367370605,0.8679484128952026,0.8378353714942932,0.9378353953361511,3.2375712394714355,2.4375712871551514,0.4260908365249634,-0.3739091753959656,4.303011894226074,3.303011894226074,-0.2398417592048645,-1.2398416996002197,-2.633772373199463,-1.133772373199463,-2.6211655139923096,-1.1211655139923096,-2.637714385986328,-1.1377143859863281,-1.4383420944213867,0.06165790557861328
upright,4.58,0,0.11485739052295685,72.8552017211914,3.3736112117767334,1.1876505613327026,0.007627719547599554,0.04393147677183151,1,False,1.4691818952560425,0.0,False,0.09287530183792114,0.062463317066431046,0.10104911774396896,-0.08940224349498749,0.2781869173049927,-0.05132284760475159,-0.11798585206270218,0.0462927520275116,-0.21005088090896606,0.014258086681365967,0.13813292980194092,0.030812174081802368,0.06897158920764923,0.026410013437271118,-0.19413596391677856,0.04337421432137489,1.0473968982696533,0.9473968744277954,0.9011598229408264,1.0011597871780396,0.9679243564605713,0.8679243326187134,0.8378405570983887,0.9378405809402466,3.2375617027282715,2.4375617504119873,0.42609870433807373,-0.3739013075828552,4.303003311157227,3.3030033111572266,-0.23984354734420776,-1.2398436069488525,-2.6337687969207764,-1.1337687969207764,-2.6211791038513184,-1.1211791038513184,-2.63771390914917,-1.13771390914917,-1.4383230209350586,0.061676979064941406
upright,4.6000000000000005,0,0.11485670506954193,72.85545349121094,3.3726823329925537,1.1876541376113892,0.0076013184152543545,0.04936392977833748,1,False,1.4691835641860962,0.0,False,0.09287534654140472,0.0624624602496624,0.10104941576719284,-0.0894029513001442,0.27818578481674194,-0.05131766200065613,-0.11798863112926483,0.04629351198673248,-0.2100505530834198,0.01425585150718689,0.138131782412529,0.030810058116912842,0.06897038966417313,0.026405051350593567,-0.19413332641124725,0.0433727502822876,1.0474010705947876,0.9474010467529297,0.9011754989624023,1.0011755228042603,0.9679455757141113,0.8679455518722534,0.8378336429595947,0.9378336668014526,3.237565755844116,2.437565803527832,0.4261312782764435,-0.3738687336444855,4.303007125854492,3.303007125854492,-0.23984047770500183,-1.2398405075073242,-2.633768081665039,-1.133768081665039,-2.6211702823638916,-1.1211702823638916,-2.6377179622650146,-1.1377179622650146,-1.4383488893508911,0.06165111064910889
upright,4.62,0,0.11485618352890015,72.85597229003906,3.3711092472076416,1.1876614093780518,0.007496235892176628,0.04553978517651558,1,False,1.4691908359527588,0.0,False,0.09287677705287933,0.062461432069540024,0.10104990750551224,-0.08940290659666061,0.2781844735145569,-0.051314353942871094,-0.11799050867557526,0.0462932288646698,-0.21004894375801086,0.0142497718334198,0.13813039660453796,0.03080703318119049,0.06896916031837463,0.026407301425933838,-0.1941332221031189,0.04337482154369354,1.0474021434783936,0.9474021196365356,0.9011830687522888,1.001183032989502,0.9679892063140869,0.867989182472229,0.8378420472145081,0.937842071056366,3.237581968307495,2.437582015991211,0.42615756392478943,-0.3738424479961395,4.303022384643555,3.3030223846435547,-0.23983369767665863,-1.2398337125778198,-2.6337730884552,-1.1337730884552002,-2.6211657524108887,-1.1211657524108887,-2.63771915435791,-1.1377191543579102,-1.4383535385131836,0.061646461486816406
upright,4.64,0,0.11485632508993149,72.85562896728516,3.3715856075286865,1.1876566410064697,0.007487088441848755,0.04206360876560211,1,False,1.4691888093948364,0.0,False,0.09287679195404053,0.0624619759619236,0.1010497510433197,-0.0894022211432457,0.2781901955604553,-0.05132344365119934,-0.11798577010631561,0.0462937206029892,-0.2100493460893631,0.014251768589019775,0.13813185691833496,0.03080900013446808,0.06897008419036865,0.026411399245262146,-0.19413554668426514,0.04337591677904129,1.0473984479904175,0.9473984241485596,0.9011552929878235,1.0011552572250366,0.9679673314094543,0.8679673075675964,0.8378475904464722,0.9378476142883301,3.2375800609588623,2.437580108642578,0.42607229948043823,-0.3739277124404907,4.303017616271973,3.3030176162719727,-0.23983630537986755,-1.23983633518219,-2.6337733268737793,-1.1337733268737793,-2.621166706085205,-1.121166706085205,-2.6377129554748535,-1.1377129554748535,-1.438331127166748,0.06166887283325195
upright,4.66,0,0.1148570254445076,72.85547637939453,3.372830867767334,1.1876544952392578,0.0073739029467105865,0.044356245547533035,1,False,1.469185471534729,0.0,False,0.09287624061107635,0.062462590634822845,0.10104937106370926,-0.08940261602401733,0.27818918228149414,-0.05132097005844116,-0.11798702925443649,0.04629391431808472,-0.21005000174045563,0.014254748821258545,0.1381320208311081,0.030810467898845673,0.06897080689668655,0.026406526565551758,-0.19413402676582336,0.0433732345700264,1.0473995208740234,0.9473994970321655,0.9011631011962891,1.001163125038147,0.967949390411377,0.867949366569519,0.8378359079360962,0.9378359317779541,3.2375710010528564,2.4375710487365723,0.42609092593193054,-0.3739090859889984,4.303012371063232,3.3030123710632324,-0.23984132707118988,-1.239841341972351,-2.633772373199463,-1.133772373199463,-2.621164321899414,-1.121164321899414,-2.6377153396606445,-1.1377153396606445,-1.438341736793518,0.061658263206481934
upright,4.68,0,0.11485740542411804,72.85520935058594,3.373647689819336,1.1876507997512817,0.007625579368323088,0.043842166662216187,1,False,1.469182014465332,0.0,False,0.09287533164024353,0.06246329843997955,0.10104908794164658,-0.08940223604440689,0.27818700671195984,-0.051322758197784424,-0.11798591911792755,0.046292781829833984,-0.2100508213043213,0.014258027076721191,0.1381329596042633,0.0308120995759964,0.06897173821926117,0.026410043239593506,-0.19413600862026215,0.04337422922253609,1.0473968982696533,0.9473968744277954,0.9011601805686951,1.0011601448059082,0.9679248332977295,0.8679248094558716,0.8378409147262573,0.9378409385681152,3.2375619411468506,2.4375619888305664,0.4260985255241394,-0.37390148639678955,4.303003311157227,3.3030033111572266,-0.2398439645767212,-1.2398439645767212,-2.6337690353393555,-1.1337690353393555,-2.621178388595581,-1.121178388595581,-2.63771390914917,-1.13771390914917,-1.438321828842163,0.061678171157836914
upright,4.7,0,0.11485671252012253,72.85545349121094,3.3726534843444824,1.1876541376113892,0.007600458338856697,0.04926026239991188,1,False,1.4691835641860962,0.0,False,0.0928754210472107,0.06246241554617882,0.10104946047067642,-0.08940298855304718,0.2781856656074524,-0.05131763219833374,-0.11798858642578125,0.04629358649253845,-0.21005061268806458,0.014255613088607788,0.13813185691833496,0.030809834599494934,0.06897042691707611,0.02640506625175476,-0.19413331151008606,0.04337276890873909,1.0474011898040771,0.9474011659622192,0.9011757373809814,1.0011757612228394,0.9679461121559143,0.8679460883140564,0.83783358335495,0.9378336071968079,3.2375662326812744,2.4375662803649902,0.4261315166950226,-0.37386849522590637,4.303006172180176,3.303006172180176,-0.239840567111969,-1.2398405075073242,-2.633768320083618,-1.1337683200836182,-2.6211705207824707,-1.1211705207824707,-2.6377172470092773,-1.1377172470092773,-1.4383488893508911,0.06165111064910889
upright,4.72,0,0.11485618352890015,72.85590362548828,3.3711204528808594,1.1876604557037354,0.007494973950088024,0.0455920472741127,1,False,1.4691903591156006,0.0,False,0.09287677705287933,0.06246153265237808,0.10104988515377045,-0.08940279483795166,0.27818435430526733,-0.05131444334983826,-0.1179904118180275,0.04629319906234741,-0.21004915237426758,0.01424989104270935,0.13813048601150513,0.030807003378868103,0.06896930932998657,0.02640722692012787,-0.19413331151008606,0.043374668806791306,1.047401785850525,0.947401762008667,0.9011824131011963,1.0011824369430542,0.9679872989654541,0.8679872751235962,0.837841272354126,0.9378412961959839,3.237581491470337,2.4375815391540527,0.4261571168899536,-0.37384289503097534,4.303021430969238,3.3030214309692383,-0.23983444273471832,-1.2398344278335571,-2.633772850036621,-1.133772850036621,-2.6211659908294678,-1.1211659908294678,-2.637718439102173,-1.1377184391021729,-1.4383527040481567,0.06164729595184326
upright,4.74,0,0.11485634744167328,72.8556137084961,3.3716225624084473,1.1876564025878906,0.007478829473257065,0.0420825257897377,1,False,1.4691885709762573,0.0,False,0.09287688136100769,0.06246204301714897,0.10104972124099731,-0.0894022136926651,0.2781901955604553,-0.05132344365119934,-0.117985799908638,0.04629366099834442,-0.21004940569400787,0.014251679182052612,0.13813193142414093,0.03080890327692032,0.06897003203630447,0.02641117572784424,-0.19413545727729797,0.04337584972381592,1.047398328781128,0.94739830493927,0.9011550545692444,1.0011550188064575,0.9679670333862305,0.8679670095443726,0.8378474116325378,0.9378474354743958,3.2375800609588623,2.437580108642578,0.42607274651527405,-0.3739272654056549,4.303016662597656,3.3030166625976562,-0.2398362010717392,-1.2398362159729004,-2.6337738037109375,-1.1337738037109375,-2.621166706085205,-1.121166706085205,-2.637712001800537,-1.137712001800537,-1.4383318424224854,0.06166815757751465
upright,4.76,0,0.1148570328950882,72.85546112060547,3.3728368282318115,1.1876542568206787,0.007365308236330748,0.04442700743675232,1,False,1.469185471534729,0.0,False,0.09287633001804352,0.06246267259120941,0.10104936361312866,-0.08940257132053375,0.27818918228149414,-0.05132102966308594,-0.11798704415559769,0.0462937206029892,-0.21004997193813324,0.014254778623580933,0.13813219964504242,0.030810676515102386,0.0689707100391388,0.02640637755393982,-0.1941339075565338,0.04337329417467117,1.0473994016647339,0.947399377822876,0.9011623859405518,1.0011624097824097,0.9679486155509949,0.867948591709137,0.8378356695175171,0.937835693359375,3.2375710010528564,2.4375710487365723,0.42609158158302307,-0.3739084303379059,4.303012847900391,3.3030128479003906,-0.23984088003635406,-1.2398408651351929,-2.633772611618042,-1.133772611618042,-2.621164560317993,-1.1211645603179932,-2.6377146244049072,-1.1377146244049072,-1.4383431673049927,0.061656832695007324
upright,4.78,0,0.11485739797353745,72.855224609375,3.373687505722046,1.1876509189605713,0.007628014776855707,0.04389442130923271,1,False,1.4691822528839111,0.0,False,0.09287528693675995,0.06246327981352806,0.10104908049106598,-0.08940234780311584,0.2781867980957031,-0.05132293701171875,-0.11798582226037979,0.046292781829833984,-0.21005074679851532,0.01425790786743164,0.13813289999961853,0.0308123379945755,0.06897169351577759,0.026410073041915894,-0.19413602352142334,0.04337421432137489,1.047397255897522,0.9473972320556641,0.9011601805686951,1.0011601448059082,0.9679250717163086,0.8679250478744507,0.8378410339355469,0.9378410577774048,3.2375614643096924,2.437561511993408,0.42609864473342896,-0.3739013671875,4.303004741668701,3.303004741668701,-0.23984387516975403,-1.2398438453674316,-2.6337687969207764,-1.1337687969207764,-2.6211798191070557,-1.1211798191070557,-2.63771390914917,-1.13771390914917,-1.438321828842163,0.061678171157836914
upright,4.8,0,0.11485671252012253,72.85543823242188,3.372692108154297,1.18765389919281,0.007594256661832333,0.0492524690926075,1,False,1.4691838026046753,0.0,False,0.09287536144256592,0.06246239319443703,0.10104944556951523,-0.08940290659666061,0.2781856060028076,-0.05131763219833374,-0.11798854917287827,0.04629361629486084,-0.2100505232810974,0.014255613088607788,0.13813194632530212,0.030810147523880005,0.0689704418182373,0.026405051350593567,-0.1941332221031189,0.04337281733751297,1.0474010705947876,0.9474010467529297,0.9011756181716919,1.0011756420135498,0.9679458141326904,0.8679457902908325,0.8378339409828186,0.9378339648246765,3.2375662326812744,2.4375662803649902,0.4261315166950226,-0.37386849522590637,4.30300760269165,3.3030076026916504,-0.23984068632125854,-1.2398407459259033,-2.633768081665039,-1.133768081665039,-2.621170997619629,-1.121170997619629,-2.6377170085906982,-1.1377170085906982,-1.4383488893508911,0.06165111064910889
upright,4.82,0,0.11485616117715836,72.85591125488281,3.3711729049682617,1.1876604557037354,0.007494532968848944,0.04560982808470726,1,False,1.4691907167434692,0.0,False,0.09287668764591217,0.062461476773023605,0.10104986280202866,-0.0894029289484024,0.27818429470062256,-0.05131462216377258,-0.11799034476280212,0.04629313945770264,-0.21004900336265564,0.014249980449676514,0.13813042640686035,0.030807211995124817,0.0689692497253418,0.026407167315483093,-0.19413325190544128,0.043374672532081604,1.0474019050598145,0.9474018812179565,0.9011820554733276,1.0011820793151855,0.9679873585700989,0.867987334728241,0.8378412127494812,0.9378412365913391,3.237581491470337,2.4375815391540527,0.42615705728530884,-0.3738429546356201,4.303022384643555,3.3030223846435547,-0.23983433842658997,-1.2398343086242676,-2.6337730884552,-1.1337730884552002,-2.621166706085205,-1.121166706085205,-2.6377193927764893,-1.1377193927764893,-1.4383530616760254,0.06164693832397461
upright,4.84,0,0.11485633999109268,72.85559844970703,3.371644973754883,1.187656283378601,0.007486672140657902,0.04201522469520569,1,False,1.4691888093948364,0.0,False,0.09287698566913605,0.06246212497353554,0.10104971379041672,-0.0894021987915039,0.2781902551651001,-0.051323503255844116,-0.11798587441444397,0.04629349708557129,-0.2100493460893631,0.014251917600631714,0.13813188672065735,0.030809223651885986,0.06897007673978806,0.02641129493713379,-0.19413554668426514,0.04337584227323532,1.0473982095718384,0.9473981857299805,0.9011545777320862,1.0011545419692993,0.967966616153717,0.8679665923118591,0.8378472924232483,0.9378473162651062,3.2375802993774414,2.4375803470611572,0.4260726273059845,-0.37392738461494446,4.303018093109131,3.303018093109131,-0.23983639478683472,-1.2398364543914795,-2.6337742805480957,-1.1337742805480957,-2.621166467666626,-1.121166467666626,-2.6377129554748535,-1.1377129554748535,-1.438331127166748,0.06166887283325195
upright,4.86,0,0.11485699564218521,72.85549926757812,3.372833490371704,1.1876548528671265,0.007372398395091295,0.04449480026960373,1,False,1.4691855907440186,0.0,False,0.09287634491920471,0.062462687492370605,0.10104938596487045,-0.08940264582633972,0.2781893014907837,-0.051321059465408325,-0.11798703670501709,0.04629385471343994,-0.21004992723464966,0.014254897832870483,0.1381320357322693,0.030810706317424774,0.0689709335565567,0.0264064222574234,-0.19413399696350098,0.0433732271194458,1.0473997592926025,0.9473997354507446,0.9011628031730652,1.0011627674102783,0.9679490327835083,0.8679490089416504,0.8378357887268066,0.9378358125686646,3.237570285797119,2.437570333480835,0.426090806722641,-0.37390920519828796,4.303013324737549,3.303013324737549,-0.2398417741060257,-1.2398418188095093,-2.633772134780884,-1.1337721347808838,-2.621164560317993,-1.1211645603179932,-2.6377158164978027,-1.1377158164978027,-1.4383418560028076,0.06165814399719238
upright,4.88,0,0.11485735327005386,72.85523986816406,3.3736114501953125,1.1876510381698608,0.007614468224346638,0.04385567829012871,1,False,1.469182014465332,0.0,False,0.09287518262863159,0.06246326118707657,0.10104911774396896,-0.08940232545137405,0.2781867980957031,-0.0513228178024292,-0.11798583716154099,0.046292856335639954,-0.21005086600780487,0.014257937669754028,0.13813291490077972,0.03081216663122177,0.06897171586751938,0.02641010284423828,-0.19413602352142334,0.043374232947826385,1.0473971366882324,0.9473971128463745,0.9011604189872742,1.0011603832244873,0.9679251313209534,0.8679251074790955,0.8378409147262573,0.9378409385681152,3.2375614643096924,2.437561511993408,0.42609843611717224,-0.3739015758037567,4.303004264831543,3.303004264831543,-0.23984386026859283,-1.2398438453674316,-2.6337685585021973,-1.1337685585021973,-2.6211793422698975,-1.1211793422698975,-2.63771390914917,-1.13771390914917,-1.4383219480514526,0.06167805194854736
upright,4.9,0,0.1148567646741867,72.8554458618164,3.372675895690918,1.1876540184020996,0.00758590642362833,0.04919078201055527,1,False,1.469183325767517,0.0,False,0.09287525713443756,0.06246252357959747,0.10104943066835403,-0.0894029513001442,0.2781856656074524,-0.05131763219833374,-0.11798859387636185,0.046293601393699646,-0.21005061268806458,0.014255881309509277,0.1381317675113678,0.030810102820396423,0.06897050142288208,0.026405230164527893,-0.19413334131240845,0.043372903019189835,1.047400712966919,0.947400689125061,0.9011757373809814,1.0011757612228394,0.9679452180862427,0.8679451942443848,0.8378337621688843,0.9378337860107422,3.237565040588379,2.4375650882720947,0.426131010055542,-0.37386900186538696,4.303006649017334,3.303006649017334,-0.2398405522108078,-1.2398405075073242,-2.633767604827881,-1.1337676048278809,-2.6211705207824707,-1.1211705207824707,-2.6377182006835938,-1.1377182006835938,-1.438348412513733,0.06165158748626709
upright,4.92,0,0.11485617607831955,72.85591125488281,3.3711471557617188,1.1876604557037354,0.007492644712328911,0.045540932565927505,1,False,1.4691905975341797,0.0,False,0.09287671744823456,0.06246146187186241,0.10104987025260925,-0.08940283954143524,0.2781844735145569,-0.05131450295448303,-0.11799047142267227,0.04629310965538025,-0.21004900336265564,0.014249920845031738,0.13813042640686035,0.03080715984106064,0.06896930187940598,0.02640727162361145,-0.19413325190544128,0.043374739587306976,1.0474019050598145,0.9474018812179565,0.9011821746826172,1.001182198524475,0.9679878354072571,0.8679878115653992,0.8378416299819946,0.9378416538238525,3.237581253051758,2.4375813007354736,0.4261569678783417,-0.3738430440425873,4.303022384643555,3.3030223846435547,-0.23983433842658997,-1.2398343086242676,-2.6337730884552,-1.1337730884552002,-2.6211657524108887,-1.1211657524108887,-2.63771915435791,-1.1377191543579102,-1.4383525848388672,0.06164741516113281
upright,4.94,0,0.11485633999109268,72.8556137084961,3.3716659545898438,1.1876564025878906,0.0074762748554348946,0.04199348762631416,1,False,1.4691886901855469,0.0,False,0.09287688136100769,0.062461983412504196,0.1010497510433197,-0.08940224349498749,0.27819016575813293,-0.05132362246513367,-0.11798576265573502,0.046293556690216064,-0.21004939079284668,0.014251708984375,0.13813193142414093,0.030809029936790466,0.0689699649810791,0.026411324739456177,-0.19413554668426514,0.043375834822654724,1.047398328781128,0.94739830493927,0.9011549353599548,1.001154899597168,0.9679668545722961,0.8679668307304382,0.8378472924232483,0.9378473162651062,3.2375805377960205,2.4375805854797363,0.42607250809669495,-0.373927503824234,4.3030171394348145,3.3030171394348145,-0.23983608186244965,-1.2398360967636108,-2.6337738037109375,-1.1337738037109375,-2.6211671829223633,-1.1211671829223633,-2.637712001800537,-1.137712001800537,-1.4383314847946167,0.0616685152053833
upright,4.96,0,0.11485704779624939,72.8554916381836,3.3728578090667725,1.187654733657837,0.007373490370810032,0.04447396099567413,1,False,1.4691853523254395,0.0,False,0.09287627041339874,0.06246268004179001,0.10104939341545105,-0.08940261602401733,0.27818918228149414,-0.05132108926773071,-0.11798698455095291,0.046293795108795166,-0.2100500911474228,0.014254897832870483,0.13813205063343048,0.030810505151748657,0.06897081434726715,0.026406556367874146,-0.19413399696350098,0.04337333142757416,1.0473995208740234,0.9473994970321655,0.9011628031730652,1.0011627674102783,0.9679484367370605,0.8679484128952026,0.8378361463546753,0.9378361701965332,3.237570285797119,2.437570333480835,0.4260909855365753,-0.37390902638435364,4.303011894226074,3.303011894226074,-0.23984138667583466,-1.239841341972351,-2.633772373199463,-1.133772373199463,-2.6211647987365723,-1.1211647987365723,-2.6377153396606445,-1.1377153396606445,-1.4383420944213867,0.06165790557861328
upright,4.98,0,0.11485740542411804,72.85523986816406,3.3736209869384766,1.1876511573791504,0.00763101177290082,0.04389239475131035,1,False,1.469182014465332,0.0,False,0.09287533164024353,0.06246323511004448,0.10104914009571075,-0.08940236270427704,0.2781870663166046,-0.05132266879081726,-0.11798601597547531,0.04629284143447876,-0.2100508064031601,0.014257997274398804,0.1381329894065857,0.030812151730060577,0.06897163391113281,0.026409819722175598,-0.19413596391677856,0.04337415099143982,1.0473970174789429,0.947396993637085,0.9011602997779846,1.0011602640151978,0.9679244756698608,0.8679244518280029,0.8378406763076782,0.9378407001495361,3.2375621795654297,2.4375622272491455,0.42609861493110657,-0.3739013969898224,4.303003787994385,3.3030037879943848,-0.2398437261581421,-1.239843726158142,-2.6337690353393555,-1.1337690353393555,-2.621177911758423,-1.1211779117584229,-2.637713670730591,-1.1377136707305908,-1.438322901725769,0.06167709827423096
upright,5.0,0,0.11485671997070312,72.85542297363281,3.372708797454834,1.187653660774231,0.007604180835187435,0.049172163009643555,1,False,1.4691838026046753,0.0,False,0.09287549555301666,0.06246251240372658,0.10104938596487045,-0.0894029289484024,0.27818572521209717,-0.05131760239601135,-0.11798863857984543,0.046293556690216064,-0.21005037426948547,0.014255672693252563,0.13813187181949615,0.030810266733169556,0.06897048652172089,0.026405081152915955,-0.19413338601589203,0.043372742831707,1.0474010705947876,0.9474010467529297,0.9011753797531128,1.0011754035949707,0.9679453372955322,0.8679453134536743,0.8378335237503052,0.9378335475921631,3.2375662326812744,2.4375662803649902,0.4261309802532196,-0.37386903166770935,4.303008079528809,3.3030080795288086,-0.23984067142009735,-1.2398406267166138,-2.6337687969207764,-1.1337687969207764,-2.6211700439453125,-1.1211700439453125,-2.6377174854278564,-1.1377174854278564,-1.4383482933044434,0.06165170669555664
upright,5.0200000000000005,0,0.11485614627599716,72.85592651367188,3.3711202144622803,1.1876606941223145,0.007497576996684074,0.045606762170791626,1,False,1.4691907167434692,0.0,False,0.09287689626216888,0.062461595982313156,0.10104986280202866,-0.08940282464027405,0.27818456292152405,-0.05131462216377258,-0.11799050867557526,0.04629307985305786,-0.21004898846149445,0.014249920845031738,0.13813044130802155,0.030807241797447205,0.06896937638521194,0.02640722692012787,-0.1941332221031189,0.043374739587306976,1.047401785850525,0.947401762008667,0.901182234287262,1.001182198524475,0.9679880142211914,0.8679879903793335,0.8378416895866394,0.9378417134284973,3.237581491470337,2.4375815391540527,0.42615675926208496,-0.373843252658844,4.303022861480713,3.303022861480713,-0.23983469605445862,-1.2398346662521362,-2.6337733268737793,-1.1337733268737793,-2.6211657524108887,-1.1211657524108887,-2.63771915435791,-1.1377191543579102,-1.438352346420288,0.061647653579711914
upright,5.04,0,0.11485639214515686,72.85564422607422,3.371622323989868,1.1876568794250488,0.00750374561175704,0.04214797168970108,1,False,1.4691890478134155,0.0,False,0.09287697076797485,0.06246219575405121,0.10104962438344955,-0.08940228819847107,0.2781904339790344,-0.051323503255844116,-0.11798584461212158,0.046293705701828,-0.21004925668239594,0.01425197720527649,0.13813179731369019,0.030809447169303894,0.06897014379501343,0.026411235332489014,-0.1941354125738144,0.04337590932846069,1.047398567199707,0.9473985433578491,0.9011550545692444,1.0011550188064575,0.9679660201072693,0.8679659962654114,0.8378477096557617,0.9378477334976196,3.237578868865967,2.4375789165496826,0.42607107758522034,-0.3739289343357086,4.3030195236206055,3.3030195236206055,-0.23983655869960785,-1.239836573600769,-2.6337740421295166,-1.1337740421295166,-2.6211659908294678,-1.1211659908294678,-2.637713670730591,-1.1377136707305908,-1.4383316040039062,0.06166839599609375
upright,5.0600000000000005,0,0.114857017993927,72.85547637939453,3.3727800846099854,1.1876543760299683,0.007377125788480043,0.04447491839528084,1,False,1.4691858291625977,0.0,False,0.09287624061107635,0.062462616711854935,0.10104934126138687,-0.08940257877111435,0.2781893014907837,-0.05132091045379639,-0.11798709630966187,0.04629391431808472,-0.21004974842071533,0.014254897832870483,0.13813196122646332,0.03081086277961731,0.0689709261059761,0.026406466960906982,-0.1941339075565338,0.04337333142757416,1.0473994016647339,0.947399377822876,0.9011631011962891,1.001163125038147,0.9679490327835083,0.8679490089416504,0.8378361463546753,0.9378361701965332,3.2375705242156982,2.437570571899414,0.42609086632728577,-0.3739091455936432,4.303014755249023,3.3030147552490234,-0.23984156548976898,-1.2398415803909302,-2.633772134780884,-1.1337721347808838,-2.621163845062256,-1.1211638450622559,-2.637716054916382,-1.1377160549163818,-1.4383420944213867,0.06165790557861328
upright,5.08,0,0.11485741287469864,72.8552474975586,3.3735902309417725,1.18765127658844,0.007620601449161768,0.04390014335513115,1,False,1.4691823720932007,0.0,False,0.09287534654140472,0.062463242560625076,0.10104910284280777,-0.08940230309963226,0.2781870365142822,-0.051322609186172485,-0.11798602342605591,0.04629291594028473,-0.2100507915019989,0.014258056879043579,0.13813287019729614,0.030812382698059082,0.06897157430648804,0.026410192251205444,-0.19413602352142334,0.04337434470653534,1.0473970174789429,0.947396993637085,0.9011607766151428,1.001160740852356,0.9679254293441772,0.8679254055023193,0.8378411531448364,0.9378411769866943,3.237562417984009,2.4375624656677246,0.4260985851287842,-0.3739014267921448,4.303005218505859,3.3030052185058594,-0.23984327912330627,-1.2398432493209839,-2.6337687969207764,-1.1337687969207764,-2.621177911758423,-1.1211779117584229,-2.6377146244049072,-1.1377146244049072,-1.438322901725769,0.06167709827423096
upright,5.1000000000000005,0,0.1148567646741867,72.8554458618164,3.3726961612701416,1.1876540184020996,0.007592649664729834,0.049199871718883514,1,False,1.4691840410232544,0.0,False,0.09287545084953308,0.06246238574385643,0.10104942321777344,-0.08940296620130539,0.27818572521209717,-0.05131751298904419,-0.11798866093158722,0.04629361629486084,-0.21005037426948547,0.014255732297897339,0.138131782412529,0.030810199677944183,0.06897062063217163,0.026405394077301025,-0.19413335621356964,0.0433729887008667,1.047400951385498,0.9474009275436401,0.9011757969856262,1.0011757612228394,0.9679460525512695,0.8679460287094116,0.8378340601921082,0.9378340840339661,3.2375667095184326,2.4375667572021484,0.4261310398578644,-0.3738689720630646,4.303008556365967,3.303008556365967,-0.23984070122241974,-1.2398407459259033,-2.6337685585021973,-1.1337685585021973,-2.6211698055267334,-1.1211698055267334,-2.6377182006835938,-1.1377182006835938,-1.438347578048706,0.061652421951293945
upright,5.12,0,0.11485615372657776,72.85589599609375,3.371147871017456,1.1876603364944458,0.007500034756958485,0.04557385295629501,1,False,1.4691905975341797,0.0,False,0.09287673234939575,0.06246144324541092,0.10104991495609283,-0.08940288424491882,0.2781844735145569,-0.05131468176841736,-0.1179904192686081,0.04629307985305786,-0.2100490778684616,0.014249920845031738,0.13813048601150513,0.030807211995124817,0.06896927207708359,0.026407256722450256,-0.19413337111473083,0.043374642729759216,1.0474019050598145,0.9474018812179565,0.9011820554733276,1.0011820793151855,0.9679877161979675,0.8679876923561096,0.8378411531448364,0.9378411769866943,3.237581729888916,2.437581777572632,0.4261566996574402,-0.37384331226348877,4.303022384643555,3.3030223846435547,-0.2398342341184616,-1.239834189414978,-2.633772850036621,-1.133772850036621,-2.621166467666626,-1.121166467666626,-2.637718677520752,-1.137718677520752,-1.4383527040481567,0.06164729595184326
upright,5.14,0,0.11485633999109268,72.8555908203125,3.371664047241211,1.187656044960022,0.007479479536414146,0.04207947850227356,1,False,1.4691886901855469,0.0,False,0.09287683665752411,0.062462031841278076,0.1010497510433197,-0.0894022285938263,0.2781903147697449,-0.051323652267456055,-0.1179858148097992,0.0462934672832489,-0.21004951000213623,0.01425197720527649,0.13813188672065735,0.030809208750724792,0.06897008419036865,0.0264110267162323,-0.194135382771492,0.04337577521800995,1.0473982095718384,0.9473981857299805,0.9011543989181519,1.0011544227600098,0.9679661989212036,0.8679661750793457,0.8378469347953796,0.9378469586372375,3.2375800609588623,2.437580108642578,0.42607250809669495,-0.373927503824234,4.303017616271973,3.3030176162719727,-0.239836186170578,-1.2398362159729004,-2.6337735652923584,-1.1337735652923584,-2.621166706085205,-1.121166706085205,-2.6377129554748535,-1.1377129554748535,-1.4383326768875122,0.06166732311248779
upright,5.16,0,0.1148570254445076,72.85546112060547,3.37284255027771,1.1876542568206787,0.0073685552924871445,0.044551003724336624,1,False,1.469185471534729,0.0,False,0.09287625551223755,0.0624626986682415,0.10104937851428986,-0.08940257132053375,0.27818918228149414,-0.05132102966308594,-0.11798706650733948,0.0462937206029892,-0.21005001664161682,0.014255166053771973,0.13813196122646332,0.030810721218585968,0.06897082924842834,0.0264061838388443,-0.1941339075565338,0.043373119086027145,1.0473994016647339,0.947399377822876,0.9011622071266174,1.0011621713638306,0.9679481387138367,0.8679481148719788,0.8378353714942932,0.9378353953361511,3.237570285797119,2.437570333480835,0.4260913133621216,-0.3739086985588074,4.303012847900391,3.3030128479003906,-0.23984156548976898,-1.2398415803909302,-2.633772373199463,-1.133772373199463,-2.621164560317993,-1.1211645603179932,-2.63771653175354,-1.13771653175354,-1.4383424520492554,0.06165754795074463
upright,5.18,0,0.11485742032527924,72.8552474975586,3.373617649078369,1.1876513957977295,0.007624817080795765,0.04384683817625046,1,False,1.4691821336746216,0.0,False,0.09287528693675995,0.06246326491236687,0.10104911774396896,-0.08940236270427704,0.2781870365142822,-0.051322609186172485,-0.11798597127199173,0.04629287123680115,-0.21005073189735413,0.014257997274398804,0.13813289999961853,0.030812330543994904,0.0689716711640358,0.02641013264656067,-0.19413600862026215,0.04337430000305176,1.0473971366882324,0.9473971128463745,0.901160478591919,1.0011605024337769,0.9679247736930847,0.8679247498512268,0.8378410935401917,0.9378411173820496,3.2375614643096924,2.437561511993408,0.42609867453575134,-0.3739013373851776,4.303004741668701,3.303004741668701,-0.23984350264072418,-1.239843487739563,-2.6337687969207764,-1.1337687969207764,-2.621178150177002,-1.121178150177002,-2.63771390914917,-1.13771390914917,-1.43832266330719,0.06167733669281006
upright,5.2,0,0.11485674977302551,72.85543060302734,3.372675895690918,1.1876537799835205,0.0075935437344014645,0.04922141134738922,1,False,1.4691840410232544,0.0,False,0.0928754061460495,0.0624624565243721,0.10104943066835403,-0.08940289914608002,0.2781856060028076,-0.05131763219833374,-0.11798851191997528,0.046293631196022034,-0.2100505232810974,0.014255702495574951,0.13813184201717377,0.03081020712852478,0.0689704492688179,0.026405170559883118,-0.19413328170776367,0.04337287321686745,1.0474010705947876,0.9474010467529297,0.9011756777763367,1.0011756420135498,0.9679458737373352,0.8679458498954773,0.8378338813781738,0.9378339052200317,3.2375664710998535,2.4375665187835693,0.42613112926483154,-0.3738688826560974,4.303008079528809,3.3030080795288086,-0.23984065651893616,-1.2398406267166138,-2.6337685585021973,-1.1337685585021973,-2.621170997619629,-1.121170997619629,-2.6377177238464355,-1.1377177238464355,-1.438348650932312,0.06165134906768799
upright,5.22,0,0.11485620588064194,72.85590362548828,3.3711349964141846,1.1876604557037354,0.0074877808801829815,0.04554355889558792,1,False,1.4691905975341797,0.0,False,0.09287682175636292,0.06246153265237808,0.10104989260435104,-0.08940277993679047,0.2781843841075897,-0.05131462216377258,-0.11799036711454391,0.04629313945770264,-0.21004898846149445,0.014250010251998901,0.13813044130802155,0.03080727905035019,0.0689692422747612,0.026407375931739807,-0.19413335621356964,0.04337472841143608,1.047401785850525,0.947401762008667,0.9011821150779724,1.0011820793151855,0.9679871201515198,0.8679870963096619,0.8378416299819946,0.9378416538238525,3.237581253051758,2.4375813007354736,0.42615675926208496,-0.373843252658844,4.303022384643555,3.3030223846435547,-0.23983430862426758,-1.2398343086242676,-2.6337730884552,-1.1337730884552002,-2.621166467666626,-1.121166467666626,-2.63771915435791,-1.1377191543579102,-1.438352346420288,0.061647653579711914
upright,5.24,0,0.11485635489225388,72.85562896728516,3.3716304302215576,1.1876566410064697,0.007489919196814299,0.04216853529214859,1,False,1.4691885709762573,0.0,False,0.09287694096565247,0.062462009489536285,0.1010497659444809,-0.08940228074789047,0.2781903147697449,-0.051323503255844116,-0.11798583716154099,0.04629366099834442,-0.21004939079284668,0.014251798391342163,0.1381319910287857,0.030809082090854645,0.06896987557411194,0.02641122043132782,-0.19413550198078156,0.04337587207555771,1.0473988056182861,0.9473987817764282,0.9011550545692444,1.0011550188064575,0.9679664373397827,0.8679664134979248,0.8378472328186035,0.9378472566604614,3.2375802993774414,2.4375803470611572,0.42607244849205017,-0.3739275634288788,4.3030171394348145,3.3030171394348145,-0.2398356795310974,-1.2398357391357422,-2.6337735652923584,-1.1337735652923584,-2.621166467666626,-1.121166467666626,-2.637712001800537,-1.137712001800537,-1.4383325576782227,0.061667442321777344
upright,5.26,0,0.11485704779624939,72.85546112060547,3.372852087020874,1.1876541376113892,0.0073884716257452965,0.04454673081636429,1,False,1.469185471534729,0.0,False,0.09287634491920471,0.06246258318424225,0.10104940086603165,-0.08940264582633972,0.27818918228149414,-0.05132099986076355,-0.11798699200153351,0.04629383981227875,-0.21004995703697205,0.014255017042160034,0.13813209533691406,0.030810728669166565,0.0689706951379776,0.026406392455101013,-0.1941339075565338,0.043373242020606995,1.0473997592926025,0.9473997354507446,0.9011625647544861,1.0011625289916992,0.9679477214813232,0.8679476976394653,0.8378357291221619,0.9378357529640198,3.2375710010528564,2.4375710487365723,0.42609116435050964,-0.3739088475704193,4.303012847900391,3.3030128479003906,-0.23984137177467346,-1.239841341972351,-2.633772134780884,-1.1337721347808838,-2.621164560317993,-1.1211645603179932,-2.6377155780792236,-1.1377155780792236,-1.438342571258545,0.06165742874145508
upright,5.28,0,0.11485742032527924,72.8552474975586,3.3736279010772705,1.18765127658844,0.007624924182891846,0.0439215712249279,1,False,1.4691822528839111,0.0,False,0.09287524223327637,0.0624631866812706,0.10104912519454956,-0.08940236270427704,0.2781869173049927,-0.051322758197784424,-0.11798592656850815,0.04629288613796234,-0.21005068719387054,0.014258086681365967,0.13813281059265137,0.030812270939350128,0.06897161900997162,0.026410028338432312,-0.19413596391677856,0.04337429255247116,1.0473970174789429,0.947396993637085,0.9011606574058533,1.0011606216430664,0.9679247736930847,0.8679247498512268,0.8378409743309021,0.93784099817276,3.2375621795654297,2.4375622272491455,0.42609864473342896,-0.3739013671875,4.303004741668701,3.303004741668701,-0.23984354734420776,-1.2398436069488525,-2.6337685585021973,-1.1337685585021973,-2.6211788654327393,-1.1211788654327393,-2.6377146244049072,-1.1377146244049072,-1.4383227825164795,0.06167721748352051
upright,5.3,0,0.11485667526721954,72.85543823242188,3.372645616531372,1.1876540184020996,0.007597004063427448,0.04924064874649048,1,False,1.4691838026046753,0.0,False,0.09287536144256592,0.06246238201856613,0.10104946792125702,-0.08940296620130539,0.2781856656074524,-0.05131763219833374,-0.11798859387636185,0.04629357159137726,-0.21005061268806458,0.014255732297897339,0.13813181221485138,0.03081006556749344,0.06897053122520447,0.026405036449432373,-0.19413334131240845,0.0433727502822876,1.0474008321762085,0.9474008083343506,0.9011756777763367,1.0011756420135498,0.967946469783783,0.867946445941925,0.8378336429595947,0.9378336668014526,3.2375662326812744,2.4375662803649902,0.4261314868927002,-0.37386852502822876,4.30300760269165,3.3030076026916504,-0.23984068632125854,-1.2398407459259033,-2.633768320083618,-1.1337683200836182,-2.6211705207824707,-1.1211705207824707,-2.6377179622650146,-1.1377179622650146,-1.438348412513733,0.06165158748626709
upright,5.32,0,0.11485619843006134,72.8559341430664,3.3711562156677246,1.187660813331604,0.007501873653382063,0.04560285061597824,1,False,1.4691904783248901,0.0,False,0.09287679195404053,0.06246155500411987,0.10104984790086746,-0.08940292149782181,0.27818453311920166,-0.051314473152160645,-0.11799051612615585,0.046293169260025024,-0.2100491225719452,0.014250010251998901,0.13813050091266632,0.03080727905035019,0.06896932423114777,0.02640734612941742,-0.19413334131240845,0.043374765664339066,1.047401785850525,0.947401762008667,0.9011823534965515,1.0011823177337646,0.9679870009422302,0.8679869771003723,0.8378418684005737,0.9378418922424316,3.2375810146331787,2.4375810623168945,0.42615658044815063,-0.3738434314727783,4.3030219078063965,3.3030219078063965,-0.23983436822891235,-1.2398343086242676,-2.633772850036621,-1.133772850036621,-2.6211652755737305,-1.1211652755737305,-2.637718915939331,-1.137718915939331,-1.438352346420288,0.061647653579711914
upright,5.34,0,0.1148563101887703,72.85559844970703,3.3716204166412354,1.187656283378601,0.0074731227941811085,0.042070530354976654,1,False,1.4691888093948364,0.0,False,0.09287679195404053,0.062462057918310165,0.10104973614215851,-0.08940224349498749,0.2781902551651001,-0.051323503255844116,-0.11798582971096039,0.04629357159137726,-0.21004930138587952,0.01425182819366455,0.13813184201717377,0.030809134244918823,0.06897018104791641,0.02641133964061737,-0.19413557648658752,0.04337584972381592,1.047398328781128,0.94739830493927,0.9011547565460205,1.0011547803878784,0.9679669737815857,0.8679669499397278,0.8378475308418274,0.9378475546836853,3.237579584121704,2.43757963180542,0.4260721802711487,-0.3739278316497803,4.303018093109131,3.303018093109131,-0.23983679711818695,-1.2398368120193481,-2.6337735652923584,-1.1337735652923584,-2.621166467666626,-1.121166467666626,-2.6377127170562744,-1.1377127170562744,-1.438330888748169,0.061669111251831055
upright,5.36,0,0.11485700309276581,72.85546112060547,3.3728232383728027,1.1876542568206787,0.007363211829215288,0.04447396472096443,1,False,1.4691855907440186,0.0,False,0.09287624061107635,0.06246254965662956,0.10104940086603165,-0.08940257877111435,0.27818921208381653,-0.05132099986076355,-0.11798706650733948,0.04629376530647278,-0.21004988253116608,0.014254897832870483,0.13813206553459167,0.03081078827381134,0.06897082179784775,0.02640622854232788,-0.19413389265537262,0.04337313771247864,1.0473992824554443,0.9473992586135864,0.9011620879173279,1.001162052154541,0.9679480791091919,0.867948055267334,0.8378353714942932,0.9378353953361511,3.2375712394714355,2.4375712871551514,0.4260912239551544,-0.37390878796577454,4.303013324737549,3.303013324737549,-0.23984166979789734,-1.2398416996002197,-2.633772373199463,-1.133772373199463,-2.621164083480835,-1.121164083480835,-2.6377153396606445,-1.1377153396606445,-1.438342571258545,0.06165742874145508
upright,5.38,0,0.11485742032527924,72.855224609375,3.3736181259155273,1.1876509189605713,0.007621463388204575,0.043888792395591736,1,False,1.4691821336746216,0.0,False,0.09287536144256592,0.062463268637657166,0.10104910284280777,-0.0894022136926651,0.2781869173049927,-0.051322609186172485,-0.11798596382141113,0.04629276692867279,-0.2100508213043213,0.014257848262786865,0.1381329745054245,0.030812159180641174,0.06897173821926117,0.026410087943077087,-0.19413591921329498,0.04337430000305176,1.0473967790603638,0.9473967552185059,0.9011601209640503,1.0011601448059082,0.9679251313209534,0.8679251074790955,0.8378407955169678,0.9378408193588257,3.2375621795654297,2.4375622272491455,0.42609888315200806,-0.3739011287689209,4.303004264831543,3.303004264831543,-0.2398436814546585,-1.239843726158142,-2.6337692737579346,-1.1337692737579346,-2.621178150177002,-1.121178150177002,-2.637713670730591,-1.1377136707305908,-1.4383224248886108,0.06167757511138916
upright,5.4,0,0.11485674232244492,72.8554458618164,3.3727104663848877,1.1876541376113892,0.007598445750772953,0.04908835142850876,1,False,1.4691835641860962,0.0,False,0.0928754061460495,0.06246250867843628,0.10104940831661224,-0.08940300345420837,0.2781856656074524,-0.05131760239601135,-0.11798861622810364,0.04629358649253845,-0.2100505530834198,0.014255762100219727,0.13813184201717377,0.030810028314590454,0.06897049397230148,0.026405245065689087,-0.19413331151008606,0.04337291419506073,1.047400951385498,0.9474009275436401,0.9011759161949158,1.001175880432129,0.9679455161094666,0.8679454922676086,0.8378340601921082,0.9378340840339661,3.237565517425537,2.437565565109253,0.42613160610198975,-0.3738684058189392,4.303007125854492,3.303007125854492,-0.23984085023403168,-1.2398408651351929,-2.6337685585021973,-1.1337685585021973,-2.6211705207824707,-1.1211705207824707,-2.6377177238464355,-1.1377177238464355,-1.4383479356765747,0.06165206432342529
upright,5.42,0,0.11485619843006134,72.85594940185547,3.3711228370666504,1.187661051750183,0.007502006832510233,0.045632168650627136,1,False,1.4691904783248901,0.0,False,0.09287667274475098,0.06246156990528107,0.10104979574680328,-0.08940288424491882,0.27818435430526733,-0.051314473152160645,-0.11799043416976929,0.04629318416118622,-0.21004904806613922,0.014249950647354126,0.13813042640686035,0.030807144939899445,0.0689692497253418,0.026407390832901,-0.19413331151008606,0.043374791741371155,1.0474019050598145,0.9474018812179565,0.9011823534965515,1.0011823177337646,0.9679878354072571,0.8679878115653992,0.8378417491912842,0.9378417730331421,3.2375807762145996,2.4375808238983154,0.42615702748298645,-0.3738429844379425,4.3030219078063965,3.3030219078063965,-0.23983414471149445,-1.239834189414978,-2.6337730884552,-1.1337730884552002,-2.6211659908294678,-1.1211659908294678,-2.6377193927764893,-1.1377193927764893,-1.4383527040481567,0.06164729595184326
upright,5.44,0,0.1148563101887703,72.85562133789062,3.3716204166412354,1.1876565217971802,0.00747254490852356,0.041967350989580154,1,False,1.4691886901855469,0.0,False,0.09287695586681366,0.062462128698825836,0.10104972124099731,-0.08940224349498749,0.2781902551651001,-0.05132356286048889,-0.1179857924580574,0.046293556690216064,-0.21004937589168549,0.01425158977508545,0.13813190162181854,0.03080887347459793,0.06897007673978806,0.026411399245262146,-0.19413557648658752,0.043375931680202484,1.047398328781128,0.94739830493927,0.9011549353599548,1.001154899597168,0.9679675102233887,0.8679674863815308,0.8378477096557617,0.9378477334976196,3.237579822540283,2.437579870223999,0.42607253789901733,-0.3739274740219116,4.3030171394348145,3.3030171394348145,-0.23983636498451233,-1.23983633518219,-2.6337740421295166,-1.1337740421295166,-2.621166706085205,-1.121166706085205,-2.637712240219116,-1.1377122402191162,-1.4383310079574585,0.061668992042541504
upright,5.46,0,0.1148570328950882,72.85546112060547,3.372833251953125,1.1876543760299683,0.0073613934218883514,0.04444163292646408,1,False,1.4691853523254395,0.0,False,0.09287627041339874,0.06246262788772583,0.10104937851428986,-0.0894024595618248,0.27818912267684937,-0.051321059465408325,-0.11798699200153351,0.04629385471343994,-0.2100500464439392,0.014254897832870483,0.13813206553459167,0.03081047534942627,0.0689707100391388,0.026406317949295044,-0.1941339671611786,0.043373242020606995,1.0473991632461548,0.9473991394042969,0.9011625051498413,1.0011625289916992,0.9679484963417053,0.8679484724998474,0.8378358483314514,0.9378358721733093,3.2375712394714355,2.4375712871551514,0.42609119415283203,-0.3739088177680969,4.303011894226074,3.303011894226074,-0.2398410439491272,-1.2398409843444824,-2.633772373199463,-1.133772373199463,-2.6211647987365723,-1.1211647987365723,-2.6377155780792236,-1.1377155780792236,-1.4383426904678345,0.06165730953216553
upright,5.48,0,0.11485743522644043,72.855224609375,3.373677968978882,1.1876509189605713,0.00762637984007597,0.04386462643742561,1,False,1.4691818952560425,0.0,False,0.09287531673908234,0.06246325373649597,0.10104908049106598,-0.08940233290195465,0.2781868577003479,-0.05132269859313965,-0.11798592656850815,0.0462927520275116,-0.2100507915019989,0.014257937669754028,0.1381329894065857,0.030812084674835205,0.06897150725126266,0.026410162448883057,-0.19413596391677856,0.04337431490421295,1.0473971366882324,0.9473971128463745,0.9011600613594055,1.0011600255966187,0.9679244756698608,0.8679244518280029,0.8378410935401917,0.9378411173820496,3.2375619411468506,2.4375619888305664,0.4260989725589752,-0.37390103936195374,4.303003311157227,3.3030033111572266,-0.23984329402446747,-1.2398432493209839,-2.6337692737579346,-1.1337692737579346,-2.621178388595581,-1.121178388595581,-2.6377134323120117,-1.1377134323120117,-1.4383227825164795,0.06167721748352051
upright,5.5,0,0.1148567721247673,72.85540771484375,3.3727216720581055,1.1876535415649414,0.007595712784677744,0.04910236597061157,1,False,1.4691838026046753,0.0,False,0.09287552535533905,0.0624624565243721,0.10104936361312866,-0.0894029438495636,0.2781856656074524,-0.05131754279136658,-0.11798858642578125,0.046293556690216064,-0.210050567984581,0.014255762100219727,0.13813191652297974,0.030810222029685974,0.06897059082984924,0.026404961943626404,-0.19413325190544128,0.04337272793054581,1.0474010705947876,0.9474010467529297,0.901175320148468,1.0011752843856812,0.9679452776908875,0.8679452538490295,0.8378336429595947,0.9378336668014526,3.2375667095184326,2.4375667572021484,0.4261316955089569,-0.37386831641197205,4.30300760269165,3.3030076026916504,-0.23984108865261078,-1.239841103553772,-2.6337687969207764,-1.1337687969207764,-2.6211702823638916,-1.1211702823638916,-2.6377172470092773,-1.1377172470092773,-1.4383482933044434,0.06165170669555664
upright,5.5200000000000005,0,0.11485618352890015,72.85591125488281,3.371150255203247,1.187660574913025,0.007505886256694794,0.04557883366942406,1,False,1.4691905975341797,0.0,False,0.09287677705287933,0.062461480498313904,0.10104989260435104,-0.08940283954143524,0.2781844735145569,-0.051314592361450195,-0.11799042671918869,0.04629312455654144,-0.21004900336265564,0.014249861240386963,0.13813059031963348,0.03080735355615616,0.0689692571759224,0.02640712261199951,-0.19413328170776367,0.04337466135621071,1.0474019050598145,0.9474018812179565,0.9011819958686829,1.001181960105896,0.967987596988678,0.8679875731468201,0.8378412127494812,0.9378412365913391,3.237581729888916,2.437581777572632,0.42615678906440735,-0.3738432228565216,4.303022861480713,3.303022861480713,-0.2398344725370407,-1.2398344278335571,-2.633772850036621,-1.133772850036621,-2.6211659908294678,-1.1211659908294678,-2.6377182006835938,-1.1377182006835938,-1.4383529424667358,0.06164705753326416
upright,5.54,0,0.11485636979341507,72.85562133789062,3.3716490268707275,1.1876565217971802,0.007489974144846201,0.042042240500450134,1,False,1.4691885709762573,0.0,False,0.09287680685520172,0.062462106347084045,0.10104971379041672,-0.0894022285938263,0.27819037437438965,-0.051323503255844116,-0.11798588931560516,0.04629354178905487,-0.21004948019981384,0.014251857995986938,0.1381320059299469,0.030809171497821808,0.06897008419036865,0.02641129493713379,-0.1941353976726532,0.04337591677904129,1.0473984479904175,0.9473984241485596,0.901154637336731,1.0011546611785889,0.9679660797119141,0.8679660558700562,0.8378475904464722,0.9378476142883301,3.237579584121704,2.43757963180542,0.4260721802711487,-0.3739278316497803,4.3030171394348145,3.3030171394348145,-0.2398362010717392,-1.2398362159729004,-2.6337735652923584,-1.1337735652923584,-2.6211659908294678,-1.1211659908294678,-2.637712001800537,-1.137712001800537,-1.438331961631775,0.0616680383682251
upright,5.5600000000000005,0,0.1148570105433464,72.85547637939453,3.372831106185913,1.1876543760299683,0.007368802558630705,0.04457418620586395,1,False,1.4691853523254395,0.0,False,0.09287628531455994,0.06246267259120941,0.10104938596487045,-0.08940260112285614,0.27818915247917175,-0.051321059465408325,-0.1179869994521141,0.04629381000995636,-0.21005000174045563,0.014254838228225708,0.13813206553459167,0.030810505151748657,0.06897075474262238,0.026406317949295044,-0.19413387775421143,0.04337319731712341,1.047399640083313,0.9473996162414551,0.9011626243591309,1.0011626482009888,0.9679490327835083,0.8679490089416504,0.8378357291221619,0.9378357529640198,3.237570285797119,2.437570333480835,0.42609134316444397,-0.373908668756485,4.303012371063232,3.3030123710632324,-0.2398412525653839,-1.2398412227630615,-2.633772134780884,-1.1337721347808838,-2.6211647987365723,-1.1211647987365723,-2.6377153396606445,-1.1377153396606445,-1.438342571258545,0.06165742874145508
upright,5.58,0,0.11485742032527924,72.85523986816406,3.373645305633545,1.1876511573791504,0.007625469006597996,0.043795764446258545,1,False,1.469181776046753,0.0,False,0.09287519752979279,0.06246327608823776,0.10104907304048538,-0.0894022136926651,0.27818697690963745,-0.05132254958152771,-0.1179860383272171,0.04629293084144592,-0.2100508064031601,0.014258027076721191,0.13813292980194092,0.030812077224254608,0.06897168606519699,0.02641013264656067,-0.19413599371910095,0.04337422549724579,1.0473966598510742,0.9473966360092163,0.9011607766151428,1.001160740852356,0.9679244160652161,0.8679243922233582,0.8378410935401917,0.9378411173820496,3.2375614643096924,2.437561511993408,0.426098495721817,-0.37390151619911194,4.303002834320068,3.3030028343200684,-0.2398437112569809,-1.239843726158142,-2.6337685585021973,-1.1337685585021973,-2.6211776733398438,-1.1211776733398438,-2.63771390914917,-1.13771390914917,-1.438321828842163,0.061678171157836914
upright,5.6000000000000005,0,0.11485671252012253,72.85545349121094,3.3726937770843506,1.1876541376113892,0.007590253371745348,0.049253832548856735,1,False,1.4691839218139648,0.0,False,0.09287528693675995,0.06246238201856613,0.10104947537183762,-0.0894029438495636,0.2781856060028076,-0.051317691802978516,-0.11798857897520065,0.046293601393699646,-0.21005037426948547,0.014255702495574951,0.1381317675113678,0.030810125172138214,0.06897054612636566,0.026404976844787598,-0.19413328170776367,0.043372705578804016,1.047400712966919,0.947400689125061,0.9011756181716919,1.0011756420135498,0.9679460525512695,0.8679460287094116,0.83783358335495,0.9378336071968079,3.2375662326812744,2.4375662803649902,0.4261312186717987,-0.37386879324913025,4.303008079528809,3.3030080795288086,-0.23984116315841675,-1.2398412227630615,-2.63376784324646,-1.13376784324646,-2.621170997619629,-1.121170997619629,-2.6377179622650146,-1.1377179622650146,-1.4383479356765747,0.06165206432342529
upright,5.62,0,0.11485622823238373,72.85591125488281,3.37117600440979,1.1876604557037354,0.007498386316001415,0.04548550769686699,1,False,1.4691903591156006,0.0,False,0.09287682175636292,0.062461525201797485,0.10104988515377045,-0.08940292149782181,0.2781844735145569,-0.051314592361450195,-0.11799048632383347,0.0462929904460907,-0.2100490778684616,0.014250010251998901,0.1381305754184723,0.03080735355615616,0.06896936893463135,0.026407331228256226,-0.19413332641124725,0.043374769389629364,1.047402024269104,0.9474020004272461,0.9011816382408142,1.0011816024780273,0.9679862260818481,0.8679862022399902,0.8378415703773499,0.9378415942192078,3.237581491470337,2.4375815391540527,0.42615705728530884,-0.3738429546356201,4.3030219078063965,3.3030219078063965,-0.23983456194400787,-1.2398345470428467,-2.6337735652923584,-1.1337735652923584,-2.6211657524108887,-1.1211657524108887,-2.6377179622650146,-1.1377179622650146,-1.438352346420288,0.061647653579711914
upright,5.64,0,0.11485633254051208,72.85562133789062,3.3716373443603516,1.1876565217971802,0.007492548786103725,0.0420253686606884,1,False,1.4691886901855469,0.0,False,0.09287680685520172,0.06246208772063255,0.10104972869157791,-0.08940225839614868,0.27819037437438965,-0.05132347345352173,-0.11798591911792755,0.04629357159137726,-0.21004937589168549,0.014251798391342163,0.13813188672065735,0.030809074640274048,0.06897001713514328,0.026411250233650208,-0.19413542747497559,0.043375879526138306,1.0473984479904175,0.9473984241485596,0.9011548161506653,1.0011547803878784,0.9679665565490723,0.8679665327072144,0.8378477096557617,0.9378477334976196,3.237579584121704,2.43757963180542,0.4260719418525696,-0.3739280700683594,4.303017616271973,3.3030176162719727,-0.2398362010717392,-1.2398362159729004,-2.6337733268737793,-1.1337733268737793,-2.6211657524108887,-1.1211657524108887,-2.6377124786376953,-1.1377124786376953,-1.438331961631775,0.0616680383682251
upright,5.66,0,0.1148570328950882,72.8554916381836,3.3728203773498535,1.1876546144485474,0.007371793035417795,0.04447680339217186,1,False,1.4691853523254395,0.0,False,0.09287630021572113,0.06246255710721016,0.10104939341545105,-0.08940273523330688,0.27818918228149414,-0.05132099986076355,-0.11798699200153351,0.04629383981227875,-0.21004997193813324,0.014254778623580933,0.13813205063343048,0.030810505151748657,0.06897076964378357,0.02640645205974579,-0.19413384795188904,0.04337330907583237,1.047399640083313,0.9473996162414551,0.9011628031730652,1.0011627674102783,0.9679486751556396,0.8679486513137817,0.8378360271453857,0.9378360509872437,3.2375707626342773,2.437570810317993,0.42609113454818726,-0.3739088773727417,4.303012371063232,3.3030123710632324,-0.23984111845493317,-1.239841103553772,-2.633772373199463,-1.133772373199463,-2.621164560317993,-1.1211645603179932,-2.6377153396606445,-1.1377153396606445,-1.438342571258545,0.06165742874145508
upright,5.68,0,0.11485743522644043,72.855224609375,3.373652219772339,1.1876509189605713,0.007617494091391563,0.04390497878193855,1,False,1.469182014465332,0.0,False,0.09287525713443756,0.06246335804462433,0.10104907304048538,-0.08940227329730988,0.2781868577003479,-0.05132278800010681,-0.11798584461212158,0.04629279673099518,-0.2100508213043213,0.01425829529762268,0.13813279569149017,0.030812233686447144,0.06897173076868057,0.0264100581407547,-0.19413596391677856,0.04337427765130997,1.0473967790603638,0.9473967552185059,0.9011601805686951,1.0011601448059082,0.9679242372512817,0.8679242134094238,0.8378409743309021,0.93784099817276,3.237560987472534,2.43756103515625,0.4260985553264618,-0.37390145659446716,4.303003787994385,3.3030037879943848,-0.2398436814546585,-1.239843726158142,-2.6337687969207764,-1.1337687969207764,-2.6211791038513184,-1.1211791038513184,-2.6377151012420654,-1.1377151012420654,-1.4383225440979004,0.06167745590209961
upright,5.7,0,0.11485672742128372,72.85545349121094,3.3726649284362793,1.1876541376113892,0.0075837173499166965,0.04930923879146576,1,False,1.4691839218139648,0.0,False,0.09287533164024353,0.0624624639749527,0.10104941576719284,-0.08940297365188599,0.2781856954097748,-0.05131766200065613,-0.11798855662345886,0.04629364609718323,-0.2100505828857422,0.014255732297897339,0.13813170790672302,0.03081011027097702,0.06897051632404327,0.026405125856399536,-0.19413332641124725,0.04337281733751297,1.047400712966919,0.947400689125061,0.9011762142181396,1.0011762380599976,0.9679465293884277,0.8679465055465698,0.837833821773529,0.937833845615387,3.237565755844116,2.437565803527832,0.4261312484741211,-0.37386876344680786,4.303008079528809,3.3030080795288086,-0.23984096944332123,-1.2398409843444824,-2.633768320083618,-1.1337683200836182,-2.621170997619629,-1.121170997619629,-2.637718439102173,-1.1377184391021729,-1.4383481740951538,0.06165182590484619
upright,5.72,0,0.11485619843006134,72.8559341430664,3.3711893558502197,1.187660813331604,0.007483723573386669,0.04555801302194595,1,False,1.4691907167434692,0.0,False,0.09287677705287933,0.062461502850055695,0.10104988515377045,-0.08940280228853226,0.27818432450294495,-0.05131450295448303,-0.1179904192686081,0.04629319906234741,-0.21004894375801086,0.014249950647354126,0.13813048601150513,0.030807271599769592,0.06896913051605225,0.026407331228256226,-0.19413332641124725,0.043374743312597275,1.047401785850525,0.947401762008667,0.9011829495429993,1.0011829137802124,0.9679874181747437,0.8679873943328857,0.8378418684005737,0.9378418922424316,3.237581253051758,2.4375813007354736,0.4261573255062103,-0.37384268641471863,4.303022861480713,3.303022861480713,-0.23983386158943176,-1.2398338317871094,-2.633772850036621,-1.133772850036621,-2.621166229248047,-1.1211662292480469,-2.63771915435791,-1.1377191543579102,-1.4383529424667358,0.06164705753326416
upright,5.74,0,0.11485634744167328,72.85562133789062,3.3716044425964355,1.1876565217971802,0.0074699134565889835,0.042157094925642014,1,False,1.4691888093948364,0.0,False,0.09287680685520172,0.06246199831366539,0.10104973614215851,-0.0894021987915039,0.27819016575813293,-0.051323533058166504,-0.11798574030399323,0.04629373550415039,-0.2100493609905243,0.01425182819366455,0.13813191652297974,0.03080911934375763,0.0689699724316597,0.026411384344100952,-0.19413545727729797,0.043375954031944275,1.0473982095718384,0.9473981857299805,0.9011553525924683,1.0011553764343262,0.9679664969444275,0.8679664731025696,0.8378475904464722,0.9378476142883301,3.2375800609588623,2.437580108642578,0.4260721802711487,-0.3739278316497803,4.303017616271973,3.3030176162719727,-0.23983612656593323,-1.2398360967636108,-2.6337735652923584,-1.1337735652923584,-2.6211674213409424,-1.1211674213409424,-2.6377124786376953,-1.1377124786376953,-1.438331961631775,0.0616680383682251
upright,5.76,0,0.11485706269741058,72.85545349121094,3.3728909492492676,1.1876541376113892,0.007378513924777508,0.04438849166035652,1,False,1.469185471534729,0.0,False,0.09287641942501068,0.06246264651417732,0.10104935616254807,-0.08940254151821136,0.2781893014907837,-0.05132114887237549,-0.11798705160617828,0.046293675899505615,-0.21005001664161682,0.014255017042160034,0.13813209533691406,0.03081081062555313,0.06897081434726715,0.02640634775161743,-0.194133922457695,0.04337325692176819,1.0473994016647339,0.947399377822876,0.9011619687080383,1.0011619329452515,0.967947244644165,0.8679472208023071,0.8378358483314514,0.9378358721733093,3.2375712394714355,2.4375712871551514,0.4260910749435425,-0.3739089369773865,4.303012847900391,3.3030128479003906,-0.2398412972688675,-1.239841341972351,-2.633772850036621,-1.133772850036621,-2.621164560317993,-1.1211645603179932,-2.6377153396606445,-1.1377153396606445,-1.4383426904678345,0.06165730953216553
upright,5.78,0,0.11485736072063446,72.85520935058594,3.373588800430298,1.1876505613327026,0.007617427967488766,0.04391305148601532,1,False,1.469182014465332,0.0,False,0.09287531673908234,0.06246322765946388,0.10104911774396896,-0.08940225839614868,0.2781869173049927,-0.051322758197784424,-0.11798593401908875,0.0462927371263504,-0.2100507766008377,0.014257967472076416,0.1381329745054245,0.030812151730060577,0.0689716786146164,0.026409924030303955,-0.19413591921329498,0.0433741956949234,1.0473968982696533,0.9473968744277954,0.9011596441268921,1.00115966796875,0.9679244160652161,0.8679243922233582,0.8378406167030334,0.9378406405448914,3.2375621795654297,2.4375622272491455,0.42609861493110657,-0.3739013969898224,4.303003787994385,3.3030037879943848,-0.2398437112569809,-1.239843726158142,-2.6337690353393555,-1.1337690353393555,-2.621178388595581,-1.121178388595581,-2.637713670730591,-1.1377136707305908,-1.438322901725769,0.06167709827423096
upright,5.8,0,0.11485675722360611,72.85540771484375,3.3727102279663086,1.1876535415649414,0.00760674150660634,0.049113888293504715,1,False,1.4691834449768066,0.0,False,0.09287537634372711,0.062462493777275085,0.10104937851428986,-0.08940298855304718,0.27818578481674194,-0.051317453384399414,-0.11798873543739319,0.04629345238208771,-0.21005061268806458,0.014256000518798828,0.13813179731369019,0.030810222029685974,0.0689706802368164,0.026405155658721924,-0.19413335621356964,0.043372802436351776,1.0474008321762085,0.9474008083343506,0.9011750817298889,1.001175045967102,0.967944324016571,0.8679443001747131,0.83783358335495,0.9378336071968079,3.237565517425537,2.437565565109253,0.42613139748573303,-0.3738686144351959,4.303007125854492,3.303007125854492,-0.23984123766422272,-1.2398412227630615,-2.6337685585021973,-1.1337685585021973,-2.621168851852417,-1.121168851852417,-2.6377179622650146,-1.1377179622650146,-1.4383478164672852,0.061652183532714844
upright,5.82,0,0.11485616117715836,72.8559341430664,3.371098518371582,1.187660813331604,0.007498347666114569,0.04552699998021126,1,False,1.4691905975341797,0.0,False,0.09287674725055695,0.06246151030063629,0.10104987025260925,-0.08940290659666061,0.278184711933136,-0.05131438374519348,-0.11799062043428421,0.04629306495189667,-0.21004903316497803,0.014249920845031738,0.1381305456161499,0.03080730140209198,0.0689692422747612,0.026407212018966675,-0.19413337111473083,0.043374646455049515,1.0474019050598145,0.9474018812179565,0.9011819958686829,1.001181960105896,0.9679877161979675,0.8679876923561096,0.8378415107727051,0.937841534614563,3.237581253051758,2.4375813007354736,0.4261571764945984,-0.37384283542633057,4.303022861480713,3.303022861480713,-0.23983439803123474,-1.2398344278335571,-2.633772850036621,-1.133772850036621,-2.621164560317993,-1.1211645603179932,-2.637718915939331,-1.137718915939331,-1.438352346420288,0.061647653579711914
upright,5.84,0,0.11485639959573746,72.8556137084961,3.3716793060302734,1.1876564025878906,0.0074930936098098755,0.04204558581113815,1,False,1.4691888093948364,0.0,False,0.09287680685520172,0.06246204674243927,0.1010497584939003,-0.08940228819847107,0.27819037437438965,-0.05132359266281128,-0.11798583716154099,0.0462934672832489,-0.2100493311882019,0.01425197720527649,0.13813191652297974,0.030809499323368073,0.06896998733282089,0.02641122043132782,-0.19413548707962036,0.0433758869767189,1.0473982095718384,0.9473981857299805,0.9011545181274414,1.0011545419692993,0.9679661989212036,0.8679661750793457,0.8378471732139587,0.9378471970558167,3.237579822540283,2.437579870223999,0.42607221007347107,-0.3739278018474579,4.303019046783447,3.3030190467834473,-0.2398359626531601,-1.2398359775543213,-2.6337735652923584,-1.1337735652923584,-2.621166229248047,-1.1211662292480469,-2.6377129554748535,-1.1377129554748535,-1.4383323192596436,0.061667680740356445
upright,5.86,0,0.1148570328950882,72.85546112060547,3.372833251953125,1.1876542568206787,0.007380432449281216,0.04445908963680267,1,False,1.4691855907440186,0.0,False,0.09287631511688232,0.06246257200837135,0.10104938596487045,-0.08940254151821136,0.2781893014907837,-0.05132076144218445,-0.11798717081546783,0.04629383981227875,-0.21004994213581085,0.014254987239837646,0.13813212513923645,0.030810780823230743,0.06897087395191193,0.026406392455101013,-0.1941339373588562,0.043373219668865204,1.0473994016647339,0.947399377822876,0.9011624455451965,1.0011624097824097,0.967947781085968,0.8679477572441101,0.8378357887268066,0.9378358125686646,3.2375714778900146,2.4375715255737305,0.4260914921760559,-0.37390851974487305,4.303013324737549,3.303013324737549,-0.2398415058851242,-1.2398414611816406,-2.633772611618042,-1.133772611618042,-2.6211631298065186,-1.1211631298065186,-2.6377153396606445,-1.1377153396606445,-1.4383422136306763,0.06165778636932373
upright,5.88,0,0.11485743522644043,72.855224609375,3.3736281394958496,1.1876509189605713,0.007625875994563103,0.043922800570726395,1,False,1.469182014465332,0.0,False,0.09287530183792114,0.0624631904065609,0.10104912519454956,-0.08940234780311584,0.27818697690963745,-0.05132263898849487,-0.11798599362373352,0.04629281163215637,-0.21005071699619293,0.014258027076721191,0.13813291490077972,0.030812233686447144,0.06897152960300446,0.02641013264656067,-0.19413597881793976,0.043374307453632355,1.0473970174789429,0.947396993637085,0.9011600017547607,1.0011600255966187,0.9679245948791504,0.8679245710372925,0.8378409147262573,0.9378409385681152,3.2375621795654297,2.4375622272491455,0.42609870433807373,-0.3739013075828552,4.303004264831543,3.303004264831543,-0.23984317481517792,-1.2398431301116943,-2.6337690353393555,-1.1337690353393555,-2.621177911758423,-1.1211779117584229,-2.637714147567749,-1.137714147567749,-1.4383230209350586,0.061676979064941406
upright,5.9,0,0.11485673487186432,72.85542297363281,3.3727071285247803,1.1876537799835205,0.007602371741086245,0.04925636574625969,1,False,1.4691840410232544,0.0,False,0.09287546575069427,0.06246249005198479,0.10104937851428986,-0.08940300345420837,0.2781856954097748,-0.05131763219833374,-0.11798858642578125,0.04629351198673248,-0.21005034446716309,0.01425585150718689,0.1381317526102066,0.030810363590717316,0.06897048652172089,0.0264052152633667,-0.19413334131240845,0.04337286576628685,1.0474011898040771,0.9474011659622192,0.9011753797531128,1.0011754035949707,0.9679454565048218,0.8679454326629639,0.8378338813781738,0.9378339052200317,3.237565517425537,2.437565565109253,0.42613130807876587,-0.3738687038421631,4.303009033203125,3.303009033203125,-0.23984090983867645,-1.2398408651351929,-2.6337685585021973,-1.1337685585021973,-2.6211700439453125,-1.1211700439453125,-2.637718439102173,-1.1377184391021729,-1.4383480548858643,0.06165194511413574
upright,5.92,0,0.11485617607831955,72.85590362548828,3.3711860179901123,1.1876603364944458,0.007494760677218437,0.045547738671302795,1,False,1.4691905975341797,0.0,False,0.09287658333778381,0.06246154382824898,0.10104984045028687,-0.08940288424491882,0.2781844139099121,-0.05131450295448303,-0.11799050122499466,0.046293050050735474,-0.21004900336265564,0.014250099658966064,0.1381305456161499,0.030807510018348694,0.06896927952766418,0.02640712261199951,-0.1941332072019577,0.04337465018033981,1.047402024269104,0.9474020004272461,0.9011820554733276,1.0011820793151855,0.9679865837097168,0.8679865598678589,0.8378412127494812,0.9378412365913391,3.2375807762145996,2.4375808238983154,0.42615726590156555,-0.3738427460193634,4.303023338317871,3.303023338317871,-0.23983436822891235,-1.2398343086242676,-2.633772611618042,-1.133772611618042,-2.6211655139923096,-1.1211655139923096,-2.637718915939331,-1.137718915939331,-1.4383530616760254,0.06164693832397461
upright,5.94,0,0.11485631763935089,72.85565185546875,3.371614694595337,1.1876569986343384,0.007471561431884766,0.042049188166856766,1,False,1.4691890478134155,0.0,False,0.09287689626216888,0.062461961060762405,0.10104977339506149,-0.08940228074789047,0.2781901955604553,-0.05132347345352173,-0.11798572540283203,0.04629373550415039,-0.21004930138587952,0.014251768589019775,0.13813184201717377,0.03080906718969345,0.06896998733282089,0.026411518454551697,-0.19413556158542633,0.04337600618600845,1.047398567199707,0.9473985433578491,0.9011556506156921,1.0011556148529053,0.9679677486419678,0.8679677248001099,0.8378479480743408,0.9378479719161987,3.2375802993774414,2.4375803470611572,0.4260724186897278,-0.37392759323120117,4.303018093109131,3.303018093109131,-0.23983608186244965,-1.2398360967636108,-2.6337733268737793,-1.1337733268737793,-2.621166944503784,-1.1211669445037842,-2.6377127170562744,-1.1377127170562744,-1.4383312463760376,0.0616687536239624
upright,5.96,0,0.1148570328950882,72.85546112060547,3.372847557067871,1.1876543760299683,0.007366659119725227,0.04439710080623627,1,False,1.469185471534729,0.0,False,0.09287622570991516,0.06246272101998329,0.10104936361312866,-0.0894024670124054,0.27818915247917175,-0.05132102966308594,-0.11798697710037231,0.04629388451576233,-0.21005003154277802,0.014255166053771973,0.13813196122646332,0.03081064671278,0.06897082924842834,0.02640649676322937,-0.19413399696350098,0.04337328299880028,1.0473990440368652,0.9473990201950073,0.9011625647544861,1.0011625289916992,0.9679482579231262,0.8679482340812683,0.8378356695175171,0.937835693359375,3.237570285797119,2.437570333480835,0.42609095573425293,-0.373909056186676,4.303012371063232,3.3030123710632324,-0.23984138667583466,-1.239841341972351,-2.633772134780884,-1.1337721347808838,-2.6211650371551514,-1.1211650371551514,-2.63771653175354,-1.13771653175354,-1.4383422136306763,0.06165778636932373
upright,5.98,0,0.11485740542411804,72.85520935058594,3.373662233352661,1.1876507997512817,0.007629545871168375,0.04386701062321663,1,False,1.469182014465332,0.0,False,0.0928753912448883,0.06246323883533478,0.10104911774396896,-0.08940231055021286,0.27818697690963745,-0.05132266879081726,-0.11798600852489471,0.0462927371263504,-0.2100508213043213,0.014258027076721191,0.13813292980194092,0.03081219643354416,0.06897155940532684,0.02640998363494873,-0.19413599371910095,0.0433741956949234,1.0473971366882324,0.9473971128463745,0.9011600613594055,1.0011600255966187,0.9679248332977295,0.8679248094558716,0.837840735912323,0.9378407597541809,3.2375621795654297,2.4375622272491455,0.4260992109775543,-0.37390080094337463,4.303003787994385,3.3030037879943848,-0.23984336853027344,-1.2398433685302734,-2.6337692737579346,-1.1337692737579346,-2.621178150177002,-1.121178150177002,-2.637714147567749,-1.137714147567749,-1.4383230209350586,0.061676979064941406
upright,6.0,0,0.11485671252012253,72.85543823242188,3.372662305831909,1.1876540184020996,0.007596323266625404,0.04914792627096176,1,False,1.4691838026046753,0.0,False,0.0928753912448883,0.0624624527990818,0.10104946047067642,-0.08940292149782181,0.27818575501441956,-0.05131763219833374,-0.11798863857984543,0.04629349708557129,-0.21005059778690338,0.014255702495574951,0.13813190162181854,0.0308101624250412,0.0689707025885582,0.026405304670333862,-0.1941334754228592,0.043372876942157745,1.0474010705947876,0.9474010467529297,0.9011754989624023,1.0011755228042603,0.9679458737373352,0.8679458498954773,0.8378338813781738,0.9378339052200317,3.2375664710998535,2.4375665187835693,0.42613136768341064,-0.3738686442375183,4.30300760269165,3.3030076026916504,-0.23984138667583466,-1.239841341972351,-2.633768081665039,-1.133768081665039,-2.6211700439453125,-1.1211700439453125,-2.6377172470092773,-1.1377172470092773,-1.4383468627929688,0.06165313720703125
upright,6.0200000000000005,0,0.11485613882541656,72.85594940185547,3.371068000793457,1.187661051750183,0.007475579623132944,0.04546751454472542,1,False,1.4691908359527588,0.0,False,0.09287682175636292,0.06246159225702286,0.10104987025260925,-0.08940275013446808,0.27818435430526733,-0.05131441354751587,-0.11799045652151108,0.04629318416118622,-0.21004895865917206,0.014249950647354126,0.1381302922964096,0.030807144939899445,0.06896928697824478,0.02640734612941742,-0.19413328170776367,0.04337475821375847,1.0474014282226562,0.9474014043807983,0.9011825919151306,1.0011825561523438,0.9679890275001526,0.8679890036582947,0.8378416895866394,0.9378417134284973,3.237581491470337,2.4375815391540527,0.4261573553085327,-0.37384265661239624,4.303022861480713,3.303022861480713,-0.23983457684516907,-1.2398345470428467,-2.633772850036621,-1.133772850036621,-2.6211659908294678,-1.1211659908294678,-2.6377198696136475,-1.1377198696136475,-1.438352108001709,0.061647891998291016
upright,6.04,0,0.11485639214515686,72.85559844970703,3.3716745376586914,1.1876561641693115,0.0074850451201200485,0.0421067476272583,1,False,1.4691888093948364,0.0,False,0.09287698566913605,0.06246207654476166,0.10104969143867493,-0.08940225839614868,0.2781901955604553,-0.051323533058166504,-0.11798574030399323,0.04629361629486084,-0.2100493609905243,0.014251917600631714,0.13813190162181854,0.030809231102466583,0.06897007673978806,0.02641122043132782,-0.19413533806800842,0.043375931680202484,1.047398567199707,0.9473985433578491,0.9011549353599548,1.001154899597168,0.9679660201072693,0.8679659962654114,0.8378476500511169,0.9378476738929749,3.237579822540283,2.437579870223999,0.42607197165489197,-0.373928040266037,4.303018093109131,3.303018093109131,-0.23983637988567352,-1.23983633518219,-2.6337740421295166,-1.1337740421295166,-2.621166706085205,-1.121166706085205,-2.6377129554748535,-1.1377129554748535,-1.4383323192596436,0.061667680740356445
upright,6.0600000000000005,0,0.1148570328950882,72.85546112060547,3.372830390930176,1.1876543760299683,0.007364506833255291,0.04449424147605896,1,False,1.4691853523254395,0.0,False,0.09287627041339874,0.06246260181069374,0.10104937851428986,-0.08940259367227554,0.27818921208381653,-0.05132108926773071,-0.11798704415559769,0.0462937206029892,-0.21004988253116608,0.014255017042160034,0.13813219964504242,0.030810914933681488,0.0689709410071373,0.026406005024909973,-0.19413384795188904,0.04337305203080177,1.0473994016647339,0.947399377822876,0.9011620879173279,1.001162052154541,0.9679471850395203,0.8679471611976624,0.8378348350524902,0.9378348588943481,3.2375710010528564,2.4375710487365723,0.42609110474586487,-0.3739089071750641,4.303013324737549,3.303013324737549,-0.23984183371067047,-1.2398418188095093,-2.633772134780884,-1.1337721347808838,-2.621164321899414,-1.121164321899414,-2.6377151012420654,-1.1377151012420654,-1.4383426904678345,0.06165730953216553
upright,6.08,0,0.11485740542411804,72.85520935058594,3.3736753463745117,1.1876505613327026,0.007619015406817198,0.04388349503278732,1,False,1.4691822528839111,0.0,False,0.0928751677274704,0.062463272362947464,0.10104912519454956,-0.08940231800079346,0.2781869173049927,-0.051322609186172485,-0.11798595637083054,0.04629281163215637,-0.21005062758922577,0.01425817608833313,0.13813285529613495,0.030812524259090424,0.06897154450416565,0.026410117745399475,-0.19413599371910095,0.04337426275014877,1.0473971366882324,0.9473971128463745,0.9011598229408264,1.0011597871780396,0.9679239988327026,0.8679239749908447,0.8378404378890991,0.937840461730957,3.2375614643096924,2.437561511993408,0.42609894275665283,-0.3739010691642761,4.303005695343018,3.3030056953430176,-0.2398432195186615,-1.2398432493209839,-2.6337685585021973,-1.1337685585021973,-2.621178150177002,-1.121178150177002,-2.6377146244049072,-1.1377146244049072,-1.4383230209350586,0.061676979064941406
upright,6.1000000000000005,0,0.11485670506954193,72.85543060302734,3.3727192878723145,1.18765389919281,0.0075918082147836685,0.0493248887360096,1,False,1.4691838026046753,0.0,False,0.09287530183792114,0.062462422996759415,0.10104946792125702,-0.08940297365188599,0.27818554639816284,-0.051317691802978516,-0.11798851191997528,0.046293556690216064,-0.2100505530834198,0.014255911111831665,0.138131782412529,0.030810177326202393,0.06897050887346268,0.026405036449432373,-0.19413331151008606,0.043372780084609985,1.0474010705947876,0.9474010467529297,0.9011755585670471,1.0011755228042603,0.9679453372955322,0.8679453134536743,0.8378335237503052,0.9378335475921631,3.2375659942626953,2.437566041946411,0.4261317253112793,-0.37386828660964966,4.30300760269165,3.3030076026916504,-0.2398405373096466,-1.2398405075073242,-2.633767604827881,-1.1337676048278809,-2.621171236038208,-1.121171236038208,-2.637718439102173,-1.1377184391021729,-1.4383490085601807,0.061650991439819336
upright,6.12,0,0.11485614627599716,72.85591125488281,3.3711040019989014,1.187660574913025,0.007498033810406923,0.04550204053521156,1,False,1.4691905975341797,0.0,False,0.09287692606449127,0.0624614953994751,0.10104992985725403,-0.08940280973911285,0.2781844735145569,-0.05131462216377258,-0.11799048632383347,0.046292975544929504,-0.2100491225719452,0.014249742031097412,0.13813060522079468,0.030807167291641235,0.0689692348241806,0.026407018303871155,-0.1941331923007965,0.04337462782859802,1.0474016666412354,0.9474016427993774,0.901181697845459,1.001181721687317,0.9679878354072571,0.8679878115653992,0.8378413319587708,0.9378413558006287,3.2375824451446533,2.437582492828369,0.4261573255062103,-0.37384268641471863,4.3030219078063965,3.3030219078063965,-0.23983435332775116,-1.2398343086242676,-2.6337735652923584,-1.1337735652923584,-2.6211659908294678,-1.1211659908294678,-2.6377177238464355,-1.1377177238464355,-1.4383533000946045,0.06164669990539551
upright,6.140000000000001,0,0.11485633999109268,72.8556137084961,3.3716628551483154,1.1876565217971802,0.007486664690077305,0.04207513853907585,1,False,1.4691885709762573,0.0,False,0.09287679195404053,0.06246205046772957,0.10104971379041672,-0.0894022285938263,0.2781901955604553,-0.05132362246513367,-0.11798575520515442,0.04629354178905487,-0.21004953980445862,0.014251947402954102,0.13813193142414093,0.030809171497821808,0.06897006928920746,0.02641122043132782,-0.19413551688194275,0.04337582737207413,1.0473984479904175,0.9473984241485596,0.901154637336731,1.0011546611785889,0.9679662585258484,0.8679662346839905,0.8378472924232483,0.9378473162651062,3.237579584121704,2.43757963180542,0.42607226967811584,-0.3739277422428131,4.3030171394348145,3.3030171394348145,-0.23983632028102875,-1.23983633518219,-2.6337733268737793,-1.1337733268737793,-2.621166944503784,-1.1211669445037842,-2.6377124786376953,-1.1377124786376953,-1.4383314847946167,0.0616685152053833
upright,6.16,0,0.114857017993927,72.85546112060547,3.372854709625244,1.1876542568206787,0.00737339211627841,0.04441794380545616,1,False,1.469185471534729,0.0,False,0.09287624061107635,0.06246267631649971,0.10104932636022568,-0.08940255641937256,0.2781892418861389,-0.05132114887237549,-0.1179869994521141,0.046293675899505615,-0.2100500762462616,0.014255136251449585,0.1381319910287857,0.030810758471488953,0.06897060573101044,0.026406213641166687,-0.1941339075565338,0.04337310418486595,1.0473992824554443,0.9473992586135864,0.9011620283126831,1.001162052154541,0.9679476618766785,0.8679476380348206,0.8378352522850037,0.9378352761268616,3.2375705242156982,2.437570571899414,0.42609089612960815,-0.3739091157913208,4.303012847900391,3.3030128479003906,-0.23984116315841675,-1.2398412227630615,-2.633772134780884,-1.1337721347808838,-2.6211647987365723,-1.1211647987365723,-2.637716054916382,-1.1377160549163818,-1.4383424520492554,0.06165754795074463
upright,6.18,0,0.11485743522644043,72.8552017211914,3.373619794845581,1.1876505613327026,0.007623428013175726,0.04393191635608673,1,False,1.469182014465332,0.0,False,0.09287518262863159,0.06246333569288254,0.10104908794164658,-0.08940227329730988,0.2781868875026703,-0.0513228178024292,-0.11798588931560516,0.04629269242286682,-0.21005085110664368,0.014258235692977905,0.13813284039497375,0.03081231564283371,0.06897157430648804,0.026409968733787537,-0.19413599371910095,0.0433741956949234,1.0473967790603638,0.9473967552185059,0.9011597633361816,1.0011597871780396,0.9679242372512817,0.8679242134094238,0.8378406763076782,0.9378407001495361,3.237560987472534,2.43756103515625,0.4260985851287842,-0.3739014267921448,4.303004264831543,3.303004264831543,-0.23984359204769135,-1.2398436069488525,-2.6337685585021973,-1.1337685585021973,-2.62117862701416,-1.1211786270141602,-2.6377148628234863,-1.1377148628234863,-1.4383227825164795,0.06167721748352051
upright,6.2,0,0.11485672742128372,72.85545349121094,3.3726634979248047,1.1876541376113892,0.007588275708258152,0.04919300228357315,1,False,1.4691839218139648,0.0,False,0.09287536144256592,0.062462374567985535,0.10104944556951523,-0.08940298110246658,0.27818554639816284,-0.05131760239601135,-0.11798855662345886,0.046293675899505615,-0.2100505828857422,0.014255613088607788,0.13813181221485138,0.030810020864009857,0.0689704567193985,0.026405230164527893,-0.19413325190544128,0.043372899293899536,1.0474010705947876,0.9474010467529297,0.9011762738227844,1.0011762380599976,0.9679466485977173,0.8679466247558594,0.8378340601921082,0.9378340840339661,3.2375662326812744,2.4375662803649902,0.4261314272880554,-0.37386858463287354,4.30300760269165,3.3030076026916504,-0.23984073102474213,-1.2398407459259033,-2.633768320083618,-1.1337683200836182,-2.621170997619629,-1.121170997619629,-2.6377177238464355,-1.1377177238464355,-1.4383480548858643,0.06165194511413574
upright,6.22,0,0.11485625058412552,72.85594940185547,3.371152400970459,1.187661051750183,0.007487670052796602,0.04553990811109543,1,False,1.4691905975341797,0.0,False,0.09287682175636292,0.06246154382824898,0.10104986280202866,-0.08940285444259644,0.2781844139099121,-0.05131438374519348,-0.11799045652151108,0.04629330337047577,-0.21004916727542877,0.014250129461288452,0.1381303071975708,0.030807040631771088,0.06896933913230896,0.026407375931739807,-0.19413328170776367,0.04337476193904877,1.0474015474319458,0.9474015235900879,0.9011830687522888,1.001183032989502,0.9679879546165466,0.8679879307746887,0.837841808795929,0.9378418326377869,3.237581491470337,2.4375815391540527,0.42615702748298645,-0.3738429844379425,4.303021430969238,3.3030214309692383,-0.23983463644981384,-1.2398346662521362,-2.633772850036621,-1.133772850036621,-2.6211659908294678,-1.1211659908294678,-2.6377198696136475,-1.1377198696136475,-1.438352108001709,0.061647891998291016
upright,6.24,0,0.11485632508993149,72.85566711425781,3.3715245723724365,1.1876569986343384,0.007479821797460318,0.04204266145825386,1,False,1.469188928604126,0.0,False,0.09287682175636292,0.06246195361018181,0.10104977339506149,-0.0894022062420845,0.27819034457206726,-0.05132335424423218,-0.11798585206270218,0.04629373550415039,-0.21004939079284668,0.014251649379730225,0.13813179731369019,0.030808843672275543,0.06897004693746567,0.02641141414642334,-0.19413554668426514,0.04337587207555771,1.0473982095718384,0.9473981857299805,0.9011555910110474,1.0011556148529053,0.9679681062698364,0.8679680824279785,0.837847888469696,0.937847912311554,3.2375805377960205,2.4375805854797363,0.4260720908641815,-0.37392792105674744,4.3030171394348145,3.3030171394348145,-0.23983676731586456,-1.2398368120193481,-2.6337735652923584,-1.1337735652923584,-2.6211659908294678,-1.1211659908294678,-2.6377129554748535,-1.1377129554748535,-1.4383302927017212,0.06166970729827881
upright,6.26,0,0.1148570254445076,72.85546112060547,3.3728389739990234,1.1876543760299683,0.007365379016846418,0.044390492141246796,1,False,1.4691853523254395,0.0,False,0.09287631511688232,0.062462642788887024,0.10104934871196747,-0.08940261602401733,0.2781893014907837,-0.051320791244506836,-0.11798714101314545,0.04629383981227875,-0.21005001664161682,0.01425480842590332,0.1381320357322693,0.03081052005290985,0.06897082924842834,0.026406526565551758,-0.1941339671611786,0.04337329417467117,1.0473992824554443,0.9473992586135864,0.9011628031730652,1.0011627674102783,0.9679487943649292,0.8679487705230713,0.8378356695175171,0.937835693359375,3.2375707626342773,2.437570810317993,0.4260915517807007,-0.37390846014022827,4.303012371063232,3.3030123710632324,-0.23984117805957794,-1.2398412227630615,-2.633772611618042,-1.133772611618042,-2.6211633682250977,-1.1211633682250977,-2.6377153396606445,-1.1377153396606445,-1.4383420944213867,0.06165790557861328
upright,6.28,0,0.11485740542411804,72.855224609375,3.373652219772339,1.1876509189605713,0.007618853822350502,0.04382701963186264,1,False,1.469182014465332,0.0,False,0.09287533164024353,0.062463294714689255,0.10104910284280777,-0.08940229564905167,0.2781869173049927,-0.05132269859313965,-0.11798586696386337,0.04629284143447876,-0.21005085110664368,0.014257967472076416,0.1381329894065857,0.030812181532382965,0.06897156685590744,0.026410162448883057,-0.19413593411445618,0.04337434470653534,1.0473971366882324,0.9473971128463745,0.9011602401733398,1.0011602640151978,0.967924952507019,0.8679249286651611,0.8378413319587708,0.9378413558006287,3.2375614643096924,2.437561511993408,0.4260990023612976,-0.37390100955963135,4.303003787994385,3.3030037879943848,-0.23984350264072418,-1.239843487739563,-2.6337687969207764,-1.1337687969207764,-2.6211788654327393,-1.1211788654327393,-2.637713670730591,-1.1377136707305908,-1.4383224248886108,0.06167757511138916
upright,6.3,0,0.11485672742128372,72.85540771484375,3.372736930847168,1.1876534223556519,0.007597366347908974,0.04914480447769165,1,False,1.4691838026046753,0.0,False,0.09287552535533905,0.06246253103017807,0.10104937106370926,-0.08940292149782181,0.27818557620048523,-0.0513177216053009,-0.11798852682113647,0.0462934672832489,-0.21005059778690338,0.014255791902542114,0.13813193142414093,0.030810222029685974,0.0689706802368164,0.02640514075756073,-0.19413328170776367,0.04337282106280327,1.0474008321762085,0.9474008083343506,0.9011749625205994,1.0011749267578125,0.9679449796676636,0.8679449558258057,0.8378337621688843,0.9378337860107422,3.2375664710998535,2.4375665187835693,0.42613160610198975,-0.3738684058189392,4.30300760269165,3.3030076026916504,-0.23984159529209137,-1.2398415803909302,-2.6337687969207764,-1.1337687969207764,-2.62117075920105,-1.1211707592010498,-2.6377174854278564,-1.1377174854278564,-1.438347339630127,0.06165266036987305
upright,6.32,0,0.11485616862773895,72.85586547851562,3.371213912963867,1.1876598596572876,0.007491644937545061,0.04556623473763466,1,False,1.4691903591156006,0.0,False,0.09287683665752411,0.06246154010295868,0.10104990005493164,-0.08940280973911285,0.2781842350959778,-0.05131465196609497,-0.1179904118180275,0.0462929904460907,-0.21004913747310638,0.014250189065933228,0.13813051581382751,0.03080737590789795,0.06896927952766418,0.02640707790851593,-0.19413325190544128,0.04337463527917862,1.0474016666412354,0.9474016427993774,0.9011816382408142,1.0011816024780273,0.9679860472679138,0.8679860234260559,0.8378412127494812,0.9378412365913391,3.237581253051758,2.4375813007354736,0.4261576235294342,-0.37384238839149475,4.3030219078063965,3.3030219078063965,-0.23983463644981384,-1.2398346662521362,-2.633772850036621,-1.133772850036621,-2.621166706085205,-1.121166706085205,-2.637718915939331,-1.137718915939331,-1.4383529424667358,0.06164705753326416
upright,6.34,0,0.11485634744167328,72.8556137084961,3.371652841567993,1.187656283378601,0.007492385804653168,0.04217660427093506,1,False,1.4691883325576782,0.0,False,0.09287689626216888,0.06246206909418106,0.1010497435927391,-0.08940227329730988,0.2781904339790344,-0.051323533058166504,-0.11798589676618576,0.046293482184410095,-0.21004951000213623,0.014252007007598877,0.1381320357322693,0.030809275805950165,0.06897013634443283,0.02641110122203827,-0.1941354125738144,0.04337581247091293,1.047398567199707,0.9473985433578491,0.9011544585227966,1.0011544227600098,0.9679648876190186,0.8679648637771606,0.8378468751907349,0.9378468990325928,3.237579345703125,2.437579393386841,0.42607244849205017,-0.3739275634288788,4.3030171394348145,3.3030171394348145,-0.23983623087406158,-1.2398362159729004,-2.6337735652923584,-1.1337735652923584,-2.6211659908294678,-1.1211659908294678,-2.637712240219116,-1.1377122402191162,-1.438332200050354,0.061667799949645996
upright,6.36,0,0.11485698074102402,72.85545349121094,3.3728554248809814,1.1876541376113892,0.007370838895440102,0.04439388960599899,1,False,1.4691853523254395,0.0,False,0.09287621080875397,0.06246262788772583,0.10104933381080627,-0.08940255641937256,0.2781892716884613,-0.051320940256118774,-0.11798711121082306,0.04629366099834442,-0.21004994213581085,0.014255046844482422,0.13813206553459167,0.030810728669166565,0.06897077709436417,0.026406168937683105,-0.19413387775421143,0.04337310791015625,1.0473994016647339,0.947399377822876,0.9011619091033936,1.0011619329452515,0.9679479002952576,0.8679478764533997,0.8378351926803589,0.9378352165222168,3.2375707626342773,2.437570810317993,0.4260912835597992,-0.37390872836112976,4.303012847900391,3.3030128479003906,-0.23984158039093018,-1.2398415803909302,-2.633772373199463,-1.133772373199463,-2.6211636066436768,-1.1211636066436768,-2.6377158164978027,-1.1377158164978027,-1.4383424520492554,0.06165754795074463
upright,6.38,0,0.11485737562179565,72.85523986816406,3.373589038848877,1.1876511573791504,0.0076278336346149445,0.04389646649360657,1,False,1.469182014465332,0.0,False,0.0928753912448883,0.06246321275830269,0.10104915499687195,-0.08940233290195465,0.278187096118927,-0.05132269859313965,-0.11798606067895889,0.046292781829833984,-0.21005085110664368,0.014258205890655518,0.13813287019729614,0.030812278389930725,0.06897158175706863,0.026409953832626343,-0.19413597881793976,0.043374188244342804,1.0473971366882324,0.9473971128463745,0.9011600017547607,1.0011600255966187,0.9679245352745056,0.8679245114326477,0.8378405570983887,0.9378405809402466,3.2375621795654297,2.4375622272491455,0.42609861493110657,-0.3739013969898224,4.303004264831543,3.303004264831543,-0.23984357714653015,-1.2398436069488525,-2.6337690353393555,-1.1337690353393555,-2.6211776733398438,-1.1211776733398438,-2.6377146244049072,-1.1377146244049072,-1.4383230209350586,0.061676979064941406
upright,6.4,0,0.11485674977302551,72.85542297363281,3.372715473175049,1.1876537799835205,0.007606856524944305,0.04914872720837593,1,False,1.4691838026046753,0.0,False,0.09287534654140472,0.062462445348501205,0.10104940086603165,-0.08940291404724121,0.27818575501441956,-0.05131754279136658,-0.11798863857984543,0.04629358649253845,-0.21005046367645264,0.01425597071647644,0.13813179731369019,0.030810363590717316,0.06897048652172089,0.026405110955238342,-0.19413335621356964,0.04337278753519058,1.0474010705947876,0.9474010467529297,0.9011752009391785,1.0011751651763916,0.9679445624351501,0.8679445385932922,0.8378336429595947,0.9378336668014526,3.2375659942626953,2.437566041946411,0.4261310398578644,-0.3738689720630646,4.303008079528809,3.3030080795288086,-0.2398410439491272,-1.2398409843444824,-2.633768320083618,-1.1337683200836182,-2.6211698055267334,-1.1211698055267334,-2.637718439102173,-1.1377184391021729,-1.4383481740951538,0.06165182590484619
upright,6.42,0,0.11485613882541656,72.8559341430664,3.3710882663726807,1.187660813331604,0.0075009046122431755,0.04559468850493431,1,False,1.4691905975341797,0.0,False,0.09287676215171814,0.062461573630571365,0.10104984045028687,-0.08940280973911285,0.27818453311920166,-0.051314473152160645,-0.11799052357673645,0.046293169260025024,-0.21004900336265564,0.014249980449676514,0.13813026249408722,0.03080720454454422,0.06896932423114777,0.02640727162361145,-0.1941332221031189,0.04337473586201668,1.047401785850525,0.947401762008667,0.9011824131011963,1.0011824369430542,0.9679881930351257,0.8679881691932678,0.837841808795929,0.9378418326377869,3.2375810146331787,2.4375810623168945,0.42615655064582825,-0.3738434612751007,4.303022384643555,3.3030223846435547,-0.23983442783355713,-1.2398344278335571,-2.633772850036621,-1.133772850036621,-2.6211652755737305,-1.1211652755737305,-2.6377198696136475,-1.1377198696136475,-1.4383527040481567,0.06164729595184326
upright,6.44,0,0.11485633254051208,72.8556137084961,3.3716490268707275,1.187656283378601,0.007489561568945646,0.04200388118624687,1,False,1.4691885709762573,0.0,False,0.09287673234939575,0.062462057918310165,0.10104966163635254,-0.08940224349498749,0.2781902551651001,-0.051323503255844116,-0.11798585206270218,0.04629351198673248,-0.21004943549633026,0.014251947402954102,0.13813187181949615,0.030809052288532257,0.06896993517875671,0.026411250233650208,-0.19413551688194275,0.043375857174396515,1.047398328781128,0.94739830493927,0.9011545181274414,1.0011545419692993,0.9679661393165588,0.8679661154747009,0.8378473520278931,0.937847375869751,3.237579345703125,2.437579393386841,0.42607197165489197,-0.373928040266037,4.3030171394348145,3.3030171394348145,-0.23983614146709442,-1.2398360967636108,-2.6337735652923584,-1.1337735652923584,-2.6211659908294678,-1.1211659908294678,-2.6377127170562744,-1.1377127170562744,-1.438331961631775,0.0616680383682251
upright,6.46,0,0.11485705524682999,72.85547637939453,3.372850179672241,1.1876544952392578,0.007377689704298973,0.04453594610095024,1,False,1.4691851139068604,0.0,False,0.09287621080875397,0.06246267259120941,0.10104935616254807,-0.08940255641937256,0.27818921208381653,-0.05132102966308594,-0.1179870218038559,0.04629381000995636,-0.2100500464439392,0.014255017042160034,0.13813209533691406,0.030810624361038208,0.06897078454494476,0.0264064222574234,-0.1941339373588562,0.04337327182292938,1.0473994016647339,0.947399377822876,0.9011625647544861,1.0011625289916992,0.9679476618766785,0.8679476380348206,0.8378356695175171,0.937835693359375,3.237570285797119,2.437570333480835,0.4260912537574768,-0.37390875816345215,4.303011894226074,3.303011894226074,-0.23984098434448242,-1.2398409843444824,-2.633772373199463,-1.133772373199463,-2.621164560317993,-1.1211645603179932,-2.6377155780792236,-1.1377155780792236,-1.4383429288864136,0.061657071113586426
upright,6.48,0,0.11485742777585983,72.855224609375,3.373678684234619,1.1876507997512817,0.007622869219630957,0.043824050575494766,1,False,1.4691822528839111,0.0,False,0.09287528693675995,0.062463317066431046,0.10104909539222717,-0.0894022285938263,0.2781869173049927,-0.05132254958152771,-0.11798596382141113,0.04629284143447876,-0.21005067229270935,0.01425817608833313,0.13813278079032898,0.030812382698059082,0.06897159665822983,0.02641013264656067,-0.19413591921329498,0.04337431117892265,1.0473968982696533,0.9473968744277954,0.9011602401733398,1.0011602640151978,0.967924952507019,0.8679249286651611,0.8378410935401917,0.9378411173820496,3.2375617027282715,2.4375617504119873,0.42609888315200806,-0.3739011287689209,4.303004741668701,3.303004741668701,-0.23984341323375702,-1.2398433685302734,-2.6337690353393555,-1.1337690353393555,-2.621178150177002,-1.121178150177002,-2.6377151012420654,-1.1377151012420654,-1.4383227825164795,0.06167721748352051
upright,6.5,0,0.11485673487186432,72.85543823242188,3.3727028369903564,1.1876540184020996,0.00760662043467164,0.04927331209182739,1,False,1.4691838026046753,0.0,False,0.09287545084953308,0.06246239319443703,0.10104941576719284,-0.08940295875072479,0.27818581461906433,-0.05131763219833374,-0.11798867583274841,0.04629354178905487,-0.21005059778690338,0.014255762100219727,0.13813193142414093,0.030810244381427765,0.06897048652172089,0.02640499174594879,-0.19413328170776367,0.04337278753519058,1.0474008321762085,0.9474008083343506,0.9011754393577576,1.0011754035949707,0.9679452776908875,0.8679452538490295,0.8378336429595947,0.9378336668014526,3.2375667095184326,2.4375667572021484,0.42613092064857483,-0.3738690912723541,4.30300760269165,3.3030076026916504,-0.23984070122241974,-1.2398407459259033,-2.6337685585021973,-1.1337685585021973,-2.6211698055267334,-1.1211698055267334,-2.6377174854278564,-1.1377174854278564,-1.438348650932312,0.06165134906768799
upright,6.5200000000000005,0,0.11485616862773895,72.8559341430664,3.37111496925354,1.1876609325408936,0.007497970014810562,0.04553312808275223,1,False,1.4691905975341797,0.0,False,0.09287694096565247,0.06246153265237808,0.10104990750551224,-0.08940281718969345,0.27818459272384644,-0.051314473152160645,-0.11799050867557526,0.04629306495189667,-0.2100491225719452,0.014249861240386963,0.1381305456161499,0.030807234346866608,0.0689692571759224,0.02640712261199951,-0.19413326680660248,0.04337465763092041,1.047401785850525,0.947401762008667,0.9011821150779724,1.0011820793151855,0.9679878950119019,0.867987871170044,0.8378413319587708,0.9378413558006287,3.237582206726074,2.43758225440979,0.4261569678783417,-0.3738430440425873,4.3030219078063965,3.3030219078063965,-0.23983441293239594,-1.2398344278335571,-2.6337733268737793,-1.1337733268737793,-2.6211652755737305,-1.1211652755737305,-2.6377182006835938,-1.1377182006835938,-1.4383529424667358,0.06164705753326416
upright,6.54,0,0.11485632508993149,72.85557556152344,3.371652126312256,1.1876558065414429,0.007483680732548237,0.04200664907693863,1,False,1.4691886901855469,0.0,False,0.09287694096565247,0.06246208772063255,0.10104966908693314,-0.0894021987915039,0.27819034457206726,-0.05132347345352173,-0.11798592656850815,0.04629342257976532,-0.21004942059516907,0.014251768589019775,0.1381320059299469,0.030809223651885986,0.06897014379501343,0.02641110122203827,-0.19413545727729797,0.043375760316848755,1.0473982095718384,0.9473981857299805,0.9011542201042175,1.0011541843414307,0.9679660201072693,0.8679659962654114,0.8378469944000244,0.9378470182418823,3.2375805377960205,2.4375805854797363,0.42607277631759644,-0.3739272356033325,4.303017616271973,3.3030176162719727,-0.23983655869960785,-1.239836573600769,-2.6337740421295166,-1.1337740421295166,-2.6211659908294678,-1.1211659908294678,-2.637711763381958,-1.137711763381958,-1.4383314847946167,0.0616685152053833
upright,6.5600000000000005,0,0.11485706269741058,72.8554916381836,3.3728370666503906,1.187654733657837,0.0073579759337008,0.04456865042448044,1,False,1.4691853523254395,0.0,False,0.09287630021572113,0.06246267631649971,0.10104935616254807,-0.08940251171588898,0.2781892418861389,-0.051321059465408325,-0.11798706650733948,0.04629373550415039,-0.21005010604858398,0.01425507664680481,0.1381319761276245,0.030810557305812836,0.0689706951379776,0.02640625834465027,-0.194133922457695,0.04337316006422043,1.0473991632461548,0.9473991394042969,0.9011625647544861,1.0011625289916992,0.967948317527771,0.8679482936859131,0.8378355503082275,0.9378355741500854,3.2375705242156982,2.437570571899414,0.42609137296676636,-0.3739086389541626,4.303012371063232,3.3030123710632324,-0.23984114825725555,-1.239841103553772,-2.633772134780884,-1.1337721347808838,-2.621164560317993,-1.1211645603179932,-2.637716054916382,-1.1377160549163818,-1.4383424520492554,0.06165754795074463
upright,6.58,0,0.11485740542411804,72.85523986816406,3.373643159866333,1.1876511573791504,0.007618053816258907,0.04389224946498871,1,False,1.4691818952560425,0.0,False,0.09287530183792114,0.06246330216526985,0.10104912519454956,-0.08940236270427704,0.2781869173049927,-0.05132290720939636,-0.11798586696386337,0.046292707324028015,-0.21005085110664368,0.014258056879043579,0.1381329447031021,0.03081212192773819,0.06897154450416565,0.026410013437271118,-0.19413599371910095,0.04337422549724579,1.0473970174789429,0.947396993637085,0.9011601209640503,1.0011601448059082,0.9679245948791504,0.8679245710372925,0.8378406763076782,0.9378407001495361,3.2375612258911133,2.437561273574829,0.42609861493110657,-0.3739013969898224,4.303003311157227,3.3030033111572266,-0.23984311521053314,-1.2398431301116943,-2.6337687969207764,-1.1337687969207764,-2.6211791038513184,-1.1211791038513184,-2.637714147567749,-1.137714147567749,-1.4383234977722168,0.0616765022277832
upright,6.6000000000000005,0,0.1148567944765091,72.85542297363281,3.3727316856384277,1.1876537799835205,0.007602131459861994,0.049252819269895554,1,False,1.4691840410232544,0.0,False,0.09287543594837189,0.0624624565243721,0.10104946792125702,-0.08940296620130539,0.2781856656074524,-0.05131766200065613,-0.11798860877752304,0.04629351198673248,-0.2100505530834198,0.014255911111831665,0.13813181221485138,0.03081035614013672,0.06897063553333282,0.026405155658721924,-0.19413331151008606,0.04337283968925476,1.0474010705947876,0.9474010467529297,0.9011754393577576,1.0011754035949707,0.9679450988769531,0.8679450750350952,0.8378337025642395,0.9378337264060974,3.2375664710998535,2.4375665187835693,0.42613154649734497,-0.373868465423584,4.303008079528809,3.3030080795288086,-0.23984117805957794,-1.2398412227630615,-2.6337685585021973,-1.1337685585021973,-2.6211705207824707,-1.1211705207824707,-2.6377182006835938,-1.1377182006835938,-1.4383478164672852,0.061652183532714844
upright,6.62,0,0.11485619097948074,72.8559341430664,3.371119976043701,1.187661051750183,0.0074907513335347176,0.045534975826740265,1,False,1.4691904783248901,0.0,False,0.09287688136100769,0.06246153265237808,0.10104991495609283,-0.08940279483795166,0.2781844735145569,-0.05131450295448303,-0.11799050867557526,0.04629310965538025,-0.2100490927696228,0.014249831438064575,0.13813060522079468,0.030807174742221832,0.0689692422747612,0.02640722692012787,-0.19413335621356964,0.04337469860911369,1.047401785850525,0.947401762008667,0.9011823534965515,1.0011823177337646,0.9679872989654541,0.8679872751235962,0.8378415107727051,0.937841534614563,3.237581729888916,2.437581777572632,0.42615726590156555,-0.3738427460193634,4.3030219078063965,3.3030219078063965,-0.23983420431613922,-1.239834189414978,-2.6337730884552,-1.1337730884552002,-2.6211657524108887,-1.1211657524108887,-2.6377179622650146,-1.1377179622650146,-1.4383528232574463,0.06164717674255371
upright,6.640000000000001,0,0.11485639959573746,72.85562133789062,3.3716468811035156,1.1876565217971802,0.007489998359233141,0.04207826033234596,1,False,1.4691886901855469,0.0,False,0.09287680685520172,0.06246207281947136,0.10104971379041672,-0.08940218389034271,0.2781902253627777,-0.05132347345352173,-0.1179858148097992,0.046293675899505615,-0.21004928648471832,0.014251947402954102,0.13813184201717377,0.030809268355369568,0.06897007673978806,0.026411131024360657,-0.19413548707962036,0.04337575286626816,1.047398328781128,0.94739830493927,0.9011550545692444,1.0011550188064575,0.9679656624794006,0.8679656386375427,0.837847113609314,0.9378471374511719,3.237579822540283,2.437579870223999,0.42607182264328003,-0.3739281892776489,4.303018093109131,3.303018093109131,-0.23983636498451233,-1.23983633518219,-2.6337735652923584,-1.1337735652923584,-2.621166467666626,-1.121166467666626,-2.6377127170562744,-1.1377127170562744,-1.4383318424224854,0.06166815757751465
upright,6.66,0,0.1148570254445076,72.85551452636719,3.3728246688842773,1.187654972076416,0.007364373188465834,0.044415540993213654,1,False,1.4691855907440186,0.0,False,0.0928763598203659,0.06246252730488777,0.10104944556951523,-0.08940267562866211,0.2781892418861389,-0.051320940256118774,-0.11798705160617828,0.04629389941692352,-0.21004991233348846,0.014254719018936157,0.13813211023807526,0.03081049770116806,0.06897067278623581,0.02640637755393982,-0.19413384795188904,0.043373264372348785,1.047399640083313,0.9473996162414551,0.9011631608009338,1.001163125038147,0.9679492712020874,0.8679492473602295,0.8378362655639648,0.9378362894058228,3.2375712394714355,2.4375712871551514,0.4260912537574768,-0.37390875816345215,4.303012847900391,3.3030128479003906,-0.23984120786190033,-1.2398412227630615,-2.633772373199463,-1.133772373199463,-2.621164083480835,-1.121164083480835,-2.6377151012420654,-1.1377151012420654,-1.4383423328399658,0.06165766716003418
upright,6.68,0,0.11485746502876282,72.85520935058594,3.373629093170166,1.1876505613327026,0.0076262569054961205,0.043885692954063416,1,False,1.469181776046753,0.0,False,0.09287525713443756,0.062463369220495224,0.10104906558990479,-0.08940224349498749,0.2781868875026703,-0.051322728395462036,-0.11798587441444397,0.04629287123680115,-0.2100508064031601,0.01425817608833313,0.13813287019729614,0.030812256038188934,0.0689716711640358,0.026410222053527832,-0.19413605332374573,0.04337433725595474,1.0473966598510742,0.9473966360092163,0.9011602997779846,1.0011602640151978,0.9679237604141235,0.8679237365722656,0.8378408551216125,0.9378408789634705,3.2375612258911133,2.437561273574829,0.4260987341403961,-0.37390127778053284,4.303003311157227,3.3030033111572266,-0.23984356224536896,-1.2398436069488525,-2.6337687969207764,-1.1337687969207764,-2.6211788654327393,-1.1211788654327393,-2.637714385986328,-1.1377143859863281,-1.4383221864700317,0.06167781352996826
upright,6.7,0,0.11485670506954193,72.85543823242188,3.3726398944854736,1.1876540184020996,0.007597176358103752,0.04922039434313774,1,False,1.4691839218139648,0.0,False,0.09287552535533905,0.06246253103017807,0.10104940086603165,-0.08940292149782181,0.27818572521209717,-0.05131760239601135,-0.11798863857984543,0.04629354178905487,-0.2100505381822586,0.014255493879318237,0.13813188672065735,0.030809961259365082,0.06897058337926865,0.02640528976917267,-0.19413341581821442,0.043372951447963715,1.0474010705947876,0.9474010467529297,0.9011757373809814,1.0011757612228394,0.9679468274116516,0.8679468035697937,0.8378340601921082,0.9378340840339661,3.2375664710998535,2.4375665187835693,0.4261319041252136,-0.37386810779571533,4.30300760269165,3.3030076026916504,-0.23984099924564362,-1.2398409843444824,-2.6337687969207764,-1.1337687969207764,-2.6211705207824707,-1.1211705207824707,-2.6377172470092773,-1.1377172470092773,-1.4383476972579956,0.061652302742004395
upright,6.72,0,0.11485616117715836,72.85589599609375,3.371199607849121,1.1876603364944458,0.007490065414458513,0.045508209615945816,1,False,1.4691901206970215,0.0,False,0.09287667274475098,0.062461551278829575,0.10104986280202866,-0.08940282464027405,0.2781844735145569,-0.051314592361450195,-0.11799046397209167,0.04629291594028473,-0.21004916727542877,0.014250099658966064,0.13813036680221558,0.03080705553293228,0.06896896660327911,0.026407107710838318,-0.19413331151008606,0.043374620378017426,1.047401785850525,0.947401762008667,0.9011812806129456,1.0011812448501587,0.9679872989654541,0.8679872751235962,0.8378414511680603,0.9378414750099182,3.2375807762145996,2.4375808238983154,0.42615699768066406,-0.3738430142402649,4.303021430969238,3.3030214309692383,-0.23983372747898102,-1.2398337125778198,-2.633772611618042,-1.133772611618042,-2.6211657524108887,-1.1211657524108887,-2.6377196311950684,-1.1377196311950684,-1.438353419303894,0.06164658069610596
upright,6.74,0,0.11485636979341507,72.8556137084961,3.371668815612793,1.187656283378601,0.007482211105525494,0.042148299515247345,1,False,1.4691885709762573,0.0,False,0.09287670254707336,0.06246206909418106,0.10104970633983612,-0.0894022285938263,0.2781901955604553,-0.051323533058166504,-0.11798574030399323,0.04629364609718323,-0.21004928648471832,0.014251947402954102,0.13813187181949615,0.0308091938495636,0.06897006928920746,0.026411190629005432,-0.19413548707962036,0.04337576776742935,1.0473984479904175,0.9473984241485596,0.901154637336731,1.0011546611785889,0.9679654836654663,0.8679654598236084,0.837847113609314,0.9378471374511719,3.237579107284546,2.4375791549682617,0.42607176303863525,-0.3739282488822937,4.303017616271973,3.3030176162719727,-0.23983637988567352,-1.23983633518219,-2.6337730884552,-1.1337730884552002,-2.621166706085205,-1.121166706085205,-2.6377127170562744,-1.1377127170562744,-1.4383314847946167,0.0616685152053833
upright,6.76,0,0.114857017993927,72.85546112060547,3.3728461265563965,1.1876542568206787,0.007373737636953592,0.04448161646723747,1,False,1.469185471534729,0.0,False,0.09287627041339874,0.06246265396475792,0.10104935616254807,-0.08940260112285614,0.2781892418861389,-0.05132114887237549,-0.11798703670501709,0.046293750405311584,-0.21004992723464966,0.014255046844482422,0.13813206553459167,0.030810847878456116,0.06897077709436417,0.02640625834465027,-0.1941339075565338,0.04337320476770401,1.0473994016647339,0.947399377822876,0.9011622071266174,1.0011621713638306,0.9679481983184814,0.8679481744766235,0.8378352522850037,0.9378352761268616,3.2375705242156982,2.437570571899414,0.4260907769203186,-0.37390923500061035,4.303013324737549,3.303013324737549,-0.23984135687351227,-1.239841341972351,-2.633772373199463,-1.133772373199463,-2.621164321899414,-1.121164321899414,-2.6377158164978027,-1.1377158164978027,-1.4383426904678345,0.06165730953216553
upright,6.78,0,0.11485743522644043,72.855224609375,3.3736608028411865,1.1876509189605713,0.007633196655660868,0.04393767938017845,1,False,1.4691822528839111,0.0,False,0.09287528693675995,0.062463223934173584,0.10104911774396896,-0.08940234780311584,0.27818697690963745,-0.05132269859313965,-0.11798591911792755,0.046292781829833984,-0.21005068719387054,0.014258146286010742,0.13813285529613495,0.030812352895736694,0.06897161155939102,0.0264100581407547,-0.19413600862026215,0.04337421804666519,1.0473971366882324,0.9473971128463745,0.9011600017547607,1.0011600255966187,0.9679244756698608,0.8679244518280029,0.8378405570983887,0.9378405809402466,3.2375619411468506,2.4375619888305664,0.42609870433807373,-0.3739013075828552,4.303004741668701,3.303004741668701,-0.23984365165233612,-1.2398436069488525,-2.6337687969207764,-1.1337687969207764,-2.621178388595581,-1.121178388595581,-2.6377148628234863,-1.1377148628234863,-1.43832266330719,0.06167733669281006
upright,6.8,0,0.11485674977302551,72.85542297363281,3.372677803039551,1.1876537799835205,0.007601021323353052,0.049245595932006836,1,False,1.4691840410232544,0.0,False,0.09287552535533905,0.0624624565243721,0.10104938596487045,-0.08940298855304718,0.27818572521209717,-0.05131763219833374,-0.11798860132694244,0.04629361629486084,-0.21005046367645264,0.014255791902542114,0.13813179731369019,0.030810244381427765,0.06897056847810745,0.026405081152915955,-0.19413331151008606,0.04337282478809357,1.0474010705947876,0.9474010467529297,0.9011755585670471,1.0011755228042603,0.967945396900177,0.8679453730583191,0.8378340005874634,0.9378340244293213,3.2375667095184326,2.4375667572021484,0.42613133788108826,-0.3738686740398407,4.303008079528809,3.3030080795288086,-0.2398413121700287,-1.239841341972351,-2.6337687969207764,-1.1337687969207764,-2.6211705207824707,-1.1211705207824707,-2.6377179622650146,-1.1377179622650146,-1.4383479356765747,0.06165206432342529
upright,6.82,0,0.11485616862773895,72.85591888427734,3.3711514472961426,1.1876606941223145,0.0074991099536418915,0.04554184526205063,1,False,1.4691905975341797,0.0,False,0.09287682175636292,0.0624614842236042,0.10104989260435104,-0.08940289169549942,0.27818453311920166,-0.05131456255912781,-0.11799047142267227,0.04629313945770264,-0.21004921197891235,0.014249950647354126,0.13813051581382751,0.030807122588157654,0.06896935403347015,0.026407241821289062,-0.1941332221031189,0.043374739587306976,1.0474021434783936,0.9474021196365356,0.9011823534965515,1.0011823177337646,0.967987596988678,0.8679875731468201,0.8378416299819946,0.9378416538238525,3.237581729888916,2.437581777572632,0.42615649104118347,-0.3738435208797455,4.303021430969238,3.3030214309692383,-0.23983478546142578,-1.2398347854614258,-2.6337733268737793,-1.1337733268737793,-2.6211657524108887,-1.1211657524108887,-2.637718439102173,-1.1377184391021729,-1.4383522272109985,0.061647772789001465
upright,6.84,0,0.1148562952876091,72.85559844970703,3.371623992919922,1.187656044960022,0.0074763516895473,0.0420445092022419,1,False,1.4691884517669678,0.0,False,0.0928768515586853,0.06246207281947136,0.10104969143867493,-0.08940224349498749,0.2781902253627777,-0.05132362246513367,-0.11798576265573502,0.0462934672832489,-0.21004943549633026,0.014251768589019775,0.13813194632530212,0.030808866024017334,0.06897018104791641,0.026411280035972595,-0.19413544237613678,0.04337586462497711,1.047398328781128,0.94739830493927,0.9011542797088623,1.0011543035507202,0.9679664969444275,0.8679664731025696,0.8378473520278931,0.937847375869751,3.237579822540283,2.437579870223999,0.42607250809669495,-0.373927503824234,4.303016185760498,3.303016185760498,-0.2398367077112198,-1.2398366928100586,-2.6337738037109375,-1.1337738037109375,-2.621166706085205,-1.121166706085205,-2.637712240219116,-1.1377122402191162,-1.4383313655853271,0.06166863441467285
upright,6.86,0,0.1148570254445076,72.8554916381836,3.372849225997925,1.187654733657837,0.0073698461055755615,0.044385358691215515,1,False,1.469185471534729,0.0,False,0.09287631511688232,0.06246263161301613,0.10104939341545105,-0.08940263092517853,0.2781893014907837,-0.05132102966308594,-0.11798709630966187,0.046293795108795166,-0.21004997193813324,0.01425480842590332,0.13813209533691406,0.030810527503490448,0.06897080689668655,0.026406317949295044,-0.1941339075565338,0.043373219668865204,1.0473994016647339,0.947399377822876,0.9011626839637756,1.0011626482009888,0.9679490923881531,0.8679490685462952,0.8378357887268066,0.9378358125686646,3.2375710010528564,2.4375710487365723,0.42609119415283203,-0.3739088177680969,4.303012847900391,3.3030128479003906,-0.2398412674665451,-1.2398412227630615,-2.633772134780884,-1.1337721347808838,-2.621164083480835,-1.121164083480835,-2.6377155780792236,-1.1377155780792236,-1.4383424520492554,0.06165754795074463
upright,6.88,0,0.11485741287469864,72.855224609375,3.373600959777832,1.1876509189605713,0.007629547268152237,0.043823350220918655,1,False,1.469182014465332,0.0,False,0.09287527203559875,0.06246330589056015,0.10104908794164658,-0.08940225839614868,0.2781867980957031,-0.05132266879081726,-0.11798583716154099,0.04629284143447876,-0.21005071699619293,0.014257878065109253,0.13813303411006927,0.03081224113702774,0.06897158920764923,0.026410073041915894,-0.1941358745098114,0.043374285101890564,1.0473968982696533,0.9473968744277954,0.9011602997779846,1.0011602640151978,0.9679246544837952,0.8679246306419373,0.8378407955169678,0.9378408193588257,3.2375619411468506,2.4375619888305664,0.42609894275665283,-0.3739010691642761,4.303004264831543,3.303004264831543,-0.23984357714653015,-1.2398436069488525,-2.6337687969207764,-1.1337687969207764,-2.62117862701416,-1.1211786270141602,-2.6377131938934326,-1.1377131938934326,-1.4383227825164795,0.06167721748352051
upright,6.9,0,0.11485673487186432,72.85545349121094,3.3726561069488525,1.1876541376113892,0.007593424059450626,0.04927302151918411,1,False,1.4691838026046753,0.0,False,0.09287558495998383,0.0624624565243721,0.10104943066835403,-0.08940303325653076,0.2781856060028076,-0.051317691802978516,-0.11798853427171707,0.046293631196022034,-0.2100505530834198,0.0142555832862854,0.13813182711601257,0.030809909105300903,0.0689704567193985,0.026405051350593567,-0.19413325190544128,0.043372828513383865,1.0474013090133667,0.9474012851715088,0.9011757373809814,1.0011757612228394,0.9679462313652039,0.867946207523346,0.837833821773529,0.937833845615387,3.2375664710998535,2.4375665187835693,0.4261310398578644,-0.3738689720630646,4.303007125854492,3.303007125854492,-0.23984071612358093,-1.2398407459259033,-2.6337687969207764,-1.1337687969207764,-2.621170997619629,-1.121170997619629,-2.6377172470092773,-1.1377172470092773,-1.438348650932312,0.06165134906768799
upright,6.92,0,0.11485619097948074,72.85589599609375,3.3712172508239746,1.1876603364944458,0.007489057257771492,0.04555346816778183,1,False,1.4691901206970215,0.0,False,0.09287671744823456,0.06246151775121689,0.10104985535144806,-0.0894029438495636,0.2781842052936554,-0.051314741373062134,-0.11799031496047974,0.046293050050735474,-0.21004921197891235,0.01425015926361084,0.13813051581382751,0.03080705553293228,0.06896907091140747,0.026407063007354736,-0.1941332072019577,0.04337462782859802,1.0474019050598145,0.9474018812179565,0.9011818766593933,1.0011818408966064,0.9679864645004272,0.8679864406585693,0.837841272354126,0.9378412961959839,3.2375810146331787,2.4375810623168945,0.4261569082736969,-0.37384310364723206,4.303020477294922,3.303020477294922,-0.23983410000801086,-1.2398340702056885,-2.633772850036621,-1.133772850036621,-2.6211671829223633,-1.1211671829223633,-2.637718677520752,-1.137718677520752,-1.438353180885315,0.06164681911468506
upright,6.94,0,0.11485635489225388,72.8556137084961,3.371674060821533,1.1876564025878906,0.007486640475690365,0.04211568459868431,1,False,1.4691885709762573,0.0,False,0.09287670254707336,0.062462057918310165,0.10104972869157791,-0.08940216153860092,0.27819013595581055,-0.051323652267456055,-0.11798571795225143,0.046293601393699646,-0.21004942059516907,0.014252007007598877,0.13813190162181854,0.03080916404724121,0.06897011399269104,0.026411235332489014,-0.19413545727729797,0.043375857174396515,1.047398328781128,0.94739830493927,0.9011547565460205,1.0011547803878784,0.967965841293335,0.867965817451477,0.8378474712371826,0.9378474950790405,3.237579822540283,2.437579870223999,0.42607203125953674,-0.3739279806613922,4.3030171394348145,3.3030171394348145,-0.23983658850193024,-1.239836573600769,-2.6337730884552,-1.1337730884552002,-2.621166944503784,-1.1211669445037842,-2.6377127170562744,-1.1377127170562744,-1.4383313655853271,0.06166863441467285
upright,6.96,0,0.11485698074102402,72.85547637939453,3.372825860977173,1.1876543760299683,0.007378981448709965,0.04448167234659195,1,False,1.469185709953308,0.0,False,0.09287616610527039,0.06246252357959747,0.10104942321777344,-0.08940252661705017,0.27818912267684937,-0.05132099986076355,-0.1179870143532753,0.04629383981227875,-0.2100498080253601,0.014254838228225708,0.1381319761276245,0.030810736119747162,0.06897078454494476,0.02640625834465027,-0.19413381814956665,0.04337318241596222,1.0473995208740234,0.9473994970321655,0.9011626839637756,1.0011626482009888,0.9679491519927979,0.8679491281509399,0.8378359079360962,0.9378359317779541,3.2375712394714355,2.4375712871551514,0.4260912239551544,-0.37390878796577454,4.303013801574707,3.303013801574707,-0.23984144628047943,-1.2398414611816406,-2.6337718963623047,-1.1337718963623047,-2.621164321899414,-1.121164321899414,-2.6377158164978027,-1.1377158164978027,-1.4383424520492554,0.06165754795074463
upright,6.98,0,0.11485740542411804,72.85520935058594,3.3736555576324463,1.1876506805419922,0.007615020498633385,0.04390202462673187,1,False,1.469182014465332,0.0,False,0.09287528693675995,0.062463220208883286,0.10104911774396896,-0.08940231800079346,0.2781868278980255,-0.051322758197784424,-0.11798583716154099,0.046292781829833984,-0.21005067229270935,0.014257878065109253,0.13813301920890808,0.03081236034631729,0.06897151470184326,0.0264100581407547,-0.19413594901561737,0.043374236673116684,1.0473971366882324,0.9473971128463745,0.9011601209640503,1.0011601448059082,0.9679242968559265,0.8679242730140686,0.8378406167030334,0.9378406405448914,3.2375619411468506,2.4375619888305664,0.4260987937450409,-0.37390121817588806,4.303004741668701,3.303004741668701,-0.23984301090240479,-1.2398430109024048,-2.6337690353393555,-1.1337690353393555,-2.6211791038513184,-1.1211791038513184,-2.6377131938934326,-1.1377131938934326,-1.4383234977722168,0.0616765022277832
upright,7.0,0,0.11485674232244492,72.85546112060547,3.3726720809936523,1.1876543760299683,0.007607690989971161,0.04933002218604088,1,False,1.4691842794418335,0.0,False,0.09287554025650024,0.0624624602496624,0.10104940831661224,-0.08940302580595016,0.2781856954097748,-0.051317453384399414,-0.11798861622810364,0.046293750405311584,-0.21005035936832428,0.014255642890930176,0.13813170790672302,0.03081013262271881,0.06897056847810745,0.026405364274978638,-0.19413340091705322,0.043372973799705505,1.0474014282226562,0.9474014043807983,0.9011763334274292,1.001176357269287,0.9679470658302307,0.8679470419883728,0.8378342390060425,0.9378342628479004,3.2375664710998535,2.4375665187835693,0.4261315166950226,-0.37386849522590637,4.303009033203125,3.303009033203125,-0.239841029047966,-1.2398409843444824,-2.6337687969207764,-1.1337687969207764,-2.6211702823638916,-1.1211702823638916,-2.637718439102173,-1.1377184391021729,-1.4383476972579956,0.061652302742004395
upright,7.0200000000000005,0,0.11485616862773895,72.85591125488281,3.3711273670196533,1.187660574913025,0.007489218842238188,0.04559267684817314,1,False,1.4691905975341797,0.0,False,0.0928768515586853,0.062461577355861664,0.10104986280202866,-0.08940283209085464,0.27818435430526733,-0.05131462216377258,-0.11799037456512451,0.046293050050735474,-0.21004900336265564,0.014249980449676514,0.13813051581382751,0.030807316303253174,0.06896927207708359,0.026407167315483093,-0.19413328170776367,0.04337466508150101,1.0474015474319458,0.9474015235900879,0.901182234287262,1.001182198524475,0.967987060546875,0.8679870367050171,0.8378412127494812,0.9378412365913391,3.237581253051758,2.4375813007354736,0.42615726590156555,-0.3738427460193634,4.303022861480713,3.303022861480713,-0.2398344874382019,-1.2398345470428467,-2.6337733268737793,-1.1337733268737793,-2.621166706085205,-1.121166706085205,-2.637718915939331,-1.137718915939331,-1.4383529424667358,0.06164705753326416
upright,7.04,0,0.1148563027381897,72.85565185546875,3.3715767860412598,1.1876569986343384,0.0074801151640713215,0.04214857891201973,1,False,1.4691888093948364,0.0,False,0.0928768664598465,0.06246209889650345,0.10104971379041672,-0.08940224349498749,0.27819016575813293,-0.05132359266281128,-0.11798577010631561,0.04629364609718323,-0.2100493311882019,0.014251679182052612,0.13813194632530212,0.03080899268388748,0.06897012144327164,0.02641122043132782,-0.19413551688194275,0.04337584227323532,1.047398328781128,0.94739830493927,0.9011549949645996,1.0011550188064575,0.9679670929908752,0.8679670691490173,0.8378474712371826,0.9378474950790405,3.237579584121704,2.43757963180542,0.4260723292827606,-0.37392768263816833,4.303017616271973,3.3030176162719727,-0.2398367077112198,-1.2398366928100586,-2.6337738037109375,-1.1337738037109375,-2.6211671829223633,-1.1211671829223633,-2.637712240219116,-1.1377122402191162,-1.438331127166748,0.06166887283325195
upright,7.0600000000000005,0,0.11485694348812103,72.85550689697266,3.3727171421051025,1.1876548528671265,0.007374688517302275,0.044472530484199524,1,False,1.4691858291625977,0.0,False,0.09287634491920471,0.06246260181069374,0.10104937106370926,-0.08940264582633972,0.27818915247917175,-0.051320940256118774,-0.1179870143532753,0.046293944120407104,-0.21004974842071533,0.014254748821258545,0.13813187181949615,0.03081054985523224,0.06897073239088058,0.02640630304813385,-0.19413381814956665,0.0433732345700264,1.047399640083313,0.9473996162414551,0.9011629819869995,1.0011630058288574,0.9679505228996277,0.8679504990577698,0.8378362059593201,0.937836229801178,3.2375710010528564,2.4375710487365723,0.4260910749435425,-0.3739089369773865,4.303013801574707,3.303013801574707,-0.23984146118164062,-1.2398414611816406,-2.633772611618042,-1.133772611618042,-2.621164321899414,-1.121164321899414,-2.637716293334961,-1.137716293334961,-1.4383424520492554,0.06165754795074463
upright,7.08,0,0.11485744267702103,72.85526275634766,3.373619794845581,1.1876513957977295,0.0076223635114729404,0.0438857227563858,1,False,1.4691821336746216,0.0,False,0.09287527203559875,0.062463294714689255,0.10104908049106598,-0.08940239995718002,0.2781868577003479,-0.05132266879081726,-0.11798582971096039,0.04629300534725189,-0.21005071699619293,0.014258205890655518,0.13813285529613495,0.03081241250038147,0.06897160410881042,0.02641010284423828,-0.19413596391677856,0.043374255299568176,1.0473970174789429,0.947396993637085,0.9011608362197876,1.0011608600616455,0.967924177646637,0.867924153804779,0.8378408551216125,0.9378408789634705,3.2375612258911133,2.437561273574829,0.4260983467102051,-0.3739016652107239,4.303004741668701,3.303004741668701,-0.2398434579372406,-1.239843487739563,-2.6337687969207764,-1.1337687969207764,-2.62117862701416,-1.1211786270141602,-2.6377146244049072,-1.1377146244049072,-1.43832266330719,0.06167733669281006
upright,7.1000000000000005,0,0.11485675722360611,72.85542297363281,3.372730255126953,1.1876537799835205,0.00759620638564229,0.04915947839617729,1,False,1.4691838026046753,0.0,False,0.09287536144256592,0.0624624639749527,0.10104938596487045,-0.08940290659666061,0.2781856060028076,-0.05131760239601135,-0.11798859387636185,0.04629352688789368,-0.21005050837993622,0.014255821704864502,0.13813184201717377,0.030810311436653137,0.06897050887346268,0.026405125856399536,-0.19413328170776367,0.04337286204099655,1.047400951385498,0.9474009275436401,0.9011754393577576,1.0011754035949707,0.9679449796676636,0.8679449558258057,0.8378337621688843,0.9378337860107422,3.2375659942626953,2.437566041946411,0.4261314868927002,-0.37386852502822876,4.303008079528809,3.3030080795288086,-0.2398407757282257,-1.2398407459259033,-2.6337685585021973,-1.1337685585021973,-2.6211705207824707,-1.1211705207824707,-2.6377177238464355,-1.1377177238464355,-1.438348412513733,0.06165158748626709
upright,7.12,0,0.11485621333122253,72.85591888427734,3.3711917400360107,1.187660574913025,0.007481685373932123,0.04556375369429588,1,False,1.4691907167434692,0.0,False,0.09287691116333008,0.062461499124765396,0.10104987025260925,-0.08940280973911285,0.27818432450294495,-0.05131453275680542,-0.1179904043674469,0.04629313945770264,-0.2100490778684616,0.014249980449676514,0.13813044130802155,0.03080718219280243,0.06896917521953583,0.026407331228256226,-0.19413337111473083,0.04337475448846817,1.047401785850525,0.947401762008667,0.9011825919151306,1.0011825561523438,0.9679878950119019,0.867987871170044,0.8378415703773499,0.9378415942192078,3.237582206726074,2.43758225440979,0.42615747451782227,-0.3738425374031067,4.3030219078063965,3.3030219078063965,-0.23983392119407654,-1.239833950996399,-2.6337733268737793,-1.1337733268737793,-2.621166229248047,-1.1211662292480469,-2.6377193927764893,-1.1377193927764893,-1.4383529424667358,0.06164705753326416
upright,7.140000000000001,0,0.11485636234283447,72.85562896728516,3.3716158866882324,1.1876566410064697,0.007488125003874302,0.04220160096883774,1,False,1.4691885709762573,0.0,False,0.09287677705287933,0.06246209889650345,0.10104970633983612,-0.08940224349498749,0.27819034457206726,-0.051323503255844116,-0.11798577010631561,0.04629369080066681,-0.21004945039749146,0.014252036809921265,0.13813184201717377,0.030809208750724792,0.06896999478340149,0.0264112651348114,-0.19413550198078156,0.043375857174396515,1.047398328781128,0.94739830493927,0.9011550545692444,1.0011550188064575,0.9679659605026245,0.8679659366607666,0.8378472924232483,0.9378473162651062,3.237579107284546,2.4375791549682617,0.42607179284095764,-0.3739282190799713,4.303017616271973,3.3030176162719727,-0.2398359477519989,-1.2398359775543213,-2.6337733268737793,-1.1337733268737793,-2.621166467666626,-1.121166467666626,-2.6377131938934326,-1.1377131938934326,-1.4383320808410645,0.06166791915893555
upright,7.16,0,0.1148570105433464,72.85546112060547,3.3728532791137695,1.1876543760299683,0.007364880293607712,0.04446166753768921,1,False,1.4691855907440186,0.0,False,0.09287627041339874,0.06246260553598404,0.10104940831661224,-0.08940261602401733,0.2781892418861389,-0.0513211190700531,-0.11798705160617828,0.04629373550415039,-0.21004994213581085,0.014254987239837646,0.1381319761276245,0.030810706317424774,0.06897062808275223,0.026406198740005493,-0.194133922457695,0.04337311163544655,1.0473994016647339,0.947399377822876,0.9011622667312622,1.0011622905731201,0.9679487347602844,0.8679487109184265,0.8378351926803589,0.9378352165222168,3.2375707626342773,2.437570810317993,0.4260909855365753,-0.37390902638435364,4.303013324737549,3.303013324737549,-0.23984135687351227,-1.239841341972351,-2.633772373199463,-1.133772373199463,-2.621164560317993,-1.1211645603179932,-2.637716293334961,-1.137716293334961,-1.438342571258545,0.06165742874145508
upright,7.18,0,0.11485742777585983,72.8552474975586,3.3735997676849365,1.1876511573791504,0.007627928629517555,0.04394151642918587,1,False,1.4691821336746216,0.0,False,0.09287525713443756,0.06246323138475418,0.10104909539222717,-0.08940234035253525,0.2781869173049927,-0.05132266879081726,-0.11798583716154099,0.046292975544929504,-0.21005071699619293,0.014258056879043579,0.13813291490077972,0.030812270939350128,0.06897155940532684,0.02641010284423828,-0.19413597881793976,0.04337427020072937,1.0473971366882324,0.9473971128463745,0.9011606574058533,1.0011606216430664,0.9679245352745056,0.8679245114326477,0.8378410339355469,0.9378410577774048,3.2375619411468506,2.4375619888305664,0.4260982871055603,-0.37390172481536865,4.303004264831543,3.303004264831543,-0.2398434430360794,-1.239843487739563,-2.6337690353393555,-1.1337690353393555,-2.62117862701416,-1.1211786270141602,-2.637714147567749,-1.137714147567749,-1.4383225440979004,0.06167745590209961
upright,7.2,0,0.11485672742128372,72.8554458618164,3.372687578201294,1.1876541376113892,0.007598578464239836,0.049252353608608246,1,False,1.4691840410232544,0.0,False,0.0928754210472107,0.06246250495314598,0.10104938596487045,-0.08940295875072479,0.2781856656074524,-0.05131775140762329,-0.11798860877752304,0.04629358649253845,-0.2100505381822586,0.01425585150718689,0.138131782412529,0.030810311436653137,0.06897053867578506,0.026405081152915955,-0.19413328170776367,0.04337283968925476,1.0474010705947876,0.9474010467529297,0.9011756181716919,1.0011756420135498,0.9679457545280457,0.8679457306861877,0.8378337621688843,0.9378337860107422,3.2375659942626953,2.437566041946411,0.42613106966018677,-0.3738689422607422,4.303008556365967,3.303008556365967,-0.23984093964099884,-1.2398409843444824,-2.6337685585021973,-1.1337685585021973,-2.62117075920105,-1.1211707592010498,-2.637718439102173,-1.1377184391021729,-1.4383482933044434,0.06165170669555664
upright,7.22,0,0.11485613137483597,72.85594940185547,3.371065139770508,1.187661051750183,0.00748494453728199,0.04552614688873291,1,False,1.4691909551620483,0.0,False,0.0928768515586853,0.0624614842236042,0.10104990750551224,-0.08940279483795166,0.2781844437122345,-0.051314473152160645,-0.11799047887325287,0.046293169260025024,-0.2100488841533661,0.0142497718334198,0.13813044130802155,0.030807092785835266,0.0689692422747612,0.026407361030578613,-0.19413337111473083,0.043374743312597275,1.0474016666412354,0.9474016427993774,0.9011826515197754,1.0011826753616333,0.9679893255233765,0.8679893016815186,0.8378417491912842,0.9378417730331421,3.237581968307495,2.437582015991211,0.4261573255062103,-0.37384268641471863,4.303023338317871,3.303023338317871,-0.23983430862426758,-1.2398343086242676,-2.633772850036621,-1.133772850036621,-2.6211659908294678,-1.1211659908294678,-2.6377193927764893,-1.1377193927764893,-1.438352346420288,0.061647653579711914
upright,7.24,0,0.11485633254051208,72.85562896728516,3.3716368675231934,1.1876566410064697,0.007476532831788063,0.04204421862959862,1,False,1.469189167022705,0.0,False,0.09287688136100769,0.062462031841278076,0.10104972869157791,-0.08940216153860092,0.2781901955604553,-0.05132359266281128,-0.11798574775457382,0.04629364609718323,-0.21004921197891235,0.014251708984375,0.13813185691833496,0.030809178948402405,0.06897009909152985,0.026411473751068115,-0.19413551688194275,0.04337598383426666,1.0473984479904175,0.9473984241485596,0.9011551141738892,1.001155138015747,0.9679674506187439,0.867967426776886,0.8378477096557617,0.9378477334976196,3.2375805377960205,2.4375805854797363,0.42607223987579346,-0.3739277720451355,4.303018569946289,3.303018569946289,-0.23983623087406158,-1.2398362159729004,-2.6337738037109375,-1.1337738037109375,-2.621166944503784,-1.1211669445037842,-2.6377127170562744,-1.1377127170562744,-1.4383310079574585,0.061668992042541504
upright,7.26,0,0.11485706269741058,72.85546112060547,3.37286639213562,1.1876541376113892,0.007371686398983002,0.04448030889034271,1,False,1.4691853523254395,0.0,False,0.0928763598203659,0.06246266886591911,0.10104930400848389,-0.08940252661705017,0.27818915247917175,-0.05132091045379639,-0.11798708885908127,0.046293824911117554,-0.21005000174045563,0.014254868030548096,0.13813216984272003,0.03081064671278,0.06897074729204178,0.02640634775161743,-0.19413389265537262,0.043373286724090576,1.0473994016647339,0.947399377822876,0.9011624455451965,1.0011624097824097,0.9679478406906128,0.8679478168487549,0.8378355503082275,0.9378355741500854,3.2375710010528564,2.4375710487365723,0.4260914921760559,-0.37390851974487305,4.303012371063232,3.3030123710632324,-0.23984074592590332,-1.2398407459259033,-2.633772850036621,-1.133772850036621,-2.621164083480835,-1.121164083480835,-2.6377148628234863,-1.1377148628234863,-1.4383430480957031,0.061656951904296875
upright,7.28,0,0.11485742032527924,72.8552474975586,3.373603343963623,1.18765127658844,0.007631944492459297,0.04382845386862755,1,False,1.4691822528839111,0.0,False,0.09287534654140472,0.062463220208883286,0.10104908049106598,-0.08940233290195465,0.27818700671195984,-0.05132254958152771,-0.11798591911792755,0.0462929904460907,-0.21005073189735413,0.014257818460464478,0.1381329596042633,0.030812017619609833,0.0689716637134552,0.026410400867462158,-0.19413599371910095,0.04337446019053459,1.0473973751068115,0.9473973512649536,0.9011608362197876,1.0011608600616455,0.9679257869720459,0.867925763130188,0.8378415703773499,0.9378415942192078,3.2375621795654297,2.4375622272491455,0.4260982871055603,-0.37390172481536865,4.303003787994385,3.3030037879943848,-0.2398434579372406,-1.239843487739563,-2.6337692737579346,-1.1337692737579346,-2.6211776733398438,-1.1211776733398438,-2.637713670730591,-1.1377136707305908,-1.438321828842163,0.061678171157836914
upright,7.3,0,0.11485674232244492,72.85542297363281,3.372683525085449,1.1876537799835205,0.007600815501064062,0.04920922964811325,1,False,1.4691835641860962,0.0,False,0.09287531673908234,0.062462422996759415,0.10104943811893463,-0.08940289914608002,0.27818557620048523,-0.051317691802978516,-0.11798854172229767,0.046293556690216064,-0.2100505381822586,0.014255553483963013,0.13813194632530212,0.030810043215751648,0.06897052377462387,0.026405036449432373,-0.19413328170776367,0.0433727502822876,1.047400951385498,0.9474009275436401,0.9011753797531128,1.0011754035949707,0.967945396900177,0.8679453730583191,0.83783358335495,0.9378336071968079,3.2375664710998535,2.4375665187835693,0.42613106966018677,-0.3738689422607422,4.303006649017334,3.303006649017334,-0.23984086513519287,-1.2398408651351929,-2.633768320083618,-1.1337683200836182,-2.62117075920105,-1.1211707592010498,-2.637716770172119,-1.1377167701721191,-1.438348412513733,0.06165158748626709
upright,7.32,0,0.11485616117715836,72.8559341430664,3.3711326122283936,1.187660813331604,0.00750518636777997,0.04564552754163742,1,False,1.4691905975341797,0.0,False,0.09287677705287933,0.06246153637766838,0.10104987770318985,-0.08940285444259644,0.2781844735145569,-0.051314711570739746,-0.11799038201570511,0.046293050050735474,-0.2100490927696228,0.014249980449676514,0.13813048601150513,0.03080718219280243,0.06896931678056717,0.02640719711780548,-0.19413334131240845,0.0433746799826622,1.0474019050598145,0.9474018812179565,0.9011821150779724,1.0011820793151855,0.9679874777793884,0.8679874539375305,0.8378413319587708,0.9378413558006287,3.237581491470337,2.4375815391540527,0.42615655064582825,-0.3738434612751007,4.3030219078063965,3.3030219078063965,-0.23983433842658997,-1.2398343086242676,-2.6337730884552,-1.1337730884552002,-2.621166229248047,-1.1211662292480469,-2.637718677520752,-1.137718677520752,-1.4383527040481567,0.06164729595184326
upright,7.34,0,0.1148563101887703,72.85558319091797,3.3716416358947754,1.1876559257507324,0.0074721756391227245,0.04200645908713341,1,False,1.4691888093948364,0.0,False,0.09287694096565247,0.062462035566568375,0.10104968398809433,-0.0894022285938263,0.2781902849674225,-0.05132359266281128,-0.1179858073592186,0.04629342257976532,-0.21004928648471832,0.014251798391342163,0.13813190162181854,0.030809178948402405,0.06897017359733582,0.026411280035972595,-0.19413547217845917,0.04337584972381592,1.0473984479904175,0.9473984241485596,0.9011541604995728,1.0011541843414307,0.9679665565490723,0.8679665327072144,0.8378471732139587,0.9378471970558167,3.2375805377960205,2.4375805854797363,0.42607247829437256,-0.3739275336265564,4.303018093109131,3.303018093109131,-0.2398369312286377,-1.2398369312286377,-2.6337742805480957,-1.1337742805480957,-2.621166467666626,-1.121166467666626,-2.6377124786376953,-1.1377124786376953,-1.438331127166748,0.06166887283325195
upright,7.36,0,0.11485700309276581,72.85545349121094,3.372846841812134,1.1876541376113892,0.0073754871264100075,0.04448547586798668,1,False,1.4691853523254395,0.0,False,0.09287625551223755,0.06246260926127434,0.10104939341545105,-0.08940260112285614,0.2781892418861389,-0.05132114887237549,-0.11798706650733948,0.04629361629486084,-0.2100500911474228,0.014255106449127197,0.1381320357322693,0.030810706317424774,0.06897077709436417,0.026406317949295044,-0.1941339075565338,0.043373268097639084,1.0473992824554443,0.9473992586135864,0.9011619687080383,1.0011619329452515,0.9679478406906128,0.8679478168487549,0.8378355503082275,0.9378355741500854,3.2375710010528564,2.4375710487365723,0.42609134316444397,-0.373908668756485,4.303012371063232,3.3030123710632324,-0.23984123766422272,-1.2398412227630615,-2.633772373199463,-1.133772373199463,-2.621164560317993,-1.1211645603179932,-2.6377158164978027,-1.1377158164978027,-1.4383429288864136,0.061657071113586426
upright,7.38,0,0.11485740542411804,72.85523986816406,3.3735923767089844,1.1876511573791504,0.007619439624249935,0.043842364102602005,1,False,1.469182014465332,0.0,False,0.09287518262863159,0.062463242560625076,0.10104911774396896,-0.0894022136926651,0.27818700671195984,-0.05132263898849487,-0.11798595637083054,0.04629287123680115,-0.2100508064031601,0.014257997274398804,0.13813291490077972,0.030812159180641174,0.06897161900997162,0.02641013264656067,-0.19413596391677856,0.043374329805374146,1.0473968982696533,0.9473968744277954,0.9011600017547607,1.0011600255966187,0.9679250121116638,0.8679249882698059,0.8378409147262573,0.9378409385681152,3.2375619411468506,2.4375619888305664,0.4260983467102051,-0.3739016652107239,4.303003787994385,3.3030037879943848,-0.2398434579372406,-1.239843487739563,-2.633768320083618,-1.1337683200836182,-2.621178150177002,-1.121178150177002,-2.637714147567749,-1.137714147567749,-1.4383227825164795,0.06167721748352051
upright,7.4,0,0.11485670506954193,72.85543060302734,3.3726701736450195,1.18765389919281,0.007594509981572628,0.04920419678092003,1,False,1.4691836833953857,0.0,False,0.09287537634372711,0.06246240437030792,0.10104939341545105,-0.08940295875072479,0.27818575501441956,-0.051317691802978516,-0.11798863112926483,0.04629342257976532,-0.21005064249038696,0.014255642890930176,0.13813184201717377,0.030809931457042694,0.06897041946649551,0.02640502154827118,-0.19413334131240845,0.043372742831707,1.0474008321762085,0.9474008083343506,0.9011751413345337,1.0011751651763916,0.967946469783783,0.867946445941925,0.8378336429595947,0.9378336668014526,3.2375667095184326,2.4375667572021484,0.4261309802532196,-0.37386903166770935,4.303007125854492,3.303007125854492,-0.23984046280384064,-1.2398405075073242,-2.633768081665039,-1.133768081665039,-2.6211702823638916,-1.1211702823638916,-2.6377177238464355,-1.1377177238464355,-1.4383487701416016,0.06165122985839844
upright,7.42,0,0.11485618352890015,72.85594940185547,3.371091842651367,1.187661051750183,0.007489785086363554,0.04549252986907959,1,False,1.4691909551620483,0.0,False,0.09287682175636292,0.062461551278829575,0.10104986280202866,-0.08940276503562927,0.2781844735145569,-0.051314353942871094,-0.11799048632383347,0.04629319906234741,-0.21004892885684967,0.014249950647354126,0.13813036680221558,0.030807264149188995,0.06896933168172836,0.026407435536384583,-0.19413328170776367,0.04337484389543533,1.047401785850525,0.947401762008667,0.9011826515197754,1.0011826753616333,0.9679882526397705,0.8679882287979126,0.8378419280052185,0.9378419518470764,3.237581491470337,2.4375815391540527,0.4261569380760193,-0.37384307384490967,4.303023338317871,3.303023338317871,-0.23983460664749146,-1.2398345470428467,-2.633772850036621,-1.133772850036621,-2.6211652755737305,-1.1211652755737305,-2.6377196311950684,-1.1377196311950684,-1.438352108001709,0.061647891998291016
upright,7.44,0,0.11485637724399567,72.8556137084961,3.3716225624084473,1.1876564025878906,0.007490199524909258,0.04210744798183441,1,False,1.4691886901855469,0.0,False,0.0928768515586853,0.06246206909418106,0.10104973614215851,-0.08940228819847107,0.27819037437438965,-0.05132344365119934,-0.11798588186502457,0.046293556690216064,-0.21004942059516907,0.01425182819366455,0.13813193142414093,0.03080926090478897,0.06897003203630447,0.026411235332489014,-0.19413542747497559,0.04337587207555771,1.0473982095718384,0.9473981857299805,0.9011549353599548,1.001154899597168,0.9679660201072693,0.8679659962654114,0.8378474712371826,0.9378474950790405,3.237579822540283,2.437579870223999,0.42607206106185913,-0.3739279508590698,4.303018093109131,3.303018093109131,-0.23983600735664368,-1.2398359775543213,-2.6337738037109375,-1.1337738037109375,-2.6211657524108887,-1.1211657524108887,-2.6377124786376953,-1.1377124786376953,-1.4383323192596436,0.061667680740356445
upright,7.46,0,0.1148570105433464,72.85549926757812,3.372755527496338,1.187654733657837,0.007367521524429321,0.04456233233213425,1,False,1.469185709953308,0.0,False,0.09287625551223755,0.0624624565243721,0.10104943811893463,-0.08940260857343674,0.27818921208381653,-0.051320791244506836,-0.11798711121082306,0.04629388451576233,-0.21004989743232727,0.014254659414291382,0.1381320059299469,0.030810438096523285,0.06897076219320297,0.02640630304813385,-0.19413378834724426,0.043373238295316696,1.0473995208740234,0.9473994970321655,0.9011631608009338,1.001163125038147,0.9679501056671143,0.8679500818252563,0.8378360271453857,0.9378360509872437,3.237571954727173,2.4375720024108887,0.42609134316444397,-0.373908668756485,4.303012847900391,3.3030128479003906,-0.23984147608280182,-1.2398414611816406,-2.633772373199463,-1.133772373199463,-2.6211636066436768,-1.1211636066436768,-2.6377153396606445,-1.1377153396606445,-1.4383424520492554,0.06165754795074463
upright,7.48,0,0.11485747992992401,72.855224609375,3.373715400695801,1.1876509189605713,0.0076262615621089935,0.04388857260346413,1,False,1.4691818952560425,0.0,False,0.09287533164024353,0.06246334686875343,0.10104909539222717,-0.08940224349498749,0.27818694710731506,-0.0513228178024292,-0.11798590421676636,0.0462927520275116,-0.21005088090896606,0.01425829529762268,0.13813288509845734,0.03081226348876953,0.06897158920764923,0.026410073041915894,-0.19413591921329498,0.043374303728342056,1.0473968982696533,0.9473968744277954,0.9011600613594055,1.0011600255966187,0.9679238200187683,0.8679237961769104,0.8378409743309021,0.93784099817276,3.2375614643096924,2.437561511993408,0.4260985255241394,-0.37390148639678955,4.303003311157227,3.3030033111572266,-0.2398434281349182,-1.2398433685302734,-2.6337687969207764,-1.1337687969207764,-2.6211788654327393,-1.1211788654327393,-2.6377146244049072,-1.1377146244049072,-1.438322901725769,0.06167709827423096
upright,7.5,0,0.11485674977302551,72.85540771484375,3.37270450592041,1.1876535415649414,0.007597201969474554,0.04923713952302933,1,False,1.4691836833953857,0.0,False,0.0928754210472107,0.062462396919727325,0.10104939341545105,-0.08940295875072479,0.27818557620048523,-0.05131766200065613,-0.11798855662345886,0.04629351198673248,-0.21005062758922577,0.014255732297897339,0.13813187181949615,0.030810073018074036,0.06897051632404327,0.026405200362205505,-0.19413331151008606,0.04337286949157715,1.0474010705947876,0.9474010467529297,0.9011754989624023,1.0011755228042603,0.9679449796676636,0.8679449558258057,0.8378337025642395,0.9378337264060974,3.2375667095184326,2.4375667572021484,0.42613160610198975,-0.3738684058189392,4.303006649017334,3.303006649017334,-0.23984089493751526,-1.2398408651351929,-2.6337685585021973,-1.1337685585021973,-2.621170997619629,-1.121170997619629,-2.6377172470092773,-1.1377172470092773,-1.4383481740951538,0.06165182590484619
upright,7.5200000000000005,0,0.11485618352890015,72.8559341430664,3.371162176132202,1.187660813331604,0.007477818056941032,0.04552890732884407,1,False,1.469190239906311,0.0,False,0.09287679195404053,0.06246156245470047,0.10104984045028687,-0.08940282464027405,0.27818429470062256,-0.051314592361450195,-0.11799038201570511,0.046293094754219055,-0.21004915237426758,0.014250069856643677,0.13813042640686035,0.03080706298351288,0.06896904110908508,0.026407167315483093,-0.19413329660892487,0.04337465018033981,1.0474016666412354,0.9474016427993774,0.9011823534965515,1.0011823177337646,0.9679869413375854,0.8679869174957275,0.8378414511680603,0.9378414750099182,3.2375810146331787,2.4375810623168945,0.4261576533317566,-0.37384235858917236,4.30302095413208,3.30302095413208,-0.2398337870836258,-1.2398338317871094,-2.633772850036621,-1.133772850036621,-2.621166706085205,-1.121166706085205,-2.63771915435791,-1.1377191543579102,-1.438353180885315,0.06164681911468506
upright,7.54,0,0.11485632508993149,72.85559844970703,3.371614694595337,1.1876561641693115,0.0074775684624910355,0.042089834809303284,1,False,1.4691886901855469,0.0,False,0.09287673234939575,0.062462031841278076,0.10104971379041672,-0.08940218389034271,0.27819016575813293,-0.051323533058166504,-0.11798577010631561,0.04629357159137726,-0.21004937589168549,0.014251917600631714,0.13813188672065735,0.03080921620130539,0.06897003948688507,0.02641129493713379,-0.19413554668426514,0.04337584227323532,1.047398328781128,0.94739830493927,0.9011546969413757,1.0011546611785889,0.9679660201072693,0.8679659962654114,0.8378473520278931,0.937847375869751,3.237579345703125,2.437579393386841,0.4260721802711487,-0.3739278316497803,4.303018093109131,3.303018093109131,-0.23983633518218994,-1.23983633518219,-2.6337730884552,-1.1337730884552002,-2.621166706085205,-1.121166706085205,-2.6377127170562744,-1.1377127170562744,-1.4383313655853271,0.06166863441467285
upright,7.5600000000000005,0,0.11485700309276581,72.85546112060547,3.372837543487549,1.1876542568206787,0.007369364611804485,0.04434752091765404,1,False,1.469185471534729,0.0,False,0.09287625551223755,0.062462661415338516,0.10104935616254807,-0.08940258622169495,0.2781893014907837,-0.05132108926773071,-0.11798707395792007,0.04629378020763397,-0.21004995703697205,0.014254987239837646,0.1381320357322693,0.030810773372650146,0.0689709335565567,0.02640637755393982,-0.1941339671611786,0.04337324947118759,1.0473994016647339,0.947399377822876,0.9011620879173279,1.001162052154541,0.9679484367370605,0.8679484128952026,0.8378356099128723,0.9378356337547302,3.2375705242156982,2.437570571899414,0.426090806722641,-0.37390920519828796,4.303013324737549,3.303013324737549,-0.23984146118164062,-1.2398414611816406,-2.633772373199463,-1.133772373199463,-2.621164083480835,-1.121164083480835,-2.6377158164978027,-1.1377158164978027,-1.4383419752120972,0.06165802478790283
upright,7.58,0,0.11485742032527924,72.855224609375,3.373600959777832,1.1876509189605713,0.007629448547959328,0.043904345482587814,1,False,1.469182014465332,0.0,False,0.09287519752979279,0.06246323883533478,0.10104914009571075,-0.08940234780311584,0.2781870365142822,-0.0513225793838501,-0.1179860457777977,0.04629287123680115,-0.21005083620548248,0.014257967472076416,0.13813288509845734,0.03081214427947998,0.06897159665822983,0.026410192251205444,-0.19413599371910095,0.043374303728342056,1.0473970174789429,0.947396993637085,0.9011605381965637,1.0011605024337769,0.9679252505302429,0.867925226688385,0.8378411531448364,0.9378411769866943,3.2375617027282715,2.4375617504119873,0.42609870433807373,-0.3739013075828552,4.303004264831543,3.303004264831543,-0.2398434728384018,-1.239843487739563,-2.6337685585021973,-1.1337685585021973,-2.6211774349212646,-1.1211774349212646,-2.637714385986328,-1.1377143859863281,-1.4383223056793213,0.06167769432067871
upright,7.6000000000000005,0,0.11485671997070312,72.85543823242188,3.372669219970703,1.18765389919281,0.007596849463880062,0.04922310635447502,1,False,1.4691838026046753,0.0,False,0.0928754061460495,0.06246243417263031,0.10104941576719284,-0.0894029289484024,0.2781856060028076,-0.05131766200065613,-0.11798856407403946,0.04629358649253845,-0.2100505232810974,0.014255553483963013,0.13813182711601257,0.030809901654720306,0.06897043436765671,0.02640533447265625,-0.19413331151008606,0.04337294399738312,1.0474010705947876,0.9474010467529297,0.9011756777763367,1.0011756420135498,0.9679460525512695,0.8679460287094116,0.8378341794013977,0.9378342032432556,3.2375662326812744,2.4375662803649902,0.4261312186717987,-0.37386879324913025,4.303007125854492,3.303007125854492,-0.23984065651893616,-1.2398406267166138,-2.6337685585021973,-1.1337685585021973,-2.6211705207824707,-1.1211705207824707,-2.6377174854278564,-1.1377174854278564,-1.4383480548858643,0.06165194511413574
upright,7.62,0,0.11485623568296432,72.85592651367188,3.3711767196655273,1.1876606941223145,0.007493183948099613,0.045550696551799774,1,False,1.4691904783248901,0.0,False,0.09287676215171814,0.0624614953994751,0.10104985535144806,-0.08940291404724121,0.2781842350959778,-0.05131453275680542,-0.11799031496047974,0.04629327356815338,-0.2100491225719452,0.014249920845031738,0.13813045620918274,0.030807003378868103,0.06896921992301941,0.026407331228256226,-0.19413331151008606,0.04337475448846817,1.0474021434783936,0.9474021196365356,0.9011830687522888,1.001183032989502,0.9679874181747437,0.8679873943328857,0.8378418684005737,0.9378418922424316,3.237581253051758,2.4375813007354736,0.42615726590156555,-0.3738427460193634,4.303021430969238,3.3030214309692383,-0.23983408510684967,-1.2398340702056885,-2.6337733268737793,-1.1337733268737793,-2.621166944503784,-1.1211669445037842,-2.637718677520752,-1.137718677520752,-1.4383527040481567,0.06164729595184326
upright,7.640000000000001,0,0.11485633999109268,72.85565948486328,3.371623992919922,1.1876569986343384,0.007479130290448666,0.04209010675549507,1,False,1.4691886901855469,0.0,False,0.09287688136100769,0.06246195361018181,0.10104978084564209,-0.08940231800079346,0.2781902849674225,-0.05132344365119934,-0.11798583716154099,0.046293705701828,-0.21004928648471832,0.014251679182052612,0.13813193142414093,0.030809007585048676,0.06897002458572388,0.026411354541778564,-0.19413554668426514,0.04337593540549278,1.047398567199707,0.9473985433578491,0.9011556506156921,1.0011556148529053,0.9679667949676514,0.8679667711257935,0.837847888469696,0.937847912311554,3.2375800609588623,2.437580108642578,0.42607221007347107,-0.3739278018474579,4.3030171394348145,3.3030171394348145,-0.2398359179496765,-1.2398359775543213,-2.6337733268737793,-1.1337733268737793,-2.621166467666626,-1.121166467666626,-2.637712240219116,-1.1377122402191162,-1.4383316040039062,0.06166839599609375
upright,7.66,0,0.11485704034566879,72.8554916381836,3.372814178466797,1.187654733657837,0.0073745413683354855,0.044490598142147064,1,False,1.4691853523254395,0.0,False,0.09287630021572113,0.06246257945895195,0.10104940831661224,-0.08940254151821136,0.27818918228149414,-0.05132108926773071,-0.11798698455095291,0.046293824911117554,-0.2100500613451004,0.014254778623580933,0.13813216984272003,0.03081049770116806,0.06897073239088058,0.026406332850456238,-0.19413399696350098,0.0433732308447361,1.0473995208740234,0.9473994970321655,0.9011625647544861,1.0011625289916992,0.9679484963417053,0.8679484724998474,0.8378356695175171,0.937835693359375,3.2375714778900146,2.4375715255737305,0.4260912239551544,-0.37390878796577454,4.303011894226074,3.303011894226074,-0.23984085023403168,-1.2398408651351929,-2.633772373199463,-1.133772373199463,-2.6211647987365723,-1.1211647987365723,-2.6377148628234863,-1.1377148628234863,-1.4383429288864136,0.061657071113586426
upright,7.68,0,0.11485742032527924,72.855224609375,3.373659133911133,1.1876509189605713,0.007622937206178904,0.04378749802708626,1,False,1.469182014465332,0.0,False,0.09287530183792114,0.06246321275830269,0.10104911029338837,-0.08940227329730988,0.2781868577003479,-0.051322609186172485,-0.11798594892024994,0.04629291594028473,-0.21005074679851532,0.014257967472076416,0.13813289999961853,0.030812129378318787,0.06897162646055222,0.02641013264656067,-0.19413605332374573,0.04337424039840698,1.0473967790603638,0.9473967552185059,0.901160717010498,1.001160740852356,0.9679247140884399,0.867924690246582,0.837840735912323,0.9378407597541809,3.237562417984009,2.4375624656677246,0.42609903216362,-0.37390097975730896,4.303003787994385,3.3030037879943848,-0.2398434579372406,-1.239843487739563,-2.6337690353393555,-1.1337690353393555,-2.621178388595581,-1.121178388595581,-2.637714147567749,-1.137714147567749,-1.4383221864700317,0.06167781352996826
upright,7.7,0,0.11485675722360611,72.85542297363281,3.372694969177246,1.187653660774231,0.007610010448843241,0.049235690385103226,1,False,1.4691839218139648,0.0,False,0.0928754210472107,0.062462400645017624,0.10104939341545105,-0.08940295875072479,0.27818572521209717,-0.05131754279136658,-0.11798866093158722,0.04629354178905487,-0.21005049347877502,0.014255732297897339,0.13813187181949615,0.03081032633781433,0.06897054612636566,0.02640502154827118,-0.19413331151008606,0.0433727465569973,1.047400951385498,0.9474009275436401,0.9011754393577576,1.0011754035949707,0.9679452776908875,0.8679452538490295,0.8378335237503052,0.9378335475921631,3.2375669479370117,2.4375669956207275,0.4261312782764435,-0.3738687336444855,4.303008079528809,3.3030080795288086,-0.2398410439491272,-1.2398409843444824,-2.6337685585021973,-1.1337685585021973,-2.6211698055267334,-1.1211698055267334,-2.6377172470092773,-1.1377172470092773,-1.438348412513733,0.06165158748626709
upright,7.72,0,0.11485616117715836,72.85589599609375,3.3711891174316406,1.1876602172851562,0.0074926698580384254,0.04554833844304085,1,False,1.4691903591156006,0.0,False,0.0928768515586853,0.06246155872941017,0.10104988515377045,-0.08940276503562927,0.2781844735145569,-0.051314473152160645,-0.11799049377441406,0.046293020248413086,-0.21004903316497803,0.01424989104270935,0.1381305754184723,0.030807219445705414,0.06896936148405075,0.026407048106193542,-0.19413328170776367,0.04337460920214653,1.0474016666412354,0.9474016427993774,0.9011821746826172,1.001182198524475,0.9679869413375854,0.8679869174957275,0.8378410935401917,0.9378411173820496,3.237581729888916,2.437581777572632,0.4261575937271118,-0.37384241819381714,4.3030219078063965,3.3030219078063965,-0.23983445763587952,-1.2398344278335571,-2.633772850036621,-1.133772850036621,-2.6211657524108887,-1.1211657524108887,-2.6377179622650146,-1.1377179622650146,-1.4383530616760254,0.06164693832397461
upright,7.74,0,0.11485632508993149,72.85559844970703,3.371608257293701,1.1876561641693115,0.007479196414351463,0.042061079293489456,1,False,1.4691885709762573,0.0,False,0.09287679195404053,0.062461964786052704,0.10104973614215851,-0.0894022136926651,0.2781902551651001,-0.05132341384887695,-0.11798582971096039,0.04629358649253845,-0.21004930138587952,0.014251619577407837,0.13813196122646332,0.03080900013446808,0.06897005438804626,0.026411309838294983,-0.19413553178310394,0.04337584227323532,1.0473982095718384,0.9473981857299805,0.9011547565460205,1.0011547803878784,0.9679669737815857,0.8679669499397278,0.8378475308418274,0.9378475546836853,3.2375800609588623,2.437580108642578,0.42607253789901733,-0.3739274740219116,4.3030171394348145,3.3030171394348145,-0.23983648419380188,-1.2398364543914795,-2.6337735652923584,-1.1337735652923584,-2.6211659908294678,-1.1211659908294678,-2.637711763381958,-1.137711763381958,-1.4383310079574585,0.061668992042541504
upright,7.76,0,0.11485706269741058,72.85542297363281,3.372934579849243,1.1876537799835205,0.0073644728399813175,0.04437043517827988,1,False,1.4691853523254395,0.0,False,0.09287640452384949,0.06246267259120941,0.10104933381080627,-0.08940257132053375,0.27818918228149414,-0.05132102966308594,-0.1179870143532753,0.04629378020763397,-0.21004998683929443,0.014255046844482422,0.13813212513923645,0.03081069141626358,0.06897089630365372,0.02640630304813385,-0.19413384795188904,0.043373268097639084,1.0473995208740234,0.9473994970321655,0.9011621475219727,1.0011621713638306,0.9679471850395203,0.8679471611976624,0.8378356695175171,0.937835693359375,3.2375710010528564,2.4375710487365723,0.42609119415283203,-0.3739088177680969,4.303012371063232,3.3030123710632324,-0.239841490983963,-1.2398414611816406,-2.633772850036621,-1.133772850036621,-2.621164560317993,-1.1211645603179932,-2.6377153396606445,-1.1377153396606445,-1.438342809677124,0.06165719032287598
upright,7.78,0,0.11485739797353745,72.8552474975586,3.373619318008423,1.1876511573791504,0.007632389198988676,0.04392383620142937,1,False,1.469182014465332,0.0,False,0.0928753912448883,0.06246321648359299,0.10104909539222717,-0.08940239250659943,0.2781868278980255,-0.05132266879081726,-0.11798587441444397,0.04629291594028473,-0.2100508213043213,0.01425790786743164,0.13813292980194092,0.030811958014965057,0.06897170841693878,0.0264100581407547,-0.19413596391677856,0.04337424039840698,1.0473973751068115,0.9473973512649536,0.9011607766151428,1.001160740852356,0.9679256081581116,0.8679255843162537,0.8378409743309021,0.93784099817276,3.2375621795654297,2.4375622272491455,0.42609891295433044,-0.3739010989665985,4.303003311157227,3.3030033111572266,-0.23984383046627045,-1.2398438453674316,-2.6337692737579346,-1.1337692737579346,-2.6211788654327393,-1.1211788654327393,-2.63771390914917,-1.13771390914917,-1.4383223056793213,0.06167769432067871
upright,7.8,0,0.11485673487186432,72.85545349121094,3.3726541996002197,1.1876541376113892,0.0076026031747460365,0.04912064969539642,1,False,1.4691835641860962,0.0,False,0.09287527203559875,0.0624624527990818,0.10104941576719284,-0.08940291404724121,0.2781856954097748,-0.0513174831867218,-0.11798863112926483,0.04629364609718323,-0.2100505530834198,0.014255791902542114,0.13813179731369019,0.030810043215751648,0.0689704492688179,0.026405081152915955,-0.19413340091705322,0.0433727391064167,1.0474008321762085,0.9474008083343506,0.9011755585670471,1.0011755228042603,0.9679455161094666,0.8679454922676086,0.8378336429595947,0.9378336668014526,3.2375659942626953,2.437566041946411,0.4261312186717987,-0.37386879324913025,4.303006649017334,3.303006649017334,-0.23984074592590332,-1.2398407459259033,-2.633767604827881,-1.1337676048278809,-2.6211698055267334,-1.1211698055267334,-2.6377177238464355,-1.1377177238464355,-1.4383479356765747,0.06165206432342529
upright,7.82,0,0.11485621333122253,72.85591888427734,3.3711400032043457,1.187660574913025,0.007493326906114817,0.04555461183190346,1,False,1.4691903591156006,0.0,False,0.09287676215171814,0.06246154382824898,0.10104984045028687,-0.08940284699201584,0.2781844139099121,-0.051314353942871094,-0.11799044907093048,0.046293243765830994,-0.2100491225719452,0.014250069856643677,0.13813045620918274,0.030807077884674072,0.0689692422747612,0.026407212018966675,-0.19413329660892487,0.04337466508150101,1.047401785850525,0.947401762008667,0.9011827707290649,1.0011827945709229,0.9679868817329407,0.8679868578910828,0.8378414511680603,0.9378414750099182,3.2375810146331787,2.4375810623168945,0.4261570870876312,-0.37384292483329773,4.303021430969238,3.3030214309692383,-0.23983436822891235,-1.2398343086242676,-2.6337730884552,-1.1337730884552002,-2.6211657524108887,-1.1211657524108887,-2.63771915435791,-1.1377191543579102,-1.4383525848388672,0.06164741516113281
upright,7.84,0,0.1148563101887703,72.85562896728516,3.3716158866882324,1.1876566410064697,0.007476480677723885,0.042049866169691086,1,False,1.4691888093948364,0.0,False,0.09287680685520172,0.06246205046772957,0.10104972124099731,-0.08940225839614868,0.2781902849674225,-0.05132344365119934,-0.1179858148097992,0.04629364609718323,-0.21004927158355713,0.014251708984375,0.13813194632530212,0.030809149146080017,0.06897012889385223,0.026411250233650208,-0.19413545727729797,0.043375831097364426,1.0473984479904175,0.9473984241485596,0.9011552929878235,1.0011552572250366,0.9679668545722961,0.8679668307304382,0.8378475308418274,0.9378475546836853,3.237579584121704,2.43757963180542,0.4260723888874054,-0.37392762303352356,4.303018093109131,3.303018093109131,-0.23983655869960785,-1.239836573600769,-2.6337733268737793,-1.1337733268737793,-2.621166467666626,-1.121166467666626,-2.637712001800537,-1.137712001800537,-1.438331127166748,0.06166887283325195
upright,7.86,0,0.114857017993927,72.8554916381836,3.3727965354919434,1.1876546144485474,0.007370959967374802,0.04440949484705925,1,False,1.4691855907440186,0.0,False,0.09287625551223755,0.06246265396475792,0.10104933381080627,-0.08940257132053375,0.2781892418861389,-0.05132091045379639,-0.11798707395792007,0.04629389941692352,-0.2100498080253601,0.014254719018936157,0.13813206553459167,0.030810579657554626,0.06897073239088058,0.026406511664390564,-0.194133922457695,0.04337337613105774,1.0473994016647339,0.947399377822876,0.9011629819869995,1.0011630058288574,0.9679495096206665,0.8679494857788086,0.8378360867500305,0.9378361105918884,3.2375707626342773,2.437570810317993,0.42609119415283203,-0.3739088177680969,4.303013324737549,3.303013324737549,-0.23984086513519287,-1.2398408651351929,-2.633772611618042,-1.133772611618042,-2.621164083480835,-1.121164083480835,-2.6377153396606445,-1.1377153396606445,-1.4383426904678345,0.06165730953216553
upright,7.88,0,0.11485742777585983,72.85523986816406,3.373626708984375,1.1876511573791504,0.0076299309730529785,0.043845415115356445,1,False,1.469182014465332,0.0,False,0.09287533164024353,0.06246323138475418,0.10104914009571075,-0.08940234780311584,0.2781869173049927,-0.051322728395462036,-0.11798592656850815,0.04629291594028473,-0.21005085110664368,0.01425790786743164,0.13813303411006927,0.030812174081802368,0.06897153705358505,0.026410117745399475,-0.19413599371910095,0.04337429255247116,1.0473971366882324,0.9473971128463745,0.9011606574058533,1.0011606216430664,0.9679250121116638,0.8679249882698059,0.8378409147262573,0.9378409385681152,3.2375621795654297,2.4375622272491455,0.4260985851287842,-0.3739014267921448,4.303003787994385,3.3030037879943848,-0.2398429661989212,-1.2398430109024048,-2.6337690353393555,-1.1337690353393555,-2.6211788654327393,-1.1211788654327393,-2.6377131938934326,-1.1377131938934326,-1.4383230209350586,0.061676979064941406
upright,7.9,0,0.11485674232244492,72.85543060302734,3.372725009918213,1.18765389919281,0.007593353278934956,0.04927283525466919,1,False,1.4691835641860962,0.0,False,0.09287531673908234,0.06246240437030792,0.10104946792125702,-0.08940288424491882,0.27818563580513,-0.05131775140762329,-0.11798854172229767,0.04629351198673248,-0.2100505828857422,0.014255762100219727,0.13813182711601257,0.03081001341342926,0.06897057592868805,0.02640518546104431,-0.19413334131240845,0.04337288439273834,1.0474008321762085,0.9474008083343506,0.9011754989624023,1.0011755228042603,0.9679455161094666,0.8679454922676086,0.8378340005874634,0.9378340244293213,3.2375662326812744,2.4375662803649902,0.4261312484741211,-0.37386876344680786,4.303006649017334,3.303006649017334,-0.23984074592590332,-1.2398407459259033,-2.63376784324646,-1.13376784324646,-2.62117075920105,-1.1211707592010498,-2.6377177238464355,-1.1377177238464355,-1.438348412513733,0.06165158748626709
upright,7.92,0,0.11485618352890015,72.85590362548828,3.3711514472961426,1.1876603364944458,0.007491882890462875,0.04554115980863571,1,False,1.4691905975341797,0.0,False,0.09287682175636292,0.06246145814657211,0.10104989260435104,-0.08940280973911285,0.27818435430526733,-0.05131462216377258,-0.1179903894662857,0.046293020248413086,-0.21004897356033325,0.014249980449676514,0.13813048601150513,0.030807271599769592,0.0689692497253418,0.02640722692012787,-0.19413331151008606,0.04337470233440399,1.0474016666412354,0.9474016427993774,0.9011817574501038,1.001181721687317,0.9679871201515198,0.8679870963096619,0.8378414511680603,0.9378414750099182,3.237581968307495,2.437582015991211,0.42615705728530884,-0.3738429546356201,4.303022384643555,3.3030223846435547,-0.23983436822891235,-1.2398343086242676,-2.6337730884552,-1.1337730884552002,-2.621166229248047,-1.1211662292480469,-2.637718915939331,-1.137718915939331,-1.4383527040481567,0.06164729595184326
upright,7.94,0,0.11485633254051208,72.8555908203125,3.3716554641723633,1.187656044960022,0.007480670232325792,0.04206002503633499,1,False,1.4691888093948364,0.0,False,0.09287689626216888,0.062462035566568375,0.10104972124099731,-0.08940223604440689,0.2781902849674225,-0.05132362246513367,-0.11798577010631561,0.0462934672832489,-0.21004946529865265,0.014251887798309326,0.13813191652297974,0.030809208750724792,0.06897017359733582,0.026411190629005432,-0.1941353976726532,0.043375857174396515,1.047398328781128,0.94739830493927,0.9011544585227966,1.0011544227600098,0.9679662585258484,0.8679662346839905,0.8378474116325378,0.9378474354743958,3.2375802993774414,2.4375803470611572,0.42607244849205017,-0.3739275634288788,4.303017616271973,3.3030176162719727,-0.23983679711818695,-1.2398368120193481,-2.6337738037109375,-1.1337738037109375,-2.621166706085205,-1.121166706085205,-2.6377124786376953,-1.1377124786376953,-1.4383314847946167,0.0616685152053833
upright,7.96,0,0.1148570105433464,72.85546112060547,3.372830390930176,1.1876543760299683,0.007363034412264824,0.04439934343099594,1,False,1.46918523311615,0.0,False,0.09287625551223755,0.06246259808540344,0.10104939341545105,-0.08940254151821136,0.2781893312931061,-0.05132091045379639,-0.11798707395792007,0.04629376530647278,-0.21004998683929443,0.014254927635192871,0.13813208043575287,0.03081061691045761,0.06897082924842834,0.026406362652778625,-0.19413387775421143,0.043373286724090576,1.0473994016647339,0.947399377822876,0.9011621475219727,1.0011621713638306,0.9679482579231262,0.8679482340812683,0.8378356099128723,0.9378356337547302,3.2375707626342773,2.437570810317993,0.4260912537574768,-0.37390875816345215,4.303012371063232,3.3030123710632324,-0.23984135687351227,-1.239841341972351,-2.633772134780884,-1.1337721347808838,-2.6211633682250977,-1.1211633682250977,-2.6377153396606445,-1.1377153396606445,-1.4383426904678345,0.06165730953216553
upright,7.98,0,0.11485739797353745,72.85523986816406,3.3736319541931152,1.1876511573791504,0.007630824111402035,0.043938979506492615,1,False,1.469182014465332,0.0,False,0.0928751528263092,0.062463197857141495,0.10104918479919434,-0.08940230309963226,0.27818694710731506,-0.05132278800010681,-0.11798593401908875,0.046292856335639954,-0.21005085110664368,0.014258056879043579,0.13813291490077972,0.03081221878528595,0.06897151470184326,0.026410117745399475,-0.19413599371910095,0.043374307453632355,1.0473971366882324,0.9473971128463745,0.9011602401733398,1.0011602640151978,0.9679248332977295,0.8679248094558716,0.8378410339355469,0.9378410577774048,3.2375614643096924,2.437561511993408,0.426098495721817,-0.37390151619911194,4.303003787994385,3.3030037879943848,-0.2398432195186615,-1.2398432493209839,-2.633768320083618,-1.1337683200836182,-2.6211788654327393,-1.1211788654327393,-2.637714147567749,-1.137714147567749,-1.4383227825164795,0.06167721748352051
upright,8.0,0,0.11485669761896133,72.85543060302734,3.372673273086548,1.1876537799835205,0.007600158918648958,0.04910772293806076,1,False,1.4691838026046753,0.0,False,0.09287536144256592,0.06246238946914673,0.10104945302009583,-0.08940295875072479,0.2781856954097748,-0.05131763219833374,-0.11798862367868423,0.04629349708557129,-0.21005043387413025,0.014255732297897339,0.13813185691833496,0.030810154974460602,0.06897065788507462,0.02640518546104431,-0.19413328170776367,0.04337288811802864,1.047400951385498,0.9474009275436401,0.9011754393577576,1.0011754035949707,0.9679454565048218,0.8679454326629639,0.8378341197967529,0.9378341436386108,3.2375662326812744,2.4375662803649902,0.42613163590431213,-0.3738683760166168,4.30300760269165,3.3030076026916504,-0.23984143137931824,-1.2398414611816406,-2.633768081665039,-1.133768081665039,-2.6211700439453125,-1.1211700439453125,-2.6377177238464355,-1.1377177238464355,-1.4383472204208374,0.0616527795791626
upright,8.02,0,0.11485621333122253,72.8559341430664,3.371190071105957,1.1876609325408936,0.0074947187677025795,0.04557321220636368,1,False,1.4691905975341797,0.0,False,0.0928768515586853,0.06246155500411987,0.10104991495609283,-0.08940279483795166,0.2781843841075897,-0.051314592361450195,-0.1179904118180275,0.04629312455654144,-0.21004913747310638,0.014250069856643677,0.13813047111034393,0.03080720454454422,0.0689692422747612,0.026407286524772644,-0.19413326680660248,0.04337475821375847,1.047401785850525,0.947401762008667,0.9011825323104858,1.0011825561523438,0.9679874181747437,0.8679873943328857,0.8378416895866394,0.9378417134284973,3.237581253051758,2.4375813007354736,0.4261574447154999,-0.3738425672054291,4.3030219078063965,3.3030219078063965,-0.23983420431613922,-1.239834189414978,-2.633772850036621,-1.133772850036621,-2.621166229248047,-1.1211662292480469,-2.6377193927764893,-1.1377193927764893,-1.4383530616760254,0.06164693832397461
upright,8.040000000000001,0,0.11485633999109268,72.85562133789062,3.3716325759887695,1.1876565217971802,0.0074815815314650536,0.04205236956477165,1,False,1.4691888093948364,0.0,False,0.09287677705287933,0.062461964786052704,0.1010497510433197,-0.0894022285938263,0.2781901955604553,-0.05132347345352173,-0.1179858073592186,0.04629364609718323,-0.2100493311882019,0.014251768589019775,0.13813181221485138,0.03080900013446808,0.06897015124559402,0.026411384344100952,-0.19413550198078156,0.043375879526138306,1.0473984479904175,0.9473984241485596,0.9011552929878235,1.0011552572250366,0.9679672718048096,0.8679672479629517,0.8378476500511169,0.9378476738929749,3.2375802993774414,2.4375803470611572,0.42607253789901733,-0.3739274740219116,4.303017616271973,3.3030176162719727,-0.23983678221702576,-1.2398368120193481,-2.6337735652923584,-1.1337735652923584,-2.621166706085205,-1.121166706085205,-2.6377127170562744,-1.1377127170562744,-1.438330888748169,0.061669111251831055
upright,8.06,0,0.11485698819160461,72.85547637939453,3.3728301525115967,1.1876544952392578,0.007384143769741058,0.04438992589712143,1,False,1.469185471534729,0.0,False,0.09287625551223755,0.06246257945895195,0.10104937106370926,-0.08940258622169495,0.27818921208381653,-0.05132091045379639,-0.11798710376024246,0.046293750405311584,-0.21004995703697205,0.01425480842590332,0.1381320357322693,0.030810564756393433,0.06897079944610596,0.026406437158584595,-0.19413402676582336,0.04337318241596222,1.0473995208740234,0.9473994970321655,0.9011622667312622,1.0011622905731201,0.9679486751556396,0.8679486513137817,0.8378354907035828,0.9378355145454407,3.2375714778900146,2.4375715255737305,0.42609143257141113,-0.3739085793495178,4.303012847900391,3.3030128479003906,-0.23984122276306152,-1.2398412227630615,-2.633772611618042,-1.133772611618042,-2.621163845062256,-1.1211638450622559,-2.6377153396606445,-1.1377153396606445,-1.4383422136306763,0.06165778636932373
upright,8.08,0,0.11485738307237625,72.855224609375,3.3736722469329834,1.1876509189605713,0.007615739479660988,0.0438339039683342,1,False,1.469182014465332,0.0,False,0.09287533164024353,0.06246326491236687,0.10104914009571075,-0.08940236270427704,0.27818697690963745,-0.051322728395462036,-0.11798594146966934,0.04629272222518921,-0.21005091071128845,0.014257997274398804,0.13813289999961853,0.030812233686447144,0.06897158175706863,0.02641010284423828,-0.1941359043121338,0.043374352157115936,1.0473971366882324,0.9473971128463745,0.9011598229408264,1.0011597871780396,0.9679251909255981,0.8679251670837402,0.8378412127494812,0.9378412365913391,3.2375617027282715,2.4375617504119873,0.42609909176826477,-0.3739009201526642,4.303004264831543,3.303004264831543,-0.23984350264072418,-1.239843487739563,-2.6337687969207764,-1.1337687969207764,-2.621178388595581,-1.121178388595581,-2.637714147567749,-1.137714147567749,-1.438322901725769,0.06167709827423096
upright,8.1,0,0.11485674977302551,72.85542297363281,3.3727455139160156,1.1876535415649414,0.007593600545078516,0.04910939559340477,1,False,1.4691835641860962,0.0,False,0.09287530183792114,0.062462467700242996,0.10104940831661224,-0.089402936398983,0.2781856060028076,-0.051317572593688965,-0.11798864603042603,0.04629342257976532,-0.21005046367645264,0.014255821704864502,0.13813185691833496,0.030810222029685974,0.06897050142288208,0.026405125856399536,-0.19413337111473083,0.043372757732868195,1.047400951385498,0.9474009275436401,0.9011750817298889,1.001175045967102,0.9679446816444397,0.8679446578025818,0.8378336429595947,0.9378336668014526,3.237565517425537,2.437565565109253,0.4261319935321808,-0.37386801838874817,4.30300760269165,3.3030076026916504,-0.23984095454216003,-1.2398409843444824,-2.633768320083618,-1.1337683200836182,-2.6211702823638916,-1.1211702823638916,-2.6377177238464355,-1.1377177238464355,-1.4383481740951538,0.06165182590484619
upright,8.120000000000001,0,0.11485619097948074,72.85591888427734,3.371171712875366,1.1876606941223145,0.007488717790693045,0.04553273692727089,1,False,1.4691904783248901,0.0,False,0.0928768515586853,0.06246154010295868,0.10104988515377045,-0.08940283954143524,0.2781846225261688,-0.05131453275680542,-0.11799051612615585,0.04629300534725189,-0.2100490778684616,0.014250040054321289,0.1381305307149887,0.03080734610557556,0.06896929442882538,0.026407092809677124,-0.19413325190544128,0.04337461665272713,1.0474016666412354,0.9474016427993774,0.9011818170547485,1.0011818408966064,0.9679868817329407,0.8679868578910828,0.8378413319587708,0.9378413558006287,3.237581491470337,2.4375815391540527,0.42615681886672974,-0.3738431930541992,4.303022384643555,3.3030223846435547,-0.2398347407579422,-1.2398347854614258,-2.633772850036621,-1.133772850036621,-2.6211652755737305,-1.1211652755737305,-2.637718915939331,-1.137718915939331,-1.4383522272109985,0.061647772789001465
upright,8.14,0,0.11485634744167328,72.8556137084961,3.371616840362549,1.1876564025878906,0.007484637666493654,0.042175713926553726,1,False,1.4691886901855469,0.0,False,0.09287674725055695,0.062461983412504196,0.10104977339506149,-0.08940216898918152,0.2781902253627777,-0.05132359266281128,-0.1179857924580574,0.046293601393699646,-0.21004939079284668,0.014252007007598877,0.13813188672065735,0.030809268355369568,0.0689699649810791,0.02641110122203827,-0.19413553178310394,0.04337576776742935,1.0473982095718384,0.9473981857299805,0.9011546969413757,1.0011546611785889,0.9679655432701111,0.8679655194282532,0.8378470540046692,0.9378470778465271,3.2375800609588623,2.437580108642578,0.42607182264328003,-0.3739281892776489,4.303017616271973,3.3030176162719727,-0.23983611166477203,-1.2398360967636108,-2.6337730884552,-1.1337730884552002,-2.621166706085205,-1.121166706085205,-2.6377127170562744,-1.1377127170562744,-1.4383323192596436,0.061667680740356445
upright,8.16,0,0.11485698819160461,72.85546112060547,3.3728444576263428,1.1876543760299683,0.0073804697021842,0.04438311606645584,1,False,1.469185471534729,0.0,False,0.09287634491920471,0.06246256083250046,0.10104937851428986,-0.08940258622169495,0.27818945050239563,-0.051320940256118774,-0.11798717826604843,0.046293675899505615,-0.21005001664161682,0.014254778623580933,0.13813218474388123,0.03081064671278,0.0689709484577179,0.02640622854232788,-0.1941339373588562,0.04337313026189804,1.0473995208740234,0.9473994970321655,0.9011619687080383,1.0011619329452515,0.9679484367370605,0.8679484128952026,0.8378353714942932,0.9378353953361511,3.2375714778900146,2.4375715255737305,0.4260910749435425,-0.3739089369773865,4.303012847900391,3.3030128479003906,-0.23984190821647644,-1.2398419380187988,-2.633772611618042,-1.133772611618042,-2.6211631298065186,-1.1211631298065186,-2.6377148628234863,-1.1377148628234863,-1.4383419752120972,0.06165802478790283
upright,8.18,0,0.11485744267702103,72.855224609375,3.37363862991333,1.1876509189605713,0.007624947000294924,0.04385176673531532,1,False,1.469182014465332,0.0,False,0.09287548065185547,0.062463290989398956,0.10104910284280777,-0.08940234035253525,0.278187096118927,-0.05132266879081726,-0.11798602342605591,0.046292707324028015,-0.21005094051361084,0.014258027076721191,0.1381329596042633,0.030812092125415802,0.06897155940532684,0.026410117745399475,-0.19413602352142334,0.043374307453632355,1.047397255897522,0.9473972320556641,0.9011600613594055,1.0011600255966187,0.9679250717163086,0.8679250478744507,0.8378408551216125,0.9378408789634705,3.237562417984009,2.4375624656677246,0.4260987639427185,-0.37390124797821045,4.303003311157227,3.3030033111572266,-0.23984327912330627,-1.2398432493209839,-2.6337695121765137,-1.1337695121765137,-2.6211776733398438,-1.1211776733398438,-2.63771390914917,-1.13771390914917,-1.4383227825164795,0.06167721748352051
upright,8.2,0,0.11485674232244492,72.8554458618164,3.372690200805664,1.1876541376113892,0.007595010567456484,0.0490986630320549,1,False,1.4691836833953857,0.0,False,0.09287552535533905,0.06246252730488777,0.10104940086603165,-0.08940295875072479,0.27818575501441956,-0.051317572593688965,-0.11798867583274841,0.04629357159137726,-0.2100505381822586,0.01425585150718689,0.138131782412529,0.03081011027097702,0.0689704418182373,0.026405125856399536,-0.1941334307193756,0.0433727502822876,1.047400951385498,0.9474009275436401,0.9011756181716919,1.0011756420135498,0.9679455161094666,0.8679454922676086,0.83783358335495,0.9378336071968079,3.2375659942626953,2.437566041946411,0.4261314272880554,-0.37386858463287354,4.303007125854492,3.303007125854492,-0.23984062671661377,-1.2398406267166138,-2.6337690353393555,-1.1337690353393555,-2.6211700439453125,-1.1211700439453125,-2.6377179622650146,-1.1377179622650146,-1.4383480548858643,0.06165194511413574
upright,8.22,0,0.11485621333122253,72.85592651367188,3.371126651763916,1.187660574913025,0.007497073616832495,0.04552827775478363,1,False,1.4691903591156006,0.0,False,0.09287682175636292,0.06246156990528107,0.10104984045028687,-0.08940286934375763,0.2781844735145569,-0.05131453275680542,-0.11799049377441406,0.04629310965538025,-0.210049107670784,0.014249950647354126,0.13813045620918274,0.03080720454454422,0.06896920502185822,0.026407361030578613,-0.19413335621356964,0.043374720960855484,1.047401785850525,0.947401762008667,0.9011820554733276,1.0011820793151855,0.9679874181747437,0.8679873943328857,0.8378413319587708,0.9378413558006287,3.2375810146331787,2.4375810623168945,0.42615681886672974,-0.3738431930541992,4.3030219078063965,3.3030219078063965,-0.23983415961265564,-1.239834189414978,-2.6337733268737793,-1.1337733268737793,-2.6211657524108887,-1.1211657524108887,-2.637718915939331,-1.137718915939331,-1.4383524656295776,0.06164753437042236
upright,8.24,0,0.11485633999109268,72.8555908203125,3.3716554641723633,1.187656044960022,0.0074887704104185104,0.04212235286831856,1,False,1.4691883325576782,0.0,False,0.09287677705287933,0.062462057918310165,0.10104970633983612,-0.08940227329730988,0.2781902551651001,-0.05132371187210083,-0.11798572540283203,0.0462934672832489,-0.21004945039749146,0.014252007007598877,0.13813187181949615,0.03080911934375763,0.06897006183862686,0.026411131024360657,-0.19413551688194275,0.043375756591558456,1.047398328781128,0.94739830493927,0.9011544585227966,1.0011544227600098,0.9679656624794006,0.8679656386375427,0.8378469944000244,0.9378470182418823,3.237579345703125,2.437579393386841,0.4260721206665039,-0.37392789125442505,4.303016662597656,3.3030166625976562,-0.23983646929264069,-1.2398364543914795,-2.6337733268737793,-1.1337733268737793,-2.621166944503784,-1.1211669445037842,-2.6377127170562744,-1.1377127170562744,-1.4383320808410645,0.06166791915893555
upright,8.26,0,0.11485696583986282,72.8554916381836,3.3728203773498535,1.187654733657837,0.007381211966276169,0.04440276324748993,1,False,1.469185471534729,0.0,False,0.0928763598203659,0.062462568283081055,0.10104941576719284,-0.08940266817808151,0.2781893312931061,-0.05132099986076355,-0.11798708885908127,0.046293824911117554,-0.21005001664161682,0.014254838228225708,0.13813206553459167,0.030810609459877014,0.06897080689668655,0.026406288146972656,-0.19413384795188904,0.04337320476770401,1.047399640083313,0.9473996162414551,0.9011626243591309,1.0011626482009888,0.9679489135742188,0.8679488897323608,0.8378356695175171,0.937835693359375,3.2375707626342773,2.437570810317993,0.4260908365249634,-0.3739091753959656,4.303012847900391,3.3030128479003906,-0.23984165489673615,-1.2398416996002197,-2.633772134780884,-1.1337721347808838,-2.6211636066436768,-1.1211636066436768,-2.6377153396606445,-1.1377153396606445,-1.4383423328399658,0.06165766716003418
upright,8.28,0,0.11485740542411804,72.8552017211914,3.3737237453460693,1.1876506805419922,0.007615223061293364,0.043857641518116,1,False,1.4691818952560425,0.0,False,0.09287521243095398,0.06246331334114075,0.10104910284280777,-0.0894022285938263,0.2781870365142822,-0.051322758197784424,-0.11798600107431412,0.046292707324028015,-0.21005070209503174,0.014258235692977905,0.1381329596042633,0.03081255406141281,0.06897161155939102,0.026409894227981567,-0.19413596391677856,0.043374158442020416,1.0473967790603638,0.9473967552185059,0.9011595845222473,1.0011595487594604,0.9679230451583862,0.8679230213165283,0.8378402590751648,0.9378402829170227,3.2375612258911133,2.437561273574829,0.42609867453575134,-0.3739013373851776,4.303004741668701,3.303004741668701,-0.23984341323375702,-1.2398433685302734,-2.6337685585021973,-1.1337685585021973,-2.621177911758423,-1.1211779117584229,-2.63771390914917,-1.13771390914917,-1.4383232593536377,0.061676740646362305
upright,8.3,0,0.11485669761896133,72.85542297363281,3.372678279876709,1.1876537799835205,0.007592568174004555,0.04917750880122185,1,False,1.4691835641860962,0.0,False,0.0928753912448883,0.06246239319443703,0.10104944556951523,-0.08940297365188599,0.2781856656074524,-0.05131751298904419,-0.11798867583274841,0.04629352688789368,-0.21005062758922577,0.014255523681640625,0.13813193142414093,0.030809998512268066,0.06897059082984924,0.026405051350593567,-0.1941332072019577,0.043372828513383865,1.0474011898040771,0.9474011659622192,0.9011754989624023,1.0011755228042603,0.9679459929466248,0.8679459691047668,0.837833821773529,0.937833845615387,3.2375662326812744,2.4375662803649902,0.4261319041252136,-0.37386810779571533,4.303007125854492,3.303007125854492,-0.23984107375144958,-1.239841103553772,-2.633768320083618,-1.1337683200836182,-2.6211695671081543,-1.1211695671081543,-2.63771653175354,-1.13771653175354,-1.4383482933044434,0.06165170669555664
upright,8.32,0,0.11485615372657776,72.85591888427734,3.371105909347534,1.1876606941223145,0.007492144126445055,0.045585308223962784,1,False,1.4691904783248901,0.0,False,0.09287682175636292,0.062461528927087784,0.10104987025260925,-0.08940275013446808,0.27818432450294495,-0.05131453275680542,-0.11799038201570511,0.04629310965538025,-0.2100491225719452,0.014249801635742188,0.13813050091266632,0.030806951224803925,0.0689692273736,0.02640722692012787,-0.19413331151008606,0.043374642729759216,1.047401785850525,0.947401762008667,0.9011823534965515,1.0011823177337646,0.9679882526397705,0.8679882287979126,0.8378413319587708,0.9378413558006287,3.237581968307495,2.437582015991211,0.4261572062969208,-0.3738428056240082,4.30302095413208,3.30302095413208,-0.23983444273471832,-1.2398344278335571,-2.633772850036621,-1.133772850036621,-2.621166229248047,-1.1211662292480469,-2.637718439102173,-1.1377184391021729,-1.4383522272109985,0.061647772789001465
upright,8.34,0,0.11485637724399567,72.85562896728516,3.3716394901275635,1.1876566410064697,0.007487534079700708,0.04208143427968025,1,False,1.4691884517669678,0.0,False,0.09287701547145844,0.062462080270051956,0.10104972124099731,-0.08940226584672928,0.2781902551651001,-0.05132356286048889,-0.11798570305109024,0.04629373550415039,-0.210049569606781,0.014251857995986938,0.1381319910287857,0.030808940529823303,0.06897008419036865,0.026411384344100952,-0.19413551688194275,0.043375950306653976,1.0473986864089966,0.9473986625671387,0.9011551737785339,1.001155138015747,0.9679657816886902,0.8679657578468323,0.8378477096557617,0.9378477334976196,3.2375800609588623,2.437580108642578,0.42607176303863525,-0.3739282488822937,4.30301570892334,3.30301570892334,-0.23983630537986755,-1.23983633518219,-2.6337740421295166,-1.1337740421295166,-2.6211671829223633,-1.1211671829223633,-2.637711763381958,-1.137711763381958,-1.4383317232131958,0.0616682767868042
upright,8.36,0,0.1148570254445076,72.85547637939453,3.372837543487549,1.1876543760299683,0.007367413956671953,0.044444743543863297,1,False,1.469185471534729,0.0,False,0.09287628531455994,0.06246258690953255,0.10104940086603165,-0.08940257132053375,0.27818915247917175,-0.051321059465408325,-0.11798697710037231,0.04629383981227875,-0.21005000174045563,0.014254987239837646,0.1381319910287857,0.030810602009296417,0.06897083669900894,0.026406288146972656,-0.19413384795188904,0.043373286724090576,1.0473992824554443,0.9473992586135864,0.9011625647544861,1.0011625289916992,0.9679483771324158,0.8679483532905579,0.8378357291221619,0.9378357529640198,3.2375710010528564,2.4375710487365723,0.4260912239551544,-0.37390878796577454,4.303012371063232,3.3030123710632324,-0.23984110355377197,-1.239841103553772,-2.633772373199463,-1.133772373199463,-2.6211650371551514,-1.1211650371551514,-2.6377158164978027,-1.1377158164978027,-1.4383430480957031,0.061656951904296875
upright,8.38,0,0.11485744267702103,72.85523986816406,3.3736774921417236,1.1876510381698608,0.007615930866450071,0.04383447766304016,1,False,1.469182014465332,0.0,False,0.09287531673908234,0.06246328726410866,0.10104913264513016,-0.08940236270427704,0.2781869173049927,-0.051322728395462036,-0.11798587441444397,0.04629284143447876,-0.2100507915019989,0.014258027076721191,0.13813289999961853,0.030812270939350128,0.06897150725126266,0.026410013437271118,-0.19413593411445618,0.04337426647543907,1.0473971366882324,0.9473971128463745,0.901160478591919,1.0011605024337769,0.9679247736930847,0.8679247498512268,0.8378409147262573,0.9378409385681152,3.2375617027282715,2.4375617504119873,0.4260987937450409,-0.37390121817588806,4.303004264831543,3.303004264831543,-0.23984307050704956,-1.2398431301116943,-2.6337687969207764,-1.1337687969207764,-2.62117862701416,-1.1211786270141602,-2.637714147567749,-1.137714147567749,-1.4383232593536377,0.061676740646362305
upright,8.4,0,0.11485673487186432,72.85540771484375,3.372741222381592,1.1876535415649414,0.007599637843668461,0.04928839951753616,1,False,1.4691838026046753,0.0,False,0.0928753912448883,0.06246247887611389,0.10104940831661224,-0.08940292149782181,0.27818557620048523,-0.05131763219833374,-0.11798854172229767,0.04629358649253845,-0.2100505530834198,0.014255732297897339,0.13813191652297974,0.03081018477678299,0.06897050142288208,0.02640506625175476,-0.19413332641124725,0.043372780084609985,1.047400951385498,0.9474009275436401,0.901175320148468,1.0011752843856812,0.9679451584815979,0.86794513463974,0.8378334641456604,0.9378334879875183,3.2375659942626953,2.437566041946411,0.42613163590431213,-0.3738683760166168,4.30300760269165,3.3030076026916504,-0.23984086513519287,-1.2398408651351929,-2.6337685585021973,-1.1337685585021973,-2.621170997619629,-1.121170997619629,-2.6377172470092773,-1.1377172470092773,-1.438348412513733,0.06165158748626709
upright,8.42,0,0.11485614627599716,72.85591888427734,3.3711488246917725,1.187660574913025,0.007498616352677345,0.04559115692973137,1,False,1.4691904783248901,0.0,False,0.09287673234939575,0.0624614916741848,0.10104988515377045,-0.0894029513001442,0.2781843841075897,-0.05131462216377258,-0.11799042671918869,0.04629306495189667,-0.21004903316497803,0.014249831438064575,0.1381305456161499,0.03080720454454422,0.06896921992301941,0.02640722692012787,-0.19413332641124725,0.04337470233440399,1.0474019050598145,0.9474018812179565,0.9011819362640381,1.001181960105896,0.9679878354072571,0.8679878115653992,0.8378413319587708,0.9378413558006287,3.2375810146331787,2.4375810623168945,0.4261571764945984,-0.37384283542633057,4.303022384643555,3.3030223846435547,-0.23983430862426758,-1.2398343086242676,-2.6337730884552,-1.1337730884552002,-2.621166229248047,-1.1211662292480469,-2.637718439102173,-1.1377184391021729,-1.4383529424667358,0.06164705753326416
upright,8.44,0,0.11485626548528671,72.8555908203125,3.371602773666382,1.187656044960022,0.007488093338906765,0.04205147922039032,1,False,1.4691885709762573,0.0,False,0.09287698566913605,0.062461987137794495,0.10104978829622269,-0.08940231800079346,0.2781904339790344,-0.051323533058166504,-0.11798594146966934,0.04629334807395935,-0.2100493460893631,0.014251619577407837,0.13813211023807526,0.03080921620130539,0.06897010654211044,0.026410996913909912,-0.19413542747497559,0.04337567836046219,1.047398567199707,0.9473985433578491,0.9011539816856384,1.0011539459228516,0.9679657816886902,0.8679657578468323,0.8378466963768005,0.9378467202186584,3.2375807762145996,2.4375808238983154,0.42607271671295166,-0.3739272952079773,4.303017616271973,3.3030176162719727,-0.2398367077112198,-1.2398366928100586,-2.6337738037109375,-1.1337738037109375,-2.6211657524108887,-1.1211657524108887,-2.6377110481262207,-1.1377110481262207,-1.438331961631775,0.0616680383682251
upright,8.46,0,0.1148570105433464,72.85546112060547,3.3728346824645996,1.1876542568206787,0.007367344107478857,0.04447947442531586,1,False,1.46918523311615,0.0,False,0.09287625551223755,0.062462612986564636,0.10104939341545105,-0.08940252661705017,0.2781892418861389,-0.051320940256118774,-0.11798708140850067,0.046293705701828,-0.21005001664161682,0.014254927635192871,0.13813208043575287,0.030810609459877014,0.06897085905075073,0.02640615403652191,-0.19413383305072784,0.04337313026189804,1.0473992824554443,0.9473992586135864,0.9011622071266174,1.0011621713638306,0.9679479598999023,0.8679479360580444,0.8378351926803589,0.9378352165222168,3.2375707626342773,2.437570810317993,0.42609143257141113,-0.3739085793495178,4.303012371063232,3.3030123710632324,-0.23984158039093018,-1.2398415803909302,-2.633772373199463,-1.133772373199463,-2.621163845062256,-1.1211638450622559,-2.6377155780792236,-1.1377155780792236,-1.4383426904678345,0.06165730953216553
upright,8.48,0,0.11485738307237625,72.85520935058594,3.3736281394958496,1.1876507997512817,0.007614290341734886,0.04384315013885498,1,False,1.4691818952560425,0.0,False,0.09287519752979279,0.06246320158243179,0.10104913264513016,-0.08940234780311584,0.2781868577003479,-0.05132269859313965,-0.11798594146966934,0.0462927371263504,-0.21005085110664368,0.014257937669754028,0.1381329596042633,0.0308120995759964,0.06897154450416565,0.02641010284423828,-0.1941359043121338,0.04337432235479355,1.0473971366882324,0.9473971128463745,0.9011597633361816,1.0011597871780396,0.9679248332977295,0.8679248094558716,0.8378409743309021,0.93784099817276,3.2375619411468506,2.4375619888305664,0.42609891295433044,-0.3739010989665985,4.303003311157227,3.3030033111572266,-0.23984315991401672,-1.2398431301116943,-2.6337685585021973,-1.1337685585021973,-2.621178388595581,-1.121178388595581,-2.637713670730591,-1.1377136707305908,-1.4383233785629272,0.061676621437072754
upright,8.5,0,0.11485674232244492,72.85543060302734,3.3726911544799805,1.18765389919281,0.007594415917992592,0.049197785556316376,1,False,1.4691838026046753,0.0,False,0.09287531673908234,0.06246238946914673,0.10104941576719284,-0.08940297365188599,0.2781856656074524,-0.05131751298904419,-0.11798866093158722,0.04629357159137726,-0.21005046367645264,0.01425585150718689,0.13813179731369019,0.030810169875621796,0.06897062063217163,0.026405274868011475,-0.19413341581821442,0.04337288811802864,1.047400951385498,0.9474009275436401,0.901175856590271,1.001175880432129,0.9679454565048218,0.8679454326629639,0.8378339409828186,0.9378339648246765,3.2375659942626953,2.437566041946411,0.4261317849159241,-0.3738682270050049,4.30300760269165,3.3030076026916504,-0.23984093964099884,-1.2398409843444824,-2.633768320083618,-1.1337683200836182,-2.6211702823638916,-1.1211702823638916,-2.6377179622650146,-1.1377179622650146,-1.4383478164672852,0.061652183532714844
upright,8.52,0,0.11485616117715836,72.85589599609375,3.3711507320404053,1.1876602172851562,0.007500600069761276,0.045579735189676285,1,False,1.4691905975341797,0.0,False,0.09287679195404053,0.06246155872941017,0.10104985535144806,-0.08940280228853226,0.2781844735145569,-0.05131453275680542,-0.1179904118180275,0.04629307985305786,-0.21004895865917206,0.014250010251998901,0.1381302773952484,0.03080718219280243,0.06896930932998657,0.026407316327095032,-0.19413325190544128,0.04337477684020996,1.047401785850525,0.947401762008667,0.9011818170547485,1.0011818408966064,0.9679880142211914,0.8679879903793335,0.8378415703773499,0.9378415942192078,3.2375810146331787,2.4375810623168945,0.4261566698551178,-0.37384334206581116,4.303022384643555,3.3030223846435547,-0.2398344725370407,-1.2398344278335571,-2.633772850036621,-1.133772850036621,-2.6211655139923096,-1.1211655139923096,-2.6377198696136475,-1.1377198696136475,-1.4383525848388672,0.06164741516113281
upright,8.540000000000001,0,0.1148563101887703,72.85563659667969,3.3715593814849854,1.1876566410064697,0.007486420683562756,0.04208137094974518,1,False,1.4691886901855469,0.0,False,0.09287680685520172,0.06246200576424599,0.1010497659444809,-0.0894022136926651,0.2781901955604553,-0.05132362246513367,-0.11798577010631561,0.04629357159137726,-0.21004937589168549,0.014251738786697388,0.13813191652297974,0.030809029936790466,0.06897004693746567,0.026411205530166626,-0.19413550198078156,0.043375834822654724,1.047398328781128,0.94739830493927,0.9011549353599548,1.001154899597168,0.9679667949676514,0.8679667711257935,0.8378474116325378,0.9378474354743958,3.2375800609588623,2.437580108642578,0.4260720908641815,-0.37392792105674744,4.3030171394348145,3.3030171394348145,-0.23983627557754517,-1.2398362159729004,-2.6337735652923584,-1.1337735652923584,-2.621166944503784,-1.1211669445037842,-2.637712240219116,-1.1377122402191162,-1.4383314847946167,0.0616685152053833
upright,8.56,0,0.114857017993927,72.85547637939453,3.3728067874908447,1.1876546144485474,0.007375291083008051,0.044338349252939224,1,False,1.4691853523254395,0.0,False,0.0928763598203659,0.062462612986564636,0.10104942321777344,-0.08940260112285614,0.27818921208381653,-0.05132108926773071,-0.11798705905675888,0.04629369080066681,-0.2100500464439392,0.014254748821258545,0.1381322145462036,0.030810557305812836,0.06897084414958954,0.02640622854232788,-0.1941339671611786,0.04337310045957565,1.0473995208740234,0.9473994970321655,0.901162326335907,1.0011622905731201,0.9679483771324158,0.8679483532905579,0.8378354907035828,0.9378355145454407,3.2375712394714355,2.4375712871551514,0.4260912835597992,-0.37390872836112976,4.303012371063232,3.3030123710632324,-0.23984156548976898,-1.2398415803909302,-2.633772611618042,-1.133772611618042,-2.621164321899414,-1.121164321899414,-2.6377146244049072,-1.1377146244049072,-1.4383422136306763,0.06165778636932373
upright,8.58,0,0.11485742032527924,72.855224609375,3.3736958503723145,1.1876509189605713,0.007625403348356485,0.043825626373291016,1,False,1.469182014465332,0.0,False,0.09287522733211517,0.06246325373649597,0.10104915499687195,-0.08940231800079346,0.27818694710731506,-0.051322877407073975,-0.11798591911792755,0.04629272222518921,-0.21005088090896606,0.01425817608833313,0.13813281059265137,0.03081216663122177,0.06897173821926117,0.026410087943077087,-0.19413602352142334,0.043374281376600266,1.0473970174789429,0.947396993637085,0.9011601805686951,1.0011601448059082,0.9679247140884399,0.867924690246582,0.8378409743309021,0.93784099817276,3.2375617027282715,2.4375617504119873,0.42609864473342896,-0.3739013671875,4.303003787994385,3.3030037879943848,-0.23984377086162567,-1.239843726158142,-2.6337685585021973,-1.1337685585021973,-2.62117862701416,-1.1211786270141602,-2.6377146244049072,-1.1377146244049072,-1.4383223056793213,0.06167769432067871
upright,8.6,0,0.11485674977302551,72.85542297363281,3.3727455139160156,1.187653660774231,0.00759844807907939,0.049204256385564804,1,False,1.4691838026046753,0.0,False,0.09287551045417786,0.06246250495314598,0.10104938596487045,-0.0894029289484024,0.27818572521209717,-0.05131766200065613,-0.11798864603042603,0.04629352688789368,-0.21005061268806458,0.014255881309509277,0.13813193142414093,0.030810274183750153,0.06897052377462387,0.026405036449432373,-0.19413332641124725,0.043372742831707,1.0474008321762085,0.9474008083343506,0.9011753797531128,1.0011754035949707,0.9679445028305054,0.8679444789886475,0.8378336429595947,0.9378336668014526,3.2375664710998535,2.4375665187835693,0.4261314868927002,-0.37386852502822876,4.30300760269165,3.3030076026916504,-0.23984096944332123,-1.2398409843444824,-2.6337690353393555,-1.1337690353393555,-2.6211702823638916,-1.1211702823638916,-2.6377174854278564,-1.1377174854278564,-1.4383482933044434,0.06165170669555664
upright,8.620000000000001,0,0.11485620588064194,72.85591888427734,3.3712003231048584,1.187660574913025,0.007486773654818535,0.045532044023275375,1,False,1.4691904783248901,0.0,False,0.09287668764591217,0.0624614916741848,0.10104984790086746,-0.0894029289484024,0.27818426489830017,-0.051314592361450195,-0.11799037456512451,0.04629313945770264,-0.21004906296730042,0.014250010251998901,0.13813050091266632,0.030807197093963623,0.06896910816431046,0.026407167315483093,-0.1941332221031189,0.04337465763092041,1.047402024269104,0.9474020004272461,0.9011823534965515,1.0011823177337646,0.9679871797561646,0.8679871559143066,0.8378413319587708,0.9378413558006287,3.2375810146331787,2.4375810623168945,0.42615750432014465,-0.3738425076007843,4.3030219078063965,3.3030219078063965,-0.23983408510684967,-1.2398340702056885,-2.633772850036621,-1.133772850036621,-2.621166706085205,-1.121166706085205,-2.637718677520752,-1.137718677520752,-1.438353180885315,0.06164681911468506
upright,8.64,0,0.11485635489225388,72.8556137084961,3.3716440200805664,1.187656283378601,0.007484728936105967,0.042130324989557266,1,False,1.4691885709762573,0.0,False,0.0928768515586853,0.062462013214826584,0.10104978084564209,-0.0894021987915039,0.27819016575813293,-0.051323652267456055,-0.11798577755689621,0.04629357159137726,-0.21004946529865265,0.014252007007598877,0.13813188672065735,0.03080906718969345,0.06897009164094925,0.02641129493713379,-0.19413553178310394,0.04337587580084801,1.0473984479904175,0.9473984241485596,0.9011545777320862,1.0011545419692993,0.9679656028747559,0.867965579032898,0.8378472924232483,0.9378473162651062,3.2375800609588623,2.437580108642578,0.42607226967811584,-0.3739277422428131,4.303016662597656,3.3030166625976562,-0.23983632028102875,-1.23983633518219,-2.6337733268737793,-1.1337733268737793,-2.621166944503784,-1.1211669445037842,-2.6377127170562744,-1.1377127170562744,-1.4383316040039062,0.06166839599609375
upright,8.66,0,0.11485699564218521,72.85546112060547,3.3728532791137695,1.1876542568206787,0.00737587409093976,0.044357508420944214,1,False,1.46918523311615,0.0,False,0.09287630021572113,0.062462568283081055,0.10104938596487045,-0.08940258622169495,0.27818921208381653,-0.05132091045379639,-0.11798709630966187,0.04629376530647278,-0.21004998683929443,0.014254719018936157,0.13813215494155884,0.030810445547103882,0.06897065788507462,0.026406213641166687,-0.1941339075565338,0.04337310045957565,1.0473995208740234,0.9473994970321655,0.9011620879173279,1.001162052154541,0.9679485559463501,0.8679485321044922,0.8378351926803589,0.9378352165222168,3.2375714778900146,2.4375715255737305,0.42609140276908875,-0.3739086091518402,4.303011894226074,3.303011894226074,-0.23984116315841675,-1.2398412227630615,-2.633772611618042,-1.133772611618042,-2.621163845062256,-1.1211638450622559,-2.6377146244049072,-1.1377146244049072,-1.438342571258545,0.06165742874145508
upright,8.68,0,0.11485738307237625,72.85520935058594,3.373671531677246,1.1876507997512817,0.007613212335854769,0.043853115290403366,1,False,1.4691818952560425,0.0,False,0.09287530183792114,0.06246330589056015,0.10104908794164658,-0.08940236270427704,0.27818700671195984,-0.05132266879081726,-0.11798600852489471,0.04629281163215637,-0.21005074679851532,0.01425778865814209,0.13813309371471405,0.030812181532382965,0.06897170096635818,0.026410043239593506,-0.19413602352142334,0.04337418079376221,1.0473971366882324,0.9473971128463745,0.9011601209640503,1.0011601448059082,0.9679243564605713,0.8679243326187134,0.8378406763076782,0.9378407001495361,3.2375617027282715,2.4375617504119873,0.42609861493110657,-0.3739013969898224,4.303003787994385,3.3030037879943848,-0.23984380066394806,-1.2398438453674316,-2.6337692737579346,-1.1337692737579346,-2.621178150177002,-1.121178150177002,-2.6377129554748535,-1.1377129554748535,-1.4383221864700317,0.06167781352996826
upright,8.700000000000001,0,0.11485673487186432,72.85540771484375,3.3727147579193115,1.1876534223556519,0.007597746327519417,0.04916689172387123,1,False,1.4691835641860962,0.0,False,0.0928754061460495,0.0624624565243721,0.10104940831661224,-0.089402936398983,0.27818572521209717,-0.051317572593688965,-0.1179886907339096,0.04629358649253845,-0.21005061268806458,0.014255702495574951,0.13813193142414093,0.030810117721557617,0.06897048652172089,0.02640506625175476,-0.1941332221031189,0.04337281361222267,1.0474010705947876,0.9474010467529297,0.9011754989624023,1.0011755228042603,0.9679450988769531,0.8679450750350952,0.8378337621688843,0.9378337860107422,3.2375662326812744,2.4375662803649902,0.42613115906715393,-0.373868852853775,4.303007125854492,3.303007125854492,-0.23984111845493317,-1.239841103553772,-2.6337685585021973,-1.1337685585021973,-2.6211698055267334,-1.1211698055267334,-2.6377170085906982,-1.1377170085906982,-1.4383480548858643,0.06165194511413574
upright,8.72,0,0.11485621333122253,72.85592651367188,3.371164560317993,1.1876606941223145,0.007488876115530729,0.04564042389392853,1,False,1.4691903591156006,0.0,False,0.09287670254707336,0.062461573630571365,0.10104981809854507,-0.0894029289484024,0.27818435430526733,-0.05131438374519348,-0.11799047887325287,0.04629319906234741,-0.21004913747310638,0.014250099658966064,0.13813051581382751,0.030807308852672577,0.06896917521953583,0.026407137513160706,-0.1941332221031189,0.04337466135621071,1.047402024269104,0.9474020004272461,0.9011827111244202,1.0011826753616333,0.9679868221282959,0.867986798286438,0.8378413915634155,0.9378414154052734,3.2375802993774414,2.4375803470611572,0.42615780234336853,-0.3738422095775604,4.3030219078063965,3.3030219078063965,-0.23983396589756012,-1.239833950996399,-2.633772850036621,-1.133772850036621,-2.6211659908294678,-1.1211659908294678,-2.637718677520752,-1.137718677520752,-1.438353419303894,0.06164658069610596
upright,8.74,0,0.11485635489225388,72.8556137084961,3.371642589569092,1.1876564025878906,0.0074814860709011555,0.04215361922979355,1,False,1.4691885709762573,0.0,False,0.09287683665752411,0.062462031841278076,0.10104973614215851,-0.08940229564905167,0.27819013595581055,-0.05132344365119934,-0.1179857850074768,0.04629361629486084,-0.21004937589168549,0.014251947402954102,0.13813191652297974,0.0308091938495636,0.06897001713514328,0.02641114592552185,-0.19413551688194275,0.043375782668590546,1.0473986864089966,0.9473986625671387,0.9011549949645996,1.0011550188064575,0.967965841293335,0.867965817451477,0.8378469944000244,0.9378470182418823,3.237579584121704,2.43757963180542,0.4260725677013397,-0.37392744421958923,4.3030171394348145,3.3030171394348145,-0.2398359179496765,-1.2398359775543213,-2.6337733268737793,-1.1337733268737793,-2.621166706085205,-1.121166706085205,-2.6377124786376953,-1.1377124786376953,-1.4383323192596436,0.061667680740356445
upright,8.76,0,0.1148570254445076,72.8554916381836,3.3728578090667725,1.187654733657837,0.007366073317825794,0.04439332336187363,1,False,1.4691855907440186,0.0,False,0.09287619590759277,0.06246250867843628,0.10104944556951523,-0.08940261602401733,0.27818918228149414,-0.051321059465408325,-0.11798704415559769,0.04629381000995636,-0.21004994213581085,0.014254957437515259,0.1381320059299469,0.030810706317424774,0.0689707025885582,0.0264064222574234,-0.1941339671611786,0.0433732233941555,1.0473992824554443,0.9473992586135864,0.9011623859405518,1.0011624097824097,0.9679487943649292,0.8679487705230713,0.8378358483314514,0.9378358721733093,3.2375712394714355,2.4375712871551514,0.4260912239551544,-0.37390878796577454,4.303013324737549,3.303013324737549,-0.23984093964099884,-1.2398409843444824,-2.6337718963623047,-1.1337718963623047,-2.621164321899414,-1.121164321899414,-2.637716054916382,-1.1377160549163818,-1.438342571258545,0.06165742874145508
upright,8.78,0,0.11485740542411804,72.855224609375,3.3736679553985596,1.1876509189605713,0.007627333048731089,0.04386294633150101,1,False,1.4691822528839111,0.0,False,0.09287530183792114,0.06246323511004448,0.10104910284280777,-0.08940242230892181,0.2781869173049927,-0.05132284760475159,-0.11798584461212158,0.04629276692867279,-0.21005065739154816,0.014257937669754028,0.13813291490077972,0.030812323093414307,0.06897159665822983,0.026410192251205444,-0.1941359043121338,0.04337438941001892,1.0473973751068115,0.9473973512649536,0.9011598825454712,1.001159906387329,0.9679248332977295,0.8679248094558716,0.8378413915634155,0.9378414154052734,3.2375617027282715,2.4375617504119873,0.42609864473342896,-0.3739013671875,4.303004741668701,3.303004741668701,-0.2398434430360794,-1.239843487739563,-2.6337687969207764,-1.1337687969207764,-2.6211791038513184,-1.1211791038513184,-2.637714147567749,-1.137714147567749,-1.4383227825164795,0.06167721748352051
upright,8.8,0,0.11485668271780014,72.85542297363281,3.3726892471313477,1.1876537799835205,0.007591347675770521,0.049086883664131165,1,False,1.4691838026046753,0.0,False,0.09287527203559875,0.06246248260140419,0.10104935616254807,-0.08940292149782181,0.27818557620048523,-0.05131754279136658,-0.11798856407403946,0.04629349708557129,-0.21005040407180786,0.014255702495574951,0.13813182711601257,0.030810192227363586,0.06897058337926865,0.02640518546104431,-0.19413337111473083,0.043372742831707,1.0474008321762085,0.9474008083343506,0.901175320148468,1.0011752843856812,0.9679455757141113,0.8679455518722534,0.83783358335495,0.9378336071968079,3.237565755844116,2.437565803527832,0.42613184452056885,-0.3738681674003601,4.303008079528809,3.3030080795288086,-0.23984120786190033,-1.2398412227630615,-2.633768320083618,-1.1337683200836182,-2.6211705207824707,-1.1211705207824707,-2.6377177238464355,-1.1377177238464355,-1.4383474588394165,0.061652541160583496
upright,8.82,0,0.11485613137483597,72.85588073730469,3.3711516857147217,1.1876599788665771,0.007493812125176191,0.04561114311218262,1,False,1.4691905975341797,0.0,False,0.09287665784358978,0.06246144324541092,0.10104991495609283,-0.08940286934375763,0.2781844139099121,-0.05131468176841736,-0.11799036711454391,0.046292975544929504,-0.21004898846149445,0.014250099658966064,0.13813051581382751,0.03080737590789795,0.06896933168172836,0.02640712261199951,-0.19413325190544128,0.04337463527917862,1.0474019050598145,0.9474018812179565,0.9011813998222351,1.0011813640594482,0.9679871201515198,0.8679870963096619,0.8378410339355469,0.9378410577774048,3.237581491470337,2.4375815391540527,0.42615675926208496,-0.373843252658844,4.303022861480713,3.303022861480713,-0.23983456194400787,-1.2398345470428467,-2.633772611618042,-1.133772611618042,-2.621166467666626,-1.121166467666626,-2.63771915435791,-1.1377191543579102,-1.4383528232574463,0.06164717674255371
upright,8.84,0,0.11485633254051208,72.8556137084961,3.3716225624084473,1.1876564025878906,0.007485517300665379,0.04211105778813362,1,False,1.4691885709762573,0.0,False,0.0928768664598465,0.0624619759619236,0.10104978829622269,-0.08940227329730988,0.27819040417671204,-0.051323533058166504,-0.11798585206270218,0.046293482184410095,-0.2100493609905243,0.014251738786697388,0.13813194632530212,0.03080906718969345,0.0689699798822403,0.026411131024360657,-0.19413542747497559,0.04337579756975174,1.047398567199707,0.9473985433578491,0.9011544585227966,1.0011544227600098,0.9679663777351379,0.86796635389328,0.8378473520278931,0.937847375869751,3.2375802993774414,2.4375803470611572,0.4260721206665039,-0.37392789125442505,4.3030171394348145,3.3030171394348145,-0.2398362010717392,-1.2398362159729004,-2.6337735652923584,-1.1337735652923584,-2.6211659908294678,-1.1211659908294678,-2.637712001800537,-1.137712001800537,-1.4383320808410645,0.06166791915893555
upright,8.86,0,0.114857017993927,72.85547637939453,3.372837543487549,1.1876543760299683,0.007379509042948484,0.0444544292986393,1,False,1.4691853523254395,0.0,False,0.09287628531455994,0.06246258690953255,0.10104940086603165,-0.08940257132053375,0.2781892716884613,-0.05132091045379639,-0.11798708885908127,0.046293705701828,-0.21005010604858398,0.014254868030548096,0.13813205063343048,0.030810467898845673,0.06897086650133133,0.02640649676322937,-0.1941339373588562,0.04337333142757416,1.0473994016647339,0.947399377822876,0.9011622071266174,1.0011621713638306,0.9679489731788635,0.8679489493370056,0.8378362059593201,0.937836229801178,3.2375710010528564,2.4375710487365723,0.4260914921760559,-0.37390851974487305,4.303011894226074,3.303011894226074,-0.2398415356874466,-1.2398415803909302,-2.633772134780884,-1.1337721347808838,-2.6211636066436768,-1.1211636066436768,-2.6377155780792236,-1.1377155780792236,-1.4383420944213867,0.06165790557861328
upright,8.88,0,0.11485744267702103,72.85520935058594,3.3736765384674072,1.1876506805419922,0.007627367042005062,0.043927714228630066,1,False,1.469182014465332,0.0,False,0.0928751677274704,0.062463242560625076,0.10104914009571075,-0.08940233290195465,0.27818694710731506,-0.051322728395462036,-0.11798594146966934,0.04629276692867279,-0.2100507766008377,0.014258086681365967,0.13813287019729614,0.030812226235866547,0.06897163391113281,0.026410117745399475,-0.19413594901561737,0.04337433725595474,1.047397255897522,0.9473972320556641,0.9011600613594055,1.0011600255966187,0.9679244756698608,0.8679244518280029,0.8378408551216125,0.9378408789634705,3.2375617027282715,2.4375617504119873,0.42609864473342896,-0.3739013671875,4.303003787994385,3.3030037879943848,-0.23984351754188538,-1.239843487739563,-2.6337685585021973,-1.1337685585021973,-2.621178388595581,-1.121178388595581,-2.637714385986328,-1.1377143859863281,-1.4383230209350586,0.061676979064941406
upright,8.9,0,0.11485671997070312,72.85542297363281,3.372633695602417,1.187653660774231,0.0076194750145077705,0.04918612912297249,1,False,1.469184160232544,0.0,False,0.09287548065185547,0.06246239319443703,0.10104936361312866,-0.08940296620130539,0.27818563580513,-0.05131751298904419,-0.11798858642578125,0.046293631196022034,-0.2100502848625183,0.014255523681640625,0.13813184201717377,0.030810236930847168,0.06897065043449402,0.02640528976917267,-0.19413328170776367,0.04337295889854431,1.0474010705947876,0.9474010467529297,0.901175856590271,1.001175880432129,0.9679461717605591,0.8679461479187012,0.8378341197967529,0.9378341436386108,3.2375667095184326,2.4375667572021484,0.4261314272880554,-0.37386858463287354,4.303009033203125,3.303009033203125,-0.23984123766422272,-1.2398412227630615,-2.6337687969207764,-1.1337687969207764,-2.6211700439453125,-1.1211700439453125,-2.6377174854278564,-1.1377174854278564,-1.438347578048706,0.061652421951293945
upright,8.92,0,0.11485616862773895,72.8559341430664,3.371098518371582,1.187660813331604,0.007506858091801405,0.04557172581553459,1,False,1.4691905975341797,0.0,False,0.0928768515586853,0.06246158108115196,0.10104989260435104,-0.08940281718969345,0.27818459272384644,-0.05131465196609497,-0.11799050867557526,0.04629300534725189,-0.21004901826381683,0.014249861240386963,0.13813050091266632,0.030807241797447205,0.0689692273736,0.026407316327095032,-0.19413334131240845,0.04337477311491966,1.047401785850525,0.947401762008667,0.9011818766593933,1.0011818408966064,0.967988133430481,0.867988109588623,0.8378416895866394,0.9378417134284973,3.2375810146331787,2.4375810623168945,0.42615658044815063,-0.3738434314727783,4.303022861480713,3.303022861480713,-0.2398342788219452,-1.2398343086242676,-2.633772850036621,-1.133772850036621,-2.6211657524108887,-1.1211657524108887,-2.637718677520752,-1.137718677520752,-1.4383527040481567,0.06164729595184326
upright,8.94,0,0.11485636979341507,72.85562896728516,3.3716368675231934,1.1876566410064697,0.007485066540539265,0.04202910512685776,1,False,1.4691886901855469,0.0,False,0.09287682175636292,0.06246203929185867,0.1010497659444809,-0.08940230309963226,0.27819037437438965,-0.051323533058166504,-0.11798574775457382,0.04629361629486084,-0.2100493460893631,0.014251887798309326,0.13813187181949615,0.030809082090854645,0.06897000968456268,0.026411429047584534,-0.19413556158542633,0.04337596148252487,1.047398328781128,0.94739830493927,0.9011548161506653,1.0011547803878784,0.9679664969444275,0.8679664731025696,0.8378477096557617,0.9378477334976196,3.237579822540283,2.437579870223999,0.4260716438293457,-0.37392836809158325,4.303017616271973,3.3030176162719727,-0.23983612656593323,-1.2398360967636108,-2.6337733268737793,-1.1337733268737793,-2.621166467666626,-1.121166467666626,-2.6377127170562744,-1.1377127170562744,-1.4383316040039062,0.06166839599609375
upright,8.96,0,0.114857017993927,72.85546112060547,3.3728091716766357,1.1876542568206787,0.007373462896794081,0.04441419988870621,1,False,1.4691855907440186,0.0,False,0.09287627041339874,0.062462493777275085,0.10104941576719284,-0.08940261602401733,0.27818921208381653,-0.05132099986076355,-0.11798705160617828,0.04629385471343994,-0.21004994213581085,0.014254897832870483,0.13813208043575287,0.03081066906452179,0.06897084414958954,0.026406362652778625,-0.19413383305072784,0.043373290449380875,1.0473992824554443,0.9473992586135864,0.9011624455451965,1.0011624097824097,0.9679481387138367,0.8679481148719788,0.8378357291221619,0.9378357529640198,3.2375714778900146,2.4375715255737305,0.4260910451412201,-0.37390896677970886,4.303012847900391,3.3030128479003906,-0.2398412525653839,-1.2398412227630615,-2.633772373199463,-1.133772373199463,-2.621164083480835,-1.121164083480835,-2.6377155780792236,-1.1377155780792236,-1.438342809677124,0.06165719032287598
upright,8.98,0,0.11485736817121506,72.855224609375,3.373612403869629,1.1876509189605713,0.007616251241415739,0.043859776109457016,1,False,1.469182014465332,0.0,False,0.09287534654140472,0.062463223934173584,0.10104911029338837,-0.08940231800079346,0.27818700671195984,-0.05132269859313965,-0.11798599362373352,0.04629276692867279,-0.21005083620548248,0.014257937669754028,0.1381329745054245,0.03081219643354416,0.06897173821926117,0.02641010284423828,-0.19413596391677856,0.04337427020072937,1.0473971366882324,0.9473971128463745,0.9011600017547607,1.0011600255966187,0.9679250121116638,0.8679249882698059,0.8378410339355469,0.9378410577774048,3.2375621795654297,2.4375622272491455,0.4260985255241394,-0.37390148639678955,4.303003787994385,3.3030037879943848,-0.23984397947788239,-1.2398439645767212,-2.6337690353393555,-1.1337690353393555,-2.621178150177002,-1.121178150177002,-2.637713670730591,-1.1377136707305908,-1.4383221864700317,0.06167781352996826
upright,9.0,0,0.11485673487186432,72.85543823242188,3.372708797454834,1.18765389919281,0.007595222909003496,0.049273137003183365,1,False,1.4691838026046753,0.0,False,0.09287555515766144,0.06246248260140419,0.10104943066835403,-0.08940295875072479,0.27818572521209717,-0.05131763219833374,-0.11798862367868423,0.046293482184410095,-0.21005065739154816,0.014255702495574951,0.13813179731369019,0.03081001341342926,0.06897041946649551,0.026405051350593567,-0.1941332370042801,0.04337280988693237,1.0474010705947876,0.9474010467529297,0.9011753797531128,1.0011754035949707,0.9679456949234009,0.867945671081543,0.8378338813781738,0.9378339052200317,3.2375664710998535,2.4375665187835693,0.4261314570903778,-0.37386855483055115,4.303007125854492,3.303007125854492,-0.23984083533287048,-1.2398408651351929,-2.6337687969207764,-1.1337687969207764,-2.6211700439453125,-1.1211700439453125,-2.6377177238464355,-1.1377177238464355,-1.438348650932312,0.06165134906768799
upright,9.02,0,0.11485620588064194,72.85591888427734,3.3711912631988525,1.187660574913025,0.007485291454941034,0.045489903539419174,1,False,1.4691904783248901,0.0,False,0.09287679195404053,0.062461528927087784,0.10104986280202866,-0.08940279483795166,0.27818435430526733,-0.05131468176841736,-0.1179903969168663,0.046293020248413086,-0.2100490927696228,0.014250218868255615,0.13813050091266632,0.03080737590789795,0.06896927952766418,0.026407256722450256,-0.19413331151008606,0.0433746874332428,1.047401785850525,0.947401762008667,0.9011818766593933,1.0011818408966064,0.967985987663269,0.8679859638214111,0.8378413915634155,0.9378414154052734,3.237581253051758,2.4375813007354736,0.4261570870876312,-0.37384292483329773,4.3030219078063965,3.3030219078063965,-0.23983432352542877,-1.2398343086242676,-2.633772850036621,-1.133772850036621,-2.621166229248047,-1.1211662292480469,-2.6377193927764893,-1.1377193927764893,-1.4383525848388672,0.06164741516113281
upright,9.040000000000001,0,0.11485632508993149,72.85559844970703,3.3716423511505127,1.1876561641693115,0.007481466978788376,0.042078595608472824,1,False,1.4691886901855469,0.0,False,0.09287679195404053,0.06246202811598778,0.1010497435927391,-0.08940226584672928,0.2781901955604553,-0.051323652267456055,-0.11798576265573502,0.04629345238208771,-0.21004943549633026,0.014251947402954102,0.13813188672065735,0.030809201300144196,0.06897014379501343,0.02641114592552185,-0.19413551688194275,0.04337574169039726,1.0473982095718384,0.9473981857299805,0.9011544585227966,1.0011544227600098,0.9679661989212036,0.8679661750793457,0.837847113609314,0.9378471374511719,3.237579822540283,2.437579870223999,0.4260725677013397,-0.37392744421958923,4.303017616271973,3.3030176162719727,-0.2398369163274765,-1.2398369312286377,-2.6337735652923584,-1.1337735652923584,-2.621166944503784,-1.1211669445037842,-2.6377127170562744,-1.1377127170562744,-1.4383312463760376,0.0616687536239624
upright,9.06,0,0.1148570328950882,72.85552215576172,3.3727645874023438,1.187654972076416,0.007369982078671455,0.044492706656455994,1,False,1.469185471534729,0.0,False,0.09287622570991516,0.06246260181069374,0.10104937851428986,-0.08940260112285614,0.2781892716884613,-0.05132085084915161,-0.11798708140850067,0.04629391431808472,-0.21004997193813324,0.014254719018936157,0.13813205063343048,0.030810505151748657,0.06897066533565521,0.026406407356262207,-0.19413387775421143,0.043373264372348785,1.0473992824554443,0.9473992586135864,0.90116286277771,1.0011628866195679,0.9679491519927979,0.8679491281509399,0.8378362059593201,0.937836229801178,3.2375710010528564,2.4375710487365723,0.4260912537574768,-0.37390875816345215,4.303012847900391,3.3030128479003906,-0.23984116315841675,-1.2398412227630615,-2.633772134780884,-1.1337721347808838,-2.6211636066436768,-1.1211636066436768,-2.6377153396606445,-1.1377153396606445,-1.4383424520492554,0.06165754795074463
upright,9.08,0,0.11485740542411804,72.855224609375,3.373711109161377,1.1876509189605713,0.007615864742547274,0.04386788606643677,1,False,1.469182014465332,0.0,False,0.09287518262863159,0.06246326118707657,0.10104909539222717,-0.08940232545137405,0.2781867980957031,-0.05132278800010681,-0.11798587441444397,0.04629279673099518,-0.2100507915019989,0.014258265495300293,0.1381327211856842,0.030812188982963562,0.06897156685590744,0.026410192251205444,-0.19413605332374573,0.043374303728342056,1.0473970174789429,0.947396993637085,0.9011601805686951,1.0011601448059082,0.9679245352745056,0.8679245114326477,0.8378410935401917,0.9378411173820496,3.237560987472534,2.43756103515625,0.426098495721817,-0.37390151619911194,4.303003787994385,3.3030037879943848,-0.23984308540821075,-1.2398431301116943,-2.6337685585021973,-1.1337685585021973,-2.6211791038513184,-1.1211791038513184,-2.6377153396606445,-1.1377153396606445,-1.4383225440979004,0.06167745590209961
upright,9.1,0,0.1148567646741867,72.85542297363281,3.3727002143859863,1.187653660774231,0.007611749693751335,0.049166709184646606,1,False,1.4691839218139648,0.0,False,0.09287536144256592,0.06246243417263031,0.10104941576719284,-0.08940289914608002,0.27818563580513,-0.05131739377975464,-0.11798866838216782,0.04629364609718323,-0.21005044877529144,0.0142555832862854,0.13813188672065735,0.030810169875621796,0.0689707100391388,0.02640537917613983,-0.194133460521698,0.04337288439273834,1.0474010705947876,0.9474010467529297,0.9011759757995605,1.0011759996414185,0.9679458737373352,0.8679458498954773,0.8378339409828186,0.9378339648246765,3.2375664710998535,2.4375665187835693,0.42613181471824646,-0.3738681972026825,4.303008079528809,3.3030080795288086,-0.23984108865261078,-1.239841103553772,-2.6337685585021973,-1.1337685585021973,-2.6211698055267334,-1.1211698055267334,-2.6377174854278564,-1.1377174854278564,-1.4383471012115479,0.06165289878845215
upright,9.120000000000001,0,0.11485617607831955,72.8559341430664,3.3711249828338623,1.187660813331604,0.00749262934550643,0.04557592049241066,1,False,1.4691908359527588,0.0,False,0.09287682175636292,0.062461450695991516,0.10104991495609283,-0.08940280973911285,0.2781844735145569,-0.05131441354751587,-0.11799051612615585,0.04629325866699219,-0.21004900336265564,0.014249712228775024,0.13813048601150513,0.030807174742221832,0.06896930187940598,0.026407301425933838,-0.19413328170776367,0.043374769389629364,1.047401785850525,0.947401762008667,0.9011827707290649,1.0011827945709229,0.9679884314537048,0.8679884076118469,0.8378416299819946,0.9378416538238525,3.237581968307495,2.437582015991211,0.42615705728530884,-0.3738429546356201,4.303022861480713,3.303022861480713,-0.23983414471149445,-1.239834189414978,-2.6337730884552,-1.1337730884552002,-2.6211655139923096,-1.1211655139923096,-2.637718439102173,-1.1377184391021729,-1.4383530616760254,0.06164693832397461
upright,9.14,0,0.11485631763935089,72.85565185546875,3.371554374694824,1.1876568794250488,0.007488160394132137,0.04218277335166931,1,False,1.4691888093948364,0.0,False,0.09287674725055695,0.062461934983730316,0.1010497584939003,-0.0894022062420845,0.27819016575813293,-0.05132344365119934,-0.11798573285341263,0.04629383981227875,-0.21004928648471832,0.01425158977508545,0.13813188672065735,0.030808866024017334,0.06897003948688507,0.02641122043132782,-0.1941353976726532,0.04337586462497711,1.0473984479904175,0.9473984241485596,0.9011557698249817,1.0011557340621948,0.9679674506187439,0.867967426776886,0.8378476500511169,0.9378476738929749,3.2375800609588623,2.437580108642578,0.4260718822479248,-0.37392812967300415,4.3030171394348145,3.3030171394348145,-0.23983624577522278,-1.2398362159729004,-2.6337730884552,-1.1337730884552002,-2.621166944503784,-1.1211669445037842,-2.637712240219116,-1.1377122402191162,-1.4383318424224854,0.06166815757751465
upright,9.16,0,0.11485704779624939,72.85549926757812,3.3728268146514893,1.187654733657837,0.007375094573944807,0.04453273490071297,1,False,1.4691853523254395,0.0,False,0.09287633001804352,0.06246268004179001,0.10104932636022568,-0.08940264582633972,0.27818918228149414,-0.05132123827934265,-0.11798691749572754,0.046293869614601135,-0.2100500762462616,0.01425507664680481,0.1381320208311081,0.030810624361038208,0.06897074729204178,0.026406317949295044,-0.1941339075565338,0.04337320104241371,1.047399640083313,0.9473996162414551,0.9011629819869995,1.0011630058288574,0.967948317527771,0.8679482936859131,0.8378357887268066,0.9378358125686646,3.237569808959961,2.4375698566436768,0.42609062790870667,-0.3739093840122223,4.303012371063232,3.3030123710632324,-0.23984107375144958,-1.239841103553772,-2.633772134780884,-1.1337721347808838,-2.6211657524108887,-1.1211657524108887,-2.637716293334961,-1.137716293334961,-1.4383424520492554,0.06165754795074463
upright,9.18,0,0.11485742777585983,72.8552474975586,3.3736019134521484,1.1876511573791504,0.007614051923155785,0.04392137750983238,1,False,1.4691823720932007,0.0,False,0.09287519752979279,0.062463294714689255,0.10104911774396896,-0.08940223604440689,0.27818676829338074,-0.051322758197784424,-0.117985799908638,0.04629293084144592,-0.21005064249038696,0.014257997274398804,0.1381327211856842,0.030812211334705353,0.06897162646055222,0.026410266757011414,-0.19413602352142334,0.04337438941001892,1.0473968982696533,0.9473968744277954,0.9011608958244324,1.0011608600616455,0.9679257273674011,0.8679257035255432,0.8378415107727051,0.937841534614563,3.2375614643096924,2.437561511993408,0.4260985553264618,-0.37390145659446716,4.303004741668701,3.303004741668701,-0.23984353244304657,-1.239843487739563,-2.6337685585021973,-1.1337685585021973,-2.6211795806884766,-1.1211795806884766,-2.6377151012420654,-1.1377151012420654,-1.4383221864700317,0.06167781352996826
upright,9.200000000000001,0,0.1148567646741867,72.85546112060547,3.372675657272339,1.1876542568206787,0.00760539248585701,0.04933403804898262,1,False,1.4691842794418335,0.0,False,0.09287554025650024,0.06246240809559822,0.10104940086603165,-0.0894029513001442,0.2781856656074524,-0.05131754279136658,-0.11798860132694244,0.04629373550415039,-0.21005034446716309,0.014255702495574951,0.1381317675113678,0.03081028163433075,0.06897053867578506,0.026405110955238342,-0.19413328170776367,0.04337280988693237,1.0474008321762085,0.9474008083343506,0.9011763334274292,1.001176357269287,0.9679462313652039,0.867946207523346,0.837833821773529,0.937833845615387,3.2375667095184326,2.4375667572021484,0.42613109946250916,-0.3738689124584198,4.303009033203125,3.303009033203125,-0.23984110355377197,-1.239841103553772,-2.6337687969207764,-1.1337687969207764,-2.6211705207824707,-1.1211705207824707,-2.6377182006835938,-1.1377182006835938,-1.4383480548858643,0.06165194511413574
upright,9.22,0,0.11485614627599716,72.85590362548828,3.371114730834961,1.1876604557037354,0.007498895283788443,0.04557595029473305,1,False,1.4691908359527588,0.0,False,0.09287676215171814,0.06246140971779823,0.10104987770318985,-0.08940289169549942,0.27818453311920166,-0.05131450295448303,-0.11799048632383347,0.04629307985305786,-0.21004901826381683,0.014249801635742188,0.13813050091266632,0.030807167291641235,0.06896927952766418,0.02640719711780548,-0.19413316249847412,0.04337473586201668,1.0474019050598145,0.9474018812179565,0.901182234287262,1.001182198524475,0.9679885506629944,0.8679885268211365,0.8378416299819946,0.9378416538238525,3.237581968307495,2.437582015991211,0.42615702748298645,-0.3738429844379425,4.303022861480713,3.303022861480713,-0.23983435332775116,-1.2398343086242676,-2.6337730884552,-1.1337730884552002,-2.6211657524108887,-1.1211657524108887,-2.637718915939331,-1.137718915939331,-1.4383528232574463,0.06164717674255371
upright,9.24,0,0.11485636234283447,72.8556137084961,3.3716514110565186,1.1876564025878906,0.007483455818146467,0.04204542934894562,1,False,1.4691886901855469,0.0,False,0.09287698566913605,0.06246211379766464,0.10104969888925552,-0.08940224349498749,0.2781903147697449,-0.05132344365119934,-0.11798587441444397,0.04629358649253845,-0.2100493460893631,0.014251708984375,0.1381320059299469,0.030809246003627777,0.06897005438804626,0.026411250233650208,-0.19413545727729797,0.04337584227323532,1.047398567199707,0.9473985433578491,0.9011547565460205,1.0011547803878784,0.9679657816886902,0.8679657578468323,0.8378475308418274,0.9378475546836853,3.2375802993774414,2.4375803470611572,0.42607226967811584,-0.3739277422428131,4.303017616271973,3.3030176162719727,-0.23983632028102875,-1.23983633518219,-2.6337740421295166,-1.1337740421295166,-2.6211659908294678,-1.1211659908294678,-2.637711524963379,-1.137711524963379,-1.4383316040039062,0.06166839599609375
upright,9.26,0,0.1148570254445076,72.85546112060547,3.3728578090667725,1.1876542568206787,0.007367744576185942,0.044468507170677185,1,False,1.46918523311615,0.0,False,0.09287634491920471,0.0624627023935318,0.10104934871196747,-0.08940255641937256,0.2781892418861389,-0.051321208477020264,-0.1179870218038559,0.04629364609718323,-0.21004998683929443,0.014255136251449585,0.13813212513923645,0.030810736119747162,0.06897087395191193,0.026406079530715942,-0.1941339373588562,0.04337306320667267,1.0473991632461548,0.9473991394042969,0.901161789894104,1.001161813735962,0.9679469466209412,0.8679469227790833,0.8378350138664246,0.9378350377082825,3.2375707626342773,2.437570810317993,0.42609119415283203,-0.3739088177680969,4.303012371063232,3.3030123710632324,-0.23984147608280182,-1.2398414611816406,-2.633772611618042,-1.133772611618042,-2.6211650371551514,-1.1211650371551514,-2.6377155780792236,-1.1377155780792236,-1.4383426904678345,0.06165730953216553
upright,9.28,0,0.11485738307237625,72.85520935058594,3.3736512660980225,1.1876507997512817,0.0076233395375311375,0.0437488816678524,1,False,1.469182014465332,0.0,False,0.09287536144256592,0.06246325373649597,0.10104913264513016,-0.08940231800079346,0.27818697690963745,-0.05132266879081726,-0.11798600107431412,0.0462927371263504,-0.2100508064031601,0.014257967472076416,0.1381330043077469,0.030812151730060577,0.06897170841693878,0.02640993893146515,-0.19413600862026215,0.04337416589260101,1.0473970174789429,0.947396993637085,0.901159942150116,1.001159906387329,0.9679248332977295,0.8679248094558716,0.837840735912323,0.9378407597541809,3.2375621795654297,2.4375622272491455,0.4260994493961334,-0.37390056252479553,4.303003787994385,3.3030037879943848,-0.23984386026859283,-1.2398438453674316,-2.6337690353393555,-1.1337690353393555,-2.621178150177002,-1.121178150177002,-2.637713670730591,-1.1377136707305908,-1.43832266330719,0.06167733669281006
upright,9.3,0,0.1148567646741867,72.85540771484375,3.372746467590332,1.1876534223556519,0.007593794725835323,0.0491548627614975,1,False,1.4691838026046753,0.0,False,0.09287546575069427,0.0624624527990818,0.10104936361312866,-0.08940291404724121,0.2781856060028076,-0.05131763219833374,-0.11798858642578125,0.04629352688789368,-0.21005047857761383,0.014255821704864502,0.13813194632530212,0.03081022948026657,0.06897054612636566,0.026405125856399536,-0.19413325190544128,0.04337284713983536,1.0474010705947876,0.9474010467529297,0.9011752605438232,1.0011752843856812,0.967944860458374,0.8679448366165161,0.8378339409828186,0.9378339648246765,3.2375667095184326,2.4375667572021484,0.42613139748573303,-0.3738686144351959,4.30300760269165,3.3030076026916504,-0.2398410588502884,-1.239841103553772,-2.6337687969207764,-1.1337687969207764,-2.6211705207824707,-1.1211705207824707,-2.6377172470092773,-1.1377172470092773,-1.4383480548858643,0.06165194511413574
upright,9.32,0,0.11485613882541656,72.85589599609375,3.37117338180542,1.1876603364944458,0.007497523911297321,0.04558033123612404,1,False,1.4691903591156006,0.0,False,0.09287683665752411,0.06246143952012062,0.10104989260435104,-0.08940288424491882,0.27818435430526733,-0.05131453275680542,-0.11799042671918869,0.046292975544929504,-0.21004916727542877,0.014249920845031738,0.1381305456161499,0.030807070434093475,0.0689692422747612,0.02640712261199951,-0.19413326680660248,0.043374642729759216,1.0474019050598145,0.9474018812179565,0.9011818766593933,1.0011818408966064,0.9679871201515198,0.8679870963096619,0.837841272354126,0.9378412961959839,3.237581968307495,2.437582015991211,0.4261573553085327,-0.37384265661239624,4.30302095413208,3.30302095413208,-0.23983432352542877,-1.2398343086242676,-2.6337735652923584,-1.1337735652923584,-2.6211659908294678,-1.1211659908294678,-2.6377182006835938,-1.1377182006835938,-1.4383530616760254,0.06164693832397461
upright,9.34,0,0.11485633999109268,72.85562133789062,3.37164044380188,1.1876565217971802,0.007479578722268343,0.04208581522107124,1,False,1.4691884517669678,0.0,False,0.09287700057029724,0.062462106347084045,0.10104972124099731,-0.08940224349498749,0.27819037437438965,-0.05132362246513367,-0.11798585951328278,0.0462934672832489,-0.2100495547056198,0.014251857995986938,0.13813193142414093,0.03080885112285614,0.06896999478340149,0.026411205530166626,-0.19413557648658752,0.043375782668590546,1.0473984479904175,0.9473984241485596,0.9011543989181519,1.0011544227600098,0.9679664373397827,0.8679664134979248,0.8378470540046692,0.9378470778465271,3.2375802993774414,2.4375803470611572,0.42607253789901733,-0.3739274740219116,4.303016185760498,3.303016185760498,-0.23983603715896606,-1.2398359775543213,-2.6337740421295166,-1.1337740421295166,-2.621166229248047,-1.1211662292480469,-2.6377124786376953,-1.1377124786376953,-1.438331961631775,0.0616680383682251
upright,9.36,0,0.11485699564218521,72.8554458618164,3.37286639213562,1.1876541376113892,0.007372292224317789,0.04441003501415253,1,False,1.4691851139068604,0.0,False,0.09287618100643158,0.06246253103017807,0.10104940831661224,-0.08940262347459793,0.2781892418861389,-0.05132091045379639,-0.11798710376024246,0.04629373550415039,-0.2100500464439392,0.014254957437515259,0.13813206553459167,0.030810564756393433,0.06897079944610596,0.026406168937683105,-0.19413380324840546,0.04337318241596222,1.0473992824554443,0.9473992586135864,0.9011621475219727,1.0011621713638306,0.9679478406906128,0.8679478168487549,0.837835431098938,0.9378354549407959,3.2375710010528564,2.4375710487365723,0.4260913133621216,-0.3739086985588074,4.303011894226074,3.303011894226074,-0.239841490983963,-1.2398414611816406,-2.6337718963623047,-1.1337718963623047,-2.621163845062256,-1.1211638450622559,-2.6377155780792236,-1.1377155780792236,-1.4383431673049927,0.061656832695007324
upright,9.38,0,0.11485743522644043,72.8552474975586,3.3736226558685303,1.1876513957977295,0.007626228500157595,0.04392261803150177,1,False,1.469182014465332,0.0,False,0.09287537634372711,0.062463197857141495,0.10104912519454956,-0.08940231800079346,0.2781870663166046,-0.051322489976882935,-0.11798610538244247,0.046292856335639954,-0.21005094051361084,0.014257937669754028,0.13813301920890808,0.03081214427947998,0.06897149980068207,0.026410117745399475,-0.19413602352142334,0.04337429627776146,1.047397255897522,0.9473972320556641,0.901160717010498,1.001160740852356,0.9679251909255981,0.8679251670837402,0.8378410339355469,0.9378410577774048,3.2375621795654297,2.4375622272491455,0.42609909176826477,-0.3739009201526642,4.303003787994385,3.3030037879943848,-0.23984286189079285,-1.2398428916931152,-2.6337687969207764,-1.1337687969207764,-2.6211771965026855,-1.1211771965026855,-2.637713670730591,-1.1377136707305908,-1.4383232593536377,0.061676740646362305
upright,9.4,0,0.11485671997070312,72.85542297363281,3.372680425643921,1.1876537799835205,0.007579310331493616,0.0492156483232975,1,False,1.4691835641860962,0.0,False,0.09287522733211517,0.06246252357959747,0.10104936361312866,-0.08940290659666061,0.27818557620048523,-0.05131760239601135,-0.11798852682113647,0.04629361629486084,-0.21005050837993622,0.01425585150718689,0.1381317526102066,0.030810154974460602,0.0689704418182373,0.026405155658721924,-0.19413332641124725,0.043372828513383865,1.0474008321762085,0.9474008083343506,0.9011755585670471,1.0011755228042603,0.9679455757141113,0.8679455518722534,0.8378339409828186,0.9378339648246765,3.237565040588379,2.4375650882720947,0.42613163590431213,-0.3738683760166168,4.30300760269165,3.3030076026916504,-0.23984090983867645,-1.2398408651351929,-2.633767604827881,-1.1337676048278809,-2.62117075920105,-1.1211707592010498,-2.6377179622650146,-1.1377179622650146,-1.4383480548858643,0.06165194511413574
upright,9.42,0,0.11485616117715836,72.85594940185547,3.3711228370666504,1.187661051750183,0.007493842858821154,0.04562513902783394,1,False,1.4691907167434692,0.0,False,0.09287671744823456,0.06246156245470047,0.10104985535144806,-0.08940290659666061,0.27818435430526733,-0.05131468176841736,-0.11799034476280212,0.04629315435886383,-0.21004901826381683,0.014249920845031738,0.13813042640686035,0.030807174742221832,0.06896933168172836,0.026407331228256226,-0.19413334131240845,0.04337475821375847,1.047402024269104,0.9474020004272461,0.9011826515197754,1.0011826753616333,0.9679881930351257,0.8679881691932678,0.8378418684005737,0.9378418922424316,3.2375807762145996,2.4375808238983154,0.4261569082736969,-0.37384310364723206,4.303022384643555,3.3030223846435547,-0.2398344725370407,-1.2398344278335571,-2.633772850036621,-1.133772850036621,-2.621166944503784,-1.1211669445037842,-2.6377193927764893,-1.1377193927764893,-1.438352108001709,0.061647891998291016
upright,9.44,0,0.11485633999109268,72.85563659667969,3.3716065883636475,1.1876567602157593,0.0074791256338357925,0.04208196699619293,1,False,1.4691888093948364,0.0,False,0.0928768664598465,0.062462057918310165,0.10104972124099731,-0.0894022136926651,0.2781902849674225,-0.05132362246513367,-0.11798576265573502,0.04629366099834442,-0.21004939079284668,0.01425182819366455,0.13813184201717377,0.030809015035629272,0.0689699575304985,0.026411324739456177,-0.19413551688194275,0.04337591677904129,1.0473984479904175,0.9473984241485596,0.9011551737785339,1.001155138015747,0.9679672718048096,0.8679672479629517,0.8378475904464722,0.9378476142883301,3.2375802993774414,2.4375803470611572,0.4260720908641815,-0.37392792105674744,4.303017616271973,3.3030176162719727,-0.23983602225780487,-1.2398359775543213,-2.6337738037109375,-1.1337738037109375,-2.6211671829223633,-1.1211671829223633,-2.6377127170562744,-1.1377127170562744,-1.438331961631775,0.0616680383682251
upright,9.46,0,0.11485700309276581,72.8554916381836,3.3728268146514893,1.187654733657837,0.007363110315054655,0.04447583481669426,1,False,1.469185471534729,0.0,False,0.0928763747215271,0.06246253475546837,0.10104943066835403,-0.08940266072750092,0.27818921208381653,-0.05132099986076355,-0.11798708140850067,0.04629385471343994,-0.21004998683929443,0.01425468921661377,0.13813215494155884,0.030810482800006866,0.06897074729204178,0.02640622854232788,-0.19413383305072784,0.04337318241596222,1.0473997592926025,0.9473997354507446,0.90116286277771,1.0011628866195679,0.9679490327835083,0.8679490089416504,0.8378358483314514,0.9378358721733093,3.2375714778900146,2.4375715255737305,0.4260914623737335,-0.37390854954719543,4.303012371063232,3.3030123710632324,-0.2398415356874466,-1.2398415803909302,-2.633772134780884,-1.1337721347808838,-2.621164560317993,-1.1211645603179932,-2.6377148628234863,-1.1377148628234863,-1.4383424520492554,0.06165754795074463
upright,9.48,0,0.11485745012760162,72.8552017211914,3.373746871948242,1.1876505613327026,0.007620726712048054,0.04393618181347847,1,False,1.469181776046753,0.0,False,0.09287507832050323,0.062463268637657166,0.10104908049106598,-0.08940234780311584,0.2781867980957031,-0.0513228178024292,-0.11798582971096039,0.046292781829833984,-0.21005094051361084,0.01425829529762268,0.13813287019729614,0.030812278389930725,0.06897161155939102,0.026410117745399475,-0.19413593411445618,0.04337432235479355,1.0473970174789429,0.947396993637085,0.9011600613594055,1.0011600255966187,0.9679232835769653,0.8679232597351074,0.8378407955169678,0.9378408193588257,3.237560749053955,2.437560796737671,0.42609867453575134,-0.3739013373851776,4.303003311157227,3.3030033111572266,-0.2398434281349182,-1.2398433685302734,-2.633768320083618,-1.1337683200836182,-2.6211791038513184,-1.1211791038513184,-2.6377146244049072,-1.1377146244049072,-1.4383227825164795,0.06167721748352051
upright,9.5,0,0.11485674232244492,72.85543823242188,3.3726577758789062,1.18765389919281,0.007596628740429878,0.04927396401762962,1,False,1.4691840410232544,0.0,False,0.09287554025650024,0.06246244162321091,0.10104940831661224,-0.08940299600362778,0.2781856060028076,-0.05131760239601135,-0.11798857152462006,0.046293675899505615,-0.21005037426948547,0.014255672693252563,0.1381317526102066,0.030810177326202393,0.06897058337926865,0.026405319571495056,-0.19413341581821442,0.043372876942157745,1.0474011898040771,0.9474011659622192,0.9011760950088501,1.001176118850708,0.9679462313652039,0.867946207523346,0.8378339409828186,0.9378339648246765,3.2375664710998535,2.4375665187835693,0.4261314570903778,-0.37386855483055115,4.303008079528809,3.3030080795288086,-0.23984089493751526,-1.2398408651351929,-2.6337690353393555,-1.1337690353393555,-2.621170997619629,-1.121170997619629,-2.6377182006835938,-1.1377182006835938,-1.4383478164672852,0.061652183532714844
upright,9.52,0,0.11485619097948074,72.85594940185547,3.3710873126983643,1.1876609325408936,0.007498375605791807,0.04550640285015106,1,False,1.4691907167434692,0.0,False,0.09287673234939575,0.06246145814657211,0.10104988515377045,-0.0894029289484024,0.2781845033168793,-0.05131453275680542,-0.11799045652151108,0.046293094754219055,-0.21004903316497803,0.014249831438064575,0.1381305754184723,0.030807316303253174,0.0689692571759224,0.026407375931739807,-0.19413334131240845,0.043374769389629364,1.0474019050598145,0.9474018812179565,0.9011820554733276,1.0011820793151855,0.9679877758026123,0.8679877519607544,0.8378415703773499,0.9378415942192078,3.237581729888916,2.437581777572632,0.4261569380760193,-0.37384307384490967,4.303022861480713,3.303022861480713,-0.239834263920784,-1.2398343086242676,-2.6337730884552,-1.1337730884552002,-2.6211657524108887,-1.1211657524108887,-2.637718439102173,-1.1377184391021729,-1.4383527040481567,0.06164729595184326
upright,9.540000000000001,0,0.11485636979341507,72.8556137084961,3.3716540336608887,1.1876564025878906,0.007484910078346729,0.04199998825788498,1,False,1.4691890478134155,0.0,False,0.09287701547145844,0.06246202811598778,0.10104970633983612,-0.08940228074789047,0.2781903147697449,-0.05132347345352173,-0.11798575520515442,0.0462937206029892,-0.21004930138587952,0.014251798391342163,0.13813191652297974,0.030809134244918823,0.06897015869617462,0.026411429047584534,-0.19413551688194275,0.043375954031944275,1.0473988056182861,0.9473987817764282,0.9011550545692444,1.0011550188064575,0.967966616153717,0.8679665923118591,0.8378475904464722,0.9378476142883301,3.2375805377960205,2.4375805854797363,0.42607176303863525,-0.3739282488822937,4.303018093109131,3.303018093109131,-0.239836186170578,-1.2398362159729004,-2.6337742805480957,-1.1337742805480957,-2.621166467666626,-1.121166467666626,-2.6377124786376953,-1.1377124786376953,-1.4383313655853271,0.06166863441467285
upright,9.56,0,0.1148570328950882,72.8554916381836,3.372873306274414,1.187654733657837,0.007382537238299847,0.044446252286434174,1,False,1.4691855907440186,0.0,False,0.09287628531455994,0.06246259808540344,0.10104939341545105,-0.08940263092517853,0.2781892418861389,-0.05132102966308594,-0.1179870143532753,0.046293824911117554,-0.21004995703697205,0.014254838228225708,0.13813209533691406,0.03081076592206955,0.0689709335565567,0.026406392455101013,-0.1941339671611786,0.043373242020606995,1.0473994016647339,0.947399377822876,0.9011626839637756,1.0011626482009888,0.9679485559463501,0.8679485321044922,0.8378357887268066,0.9378358125686646,3.2375710010528564,2.4375710487365723,0.4260910749435425,-0.3739089369773865,4.303013324737549,3.303013324737549,-0.23984146118164062,-1.2398414611816406,-2.633772373199463,-1.133772373199463,-2.621164560317993,-1.1211645603179932,-2.6377155780792236,-1.1377155780792236,-1.4383420944213867,0.06165790557861328
upright,9.58,0,0.11485737562179565,72.85520935058594,3.37363862991333,1.1876506805419922,0.0076224105432629585,0.043795373290777206,1,False,1.4691822528839111,0.0,False,0.09287533164024353,0.06246326118707657,0.10104910284280777,-0.08940226584672928,0.2781869173049927,-0.05132269859313965,-0.11798591911792755,0.04629276692867279,-0.21005062758922577,0.014257878065109253,0.1381329745054245,0.030812308192253113,0.068971648812294,0.026409924030303955,-0.19413596391677856,0.04337414354085922,1.0473967790603638,0.9473967552185059,0.9011600613594055,1.0011600255966187,0.967924952507019,0.8679249286651611,0.8378406763076782,0.9378407001495361,3.2375621795654297,2.4375622272491455,0.4260989725589752,-0.37390103936195374,4.303004741668701,3.303004741668701,-0.23984378576278687,-1.2398438453674316,-2.6337690353393555,-1.1337690353393555,-2.621178388595581,-1.121178388595581,-2.637713670730591,-1.1377136707305908,-1.4383224248886108,0.06167757511138916
upright,9.6,0,0.11485674232244492,72.85542297363281,3.372703790664673,1.1876537799835205,0.00760201970115304,0.04913970082998276,1,False,1.4691838026046753,0.0,False,0.09287536144256592,0.06246240437030792,0.10104944556951523,-0.0894029289484024,0.27818557620048523,-0.051317691802978516,-0.11798852682113647,0.04629352688789368,-0.21005059778690338,0.014255821704864502,0.13813187181949615,0.030810244381427765,0.0689704492688179,0.026405304670333862,-0.19413335621356964,0.04337290674448013,1.0474008321762085,0.9474008083343506,0.9011754989624023,1.0011755228042603,0.9679450988769531,0.8679450750350952,0.8378337621688843,0.9378337860107422,3.2375662326812744,2.4375662803649902,0.4261314272880554,-0.37386858463287354,4.30300760269165,3.3030076026916504,-0.23984067142009735,-1.2398406267166138,-2.633768081665039,-1.133768081665039,-2.62117075920105,-1.1211707592010498,-2.6377177238464355,-1.1377177238464355,-1.4383481740951538,0.06165182590484619
upright,9.620000000000001,0,0.11485615372657776,72.85591888427734,3.371096611022949,1.1876606941223145,0.007491046562790871,0.04551469534635544,1,False,1.4691904783248901,0.0,False,0.0928768664598465,0.0624614842236042,0.10104989260435104,-0.08940282464027405,0.27818459272384644,-0.051314473152160645,-0.11799054592847824,0.046293020248413086,-0.21004916727542877,0.014249801635742188,0.1381305456161499,0.0308070108294487,0.06896927207708359,0.02640719711780548,-0.19413329660892487,0.043374672532081604,1.047401785850525,0.947401762008667,0.9011821746826172,1.001182198524475,0.9679876565933228,0.8679876327514648,0.8378415107727051,0.937841534614563,3.237582206726074,2.43758225440979,0.42615750432014465,-0.3738425076007843,4.303021430969238,3.3030214309692383,-0.2398344725370407,-1.2398344278335571,-2.6337730884552,-1.1337730884552002,-2.6211652755737305,-1.1211652755737305,-2.6377182006835938,-1.1377182006835938,-1.4383525848388672,0.06164741516113281
upright,9.64,0,0.11485635489225388,72.85559844970703,3.3716773986816406,1.187656283378601,0.007481143809854984,0.04204023256897926,1,False,1.4691883325576782,0.0,False,0.0928768664598465,0.06246206536889076,0.10104973614215851,-0.08940224349498749,0.2781902849674225,-0.05132356286048889,-0.1179858148097992,0.04629342257976532,-0.21004942059516907,0.014251857995986938,0.13813205063343048,0.03080916404724121,0.06897014379501343,0.026411056518554688,-0.1941354125738144,0.04337577521800995,1.047398328781128,0.94739830493927,0.9011542201042175,1.0011541843414307,0.967965304851532,0.8679652810096741,0.8378469944000244,0.9378470182418823,3.237579822540283,2.437579870223999,0.4260726273059845,-0.37392738461494446,4.303016662597656,3.3030166625976562,-0.23983660340309143,-1.239836573600769,-2.6337738037109375,-1.1337738037109375,-2.621166467666626,-1.121166467666626,-2.637711763381958,-1.137711763381958,-1.438331961631775,0.0616680383682251
upright,9.66,0,0.1148570105433464,72.85543823242188,3.372858762741089,1.18765389919281,0.007375665474683046,0.04446975514292717,1,False,1.46918523311615,0.0,False,0.09287630021572113,0.062462661415338516,0.10104936361312866,-0.08940261602401733,0.27818936109542847,-0.05132097005844116,-0.11798714846372604,0.04629357159137726,-0.2100500762462616,0.014255106449127197,0.13813212513923645,0.030810728669166565,0.06897079944610596,0.026406124234199524,-0.1941339075565338,0.04337305575609207,1.0473994016647339,0.947399377822876,0.9011616706848145,1.0011616945266724,0.9679471850395203,0.8679471611976624,0.8378351330757141,0.937835156917572,3.2375710010528564,2.4375710487365723,0.4260913133621216,-0.3739086985588074,4.303012371063232,3.3030123710632324,-0.2398415207862854,-1.2398414611816406,-2.633772611618042,-1.133772611618042,-2.6211633682250977,-1.1211633682250977,-2.6377153396606445,-1.1377153396606445,-1.4383424520492554,0.06165754795074463
upright,9.68,0,0.11485739797353745,72.855224609375,3.3736298084259033,1.1876509189605713,0.007622057106345892,0.043801043182611465,1,False,1.469182014465332,0.0,False,0.09287528693675995,0.06246325746178627,0.10104909539222717,-0.08940231800079346,0.27818697690963745,-0.05132266879081726,-0.11798596382141113,0.04629276692867279,-0.21005094051361084,0.014258056879043579,0.13813281059265137,0.030812039971351624,0.0689716637134552,0.026410192251205444,-0.19413602352142334,0.04337433725595474,1.0473971366882324,0.9473971128463745,0.9011600613594055,1.0011600255966187,0.9679251909255981,0.8679251670837402,0.837841272354126,0.9378412961959839,3.2375619411468506,2.4375619888305664,0.42609861493110657,-0.3739013969898224,4.303003311157227,3.3030033111572266,-0.23984374105930328,-1.239843726158142,-2.6337690353393555,-1.1337690353393555,-2.621178150177002,-1.121178150177002,-2.6377146244049072,-1.1377146244049072,-1.438321828842163,0.061678171157836914
upright,9.700000000000001,0,0.11485674977302551,72.85543823242188,3.372692108154297,1.1876540184020996,0.0075956969521939754,0.04917101189494133,1,False,1.4691838026046753,0.0,False,0.09287533164024353,0.06246247887611389,0.10104940086603165,-0.08940296620130539,0.2781856656074524,-0.051317691802978516,-0.11798859387636185,0.04629352688789368,-0.21005046367645264,0.01425585150718689,0.13813181221485138,0.03081020712852478,0.06897050142288208,0.026405155658721924,-0.19413337111473083,0.04337283596396446,1.047400951385498,0.9474009275436401,0.9011754989624023,1.0011755228042603,0.9679455161094666,0.8679454922676086,0.8378339409828186,0.9378339648246765,3.237565755844116,2.437565803527832,0.42613109946250916,-0.3738689124584198,4.30300760269165,3.3030076026916504,-0.23984093964099884,-1.2398409843444824,-2.633768320083618,-1.1337683200836182,-2.6211705207824707,-1.1211705207824707,-2.6377182006835938,-1.1377182006835938,-1.4383481740951538,0.06165182590484619
upright,9.72,0,0.11485620588064194,72.8559341430664,3.371110200881958,1.187660813331604,0.007501269690692425,0.045610763132572174,1,False,1.4691905975341797,0.0,False,0.09287677705287933,0.06246153637766838,0.10104987025260925,-0.08940280228853226,0.2781844437122345,-0.051314473152160645,-0.11799044907093048,0.046293169260025024,-0.21004900336265564,0.01424989104270935,0.13813048601150513,0.03080718219280243,0.0689692273736,0.026407286524772644,-0.19413337111473083,0.043374694883823395,1.047401785850525,0.947401762008667,0.9011825323104858,1.0011825561523438,0.9679878950119019,0.867987871170044,0.8378413319587708,0.9378413558006287,3.237581253051758,2.4375813007354736,0.4261568784713745,-0.37384313344955444,4.303022384643555,3.3030223846435547,-0.23983408510684967,-1.2398340702056885,-2.6337730884552,-1.1337730884552002,-2.6211655139923096,-1.1211655139923096,-2.637718915939331,-1.137718915939331,-1.4383527040481567,0.06164729595184326
upright,9.74,0,0.11485634744167328,72.85564422607422,3.371635913848877,1.1876568794250488,0.007483451161533594,0.04211174696683884,1,False,1.4691885709762573,0.0,False,0.09287683665752411,0.06246207654476166,0.10104973614215851,-0.08940228819847107,0.2781903147697449,-0.051323533058166504,-0.11798582971096039,0.04629364609718323,-0.21004943549633026,0.014251947402954102,0.13813185691833496,0.03080909699201584,0.0689699649810791,0.026411309838294983,-0.19413551688194275,0.04337591305375099,1.047398328781128,0.94739830493927,0.9011552333831787,1.0011552572250366,0.967966616153717,0.8679665923118591,0.8378475904464722,0.9378476142883301,3.237579584121704,2.43757963180542,0.4260718524456024,-0.37392815947532654,4.3030171394348145,3.3030171394348145,-0.23983602225780487,-1.2398359775543213,-2.6337735652923584,-1.1337735652923584,-2.621166467666626,-1.121166467666626,-2.6377127170562744,-1.1377127170562744,-1.4383318424224854,0.06166815757751465
upright,9.76,0,0.1148570328950882,72.85547637939453,3.372830867767334,1.1876544952392578,0.007386010605841875,0.044416457414627075,1,False,1.4691851139068604,0.0,False,0.092876136302948,0.06246258690953255,0.10104935616254807,-0.08940257877111435,0.2781892716884613,-0.05132099986076355,-0.11798711121082306,0.046293750405311584,-0.21005015075206757,0.014255017042160034,0.13813208043575287,0.03081052005290985,0.06897063553333282,0.02640625834465027,-0.194133922457695,0.04337310791015625,1.0473994016647339,0.947399377822876,0.9011623859405518,1.0011624097824097,0.9679479002952576,0.8679478764533997,0.837835431098938,0.9378354549407959,3.2375705242156982,2.437570571899414,0.4260909855365753,-0.37390902638435364,4.303011417388916,3.303011417388916,-0.2398412972688675,-1.239841341972351,-2.6337718963623047,-1.1337718963623047,-2.621163845062256,-1.1211638450622559,-2.6377155780792236,-1.1377155780792236,-1.438342571258545,0.06165742874145508
upright,9.78,0,0.11485736072063446,72.85523986816406,3.3735697269439697,1.1876511573791504,0.007624569348990917,0.04386385530233383,1,False,1.469182014465332,0.0,False,0.09287519752979279,0.062463097274303436,0.10104916989803314,-0.08940230309963226,0.278187096118927,-0.05132254958152771,-0.11798609048128128,0.046292856335639954,-0.21005085110664368,0.014257699251174927,0.1381329745054245,0.030811890959739685,0.0689716562628746,0.02640993893146515,-0.1941358894109726,0.04337426647543907,1.047397255897522,0.9473972320556641,0.9011602997779846,1.0011602640151978,0.9679263234138489,0.867926299571991,0.8378410339355469,0.9378410577774048,3.237562656402588,2.4375627040863037,0.4260987341403961,-0.37390127778053284,4.303003311157227,3.3030033111572266,-0.2398436814546585,-1.239843726158142,-2.633768320083618,-1.1337683200836182,-2.6211771965026855,-1.1211771965026855,-2.6377131938934326,-1.1377131938934326,-1.4383227825164795,0.06167721748352051
upright,9.8,0,0.11485672742128372,72.85545349121094,3.372680187225342,1.1876541376113892,0.007591509260237217,0.04927525669336319,1,False,1.4691835641860962,0.0,False,0.09287525713443756,0.062462467700242996,0.10104940831661224,-0.08940291404724121,0.2781856954097748,-0.051317572593688965,-0.11798861622810364,0.04629358649253845,-0.21005065739154816,0.01425585150718689,0.1381317526102066,0.030810050666332245,0.06897051632404327,0.026405006647109985,-0.19413331151008606,0.043372757732868195,1.0474008321762085,0.9474008083343506,0.9011757373809814,1.0011757612228394,0.9679457545280457,0.8679457306861877,0.8378336429595947,0.9378336668014526,3.237565755844116,2.437565803527832,0.42613136768341064,-0.3738686442375183,4.303006649017334,3.303006649017334,-0.23984074592590332,-1.2398407459259033,-2.63376784324646,-1.13376784324646,-2.6211700439453125,-1.1211700439453125,-2.6377179622650146,-1.1377179622650146,-1.4383485317230225,0.06165146827697754
upright,9.82,0,0.11485616117715836,72.85590362548828,3.371137857437134,1.1876604557037354,0.0074914004653692245,0.04554431140422821,1,False,1.4691905975341797,0.0,False,0.09287677705287933,0.06246154382824898,0.10104985535144806,-0.08940283954143524,0.2781844139099121,-0.05131453275680542,-0.11799048632383347,0.04629306495189667,-0.21004894375801086,0.014249920845031738,0.13813044130802155,0.0308072566986084,0.06896929442882538,0.02640727162361145,-0.19413334131240845,0.0433746799826622,1.047401785850525,0.947401762008667,0.9011821746826172,1.001182198524475,0.9679878354072571,0.8679878115653992,0.8378414511680603,0.9378414750099182,3.237581253051758,2.4375813007354736,0.4261569678783417,-0.3738430440425873,4.303022861480713,3.303022861480713,-0.2398345023393631,-1.2398345470428467,-2.633772850036621,-1.133772850036621,-2.6211655139923096,-1.1211655139923096,-2.63771915435791,-1.1377191543579102,-1.4383522272109985,0.061647772789001465
upright,9.84,0,0.11485635489225388,72.85562896728516,3.371645450592041,1.1876566410064697,0.007487948052585125,0.04205496609210968,1,False,1.4691888093948364,0.0,False,0.09287701547145844,0.062462061643600464,0.10104972869157791,-0.08940225839614868,0.27819034457206726,-0.05132344365119934,-0.11798589676618576,0.04629358649253845,-0.21004927158355713,0.014251679182052612,0.1381319910287857,0.030809178948402405,0.06897004693746567,0.026411160826683044,-0.19413551688194275,0.04337583854794502,1.047398567199707,0.9473985433578491,0.9011549353599548,1.001154899597168,0.9679666757583618,0.8679666519165039,0.8378474712371826,0.9378474950790405,3.2375800609588623,2.437580108642578,0.4260724186897278,-0.37392759323120117,4.303018093109131,3.303018093109131,-0.239836186170578,-1.2398362159729004,-2.6337740421295166,-1.1337740421295166,-2.6211659908294678,-1.1211659908294678,-2.637711763381958,-1.137711763381958,-1.4383318424224854,0.06166815757751465
upright,9.86,0,0.11485700309276581,72.85547637939453,3.3728182315826416,1.1876544952392578,0.007369795348495245,0.04444105923175812,1,False,1.469185471534729,0.0,False,0.09287627041339874,0.06246257573366165,0.10104940086603165,-0.08940257132053375,0.27818918228149414,-0.05132097005844116,-0.11798706650733948,0.046293795108795166,-0.21004995703697205,0.014254629611968994,0.1381322294473648,0.030810602009296417,0.06897088140249252,0.02640630304813385,-0.19413381814956665,0.043373219668865204,1.0473994016647339,0.947399377822876,0.9011625647544861,1.0011625289916992,0.9679489731788635,0.8679489493370056,0.8378357887268066,0.9378358125686646,3.2375712394714355,2.4375712871551514,0.42609143257141113,-0.3739085793495178,4.303012847900391,3.3030128479003906,-0.2398415058851242,-1.2398414611816406,-2.633772134780884,-1.1337721347808838,-2.621164560317993,-1.1211645603179932,-2.637714385986328,-1.1377143859863281,-1.438342571258545,0.06165742874145508
upright,9.88,0,0.11485740542411804,72.85520935058594,3.3736679553985596,1.1876506805419922,0.007615004200488329,0.04383888840675354,1,False,1.4691822528839111,0.0,False,0.09287525713443756,0.062463317066431046,0.10104908049106598,-0.0894022136926651,0.27818673849105835,-0.05132278800010681,-0.1179858148097992,0.046292856335639954,-0.21005062758922577,0.014257848262786865,0.1381329596042633,0.030812323093414307,0.06897155940532684,0.026410207152366638,-0.19413593411445618,0.043374329805374146,1.0473968982696533,0.9473968744277954,0.9011602997779846,1.0011602640151978,0.9679247140884399,0.867924690246582,0.8378409743309021,0.93784099817276,3.2375617027282715,2.4375617504119873,0.4260989725589752,-0.37390103936195374,4.303004741668701,3.303004741668701,-0.23984329402446747,-1.2398432493209839,-2.6337687969207764,-1.1337687969207764,-2.6211793422698975,-1.1211793422698975,-2.637713670730591,-1.1377136707305908,-1.4383230209350586,0.061676979064941406
upright,9.9,0,0.11485675722360611,72.85540771484375,3.372734785079956,1.1876534223556519,0.0076011773198843,0.049150750041007996,1,False,1.4691836833953857,0.0,False,0.09287534654140472,0.06246242672204971,0.10104943811893463,-0.08940288424491882,0.2781856060028076,-0.05131763219833374,-0.11798860877752304,0.04629349708557129,-0.21005061268806458,0.014255762100219727,0.13813194632530212,0.03081020712852478,0.0689704641699791,0.026405081152915955,-0.19413334131240845,0.043372780084609985,1.047400712966919,0.947400689125061,0.9011754989624023,1.0011755228042603,0.9679450988769531,0.8679450750350952,0.8378335237503052,0.9378335475921631,3.2375662326812744,2.4375662803649902,0.42613181471824646,-0.3738681972026825,4.30300760269165,3.3030076026916504,-0.2398407906293869,-1.2398407459259033,-2.633768320083618,-1.1337683200836182,-2.6211705207824707,-1.1211705207824707,-2.6377174854278564,-1.1377174854278564,-1.4383481740951538,0.06165182590484619
upright,9.92,0,0.11485620588064194,72.85592651367188,3.371126651763916,1.187660574913025,0.007491694763302803,0.04563162475824356,1,False,1.4691905975341797,0.0,False,0.09287673234939575,0.06246153637766838,0.10104983299970627,-0.08940289914608002,0.27818435430526733,-0.05131441354751587,-0.11799045652151108,0.04629318416118622,-0.21004900336265564,0.014249950647354126,0.13813050091266632,0.030807264149188995,0.06896927952766418,0.02640727162361145,-0.19413337111473083,0.043374672532081604,1.0474019050598145,0.9474018812179565,0.9011824727058411,1.0011824369430542,0.9679870009422302,0.8679869771003723,0.8378413915634155,0.9378414154052734,3.2375807762145996,2.4375808238983154,0.42615726590156555,-0.3738427460193634,4.303022384643555,3.3030223846435547,-0.23983444273471832,-1.2398344278335571,-2.6337730884552,-1.1337730884552002,-2.6211659908294678,-1.1211659908294678,-2.637718915939331,-1.137718915939331,-1.438352346420288,0.061647653579711914
upright,9.94,0,0.11485636234283447,72.8556137084961,3.3716824054718018,1.1876564025878906,0.007490614894777536,0.042097307741642,1,False,1.4691885709762573,0.0,False,0.09287692606449127,0.06246211752295494,0.10104972869157791,-0.08940231800079346,0.27819040417671204,-0.051323533058166504,-0.11798588931560516,0.046293482184410095,-0.21004939079284668,0.014252036809921265,0.1381319761276245,0.030809305608272552,0.06897012889385223,0.02641110122203827,-0.1941353678703308,0.043375834822654724,1.0473986864089966,0.9473986625671387,0.9011545181274414,1.0011545419692993,0.9679654240608215,0.8679654002189636,0.8378471732139587,0.9378471970558167,3.237579345703125,2.437579393386841,0.42607223987579346,-0.3739277720451355,4.303017616271973,3.3030176162719727,-0.23983658850193024,-1.239836573600769,-2.6337738037109375,-1.1337738037109375,-2.6211659908294678,-1.1211659908294678,-2.6377124786376953,-1.1377124786376953,-1.4383320808410645,0.06166791915893555
upright,9.96,0,0.11485699564218521,72.85546112060547,3.3728346824645996,1.1876542568206787,0.007370037492364645,0.04447849094867706,1,False,1.4691853523254395,0.0,False,0.09287621080875397,0.06246262416243553,0.10104937106370926,-0.08940264582633972,0.2781892716884613,-0.05132099986076355,-0.11798709630966187,0.04629373550415039,-0.21004997193813324,0.014254987239837646,0.1381320208311081,0.030810609459877014,0.0689709410071373,0.026406288146972656,-0.19413383305072784,0.04337326064705849,1.0473994016647339,0.947399377822876,0.9011622667312622,1.0011622905731201,0.9679482579231262,0.8679482340812683,0.8378356695175171,0.937835693359375,3.2375705242156982,2.437570571899414,0.4260910749435425,-0.3739089369773865,4.303012371063232,3.3030123710632324,-0.23984147608280182,-1.2398414611816406,-2.633772134780884,-1.1337721347808838,-2.621163845062256,-1.1211638450622559,-2.6377158164978027,-1.1377158164978027,-1.4383426904678345,0.06165730953216553
upright,9.98,0,0.11485737562179565,72.855224609375,3.3736326694488525,1.1876509189605713,0.0076232426799833775,0.043882954865694046,1,False,1.4691818952560425,0.0,False,0.09287522733211517,0.062463268637657166,0.10104913264513016,-0.08940237760543823,0.27818694710731506,-0.05132278800010681,-0.11798587441444397,0.0462927371263504,-0.21005088090896606,0.014258116483688354,0.13813289999961853,0.030812136828899384,0.06897152215242386,0.026409968733787537,-0.19413593411445618,0.043374236673116684,1.0473970174789429,0.947396993637085,0.901159942150116,1.001159906387329,0.9679244160652161,0.8679243922233582,0.8378406167030334,0.9378406405448914,3.2375617027282715,2.4375617504119873,0.4260987937450409,-0.37390121817588806,4.303003311157227,3.3030033111572266,-0.2398431897163391,-1.2398431301116943,-2.6337685585021973,-1.1337685585021973,-2.6211788654327393,-1.1211788654327393,-2.637714385986328,-1.1377143859863281,-1.4383236169815063,0.06167638301849365
upright,10.0,0,0.11485675722360611,72.85543823242188,3.372706413269043,1.1876540184020996,0.007605100981891155,0.04925743117928505,1,False,1.4691840410232544,0.0,False,0.0928754061460495,0.0624624565243721,0.10104940831661224,-0.0894029438495636,0.2781856954097748,-0.05131760239601135,-0.11798855662345886,0.046293631196022034,-0.21005037426948547,0.01425585150718689,0.1381317675113678,0.030810371041297913,0.06897057592868805,0.026405006647109985,-0.19413328170776367,0.0433727465569973,1.047400951385498,0.9474009275436401,0.901175856590271,1.001175880432129,0.9679456353187561,0.8679456114768982,0.83783358335495,0.9378336071968079,3.2375664710998535,2.4375665187835693,0.4261310398578644,-0.3738689720630646,4.303008556365967,3.303008556365967,-0.2398410588502884,-1.239841103553772,-2.6337685585021973,-1.1337685585021973,-2.6211705207824707,-1.1211705207824707,-2.637718439102173,-1.1377184391021729,-1.4383481740951538,0.06165182590484619
upright,10.02,0,0.11485617607831955,72.8559341430664,3.371140241622925,1.187660813331604,0.007491235621273518,0.04565047845244408,1,False,1.4691907167434692,0.0,False,0.09287671744823456,0.062461547553539276,0.10104981809854507,-0.08940285444259644,0.2781842350959778,-0.05131450295448303,-0.11799036711454391,0.04629319906234741,-0.21004894375801086,0.014249980449676514,0.1381305456161499,0.03080737590789795,0.06896917521953583,0.02640719711780548,-0.19413328170776367,0.04337466508150101,1.0474019050598145,0.9474018812179565,0.9011827111244202,1.0011826753616333,0.9679871797561646,0.8679871559143066,0.8378415107727051,0.937841534614563,3.2375810146331787,2.4375810623168945,0.4261572062969208,-0.3738428056240082,4.303022861480713,3.303022861480713,-0.23983420431613922,-1.239834189414978,-2.633772850036621,-1.133772850036621,-2.621166706085205,-1.121166706085205,-2.637718915939331,-1.137718915939331,-1.4383529424667358,0.06164705753326416
upright,10.040000000000001,0,0.1148562878370285,72.8556137084961,3.371614694595337,1.1876564025878906,0.007466400507837534,0.04200982302427292,1,False,1.4691890478134155,0.0,False,0.09287695586681366,0.062462080270051956,0.10104967653751373,-0.0894022136926651,0.27819010615348816,-0.05132356286048889,-0.11798574030399323,0.04629351198673248,-0.21004925668239594,0.014251559972763062,0.13813190162181854,0.030809037387371063,0.06897004693746567,0.02641129493713379,-0.19413547217845917,0.043375879526138306,1.0473982095718384,0.9473981857299805,0.9011549353599548,1.001154899597168,0.9679679274559021,0.8679679036140442,0.8378475904464722,0.9378476142883301,3.2375802993774414,2.4375803470611572,0.42607274651527405,-0.3739272654056549,4.303018093109131,3.303018093109131,-0.23983639478683472,-1.2398364543914795,-2.6337742805480957,-1.1337742805480957,-2.621166944503784,-1.1211669445037842,-2.637712001800537,-1.137712001800537,-1.4383310079574585,0.061668992042541504
upright,10.06,0,0.11485706269741058,72.85546112060547,3.3728604316711426,1.1876541376113892,0.00735841691493988,0.044338371604681015,1,False,1.4691853523254395,0.0,False,0.09287640452384949,0.062462639063596725,0.10104935616254807,-0.08940257132053375,0.27818915247917175,-0.05132102966308594,-0.11798705160617828,0.0462937206029892,-0.21004998683929443,0.014254868030548096,0.13813218474388123,0.030810639262199402,0.06897088885307312,0.0264064222574234,-0.1941339373588562,0.043373242020606995,1.0473994016647339,0.947399377822876,0.9011620879173279,1.001162052154541,0.9679475426673889,0.867947518825531,0.8378356695175171,0.937835693359375,3.2375712394714355,2.4375712871551514,0.42609137296676636,-0.3739086389541626,4.303012371063232,3.3030123710632324,-0.23984158039093018,-1.2398415803909302,-2.633772850036621,-1.133772850036621,-2.621164321899414,-1.121164321899414,-2.6377148628234863,-1.1377148628234863,-1.4383420944213867,0.06165790557861328
upright,10.08,0,0.11485742032527924,72.855224609375,3.3737285137176514,1.1876510381698608,0.007628867868334055,0.04392661154270172,1,False,1.4691815376281738,0.0,False,0.09287519752979279,0.06246329843997955,0.10104911029338837,-0.08940231800079346,0.2781868278980255,-0.051322877407073975,-0.11798583716154099,0.0462927520275116,-0.21005098521709442,0.014258086681365967,0.13813289999961853,0.03081192821264267,0.06897149980068207,0.026410073041915894,-0.1941359043121338,0.04337432235479355,1.0473971366882324,0.9473971128463745,0.9011600613594055,1.0011600255966187,0.9679243564605713,0.8679243326187134,0.8378407955169678,0.9378408193588257,3.2375612258911133,2.437561273574829,0.4260987937450409,-0.37390121817588806,4.30300235748291,3.30300235748291,-0.23984314501285553,-1.2398431301116943,-2.6337685585021973,-1.1337685585021973,-2.6211793422698975,-1.1211793422698975,-2.63771390914917,-1.13771390914917,-1.4383231401443481,0.061676859855651855
upright,10.1,0,0.1148567721247673,72.8554458618164,3.372690200805664,1.1876541376113892,0.007600330747663975,0.04920851066708565,1,False,1.4691838026046753,0.0,False,0.09287545084953308,0.06246242672204971,0.10104944556951523,-0.089402936398983,0.2781856656074524,-0.051317572593688965,-0.11798852682113647,0.04629369080066681,-0.21005062758922577,0.014255732297897339,0.13813184201717377,0.030809998512268066,0.0689704567193985,0.0264052152633667,-0.19413331151008606,0.04337283968925476,1.0474011898040771,0.9474011659622192,0.9011759757995605,1.0011759996414185,0.9679459929466248,0.8679459691047668,0.8378340005874634,0.9378340244293213,3.2375664710998535,2.4375665187835693,0.4261316657066345,-0.37386834621429443,4.303006649017334,3.303006649017334,-0.2398407906293869,-1.2398407459259033,-2.6337685585021973,-1.1337685585021973,-2.621170997619629,-1.121170997619629,-2.6377177238464355,-1.1377177238464355,-1.4383480548858643,0.06165194511413574
upright,10.120000000000001,0,0.11485619097948074,72.85592651367188,3.3711416721343994,1.1876606941223145,0.007496653124690056,0.04556874558329582,1,False,1.4691903591156006,0.0,False,0.09287670254707336,0.06246144324541092,0.10104985535144806,-0.08940286934375763,0.27818453311920166,-0.05131444334983826,-0.11799050867557526,0.04629310965538025,-0.21004916727542877,0.014249920845031738,0.13813045620918274,0.030806943774223328,0.06896936893463135,0.02640734612941742,-0.19413316249847412,0.04337481036782265,1.047402024269104,0.9474020004272461,0.9011821150779724,1.0011820793151855,0.9679879546165466,0.8679879307746887,0.8378420472145081,0.937842071056366,3.237581729888916,2.437581777572632,0.42615658044815063,-0.3738434314727783,4.30302095413208,3.30302095413208,-0.23983481526374817,-1.2398347854614258,-2.6337730884552,-1.1337730884552002,-2.6211652755737305,-1.1211652755737305,-2.637718677520752,-1.137718677520752,-1.438352108001709,0.061647891998291016
upright,10.14,0,0.11485635489225388,72.8555908203125,3.3716835975646973,1.187656044960022,0.00748464884236455,0.042085178196430206,1,False,1.4691885709762573,0.0,False,0.09287674725055695,0.06246202811598778,0.10104971379041672,-0.08940223604440689,0.2781901955604553,-0.05132362246513367,-0.11798574030399323,0.046293482184410095,-0.21004930138587952,0.01425182819366455,0.13813191652297974,0.03080926090478897,0.06897006928920746,0.026411324739456177,-0.19413547217845917,0.04337586835026741,1.047398328781128,0.94739830493927,0.9011544585227966,1.0011544227600098,0.9679654240608215,0.8679654002189636,0.8378473520278931,0.937847375869751,3.237579345703125,2.437579393386841,0.4260724186897278,-0.37392759323120117,4.303017616271973,3.3030176162719727,-0.23983630537986755,-1.23983633518219,-2.6337735652923584,-1.1337735652923584,-2.621166944503784,-1.1211669445037842,-2.637712240219116,-1.1377122402191162,-1.4383316040039062,0.06166839599609375
upright,10.16,0,0.1148570254445076,72.8554458618164,3.37283992767334,1.1876541376113892,0.007369889412075281,0.04441648721694946,1,False,1.4691853523254395,0.0,False,0.09287631511688232,0.06246264651417732,0.10104936361312866,-0.08940260112285614,0.27818921208381653,-0.05132099986076355,-0.11798708140850067,0.04629373550415039,-0.21004995703697205,0.014254868030548096,0.1381322294473648,0.03081076592206955,0.06897085905075073,0.0264061838388443,-0.19413386285305023,0.04337317496538162,1.0473994016647339,0.947399377822876,0.9011620879173279,1.001162052154541,0.9679479002952576,0.8679478764533997,0.8378353714942932,0.9378353953361511,3.2375710010528564,2.4375710487365723,0.42609140276908875,-0.3739086091518402,4.303012847900391,3.3030128479003906,-0.23984147608280182,-1.2398414611816406,-2.633772611618042,-1.133772611618042,-2.621164083480835,-1.121164083480835,-2.6377148628234863,-1.1377148628234863,-1.438342809677124,0.06165719032287598
upright,10.18,0,0.11485742777585983,72.855224609375,3.373654842376709,1.1876509189605713,0.007618437521159649,0.04381929710507393,1,False,1.469182014465332,0.0,False,0.09287531673908234,0.062463194131851196,0.10104911774396896,-0.08940236270427704,0.2781869173049927,-0.05132263898849487,-0.11798594146966934,0.0462927371263504,-0.21005089581012726,0.014257878065109253,0.1381329596042633,0.03081212192773819,0.06897153705358505,0.026410117745399475,-0.19413593411445618,0.04337432235479355,1.0473970174789429,0.947396993637085,0.9011601805686951,1.0011601448059082,0.9679251313209534,0.8679251074790955,0.8378409147262573,0.9378409385681152,3.237562417984009,2.4375624656677246,0.42609912157058716,-0.3739008903503418,4.303003787994385,3.3030037879943848,-0.23984313011169434,-1.2398431301116943,-2.6337690353393555,-1.1337690353393555,-2.621178150177002,-1.121178150177002,-2.6377134323120117,-1.1377134323120117,-1.4383232593536377,0.061676740646362305
upright,10.200000000000001,0,0.1148567721247673,72.85542297363281,3.3727166652679443,1.187653660774231,0.007605112157762051,0.049083564430475235,1,False,1.4691838026046753,0.0,False,0.09287551045417786,0.062462519854307175,0.10104942321777344,-0.08940291404724121,0.27818575501441956,-0.051317572593688965,-0.11798865348100662,0.0462934672832489,-0.2100505232810974,0.014255911111831665,0.13813187181949615,0.030810251832008362,0.06897047162055969,0.026405155658721924,-0.19413331151008606,0.04337282106280327,1.0474010705947876,0.9474010467529297,0.9011751413345337,1.0011751651763916,0.9679446220397949,0.867944598197937,0.837833821773529,0.937833845615387,3.2375664710998535,2.4375665187835693,0.42613136768341064,-0.3738686442375183,4.30300760269165,3.3030076026916504,-0.23984098434448242,-1.2398409843444824,-2.6337687969207764,-1.1337687969207764,-2.6211698055267334,-1.1211698055267334,-2.6377177238464355,-1.1377177238464355,-1.4383480548858643,0.06165194511413574
upright,10.22,0,0.11485619843006134,72.8559341430664,3.371122360229492,1.187660813331604,0.0074968039989471436,0.04556627571582794,1,False,1.4691903591156006,0.0,False,0.09287668764591217,0.06246158480644226,0.10104984790086746,-0.0894027054309845,0.2781843841075897,-0.05131438374519348,-0.11799051612615585,0.04629310965538025,-0.21004906296730042,0.014249980449676514,0.13813044130802155,0.030807174742221832,0.06896930187940598,0.026407301425933838,-0.19413328170776367,0.043374717235565186,1.0474014282226562,0.9474014043807983,0.9011824727058411,1.0011824369430542,0.9679873585700989,0.867987334728241,0.8378416299819946,0.9378416538238525,3.2375807762145996,2.4375808238983154,0.4261576235294342,-0.37384238839149475,4.3030219078063965,3.3030219078063965,-0.23983453214168549,-1.2398345470428467,-2.633772611618042,-1.133772611618042,-2.6211655139923096,-1.1211655139923096,-2.63771915435791,-1.1377191543579102,-1.438352346420288,0.061647653579711914
upright,10.24,0,0.1148563101887703,72.8556137084961,3.3716089725494385,1.1876564025878906,0.007482158485800028,0.04200306534767151,1,False,1.4691888093948364,0.0,False,0.09287676215171814,0.062462083995342255,0.10104968398809433,-0.0894022211432457,0.27819016575813293,-0.051323533058166504,-0.1179857924580574,0.04629352688789368,-0.2100493162870407,0.014251768589019775,0.13813182711601257,0.03080909699201584,0.06897006928920746,0.026411324739456177,-0.19413557648658752,0.04337584972381592,1.047398328781128,0.94739830493927,0.9011549353599548,1.001154899597168,0.9679670929908752,0.8679670691490173,0.8378474116325378,0.9378474354743958,3.237579345703125,2.437579393386841,0.4260725975036621,-0.37392741441726685,4.303018093109131,3.303018093109131,-0.23983639478683472,-1.2398364543914795,-2.6337735652923584,-1.1337735652923584,-2.621166706085205,-1.121166706085205,-2.6377129554748535,-1.1377129554748535,-1.438331127166748,0.06166887283325195
upright,10.26,0,0.11485700309276581,72.85546112060547,3.372800588607788,1.1876542568206787,0.00736490311101079,0.04436809942126274,1,False,1.4691855907440186,0.0,False,0.09287630021572113,0.06246255338191986,0.10104937851428986,-0.08940261602401733,0.27818921208381653,-0.05132091045379639,-0.11798707395792007,0.046293824911117554,-0.21004992723464966,0.014254719018936157,0.13813205063343048,0.030810557305812836,0.06897073984146118,0.026406243443489075,-0.1941339373588562,0.04337315261363983,1.0473994016647339,0.947399377822876,0.9011626839637756,1.0011626482009888,0.9679491519927979,0.8679491281509399,0.8378353714942932,0.9378353953361511,3.2375714778900146,2.4375715255737305,0.42609143257141113,-0.3739085793495178,4.303012847900391,3.3030128479003906,-0.2398412972688675,-1.239841341972351,-2.633772611618042,-1.133772611618042,-2.621164083480835,-1.121164083480835,-2.6377151012420654,-1.1377151012420654,-1.4383426904678345,0.06165730953216553
upright,10.28,0,0.11485739797353745,72.8552017211914,3.3736977577209473,1.1876505613327026,0.0076194810681045055,0.0437539741396904,1,False,1.469182014465332,0.0,False,0.09287534654140472,0.062463194131851196,0.10104912519454956,-0.08940228819847107,0.2781869173049927,-0.051322728395462036,-0.11798592656850815,0.0462927371263504,-0.2100507915019989,0.014258086681365967,0.1381329596042633,0.03081219643354416,0.068971648812294,0.026410207152366638,-0.19413602352142334,0.04337432235479355,1.0473967790603638,0.9473967552185059,0.9011597633361816,1.0011597871780396,0.9679246544837952,0.8679246306419373,0.8378409147262573,0.9378409385681152,3.237562656402588,2.4375627040863037,0.42609894275665283,-0.3739010691642761,4.303003311157227,3.3030033111572266,-0.23984362185001373,-1.2398436069488525,-2.6337690353393555,-1.1337690353393555,-2.621178388595581,-1.121178388595581,-2.63771390914917,-1.13771390914917,-1.4383223056793213,0.06167769432067871
upright,10.3,0,0.11485674977302551,72.85542297363281,3.372708797454834,1.1876537799835205,0.007609257008880377,0.049083162099123,1,False,1.4691835641860962,0.0,False,0.09287552535533905,0.06246248260140419,0.10104941576719284,-0.08940295875072479,0.27818578481674194,-0.05131760239601135,-0.11798866838216782,0.04629342257976532,-0.21005061268806458,0.014255791902542114,0.1381319761276245,0.030810266733169556,0.06897065788507462,0.026405110955238342,-0.19413337111473083,0.04337277263402939,1.0474010705947876,0.9474010467529297,0.9011751413345337,1.0011751651763916,0.9679440259933472,0.8679440021514893,0.8378336429595947,0.9378336668014526,3.2375664710998535,2.4375665187835693,0.42613154649734497,-0.373868465423584,4.303006649017334,3.303006649017334,-0.23984134197235107,-1.239841341972351,-2.6337687969207764,-1.1337687969207764,-2.6211695671081543,-1.1211695671081543,-2.637716770172119,-1.1377167701721191,-1.4383476972579956,0.061652302742004395
upright,10.32,0,0.11485618352890015,72.85588073730469,3.3711929321289062,1.1876599788665771,0.007493387442082167,0.04556348919868469,1,False,1.4691903591156006,0.0,False,0.09287668764591217,0.06246153637766838,0.10104983299970627,-0.08940297365188599,0.27818435430526733,-0.05131450295448303,-0.11799043416976929,0.04629303514957428,-0.21004906296730042,0.014250129461288452,0.13813045620918274,0.0308072566986084,0.0689692348241806,0.02640719711780548,-0.19413332641124725,0.043374642729759216,1.0474019050598145,0.9474018812179565,0.9011819362640381,1.001181960105896,0.967986524105072,0.8679865002632141,0.8378411531448364,0.9378411769866943,3.2375807762145996,2.4375808238983154,0.4261573255062103,-0.37384268641471863,4.3030219078063965,3.3030219078063965,-0.23983411490917206,-1.2398340702056885,-2.633772850036621,-1.133772850036621,-2.6211659908294678,-1.1211659908294678,-2.6377193927764893,-1.1377193927764893,-1.4383530616760254,0.06164693832397461
upright,10.34,0,0.1148563101887703,72.85564422607422,3.3715672492980957,1.1876568794250488,0.007486318703740835,0.04206535592675209,1,False,1.469188928604126,0.0,False,0.09287683665752411,0.06246203929185867,0.1010497584939003,-0.0894022285938263,0.2781902551651001,-0.051323533058166504,-0.117985799908638,0.04629364609718323,-0.21004927158355713,0.014251708984375,0.13813191652297974,0.030809246003627777,0.06897008419036865,0.026411309838294983,-0.19413554668426514,0.04337586089968681,1.0473982095718384,0.9473981857299805,0.9011549949645996,1.0011550188064575,0.9679672122001648,0.8679671883583069,0.8378475308418274,0.9378475546836853,3.237579822540283,2.437579870223999,0.42607250809669495,-0.373927503824234,4.303018569946289,3.303018569946289,-0.23983651399612427,-1.2398364543914795,-2.6337733268737793,-1.1337733268737793,-2.621166706085205,-1.121166706085205,-2.6377124786376953,-1.1377124786376953,-1.4383313655853271,0.06166863441467285
upright,10.36,0,0.11485697329044342,72.85543823242188,3.372830390930176,1.18765389919281,0.007372594904154539,0.04445063695311546,1,False,1.4691853523254395,0.0,False,0.0928763747215271,0.06246268004179001,0.10104931145906448,-0.08940253406763077,0.278189092874527,-0.05132099986076355,-0.11798704415559769,0.046293750405311584,-0.21004991233348846,0.014254748821258545,0.13813216984272003,0.03081066906452179,0.06897088140249252,0.0264061838388443,-0.19413384795188904,0.043373122811317444,1.0473995208740234,0.9473994970321655,0.9011620879173279,1.001162052154541,0.9679479598999023,0.8679479360580444,0.8378350138664246,0.9378350377082825,3.2375707626342773,2.437570810317993,0.4260914921760559,-0.37390851974487305,4.303012847900391,3.3030128479003906,-0.23984161019325256,-1.2398415803909302,-2.633772850036621,-1.133772850036621,-2.621164321899414,-1.121164321899414,-2.6377148628234863,-1.1377148628234863,-1.438342809677124,0.06165719032287598
upright,10.38,0,0.11485737562179565,72.855224609375,3.373643398284912,1.1876509189605713,0.007618761621415615,0.04384278506040573,1,False,1.469182014465332,0.0,False,0.0928753912448883,0.06246328353881836,0.10104913264513016,-0.08940228819847107,0.278187096118927,-0.051322758197784424,-0.11798598617315292,0.0462927371263504,-0.21005083620548248,0.014258056879043579,0.13813292980194092,0.030812256038188934,0.06897173821926117,0.026410043239593506,-0.19413599371910095,0.043374236673116684,1.0473968982696533,0.9473968744277954,0.9011600017547607,1.0011600255966187,0.9679250121116638,0.8679249882698059,0.8378409147262573,0.9378409385681152,3.2375621795654297,2.4375622272491455,0.42609870433807373,-0.3739013075828552,4.303004264831543,3.303004264831543,-0.2398439347743988,-1.2398439645767212,-2.6337690353393555,-1.1337690353393555,-2.621178150177002,-1.121178150177002,-2.63771390914917,-1.13771390914917,-1.4383220672607422,0.06167793273925781
upright,10.4,0,0.11485673487186432,72.85542297363281,3.3726913928985596,1.187653660774231,0.007605106104165316,0.04924342408776283,1,False,1.4691835641860962,0.0,False,0.09287530183792114,0.0624624639749527,0.10104940086603165,-0.08940292149782181,0.2781856656074524,-0.05131754279136658,-0.11798859387636185,0.04629366099834442,-0.21005062758922577,0.014255881309509277,0.1381317675113678,0.030810140073299408,0.0689706951379776,0.026405125856399536,-0.19413337111473083,0.04337278753519058,1.0474010705947876,0.9474010467529297,0.9011755585670471,1.0011755228042603,0.9679449796676636,0.8679449558258057,0.8378334045410156,0.9378334283828735,3.237565755844116,2.437565803527832,0.4261312484741211,-0.37386876344680786,4.303007125854492,3.303007125854492,-0.2398412525653839,-1.2398412227630615,-2.633768081665039,-1.133768081665039,-2.6211700439453125,-1.1211700439453125,-2.6377179622650146,-1.1377179622650146,-1.4383478164672852,0.061652183532714844
upright,10.42,0,0.11485613137483597,72.85594940185547,3.3711018562316895,1.187661051750183,0.007491862401366234,0.04552612453699112,1,False,1.4691907167434692,0.0,False,0.09287673234939575,0.0624614879488945,0.10104990005493164,-0.08940290659666061,0.2781844735145569,-0.051314473152160645,-0.11799050122499466,0.04629310965538025,-0.21004906296730042,0.014249682426452637,0.13813050091266632,0.030807174742221832,0.06896919757127762,0.02640719711780548,-0.19413314759731293,0.04337472841143608,1.0474019050598145,0.9474018812179565,0.9011822938919067,1.0011823177337646,0.9679886698722839,0.867988646030426,0.8378416895866394,0.9378417134284973,3.237581729888916,2.437581777572632,0.42615729570388794,-0.373842716217041,4.303022861480713,3.303022861480713,-0.23983418941497803,-1.239834189414978,-2.633772850036621,-1.133772850036621,-2.6211655139923096,-1.1211655139923096,-2.637718439102173,-1.1377184391021729,-1.438353180885315,0.06164681911468506
upright,10.44,0,0.11485633999109268,72.85559844970703,3.3716516494750977,1.1876561641693115,0.00748452078551054,0.04207246005535126,1,False,1.4691885709762573,0.0,False,0.09287688136100769,0.06246216222643852,0.10104963183403015,-0.08940219134092331,0.27819034457206726,-0.05132362246513367,-0.117985799908638,0.046293482184410095,-0.2100493609905243,0.014251768589019775,0.1381320357322693,0.030809156596660614,0.06897009909152985,0.026411041617393494,-0.1941353976726532,0.04337573051452637,1.047398328781128,0.94739830493927,0.9011543989181519,1.0011544227600098,0.9679656028747559,0.867965579032898,0.8378468155860901,0.937846839427948,3.237579584121704,2.43757963180542,0.4260721206665039,-0.37392789125442505,4.3030171394348145,3.3030171394348145,-0.2398367077112198,-1.2398366928100586,-2.6337740421295166,-1.1337740421295166,-2.621166467666626,-1.121166467666626,-2.637711763381958,-1.137711763381958,-1.4383317232131958,0.0616682767868042
upright,10.46,0,0.1148570105433464,72.8554916381836,3.37280535697937,1.1876546144485474,0.007376372814178467,0.0444079153239727,1,False,1.46918523311615,0.0,False,0.09287631511688232,0.06246258318424225,0.10104943066835403,-0.0894026905298233,0.2781892418861389,-0.051320940256118774,-0.11798711866140366,0.04629376530647278,-0.2100500464439392,0.014254748821258545,0.13813219964504242,0.030810587108135223,0.06897088140249252,0.02640634775161743,-0.1941339373588562,0.04337321221828461,1.047399640083313,0.9473996162414551,0.9011622667312622,1.0011622905731201,0.9679483771324158,0.8679483532905579,0.8378356695175171,0.937835693359375,3.2375707626342773,2.437570810317993,0.42609134316444397,-0.373908668756485,4.303012371063232,3.3030123710632324,-0.23984161019325256,-1.2398415803909302,-2.633772373199463,-1.133772373199463,-2.6211636066436768,-1.1211636066436768,-2.6377148628234863,-1.1377148628234863,-1.4383422136306763,0.06165778636932373
upright,10.48,0,0.11485740542411804,72.85519409179688,3.373655319213867,1.187650442123413,0.007622441276907921,0.04387054592370987,1,False,1.4691818952560425,0.0,False,0.09287519752979279,0.06246330216526985,0.10104910284280777,-0.0894022136926651,0.27818697690963745,-0.05132266879081726,-0.11798598617315292,0.046292707324028015,-0.21005085110664368,0.014258235692977905,0.1381329596042633,0.03081239014863968,0.06897162646055222,0.0264100581407547,-0.19413600862026215,0.043374206870794296,1.0473966598510742,0.9473966360092163,0.9011594653129578,1.001159429550171,0.9679233431816101,0.8679233193397522,0.8378406167030334,0.9378406405448914,3.2375612258911133,2.437561273574829,0.4260989725589752,-0.37390103936195374,4.303004264831543,3.303004264831543,-0.23984365165233612,-1.2398436069488525,-2.6337685585021973,-1.1337685585021973,-2.621178150177002,-1.121178150177002,-2.637714385986328,-1.1377143859863281,-1.43832266330719,0.06167733669281006
upright,10.5,0,0.11485673487186432,72.85540008544922,3.372703790664673,1.1876534223556519,0.007601985242217779,0.04918401315808296,1,False,1.4691836833953857,0.0,False,0.09287549555301666,0.06246250495314598,0.10104941576719284,-0.08940297365188599,0.27818578481674194,-0.05131766200065613,-0.11798865348100662,0.04629337787628174,-0.2100505828857422,0.014255911111831665,0.1381319761276245,0.030810333788394928,0.06897059828042984,0.026404887437820435,-0.19413331151008606,0.04337266832590103,1.0474010705947876,0.9474010467529297,0.9011744260787964,1.0011744499206543,0.9679445028305054,0.8679444789886475,0.8378331661224365,0.9378331899642944,3.2375664710998535,2.4375665187835693,0.42613133788108826,-0.3738686740398407,4.30300760269165,3.3030076026916504,-0.23984107375144958,-1.239841103553772,-2.6337690353393555,-1.1337690353393555,-2.6211695671081543,-1.1211695671081543,-2.6377172470092773,-1.1377172470092773,-1.4383485317230225,0.06165146827697754
upright,10.52,0,0.11485616117715836,72.85589599609375,3.3711493015289307,1.1876602172851562,0.007485433481633663,0.045478012412786484,1,False,1.4691905975341797,0.0,False,0.0928768664598465,0.06246146932244301,0.10104990005493164,-0.08940282464027405,0.27818432450294495,-0.05131465196609497,-0.1179904043674469,0.046292975544929504,-0.21004895865917206,0.014249950647354126,0.13813062012195587,0.030807480216026306,0.06896932423114777,0.0264071524143219,-0.1941332370042801,0.0433746837079525,1.047401785850525,0.947401762008667,0.9011816382408142,1.0011816024780273,0.9679864048957825,0.8679863810539246,0.837841272354126,0.9378412961959839,3.237581968307495,2.437582015991211,0.42615726590156555,-0.3738427460193634,4.303022861480713,3.303022861480713,-0.23983487486839294,-1.2398349046707153,-2.633772850036621,-1.133772850036621,-2.621166229248047,-1.1211662292480469,-2.6377182006835938,-1.1377182006835938,-1.4383525848388672,0.06164741516113281
upright,10.540000000000001,0,0.11485633999109268,72.85559844970703,3.3716659545898438,1.187656283378601,0.007497165352106094,0.042002998292446136,1,False,1.4691883325576782,0.0,False,0.09287680685520172,0.06246205419301987,0.1010497659444809,-0.0894021987915039,0.2781904637813568,-0.05132341384887695,-0.11798597872257233,0.04629345238208771,-0.21004945039749146,0.014251738786697388,0.1381320357322693,0.030809149146080017,0.06897014379501343,0.026411205530166626,-0.19413544237613678,0.043375834822654724,1.0473984479904175,0.9473984241485596,0.9011543989181519,1.0011544227600098,0.9679655432701111,0.8679655194282532,0.8378474116325378,0.9378474354743958,3.2375800609588623,2.437580108642578,0.4260725975036621,-0.37392741441726685,4.303016662597656,3.3030166625976562,-0.23983678221702576,-1.2398368120193481,-2.6337735652923584,-1.1337735652923584,-2.6211652755737305,-1.1211652755737305,-2.637711524963379,-1.137711524963379,-1.4383314847946167,0.0616685152053833
upright,10.56,0,0.1148570328950882,72.85547637939453,3.3728156089782715,1.1876546144485474,0.007376565597951412,0.044510338455438614,1,False,1.4691851139068604,0.0,False,0.09287624061107635,0.0624627061188221,0.10104939341545105,-0.08940258622169495,0.2781892716884613,-0.0513211190700531,-0.11798702925443649,0.04629378020763397,-0.21005010604858398,0.014255017042160034,0.13813209533691406,0.030810609459877014,0.06897082179784775,0.026406362652778625,-0.1941339075565338,0.043373238295316696,1.0473992824554443,0.9473992586135864,0.9011624455451965,1.0011624097824097,0.9679477214813232,0.8679476976394653,0.8378355503082275,0.9378355741500854,3.237570285797119,2.437570333480835,0.4260910749435425,-0.3739089369773865,4.303011894226074,3.303011894226074,-0.23984116315841675,-1.2398412227630615,-2.633772373199463,-1.133772373199463,-2.621164321899414,-1.121164321899414,-2.6377155780792236,-1.1377155780792236,-1.438342571258545,0.06165742874145508
upright,10.58,0,0.11485741287469864,72.855224609375,3.3736119270324707,1.1876507997512817,0.007622708100825548,0.043855760246515274,1,False,1.4691822528839111,0.0,False,0.09287534654140472,0.062463242560625076,0.10104908794164658,-0.08940231800079346,0.2781868875026703,-0.05132263898849487,-0.11798590421676636,0.04629288613796234,-0.2100507915019989,0.014258146286010742,0.138132706284523,0.03081214427947998,0.06897161155939102,0.02641025185585022,-0.19413596391677856,0.043374381959438324,1.0473971366882324,0.9473971128463745,0.9011603593826294,1.0011603832244873,0.9679256081581116,0.8679255843162537,0.837841272354126,0.9378412961959839,3.2375621795654297,2.4375622272491455,0.4260985553264618,-0.37390145659446716,4.303004264831543,3.303004264831543,-0.23984332382678986,-1.2398433685302734,-2.6337692737579346,-1.1337692737579346,-2.621178388595581,-1.121178388595581,-2.6377153396606445,-1.1377153396606445,-1.4383224248886108,0.06167757511138916
upright,10.6,0,0.11485675722360611,72.85542297363281,3.3727238178253174,1.1876537799835205,0.007593632210046053,0.049239154905080795,1,False,1.4691838026046753,0.0,False,0.09287531673908234,0.062462396919727325,0.10104944556951523,-0.0894029289484024,0.2781856060028076,-0.05131760239601135,-0.11798859387636185,0.04629358649253845,-0.21005047857761383,0.014255821704864502,0.13813179731369019,0.0308101624250412,0.06897059082984924,0.026405110955238342,-0.19413334131240845,0.04337288811802864,1.047400951385498,0.9474009275436401,0.9011755585670471,1.0011755228042603,0.9679454565048218,0.8679454326629639,0.837833821773529,0.937833845615387,3.2375662326812744,2.4375662803649902,0.42613184452056885,-0.3738681674003601,4.30300760269165,3.3030076026916504,-0.23984092473983765,-1.2398409843444824,-2.63376784324646,-1.13376784324646,-2.62117075920105,-1.1211707592010498,-2.6377179622650146,-1.1377179622650146,-1.4383485317230225,0.06165146827697754
upright,10.620000000000001,0,0.11485616117715836,72.85589599609375,3.371156692504883,1.1876603364944458,0.007503335829824209,0.0455661341547966,1,False,1.4691905975341797,0.0,False,0.09287673234939575,0.062461476773023605,0.10104986280202866,-0.08940289914608002,0.27818453311920166,-0.05131462216377258,-0.11799045652151108,0.04629296064376831,-0.21004895865917206,0.014249950647354126,0.13813048601150513,0.030807293951511383,0.06896928697824478,0.02640719711780548,-0.19413326680660248,0.043374694883823395,1.0474019050598145,0.9474018812179565,0.9011815190315247,1.0011814832687378,0.9679871201515198,0.8679870963096619,0.837841272354126,0.9378412961959839,3.237581491470337,2.4375815391540527,0.4261566698551178,-0.37384334206581116,4.303022384643555,3.3030223846435547,-0.23983433842658997,-1.2398343086242676,-2.633772850036621,-1.133772850036621,-2.6211657524108887,-1.1211657524108887,-2.637718677520752,-1.137718677520752,-1.4383528232574463,0.06164717674255371
upright,10.64,0,0.11485633254051208,72.85559844970703,3.3716320991516113,1.187656283378601,0.007488919887691736,0.04199148342013359,1,False,1.469188928604126,0.0,False,0.09287695586681366,0.06246206909418106,0.10104971379041672,-0.0894022285938263,0.2781902551651001,-0.05132356286048889,-0.11798584461212158,0.046293556690216064,-0.21004930138587952,0.01425182819366455,0.13813188672065735,0.03080916404724121,0.06897008419036865,0.02641122043132782,-0.19413547217845917,0.043375834822654724,1.047398328781128,0.94739830493927,0.9011545777320862,1.0011545419692993,0.9679667353630066,0.8679667115211487,0.8378474116325378,0.9378474354743958,3.2375802993774414,2.4375803470611572,0.42607229948043823,-0.3739277124404907,4.303018093109131,3.303018093109131,-0.2398366779088974,-1.2398366928100586,-2.6337740421295166,-1.1337740421295166,-2.621166467666626,-1.121166467666626,-2.6377127170562744,-1.1377127170562744,-1.4383310079574585,0.061668992042541504
upright,10.66,0,0.11485704034566879,72.8554916381836,3.37280535697937,1.1876546144485474,0.007372118066996336,0.04448235034942627,1,False,1.4691855907440186,0.0,False,0.09287628531455994,0.062462590634822845,0.10104938596487045,-0.08940254151821136,0.278189092874527,-0.05132102966308594,-0.11798695474863052,0.04629392921924591,-0.21005001664161682,0.01425480842590332,0.13813205063343048,0.030810505151748657,0.06897086650133133,0.026406273245811462,-0.19413380324840546,0.04337324574589729,1.0473992824554443,0.9473992586135864,0.9011629819869995,1.0011630058288574,0.9679492115974426,0.8679491877555847,0.8378358483314514,0.9378358721733093,3.2375712394714355,2.4375712871551514,0.4260912239551544,-0.37390878796577454,4.303012371063232,3.3030123710632324,-0.23984143137931824,-1.2398414611816406,-2.633772611618042,-1.133772611618042,-2.6211650371551514,-1.1211650371551514,-2.6377155780792236,-1.1377155780792236,-1.438342809677124,0.06165719032287598
upright,10.68,0,0.11485745012760162,72.85523986816406,3.373626708984375,1.1876510381698608,0.007617319468408823,0.043829791247844696,1,False,1.4691822528839111,0.0,False,0.09287534654140472,0.06246325746178627,0.10104909539222717,-0.08940237760543823,0.2781869173049927,-0.05132263898849487,-0.11798593401908875,0.04629288613796234,-0.21005073189735413,0.014257967472076416,0.1381329894065857,0.03081226348876953,0.06897162646055222,0.026410266757011414,-0.19413605332374573,0.043374352157115936,1.0473970174789429,0.947396993637085,0.9011605381965637,1.0011605024337769,0.9679246544837952,0.8679246306419373,0.8378412127494812,0.9378412365913391,3.2375621795654297,2.4375622272491455,0.42609840631484985,-0.3739016056060791,4.303004264831543,3.303004264831543,-0.23984360694885254,-1.2398436069488525,-2.6337692737579346,-1.1337692737579346,-2.621178388595581,-1.121178388595581,-2.637713670730591,-1.1377136707305908,-1.438321828842163,0.061678171157836914
upright,10.700000000000001,0,0.11485672742128372,72.85543060302734,3.3726680278778076,1.1876537799835205,0.0076025123707950115,0.04925147816538811,1,False,1.4691838026046753,0.0,False,0.09287551045417786,0.06246241182088852,0.10104938596487045,-0.08940300345420837,0.2781856656074524,-0.05131760239601135,-0.11798859387636185,0.046293601393699646,-0.21005049347877502,0.014255642890930176,0.13813184201717377,0.03081003576517105,0.06897060573101044,0.026404976844787598,-0.1941332370042801,0.043372735381126404,1.0474010705947876,0.9474010467529297,0.9011755585670471,1.0011755228042603,0.9679454565048218,0.8679454326629639,0.8378334045410156,0.9378334283828735,3.2375667095184326,2.4375667572021484,0.4261310398578644,-0.3738689720630646,4.303007125854492,3.303007125854492,-0.23984108865261078,-1.239841103553772,-2.6337690353393555,-1.1337690353393555,-2.6211705207824707,-1.1211705207824707,-2.6377172470092773,-1.1377172470092773,-1.4383482933044434,0.06165170669555664
upright,10.72,0,0.11485617607831955,72.8559341430664,3.3711612224578857,1.187660813331604,0.0074942209757864475,0.0456543006002903,1,False,1.4691904783248901,0.0,False,0.09287667274475098,0.06246153637766838,0.10104981809854507,-0.08940288424491882,0.27818426489830017,-0.05131465196609497,-0.11799028515815735,0.046293169260025024,-0.21004913747310638,0.01425015926361084,0.13813041150569916,0.030807286500930786,0.06896909326314926,0.026407167315483093,-0.19413313269615173,0.043374694883823395,1.0474019050598145,0.9474018812179565,0.9011825323104858,1.0011825561523438,0.9679867625236511,0.8679867386817932,0.8378417491912842,0.9378417730331421,3.2375805377960205,2.4375805854797363,0.4261569678783417,-0.3738430440425873,4.3030219078063965,3.3030219078063965,-0.2398342490196228,-1.2398343086242676,-2.6337730884552,-1.1337730884552002,-2.621166944503784,-1.1211669445037842,-2.6377196311950684,-1.1377196311950684,-1.4383533000946045,0.06164669990539551
upright,10.74,0,0.11485635489225388,72.85562896728516,3.3716511726379395,1.1876567602157593,0.007471892051398754,0.04203488305211067,1,False,1.4691888093948364,0.0,False,0.09287682175636292,0.06246207654476166,0.10104971379041672,-0.08940224349498749,0.2781902253627777,-0.05132359266281128,-0.11798576265573502,0.04629361629486084,-0.2100493609905243,0.014251947402954102,0.1381317675113678,0.03080909699201584,0.06897004693746567,0.026411429047584534,-0.19413559138774872,0.04337594658136368,1.047398328781128,0.94739830493927,0.9011552333831787,1.0011552572250366,0.9679673314094543,0.8679673075675964,0.8378477692604065,0.9378477931022644,3.237579584121704,2.43757963180542,0.42607229948043823,-0.3739277124404907,4.303018093109131,3.303018093109131,-0.23983611166477203,-1.2398360967636108,-2.6337733268737793,-1.1337733268737793,-2.6211671829223633,-1.1211671829223633,-2.6377134323120117,-1.1377134323120117,-1.4383312463760376,0.0616687536239624
upright,10.76,0,0.11485704779624939,72.85547637939453,3.372838020324707,1.1876544952392578,0.007371798623353243,0.044465694576501846,1,False,1.469185471534729,0.0,False,0.09287625551223755,0.06246260181069374,0.10104937851428986,-0.08940261602401733,0.27818921208381653,-0.05132108926773071,-0.11798703670501709,0.0462937206029892,-0.2100500613451004,0.014254897832870483,0.13813208043575287,0.030810661613941193,0.0689706802368164,0.026406288146972656,-0.19413386285305023,0.04337318241596222,1.0473994016647339,0.947399377822876,0.9011623859405518,1.0011624097824097,0.9679484963417053,0.8679484724998474,0.8378358483314514,0.9378358721733093,3.2375707626342773,2.437570810317993,0.42609095573425293,-0.373909056186676,4.303012847900391,3.3030128479003906,-0.23984108865261078,-1.239841103553772,-2.633772373199463,-1.133772373199463,-2.621164321899414,-1.121164321899414,-2.6377155780792236,-1.1377155780792236,-1.4383423328399658,0.06165766716003418
upright,10.78,0,0.11485742777585983,72.855224609375,3.3736836910247803,1.1876509189605713,0.007630199193954468,0.04389067739248276,1,False,1.4691818952560425,0.0,False,0.09287527203559875,0.062463268637657166,0.10104909539222717,-0.08940230309963226,0.2781869173049927,-0.051322758197784424,-0.11798588186502457,0.046292781829833984,-0.21005088090896606,0.014258086681365967,0.1381329745054245,0.03081226348876953,0.0689716711640358,0.0264100581407547,-0.19413599371910095,0.04337425157427788,1.0473971366882324,0.9473971128463745,0.9011598825454712,1.001159906387329,0.9679237604141235,0.8679237365722656,0.8378409743309021,0.93784099817276,3.2375614643096924,2.437561511993408,0.4260985553264618,-0.37390145659446716,4.303003311157227,3.3030033111572266,-0.23984381556510925,-1.2398438453674316,-2.6337690353393555,-1.1337690353393555,-2.62117862701416,-1.1211786270141602,-2.6377134323120117,-1.1377134323120117,-1.4383223056793213,0.06167769432067871
upright,10.8,0,0.11485667526721954,72.85543060302734,3.3726444244384766,1.18765389919281,0.007594522554427385,0.04926618933677673,1,False,1.4691838026046753,0.0,False,0.09287543594837189,0.06246236711740494,0.10104946792125702,-0.08940300345420837,0.2781856656074524,-0.05131766200065613,-0.11798860877752304,0.0462934672832489,-0.2100505232810974,0.014255613088607788,0.13813188672065735,0.030809998512268066,0.06897066533565521,0.026405170559883118,-0.19413331151008606,0.04337286949157715,1.0474011898040771,0.9474011659622192,0.9011754393577576,1.0011754035949707,0.9679463505744934,0.8679463267326355,0.8378339409828186,0.9378339648246765,3.2375662326812744,2.4375662803649902,0.4261317849159241,-0.3738682270050049,4.30300760269165,3.3030076026916504,-0.23984137177467346,-1.239841341972351,-2.633768081665039,-1.133768081665039,-2.6211705207824707,-1.1211705207824707,-2.6377172470092773,-1.1377172470092773,-1.4383476972579956,0.061652302742004395
upright,10.82,0,0.11485616862773895,72.85588073730469,3.3711459636688232,1.1876599788665771,0.0074920994229614735,0.045587047934532166,1,False,1.4691904783248901,0.0,False,0.09287679195404053,0.06246156990528107,0.10104986280202866,-0.08940282464027405,0.27818435430526733,-0.05131462216377258,-0.11799036711454391,0.04629300534725189,-0.21004904806613922,0.014250129461288452,0.13813044130802155,0.03080737590789795,0.06896920502185822,0.02640700340270996,-0.19413316249847412,0.04337458312511444,1.047401785850525,0.947401762008667,0.9011818766593933,1.0011818408966064,0.9679867029190063,0.8679866790771484,0.8378410339355469,0.9378410577774048,3.2375810146331787,2.4375810623168945,0.42615702748298645,-0.3738429844379425,4.303022384643555,3.3030223846435547,-0.23983433842658997,-1.2398343086242676,-2.6337730884552,-1.1337730884552002,-2.621166229248047,-1.1211662292480469,-2.63771915435791,-1.1377191543579102,-1.4383533000946045,0.06164669990539551
upright,10.84,0,0.11485632508993149,72.85562133789062,3.371621608734131,1.1876565217971802,0.007472541183233261,0.04214416444301605,1,False,1.4691888093948364,0.0,False,0.0928768515586853,0.06246202066540718,0.10104971379041672,-0.08940224349498749,0.27819016575813293,-0.05132344365119934,-0.11798583716154099,0.04629366099834442,-0.2100493460893631,0.014251679182052612,0.13813185691833496,0.030809037387371063,0.06897003948688507,0.026411190629005432,-0.19413542747497559,0.04337584227323532,1.047398567199707,0.9473985433578491,0.9011551141738892,1.001155138015747,0.9679672122001648,0.8679671883583069,0.8378473520278931,0.937847375869751,3.237579584121704,2.43757963180542,0.4260725677013397,-0.37392744421958923,4.303017616271973,3.3030176162719727,-0.23983632028102875,-1.23983633518219,-2.6337735652923584,-1.1337735652923584,-2.621166706085205,-1.121166706085205,-2.6377124786376953,-1.1377124786376953,-1.438331961631775,0.0616680383682251
upright,10.86,0,0.1148570328950882,72.8554458618164,3.3728837966918945,1.1876541376113892,0.007371827494353056,0.044394299387931824,1,False,1.46918523311615,0.0,False,0.09287634491920471,0.06246279552578926,0.10104931890964508,-0.08940250426530838,0.27818921208381653,-0.051321178674697876,-0.11798702925443649,0.04629364609718323,-0.2100500464439392,0.014255017042160034,0.13813208043575287,0.03081069141626358,0.0689706951379776,0.02640615403652191,-0.19413384795188904,0.04337308555841446,1.0473990440368652,0.9473990201950073,0.9011615514755249,1.0011615753173828,0.9679473638534546,0.8679473400115967,0.837835431098938,0.9378354549407959,3.237570285797119,2.437570333480835,0.4260907471179962,-0.37390926480293274,4.303012371063232,3.3030123710632324,-0.2398415058851242,-1.2398414611816406,-2.633772850036621,-1.133772850036621,-2.621164321899414,-1.121164321899414,-2.6377155780792236,-1.1377155780792236,-1.438342571258545,0.06165742874145508
upright,10.88,0,0.11485744267702103,72.85523986816406,3.373649835586548,1.1876511573791504,0.007628270890563726,0.043964602053165436,1,False,1.469182014465332,0.0,False,0.09287543594837189,0.062463290989398956,0.10104909539222717,-0.08940236270427704,0.2781870365142822,-0.05132269859313965,-0.11798597127199173,0.04629279673099518,-0.2100508064031601,0.014258056879043579,0.1381329447031021,0.030812188982963562,0.06897160410881042,0.026410043239593506,-0.19413596391677856,0.04337426647543907,1.047397255897522,0.9473972320556641,0.9011600017547607,1.0011600255966187,0.9679246544837952,0.8679246306419373,0.8378410339355469,0.9378410577774048,3.2375621795654297,2.4375622272491455,0.42609864473342896,-0.3739013671875,4.303003787994385,3.3030037879943848,-0.23984359204769135,-1.2398436069488525,-2.6337697505950928,-1.1337697505950928,-2.621178150177002,-1.121178150177002,-2.63771390914917,-1.13771390914917,-1.4383230209350586,0.061676979064941406
upright,10.9,0,0.11485672742128372,72.85543060302734,3.3726789951324463,1.18765389919281,0.00760358152911067,0.049199942499399185,1,False,1.4691838026046753,0.0,False,0.0928754210472107,0.06246248632669449,0.10104940086603165,-0.08940292149782181,0.27818581461906433,-0.05131766200065613,-0.11798859387636185,0.04629354178905487,-0.2100505530834198,0.01425585150718689,0.13813179731369019,0.0308101624250412,0.06897057592868805,0.026405170559883118,-0.1941332072019577,0.04337291419506073,1.047400951385498,0.9474009275436401,0.9011752009391785,1.0011751651763916,0.9679458737373352,0.8679458498954773,0.8378340601921082,0.9378340840339661,3.2375659942626953,2.437566041946411,0.42613092064857483,-0.3738690912723541,4.30300760269165,3.3030076026916504,-0.23984137177467346,-1.239841341972351,-2.6337685585021973,-1.1337685585021973,-2.6211700439453125,-1.1211700439453125,-2.6377182006835938,-1.1377182006835938,-1.4383479356765747,0.06165206432342529
upright,10.92,0,0.11485617607831955,72.85590362548828,3.3712034225463867,1.1876603364944458,0.0074908374808728695,0.04558278247714043,1,False,1.4691905975341797,0.0,False,0.09287667274475098,0.062461551278829575,0.10104986280202866,-0.08940284699201584,0.27818432450294495,-0.05131465196609497,-0.11799036711454391,0.04629310965538025,-0.21004900336265564,0.014250248670578003,0.13813036680221558,0.030807428061962128,0.06896933168172836,0.026407137513160706,-0.19413331151008606,0.04337461292743683,1.047401785850525,0.947401762008667,0.9011819362640381,1.001181960105896,0.9679867029190063,0.8679866790771484,0.8378411531448364,0.9378411769866943,3.2375807762145996,2.4375808238983154,0.4261569380760193,-0.37384307384490967,4.303022861480713,3.303022861480713,-0.23983432352542877,-1.2398343086242676,-2.633772611618042,-1.133772611618042,-2.621166706085205,-1.121166706085205,-2.6377201080322266,-1.1377201080322266,-1.4383527040481567,0.06164729595184326
upright,10.94,0,0.1148563101887703,72.85562133789062,3.3716204166412354,1.1876565217971802,0.0074805328622460365,0.042089175432920456,1,False,1.4691890478134155,0.0,False,0.0928768664598465,0.062462013214826584,0.10104977339506149,-0.0894022211432457,0.2781903147697449,-0.051323503255844116,-0.11798588186502457,0.04629354178905487,-0.21004930138587952,0.014251887798309326,0.13813182711601257,0.030809231102466583,0.06897016614675522,0.02641122043132782,-0.19413548707962036,0.04337586089968681,1.047398328781128,0.94739830493927,0.9011545777320862,1.0011545419692993,0.96796715259552,0.8679671287536621,0.8378474116325378,0.9378474354743958,3.2375802993774414,2.4375803470611572,0.4260721802711487,-0.3739278316497803,4.303018569946289,3.303018569946289,-0.239836648106575,-1.2398366928100586,-2.6337733268737793,-1.1337733268737793,-2.6211659908294678,-1.1211659908294678,-2.6377131938934326,-1.1377131938934326,-1.4383312463760376,0.0616687536239624
upright,10.96,0,0.11485700309276581,72.85546112060547,3.372828960418701,1.1876542568206787,0.007364621851593256,0.04449494928121567,1,False,1.4691855907440186,0.0,False,0.09287624061107635,0.062462594360113144,0.10104937106370926,-0.08940259367227554,0.2781892716884613,-0.05132102966308594,-0.11798707395792007,0.04629376530647278,-0.2100498080253601,0.014254838228225708,0.13813212513923645,0.03081084042787552,0.06897082924842834,0.026406243443489075,-0.19413387775421143,0.04337313771247864,1.0473994016647339,0.947399377822876,0.9011623859405518,1.0011624097824097,0.9679479598999023,0.8679479360580444,0.837835431098938,0.9378354549407959,3.2375710010528564,2.4375710487365723,0.42609086632728577,-0.3739091455936432,4.303013801574707,3.303013801574707,-0.2398415058851242,-1.2398414611816406,-2.633772373199463,-1.133772373199463,-2.621163845062256,-1.1211638450622559,-2.6377151012420654,-1.1377151012420654,-1.438342571258545,0.06165742874145508
upright,10.98,0,0.11485743522644043,72.855224609375,3.373649835586548,1.1876509189605713,0.007621778175234795,0.043878428637981415,1,False,1.469182014465332,0.0,False,0.09287534654140472,0.06246328726410866,0.10104913264513016,-0.08940235525369644,0.2781869173049927,-0.05132278800010681,-0.11798588931560516,0.0462927371263504,-0.2100508213043213,0.014258116483688354,0.1381329447031021,0.030812330543994904,0.06897144019603729,0.026410162448883057,-0.19413599371910095,0.043374303728342056,1.0473970174789429,0.947396993637085,0.9011601209640503,1.0011601448059082,0.9679241180419922,0.8679240942001343,0.8378410339355469,0.9378410577774048,3.2375617027282715,2.4375617504119873,0.42609891295433044,-0.3739010989665985,4.303004264831543,3.303004264831543,-0.23984281718730927,-1.2398427724838257,-2.6337687969207764,-1.1337687969207764,-2.62117862701416,-1.1211786270141602,-2.63771390914917,-1.13771390914917,-1.4383231401443481,0.061676859855651855
upright,11.0,0,0.1148567646741867,72.85543060302734,3.3726680278778076,1.18765389919281,0.007607171777635813,0.0492515042424202,1,False,1.4691838026046753,0.0,False,0.09287534654140472,0.06246247887611389,0.10104939341545105,-0.08940297365188599,0.2781856656074524,-0.05131760239601135,-0.11798857897520065,0.04629364609718323,-0.2100505381822586,0.014255791902542114,0.13813179731369019,0.03081013262271881,0.06897063553333282,0.026405349373817444,-0.19413337111473083,0.04337297007441521,1.0474011898040771,0.9474011659622192,0.9011759161949158,1.001175880432129,0.9679456949234009,0.867945671081543,0.8378342390060425,0.9378342628479004,3.237565755844116,2.437565803527832,0.4261311888694763,-0.37386882305145264,4.30300760269165,3.3030076026916504,-0.23984092473983765,-1.2398409843444824,-2.633768320083618,-1.1337683200836182,-2.6211705207824707,-1.1211705207824707,-2.6377182006835938,-1.1377182006835938,-1.4383478164672852,0.061652183532714844
