step,time_s,phase,cmd_x,cmd_y,cmd_yaw,height,x,y,speed,yaw_speed,roll_deg,pitch_deg,foot_contacts,base_contact,done,vx,vy,vx_b,vy_b,wz,push_delta_vy,joint_rms_deviation,FL_foot_x_b,FL_foot_y_b,FL_foot_z_w,FL_foot_fz,FL_foot_contact,FL_foot_speed_xy,FR_foot_x_b,FR_foot_y_b,FR_foot_z_w,FR_foot_fz,FR_foot_contact,FR_foot_speed_xy,RL_foot_x_b,RL_foot_y_b,RL_foot_z_w,RL_foot_fz,RL_foot_contact,RL_foot_speed_xy,RR_foot_x_b,RR_foot_y_b,RR_foot_z_w,RR_foot_fz,RR_foot_contact,RR_foot_speed_xy
1,0.02,stand,0.0,0.0,0.0,0.3985777199268341,6.642565131187439e-05,2.297592072864063e-05,0.006976396776735783,0.0288850087672472,-0.3283843428759589,-0.0038173462031265122,0,0,0,0.005808402318507433,0.0038642690051347017,0.005800207611173391,0.0030478723347187042,0.0288850087672472,0.0,0.07530683279037476,0.17262209951877594,0.16956917941570282,0.07762280106544495,0.0,0,0.3519399166107178,0.1674419343471527,-0.1774114966392517,0.08012412488460541,0.0,0,0.41358476877212524,-0.28831225633621216,0.16771957278251648,0.09514960646629333,0.0,0,1.0032334327697754,-0.28233274817466736,-0.17000268399715424,0.09449219703674316,0.0,0,0.6873641610145569
2,0.04,stand,0.0,0.0,0.0,0.39350661635398865,-7.310882210731506e-05,1.1037853255402297e-05,0.012606276199221611,0.0035986003931611776,-0.5369182891686463,0.15530262687235497,0,0,0,-0.012592137791216373,0.0005968875484541059,-0.0116583202034235,-0.0026212790980935097,-0.0035986003931611776,0.0,0.16052985191345215,0.17469362914562225,0.1678338497877121,0.051269739866256714,0.0,0,0.36537423729896545,0.15956202149391174,-0.18173550069332123,0.05534536391496658,0.0,0,0.15487055480480194,-0.31119731068611145,0.16108866035938263,0.07597992569208145,0.0,0,1.0009424686431885,-0.28474217653274536,-0.16217868030071259,0.0794207975268364,0.0,0,0.4525828957557678
3,0.06,stand,0.0,0.0,0.0,0.3843690752983093,-0.0003797970712184906,1.398822496412322e-05,0.016731545329093933,0.00515024783089757,-0.695175052898311,0.4846317503291706,0,0,0,-0.016709931194782257,0.0008501701522618532,-0.012062863446772099,-0.005800335202366114,0.00515024783089757,0.0,0.2341705709695816,0.1806766390800476,0.16717834770679474,0.028574228286743164,0.0,0,0.22048655152320862,0.15218783915042877,-0.18451444804668427,0.029505379498004913,0.0,0,0.3889573812484741,-0.32235702872276306,0.15525317192077637,0.05389025807380676,0.0,0,0.33074015378952026,-0.2802879810333252,-0.1584063470363617,0.06115809828042984,0.0,0,0.324844092130661
4,0.08,stand,0.0,0.0,0.0,0.37288933992385864,-0.0006988998502492905,7.525044202338904e-05,0.015893083065748215,0.008200452663004398,-0.6743326772851643,0.19117862237467007,2,0,0,-0.015209224075078964,0.004611893557012081,-0.013329129666090012,-0.001996129285544157,-0.008200452663004398,0.0,0.24862641096115112,0.17868171632289886,0.16758973896503448,0.022973328828811646,79.66972351074219,1,0.04525909200310707,0.14982075989246368,-0.1843779981136322,0.022792749106884003,86.67273712158203,1,0.0409170426428318,-0.3226567804813385,0.15274298191070557,0.026802413165569305,0.0,0,0.5025674104690552,-0.2744593024253845,-0.1623723953962326,0.04041089117527008,0.0,0,0.6431876420974731
5,0.1,stand,0.0,0.0,0.0,0.36264944076538086,-0.0013996437191963196,0.00019084442465100437,0.030171707272529602,0.15549618005752563,-1.247695201678559,-1.2371659314644554,4,0,0,-0.029574191197752953,0.005974876694381237,-0.03842457756400108,-0.002919005462899804,0.15549618005752563,0.0,0.2168329358100891,0.17039571702480316,0.16397646069526672,0.023027345538139343,103.9891128540039,1,0.029599379748106003,0.1413808912038803,-0.18776904046535492,0.022859282791614532,107.65522766113281,1,0.027197550982236862,-0.3311368525028229,0.14945606887340546,0.022303573787212372,72.55693054199219,1,0.08820445090532303,-0.27092882990837097,-0.17385226488113403,0.022663243114948273,139.94261169433594,1,0.5073801279067993
6,0.12,stand,0.0,0.0,0.0,0.3555435836315155,-0.0023461580276489258,0.00018326354620512575,0.05167438089847565,0.10461869835853577,-1.29337764128172,-1.8180450256785963,4,0,0,-0.05167438089847565,3.5503603612596635e-06,-0.06121441721916199,-0.006594363134354353,0.10461869835853577,0.0,0.17880879342556,0.16791526973247528,0.16342474520206451,0.023091822862625122,60.86937713623047,1,0.03582553192973137,0.13822726905345917,-0.18815980851650238,0.022893771529197693,71.63088989257812,1,0.02818376012146473,-0.33369460701942444,0.15002481639385223,0.0223892480134964,65.81243896484375,1,0.030848117545247078,-0.2747530937194824,-0.17317140102386475,0.022828631103038788,53.00387191772461,1,0.019361991435289383
7,0.14,stand,0.0,0.0,0.0,0.35040590167045593,-0.0032757986336946487,0.00024723727256059647,0.04463120549917221,0.10558851808309555,-1.0074313447923129,-1.7089279512108824,4,0,0,-0.04404915124177933,0.007184471003711224,-0.050845298916101456,0.0034096590243279934,0.10558851808309555,0.0,0.15360099077224731,0.16945888102054596,0.16473887860774994,0.023107990622520447,50.271873474121094,1,0.03163592889904976,0.13911330699920654,-0.18672332167625427,0.02292543649673462,77.34447479248047,1,0.02216513454914093,-0.33201634883880615,0.1523284614086151,0.02242901921272278,58.50509262084961,1,0.01013680174946785,-0.27378273010253906,-0.17095819115638733,0.022863127291202545,35.71152114868164,1,0.013936561532318592
8,0.16,stand,0.0,0.0,0.0,0.3461090624332428,-0.0040438175201416016,0.0004881901550106704,0.039998989552259445,0.07298283278942108,-0.8723411419843033,-1.5523999723931712,4,0,0,-0.03627579286694527,0.01685188151896,-0.04171914979815483,0.013994439505040646,0.07298283278942108,0.0,0.1337091624736786,0.1710762232542038,0.1650301069021225,0.02314421534538269,44.95695877075195,1,0.025409268215298653,0.14022108912467957,-0.18629366159439087,0.02295442670583725,75.2848129272461,1,0.018883323296904564,-0.3302823007106781,0.1534418910741806,0.022459007799625397,45.10213851928711,1,0.0012114146957173944,-0.272594153881073,-0.16991402208805084,0.02289089560508728,19.950979232788086,1,0.01565614342689514
9,0.18,stand,0.0,0.0,0.0,0.342113196849823,-0.004757348448038101,0.0008993603987619281,0.0431145615875721,0.02464991807937622,-0.9087618984337799,-1.4981825710918446,4,0,0,-0.03575824573636055,0.024087615311145782,-0.04058932885527611,0.02133307047188282,0.02464991807937622,0.0,0.11633121967315674,0.17195101082324982,0.16430628299713135,0.023172564804553986,47.25895690917969,1,0.026848776265978813,0.14086493849754333,-0.18689723312854767,0.022980354726314545,70.29541778564453,1,0.01999092288315296,-0.3293132781982422,0.15314866602420807,0.022485770285129547,41.29371643066406,1,0.013125601224601269,-0.27190184593200684,-0.17021426558494568,0.02291432023048401,20.448728561401367,1,0.016769111156463623
10,0.2,stand,0.0,0.0,0.0,0.33838897943496704,-0.005496770143508911,0.001431911252439022,0.04742961749434471,0.01703515648841858,-1.0263249286970375,-1.471005675271187,4,0,0,-0.037905771285295486,0.02850826270878315,-0.04226250946521759,0.025616679340600967,-0.01703515648841858,0.0,0.10137701779603958,0.17257273197174072,0.16318273544311523,0.023198463022708893,50.76944351196289,1,0.020284932106733322,0.14155054092407227,-0.18793709576129913,0.023003466427326202,64.62232208251953,1,0.017316972836852074,-0.3285934329032898,0.152024045586586,0.022506535053253174,37.44398498535156,1,0.002385082421824336,-0.27118465304374695,-0.17128697037696838,0.02293500304222107,24.880672454833984,1,0.014304065145552158
11,0.22,stand,0.0,0.0,0.0,0.3348942697048187,-0.006276304833590984,0.0020311695989221334,0.04992453381419182,0.04365692660212517,-1.1435584023328422,-1.4493322043742674,4,0,0,-0.03978746756911278,0.030156534165143967,-0.04382235184311867,0.027092918753623962,-0.04365692660212517,0.0,0.08867571502923965,0.17311887443065643,0.1620972603559494,0.023221157491207123,53.67753982543945,1,0.027225658297538757,0.14237013459205627,-0.18891942501068115,0.023030266165733337,57.80935287475586,1,0.019593985751271248,-0.32796788215637207,0.15065722167491913,0.022528603672981262,34.937744140625,1,0.0027593104168772697,-0.27034813165664673,-0.17256489396095276,0.02295248955488205,27.261247634887695,1,0.017281150445342064
12,0.24,stand,0.0,0.0,0.0,0.33152884244918823,-0.007096857763826847,0.0026260584127157927,0.050390683114528656,0.04835809767246246,-1.214325245271404,-1.444914139198327,4,0,0,-0.04175290837883949,0.02821197733283043,-0.0456908755004406,0.025021269917488098,-0.04835809767246246,0.0,0.07799655199050903,0.17357993125915527,0.16134284436702728,0.023241892457008362,56.11909103393555,1,0.02765796147286892,0.14317943155765533,-0.1896214783191681,0.023051932454109192,53.67755126953125,1,0.01841970533132553,-0.3274259865283966,0.14948508143424988,0.022550620138645172,34.24701690673828,1,0.011416599154472351,-0.26952096819877625,-0.17364296317100525,0.022968634963035583,27.274301528930664,1,0.016538076102733612
13,0.26,stand,0.0,0.0,0.0,0.32824504375457764,-0.007958720438182354,0.0031660704407840967,0.05035815015435219,0.04209739714860916,-1.22340587505123,-1.4548286923871292,4,0,0,-0.043867722153663635,0.024729866534471512,-0.047796908766031265,0.021557830274105072,-0.04209739714860916,0.0,0.06943747401237488,0.17402078211307526,0.16097207367420197,0.02326202392578125,56.5598258972168,1,0.018455352634191513,0.14395077526569366,-0.18994753062725067,0.02307046204805374,52.00914001464844,1,0.014778759330511093,-0.3269008994102478,0.14871755242347717,0.02256915718317032,33.550724029541016,1,0.0042516677640378475,-0.26873695850372314,-0.17432460188865662,0.02298945188522339,27.320613861083984,1,0.013293292373418808
14,0.28,stand,0.0,0.0,0.0,0.3250565230846405,-0.008854376152157784,0.003641508985310793,0.05018451064825058,0.03592977672815323,-1.1835698639341885,-1.4714173008903861,4,0,0,-0.04527509585022926,0.0216483436524868,-0.04912823066115379,0.018688103184103966,-0.03592977672815323,0.0,0.06345050036907196,0.17449258267879486,0.16087706387043,0.023282714188098907,56.34497833251953,1,0.031186973676085472,0.14470960199832916,-0.1899591088294983,0.02309034764766693,50.93220520019531,1,0.017488202080130577,-0.3263552784919739,0.14831429719924927,0.022589541971683502,34.492923736572266,1,0.0041546085849404335,-0.26797187328338623,-0.1746574193239212,0.023006342351436615,27.57323455810547,1,0.01455628126859665
15,0.3,stand,0.0,0.0,0.0,0.32201144099235535,-0.009770023636519909,0.0040546986274421215,0.0495556965470314,0.030256975442171097,-1.1082321303370073,-1.492403697445485,4,0,0,-0.0459420308470726,0.018576785922050476,-0.049665119498968124,0.01595294289290905,-0.030256975442171097,0.0,0.06042756885290146,0.17498540878295898,0.16102643311023712,0.023316845297813416,56.92266082763672,1,0.02956199273467064,0.14544732868671417,-0.1897691786289215,0.023109063506126404,51.590145111083984,1,0.01761569082736969,-0.32578450441360474,0.1481853574514389,0.022609449923038483,35.78046798706055,1,0.010593698360025883,-0.26722368597984314,-0.17472708225250244,0.023024216294288635,28.081809997558594,1,0.013662472367286682
16,0.32,stand,0.0,0.0,0.0,0.31916430592536926,-0.010690586641430855,0.004412642680108547,0.0486997552216053,0.025716574862599373,-1.0112429105142975,-1.5175637664702848,4,0,0,-0.046002402901649475,0.015982646495103836,-0.049541935324668884,0.013760634697973728,-0.025716574862599373,0.0,0.06028302386403084,0.17549312114715576,0.16131344437599182,0.023334309458732605,56.90528106689453,1,0.016204243525862694,0.14616340398788452,-0.1894427388906479,0.02312377095222473,52.2191276550293,1,0.012238578870892525,-0.3251986503601074,0.14823906123638153,0.022625908255577087,35.24232482910156,1,0.0028012609109282494,-0.26649996638298035,-0.17462216317653656,0.023042216897010803,28.782039642333984,1,0.011485367082059383
17,0.34,stand,0.0,0.0,0.0,0.31656256318092346,-0.01160343550145626,0.004727191757410765,0.04747014120221138,0.02256474643945694,-0.9093424645132309,-1.5481998329404365,4,0,0,-0.04530070722103119,0.014186612330377102,-0.0485517792403698,0.012403465807437897,-0.02256474643945694,0.0,0.062444671988487244,0.17599545419216156,0.1616159975528717,0.023350790143013,56.80467987060547,1,0.03111114725470543,0.14685045182704926,-0.18905605375766754,0.02314283698797226,51.35127258300781,1,0.01891096867620945,-0.3246314823627472,0.14836928248405457,0.02264336496591568,35.88243865966797,1,0.0018414751393720508,-0.2658127248287201,-0.17444491386413574,0.02305682748556137,29.1200008392334,1,0.011625071056187153
18,0.36,stand,0.0,0.0,0.0,0.314249187707901,-0.012499535456299782,0.0050026364624500275,0.045974988490343094,0.019095180556178093,-0.8119494631166968,-1.583285020602911,4,0,0,-0.04429731145501137,0.012306418269872665,-0.04721561074256897,0.01092537771910429,-0.019095180556178093,0.0,0.06601517647504807,0.17648647725582123,0.16193412244319916,0.023364901542663574,57.4317626953125,1,0.028889063745737076,0.14749495685100555,-0.18869835138320923,0.02315586805343628,51.728355407714844,1,0.01858009770512581,-0.3240811228752136,0.14852294325828552,0.022658906877040863,36.234947204589844,1,0.0008049887837842107,-0.2651638686656952,-0.17425242066383362,0.023071378469467163,29.713970184326172,1,0.010540862567722797
19,0.38,stand,0.0,0.0,0.0,0.3122568130493164,-0.013371712528169155,0.005242423620074987,0.04427849128842354,0.0161515474319458,-0.7257594660628646,-1.6206512780047584,4,0,0,-0.04296518489718437,0.01070410292595625,-0.04549812152981758,0.009673833847045898,-0.0161515474319458,0.0,0.07013554126024246,0.1769719421863556,0.16220372915267944,0.023377403616905212,57.27935028076172,1,0.028419647365808487,0.14811018109321594,-0.18838588893413544,0.02316819131374359,51.49287414550781,1,0.018717465922236443,-0.32354480028152466,0.14866095781326294,0.022672854363918304,36.324222564697266,1,0.0002258686872664839,-0.26454800367355347,-0.17407873272895813,0.023084372282028198,30.119190216064453,1,0.009358950890600681
20,0.4,stand,0.0,0.0,0.0,0.31059715151786804,-0.014213880524039268,0.005450364202260971,0.042372703552246094,0.0135912224650383,-0.6534203989547306,-1.6587412152935097,4,0,0,-0.04134247824549675,0.009286848828196526,-0.04346313327550888,0.008544129319489002,-0.0135912224650383,0.0,0.07417599856853485,0.17745070159435272,0.16241642832756042,0.02338831126689911,57.052730560302734,1,0.02772238664329052,0.14869843423366547,-0.18813209235668182,0.02317902445793152,51.0203971862793,1,0.018747428432106972,-0.3230235278606415,0.14876584708690643,0.0226852148771286,36.236473083496094,1,0.0011079689720645547,-0.2639610171318054,-0.1739426702260971,0.02309586852788925,30.372079849243164,1,0.008170893415808678
21,0.42,stand,0.0,0.0,0.0,0.30926480889320374,-0.015021230094134808,0.005628821440041065,0.04030425474047661,0.011310937814414501,-0.596571507193098,-1.6967741631913735,4,0,0,-0.03951285779476166,0.007947766222059727,-0.04121407866477966,0.007431725971400738,-0.011310937814414501,0.0,0.07775874435901642,0.17792043089866638,0.16256578266620636,0.023397155106067657,56.72260665893555,1,0.026988163590431213,0.14925946295261383,-0.18794453144073486,0.02318807691335678,50.40012741088867,1,0.018665345385670662,-0.3225206434726715,0.1488274484872818,0.022696249186992645,36.03695297241211,1,0.001961099449545145,-0.26340338587760925,-0.17385391891002655,0.02310594916343689,30.511856079101562,1,0.00705149257555604
22,0.44,stand,0.0,0.0,0.0,0.30824145674705505,-0.01579018495976925,0.005778950173407793,0.038113903254270554,0.009289180859923363,-0.55550856998554,-1.7345073298176974,4,0,0,-0.03753748536109924,0.006603540852665901,-0.03883020579814911,0.006262210197746754,-0.009289180859923363,0.0,0.08069760352373123,0.17837655544281006,0.1626518815755844,0.023404620587825775,56.300662994384766,1,0.026262924075126648,0.14979171752929688,-0.18782052397727966,0.023197904229164124,49.00452423095703,1,0.019611656665802002,-0.3220396041870117,0.14884401857852936,0.022705145180225372,35.2161750793457,1,0.003125227754935622,-0.26287779211997986,-0.17381387948989868,0.023114725947380066,30.404441833496094,1,0.005582342855632305
23,0.46,stand,0.0,0.0,0.0,0.30749863386154175,-0.016518644988536835,0.005900553893297911,0.03584008291363716,0.007295821327716112,-0.5292054047701151,-1.771700057725944,4,0,0,-0.03543528914451599,0.005371393635869026,-0.03635275736451149,0.005161657929420471,-0.007295821327716112,0.0,0.0829341858625412,0.17881536483764648,0.16268318891525269,0.023410700261592865,55.85875701904297,1,0.02549844980239868,0.1502874791622162,-0.1877705454826355,0.023202180862426758,48.844295501708984,1,0.018249157816171646,-0.32158997654914856,0.14882056415081024,0.022714585065841675,35.98299789428711,1,0.004391201306134462,-0.2623854875564575,-0.17381899058818817,0.023122049868106842,30.723527908325195,1,0.0052192797884345055
24,0.48,stand,0.0,0.0,0.0,0.3070019781589508,-0.017204470932483673,0.005991898011416197,0.033559150993824005,0.0050996155478060246,-0.5084998463837802,-1.8061865366189847,4,0,0,-0.0333411730825901,0.0038187173195183277,-0.033932626247406006,0.003709666430950165,-0.0050996155478060246,0.0,0.08444284647703171,0.17924298346042633,0.16272717714309692,0.02341495454311371,55.13410568237305,1,0.006683427840471268,0.15076284110546112,-0.1877164989709854,0.023207180202007294,47.99361801147461,1,0.01966523751616478,-0.3211522698402405,0.14880535006523132,0.022721529006958008,35.110355377197266,1,0.004015384707599878,-0.26191800832748413,-0.17381955683231354,0.023128792643547058,30.45598602294922,1,0.0026726063806563616
25,0.5,stand,0.0,0.0,0.0,0.30670884251594543,-0.017847422510385513,0.006059088744223118,0.03130155801773071,0.0043583824299275875,-0.505910350914699,-1.8403317194969362,4,0,0,-0.03117191046476364,0.0028459548484534025,-0.03146276995539665,0.0028172980528324842,-0.0043583824299275875,0.0,0.0853937491774559,0.17964619398117065,0.1626746952533722,0.0234183669090271,54.518489837646484,1,0.023954441770911217,0.15119963884353638,-0.18774865567684174,0.023211568593978882,47.478126525878906,1,0.0177878737449646,-0.3207467496395111,0.14872972667217255,0.02272742986679077,34.58481979370117,1,0.0044724103063344955,-0.2614884674549103,-0.17388217151165009,0.023133933544158936,30.36995506286621,1,0.0037155563477426767
26,0.52,stand,0.0,0.0,0.0,0.30658188462257385,-0.018448753282427788,0.006098381243646145,0.029123567044734955,0.0036580467130988836,-0.5063734163960848,-1.8741492667381388,4,0,0,-0.02909153141081333,0.001365609117783606,-0.029145201668143272,0.0013973970199003816,-0.0036580467130988836,0.0,0.0858282819390297,0.18002206087112427,0.16264872252941132,0.023421309888362885,54.066158294677734,1,0.023716678842902184,0.15160341560840607,-0.18776504695415497,0.02321474254131317,46.67229080200195,1,0.01728939637541771,-0.32037726044654846,0.1486692577600479,0.022732317447662354,34.368892669677734,1,0.0050256443209946156,-0.2610952854156494,-0.1739351898431778,0.023138374090194702,30.177370071411133,1,0.003200757084414363
27,0.54,stand,0.0,0.0,0.0,0.30658507347106934,-0.01900911144912243,0.00611078180372715,0.027080785483121872,0.002247672528028488,-0.5179261477686324,-1.905770054387536,4,0,0,-0.027080409228801727,0.00014271547843236476,-0.026946475729346275,0.00022120859648566693,-0.002247672528028488,0.0,0.08587253093719482,0.18037883937358856,0.16257286071777344,0.02342315763235092,53.47158432006836,1,0.023274796083569527,0.15197694301605225,-0.18782804906368256,0.02321748435497284,46.18977355957031,1,0.017000319436192513,-0.32002687454223633,0.14858472347259521,0.022736817598342896,34.100460052490234,1,0.005409105680882931,-0.26072990894317627,-0.1740114837884903,0.023142144083976746,30.098241806030273,1,0.0028691727202385664
28,0.56,stand,0.0,0.0,0.0,0.30668365955352783,-0.01953033171594143,0.0060975258238613605,0.025176556780934334,0.0020771257113665342,-0.5321233896495915,-1.9354634480305202,4,0,0,-0.025152862071990967,-0.0010920388158410788,-0.024882588535547256,-0.0009792324854061007,-0.0020771257113665342,0.0,0.0856037512421608,0.18071503937244415,0.16252072155475616,0.023424506187438965,52.927581787109375,1,0.022829120978713036,0.15232382714748383,-0.18788349628448486,0.02321963757276535,45.75522994995117,1,0.016728445887565613,-0.3197036385536194,0.14851410686969757,0.022740505635738373,33.7697639465332,1,0.005740190390497446,-0.2603912353515625,-0.17407846450805664,0.023145325481891632,29.943979263305664,1,0.0026378370821475983
29,0.58,stand,0.0,0.0,0.0,0.3068459630012512,-0.02001439407467842,0.006060673855245113,0.02345709688961506,0.0022306572645902634,-0.5472310744025721,-1.963788669405386,4,0,0,-0.023350421339273453,-0.0022345492616295815,-0.022990642115473747,-0.002099087927490473,-0.0022306572645902634,0.0,0.08513142913579941,0.18102622032165527,0.16248568892478943,0.02342531830072403,52.43077850341797,1,0.022452909499406815,0.15264663100242615,-0.18791255354881287,0.023221492767333984,45.46601104736328,1,0.016596335917711258,-0.31940758228302,0.1484605222940445,0.022743798792362213,33.55644226074219,1,0.005990686826407909,-0.2600792646408081,-0.17412935197353363,0.023146875202655792,29.799264907836914,1,0.0024936674162745476
30,0.6,stand,0.0,0.0,0.0,0.30704671144485474,-0.02046380378305912,0.006003257818520069,0.021899649873375893,0.0018387055024504662,-0.566839960540297,-1.9894859754970897,4,0,0,-0.02167063020169735,-0.003158870153129101,-0.021258831024169922,-0.003009339328855276,-0.0018387055024504662,0.0,0.08453747630119324,0.18132008612155914,0.16244645416736603,0.023425698280334473,51.97621154785156,1,0.022186053916811943,0.15294796228408813,-0.18795597553253174,0.023222781717777252,45.2159423828125,1,0.016351154074072838,-0.31912529468536377,0.14840346574783325,0.022746562957763672,33.3575325012207,1,0.006172398570924997,-0.2597859501838684,-0.1741810292005539,0.023149333894252777,29.69460105895996,1,0.0023997975513339043
31,0.62,stand,0.0,0.0,0.0,0.3072632849216461,-0.0208808071911335,0.00592860858887434,0.02048644609749317,0.0019598929211497307,-0.588899070321058,-2.0135824560020716,4,0,0,-0.020099986344575882,-0.003960436210036278,-0.01967167854309082,-0.003805730026215315,-0.0019598929211497307,0.0,0.08389876782894135,0.18159258365631104,0.16241054236888885,0.023426078259944916,51.57361602783203,1,0.02194890007376671,0.1532268524169922,-0.18799592554569244,0.023224174976348877,45.103858947753906,1,0.016149891540408134,-0.31886905431747437,0.14835099875926971,0.022749215364456177,33.22224426269531,1,0.006336909253150225,-0.25951462984085083,-0.17423103749752045,0.023151680827140808,29.628950119018555,1,0.002359258709475398
32,0.64,stand,0.0,0.0,0.0,0.30747920274734497,-0.021267900243401527,0.005839856807142496,0.019224759191274643,0.0021596401929855347,-0.6106606399861005,-2.0358285955722146,4,0,0,-0.018663296476006508,-0.004612238612025976,-0.018243130296468735,-0.004459346178919077,-0.0021596401929855347,0.0,0.08325687795877457,0.18184629082679749,0.16238988935947418,0.023426227271556854,51.23616027832031,1,0.021766571328043938,0.15348759293556213,-0.1880205124616623,0.023225538432598114,45.064456939697266,1,0.016018297523260117,-0.31863072514533997,0.14831194281578064,0.02275131642818451,33.14674758911133,1,0.006460459437221289,-0.25926119089126587,-0.17426763474941254,0.02315370738506317,29.580997467041016,1,0.002339745406061411
33,0.66,stand,0.0,0.0,0.0,0.30768337845802307,-0.021627632901072502,0.005740181542932987,0.018089503049850464,0.002426204737275839,-0.631742925993844,-2.0558760545598482,4,0,0,-0.01735309325158596,-0.005108844954520464,-0.01695980131626129,-0.004963580518960953,-0.002426204737275839,0.0,0.08264414221048355,0.18208444118499756,0.1623835414648056,0.023426271975040436,50.95783615112305,1,0.021626625210046768,0.15373380482196808,-0.18803080916404724,0.023226678371429443,45.09638595581055,1,0.01591472141444683,-0.31840717792510986,0.1482848972082138,0.022753462195396423,33.10305404663086,1,0.0065563456155359745,-0.259022057056427,-0.1742912232875824,0.023156121373176575,29.760250091552734,1,0.0014294395223259926
34,0.68,stand,0.0,0.0,0.0,0.30786916613578796,-0.021962428465485573,0.005632847547531128,0.017048435285687447,0.002609196351841092,-0.6512806287538125,-2.072475975563918,4,0,0,-0.01616004668176174,-0.005431578494608402,-0.015803206712007523,-0.005297353956848383,-0.002609196351841092,0.0,0.08206471055746078,0.18231511116027832,0.162392720580101,0.02342645823955536,50.68552017211914,1,0.021545449271798134,0.15397340059280396,-0.18802489340305328,0.023227930068969727,45.17625427246094,1,0.015890413895249367,-0.3181861937046051,0.14827074110507965,0.022755257785320282,33.071224212646484,1,0.0066511789336800575,-0.25878778100013733,-0.174299955368042,0.023157358169555664,29.52853775024414,1,0.0023294296115636826
35,0.7000000000000001,stand,0.0,0.0,0.0,0.30803123116493225,-0.022274425253272057,0.00552026042714715,0.016105707734823227,0.0033745865803211927,-0.6678220129022612,-2.0875613021195374,4,0,0,-0.015072370879352093,-0.0056760432198643684,-0.01475832611322403,-0.005555792711675167,-0.0033745865803211927,0.0,0.08154884725809097,0.18252941966056824,0.16242384910583496,0.02342645823955536,50.57672119140625,1,0.021452689543366432,0.15420275926589966,-0.18798720836639404,0.02322912961244583,45.30527877807617,1,0.01584072969853878,-0.31798407435417175,0.1482737809419632,0.022756993770599365,33.08693313598633,1,0.006743003148585558,-0.2585660517215729,-0.1742933988571167,0.023159362375736237,29.498308181762695,1,0.0023608452174812555
36,0.72,stand,0.0,0.0,0.0,0.30816951394081116,-0.02256586030125618,0.005405304953455925,0.015215126797556877,0.0035956758074462414,-0.6861748379237912,-2.101482508308493,4,0,0,-0.014088183641433716,-0.005746577866375446,-0.013815602287650108,-0.005640034098178148,-0.0035956758074462414,0.0,0.08111345767974854,0.1827286332845688,0.16244946420192719,0.023426689207553864,50.4366340637207,1,0.021423600614070892,0.1544172763824463,-0.18796448409557343,0.023230470716953278,45.450504302978516,1,0.01582990027964115,-0.31779608130455017,0.14826779067516327,0.022758670151233673,33.13020324707031,1,0.006801956333220005,-0.2583564519882202,-0.17429471015930176,0.02316085249185562,29.524717330932617,1,0.002354599069803953
37,0.74,stand,0.0,0.0,0.0,0.30828526616096497,-0.022838430479168892,0.005290457513183355,0.014319044537842274,0.003460953012108803,-0.7050152744190367,-2.113957421940698,4,0,0,-0.013165934011340141,-0.005629673600196838,-0.012934763915836811,-0.005537199322134256,-0.003460953012108803,0.0,0.0807526484131813,0.1829153448343277,0.16245654225349426,0.023426972329616547,50.113731384277344,1,0.023195557296276093,0.15462104976177216,-0.18794333934783936,0.02323160320520401,45.623268127441406,1,0.015421218238770962,-0.3176189064979553,0.14825865626335144,0.02276022732257843,33.183048248291016,1,0.006914244964718819,-0.25815674662590027,-0.1742987334728241,0.023162558674812317,29.502460479736328,1,0.002642963780090213
38,0.76,stand,0.0,0.0,0.0,0.30837979912757874,-0.023093434050679207,0.005177593324333429,0.013558278791606426,0.0040464443154633045,-0.7202718359515825,-2.1244133743429297,4,0,0,-0.01233886368572712,-0.005619552917778492,-0.012142905034124851,-0.0055396719835698605,-0.0040464443154633045,0.0,0.08043328672647476,0.18309487402439117,0.1625000238418579,0.023427166044712067,50.22694396972656,1,0.021370841190218925,0.15481851994991302,-0.18790479004383087,0.023232832551002502,45.72163772583008,1,0.015753647312521935,-0.3174477219581604,0.14826464653015137,0.022761553525924683,33.24409866333008,1,0.006947235204279423,-0.2579626142978668,-0.17428556084632874,0.023164182901382446,29.595609664916992,1,0.0024049298372119665
39,0.78,stand,0.0,0.0,0.0,0.30845770239830017,-0.023332661017775536,0.0050672320649027824,0.012810079380869865,0.004062537103891373,-0.733548389676765,-2.133124426855635,4,0,0,-0.01158637274056673,-0.005463889800012112,-0.011418734677135944,-0.005394654348492622,-0.004062537103891373,0.0,0.08015405386686325,0.1832672506570816,0.16254937648773193,0.023427382111549377,50.157569885253906,1,0.021337563171982765,0.15501008927822113,-0.18785777688026428,0.023233994841575623,45.862178802490234,1,0.015810245648026466,-0.3172798454761505,0.14827659726142883,0.02276303619146347,33.32920837402344,1,0.006969387177377939,-0.2577744126319885,-0.1742679476737976,0.023166701197624207,29.59210205078125,1,0.0023530463222414255
40,0.8,stand,0.0,0.0,0.0,0.30852118134498596,-0.023557323962450027,0.004960889928042889,0.012096581980586052,0.004882879089564085,-0.7462784215466407,-2.1408241844843547,4,0,0,-0.010896256193518639,-0.0052534653805196285,-0.01076684333384037,-0.005198497790843248,-0.004882879089564085,0.0,0.07991662621498108,0.18342995643615723,0.16259843111038208,0.023427635431289673,50.0844841003418,1,0.02175774984061718,0.15519285202026367,-0.18781441450119019,0.023232705891132355,46.42251205444336,1,0.0031354434322565794,-0.31712424755096436,0.14828701317310333,0.022764302790164948,33.34392166137695,1,0.007392773870378733,-0.25759387016296387,-0.17425239086151123,0.023168206214904785,29.624614715576172,1,0.002723134821280837
41,0.8200000000000001,stand,0.0,0.0,0.0,0.308572381734848,-0.023767124861478806,0.004857609048485756,0.011340035125613213,0.0042540403082966805,-0.753642539410678,-2.147849460932536,4,0,0,-0.010117185302078724,-0.005122397560626268,-0.009996882639825344,-0.005072012543678284,-0.0042540403082966805,0.0,0.07970584183931351,0.1835816353559494,0.1626719981431961,0.023427970707416534,50.01316833496094,1,0.021318821236491203,0.15536899864673615,-0.1877293884754181,0.023236460983753204,46.04000473022461,1,0.015815291553735733,-0.31697893142700195,0.14832060039043427,0.022765427827835083,33.49144744873047,1,0.007130305282771587,-0.25742360949516296,-0.1742132008075714,0.023169465363025665,29.62459373474121,1,0.0023883830290287733
42,0.84,stand,0.0,0.0,0.0,0.3086147904396057,-0.02396382950246334,0.004760637413710356,0.010642177425324917,0.004605295602232218,-0.7648160885625842,-2.153990441326612,4,0,0,-0.00953755248337984,-0.004721338395029306,-0.009430437348783016,-0.0046766274608671665,-0.004605295602232218,0.0,0.07953439652919769,0.1837243288755417,0.16272112727165222,0.023427970707416534,49.952117919921875,1,0.021266674622893333,0.1555343121290207,-0.18768219649791718,0.023237846791744232,46.23768997192383,1,0.015882374718785286,-0.3168419897556305,0.14832903444766998,0.022766761481761932,33.45103454589844,1,0.007186417002230883,-0.25726059079170227,-0.17419880628585815,0.02316994220018387,29.639774322509766,1,0.0025514326989650726
43,0.86,stand,0.0,0.0,0.0,0.3086511194705963,-0.02414916828274727,0.004671086557209492,0.009985160082578659,0.004700029268860817,-0.7763968877437524,-2.1596059240414203,4,0,0,-0.008976684883236885,-0.004372934345155954,-0.00888121034950018,-0.004333329852670431,-0.004700029268860817,0.0,0.07938916981220245,0.18385843932628632,0.16276225447654724,0.02342855930328369,49.90963363647461,1,0.021241705864667892,0.15569262206554413,-0.18764320015907288,0.023238934576511383,46.28218078613281,1,0.015862517058849335,-0.31671327352523804,0.14832766354084015,0.02276766300201416,33.49515914916992,1,0.00723554752767086,-0.2571047842502594,-0.1741935908794403,0.02317141741514206,29.856157302856445,1,0.0011470497120171785
44,0.88,stand,0.0,0.0,0.0,0.3086824119091034,-0.024323435500264168,0.0045891208574175835,0.009331295266747475,0.004641310311853886,-0.7855886148192971,-2.163922176710045,4,0,0,-0.00843632873147726,-0.0039876592345535755,-0.00834943912923336,-0.0039521013386547565,-0.004641310311853886,0.0,0.07925013452768326,0.18398770689964294,0.16280826926231384,0.023428693413734436,49.80960464477539,1,0.021221604198217392,0.15584702789783478,-0.18759915232658386,0.02323979139328003,46.324947357177734,1,0.01591031812131405,-0.3165886700153351,0.148330956697464,0.022768788039684296,33.54827117919922,1,0.007289784494787455,-0.256952166557312,-0.17418254911899567,0.02317226678133011,29.67170524597168,1,0.0026196367107331753
45,0.9,stand,0.0,0.0,0.0,0.30870968103408813,-0.024487199261784554,0.004514461383223534,0.008719254285097122,0.00453703198581934,-0.7943928353811492,-2.1677833680252183,4,0,0,-0.00792467501014471,-0.003636609297245741,-0.007843623869121075,-0.00360400159843266,-0.00453703198581934,0.0,0.07912714034318924,0.18411004543304443,0.1628490537405014,0.023429013788700104,49.82042694091797,1,0.0212105605751276,0.1559934765100479,-0.18756017088890076,0.02324102073907852,46.38232421875,1,0.015871983021497726,-0.3164707124233246,0.14833015203475952,0.022769778966903687,33.59077453613281,1,0.007343953009694815,-0.25680744647979736,-0.1741776168346405,0.023173391819000244,29.655139923095703,1,0.0026587543543428183
46,0.92,stand,0.0,0.0,0.0,0.30873483419418335,-0.024641109630465508,0.004446667153388262,0.008131716400384903,0.0045045469887554646,-0.8025730541292974,-2.1714259932869506,4,0,0,-0.007432795595377684,-0.003298234660178423,-0.007354832720011473,-0.003267476800829172,-0.0045045469887554646,0.0,0.0790163055062294,0.1842239797115326,0.16288621723651886,0.02342917025089264,49.78328323364258,1,0.021194497123360634,0.15613165497779846,-0.1875249296426773,0.023242026567459106,46.42198944091797,1,0.015916546806693077,-0.3163611590862274,0.14832596480846405,0.022770702838897705,34.20754623413086,1,0.0012173709692433476,-0.2566710114479065,-0.17417530715465546,0.023174606263637543,29.663774490356445,1,0.002405002247542143
47,0.9400000000000001,stand,0.0,0.0,0.0,0.3087596297264099,-0.024785177782177925,0.004383676219731569,0.007636594586074352,0.004382673185318708,-0.8072203575292564,-2.1735732340072733,4,0,0,-0.006955714896321297,-0.0031520796474069357,-0.006879488006234169,-0.003122617257758975,-0.004382673185318708,0.0,0.0788862481713295,0.18433745205402374,0.16293573379516602,0.02342946082353592,49.759864807128906,1,0.021105488762259483,0.1562698483467102,-0.18746523559093475,0.023242197930812836,45.794822692871094,1,0.01701141893863678,-0.3162473440170288,0.14833791553974152,0.02277132123708725,33.675045013427734,1,0.007416252512484789,-0.2565373480319977,-0.17415861785411835,0.023176386952400208,29.689048767089844,1,0.002468742895871401
48,0.96,stand,0.0,0.0,0.0,0.3087819814682007,-0.024919932708144188,0.004326389636844397,0.00706865731626749,0.004082593135535717,-0.8132823105002013,-2.1756893119895078,4,0,0,-0.006506950594484806,-0.0027614329010248184,-0.006435303948819637,-0.002734209643676877,-0.004082593135535717,0.0,0.07877660542726517,0.18444181978702545,0.1629728227853775,0.023429669439792633,49.712135314941406,1,0.021217044442892075,0.15639637410640717,-0.1874316930770874,0.023243717849254608,46.46649932861328,1,0.015927059575915337,-0.3161464035511017,0.1483372449874878,0.022772304713726044,33.68729782104492,1,0.007510402239859104,-0.256411612033844,-0.17415446043014526,0.023176319897174835,29.640113830566406,1,0.0027580191381275654
49,0.98,stand,0.0,0.0,0.0,0.30880358815193176,-0.025046370923519135,0.004276007879525423,0.006570272147655487,0.004025283269584179,-0.8209425277369293,-2.1782760326942388,4,0,0,-0.006106481421738863,-0.0024247397668659687,-0.006034709978848696,-0.0023978480603545904,-0.004025283269584179,0.0,0.07868655025959015,0.18453627824783325,0.16299499571323395,0.02342977374792099,49.66791915893555,1,0.021160181611776352,0.15651308000087738,-0.18741120398044586,0.02324448525905609,46.525909423828125,1,0.015866419300436974,-0.3160551190376282,0.14832304418087006,0.0227731391787529,33.7236213684082,1,0.007561766542494297,-0.2562964856624603,-0.17416365444660187,0.023177191615104675,29.654830932617188,1,0.0027969530783593655
50,1.0,stand,0.0,0.0,0.0,0.3088252544403076,-0.025165008381009102,0.0042320978827774525,0.006099207792431116,0.003909004386514425,-0.8274003648754705,-2.1809312687340814,4,0,0,-0.005721514578908682,-0.002112961607053876,-0.00564949493855238,-0.002086298307403922,-0.003909004386514425,0.0,0.07860035449266434,0.1846236288547516,0.16301698982715607,0.023430094122886658,49.62815475463867,1,0.021139925345778465,0.15662223100662231,-0.1873909831047058,0.023245036602020264,46.53144836425781,1,0.015849415212869644,-0.31597086787223816,0.14830945432186127,0.022773660719394684,33.76713943481445,1,0.007598527707159519,-0.25618886947631836,-0.17417240142822266,0.02317776530981064,29.650569915771484,1,0.0028163818642497063
51,1.02,stand,0.0,0.0,0.0,0.3088460862636566,-0.02527584135532379,0.004195213783532381,0.005618145689368248,0.0034165659453719854,-0.8351911561192221,-2.1833128703203,4,0,0,-0.0053374492563307285,-0.0017536230152472854,-0.005270099267363548,-0.001728894654661417,-0.0034165659453719854,0.0,0.07853052020072937,0.18470452725887299,0.16301050782203674,0.023430168628692627,49.59424591064453,1,0.021138189360499382,0.15672414004802704,-0.18738512694835663,0.023245640099048615,46.54235076904297,1,0.015817778185009956,-0.3158913850784302,0.14828477799892426,0.022774413228034973,33.794708251953125,1,0.007632644847035408,-0.2560884654521942,-0.17419207096099854,0.02317921072244644,29.842571258544922,1,0.0010307776974514127
52,1.04,stand,0.0,0.0,0.0,0.30886611342430115,-0.025379478931427002,0.004164266865700483,0.005203867331147194,0.003535238327458501,-0.8384734889022364,-2.184632377490582,4,0,0,-0.004989250563085079,-0.001479059224948287,-0.004923391155898571,-0.0014551229542121291,-0.003535238327458501,0.0,0.07844138145446777,0.18478532135486603,0.1630348116159439,0.0234304741024971,49.532474517822266,1,0.02113555744290352,0.15682464838027954,-0.18736228346824646,0.023246288299560547,46.52571487426758,1,0.015855640172958374,-0.31581321358680725,0.1482774168252945,0.0227750763297081,33.8241081237793,1,0.0076751806773245335,-0.2559889853000641,-0.17419356107711792,0.02317935973405838,29.633689880371094,1,0.0028809888754040003
53,1.06,stand,0.0,0.0,0.0,0.30888500809669495,-0.025476427748799324,0.00413842499256134,0.004827987868338823,0.0034887774381786585,-0.8416396551085076,-2.1859892372578873,4,0,0,-0.004665259271860123,-0.0012429091148078442,-0.004600532818585634,-0.0012195836752653122,-0.0034887774381786585,0.0,0.078360915184021,0.18485988676548004,0.163054957985878,0.023430779576301575,49.57412338256836,1,0.021153848618268967,0.1569189727306366,-0.1873439997434616,0.023246996104717255,46.5345344543457,1,0.015814021229743958,-0.3157409429550171,0.1482662409543991,0.0227755606174469,33.849517822265625,1,0.0077085066586732864,-0.25589609146118164,-0.17420105636119843,0.02317976951599121,29.598934173583984,1,0.0029086864087730646
54,1.08,stand,0.0,0.0,0.0,0.3089035153388977,-0.02556724101305008,0.004116869531571865,0.004489128012210131,0.003405763767659664,-0.8449757222703828,-2.1875951854864866,4,0,0,-0.004367407411336899,-0.0010382785694673657,-0.0043032667599618435,-0.001015305402688682,-0.003405763767659664,0.0,0.07829021662473679,0.18492715060710907,0.16307005286216736,0.02343066781759262,49.559104919433594,1,0.021148480474948883,0.15700601041316986,-0.18733060359954834,0.02324729412794113,46.535804748535156,1,0.015799643471837044,-0.3156754672527313,0.14825037121772766,0.022776156663894653,33.88078689575195,1,0.007745841518044472,-0.2558101415634155,-0.17421281337738037,0.023180551826953888,29.595050811767578,1,0.0029264020267874002
55,1.1,stand,0.0,0.0,0.0,0.3089219629764557,-0.02565230056643486,0.004099127370864153,0.004175120033323765,0.0032932364847511053,-0.8479556591000653,-2.1891486266358413,4,0,0,-0.004086632281541824,-0.0008550224010832608,-0.00402343925088644,-0.0008325027301907539,-0.0032932364847511053,0.0,0.07822222262620926,0.1849898397922516,0.1630830466747284,0.02343110740184784,49.5360221862793,1,0.021151522174477577,0.15708783268928528,-0.18731941282749176,0.023247770965099335,46.53424072265625,1,0.015782369300723076,-0.3156149089336395,0.14823327958583832,0.022776395082473755,33.90779113769531,1,0.0077752540819346905,-0.2557293176651001,-0.17422601580619812,0.023180946707725525,29.587871551513672,1,0.0029382670763880014
56,1.12,stand,0.0,0.0,0.0,0.30893978476524353,-0.02573195844888687,0.0040848213247954845,0.0038835916202515364,0.003165567759424448,-0.8505247707233421,-2.1905966267398838,4,0,0,-0.0038219010457396507,-0.0006894603138789535,-0.0037602600641548634,-0.0006675972836092114,-0.003165567759424448,0.0,0.07815972715616226,0.1850481480360031,0.1630944311618805,0.023431308567523956,49.51571273803711,1,0.02113906852900982,0.15716491639614105,-0.18730944395065308,0.023248396813869476,46.5315055847168,1,0.01575702242553234,-0.31555846333503723,0.14821594953536987,0.022777065634727478,33.929325103759766,1,0.00782326702028513,-0.25565364956855774,-0.17423976957798004,0.023182570934295654,29.608253479003906,1,0.002810196951031685
57,1.1400000000000001,stand,0.0,0.0,0.0,0.3089567720890045,-0.02580651268362999,0.004073633346706629,0.0036138936411589384,0.0030550553929060698,-0.8526926620937336,-2.191841855602942,4,0,0,-0.00357351778075099,-0.0005387002602219582,-0.0035142251290380955,-0.0005177775747142732,-0.0030550553929060698,0.0,0.07809852808713913,0.1851029396057129,0.1631045937538147,0.023431338369846344,49.496925354003906,1,0.021134324371814728,0.1572379171848297,-0.18730099499225616,0.023248672485351562,46.529510498046875,1,0.01574042998254299,-0.3155050277709961,0.14819836616516113,0.022777415812015533,33.95026779174805,1,0.007844251580536366,-0.2555817663669586,-0.1742539405822754,0.023182816803455353,29.59757423400879,1,0.002818049630150199
58,1.16,stand,0.0,0.0,0.0,0.30897262692451477,-0.025876285508275032,0.004065230488777161,0.00336614903062582,0.0029525610152632,-0.8544838258427165,-2.1928947719521816,4,0,0,-0.0033417113590985537,-0.00040487642399966717,-0.0032849733252078295,-0.0003849547647405416,-0.0029525610152632,0.0,0.07804180681705475,0.18515466153621674,0.16311368346214294,0.023431338369846344,49.48530960083008,1,0.021139396354556084,0.15730684995651245,-0.1872934103012085,0.023248933255672455,46.529441833496094,1,0.01572691835463047,-0.31545501947402954,0.14818067848682404,0.02277795970439911,33.97117233276367,1,0.00785890594124794,-0.2555135488510132,-0.17426830530166626,0.023183412849903107,29.584758758544922,1,0.002832571044564247
59,1.18,stand,0.0,0.0,0.0,0.30898723006248474,-0.025941569358110428,0.004059279803186655,0.003138404106721282,0.0028535632882267237,-0.8559721667515446,-2.1938401128219938,4,0,0,-0.003125193063169718,-0.00028766089235432446,-0.003070993348956108,-0.00026871866430155933,-0.0028535632882267237,0.0,0.07798885554075241,0.18520262837409973,0.16312159597873688,0.02343153953552246,49.47635269165039,1,0.021143926307559013,0.1573721319437027,-0.1872870773077011,0.023249372839927673,46.53087615966797,1,0.015720309689641,-0.3154081404209137,0.1481630504131317,0.022778354585170746,33.99174880981445,1,0.007880841381847858,-0.2554493546485901,-0.1742829829454422,0.02318272739648819,29.54619789123535,1,0.0029818755574524403
60,1.2,stand,0.0,0.0,0.0,0.3090008497238159,-0.026002684608101845,0.004055069759488106,0.002933293115347624,0.003062604460865259,-0.8554453884118074,-2.1947530102932484,4,0,0,-0.002923650899901986,-0.00023764294746797532,-0.002872599521651864,-0.0002199676091549918,-0.003062604460865259,0.0,0.07793615758419037,0.1852470189332962,0.163138285279274,0.023431673645973206,49.47810745239258,1,0.021121324971318245,0.1574353277683258,-0.18726210296154022,0.023249879479408264,46.629234313964844,1,0.015681803226470947,-0.31536510586738586,0.1481534242630005,0.022778742015361786,34.02163314819336,1,0.007917799055576324,-0.2553888261318207,-0.17428934574127197,0.02318313717842102,29.523929595947266,1,0.0030240723863244057
61,1.22,stand,0.0,0.0,0.0,0.3090132772922516,-0.026060013100504875,0.004052665550261736,0.0027393081691116095,0.002758798887953162,-0.8566548655034285,-2.195684904228132,4,0,0,-0.0027370648458600044,-0.0001108409560401924,-0.002686780644580722,-9.342561679659411e-05,-0.002758798887953162,0.0,0.07789462804794312,0.18528799712657928,0.16314420104026794,0.02343180775642395,49.47249984741211,1,0.021133102476596832,0.15749363601207733,-0.1872575283050537,0.02325015515089035,46.54670715332031,1,0.015727773308753967,-0.31532517075538635,0.14813390374183655,0.022779010236263275,34.0340576171875,1,0.007933332584798336,-0.2553320825099945,-0.17430591583251953,0.023183397948741913,29.52154541015625,1,0.00301535171456635
62,1.24,stand,0.0,0.0,0.0,0.30902576446533203,-0.02611371874809265,0.00405177753418684,0.002563842572271824,0.002408506814390421,-0.8586688641740832,-2.1962612014393517,4,0,0,-0.0025633913464844227,-4.8107027396326885e-05,-0.0025130969006568193,-3.0617480661021546e-05,-0.002408506814390421,0.0,0.07785484939813614,0.1853279173374176,0.16314367949962616,0.02343200147151947,49.45341491699219,1,0.021140508353710175,0.15754857659339905,-0.18725937604904175,0.023250199854373932,46.545188903808594,1,0.015672696754336357,-0.31528276205062866,0.14811034500598907,0.022779539227485657,34.0882682800293,1,0.007917685434222221,-0.2552773058414459,-0.17432616651058197,0.023184798657894135,29.52508544921875,1,0.0028726919554173946
63,1.26,stand,0.0,0.0,0.0,0.30903753638267517,-0.02616390958428383,0.004052100237458944,0.0023880559019744396,0.002401200123131275,-0.8597737539940385,-2.1968684479452483,4,0,0,-0.0023880074732005596,1.5217152395052835e-05,-0.00234041060321033,3.17293633997906e-05,-0.002401200123131275,0.0,0.07781541347503662,0.1853649765253067,0.1631460189819336,0.02343202382326126,49.445533752441406,1,0.02114114910364151,0.15760020911693573,-0.18725831806659698,0.023250728845596313,46.53984451293945,1,0.01566483825445175,-0.3152465522289276,0.14809146523475647,0.022779494524002075,34.05242156982422,1,0.007975627668201923,-0.25522688031196594,-0.17434246838092804,0.023185059428215027,29.535600662231445,1,0.0028740507550537586
64,1.28,stand,0.0,0.0,0.0,0.3090480864048004,-0.026210889220237732,0.004053717479109764,0.0022332859225571156,0.0023412702139467,-0.8604056532139704,-2.1977164586193876,4,0,0,-0.0022319636773318052,7.684078445890918e-05,-0.0021868725307285786,9.243848035112023e-05,-0.0023412702139467,0.0,0.07778316736221313,0.18539787828922272,0.16314944624900818,0.023432135581970215,49.43769454956055,1,0.021142711862921715,0.1576470583677292,-0.1872560977935791,0.023250803351402283,46.53649139404297,1,0.015660837292671204,-0.31521445512771606,0.1480739414691925,0.02278006076812744,34.07562255859375,1,0.00798836350440979,-0.2551806569099426,-0.1743573695421219,0.02318529784679413,29.533710479736328,1,0.0028702933341264725
65,1.3,stand,0.0,0.0,0.0,0.3090573847293854,-0.026254914700984955,0.00405644066631794,0.002092577749863267,0.002274448284879327,-0.8608809916915211,-2.1985495282547176,4,0,0,-0.0020885588601231575,0.00012962934852112085,-0.002045808359980583,0.0001443769142497331,-0.002274448284879327,0.0,0.07775501906871796,0.18542838096618652,0.16315241158008575,0.023432299494743347,49.431182861328125,1,0.021150879561901093,0.15769121050834656,-0.1872543841600418,0.02325104922056198,46.53422927856445,1,0.015645654872059822,-0.3151845932006836,0.14805665612220764,0.022780142724514008,34.093929290771484,1,0.007995427586138248,-0.2551370859146118,-0.17437240481376648,0.023185521364212036,29.528770446777344,1,0.0028727161698043346
66,1.32,stand,0.0,0.0,0.0,0.30906566977500916,-0.026296166703104973,0.004060050472617149,0.001962816808372736,0.002204223070293665,-0.861176930981653,-2.199320912744106,4,0,0,-0.0019553019665181637,0.00017159311391878873,-0.0019147044513374567,0.00018556363647803664,-0.002204223070293665,0.0,0.07773096859455109,0.18545663356781006,0.16315513849258423,0.023432381451129913,49.42851638793945,1,0.021147608757019043,0.15773305296897888,-0.18725278973579407,0.02325141429901123,46.53398513793945,1,0.015627237036824226,-0.31515684723854065,0.14803975820541382,0.022780515253543854,34.10963821411133,1,0.008013304322957993,-0.2550962567329407,-0.1743869036436081,0.0231858491897583,29.522478103637695,1,0.002880208194255829
67,1.34,stand,0.0,0.0,0.0,0.3090728223323822,-0.02633490040898323,0.004064381588250399,0.0018427993636578321,0.002132406923919916,-0.8613215388929869,-2.1999825873199508,4,0,0,-0.0018314174376428127,0.00020449829753488302,-0.001792669645510614,0.00021781015675514936,-0.002132406923919916,0.0,0.07770933210849762,0.18548324704170227,0.16315774619579315,0.023432374000549316,49.426795959472656,1,0.021151011809706688,0.15777266025543213,-0.18725143373012543,0.02325151115655899,46.534427642822266,1,0.01562572829425335,-0.31513074040412903,0.14802341163158417,0.02278061956167221,34.123268127441406,1,0.008021666668355465,-0.2550572156906128,-0.17440104484558105,0.023186035454273224,29.515844345092773,1,0.002884563524276018
68,1.36,stand,0.0,0.0,0.0,0.30907943844795227,-0.02637120522558689,0.004069230984896421,0.0017317734891548753,0.0020583022851496935,-0.8613421361822027,-2.200579375098681,4,0,0,-0.0017165553290396929,0.00022907822858542204,-0.0016793699469417334,0.00024184244102798402,-0.0020583022851496935,0.0,0.07768992334604263,0.18550819158554077,0.16316024959087372,0.023432448506355286,49.42560958862305,1,0.021149661391973495,0.1578100472688675,-0.18724997341632843,0.02325168251991272,46.53449630737305,1,0.015614702366292477,-0.31510642170906067,0.14800766110420227,0.022780895233154297,34.1357307434082,1,0.008039749227464199,-0.2550203502178192,-0.17441454529762268,0.023186318576335907,29.510107040405273,1,0.002887367969378829
69,1.3800000000000001,stand,0.0,0.0,0.0,0.30908524990081787,-0.026405319571495056,0.004074473865330219,0.0016285366145893931,0.0019838809967041016,-0.861267751153273,-2.2011033786740675,4,0,0,-0.0016097599873319268,0.0002465849684085697,-0.0015738804358989,0.000258901622146368,-0.0019838809967041016,0.0,0.0776727944612503,0.18553192913532257,0.16316266357898712,0.023432649672031403,49.426063537597656,1,0.021157680079340935,0.1578453779220581,-0.18724887073040009,0.023251861333847046,46.53425979614258,1,0.015609413385391235,-0.3150835931301117,0.1479925662279129,0.022781245410442352,34.14763641357422,1,0.008055132813751698,-0.2549857199192047,-0.17442776262760162,0.023186631500720978,29.5047550201416,1,0.0028891011606901884
70,1.4000000000000001,stand,0.0,0.0,0.0,0.30909040570259094,-0.026437385007739067,0.004079948179423809,0.0015325648710131645,0.0019103337544947863,-0.8611191945388252,-2.2016333586649783,4,0,0,-0.0015107165090739727,0.0002578577259555459,-0.0014758799225091934,0.0002698271709959954,-0.0019103337544947863,0.0,0.07765769958496094,0.1855533868074417,0.16316473484039307,0.023432552814483643,49.42323303222656,1,0.021152541041374207,0.1578788310289383,-0.18724767863750458,0.02325204759836197,46.5339469909668,1,0.015598890371620655,-0.3150620460510254,0.1479780226945877,0.022781379520893097,34.15923309326172,1,0.008064188063144684,-0.2549525797367096,-0.17444021999835968,0.023186668753623962,29.500732421875,1,0.0028847858775407076
71,1.42,stand,0.0,0.0,0.0,0.3090953230857849,-0.026467561721801758,0.004085570573806763,0.0014425740810111165,0.001839980250224471,-0.860922026187394,-2.202169955401647,4,0,0,-0.0014181139413267374,0.00026452404563315213,-0.0013841489562764764,0.00027621208573691547,-0.001839980250224471,0.0,0.0776442140340805,0.18557363748550415,0.163166806101799,0.02343270182609558,49.42098617553711,1,0.02116425521671772,0.15791013836860657,-0.18724659085273743,0.023252278566360474,46.534542083740234,1,0.015586519613862038,-0.3150421380996704,0.14796385169029236,0.022781655192375183,34.169979095458984,1,0.008074689656496048,-0.2549218535423279,-0.17445248365402222,0.023186810314655304,29.496458053588867,1,0.0028943968936800957
72,1.44,stand,0.0,0.0,0.0,0.3090997636318207,-0.02649601176381111,0.004091243725270033,0.0013597760116681457,0.0017835426842793822,-0.8606772065943313,-2.2027127419972516,4,0,0,-0.0013332328526303172,0.000267359078861773,-0.001299911760725081,0.0002788508718367666,-0.0017835426842793822,0.0,0.07763118296861649,0.1855924129486084,0.16316890716552734,0.02343279868364334,49.41960906982422,1,0.02116355113685131,0.15793953835964203,-0.18724548816680908,0.023252233862876892,46.53345489501953,1,0.01556865219026804,-0.3150235414505005,0.14795032143592834,0.02278164029121399,34.180301666259766,1,0.008083971217274666,-0.2548927068710327,-0.1744641810655594,0.023185819387435913,29.4639949798584,1,0.003051002277061343
73,1.46,stand,0.0,0.0,0.0,0.3091043531894684,-0.02652278169989586,0.004096889868378639,0.0012835056986659765,0.0017598397098481655,-0.860060141691503,-2.2031646016995303,4,0,0,-0.0012562491465359926,0.00026310636894777417,-0.0012227100087329745,0.0002747264807112515,-0.0017598397098481655,0.0,0.07761853188276291,0.18561001121997833,0.16317278146743774,0.023432962596416473,49.42369842529297,1,0.02114945650100708,0.15796776115894318,-0.1872428059577942,0.023252397775650024,46.532142639160156,1,0.015562254935503006,-0.31500622630119324,0.14793884754180908,0.022781722247600555,34.18769073486328,1,0.008099817670881748,-0.2548651099205017,-0.17447148263454437,0.023185931146144867,29.476715087890625,1,0.0030461843125522137
74,1.48,stand,0.0,0.0,0.0,0.309108704328537,-0.026548059657216072,0.004102454520761967,0.0012076360872015357,0.0016619659727439284,-0.8598536351908159,-2.2037280923060565,4,0,0,-0.0011788023402914405,0.0002623164327815175,-0.0011457186192274094,0.000273816374829039,-0.0016619659727439284,0.0,0.0776083767414093,0.18562600016593933,0.1631743311882019,0.023432910442352295,49.41975784301758,1,0.021159633994102478,0.1579938381910324,-0.18724209070205688,0.02325260639190674,46.532127380371094,1,0.0155514907091856,-0.31499049067497253,0.1479257196187973,0.02278183400630951,34.19650650024414,1,0.008099363185465336,-0.25483936071395874,-0.1744827777147293,0.02318623661994934,29.44961166381836,1,0.0030560961458832026
75,1.5,stand,0.0,0.0,0.0,0.3091127872467041,-0.02657187730073929,0.004107815213501453,0.001136736129410565,0.0015915775438770652,-0.8598342652012166,-2.20433491192513,4,0,0,-0.0011085900478065014,0.0002513901563361287,-0.0010758790886029601,0.00026279647136107087,-0.0015915775438770652,0.0,0.07760044932365417,0.1856405884027481,0.16317476332187653,0.02343302220106125,49.41270065307617,1,0.02114979177713394,0.1580180525779724,-0.18724243342876434,0.023252591490745544,46.53154754638672,1,0.015546295791864395,-0.31497636437416077,0.1479123830795288,0.02278216928243637,34.20537185668945,1,0.008111939765512943,-0.25481581687927246,-0.17449449002742767,0.023186378180980682,29.448976516723633,1,0.0030541601590812206
76,1.52,stand,0.0,0.0,0.0,0.30911678075790405,-0.026594338938593864,0.004112907685339451,0.001070125144906342,0.0015277521451935172,-0.8597189523981197,-2.204942371874438,4,0,0,-0.001043037511408329,0.0002392499300185591,-0.0010107331909239292,0.0002505463780835271,-0.0015277521451935172,0.0,0.07759232819080353,0.18565425276756287,0.1631760448217392,0.02343311905860901,49.408878326416016,1,0.021159235388040543,0.15804101526737213,-0.1872420459985733,0.02325272560119629,46.530330657958984,1,0.01552563812583685,-0.31496289372444153,0.14790017902851105,0.022782281041145325,34.2134895324707,1,0.008113271556794643,-0.25479352474212646,-0.17450526356697083,0.023186437785625458,29.447477340698242,1,0.003053610445931554
77,1.54,stand,0.0,0.0,0.0,0.3091205656528473,-0.02661554515361786,0.004117732867598534,0.0010079439962282777,0.0014689656672999263,-0.8595546009712163,-2.2055532469183308,4,0,0,-0.0009822167921811342,0.00022627729049418122,-0.0009503735927864909,0.00023743945348542184,-0.0014689656672999263,0.0,0.07758508622646332,0.1856670081615448,0.1631772667169571,0.023433230817317963,49.40557861328125,1,0.021155260503292084,0.15806223452091217,-0.1872415989637375,0.0232529416680336,46.529212951660156,1,0.015523715876042843,-0.31495049595832825,0.14788870513439178,0.022782444953918457,34.220367431640625,1,0.008121143095195293,-0.25477227568626404,-0.17451521754264832,0.023186616599559784,29.444732666015625,1,0.003058787202462554
78,1.56,stand,0.0,0.0,0.0,0.3091241121292114,-0.02663557603955269,0.004122260492295027,0.0009498535073362291,0.0014161895960569382,-0.8593738144016225,-2.2061096938922753,4,0,0,-0.0009257756755687296,0.00021251120779197663,-0.0008944637374952435,0.00022350958897732198,-0.0014161895960569382,0.0,0.0775778740644455,0.18567875027656555,0.1631786972284317,0.023433074355125427,49.40147018432617,1,0.021145829930901527,0.15808258950710297,-0.18724094331264496,0.02325303852558136,46.52980422973633,1,0.015514510683715343,-0.3149389922618866,0.14787793159484863,0.02278255671262741,34.22553634643555,1,0.008135481737554073,-0.25475257635116577,-0.1745244711637497,0.023186691105365753,29.441781997680664,1,0.003054945496842265
79,1.58,stand,0.0,0.0,0.0,0.3091273009777069,-0.026654548943042755,0.004126486834138632,0.0008955879020504653,0.0013664417201653123,-0.8591852371475067,-2.2066507729405873,4,0,0,-0.0008733320282772183,0.00019841582980006933,-0.0008425443083979189,0.00020925089484080672,-0.0013664417201653123,0.0,0.07757176458835602,0.18568989634513855,0.163180410861969,0.02343323826789856,49.398380279541016,1,0.021151868626475334,0.1581019014120102,-0.18724006414413452,0.023253202438354492,46.52852249145508,1,0.015507051721215248,-0.3149278461933136,0.14786779880523682,0.02278270572423935,34.23003387451172,1,0.008150561712682247,-0.25473347306251526,-0.17453324794769287,0.02318672090768814,29.439842224121094,1,0.0030560807790607214
80,1.6,stand,0.0,0.0,0.0,0.30913034081459045,-0.026672488078475,0.004130410961806774,0.00084445666288957,0.001319158705882728,-0.8589905233953085,-2.2071549262786987,4,0,0,-0.0008242370095103979,0.00018368569726590067,-0.0007939826464280486,0.00019435198919381946,-0.001319158705882728,0.0,0.07756562530994415,0.1857004314661026,0.1631821095943451,0.023433171212673187,49.39560317993164,1,0.02115352265536785,0.15812022984027863,-0.18723896145820618,0.023253075778484344,46.52886962890625,1,0.015497899614274502,-0.31491759419441223,0.14785829186439514,0.022782742977142334,34.236328125,1,0.008147702552378178,-0.25471559166908264,-0.17454147338867188,0.023186787962913513,29.43826675415039,1,0.0030503617599606514
81,1.62,stand,0.0,0.0,0.0,0.3091331422328949,-0.02668948657810688,0.004134002607315779,0.0007965936092659831,0.0012725511332973838,-0.8588196619443523,-2.2075393378629236,4,0,0,-0.000778436369728297,0.0001691099751042202,-0.0007486707181669772,0.00017962406855076551,-0.0012725511332973838,0.0,0.07755950093269348,0.18571056425571442,0.16318388283252716,0.023433081805706024,49.39307403564453,1,0.021141650155186653,0.15813793241977692,-0.18723784387111664,0.023253068327903748,46.529884338378906,1,0.015490274876356125,-0.3149072825908661,0.1478492170572281,0.0227830708026886,34.24138259887695,1,0.008144650608301163,-0.2546981871128082,-0.1745491474866867,0.023186996579170227,29.436176300048828,1,0.003052731975913048
82,1.6400000000000001,stand,0.0,0.0,0.0,0.30913570523262024,-0.026705605909228325,0.004137301351875067,0.0007516478071920574,0.0012272472959011793,-0.8586513084534821,-2.207929725862672,4,0,0,-0.0007354695117101073,0.00015510981029365212,-0.0007061435026116669,0.00016548942949157208,-0.0012272472959011793,0.0,0.07755400985479355,0.18572047352790833,0.1631857007741928,0.023433290421962738,49.389793395996094,1,0.021151535212993622,0.1581547111272812,-0.1872367560863495,0.02325335144996643,46.53040313720703,1,0.01548837497830391,-0.31489771604537964,0.1478406935930252,0.02278321236371994,34.246376037597656,1,0.008147559128701687,-0.2546815574169159,-0.17455650866031647,0.023187018930912018,29.434642791748047,1,0.003055837005376816
83,1.6600000000000001,stand,0.0,0.0,0.0,0.30913811922073364,-0.02672090381383896,0.004140298813581467,0.0007095066248439252,0.0011833964381366968,-0.8584861566137854,-2.2083265171647675,4,0,0,-0.0006952132098376751,0.00014169792120810598,-0.0006662929663434625,0.00015195478044915944,-0.0011833964381366968,0.0,0.07754898816347122,0.18572954833507538,0.163187637925148,0.02343343198299408,49.387001037597656,1,0.02114707976579666,0.15817052125930786,-0.18723532557487488,0.023253411054611206,46.53158187866211,1,0.015489364974200726,-0.31488895416259766,0.1478327065706253,0.022783011198043823,34.25033950805664,1,0.008161287754774094,-0.2546660304069519,-0.17456328868865967,0.023187078535556793,29.432960510253906,1,0.0030550009105354548
84,1.68,stand,0.0,0.0,0.0,0.30914026498794556,-0.02673538774251938,0.004143028985708952,0.0006702945102006197,0.0011414350010454655,-0.8583320504706369,-2.2087297117692097,4,0,0,-0.0006577300373464823,0.0001291739899897948,-0.0006291437894105911,0.00013933439913671464,-0.0011414350010454655,0.0,0.0775449350476265,0.1857377141714096,0.16318975389003754,0.023433484137058258,49.38325119018555,1,0.0211477093398571,0.15818583965301514,-0.18723401427268982,0.02325371652841568,46.53355026245117,1,0.015479478985071182,-0.31488069891929626,0.14782509207725525,0.022783227264881134,34.25567626953125,1,0.008160837925970554,-0.25465133786201477,-0.17456986010074615,0.023187197744846344,29.431856155395508,1,0.0030524148605763912
85,1.7,stand,0.0,0.0,0.0,0.30914223194122314,-0.026749202981591225,0.0041454853489995,0.0006329336320050061,0.0010982060339301825,-0.8581975811213522,-2.2091401634496455,4,0,0,-0.0006219387287274003,0.00011746150266844779,-0.0005936617380939424,0.00012753502232953906,-0.0010982060339301825,0.0,0.07754222303628922,0.185745507478714,0.1631917655467987,0.023433461785316467,49.38050079345703,1,0.021143313497304916,0.15819981694221497,-0.18723249435424805,0.023253701627254486,46.533111572265625,1,0.015472060069441795,-0.3148730397224426,0.14781789481639862,0.02278316766023636,34.260196685791016,1,0.00816324446350336,-0.2546372413635254,-0.17457613348960876,0.02318824827671051,29.445314407348633,1,0.0029048649594187737
86,1.72,stand,0.0,0.0,0.0,0.30914413928985596,-0.02676232159137726,0.004147740546613932,0.0005990710924379528,0.0010658594546839595,-0.8580239449060458,-2.209485728332966,4,0,0,-0.0005892575136385858,0.00010798963921843097,-0.0005615275003947318,0.00011788198025897145,-0.0010658594546839595,0.0,0.07753850519657135,0.18575315177440643,0.16319401562213898,0.023433439433574677,49.37396240234375,1,0.021135447546839714,0.15821366012096405,-0.18723078072071075,0.0232536643743515,46.53494644165039,1,0.015473023056983948,-0.31486544013023376,0.14781109988689423,0.022783346474170685,34.26250076293945,1,0.008172671310603619,-0.2546238601207733,-0.1745816171169281,0.023188486695289612,29.4620361328125,1,0.002886440372094512
87,1.74,stand,0.0,0.0,0.0,0.3091457188129425,-0.026774834841489792,0.004149829037487507,0.0005679132882505655,0.0010413608979433775,-0.8578253358115866,-2.20980994887513,4,0,0,-0.0005587915075011551,0.00010137818026123568,-0.0005315520684234798,0.00011111080675618723,-0.0010413608979433775,0.0,0.07753442227840424,0.18576055765151978,0.16319647431373596,0.023433677852153778,49.3698844909668,1,0.021134672686457634,0.15822681784629822,-0.18722887337207794,0.023253917694091797,46.53627014160156,1,0.015468262135982513,-0.3148582875728607,0.14780493080615997,0.022783488035202026,34.26661682128906,1,0.00817659217864275,-0.25461092591285706,-0.17458677291870117,0.023187413811683655,29.432838439941406,1,0.003048141486942768
88,1.76,stand,0.0,0.0,0.0,0.30914708971977234,-0.026786712929606438,0.004151723347604275,0.0005360249197110534,0.0009950280655175447,-0.8576838761905733,-2.2101467625785762,4,0,0,-0.0005280979676172137,9.184376540360972e-05,-0.0005010127206332982,0.00010154795018024743,-0.0009950280655175447,0.0,0.077533058822155,0.18576715886592865,0.1631985902786255,0.023433521389961243,49.37375259399414,1,0.021137304604053497,0.1582389622926712,-0.18722714483737946,0.02325395494699478,46.537208557128906,1,0.015463071875274181,-0.3148517608642578,0.1477988362312317,0.022783532738685608,34.270973205566406,1,0.008181281387805939,-0.25459861755371094,-0.17459191381931305,0.023188531398773193,29.441410064697266,1,0.0028961356729269028
89,1.78,stand,0.0,0.0,0.0,0.309148371219635,-0.026798032224178314,0.004153430927544832,0.0005082828574813902,0.0009667910053394735,-0.8575479660982606,-2.2104867779331956,4,0,0,-0.0005013082991354167,8.39135391288437e-05,-0.0004744140896946192,9.35708885663189e-05,-0.0009667910053394735,0.0,0.07752987742424011,0.18577340245246887,0.16320079565048218,0.023433491587638855,49.36857986450195,1,0.021130641922354698,0.15825068950653076,-0.1872253566980362,0.023253843188285828,46.53777313232422,1,0.015452582389116287,-0.314845472574234,0.1477930247783661,0.02278336137533188,34.274688720703125,1,0.008183145895600319,-0.2545870840549469,-0.17459675669670105,0.02318761497735977,29.42732048034668,1,0.003053790656849742
90,1.8,stand,0.0,0.0,0.0,0.3091496527194977,-0.026808805763721466,0.004154949449002743,0.0004803268820978701,0.000925540691241622,-0.857453090501821,-2.2108368251281587,4,0,0,-0.0004744413017760962,7.496233592974022e-05,-0.00044750102097168565,8.466590952593833e-05,-0.000925540691241622,0.0,0.0775282233953476,0.1857791692018509,0.1632029116153717,0.023433491587638855,49.36919403076172,1,0.021135929971933365,0.15826193988323212,-0.18722382187843323,0.02325412631034851,46.53951644897461,1,0.015456818975508213,-0.3148396611213684,0.1477874219417572,0.022783584892749786,34.27840042114258,1,0.008189879357814789,-0.2545764744281769,-0.17460137605667114,0.023187600076198578,29.427120208740234,1,0.003049782244488597
91,1.82,stand,0.0,0.0,0.0,0.30915096402168274,-0.026819057762622833,0.004156271927058697,0.0004539136425592005,0.0008844654075801373,-0.857391512077585,-2.211194556285938,4,0,0,-0.00044900691136717796,6.656118057435378e-05,-0.0004219828697387129,7.632500637555495e-05,-0.0008844654075801373,0.0,0.0775274857878685,0.18578457832336426,0.16320478916168213,0.023433655500411987,49.36598587036133,1,0.021120119839906693,0.15827226638793945,-0.18722237646579742,0.0232541486620903,46.539833068847656,1,0.015451112762093544,-0.3148345351219177,0.1477821171283722,0.02278348058462143,34.28120803833008,1,0.008195259608328342,-0.25456610321998596,-0.17460589110851288,0.023188695311546326,29.440397262573242,1,0.0029008351266384125
92,1.84,stand,0.0,0.0,0.0,0.3091523349285126,-0.02682885341346264,0.0041574519127607346,0.0004302097368054092,0.0008609392098151147,-0.8573208089475048,-2.211443858190644,4,0,0,-0.0004258805129211396,6.0878774092998356e-05,-0.00039906869642436504,7.058728078845888e-05,-0.0008609392098151147,0.0,0.07752487808465958,0.18579015135765076,0.16320686042308807,0.023433610796928406,49.358367919921875,1,0.021112889051437378,0.15828269720077515,-0.18722084164619446,0.023254133760929108,46.539939880371094,1,0.015458548441529274,-0.3148290812969208,0.14777706563472748,0.02278381586074829,34.28248596191406,1,0.008198803290724754,-0.25455614924430847,-0.17461007833480835,0.023188911378383636,29.439449310302734,1,0.0028983252122998238
93,1.86,stand,0.0,0.0,0.0,0.3091534972190857,-0.026838146150112152,0.004158513620495796,0.0004067959380336106,0.0008267507655546069,-0.8572649401345283,-2.2115913475880338,4,0,0,-0.00040293848724104464,5.588826388702728e-05,-0.00037645731936208904,6.54972463962622e-05,-0.0008267507655546069,0.0,0.07752179354429245,0.1857958734035492,0.16320881247520447,0.023433677852153778,49.356353759765625,1,0.021113963797688484,0.15829314291477203,-0.18721912801265717,0.0232539102435112,46.54207992553711,1,0.015449966304004192,-0.3148234784603119,0.14777223765850067,0.022783778607845306,34.284393310546875,1,0.008193302899599075,-0.2545461058616638,-0.17461419105529785,0.023189052939414978,29.456478118896484,1,0.0028950676787644625
94,1.8800000000000001,stand,0.0,0.0,0.0,0.3091543912887573,-0.02684701979160309,0.004159487783908844,0.0003846939653158188,0.0007956735789775848,-0.857195250860653,-2.2116974289635807,4,0,0,-0.0003810454800259322,5.285639417706989e-05,-0.00035484202089719474,6.238678906811401e-05,-0.0007956735789775848,0.0,0.07751879841089249,0.18580128252506256,0.1632108837366104,0.023433499038219452,49.35388946533203,1,0.021112361922860146,0.15830296277999878,-0.18721753358840942,0.0232539102435112,46.54250717163086,1,0.015453068539500237,-0.3148178160190582,0.1477675884962082,0.02278400957584381,34.287906646728516,1,0.008188632316887379,-0.25453612208366394,-0.17461778223514557,0.023188918828964233,29.45619773864746,1,0.002888687187805772
95,1.9000000000000001,stand,0.0,0.0,0.0,0.3091553747653961,-0.02685544453561306,0.0041604056023061275,0.00036464619915932417,0.0007788382354192436,-0.8571118478475848,-2.2118039372259504,4,0,0,-0.0003610459098126739,5.1114519010297954e-05,-0.00033498412813059986,6.061720341676846e-05,-0.0007788382354192436,0.0,0.07751486450433731,0.18580664694309235,0.16321299970149994,0.023433536291122437,49.35231018066406,1,0.0211256742477417,0.15831254422664642,-0.18721577525138855,0.023254141211509705,46.543792724609375,1,0.015453983098268509,-0.3148128092288971,0.1477634459733963,0.022783905267715454,34.29029083251953,1,0.008195915259420872,-0.25452667474746704,-0.1746213287115097,0.023188002407550812,29.422388076782227,1,0.003055549692362547
96,1.92,stand,0.0,0.0,0.0,0.30915629863739014,-0.02686348930001259,0.004161229357123375,0.0003439107968006283,0.000739625480491668,-0.8570906635889871,-2.212029760355384,4,0,0,-0.00034084287472069263,4.5834265620214865e-05,-0.00031459779711440206,5.543400766327977e-05,-0.000739625480491668,0.0,0.07751422375440598,0.18581126630306244,0.16321462392807007,0.023433685302734375,49.355960845947266,1,0.02112293802201748,0.15832111239433289,-0.1872144490480423,0.023254483938217163,46.54482650756836,1,0.015436235815286636,-0.3148081302642822,0.14775905013084412,0.022783838212490082,34.29335403442383,1,0.008209122344851494,-0.25451794266700745,-0.17462506890296936,0.023189052939414978,29.435617446899414,1,0.0029020507354289293
97,1.94,stand,0.0,0.0,0.0,0.30915728211402893,-0.02687113732099533,0.004161954391747713,0.0003262331592850387,0.0007192198536358774,-0.8570590206032229,-2.2122773547127967,4,0,0,-0.000323464599205181,4.2411487811477855e-05,-0.0002971961803268641,5.204304397921078e-05,-0.0007192198536358774,0.0,0.07751193642616272,0.18581514060497284,0.16321641206741333,0.02343360334634781,49.35008239746094,1,0.02112477272748947,0.15832895040512085,-0.18721315264701843,0.02325425297021866,46.544586181640625,1,0.015445255674421787,-0.31480446457862854,0.1477552205324173,0.022784143686294556,34.2972526550293,1,0.008203435689210892,-0.25451043248176575,-0.174628347158432,0.023188136518001556,29.42715072631836,1,0.00305096129886806
98,1.96,stand,0.0,0.0,0.0,0.3091583251953125,-0.026878472417593002,0.0041625844314694405,0.0003077752480749041,0.0006860402645543218,-0.857070706630006,-2.212490157794125,4,0,0,-0.0003053766558878124,3.834977906080894e-05,-0.00027897470863536,4.8057867388706654e-05,-0.0006860402645543218,0.0,0.07751107960939407,0.18581931293010712,0.1632179319858551,0.023433737456798553,49.349483489990234,1,0.021110743284225464,0.15833668410778046,-0.1872120350599289,0.023254357278347015,46.544464111328125,1,0.015436739660799503,-0.3148004412651062,0.147751122713089,0.02278406172990799,34.297210693359375,1,0.008221112191677094,-0.25450289249420166,-0.1746314913034439,0.023189157247543335,29.43563461303711,1,0.0028972600121051073
99,1.98,stand,0.0,0.0,0.0,0.3091592490673065,-0.026885399594902992,0.004163139965385199,0.00029047473799437284,0.0006587330135516822,-0.8570755624676191,-2.2126606990799638,4,0,0,-0.0002882641856558621,3.5767763620242476e-05,-0.00026205400354228914,4.5426320866681635e-05,-0.0006587330135516822,0.0,0.07750915735960007,0.18582305312156677,0.1632194221019745,0.023433588445186615,49.34431076049805,1,0.02111555077135563,0.15834425389766693,-0.18721064925193787,0.023254409432411194,46.54462814331055,1,0.015438845381140709,-0.31479671597480774,0.14774751663208008,0.022784315049648285,34.2999267578125,1,0.008204812183976173,-0.25449565052986145,-0.174634650349617,0.023189328610897064,29.453617095947266,1,0.0028873118571937084
100,2.0,stand,0.0,0.0,0.0,0.3091602921485901,-0.0268920436501503,0.0041636694222688675,0.0002744435623753816,0.0006364734726957977,-0.8570499492582315,-2.212786630692786,4,0,0,-0.0002722055942285806,3.497694342513569e-05,-0.0002462646225467324,4.4555668864632025e-05,-0.0006364734726957977,0.0,0.07750654220581055,0.18582706153392792,0.16322088241577148,0.023433618247509003,49.340755462646484,1,0.0211033895611763,0.15835148096084595,-0.18720942735671997,0.02325444668531418,46.54475021362305,1,0.015436124056577682,-0.31479278206825256,0.14774402976036072,0.022784367203712463,34.30093765258789,1,0.008212970569729805,-0.25448811054229736,-0.1746375560760498,0.023189298808574677,29.453107833862305,1,0.0028866014908999205
101,2.02,stand,0.0,0.0,0.0,0.30916112661361694,-0.026898376643657684,0.004164182115346193,0.00025881556211970747,0.0006151229026727378,-0.8570066736065372,-2.2129123488621967,4,0,0,-0.0002564636815804988,3.4812066587619483e-05,-0.00023082485131453723,4.4298332795733586e-05,-0.0006151229026727378,0.0,0.07750420272350311,0.18583069741725922,0.16322274506092072,0.023433707654476166,49.34082794189453,1,0.021111346781253815,0.15835854411125183,-0.18720805644989014,0.02325444668531418,46.54661560058594,1,0.015426785685122013,-0.3147890865802765,0.14774075150489807,0.022784247994422913,34.30256652832031,1,0.008213624358177185,-0.2544814646244049,-0.1746402382850647,0.023189447820186615,29.452613830566406,1,0.0028889693785458803
102,2.04,stand,0.0,0.0,0.0,0.3091617226600647,-0.026904387399554253,0.004164676647633314,0.0002443781995680183,0.0005938485846854746,-0.856965212223841,-2.2129972993399987,4,0,0,-0.00024193705758079886,3.4455144486855716e-05,-0.00021647263201884925,4.389673995319754e-05,-0.0005938485846854746,0.0,0.07750243693590164,0.1858343780040741,0.1632242351770401,0.023433774709701538,49.33758544921875,1,0.021107934415340424,0.15836529433727264,-0.18720674514770508,0.02325441688299179,46.547637939453125,1,0.015426765196025372,-0.3147854208946228,0.14773765206336975,0.022784173488616943,34.305015563964844,1,0.008213553577661514,-0.2544747591018677,-0.17464269697666168,0.02318926900625229,29.45171356201172,1,0.00288774655200541
103,2.06,stand,0.0,0.0,0.0,0.3091623783111572,-0.02691010944545269,0.00416517211124301,0.00023134842922445387,0.0005858176737092435,-0.8569108908755982,-2.213060051702998,4,0,0,-0.00022868943051435053,3.497482612146996e-05,-0.0002033009222941473,4.440848351805471e-05,-0.0005858176737092435,0.0,0.07749951630830765,0.18583784997463226,0.16322576999664307,0.02343360334634781,49.33676528930664,1,0.021110616624355316,0.1583719551563263,-0.18720540404319763,0.023254521191120148,46.54886245727539,1,0.015431210398674011,-0.3147820234298706,0.14773473143577576,0.022784337401390076,34.306068420410156,1,0.008223486132919788,-0.25446802377700806,-0.1746450513601303,0.023188404738903046,29.418506622314453,1,0.0030497561674565077
104,2.08,stand,0.0,0.0,0.0,0.30916306376457214,-0.02691555954515934,0.0041656047105789185,0.0002175390109186992,0.0005577473202720284,-0.85692956717411,-2.2132184267143775,4,0,0,-0.00021515152184292674,3.214095704606734e-05,-0.000189499682164751,4.169687963440083e-05,-0.0005577473202720284,0.0,0.07749861478805542,0.1858409196138382,0.16322705149650574,0.023433685302734375,49.34138488769531,1,0.021112481132149696,0.15837767720222473,-0.1872045248746872,0.02325456589460373,46.549320220947266,1,0.015430633910000324,-0.3147791624069214,0.14773163199424744,0.02278444916009903,34.30950164794922,1,0.008218607865273952,-0.2544623613357544,-0.17464756965637207,0.023188434541225433,29.41802406311035,1,0.0030513007659465075
105,2.1,stand,0.0,0.0,0.0,0.309163898229599,-0.02692076377570629,0.004165976773947477,0.00020473494078032672,0.0005323645891621709,-0.8569757776727134,-2.2134470246081617,4,0,0,-0.00020271689572837204,2.867499460990075e-05,-0.00017676730931270868,3.836435644188896e-05,-0.0005323645891621709,0.0,0.0774976909160614,0.185843363404274,0.16322794556617737,0.023433752357959747,49.33990478515625,1,0.02111249417066574,0.15838296711444855,-0.18720372021198273,0.02325472980737686,46.54801940917969,1,0.015429866500198841,-0.31477662920951843,0.14772866666316986,0.022784247994422913,34.31169891357422,1,0.008227167651057243,-0.2544572651386261,-0.17465028166770935,0.02318836748600006,29.41892433166504,1,0.0030587546061724424
106,2.12,stand,0.0,0.0,0.0,0.30916479229927063,-0.026925738900899887,0.004166257567703724,0.00019278058607596904,0.0005123938899487257,-0.8570241759662852,-2.213677330049238,4,0,0,-0.0001910536811919883,2.5745854145498015e-05,-0.00016494824376422912,3.5512970498530194e-05,-0.0005123938899487257,0.0,0.07749677449464798,0.18584570288658142,0.16322888433933258,0.023433677852153778,49.337005615234375,1,0.02109670080244541,0.15838778018951416,-0.18720294535160065,0.02325458824634552,46.54888153076172,1,0.015417383052408695,-0.3147743344306946,0.14772582054138184,0.022784337401390076,34.31321716308594,1,0.008222990669310093,-0.25445258617401123,-0.17465251684188843,0.023188486695289612,29.41872787475586,1,0.00305682304315269
107,2.14,stand,0.0,0.0,0.0,0.3091657757759094,-0.026930484920740128,0.004166479222476482,0.00018145368085242808,0.000494833046104759,-0.8570729477858274,-2.213865800581648,4,0,0,-0.00017995636153500527,2.3262520699063316e-05,-0.00015381054254248738,3.306239887024276e-05,-0.000494833046104759,0.0,0.07749532908201218,0.18584775924682617,0.16322994232177734,0.023433707654476166,49.334293365478516,1,0.021101495251059532,0.158392533659935,-0.18720220029354095,0.02325473725795746,46.54730224609375,1,0.015416419133543968,-0.3147721588611603,0.1477232277393341,0.022784538567066193,34.31398010253906,1,0.00822583306580782,-0.25444793701171875,-0.17465467751026154,0.02318856120109558,29.41775894165039,1,0.0030517438426613808
108,2.16,stand,0.0,0.0,0.0,0.30916666984558105,-0.026935001835227013,0.004166646394878626,0.00017040986858773977,0.00047786423237994313,-0.857113181868907,-2.2140536307838232,4,0,0,-0.00016915806918404996,2.0617209884221666e-05,-0.00014307734090834856,3.0408476959564723e-05,-0.00047786423237994313,0.0,0.07749395817518234,0.1858501434326172,0.16323088109493256,0.023433886468410492,49.33307647705078,1,0.02110154554247856,0.15839719772338867,-0.1872013956308365,0.02325473725795746,46.546878814697266,1,0.015419712290167809,-0.3147701919078827,0.14772070944309235,0.02278454601764679,34.31430435180664,1,0.008236221969127655,-0.2544434070587158,-0.17465686798095703,0.023188546299934387,29.417150497436523,1,0.003058129223063588
109,2.18,stand,0.0,0.0,0.0,0.3091675639152527,-0.02693931758403778,0.004166766535490751,0.00016023535863496363,0.00046309520257636905,-0.857151761765547,-2.214179135509822,4,0,0,-0.00015919037105049938,1.827008782129269e-05,-0.00013322899758350104,2.8030877729179338e-05,-0.00046309520257636905,0.0,0.07749219238758087,0.18585237860679626,0.16323189437389374,0.0234336256980896,49.33099365234375,1,0.021098267287015915,0.15840156376361847,-0.18720057606697083,0.0232546404004097,46.547760009765625,1,0.015419426374137402,-0.3147677183151245,0.14771832525730133,0.022784605622291565,34.3155632019043,1,0.008233296684920788,-0.25443896651268005,-0.17465873062610626,0.02318871021270752,29.416587829589844,1,0.0030518407002091408
110,2.2,stand,0.0,0.0,0.0,0.30916839838027954,-0.026943420991301537,0.0041668349876999855,0.000150437030242756,0.0004482640651986003,-0.8571879404238069,-2.2142830824512534,4,0,0,-0.0001495419564889744,1.6386065908591263e-05,-0.0001237358374055475,2.610246156109497e-05,-0.0004482640651986003,0.0,0.07748980820178986,0.18585458397865295,0.16323287785053253,0.023433595895767212,49.3305778503418,1,0.021103041246533394,0.1584061235189438,-0.18719971179962158,0.023254603147506714,46.548431396484375,1,0.01541178673505783,-0.31476545333862305,0.14771616458892822,0.022784598171710968,34.3157958984375,1,0.008231970481574535,-0.2544347941875458,-0.17466063797473907,0.023188680410385132,29.415897369384766,1,0.0030578437726944685
111,2.22,stand,0.0,0.0,0.0,0.30916911363601685,-0.026947323232889175,0.004166856408119202,0.0001415707083651796,0.0004332782991696149,-0.8572179292231314,-2.2143656850515283,4,0,0,-0.00014081771951168776,1.458205770177301e-05,-0.00011514481593621895,2.4261087673949078e-05,-0.0004332782991696149,0.0,0.07748790830373764,0.18585674464702606,0.16323399543762207,0.023433580994606018,49.32818603515625,1,0.021093236282467842,0.15841034054756165,-0.1871989518404007,0.023254722356796265,46.54845428466797,1,0.015409186482429504,-0.3147633373737335,0.14771416783332825,0.022784523665905,34.317588806152344,1,0.008225871250033379,-0.2544304132461548,-0.1746622920036316,0.023188620805740356,29.416015625,1,0.003055773675441742
112,2.24,stand,0.0,0.0,0.0,0.3091697096824646,-0.026951085776090622,0.004166842438280582,0.00013260381820145994,0.00041984490235336125,-0.857243062184843,-2.2144271567540583,4,0,0,-0.0001319127914030105,1.351990158582339e-05,-0.0001064023090293631,2.3151338609750383e-05,-0.00041984490235336125,0.0,0.07748643308877945,0.1858590990304947,0.16323496401309967,0.023433737456798553,49.3275032043457,1,0.02109464630484581,0.15841461718082428,-0.18719808757305145,0.023254752159118652,46.54975509643555,1,0.01541912741959095,-0.3147609531879425,0.14771220088005066,0.022784635424613953,34.31900405883789,1,0.0082236984744668,-0.2544262707233429,-0.17466384172439575,0.023188866674900055,29.415979385375977,1,0.003056202782317996
113,2.2600000000000002,stand,0.0,0.0,0.0,0.3091703951358795,-0.026954665780067444,0.004166814032942057,0.0001244620798388496,0.00040704605635255575,-0.857265046856234,-2.214489482230235,4,0,0,-0.00012376818631310016,1.3124225006322376e-05,-9.838016558205709e-05,2.2722670109942555e-05,-0.00040704605635255575,0.0,0.07748448848724365,0.18586121499538422,0.16323596239089966,0.023433707654476166,49.325130462646484,1,0.021097581833600998,0.15841877460479736,-0.18719731271266937,0.02325483411550522,46.55061340332031,1,0.015411647967994213,-0.3147588074207306,0.14771053194999695,0.022784575819969177,34.31944274902344,1,0.008225025609135628,-0.2544223368167877,-0.174665167927742,0.023188762366771698,29.415708541870117,1,0.0030552863609045744
114,2.2800000000000002,stand,0.0,0.0,0.0,0.3091709613800049,-0.026958052068948746,0.004166773054748774,0.000116519040602725,0.00039465606096200645,-0.8572886323532117,-2.2145518077064112,4,0,0,-0.0001157830047304742,1.3076070899842307e-05,-9.052940004039556e-05,2.2636995709035546e-05,-0.00039465606096200645,0.0,0.07748303562402725,0.18586325645446777,0.1632370501756668,0.023433685302734375,49.32592010498047,1,0.02109735831618309,0.15842247009277344,-0.18719638884067535,0.023254744708538055,46.55039978027344,1,0.015411637723445892,-0.3147570788860321,0.14770880341529846,0.022784754633903503,34.320194244384766,1,0.008230192586779594,-0.2544187009334564,-0.174666628241539,0.023188821971416473,29.415393829345703,1,0.0030561259482055902
115,2.3000000000000003,stand,0.0,0.0,0.0,0.3091714680194855,-0.026961330324411392,0.004166736733168364,0.00010921224748017266,0.00038241970469243824,-0.8573135518715117,-2.214615413843057,4,0,0,-0.00010842920164577663,1.3054618648311589e-05,-8.326355600729585e-05,2.2594937036046758e-05,-0.00038241970469243824,0.0,0.07748162746429443,0.18586516380310059,0.16323791444301605,0.023433730006217957,49.32468795776367,1,0.021096238866448402,0.15842603147029877,-0.18719571828842163,0.023254849016666412,46.552001953125,1,0.015403167344629765,-0.3147551715373993,0.14770713448524475,0.02278468757867813,34.32184600830078,1,0.008228964172303677,-0.2544151842594147,-0.17466798424720764,0.023188747465610504,29.415199279785156,1,0.003056776709854603
116,2.32,stand,0.0,0.0,0.0,0.30917200446128845,-0.026964440941810608,0.004166690167039633,0.00010213142377324402,0.000371062895283103,-0.8573359100688729,-2.214678379649468,4,0,0,-0.00010124794789589942,1.3404521268967073e-05,-7.6165801146999e-05,2.292598037456628e-05,-0.000371062895283103,0.0,0.07747989147901535,0.18586699664592743,0.1632387638092041,0.02343360334634781,49.32337951660156,1,0.021099865436553955,0.15842962265014648,-0.18719488382339478,0.023254774510860443,46.55160140991211,1,0.01540827751159668,-0.31475332379341125,0.147705540060997,0.022784702479839325,34.32307434082031,1,0.008223868906497955,-0.2544114887714386,-0.17466917634010315,0.02318873256444931,29.41522216796875,1,0.003052604617550969
117,2.34,stand,0.0,0.0,0.0,0.3091723620891571,-0.026967409998178482,0.004166647791862488,9.567427332513034e-05,0.00036034820368513465,-0.8573562939146772,-2.2147426261163483,4,0,0,-9.466421761317179e-05,1.3865489563613664e-05,-6.966212094994262e-05,2.3368425900116563e-05,-0.00036034820368513465,0.0,0.07747901976108551,0.18586860597133636,0.16323958337306976,0.023433804512023926,49.32133102416992,1,0.021084874868392944,0.1584327667951584,-0.18719419836997986,0.023254752159118652,46.55247497558594,1,0.01540815643966198,-0.31475168466567993,0.1477041095495224,0.022784598171710968,34.324039459228516,1,0.00822728406637907,-0.25440821051597595,-0.17467039823532104,0.023188762366771698,29.415353775024414,1,0.0030498437117785215
118,2.36,stand,0.0,0.0,0.0,0.3091728389263153,-0.02697024494409561,0.0041666217148303986,8.912134217098355e-05,0.0003509774396661669,-0.8573743298829541,-2.2148066591398172,4,0,0,-8.784561941865832e-05,1.5025322682049591e-05,-6.293042679317296e-05,2.450811371090822e-05,-0.0003509774396661669,0.0,0.07747803628444672,0.1858702301979065,0.1632404923439026,0.023433759808540344,49.31990051269531,1,0.02109391801059246,0.15843607485294342,-0.18719352781772614,0.023254983127117157,46.55279541015625,1,0.01540819089859724,-0.31475013494491577,0.1477026641368866,0.022784732282161713,34.32497024536133,1,0.00822976790368557,-0.2544051706790924,-0.17467163503170013,0.023188777267932892,29.414962768554688,1,0.003055976238101721
119,2.38,stand,0.0,0.0,0.0,0.30917322635650635,-0.026972951367497444,0.004166613798588514,8.303959475597367e-05,0.0003416764666326344,-0.8573862293531488,-2.214870692163286,4,0,0,-8.149596396833658e-05,1.5936804629745893e-05,-5.666196011588909e-05,2.540058812883217e-05,-0.0003416764666326344,0.0,0.07747714966535568,0.18587154150009155,0.16324131190776825,0.02343381941318512,49.319313049316406,1,0.021091390401124954,0.15843892097473145,-0.1871928572654724,0.023254983127117157,46.55255889892578,1,0.015401031821966171,-0.3147486746311188,0.14770129323005676,0.022784732282161713,34.32630157470703,1,0.00822401326149702,-0.25440242886543274,-0.17467261850833893,0.023188814520835876,29.414228439331055,1,0.0030548162758350372
120,2.4,stand,0.0,0.0,0.0,0.3091735541820526,-0.026975560933351517,0.004166615195572376,7.695597014389932e-05,0.0003306809812784195,-0.8573992494012541,-2.214935578960401,4,0,0,-7.519020437030122e-05,1.639068614167627e-05,-5.0432616262696683e-05,2.583696914371103e-05,-0.0003306809812784195,0.0,0.07747603207826614,0.1858731359243393,0.16324201226234436,0.023433737456798553,49.31961441040039,1,0.02109840326011181,0.15844185650348663,-0.18719227612018585,0.02325485646724701,46.5532341003418,1,0.015406534075737,-0.314747154712677,0.14769993722438812,0.022784695029258728,34.32670974731445,1,0.008230005390942097,-0.25439950823783875,-0.17467384040355682,0.023188643157482147,29.414579391479492,1,0.0030534546822309494
121,2.42,stand,0.0,0.0,0.0,0.3091738522052765,-0.02697800099849701,0.004166619386523962,7.186291622929275e-05,0.00032161606941372156,-0.857409067798186,-2.215000679200928,4,0,0,-6.979669706197456e-05,1.7108450265368447e-05,-4.5074357331031933e-05,2.6551624614512548e-05,-0.00032161606941372156,0.0,0.07747557759284973,0.1858743578195572,0.16324268281459808,0.023433752357959747,49.31804275512695,1,0.02107398211956024,0.15844440460205078,-0.18719163537025452,0.023254811763763428,46.55390930175781,1,0.015405461192131042,-0.3147457540035248,0.14769868552684784,0.022784695029258728,34.32814025878906,1,0.008229786530137062,-0.2543969750404358,-0.17467482388019562,0.023188821971416473,29.41482925415039,1,0.003052018117159605
122,2.44,stand,0.0,0.0,0.0,0.3091740906238556,-0.026980401948094368,0.004166643600910902,6.666369154118001e-05,0.00031325555755756795,-0.8574155244613858,-2.2150653525546313,4,0,0,-6.409413617802784e-05,1.8330021703150123e-05,-3.943654883187264e-05,2.7759675504057668e-05,-0.00031325555755756795,0.0,0.07747519761323929,0.18587571382522583,0.163243368268013,0.023433737456798553,49.3170051574707,1,0.021083712577819824,0.1584470123052597,-0.18719103932380676,0.02325495332479477,46.5531120300293,1,0.015406958758831024,-0.3147446811199188,0.14769743382930756,0.02278468757867813,34.328514099121094,1,0.008231311105191708,-0.2543942928314209,-0.17467573285102844,0.023188814520835876,29.413732528686523,1,0.0030582828912883997
123,2.46,stand,0.0,0.0,0.0,0.3091743588447571,-0.02698264643549919,0.0041666836477816105,6.159386975923553e-05,0.00030454111401923,-0.8574221945679972,-2.215130452795158,4,0,0,-5.864320701221004e-05,1.8835567971109413e-05,-3.404361996217631e-05,2.82533419522224e-05,-0.00030454111401923,0.0,0.07747487723827362,0.1858769655227661,0.1632441133260727,0.02343379706144333,49.318084716796875,1,0.02109616994857788,0.15844941139221191,-0.1871904879808426,0.023254871368408203,46.553531646728516,1,0.01539984904229641,-0.3147434592247009,0.14769616723060608,0.0227847620844841,34.329193115234375,1,0.008232258260250092,-0.2543919086456299,-0.17467671632766724,0.02318888157606125,29.41358184814453,1,0.0030541601590812206
124,2.48,stand,0.0,0.0,0.0,0.30917465686798096,-0.026984795928001404,0.004166710190474987,5.6996716011781245e-05,0.00029541278490796685,-0.8574252361366119,-2.2151953395922734,4,0,0,-5.3803432820132e-05,1.8810005713021383e-05,-2.9202863515820354e-05,2.823714748956263e-05,-0.00029541278490796685,0.0,0.07747448235750198,0.185878187417984,0.16324473917484283,0.023433946073055267,49.31813430786133,1,0.021085606887936592,0.15845173597335815,-0.18718983232975006,0.02325502038002014,46.554039001464844,1,0.015403485856950283,-0.3147422969341278,0.1476951241493225,0.02278478443622589,34.33083724975586,1,0.00822964683175087,-0.25438979268074036,-0.17467764019966125,0.023189060389995575,29.413164138793945,1,0.003064205404371023
125,2.5,stand,0.0,0.0,0.0,0.3091747462749481,-0.0269868616014719,0.004166760016232729,5.2773837524000555e-05,0.0002868940937332809,-0.8574261432711111,-2.2152604398327997,4,0,0,-4.9195921747013927e-05,1.9100765712209977e-05,-2.458914059388917e-05,2.8539099730551243e-05,-0.0002868940937332809,0.0,0.07747408747673035,0.18587905168533325,0.16324542462825775,0.023433640599250793,49.31745529174805,1,0.021093998104333878,0.15845412015914917,-0.18718940019607544,0.02325497567653656,46.554039001464844,1,0.015405857935547829,-0.3147413730621338,0.14769406616687775,0.02278468757867813,34.330509185791016,1,0.008239632472395897,-0.25438764691352844,-0.1746785044670105,0.023188792169094086,29.413616180419922,1,0.00305570219643414
126,2.52,stand,0.0,0.0,0.0,0.30917492508888245,-0.02698882669210434,0.004166800063103437,4.885181624558754e-05,0.00027983615291304886,-0.8574309457478713,-2.2153259669601497,4,0,0,-4.482993244891986e-05,1.941075242939405e-05,-2.0210880393278785e-05,2.8862245017080568e-05,-0.00027983615291304886,0.0,0.07747416198253632,0.18588018417358398,0.16324591636657715,0.0234338641166687,49.31699752807617,1,0.021086134016513824,0.15845614671707153,-0.18718886375427246,0.0232551246881485,46.55460739135742,1,0.01540082972496748,-0.31474021077156067,0.14769288897514343,0.022784754633903503,34.331146240234375,1,0.008235092274844646,-0.2543855309486389,-0.17467951774597168,0.02318904548883438,29.4134521484375,1,0.003065316705033183
127,2.54,stand,0.0,0.0,0.0,0.309175044298172,-0.026990719139575958,0.004166834056377411,4.445650483830832e-05,0.00026501165120862424,-0.8574322264083406,-2.215390853757265,4,0,0,-3.9941660361364484e-05,1.952036291186232e-05,-1.5356981748482212e-05,2.8967840989935212e-05,-0.00026501165120862424,0.0,0.07747536152601242,0.18588082492351532,0.1632465422153473,0.023433886468410492,49.31507873535156,1,0.021086951717734337,0.1584579199552536,-0.18718843162059784,0.023255065083503723,46.5543212890625,1,0.01541005540639162,-0.3147393763065338,0.1476919949054718,0.022784873843193054,34.33106994628906,1,0.008241639472544193,-0.25438347458839417,-0.17468015849590302,0.023190036416053772,29.445642471313477,1,0.0028862599283456802
128,2.56,stand,0.0,0.0,0.0,0.3091752529144287,-0.026992518454790115,0.004166924394667149,4.231066850479692e-05,0.00026423120289109647,-0.8573787054728912,-2.215449764138856,4,0,0,-3.559310789569281e-05,2.2876263756188564e-05,-1.1383646778995171e-05,3.218873098376207e-05,-0.00026423120289109647,0.0,0.07747460156679153,0.18588194251060486,0.16324734687805176,0.02343393862247467,49.309844970703125,1,0.02108486369252205,0.15846014022827148,-0.18718773126602173,0.023255065083503723,46.55337142944336,1,0.01540380623191595,-0.31473860144615173,0.14769130945205688,0.02278466522693634,34.331119537353516,1,0.008243467658758163,-0.2543817162513733,-0.174680694937706,0.023189924657344818,29.446264266967773,1,0.002888030605390668
129,2.58,stand,0.0,0.0,0.0,0.3091752827167511,-0.0269942469894886,0.004167087376117706,4.093359530088492e-05,0.00026188549236394465,-0.8572926877780314,-2.215504619095628,4,0,0,-3.1404146284330636e-05,2.625526030897163e-05,-7.533124062319985e-06,3.544637365848757e-05,-0.00026188549236394465,0.0,0.07747454196214676,0.1858828216791153,0.16324816644191742,0.02343379706144333,49.31040954589844,1,0.02108539082109928,0.15846194326877594,-0.18718697130680084,0.023255161941051483,46.55405807495117,1,0.015408959239721298,-0.31473761796951294,0.14769062399864197,0.02278464287519455,34.331546783447266,1,0.008244592696428299,-0.25438010692596436,-0.17468129098415375,0.023189827799797058,29.44536781311035,1,0.002893720054998994
130,2.6,stand,0.0,0.0,0.0,0.30917519330978394,-0.02699592337012291,0.0041673267260193825,4.111456291866489e-05,0.00027080331346951425,-0.8571760409536122,-2.215554351410522,4,0,0,-2.8610380468307994e-05,2.9527165679610334e-05,-4.886799160885857e-06,3.8667716580675915e-05,-0.00027080331346951425,0.0,0.0774746835231781,0.18588373064994812,0.16324909031391144,0.023433983325958252,49.31170654296875,1,0.02108297124505043,0.15846410393714905,-0.18718601763248444,0.02325531840324402,46.554176330566406,1,0.015401608310639858,-0.31473666429519653,0.14768995344638824,0.022784695029258728,34.332210540771484,1,0.00825161300599575,-0.2543780207633972,-0.17468176782131195,0.023189827799797058,29.429752349853516,1,0.0029000137001276016
131,2.62,stand,0.0,0.0,0.0,0.30917513370513916,-0.026997551321983337,0.004167592152953148,3.996930900029838e-05,0.0002691605477593839,-0.8570851140602864,-2.2156077122634126,4,0,0,-2.5578243366908282e-05,3.0713174055563286e-05,-1.8827529402187793e-06,3.9848502638051286e-05,-0.0002691605477593839,0.0,0.07747510820627213,0.18588456511497498,0.16325004398822784,0.023433908820152283,49.314491271972656,1,0.021090859547257423,0.1584656834602356,-0.18718528747558594,0.023255057632923126,46.55510330200195,1,0.015406153164803982,-0.3147362470626831,0.14768923819065094,0.02278464287519455,34.33277893066406,1,0.008256757631897926,-0.25437602400779724,-0.17468225955963135,0.023189812898635864,29.428646087646484,1,0.002899794839322567
132,2.64,stand,0.0,0.0,0.0,0.3091751039028168,-0.02699907310307026,0.0041678668931126595,3.790049595409073e-05,0.00025411133538000286,-0.8570310595163082,-2.215643143869732,4,0,0,-2.23129682126455e-05,3.063623807975091e-05,1.399360144205275e-06,3.978371023549698e-05,-0.00025411133538000286,0.0,0.07747531682252884,0.18588511645793915,0.16325058043003082,0.023434042930603027,49.31486511230469,1,0.021089425310492516,0.15846756100654602,-0.18718482553958893,0.023255184292793274,46.55448913574219,1,0.015413799323141575,-0.3147355020046234,0.14768831431865692,0.022784650325775146,34.334171295166016,1,0.008244533091783524,-0.25437429547309875,-0.17468304932117462,0.023189857602119446,29.443689346313477,1,0.002887553535401821
133,2.66,stand,0.0,0.0,0.0,0.3091751039028168,-0.02700056880712509,0.004168153740465641,3.756064688786864e-05,0.0002533655206207186,-0.856963291233137,-2.2156986391567384,4,0,0,-1.9728402548935264e-05,3.196235775249079e-05,4.029846422781702e-06,4.1132727346848696e-05,-0.0002533655206207186,0.0,0.07747569680213928,0.18588583171367645,0.16325141489505768,0.023433946073055267,49.31205368041992,1,0.021082866936922073,0.15846917033195496,-0.1871841996908188,0.02325526624917984,46.554656982421875,1,0.015406855382025242,-0.3147347569465637,0.14768734574317932,0.022784635424613953,34.334625244140625,1,0.008252558298408985,-0.2543725073337555,-0.17468370497226715,0.02318989485502243,29.429471969604492,1,0.0028980972710996866
134,2.68,stand,0.0,0.0,0.0,0.309175044298172,-0.027001984417438507,0.0041684540919959545,3.638385169324465e-05,0.0002480982802808285,-0.8569005388701374,-2.215754988217391,4,0,0,-1.6840642274473794e-05,3.225178079446778e-05,6.980063972150674e-06,4.145131606492214e-05,-0.0002480982802808285,0.0,0.07747641950845718,0.1858862340450287,0.1632518619298935,0.02343389391899109,49.31377410888672,1,0.021076755598187447,0.15847064554691315,-0.18718361854553223,0.02325524389743805,46.55448913574219,1,0.015400005504488945,-0.31473416090011597,0.14768660068511963,0.02278468757867813,34.33457946777344,1,0.008261223323643208,-0.2543712258338928,-0.17468437552452087,0.023189932107925415,29.428709030151367,1,0.002896638587117195
135,2.7,stand,0.0,0.0,0.0,0.3091750144958496,-0.027003362774848938,0.0041687339544296265,3.3679360058158636e-05,0.0002275296428706497,-0.8568853843879165,-2.2157748384546667,4,0,0,-1.2827833415940404e-05,3.1140745704760775e-05,1.100075041904347e-05,4.035019810544327e-05,-0.0002275296428706497,0.0,0.07747670263051987,0.18588699400424957,0.16325215995311737,0.023433849215507507,49.3138427734375,1,0.0210841316729784,0.1584721952676773,-0.18718348443508148,0.023255258798599243,46.55426025390625,1,0.015400867909193039,-0.3147334158420563,0.14768563210964203,0.0227847620844841,34.33639907836914,1,0.008244677446782589,-0.2543695569038391,-0.1746850609779358,0.023189984261989594,29.443681716918945,1,0.002888426184654236
136,2.72,stand,0.0,0.0,0.0,0.30917492508888245,-0.027004661038517952,0.004168995656073093,3.306622602394782e-05,0.00022705868468619883,-0.8568415751276932,-2.215790633267122,4,0,0,-1.0238462891720701e-05,3.144120273645967e-05,1.366013748338446e-05,4.068256021128036e-05,-0.00022705868468619883,0.0,0.07747600227594376,0.18588782846927643,0.16325266659259796,0.023433811962604523,49.31269836425781,1,0.021088531240820885,0.15847383439540863,-0.18718302249908447,0.023255199193954468,46.55449676513672,1,0.015397063456475735,-0.31473276019096375,0.14768490195274353,0.022784851491451263,34.33734893798828,1,0.008247461169958115,-0.2543680965900421,-0.17468571662902832,0.023188970983028412,29.4148006439209,1,0.003060923656448722
137,2.74,stand,0.0,0.0,0.0,0.30917492508888245,-0.027005868032574654,0.004169221501797438,2.9302475013537332e-05,0.0002116135583491996,-0.8568478717083343,-2.2158563738378834,4,0,0,-6.738563570252154e-06,2.851713179552462e-05,1.7512276826892048e-05,3.789916809182614e-05,-0.0002116135583491996,0.0,0.07747656852006912,0.18588824570178986,0.16325289011001587,0.02343393862247467,49.316917419433594,1,0.02108650654554367,0.1584748476743698,-0.1871829330921173,0.023255154490470886,46.55573272705078,1,0.01539356354624033,-0.3147321045398712,0.1476840376853943,0.022784769535064697,34.3377799987793,1,0.00824990589171648,-0.25436684489250183,-0.17468644678592682,0.023188918828964233,29.411006927490234,1,0.003055249573662877
138,2.7600000000000002,stand,0.0,0.0,0.0,0.3091752827167511,-0.02700701728463173,0.004169370513409376,2.575775761215482e-05,0.00020004052203148603,-0.8568910939991757,-2.2159270236071107,4,0,0,-3.543683533280273e-06,2.5512828869977966e-05,2.1068210116936825e-05,3.503866901155561e-05,-0.00020004052203148603,0.0,0.07747653871774673,0.18588869273662567,0.16325293481349945,0.02343396097421646,49.316650390625,1,0.02109033241868019,0.15847602486610413,-0.18718299269676208,0.023255392909049988,46.55413818359375,1,0.015398439951241016,-0.3147318363189697,0.14768317341804504,0.022784844040870667,34.339115142822266,1,0.008245057426393032,-0.2543657422065735,-0.17468729615211487,0.02318914234638214,29.411510467529297,1,0.003059503622353077
139,2.7800000000000002,stand,0.0,0.0,0.0,0.3091756999492645,-0.02700808085501194,0.0041694603860378265,2.2578557036467828e-05,0.00019135272304993123,-0.8569430141090385,-2.2159985271499845,4,0,0,-8.072022978922178e-07,2.256412335555069e-05,2.402601057838183e-05,3.2178992114495486e-05,-0.00019135272304993123,0.0,0.07747591286897659,0.18588900566101074,0.1632527858018875,0.023433871567249298,49.31517791748047,1,0.02108164131641388,0.15847700834274292,-0.18718305230140686,0.02325531095266342,46.553253173828125,1,0.015398659743368626,-0.3147313594818115,0.1476823091506958,0.022784754633903503,34.338523864746094,1,0.008247343823313713,-0.254364937543869,-0.17468798160552979,0.023188963532447815,29.411754608154297,1,0.0030516572296619415
140,2.8000000000000003,stand,0.0,0.0,0.0,0.30917617678642273,-0.027009127661585808,0.0041694920510053635,2.0325885998317972e-05,0.00018644034571480006,-0.8569926397022268,-2.216070457579681,4,0,0,1.7370316527376417e-06,2.025152753049042e-05,2.6676900233724155e-05,2.991118344652932e-05,-0.00018644034571480006,0.0,0.07747513055801392,0.18588924407958984,0.16325293481349945,0.023433908820152283,49.31273651123047,1,0.021089967340230942,0.15847788751125336,-0.18718314170837402,0.023255273699760437,46.55341339111328,1,0.015400457195937634,-0.3147311508655548,0.14768148958683014,0.022784776985645294,34.338279724121094,1,0.008251228369772434,-0.2543640434741974,-0.17468872666358948,0.023188941180706024,29.411802291870117,1,0.003055702429264784
141,2.82,stand,0.0,0.0,0.0,0.30917662382125854,-0.027010086923837662,0.00416948739439249,1.8968572476296686e-05,0.00018401606939733028,-0.8570370359318319,-2.2161406804620856,4,0,0,4.186736532574287e-06,1.8500755686545745e-05,2.9125654691597447e-05,2.8163804017822258e-05,-0.00018401606939733028,0.0,0.07747437059879303,0.18588966131210327,0.16325286030769348,0.02343396097421646,49.31252670288086,1,0.021091200411319733,0.158478781580925,-0.18718314170837402,0.02325528860092163,46.553863525390625,1,0.015394922345876694,-0.31473076343536377,0.1476808488368988,0.022784888744354248,34.33794403076172,1,0.008252349682152271,-0.25436320900917053,-0.17468926310539246,0.02318897843360901,29.411046981811523,1,0.003062869654968381
142,2.84,stand,0.0,0.0,0.0,0.30917713046073914,-0.027011066675186157,0.004169452469795942,1.800024983822368e-05,0.00018354927306063473,-0.8570665444834805,-2.2162094092406086,4,0,0,6.114179086580407e-06,1.6930027413764037e-05,3.1007301004137844e-05,2.6578072720440105e-05,-0.00018354927306063473,0.0,0.0774744302034378,0.1858900636434555,0.163253054022789,0.02343389391899109,49.31159210205078,1,0.02107718586921692,0.158479705452919,-0.18718284368515015,0.023255236446857452,46.55356216430664,1,0.015396139584481716,-0.31473031640052795,0.14768023788928986,0.022784799337387085,34.338436126708984,1,0.008245306089520454,-0.25436240434646606,-0.1746896356344223,0.023189909756183624,29.428752899169922,1,0.002889147726818919
143,2.86,stand,0.0,0.0,0.0,0.3091775178909302,-0.027012011036276817,0.004169429652392864,1.9454646462691016e-05,0.00019400837481953204,-0.8570518168880826,-2.21625060381904,4,0,0,7.026621915429132e-06,1.8141385226044804e-05,3.1599662179360166e-05,2.7668142138281837e-05,-0.00019400837481953204,0.0,0.07747352868318558,0.1858905702829361,0.1632535457611084,0.023434020578861237,49.307716369628906,1,0.021088074892759323,0.15848062932491302,-0.18718263506889343,0.023255296051502228,46.552734375,1,0.015394026413559914,-0.3147299587726593,0.14767979085445404,0.022784769535064697,34.3372802734375,1,0.008255330845713615,-0.2543615400791168,-0.17469005286693573,0.023190051317214966,29.428110122680664,1,0.0028949277475476265
144,2.88,stand,0.0,0.0,0.0,0.3091776669025421,-0.027012906968593597,0.00416941661387682,2.0580198906827718e-05,0.00019312034419272095,-0.8570232154709332,-2.2162474021678666,4,0,0,8.752275789447594e-06,1.8626386008691043e-05,3.2925843697739765e-05,2.800229594868142e-05,-0.00019312034419272095,0.0,0.07747261226177216,0.1858910173177719,0.16325417160987854,0.02343405783176422,49.307395935058594,1,0.021080296486616135,0.1584818810224533,-0.18718209862709045,0.023255199193954468,46.55280685424805,1,0.015394270420074463,-0.3147295415401459,0.14767950773239136,0.02278473973274231,34.33684539794922,1,0.008253360167145729,-0.2543603479862213,-0.1746903359889984,0.023189939558506012,29.428064346313477,1,0.002894957782700658
145,2.9,stand,0.0,0.0,0.0,0.3091777563095093,-0.027013778686523438,0.004169431049376726,2.1892021322855726e-05,0.00018582474149297923,-0.856995948075106,-2.216201511834381,4,0,0,1.0649651812855154e-05,1.912708830786869e-05,3.449223004281521e-05,2.8379181458149105e-05,-0.00018582474149297923,0.0,0.07747206836938858,0.1858917623758316,0.163254514336586,0.023433901369571686,49.308250427246094,1,0.02108040265738964,0.15848304331302643,-0.18718165159225464,0.023255273699760437,46.553741455078125,1,0.015399075113236904,-0.3147287964820862,0.14767895638942719,0.02278481423854828,34.33659744262695,1,0.008253499865531921,-0.2543589174747467,-0.17469069361686707,0.023190133273601532,29.441696166992188,1,0.0028891279362142086
146,2.92,stand,0.0,0.0,0.0,0.3091776669025421,-0.027014605700969696,0.004169465973973274,2.437345392536372e-05,0.0001850383123382926,-0.8569520854540299,-2.216154127397014,4,0,0,1.2401426829455886e-05,2.0982608475605957e-05,3.602490323828533e-05,3.0154727937770076e-05,-0.0001850383123382926,0.0,0.07747144997119904,0.18589241802692413,0.1632550060749054,0.023433923721313477,49.30782699584961,1,0.021081628277897835,0.15848445892333984,-0.18718115985393524,0.02325534075498581,46.55482482910156,1,0.015401151031255722,-0.31472790241241455,0.1476786881685257,0.022784635424613953,34.338462829589844,1,0.008242812007665634,-0.25435754656791687,-0.17469097673892975,0.023190006613731384,29.428295135498047,1,0.002901599509641528
147,2.94,stand,0.0,0.0,0.0,0.3091774582862854,-0.027015406638383865,0.004169510677456856,2.593566387076862e-05,0.000181536641321145,-0.8569148395787122,-2.216128727631038,4,0,0,1.3847289665136486e-05,2.1929688955424353e-05,3.739284511539154e-05,3.1075072911335155e-05,-0.000181536641321145,0.0,0.07747174054384232,0.18589308857917786,0.1632554680109024,0.023433923721313477,49.309486389160156,1,0.021085282787680626,0.1584855318069458,-0.18718066811561584,0.02325522154569626,46.555660247802734,1,0.015394550748169422,-0.3147275149822235,0.14767834544181824,0.02278481423854828,34.33937072753906,1,0.008248412050306797,-0.2543562948703766,-0.1746911108493805,0.023190103471279144,29.428001403808594,1,0.002896639285609126
148,2.96,stand,0.0,0.0,0.0,0.3091772198677063,-0.0270161684602499,0.004169573541730642,2.7190884793526493e-05,0.0001775872806319967,-0.8568912007208815,-2.216127233527157,4,0,0,1.526447886135429e-05,2.2501997591461986e-05,3.8825681258458644e-05,3.1656516512157395e-05,-0.0001775872806319967,0.0,0.07747215032577515,0.1858934909105301,0.16325591504573822,0.023433804512023926,49.31052780151367,1,0.021087950095534325,0.15848639607429504,-0.18718041479587555,0.023255251348018646,46.55562973022461,1,0.015399501658976078,-0.31472694873809814,0.14767791330814362,0.02278481423854828,34.338741302490234,1,0.008256889879703522,-0.25435560941696167,-0.17469137907028198,0.02318991720676422,29.428422927856445,1,0.0028963929507881403
149,2.98,stand,0.0,0.0,0.0,0.30917713046073914,-0.027016909793019295,0.004169650375843048,2.8172316888230853e-05,0.0001771546812960878,-0.8568692694103435,-2.2161255259798645,4,0,0,1.6156544006662443e-05,2.307911381649319e-05,3.9803373510949314e-05,3.2268781069433317e-05,-0.0001771546812960878,0.0,0.07747156918048859,0.18589404225349426,0.16325607895851135,0.023433931171894073,49.309574127197266,1,0.021087108179926872,0.1584874540567398,-0.18718019127845764,0.023255281150341034,46.55615234375,1,0.01540073286741972,-0.31472665071487427,0.14767751097679138,0.02278488129377365,34.339012145996094,1,0.008267657831311226,-0.2543546259403229,-0.1746918112039566,0.023188911378383636,29.409542083740234,1,0.0030647721141576767
150,3.0,stand,0.0,0.0,0.0,0.309177041053772,-0.0270176250487566,0.004169701598584652,2.8262782507226802e-05,0.0001641315029701218,-0.8568970170538467,-2.2161737641908776,4,0,0,1.8220092897536233e-05,2.1605857909889892e-05,4.217263267491944e-05,3.091682447120547e-05,-0.0001641315029701218,0.0,0.07747228443622589,0.18589431047439575,0.16325612366199493,0.023433886468410492,49.312408447265625,1,0.02107197791337967,0.15848800539970398,-0.18718023598194122,0.023255296051502228,46.556949615478516,1,0.015392939560115337,-0.3147262632846832,0.1476769596338272,0.022784799337387085,34.34033203125,1,0.008259404450654984,-0.2543541491031647,-0.17469222843647003,0.023189008235931396,29.410289764404297,1,0.003054108703508973
151,3.02,stand,0.0,0.0,0.0,0.30917713046073914,-0.027018286287784576,0.004169709514826536,2.8889990062452853e-05,0.00014633203682024032,-0.8569450418214483,-2.216245267733751,4,0,0,2.0823810700676404e-05,2.0024994228151627e-05,4.504139724303968e-05,2.9442677259794436e-05,-0.00014633203682024032,0.0,0.07747369259595871,0.18589438498020172,0.16325615346431732,0.02343393862247467,49.312259674072266,1,0.021076327189803123,0.1584887057542801,-0.18718020617961884,0.023255303502082825,46.556602478027344,1,0.015391218475997448,-0.3147263526916504,0.14767645299434662,0.022784776985645294,34.340660095214844,1,0.0082579106092453,-0.2543538212776184,-0.17469266057014465,0.02319008857011795,29.4434757232666,1,0.0028876017313450575
152,3.04,stand,0.0,0.0,0.0,0.3091772794723511,-0.027018936350941658,0.004169738385826349,3.097738226642832e-05,0.00015494598483201116,-0.8569355969504866,-2.216311221747924,4,0,0,2.171370761061553e-05,2.2093283405411057e-05,4.5896835217718035e-05,3.150069824187085e-05,-0.00015494598483201116,0.0,0.07747354358434677,0.18589454889297485,0.16325643658638,0.023433946073055267,49.30519485473633,1,0.021081238985061646,0.15848912298679352,-0.18717999756336212,0.023255325853824615,46.55488204956055,1,0.015389141626656055,-0.31472596526145935,0.14767605066299438,0.02278478443622589,34.340614318847656,1,0.008258460089564323,-0.25435304641723633,-0.1746930032968521,0.0231899693608284,29.429943084716797,1,0.002891342155635357
153,3.06,stand,0.0,0.0,0.0,0.30917733907699585,-0.027019532397389412,0.004169808700680733,3.284155172877945e-05,0.00015530557720921934,-0.8569040073255754,-2.2162871026424176,4,0,0,2.339820275665261e-05,2.3045424313750118e-05,4.7393812565132976e-05,3.2384305086452514e-05,-0.00015530557720921934,0.0,0.07747340202331543,0.18589487671852112,0.16325674951076508,0.023433834314346313,49.30748748779297,1,0.021080542355775833,0.15848980844020844,-0.1871798187494278,0.023255281150341034,46.555091857910156,1,0.015404355712234974,-0.3147256374359131,0.14767596125602722,0.02278495579957962,34.34001922607422,1,0.00825366098433733,-0.25435253977775574,-0.17469312250614166,0.023190155625343323,29.441802978515625,1,0.002888475777581334
154,3.08,stand,0.0,0.0,0.0,0.30917733907699585,-0.027020113542675972,0.004169908817857504,3.5096418287139386e-05,0.0001497672637924552,-0.8568762063212193,-2.21626426419738,4,0,0,2.5246716177207418e-05,2.4379542082897387e-05,4.905364039586857e-05,3.365010707057081e-05,-0.0001497672637924552,0.0,0.07747301459312439,0.18589544296264648,0.1632569581270218,0.02343372255563736,49.307212829589844,1,0.02107708901166916,0.1584906280040741,-0.1871795356273651,0.023255281150341034,46.555294036865234,1,0.015398013405501842,-0.31472495198249817,0.14767560362815857,0.022785022854804993,34.33980178833008,1,0.008255536668002605,-0.2543516755104065,-0.17469339072704315,0.023190222680568695,29.442718505859375,1,0.002887087408453226
155,3.1,stand,0.0,0.0,0.0,0.30917733907699585,-0.02702065370976925,0.004170022439211607,3.731407559826039e-05,0.0001455816236557439,-0.8568436028401031,-2.2162625566500878,4,0,0,2.708781357796397e-05,2.5663017368060537e-05,5.076481829746626e-05,3.48877911164891e-05,-0.0001455816236557439,0.0,0.07747267186641693,0.18589577078819275,0.16325728595256805,0.023433946073055267,49.3063850402832,1,0.02108186110854149,0.1584915816783905,-0.18717925250530243,0.02325526624917984,46.55634307861328,1,0.015396485105156898,-0.3147246539592743,0.1476752907037735,0.02278488129377365,34.34025192260742,1,0.008256741799414158,-0.2543506622314453,-0.1746934950351715,0.023190006613731384,29.443008422851562,1,0.002884443150833249
156,3.12,stand,0.0,0.0,0.0,0.3091772198677063,-0.02702118456363678,0.004170168656855822,3.891781670972705e-05,0.00016055589367169887,-0.8567939772469146,-2.216193614428153,4,0,0,2.7266438337392174e-05,2.7769368898589164e-05,5.0975166232092306e-05,3.700820161611773e-05,-0.00016055589367169887,0.0,0.07747133076190948,0.1858963668346405,0.16325773298740387,0.023433774709701538,49.30687713623047,1,0.021089287474751472,0.15849240124225616,-0.18717902898788452,0.023255228996276855,46.556846618652344,1,0.015399792231619358,-0.31472405791282654,0.14767511188983917,0.02278481423854828,34.341609954833984,1,0.008247725665569305,-0.25434982776641846,-0.1746937483549118,0.023189060389995575,29.412979125976562,1,0.003059813752770424
157,3.14,stand,0.0,0.0,0.0,0.3091771602630615,-0.027021657675504684,0.004170295782387257,3.915672641596757e-05,0.00014442337851505727,-0.8568131337931024,-2.216219014194129,4,0,0,2.9550194085459225e-05,2.569115167716518e-05,5.3552812460111454e-05,3.5046698030782863e-05,-0.00014442337851505727,0.0,0.07747284322977066,0.18589664995670319,0.16325749456882477,0.02343389391899109,49.31270980834961,1,0.02108042687177658,0.15849296748638153,-0.1871790587902069,0.023255184292793274,46.55784606933594,1,0.015388122759759426,-0.31472402811050415,0.147674560546875,0.022784851491451263,34.342254638671875,1,0.008250781334936619,-0.25434914231300354,-0.17469416558742523,0.02319011092185974,29.423063278198242,1,0.002903958549723029
158,3.16,stand,0.0,0.0,0.0,0.3091772794723511,-0.027022115886211395,0.004170397762209177,3.934720371034928e-05,0.0001354798296233639,-0.8568366125683744,-2.216245481177163,4,0,0,3.07513982988894e-05,2.4546976419514976e-05,5.479961328092031e-05,3.3921860449481755e-05,-0.0001354798296233639,0.0,0.07747289538383484,0.18589681386947632,0.16325750946998596,0.023433856666088104,49.30875778198242,1,0.021083546802401543,0.15849341452121735,-0.18717902898788452,0.023255273699760437,46.556373596191406,1,0.01538864430040121,-0.3147236704826355,0.14767415821552277,0.022784985601902008,34.34204864501953,1,0.008253582753241062,-0.2543486952781677,-0.17469458281993866,0.023190177977085114,29.44264793395996,1,0.002883518347516656
159,3.18,stand,0.0,0.0,0.0,0.30917730927467346,-0.0270225889980793,0.004170500207692385,4.0617571357870474e-05,0.00014200113946571946,-0.8568159085574527,-2.2162885967462986,4,0,0,3.137002568109892e-05,2.5801327865337953e-05,5.538377081393264e-05,3.516475044307299e-05,-0.00014200113946571946,0.0,0.07747295498847961,0.18589696288108826,0.16325761377811432,0.023433931171894073,49.306549072265625,1,0.021080832928419113,0.15849372744560242,-0.18717904388904572,0.023255452513694763,46.55491256713867,1,0.015396066009998322,-0.3147237002849579,0.14767393469810486,0.022784844040870667,34.34233856201172,1,0.008257386274635792,-0.2543485164642334,-0.17469482123851776,0.023189954459667206,29.428693771362305,1,0.002900597872212529
160,3.2,stand,0.0,0.0,0.0,0.30917736887931824,-0.027023009955883026,0.004170626401901245,4.140165765420534e-05,0.00014403968816623092,-0.8567875739445678,-2.216286462312183,4,0,0,3.222847590222955e-05,2.5988892957684584e-05,5.620307274512015e-05,3.533881681505591e-05,-0.00014403968816623092,0.0,0.07747285813093185,0.18589696288108826,0.16325798630714417,0.023433923721313477,49.30779266357422,1,0.021085087209939957,0.15849432349205017,-0.18717877566814423,0.023255392909049988,46.55522537231445,1,0.015394493006169796,-0.31472352147102356,0.1476736068725586,0.022784866392612457,34.341434478759766,1,0.008261911571025848,-0.25434809923171997,-0.17469492554664612,0.023190096020698547,29.4228515625,1,0.0029071299359202385
161,3.22,stand,0.0,0.0,0.0,0.3091773986816406,-0.027023423463106155,0.00417072931304574,4.179623647360131e-05,0.00013436804874800146,-0.8567924297821808,-2.2163110083045123,4,0,0,3.354834552737884e-05,2.4928578568506055e-05,5.745496673625894e-05,3.425406612223014e-05,-0.00013436804874800146,0.0,0.07747282087802887,0.18589726090431213,0.163257896900177,0.023433908820152283,49.30868148803711,1,0.02107860893011093,0.15849468111991882,-0.1871788650751114,0.0232553631067276,46.55513000488281,1,0.015398271381855011,-0.3147231936454773,0.1476733386516571,0.022784680128097534,34.34156036376953,1,0.008258268237113953,-0.2543475031852722,-0.1746952086687088,0.02319008857011795,29.442420959472656,1,0.0028862236067652702
162,3.24,stand,0.0,0.0,0.0,0.3091773986816406,-0.027023812755942345,0.0041708434000611305,4.266848191036843e-05,0.0001392489211866632,-0.8567710320801717,-2.2163103679742777,4,0,0,3.399072011234239e-05,2.579206193331629e-05,5.786880501545966e-05,3.510789974825457e-05,-0.0001392489211866632,0.0,0.07747291773557663,0.18589751422405243,0.16325800120830536,0.0234338641166687,49.30731201171875,1,0.0210773553699255,0.15849529206752777,-0.18717868626117706,0.023255325853824615,46.556236267089844,1,0.015400286763906479,-0.31472310423851013,0.1476730853319168,0.022784844040870667,34.34149169921875,1,0.008261491544544697,-0.25434693694114685,-0.1746954321861267,0.02319004386663437,29.428403854370117,1,0.0028944166842848063
163,3.2600000000000002,stand,0.0,0.0,0.0,0.3091774582862854,-0.02702418714761734,0.00417097145691514,4.271130819688551e-05,0.00014376673789229244,-0.8567349067827646,-2.2162860354253597,4,0,0,3.394229497644119e-05,2.592636337794829e-05,5.788634007330984e-05,3.526745058479719e-05,-0.00014376673789229244,0.0,0.07747236639261246,0.185897558927536,0.1632583886384964,0.023433923721313477,49.308101654052734,1,0.02108064666390419,0.15849587321281433,-0.18717846274375916,0.023255370557308197,46.55549240112305,1,0.015401121228933334,-0.31472277641296387,0.1476728618144989,0.02278483659029007,34.34184265136719,1,0.008257856592535973,-0.25434646010398865,-0.17469562590122223,0.0231899693608284,29.426197052001953,1,0.0029005398973822594
164,3.2800000000000002,stand,0.0,0.0,0.0,0.3091774582862854,-0.027024567127227783,0.004171086475253105,4.328237264417112e-05,0.00013600970851257443,-0.8567262089637434,-2.216286462312183,4,0,0,3.506412758724764e-05,2.5374603865202516e-05,5.8967911172658205e-05,3.470192677923478e-05,-0.00013600970851257443,0.0,0.07747252285480499,0.18589812517166138,0.1632584035396576,0.023433998227119446,49.308467864990234,1,0.02108287438750267,0.15849627554416656,-0.18717844784259796,0.023255355656147003,46.555294036865234,1,0.015398290008306503,-0.31472253799438477,0.14767254889011383,0.022784791886806488,34.34141159057617,1,0.008260991424322128,-0.25434595346450806,-0.17469580471515656,0.023190192878246307,29.441287994384766,1,0.002886795671656728
165,3.3000000000000003,stand,0.0,0.0,0.0,0.309177428483963,-0.027024928480386734,0.004171200096607208,4.451085260370746e-05,0.000126190745504573,-0.8567131889156381,-2.2163086604269853,4,0,0,3.6510362406261265e-05,2.5459958123974502e-05,6.03286134719383e-05,3.47570312442258e-05,-0.000126190745504573,0.0,0.07747306674718857,0.18589812517166138,0.1632583737373352,0.023433983325958252,49.306095123291016,1,0.021076148375868797,0.15849681198596954,-0.1871783286333084,0.023255467414855957,46.55498123168945,1,0.015401819720864296,-0.3147225081920624,0.1476723849773407,0.022784918546676636,34.342491149902344,1,0.008260334841907024,-0.2543456554412842,-0.17469601333141327,0.02319016307592392,29.443056106567383,1,0.0028841833118349314
166,3.3200000000000003,stand,0.0,0.0,0.0,0.30917736887931824,-0.027025256305933,0.004171311389654875,4.631669071386568e-05,0.00012242762022651732,-0.8566856013546936,-2.2163291509944956,4,0,0,3.809950067079626e-05,2.633749863889534e-05,6.18407066212967e-05,3.560836557880975e-05,-0.00012242762022651732,0.0,0.07747307419776917,0.18589839339256287,0.1632586419582367,0.023434005677700043,49.306827545166016,1,0.021092528477311134,0.15849700570106506,-0.1871781349182129,0.023255333304405212,46.55521011352539,1,0.015391726046800613,-0.3147222697734833,0.14767217636108398,0.022784724831581116,34.34286880493164,1,0.008257048204541206,-0.25434523820877075,-0.17469610273838043,0.023190081119537354,29.44279670715332,1,0.002889234572649002
167,3.34,stand,0.0,0.0,0.0,0.30917730927467346,-0.02702554501593113,0.004171445500105619,4.730557702714577e-05,0.00011981406714767218,-0.8566620692185688,-2.216307166323104,4,0,0,3.9142207242548466e-05,2.6565114239929244e-05,6.287489668466151e-05,3.583485522540286e-05,-0.00011981406714767218,0.0,0.07747314870357513,0.18589861690998077,0.16325883567333221,0.023434005677700043,49.30778121948242,1,0.02108478732407093,0.1584974229335785,-0.18717816472053528,0.02325531840324402,46.55509948730469,1,0.015393543988466263,-0.31472206115722656,0.14767201244831085,0.022784918546676636,34.34185791015625,1,0.008267016150057316,-0.2543450593948364,-0.17469629645347595,0.023190155625343323,29.442258834838867,1,0.0028886881191283464
168,3.36,stand,0.0,0.0,0.0,0.30917733907699585,-0.027025803923606873,0.004171576350927353,4.831567275687121e-05,0.00011896471551153809,-0.8566407782382653,-2.2163075932099274,4,0,0,4.011939381598495e-05,2.6922823963104747e-05,6.385380402207375e-05,3.619528797571547e-05,-0.00011896471551153809,0.0,0.07747311145067215,0.18589870631694794,0.16325882077217102,0.023433983325958252,49.3073616027832,1,0.02108239382505417,0.15849792957305908,-0.18717800080776215,0.02325550466775894,46.5565185546875,1,0.015397859737277031,-0.31472182273864746,0.14767184853553772,0.022784903645515442,34.3419189453125,1,0.008262895047664642,-0.2543444037437439,-0.17469647526741028,0.023190200328826904,29.442161560058594,1,0.002882659202441573
169,3.38,stand,0.0,0.0,0.0,0.3091772794723511,-0.027026070281863213,0.004171720240265131,4.896283644484356e-05,0.000127020975924097,-0.8566118032951457,-2.216306099106047,4,0,0,4.0361410356126726e-05,2.771850813587662e-05,6.416810356313363e-05,3.701973764691502e-05,-0.000127020975924097,0.0,0.07747294753789902,0.18589885532855988,0.16325896978378296,0.023433953523635864,49.30733871459961,1,0.02108072116971016,0.1584981083869934,-0.18717792630195618,0.023255303502082825,46.5565185546875,1,0.015398593619465828,-0.31472161412239075,0.14767177402973175,0.022784844040870667,34.34418869018555,1,0.008247307501733303,-0.2543438673019409,-0.17469659447669983,0.023190081119537354,29.427734375,1,0.002899361541494727
170,3.4,stand,0.0,0.0,0.0,0.3091772198677063,-0.027026331052184105,0.004171865992248058,4.8589976358925924e-05,0.0001285299804294482,-0.8566057735187691,-2.216307166323104,4,0,0,4.04576858272776e-05,2.6910245651379228e-05,6.436940748244524e-05,3.6251574783818796e-05,-0.0001285299804294482,0.0,0.07747320830821991,0.18589900434017181,0.16325895488262177,0.023433782160282135,49.31022262573242,1,0.021086592227220535,0.15849854052066803,-0.18717791140079498,0.023255370557308197,46.556427001953125,1,0.015389006584882736,-0.3147217631340027,0.14767144620418549,0.022784829139709473,34.342838287353516,1,0.008263397961854935,-0.254343718290329,-0.17469681799411774,0.02319004386663437,29.427152633666992,1,0.0028991710860282183
171,3.42,stand,0.0,0.0,0.0,0.3091772794723511,-0.027026569470763206,0.0041719782166182995,4.753928806167096e-05,0.0001306050253333524,-0.8566053999927988,-2.216308873870397,4,0,0,4.003839421784505e-05,2.5630271920817904e-05,6.409511115634814e-05,3.502578329062089e-05,-0.0001306050253333524,0.0,0.07747247070074081,0.18589907884597778,0.16325892508029938,0.023433975875377655,49.308250427246094,1,0.02108229696750641,0.15849870443344116,-0.18717792630195618,0.023255325853824615,46.5546989440918,1,0.01539726834744215,-0.3147214353084564,0.14767111837863922,0.022785000503063202,34.342689514160156,1,0.0082653583958745,-0.2543434202671051,-0.17469702661037445,0.02318909764289856,29.408676147460938,1,0.0030523899476975203
172,3.44,stand,0.0,0.0,0.0,0.309177428483963,-0.02702682837843895,0.004172038286924362,4.710220673587173e-05,0.00011863138934131712,-0.8566513436871378,-2.2163598868457606,4,0,0,4.141686804359779e-05,2.243347989860922e-05,6.574915460078046e-05,3.193606607965194e-05,-0.00011863138934131712,0.0,0.07747240364551544,0.18589907884597778,0.16325877606868744,0.02343396097421646,49.31121063232422,1,0.0210927352309227,0.15849871933460236,-0.18717820942401886,0.02325538545846939,46.55500793457031,1,0.01538803894072771,-0.31472140550613403,0.14767077565193176,0.022784970700740814,34.343040466308594,1,0.008268251083791256,-0.2543434798717499,-0.17469750344753265,0.02318902313709259,29.408910751342773,1,0.0030575846321880817
173,3.46,stand,0.0,0.0,0.0,0.3091776669025421,-0.02702704444527626,0.004172021057456732,4.627577436622232e-05,0.0001101593516068533,-0.8567155367931653,-2.216433951709573,4,0,0,4.219088441459462e-05,1.900990719150286e-05,6.679617945337668e-05,2.8617270800168626e-05,-0.0001101593516068533,0.0,0.07747244834899902,0.1858988106250763,0.16325850784778595,0.023433834314346313,49.31087875366211,1,0.02108626998960972,0.15849892795085907,-0.18717847764492035,0.02325541526079178,46.55460739135742,1,0.01538641657680273,-0.3147219121456146,0.14767037332057953,0.022784806787967682,34.34415054321289,1,0.008265412412583828,-0.25434350967407227,-0.1746978908777237,0.023189030587673187,29.4096736907959,1,0.0030594489071518183
174,3.48,stand,0.0,0.0,0.0,0.30917805433273315,-0.027027256786823273,0.004171944223344326,4.5778175262967125e-05,0.00010791728709591553,-0.8567770084956954,-2.216507589686562,4,0,0,4.274109232937917e-05,1.6396355931647122e-05,6.75113988108933e-05,2.6066920327139087e-05,-0.00010791728709591553,0.0,0.07747218012809753,0.18589872121810913,0.16325832903385162,0.023433834314346313,49.30955505371094,1,0.021080197766423225,0.15849865972995758,-0.1871786266565323,0.023255236446857452,46.555057525634766,1,0.015384183265268803,-0.3147219717502594,0.14767014980316162,0.022784925997257233,34.3436393737793,1,0.008263042196631432,-0.25434356927871704,-0.17469805479049683,0.023189112544059753,29.410573959350586,1,0.003054290544241667
175,3.5,stand,0.0,0.0,0.0,0.3091784417629242,-0.02702745795249939,0.004171822685748339,4.572976104100235e-05,0.00010458973702043295,-0.8568430158707212,-2.216581867993786,4,0,0,4.3419528083177283e-05,1.4351148820423987e-05,6.824188312748447e-05,2.4042019504122436e-05,-0.00010458973702043295,0.0,0.07747285068035126,0.18589848279953003,0.16325800120830536,0.023433931171894073,49.30714416503906,1,0.02107710763812065,0.15849831700325012,-0.18717887997627258,0.023255273699760437,46.55447769165039,1,0.015389656648039818,-0.31472212076187134,0.14766985177993774,0.02278478443622589,34.34329605102539,1,0.008257269859313965,-0.2543438673019409,-0.1746983826160431,0.023190118372440338,29.42364501953125,1,0.0028977496549487114
176,3.52,stand,0.0,0.0,0.0,0.3091788589954376,-0.027027655392885208,0.004171700216829777,4.5462384150596336e-05,0.0001149607851402834,-0.8568601447044991,-2.2166292524311526,4,0,0,4.3100921175209805e-05,1.4461641512752976e-05,6.76225172355771e-05,2.403573671472259e-05,-0.0001149607851402834,0.0,0.07747223973274231,0.1858983188867569,0.16325806081295013,0.02343389391899109,49.303226470947266,1,0.02107202634215355,0.1584986001253128,-0.18717879056930542,0.023255445063114166,46.55279541015625,1,0.015392876230180264,-0.3147223889827728,0.14766983687877655,0.022784918546676636,34.3424186706543,1,0.00826108269393444,-0.2543438971042633,-0.1746983826160431,0.02319014072418213,29.427772521972656,1,0.002896280027925968
177,3.54,stand,0.0,0.0,0.0,0.30917903780937195,-0.02702784724533558,0.004171586595475674,4.6246736019384116e-05,0.00011331884161336347,-0.8568633997165255,-2.216610255967524,4,0,0,4.38457791460678e-05,1.4707424270454794e-05,6.793548527639359e-05,2.4116485292324796e-05,-0.00011331884161336347,0.0,0.07747106999158859,0.185898557305336,0.16325828433036804,0.02343389391899109,49.30427932739258,1,0.021083848550915718,0.1584988534450531,-0.18717868626117706,0.0232553631067276,46.55335998535156,1,0.015392757020890713,-0.31472206115722656,0.14766980707645416,0.022784829139709473,34.34129333496094,1,0.008259139023721218,-0.25434380769729614,-0.17469839751720428,0.02319006621837616,29.441452026367188,1,0.002887880429625511
178,3.56,stand,0.0,0.0,0.0,0.30917906761169434,-0.027028042823076248,0.004171487409621477,4.6760043915128335e-05,0.00011597734555834904,-0.8568457372742186,-2.2165024670446845,4,0,0,4.3912419641856104e-05,1.606863588676788e-05,6.766592559870332e-05,2.5349278075736947e-05,-0.00011597734555834904,0.0,0.07747010886669159,0.18589931726455688,0.16325850784778595,0.02343384176492691,49.30379867553711,1,0.021074771881103516,0.15849970281124115,-0.18717841804027557,0.023255355656147003,46.55389404296875,1,0.015394305810332298,-0.31472140550613403,0.14766985177993774,0.022784993052482605,34.34183120727539,1,0.008252622559666634,-0.2543430030345917,-0.17469823360443115,0.023190222680568695,29.441312789916992,1,0.0028889256063848734
179,3.58,stand,0.0,0.0,0.0,0.3091789484024048,-0.027028221637010574,0.004171416163444519,4.8103047447511926e-05,0.00011215561244171113,-0.8568062502430795,-2.216457217041433,4,0,0,4.4796794099966064e-05,1.7525704606669024e-05,6.828356708865613e-05,2.6706011340138502e-05,-0.00011215561244171113,0.0,0.07746999710798264,0.1858995407819748,0.16325895488262177,0.023433968424797058,49.304019927978516,1,0.021074749529361725,0.15849989652633667,-0.1871781051158905,0.023255430161952972,46.55513000488281,1,0.015402300283312798,-0.31472086906433105,0.1476699858903885,0.022785060107707977,34.34221267700195,1,0.008256034925580025,-0.2543421685695648,-0.1746981143951416,0.023190200328826904,29.441781997680664,1,0.002888003597036004
180,3.6,stand,0.0,0.0,0.0,0.3091786503791809,-0.027028370648622513,0.004171386361122131,4.943154635839164e-05,0.0001116329149226658,-0.8567634548390611,-2.216432884492515,4,0,0,4.548229480860755e-05,1.9360757505637594e-05,6.879092688905075e-05,2.8474734790506773e-05,-0.0001116329149226658,0.0,0.0774700939655304,0.18589988350868225,0.16325922310352325,0.023434020578861237,49.30442428588867,1,0.02107507921755314,0.15850043296813965,-0.1871776431798935,0.023255333304405212,46.555946350097656,1,0.01539528276771307,-0.3147207498550415,0.14767010509967804,0.022784844040870667,34.34253692626953,1,0.00825793668627739,-0.2543419599533081,-0.17469793558120728,0.02319006621837616,29.442066192626953,1,0.0028870718088001013
181,3.62,stand,0.0,0.0,0.0,0.3091784119606018,-0.0270285252481699,0.004171403124928474,4.989923399989493e-05,0.0001231863716384396,-0.8567227938691584,-2.216387421045852,4,0,0,4.500800059759058e-05,2.1545618437812664e-05,6.835776002844796e-05,3.067601574002765e-05,-0.0001231863716384396,0.0,0.0774693489074707,0.18590015172958374,0.16325952112674713,0.023433953523635864,49.30537796020508,1,0.021084856241941452,0.1585008203983307,-0.18717749416828156,0.023255467414855957,46.55733871459961,1,0.01539985928684473,-0.3147205412387848,0.14767009019851685,0.02278478443622589,34.34382629394531,1,0.008255998603999615,-0.2543414235115051,-0.17469796538352966,0.023189030587673187,29.409393310546875,1,0.0030570444650948048
182,3.64,stand,0.0,0.0,0.0,0.30917826294898987,-0.027028672397136688,0.004171399865299463,5.026383223594166e-05,0.00010635313810780644,-0.8567388554858786,-2.216412820811828,4,0,0,4.619514584192075e-05,1.9810635421890765e-05,6.985763320699334e-05,2.9063001420581713e-05,-0.00010635313810780644,0.0,0.07747116684913635,0.18589989840984344,0.16325952112674713,0.02343391627073288,49.311134338378906,1,0.021079743281006813,0.15850089490413666,-0.18717746436595917,0.023255355656147003,46.55759048461914,1,0.015395737253129482,-0.31472066044807434,0.14767006039619446,0.022784948348999023,34.34294509887695,1,0.008265342563390732,-0.2543415129184723,-0.1746981143951416,0.02319028228521347,29.441360473632812,1,0.002893216209486127
183,3.66,stand,0.0,0.0,0.0,0.3091781437397003,-0.02702881582081318,0.004171403590589762,5.055215660831891e-05,0.00011357471521478146,-0.8567364008866456,-2.216436726473923,4,0,0,4.585515853250399e-05,2.127968764398247e-05,6.963058694964275e-05,3.0576040444429964e-05,-0.00011357471521478146,0.0,0.07747158408164978,0.18589989840984344,0.1632596105337143,0.023433946073055267,49.30596160888672,1,0.02108972705900669,0.15850088000297546,-0.18717747926712036,0.02325531095266342,46.556522369384766,1,0.01539922971278429,-0.31472066044807434,0.14766988158226013,0.02278491109609604,34.34488296508789,1,0.008258391171693802,-0.2543415427207947,-0.17469801008701324,0.02319006621837616,29.428255081176758,1,0.0028993382584303617
184,3.68,stand,0.0,0.0,0.0,0.3091781437397003,-0.027028976008296013,0.004171428736299276,5.0301568990107626e-05,0.00012206586688989773,-0.8567119616160216,-2.2164136745854743,4,0,0,4.524106770986691e-05,2.1988495063851587e-05,6.907086208229885e-05,3.1305018637795e-05,-0.00012206586688989773,0.0,0.07747124880552292,0.1859002411365509,0.16325975954532623,0.023433931171894073,49.30732727050781,1,0.021079765632748604,0.15850116312503815,-0.18717722594738007,0.02325538545846939,46.55564880371094,1,0.015391376800835133,-0.31472048163414,0.14766989648342133,0.022784851491451263,34.343902587890625,1,0.008254650980234146,-0.2543410062789917,-0.17469815909862518,0.023190028965473175,29.426422119140625,1,0.002893556607887149
185,3.7,stand,0.0,0.0,0.0,0.30917808413505554,-0.027029165998101234,0.004171466920524836,5.005593266105279e-05,0.00012253684690222144,-0.8567046511791756,-2.216415382132767,4,0,0,4.4972544856136665e-05,2.1978778022457846e-05,6.884352478664368e-05,3.131060293526389e-05,-0.00012253684690222144,0.0,0.07747069746255875,0.1859002262353897,0.1632598340511322,0.02343393862247467,49.306549072265625,1,0.021085064858198166,0.1585015058517456,-0.1871771216392517,0.023255303502082825,46.55618667602539,1,0.015394078567624092,-0.31472042202949524,0.14766977727413177,0.02278491109609604,34.343021392822266,1,0.008266991935670376,-0.2543407380580902,-0.174698144197464,0.02318909764289856,29.40777015686035,1,0.0030584794003516436
186,3.72,stand,0.0,0.0,0.0,0.30917808413505554,-0.02702927403151989,0.004171454347670078,4.998730219085701e-05,0.00011091341730207205,-0.8567492074913393,-2.216465968221307,4,0,0,4.5916160161141306e-05,1.9759469068958424e-05,7.005097722867504e-05,2.9193697628215887e-05,-0.00011091341730207205,0.0,0.07747102528810501,0.18590010702610016,0.16325953602790833,0.023433901369571686,49.31058120727539,1,0.021084854379296303,0.1585015207529068,-0.18717743456363678,0.02325555682182312,46.556671142578125,1,0.015390990301966667,-0.31472060084342957,0.1476694941520691,0.022784695029258728,34.343841552734375,1,0.008264189586043358,-0.2543410062789917,-0.17469847202301025,0.023188970983028412,29.408815383911133,1,0.0030542202293872833
187,3.74,stand,0.0,0.0,0.0,0.30917826294898987,-0.02702942118048668,0.004171396140009165,4.9460475565865636e-05,0.00010219476098427549,-0.8568088115640183,-2.2165400330851197,4,0,0,4.63062351627741e-05,1.7380196368321776e-05,7.07475483068265e-05,2.693211536097806e-05,-0.00010219476098427549,0.0,0.07747141271829605,0.18589989840984344,0.1632593870162964,0.023433849215507507,49.31013488769531,1,0.021082287654280663,0.15850108861923218,-0.1871776133775711,0.023255430161952972,46.555171966552734,1,0.015394957736134529,-0.3147207498550415,0.14766913652420044,0.022784747183322906,34.345420837402344,1,0.008258868008852005,-0.25434112548828125,-0.17469871044158936,0.023189030587673187,29.409643173217773,1,0.0030587981455028057
188,3.7600000000000002,stand,0.0,0.0,0.0,0.3091786205768585,-0.02702954038977623,0.0041712867096066475,4.949382127961144e-05,9.63742786552757e-05,-0.8568699097405782,-2.2166136710621087,4,0,0,4.705078390543349e-05,1.5357807569671422e-05,7.163731788750738e-05,2.4966126147774048e-05,-9.63742786552757e-05,0.0,0.07747208327054977,0.18589968979358673,0.16325919330120087,0.023433931171894073,49.30854797363281,1,0.021074790507555008,0.15850086510181427,-0.18717776238918304,0.023255333304405212,46.554141998291016,1,0.015384799800813198,-0.3147209882736206,0.14766909182071686,0.022784940898418427,34.34470748901367,1,0.008258501067757607,-0.2543414831161499,-0.17469888925552368,0.02319008857011795,29.423776626586914,1,0.0029041431844234467
189,3.7800000000000002,stand,0.0,0.0,0.0,0.3091788589954376,-0.027029698714613914,0.004171193577349186,4.869278927799314e-05,0.00011048342275898904,-0.8568740185262508,-2.216658494178537,4,0,0,4.608078961609863e-05,1.5733676264062524e-05,7.04997219145298e-05,2.5275416192016564e-05,-0.00011048342275898904,0.0,0.07747171074151993,0.18589945137500763,0.163259357213974,0.023433774709701538,49.303497314453125,1,0.021081266924738884,0.15850096940994263,-0.1871778517961502,0.023255281150341034,46.55376434326172,1,0.015397260896861553,-0.314721018075943,0.1476689577102661,0.022784851491451263,34.343231201171875,1,0.008264141157269478,-0.2543414533138275,-0.17469891905784607,0.023190103471279144,29.427183151245117,1,0.0028956052847206593
190,3.8000000000000003,stand,0.0,0.0,0.0,0.3091789782047272,-0.0270298533141613,0.00417111162096262,4.874928345088847e-05,0.00011805543181253597,-0.8568678286673155,-2.2166172996001055,4,0,0,4.5765991671942174e-05,1.6791873349575326e-05,6.991061673033983e-05,2.6227935450151563e-05,-0.00011805543181253597,0.0,0.07746993750333786,0.18589983880519867,0.16325944662094116,0.023433804512023926,49.30451202392578,1,0.02108265832066536,0.158501535654068,-0.1871776282787323,0.02325538545846939,46.55447006225586,1,0.01539437472820282,-0.3147205412387848,0.14766894280910492,0.02278485894203186,34.34274673461914,1,0.008252824656665325,-0.25434091687202454,-0.1746988594532013,0.023189067840576172,29.412508010864258,1,0.0030576924327760935
191,3.8200000000000003,stand,0.0,0.0,0.0,0.30917906761169434,-0.027029968798160553,0.004171004053205252,4.886075475951657e-05,0.0001094375693355687,-0.8568868784917975,-2.2166219953551596,4,0,0,4.640735642169602e-05,1.528824031993281e-05,7.058694609440863e-05,2.473813947290182e-05,-0.0001094375693355687,0.0,0.07746978849172592,0.18589994311332703,0.1632595658302307,0.023433879017829895,49.308006286621094,1,0.021083803847432137,0.15850143134593964,-0.18717753887176514,0.02325528860092163,46.555763244628906,1,0.015389552339911461,-0.3147207498550415,0.14766907691955566,0.022784963250160217,34.34342575073242,1,0.008258477784693241,-0.2543410360813141,-0.17469894886016846,0.023189209401607513,29.40835952758789,1,0.003055724548175931
192,3.84,stand,0.0,0.0,0.0,0.3091791868209839,-0.027030099183321,0.004170869942754507,4.8796799092087895e-05,0.00010410258983029053,-0.8569162803217402,-2.2166920047941523,4,0,0,4.684660234488547e-05,1.365736716252286e-05,7.112951425369829e-05,2.314683842996601e-05,-0.00010410258983029053,0.0,0.07747097313404083,0.18589968979358673,0.16325946152210236,0.023433975875377655,49.307735443115234,1,0.02107575535774231,0.15850119292736053,-0.18717755377292633,0.023255392909049988,46.55535125732422,1,0.015387176536023617,-0.314721018075943,0.14766888320446014,0.02278495579957962,34.34379577636719,1,0.008261101320385933,-0.254341185092926,-0.17469891905784607,0.02319001406431198,29.426876068115234,1,0.002894283039495349
193,3.86,stand,0.0,0.0,0.0,0.3091793358325958,-0.027030231431126595,0.004170746076852083,4.8555761168245226e-05,0.0001137691069743596,-0.8569098236585404,-2.216670660452996,4,0,0,4.6239671064540744e-05,1.4817383998888545e-05,7.036501483526081e-05,2.424567355774343e-05,-0.0001137691069743596,0.0,0.07747038453817368,0.18589970469474792,0.16325980424880981,0.023433923721313477,49.30405044555664,1,0.021083561703562737,0.15850140154361725,-0.1871773600578308,0.023255325853824615,46.553985595703125,1,0.015398592688143253,-0.31472089886665344,0.1476689726114273,0.02278495579957962,34.34288787841797,1,0.008260831236839294,-0.2543410360813141,-0.1746988296508789,0.023190200328826904,29.427047729492188,1,0.0028917680028826
194,3.88,stand,0.0,0.0,0.0,0.3091793358325958,-0.027030369266867638,0.004170638974756002,4.952016024617478e-05,0.00010583828407106921,-0.8569083829155124,-2.2166514505459554,4,0,0,4.7010664275148883e-05,1.5564181012450717e-05,7.082423690008e-05,2.4874241717043333e-05,-0.00010583828407106921,0.0,0.0774703174829483,0.18590009212493896,0.16325989365577698,0.023434028029441833,49.30388641357422,1,0.021081555634737015,0.15850162506103516,-0.18717719614505768,0.023255497217178345,46.55406188964844,1,0.015398961491882801,-0.31472060084342957,0.14766892790794373,0.022784888744354248,34.34235763549805,1,0.008260817267000675,-0.25434058904647827,-0.1746988296508789,0.02319014072418213,29.441802978515625,1,0.0028877006843686104
195,3.9,stand,0.0,0.0,0.0,0.3091792166233063,-0.02703048288822174,0.004170559346675873,5.088914986117743e-05,0.00010379674495197833,-0.8568850642227991,-2.2166083349768195,4,0,0,4.777403955813497e-05,1.7531310732010752e-05,7.130682934075594e-05,2.6735919163911603e-05,-0.00010379674495197833,0.0,0.07746990770101547,0.1859002560377121,0.16326014697551727,0.023433811962604523,49.30245590209961,1,0.02108265459537506,0.1585019826889038,-0.18717697262763977,0.02325531840324402,46.554832458496094,1,0.015395903028547764,-0.3147205412387848,0.14766916632652283,0.022785000503063202,34.342647552490234,1,0.008262026123702526,-0.25434044003486633,-0.17469865083694458,0.023190148174762726,29.442590713500977,1,0.0028835576958954334
196,3.92,stand,0.0,0.0,0.0,0.3091789782047272,-0.027030570432543755,0.00417053047567606,5.249006790108979e-05,0.0001023799559334293,-0.8568588640440298,-2.2165218903951365,4,0,0,4.863565118284896e-05,1.974286169570405e-05,7.197824015747756e-05,2.887756454583723e-05,-0.0001023799559334293,0.0,0.07746938616037369,0.1859007030725479,0.1632603406906128,0.023434028029441833,49.30318832397461,1,0.021073050796985626,0.1585026979446411,-0.1871766448020935,0.023255452513694763,46.55645751953125,1,0.015394499525427818,-0.3147198557853699,0.14766927063465118,0.022784806787967682,34.34273147583008,1,0.008252651430666447,-0.2543398141860962,-0.17469868063926697,0.0231902077794075,29.441944122314453,1,0.002887961221858859
197,3.94,stand,0.0,0.0,0.0,0.30917876958847046,-0.027030659839510918,0.004170550033450127,5.336319372872822e-05,0.0001137176514021121,-0.8568148947012478,-2.2164550826073177,4,0,0,4.8393219913123176e-05,2.2488366084871814e-05,7.172996993176639e-05,3.162229768349789e-05,-0.0001137176514021121,0.0,0.07746828347444534,0.1859012097120285,0.16326066851615906,0.023434072732925415,49.304317474365234,1,0.02108754962682724,0.15850327908992767,-0.18717648088932037,0.023255452513694763,46.558006286621094,1,0.015392149798572063,-0.3147193491458893,0.14766934514045715,0.022784806787967682,34.344512939453125,1,0.008246053010225296,-0.2543392777442932,-0.17469848692417145,0.023189112544059753,29.413259506225586,1,0.0030538211576640606
198,3.96,stand,0.0,0.0,0.0,0.3091786801815033,-0.027030732482671738,0.004170571453869343,5.382566814660095e-05,0.00010140027734450996,-0.8568234857985633,-2.2164802689298817,4,0,0,4.940241706208326e-05,2.1368285160860978e-05,7.306963379960507e-05,3.063108670176007e-05,-0.00010140027734450996,0.0,0.0774698406457901,0.18590106070041656,0.16326050460338593,0.023433975875377655,49.30891036987305,1,0.021079322323203087,0.15850311517715454,-0.18717660009860992,0.023255474865436554,46.557498931884766,1,0.015389340929687023,-0.314719557762146,0.14766915142536163,0.022784829139709473,34.34455490112305,1,0.008264383301138878,-0.25433921813964844,-0.1746985763311386,0.0231899693608284,29.422697067260742,1,0.002904252614825964
199,3.98,stand,0.0,0.0,0.0,0.30917859077453613,-0.027030834928154945,0.004170594271272421,5.291769411996938e-05,0.00011448634177213535,-0.8568199106214196,-2.216503320818331,4,0,0,4.8086276365211233e-05,2.209055128332693e-05,7.189965981524438e-05,3.140759145026095e-05,-0.00011448634177213535,0.0,0.07746952772140503,0.1859009712934494,0.16326050460338593,0.023433886468410492,49.305912017822266,1,0.021076228469610214,0.15850315988063812,-0.18717649579048157,0.02325538545846939,46.55714416503906,1,0.015387746505439281,-0.31471970677375793,0.14766928553581238,0.022784963250160217,34.34485626220703,1,0.008258146233856678,-0.2543392479419708,-0.1746985763311386,0.02318911999464035,29.412803649902344,1,0.0030518430285155773
200,4.0,stand,0.0,0.0,0.0,0.30917859077453613,-0.02703092060983181,0.004170597530901432,5.317941031535156e-05,0.000104153310530819,-0.8568557157537092,-2.2165308550184224,4,0,0,4.896241443930194e-05,2.075407246593386e-05,7.304023893084377e-05,3.017431117768865e-05,-0.000104153310530819,0.0,0.07746995240449905,0.18590103089809418,0.16326040029525757,0.023433968424797058,49.30850601196289,1,0.021081462502479553,0.15850289165973663,-0.18717673420906067,0.02325531095266342,46.55672836303711,1,0.015396893955767155,-0.3147197961807251,0.1476690173149109,0.02278505265712738,34.34414291381836,1,0.008266187272965908,-0.2543394863605499,-0.17469875514507294,0.023189082741737366,29.40932273864746,1,0.003054948290809989
201,4.0200000000000005,walk,0.5,0.0,0.0,0.30944573879241943,-0.026425428688526154,0.004273996688425541,0.04912695661187172,0.053241945803165436,-0.5244426818453535,-2.21773915817128,4,0,0,0.04842681065201759,0.008264495059847832,0.04921155050396919,0.0085153728723526,0.053241945803165436,0.0,0.07593679428100586,0.1854500025510788,0.16472913324832916,0.02342776209115982,38.205535888671875,1,0.016477292403578758,0.1578243523836136,-0.18572627007961273,0.023254595696926117,40.93619155883789,1,0.04079451411962509,-0.3151578903198242,0.14940418303012848,0.022779099643230438,44.514549255371094,1,0.03813762962818146,-0.25501400232315063,-0.17301331460475922,0.023175455629825592,50.38170623779297,1,0.027399472892284393
202,4.04,walk,0.5,0.0,0.0,0.3104749619960785,-0.024924080818891525,0.004604867193847895,0.09345235675573349,0.1192053034901619,-0.08569788325815414,-2.1722217103252572,4,0,0,0.09075231105089188,0.022301603108644485,0.09332786500453949,0.022338086739182472,0.1192053034901619,0.0,0.07203011214733124,0.18460367619991302,0.16628800332546234,0.02342628687620163,45.132896423339844,1,0.025768104940652847,0.1563621163368225,-0.184111088514328,0.023234710097312927,46.31109619140625,1,0.06929564476013184,-0.31600987911224365,0.1518147885799408,0.022768788039684296,46.90355682373047,1,0.05087814852595329,-0.2564634680747986,-0.17072679102420807,0.023173905909061432,52.35816192626953,1,0.0372995026409626
203,4.0600000000000005,walk,0.5,0.0,0.0,0.3124641180038452,-0.022664038464426994,0.005207494366914034,0.13161689043045044,0.15447333455085754,0.27719583698684214,-2.108918449880521,4,0,0,0.12616124749183655,0.03750128298997879,0.1305035650730133,0.036493103951215744,0.15447333455085754,0.0,0.06629407405853271,0.18330949544906616,0.167066290974617,0.023391596972942352,51.17407989501953,1,0.03965018689632416,0.15415766835212708,-0.18327012658119202,0.023208528757095337,46.1098518371582,1,0.08702550828456879,-0.3173297643661499,0.15386855602264404,0.022744543850421906,40.695838928222656,1,0.015651853755116463,-0.258632093667984,-0.16883288323879242,0.023130469024181366,53.82889938354492,1,0.046705614775419235
204,4.08,walk,0.5,0.0,0.0,0.3150211572647095,-0.019933858886361122,0.006050211377441883,0.14994044601917267,0.08609551936388016,0.6073239324939906,-2.060557082018834,4,0,0,0.14315387606620789,0.04459937661886215,0.14789840579032898,0.04240582883358002,0.08609551936388016,0.0,0.06147022545337677,0.18145498633384705,0.16756796836853027,0.023382022976875305,62.66139602661133,1,0.02241862751543522,0.161993145942688,-0.1922655701637268,0.02321626991033554,19.231605529785156,1,1.1721675395965576,-0.32032689452171326,0.15739604830741882,0.02271149307489395,20.893522262573242,1,0.23378783464431763,-0.26122042536735535,-0.1673526167869568,0.02311953902244568,53.95823287963867,1,0.05394706875085831
205,4.1,walk,0.5,0.0,0.0,0.3165488541126251,-0.017250966280698776,0.00706202257424593,0.14340414106845856,0.09627483040094376,0.9992492050534608,-2.17244198392599,2,0,0,0.13411593437194824,0.050770677626132965,0.13630452752113342,0.04913168400526047,-0.09627483040094376,0.0,0.08077629655599594,0.17837896943092346,0.16875743865966797,0.023362137377262115,67.77970886230469,1,0.044326964765787125,0.2138223499059677,-0.2109013795852661,0.03501630574464798,0.0,0,3.632814645767212,-0.31313008069992065,0.17781582474708557,0.03318531811237335,0.0,0,1.480316400527954,-0.26414334774017334,-0.16637839376926422,0.023091614246368408,60.933528900146484,1,0.016180608421564102
206,4.12,walk,0.5,0.0,0.0,0.317544162273407,-0.014401698485016823,0.008204607293009758,0.16130082309246063,0.22271236777305603,1.0699761340740601,-2.2771404596092344,2,0,0,0.15216323733329773,0.05351918190717697,0.15414166450500488,0.05232737213373184,-0.22271236777305603,0.0,0.13059617578983307,0.1746751070022583,0.1687222421169281,0.023344077169895172,74.1090087890625,1,0.031944405287504196,0.27809062600135803,-0.2215152382850647,0.05711633712053299,0.0,0,3.020904302597046,-0.30429667234420776,0.19983355700969696,0.04588397592306137,0.0,0,1.1920335292816162,-0.2666674852371216,-0.1679314374923706,0.023078151047229767,76.1813735961914,1,0.020872024819254875
207,4.14,walk,0.5,0.0,0.0,0.3187326192855835,-0.010852509178221226,0.00934004969894886,0.20060645043849945,0.21860511600971222,1.2330864942609594,-2.2447028240237863,2,0,0,0.19401320815086365,0.051008064299821854,0.19622637331485748,0.05018650367856026,-0.21860511600971222,0.0,0.16497103869915009,0.17090725898742676,0.16928526759147644,0.02331285923719406,74.49757385253906,1,0.021677862852811813,0.31848233938217163,-0.22102566063404083,0.07652626931667328,0.0,0,1.5266019105911255,-0.2991560101509094,0.21283559501171112,0.05270864814519882,0.0,0,0.6586654782295227,-0.26897868514060974,-0.16921180486679077,0.023042291402816772,82.22575378417969,1,0.028569120913743973
208,4.16,walk,0.5,0.0,0.0,0.3199419677257538,-0.006512829102575779,0.010496644303202629,0.2377476990222931,0.14519138634204865,1.6359253952579051,-2.1732312976619497,2,0,0,0.23179812729358673,0.05285448953509331,0.23352663218975067,0.052647896111011505,-0.14519138634204865,0.0,0.18305915594100952,0.1667773276567459,0.17085014283657074,0.0233038067817688,73.66284942626953,1,0.03500182926654816,0.33500373363494873,-0.22072285413742065,0.08529931306838989,0.0,0,0.6565142869949341,-0.2907620370388031,0.21894140541553497,0.05789637565612793,0.0,0,0.7113824486732483,-0.2719702124595642,-0.1690230518579483,0.02301017940044403,75.95623779296875,1,0.04427947476506233
209,4.18,walk,0.5,0.0,0.0,0.3209800124168396,-0.0015847273170948029,0.011682078242301941,0.26228925585746765,0.1228785440325737,2.1358035685575723,-2.0905042598781667,2,0,0,0.2566249668598175,0.05421505868434906,0.2577633857727051,0.054698396474123,-0.1228785440325737,0.0,0.19728386402130127,0.1622801125049591,0.17272531986236572,0.023267455399036407,78.30462646484375,1,0.02857084572315216,0.3433038890361786,-0.22246606647968292,0.08921132981777191,0.0,0,0.5821619033813477,-0.2790524363517761,0.22217382490634918,0.06399405747652054,0.0,0,0.7945489883422852,-0.2755650281906128,-0.1681559830904007,0.022971175611019135,72.36239624023438,1,0.05330745875835419
210,4.2,walk,0.5,0.0,0.0,0.3219219148159027,0.00380093976855278,0.012873167172074318,0.28301161527633667,0.13487815856933594,2.5974201960655914,-1.9587896112631715,2,0,0,0.2777360677719116,0.05438980832695961,0.278502881526947,0.0555608831346035,-0.13487815856933594,0.0,0.21184608340263367,0.157609224319458,0.17436610162258148,0.02324039489030838,81.29810333251953,1,0.02206917479634285,0.35277295112609863,-0.22293569147586823,0.09391482174396515,0.0,0,0.7097185254096985,-0.26860111951828003,0.22294317185878754,0.06948161125183105,0.0,0,0.6831415891647339,-0.2793036699295044,-0.16749048233032227,0.022926725447177887,71.57054901123047,1,0.056800104677677155
211,4.22,walk,0.5,0.0,0.0,0.3228805661201477,0.00965389609336853,0.014045453630387783,0.3064444065093994,0.1271170824766159,3.0494591908099604,-1.7621130334521848,2,0,0,0.30177372694015503,0.05329914391040802,0.3022978603839874,0.05511283874511719,-0.1271170824766159,0.0,0.22504617273807526,0.1528535932302475,0.17592699825763702,0.02320953458547592,82.52896118164062,1,0.02323881909251213,0.36289870738983154,-0.22131507098674774,0.09767276048660278,0.0,0,0.7014014720916748,-0.26200541853904724,0.22174111008644104,0.07180795818567276,0.0,0,0.5334048867225647,-0.28311416506767273,-0.16683512926101685,0.022878050804138184,70.86224365234375,1,0.06067769601941109
212,4.24,walk,0.5,0.0,0.0,0.32387682795524597,0.016013313084840775,0.015181493945419788,0.3315757215023041,0.09724493324756622,3.5345208695308714,-1.5083407699349463,2,0,0,0.32753875851631165,0.051583077758550644,0.32780998945236206,0.05399155244231224,-0.09724493324756622,0.0,0.23589573800563812,0.14800065755844116,0.1775791347026825,0.02317649871110916,83.88177490234375,1,0.02423740364611149,0.3706638216972351,-0.21877357363700867,0.09740959852933884,0.0,0,0.5717700719833374,-0.2583639621734619,0.21896232664585114,0.07079687714576721,0.0,0,0.4776236116886139,-0.28714171051979065,-0.1658262014389038,0.02282344549894333,69.12837982177734,1,0.06558944284915924
213,4.26,walk,0.5,0.0,0.0,0.32489439845085144,0.02288786694407463,0.016258379444479942,0.35634946823120117,0.06921949237585068,4.038989677004728,-1.2047751467078451,2,0,0,0.353005975484848,0.04870038479566574,0.3530292809009552,0.05158740282058716,-0.06921949237585068,0.0,0.24460823833942413,0.1430222988128662,0.17925919592380524,0.023140855133533478,85.70138549804688,1,0.025221161544322968,0.3748771548271179,-0.21578113734722137,0.09212162345647812,0.0,0,0.4244999289512634,-0.2564539611339569,0.21486108005046844,0.06704185158014297,0.0,0,0.4873350262641907,-0.2914496064186096,-0.16446653008460999,0.022762827575206757,66.73958587646484,1,0.0704132691025734
214,4.28,walk,0.5,0.0,0.0,0.32593855261802673,0.030277548357844353,0.01724371314048767,0.3811344504356384,0.051096316426992416,4.540111264898455,-0.8586074458324059,2,0,0,0.3785921037197113,0.04394865781068802,0.3784129321575165,0.04712175205349922,-0.051096316426992416,0.0,0.2515918016433716,0.13786175847053528,0.18090884387493134,0.02310221642255783,87.75701904296875,1,0.02657165564596653,0.37482497096061707,-0.21186086535453796,0.08121270686388016,0.0,0,0.2596086859703064,-0.25616419315338135,0.20946133136749268,0.06044536083936691,0.0,0,0.5250591039657593,-0.2960466742515564,-0.16287070512771606,0.022696539759635925,64.10992431640625,1,0.07480265200138092
215,4.3,walk,0.5,0.0,0.0,0.3270798325538635,0.038205716758966446,0.018092477694153786,0.4077022969722748,0.036548856645822525,5.028990165591757,-0.4850141875618384,2,0,0,0.40605607628822327,0.036600906401872635,0.4057503640651703,0.039558541029691696,-0.036548856645822525,0.0,0.25721457600593567,0.13241229951381683,0.1825493425130844,0.023059725761413574,90.59373474121094,1,0.028385819867253304,0.36698827147483826,-0.20637232065200806,0.06171579658985138,0.0,0,0.32170262932777405,-0.25905272364616394,0.20227517187595367,0.049367405474185944,0.0,0,0.6158587336540222,-0.30101513862609863,-0.16105429828166962,0.02262450009584427,61.40812683105469,1,0.07857044041156769
216,4.32,walk,0.5,0.0,0.0,0.32853811979293823,0.04672527313232422,0.018737085163593292,0.4379519820213318,0.030095569789409637,5.474521270717573,-0.1163547404506134,2,0,0,0.4372382164001465,0.024993648752570152,0.43685293197631836,0.02653512731194496,-0.030095569789409637,0.0,0.26719963550567627,0.12646248936653137,0.18412308394908905,0.023030884563922882,95.0113754272461,1,0.032016411423683167,0.34042131900787354,-0.19750861823558807,0.026067189872264862,0.0,0,1.4323912858963013,-0.2698426842689514,0.19078482687473297,0.02941276878118515,0.0,0,0.9928138852119446,-0.3065585792064667,-0.15912635624408722,0.022547565400600433,56.27650451660156,1,0.08106493949890137
217,4.34,walk,0.5,0.0,0.0,0.33100467920303345,0.05546220391988754,0.019070936366915703,0.43562811613082886,0.03412908315658569,5.699397565177426,0.060151661751304014,4,0,0,0.43541470170021057,0.013633925467729568,0.43491846323013306,0.004347547423094511,0.03412908315658569,0.0,0.26577454805374146,0.11941435933113098,0.18496188521385193,0.022985175251960754,98.25536346435547,1,0.04019904136657715,0.3308663070201874,-0.19531042873859406,0.02348027378320694,66.71037292480469,1,0.02801448293030262,-0.27811118960380554,0.18983560800552368,0.02285744994878769,54.19735336303711,1,0.06051582470536232,-0.31333127617836,-0.15809579193592072,0.02246887981891632,37.204593658447266,1,0.07295691221952438
218,4.36,walk,0.5,0.0,0.0,0.33378225564956665,0.06402841955423355,0.01925135962665081,0.4302597939968109,0.11407207697629929,5.365033765209091,-0.02465807680123029,2,0,0,0.4300348162651062,0.013912227004766464,0.4298178255558014,0.00865696556866169,0.11407207697629929,0.0,0.2482081800699234,0.17906147241592407,0.19330351054668427,0.03893687576055527,0.0,0,4.698874473571777,0.3217807114124298,-0.1979653686285019,0.023477382957935333,62.64010238647461,1,0.08777926862239838,-0.28587332367897034,0.18872670829296112,0.022793598473072052,74.59571075439453,1,0.08389912545681,-0.3021235466003418,-0.16131849586963654,0.035753265023231506,0.0,0,1.010006070137024
219,4.38,walk,0.5,0.0,0.0,0.33659929037094116,0.07240726053714752,0.01927003636956215,0.42212504148483276,0.16720709204673767,4.289147062903737,-0.2061363231103881,2,0,0,0.42191508412361145,0.013312635943293571,0.42221352458000183,0.008212998509407043,0.16720709204673767,0.0,0.25020962953567505,0.26330024003982544,0.19551412761211395,0.03673285245895386,0.0,0,4.824917793273926,0.3122139573097229,-0.2049599289894104,0.023425966501235962,61.01607131958008,1,0.04292410984635353,-0.29384636878967285,0.1840713769197464,0.022730976343154907,78.01123809814453,1,0.05919160693883896,-0.2652430236339569,-0.1689407080411911,0.057272881269454956,0.0,0,2.4012062549591064
220,4.4,walk,0.5,0.0,0.0,0.3393636643886566,0.08115401118993759,0.019556498154997826,0.4555808901786804,0.19866696000099182,4.392666263738096,-0.008850990515647611,2,0,0,0.4549184739589691,0.024558493867516518,0.4547119438648224,0.019138624891638756,0.19866696000099182,0.0,0.29550695419311523,0.34429410099983215,0.18903663754463196,0.04868152737617493,0.0,0,4.000147819519043,0.304202675819397,-0.20576630532741547,0.023387722671031952,61.4537353515625,1,0.042143795639276505,-0.29994410276412964,0.18570664525032043,0.02265554666519165,81.38054656982422,1,0.07221655547618866,-0.22417573630809784,-0.16124334931373596,0.0654071569442749,0.0,0,2.4685189723968506
221,4.42,walk,0.5,0.0,0.0,0.3414406180381775,0.09094536304473877,0.0199836827814579,0.5178105235099792,0.0617511123418808,4.839737576521751,0.21162587421237428,2,0,0,0.5172854065895081,0.02331351675093174,0.5168319940567017,0.019351648166775703,0.0617511123418808,0.0,0.34603434801101685,0.39554867148399353,0.1884211301803589,0.05868222936987877,0.0,0,2.305511474609375,0.29561200737953186,-0.20423132181167603,0.023349307477474213,57.27213668823242,1,0.036267444491386414,-0.3071448802947998,0.18860451877117157,0.022572912275791168,81.2042236328125,1,0.06890013813972473,-0.18722781538963318,-0.14587906002998352,0.06853389739990234,0.0,0,2.2483160495758057
222,4.44,walk,0.5,0.0,0.0,0.3429320454597473,0.10189952701330185,0.020519889891147614,0.5695767402648926,0.008922357112169266,5.208227989791231,0.18357271314597162,2,0,0,0.5688572525978088,0.02862035110592842,0.568454921245575,0.025309352204203606,-0.008922357112169266,0.0,0.37276172637939453,0.4119742512702942,0.1941727101802826,0.05974041298031807,0.0,0,0.8774847388267517,0.28503671288490295,-0.20257806777954102,0.023315049707889557,71.86450958251953,1,0.0268187765032053,-0.31719496846199036,0.19020554423332214,0.02248280495405197,83.991455078125,1,0.06502610445022583,-0.16381043195724487,-0.13336621224880219,0.06740441173315048,0.0,0,1.5708280801773071
223,4.46,walk,0.5,0.0,0.0,0.3442877531051636,0.11367165297269821,0.021311134099960327,0.6043375730514526,0.003042361931875348,5.1654240480364075,-0.07261459587203521,2,0,0,0.6026304364204407,0.04539230838418007,0.6024292707443237,0.04251774400472641,0.003042361931875348,0.0,0.3753560185432434,0.4006030559539795,0.20002451539039612,0.04759170114994049,0.0,0,0.3881778120994568,0.27258607745170593,-0.20336873829364777,0.023265287280082703,76.60401916503906,1,0.0246379803866148,-0.3293737769126892,0.18905490636825562,0.02238989621400833,79.82418823242188,1,0.0765242949128151,-0.15543009340763092,-0.12715473771095276,0.05861794203519821,0.0,0,0.9630644917488098
224,4.48,walk,0.5,0.0,0.0,0.3454761505126953,0.1259567141532898,0.02232220768928528,0.6287211179733276,0.08912546187639236,4.552488421448164,-0.27995686091754046,3,0,0,0.626082718372345,0.057538606226444244,0.6259692311286926,0.05739626660943031,0.08912546187639236,0.0,0.3709855377674103,0.3713177740573883,0.19948932528495789,0.02353696897625923,34.13610076904297,1,0.33560213446617126,0.2596771717071533,-0.20802335441112518,0.0232221856713295,61.81316375732422,1,0.022997239604592323,-0.3415820598602295,0.18489469587802887,0.022292092442512512,71.47843933105469,1,0.09212301671504974,-0.15828712284564972,-0.12465756386518478,0.0376153439283371,0.0,0,0.6383528709411621
225,4.5,walk,0.5,0.0,0.0,0.346827894449234,0.13794627785682678,0.022680796682834625,0.5849086046218872,0.02438228577375412,3.4107300941267376,-0.4053954995002196,4,0,0,0.5849080681800842,0.0007836910663172603,0.5855425000190735,-0.0015754873165860772,-0.02438228577375412,0.0,0.35993531346321106,0.35906049609184265,0.1928430199623108,0.023524858057498932,87.25436401367188,1,0.03563288599252701,0.24744349718093872,-0.21526114642620087,0.023181334137916565,24.25965118408203,1,0.022328661754727364,-0.35298416018486023,0.17851443588733673,0.022190235555171967,62.710838317871094,1,0.11076341569423676,-0.16965293884277344,-0.1289450228214264,0.02337375283241272,46.32011795043945,1,0.020065084099769592
226,4.5200000000000005,walk,0.5,0.0,0.0,0.3486979007720947,0.14886608719825745,0.022399544715881348,0.5216498374938965,0.1494724303483963,3.19208357252017,-0.5365207508146104,2,0,0,0.5213055610656738,-0.018948940560221672,0.5223902463912964,-0.020728040486574173,-0.1494724303483963,0.0,0.3278280794620514,0.3474350571632385,0.19274047017097473,0.0235811285674572,83.049072265625,1,0.00536378612741828,0.2540794909000397,-0.2026304006576538,0.036767520010471344,0.0,0,1.2677299976348877,-0.35361185669898987,0.18018017709255219,0.02515380084514618,0.0,0,0.7338085174560547,-0.18024185299873352,-0.1302783489227295,0.023323774337768555,82.11676788330078,1,0.018281707540154457
227,4.54,walk,0.5,0.0,0.0,0.35029199719429016,0.15859612822532654,0.022129973396658897,0.46983757615089417,0.07193540781736374,2.7762362560838176,-0.8448914654836683,2,0,0,0.46968385577201843,-0.01201762817800045,0.47100168466567993,-0.01126656960695982,-0.07193540781736374,0.0,0.2928738296031952,0.3360122740268707,0.19161316752433777,0.023570075631141663,78.80657958984375,1,0.013253136537969112,0.2814672887325287,-0.19131603837013245,0.06121573597192764,0.0,0,2.137632131576538,-0.3279400169849396,0.18478256464004517,0.042321719229221344,0.0,0,1.817833662033081,-0.190743088722229,-0.13292674720287323,0.02329093962907791,83.81588745117188,1,0.014547821134328842
228,4.5600000000000005,walk,0.5,0.0,0.0,0.35173937678337097,0.16772237420082092,0.021997395902872086,0.45533835887908936,0.07404593378305435,1.8929352751634356,-1.3448517611359343,2,0,0,0.4553312361240387,-0.0025461730547249317,0.45714840292930603,0.00041916820919141173,-0.07404593378305435,0.0,0.28536418080329895,0.3242391347885132,0.18744298815727234,0.02355215698480606,71.29801177978516,1,0.028425291180610657,0.31175366044044495,-0.19034315645694733,0.08324883133172989,0.0,0,1.9468936920166016,-0.30624642968177795,0.19189220666885376,0.06445316970348358,0.0,0,1.4317396879196167,-0.2019367665052414,-0.13836956024169922,0.023249991238117218,92.07217407226562,1,0.002371960086748004
229,4.58,walk,0.5,0.0,0.0,0.35314902663230896,0.17681445181369781,0.02202928252518177,0.45953261852264404,0.08663702756166458,1.2134005016908076,-1.859551018047706,2,0,0,0.45951512455940247,0.004009549506008625,0.4617331922054291,0.009034811519086361,-0.08663702756166458,0.0,0.28971073031425476,0.31234270334243774,0.18415303528308868,0.023523300886154175,60.105735778808594,1,0.03111424297094345,0.3337334394454956,-0.1920573115348816,0.09828488528728485,0.0,0,1.4134690761566162,-0.3017405569553375,0.19717714190483093,0.08135945349931717,0.0,0,0.6017352342605591,-0.21313272416591644,-0.1428399235010147,0.023213058710098267,93.97393798828125,1,0.0012740293750539422
230,4.6000000000000005,walk,0.5,0.0,0.0,0.3544243276119232,0.18594570457935333,0.02222675271332264,0.45886608958244324,0.04212849214673042,0.8932843162485606,-2.1798183747861923,2,0,0,0.458729088306427,0.011212357319891453,0.4606378674507141,0.017538560554385185,-0.04212849214673042,0.0,0.29551196098327637,0.30152398347854614,0.18247991800308228,0.02349473536014557,58.268218994140625,1,0.02372816950082779,0.34896934032440186,-0.19538873434066772,0.10758180916309357,0.0,0,1.1344523429870605,-0.3039661943912506,0.19880884885787964,0.09246739745140076,0.0,0,0.35572391748428345,-0.22326232492923737,-0.1452907770872116,0.023175060749053955,90.500244140625,1,0.010704937390983105
231,4.62,walk,0.5,0.0,0.0,0.35550495982170105,0.19501133263111115,0.022528601810336113,0.4535130560398102,0.002292403019964695,0.731870511018469,-2.2885690736379583,2,0,0,0.45324018597602844,0.01572933979332447,0.45463085174560547,0.022496672347187996,0.002292403019964695,0.0,0.30189913511276245,0.2920956313610077,0.18127651512622833,0.02347400039434433,63.82163619995117,1,0.01933285966515541,0.3621608018875122,-0.2003089040517807,0.11454012989997864,0.0,0,1.072928786277771,-0.30295315384864807,0.19917280972003937,0.0999789908528328,0.0,0,0.5609028935432434,-0.23221102356910706,-0.14672206342220306,0.023131869733333588,86.46947479248047,1,0.020921912044286728
232,4.64,walk,0.5,0.0,0.0,0.3564554750919342,0.20399260520935059,0.022856317460536957,0.4495149552822113,0.00631750887259841,0.5773233404209145,-2.2892493177906093,2,0,0,0.44923335313796997,0.0159091055393219,0.45039767026901245,0.022782618179917336,0.00631750887259841,0.0,0.3088810443878174,0.2834361791610718,0.17994403839111328,0.023449383676052094,70.38287353515625,1,0.01547017227858305,0.37476739287376404,-0.2053850293159485,0.12101541459560394,0.0,0,1.0253373384475708,-0.29707619547843933,0.19894950091838837,0.10514552891254425,0.0,0,0.7582642436027527,-0.24049386382102966,-0.14804796874523163,0.023083612322807312,84.21734619140625,1,0.027455169707536697
233,4.66,walk,0.5,0.0,0.0,0.35736262798309326,0.21294794976711273,0.023152971640229225,0.44921767711639404,0.01211664080619812,0.4250495022390635,-2.2764215821990907,2,0,0,0.44901764392852783,0.013404963538050652,0.45019254088401794,0.020456954836845398,-0.01211664080619812,0.0,0.31513500213623047,0.2748769521713257,0.17869557440280914,0.023417137563228607,74.17890930175781,1,0.011748205870389938,0.3856357932090759,-0.209302619099617,0.12709572911262512,0.0,0,0.9121277332305908,-0.2888089120388031,0.19782377779483795,0.10844012349843979,0.0,0,0.8387225270271301,-0.24863667786121368,-0.14937350153923035,0.023032188415527344,83.20530700683594,1,0.031809527426958084
234,4.68,walk,0.5,0.0,0.0,0.3582596182823181,0.22193625569343567,0.023400600999593735,0.4515344202518463,0.03063909523189068,0.3017154957356739,-2.294168334653488,2,0,0,0.4514113664627075,0.010541249997913837,0.45263928174972534,0.017947431653738022,-0.03063909523189068,0.0,0.31964296102523804,0.2660776674747467,0.17774643003940582,0.023401543498039246,75.85600280761719,1,0.018175797536969185,0.39370548725128174,-0.2119622826576233,0.13198527693748474,0.0,0,0.7754002809524536,-0.28039929270744324,0.19600972533226013,0.110368512570858,0.0,0,0.8396754264831543,-0.25693023204803467,-0.1505720466375351,0.022978752851486206,82.55472564697266,1,0.03568238019943237
235,4.7,walk,0.5,0.0,0.0,0.35914263129234314,0.23099292814731598,0.02359963022172451,0.4552711546421051,0.04516873508691788,0.1976946495232887,-2.3473093408303027,2,0,0,0.45520132780075073,0.00797266885638237,0.4564672112464905,0.01588890329003334,-0.04516873508691788,0.0,0.3223700523376465,0.2569907307624817,0.177022784948349,0.02337311953306198,76.86975860595703,1,0.019850630313158035,0.3990286588668823,-0.2137170135974884,0.13534663617610931,0.0,0,0.661686360836029,-0.27310675382614136,0.19406664371490479,0.11151517182588577,0.0,0,0.7920424342155457,-0.26544249057769775,-0.15169836580753326,0.02292332798242569,81.92383575439453,1,0.03961393982172012
236,4.72,walk,0.5,0.0,0.0,0.36000770330429077,0.24014224112033844,0.023747310042381287,0.46012941002845764,0.05694032087922096,0.10106718293264476,-2.4156131535211345,2,0,0,0.46010008454322815,0.005192981101572514,0.4613860249519348,0.013753598555922508,-0.05694032087922096,0.0,0.32364511489868164,0.24771101772785187,0.1764320433139801,0.02334205061197281,77.41708374023438,1,0.021252600476145744,0.40227794647216797,-0.21475361287593842,0.1372094452381134,0.0,0,0.5813334584236145,-0.2675224244594574,0.19247186183929443,0.11210928112268448,0.0,0,0.7220991253852844,-0.2740842401981354,-0.15281163156032562,0.02286554127931595,81.15460205078125,1,0.043855469673871994
237,4.74,walk,0.5,0.0,0.0,0.3608565628528595,0.24940887093544006,0.023831410333514214,0.46628087759017944,0.06571164727210999,0.011706019593872859,-2.468531538219689,2,0,0,0.4662781059741974,0.0016084159724414349,0.46757251024246216,0.01092847902327776,-0.06571164727210999,0.0,0.32395994663238525,0.2383984923362732,0.17596334218978882,0.02330891042947769,77.96746063232422,1,0.0223382581025362,0.40411683917045593,-0.2151692509651184,0.13758958876132965,0.0,0,0.5251073837280273,-0.2635153830051422,0.1913372427225113,0.1121588796377182,0.0,0,0.6632835865020752,-0.28270450234413147,-0.15389303863048553,0.02280401438474655,80.02925872802734,1,0.04865146428346634
238,4.76,walk,0.5,0.0,0.0,0.36169183254241943,0.2588222920894623,0.023828843608498573,0.4740166664123535,0.0724448412656784,-0.06512153817709404,-2.479761222988836,2,0,0,0.47400495409965515,-0.0033346284180879593,0.4753067195415497,0.006847353186458349,-0.0724448412656784,0.0,0.32377466559410095,0.22918500006198883,0.17565296590328217,0.023273907601833344,78.5594482421875,1,0.023221822455525398,0.40498295426368713,-0.21503910422325134,0.13649530708789825,0.0,0,0.4835582673549652,-0.26049482822418213,0.19050484895706177,0.11165913194417953,0.0,0,0.6322008967399597,-0.29118192195892334,-0.15488341450691223,0.022739067673683167,78.50196838378906,1,0.05390862748026848
239,4.78,walk,0.5,0.0,0.0,0.3625098466873169,0.26841679215431213,0.023706387728452682,0.48357468843460083,0.07741351425647736,-0.12573296370701115,-2.4357517528455053,2,0,0,0.48346808552742004,-0.01015418954193592,0.4847732186317444,0.0009897993877530098,-0.07741351425647736,0.0,0.3234383165836334,0.22012236714363098,0.17554287612438202,0.023236796259880066,79.19298553466797,1,0.02413158118724823,0.40508297085762024,-0.2144162505865097,0.13392731547355652,0.0,0,0.4485567510128021,-0.2578725814819336,0.18971848487854004,0.11058549582958221,0.0,0,0.6257722973823547,-0.29947248101234436,-0.15572823584079742,0.022669754922389984,75.42278289794922,1,0.05858377739787102
240,4.8,walk,0.5,0.0,0.0,0.3632572293281555,0.2782208323478699,0.023414796218276024,0.4945814609527588,0.077794149518013,-0.18208374524712206,-2.3471917335105315,2,0,0,0.4941914975643158,-0.01963626779615879,0.4954346716403961,-0.007466720882803202,-0.077794149518013,0.0,0.3230932056903839,0.21113233268260956,0.17558960616588593,0.02319733053445816,79.9070816040039,1,0.02512623928487301,0.40438491106033325,-0.21336771547794342,0.12981140613555908,0.0,0,0.4146430790424347,-0.2553836405277252,0.18874499201774597,0.10881831496953964,0.0,0,0.6311299204826355,-0.3076777160167694,-0.15643708407878876,0.02259725332260132,70.82942199707031,1,0.06166811287403107
241,4.82,walk,0.5,0.0,0.0,0.3638704717159271,0.28825271129608154,0.022897565737366676,0.506787121295929,0.07687106728553772,-0.23165896579036713,-2.2260683604206988,2,0,0,0.5057781338691711,-0.03196316584944725,0.5069847106933594,-0.01873956434428692,-0.07687106728553772,0.0,0.32283473014831543,0.20213404297828674,0.17584826052188873,0.023155786097049713,80.92290496826172,1,0.025963004678487778,0.40271779894828796,-0.21179687976837158,0.1238270252943039,0.0,0,0.37459510564804077,-0.2530665993690491,0.1872839331626892,0.10604868084192276,0.0,0,0.637446403503418,-0.3158963918685913,-0.15692780911922455,0.02252129465341568,67.0397720336914,1,0.0641452893614769
242,4.84,walk,0.5,0.0,0.0,0.3643280565738678,0.2985284626483917,0.02210127003490925,0.520300567150116,0.073883555829525,-0.2631258874204539,-2.0712085485860574,2,0,0,0.5181820392608643,-0.0469047948718071,0.5194758176803589,-0.03261331468820572,-0.073883555829525,0.0,0.3227812349796295,0.19312463700771332,0.17642799019813538,0.023111961781978607,82.35482788085938,1,0.026633266359567642,0.3995329737663269,-0.20959651470184326,0.11519724130630493,0.0,0,0.3025752007961273,-0.25108689069747925,0.1849270612001419,0.10182438045740128,0.0,0,0.6467660665512085,-0.3241443932056427,-0.15707196295261383,0.022442668676376343,64.03797912597656,1,0.06625127047300339
243,4.86,walk,0.5,0.0,0.0,0.3646470308303833,0.3090648353099823,0.020972419530153275,0.5353534817695618,0.06874851137399673,-0.2691651086680674,-1.876396398975073,2,0,0,0.5314515233039856,-0.06451829522848129,0.5330379009246826,-0.04915470629930496,-0.06874851137399673,0.0,0.32308000326156616,0.1841333955526352,0.17741258442401886,0.02306564897298813,84.27633666992188,1,0.027289515361189842,0.393552303314209,-0.20662672817707062,0.10250990092754364,0.0,0,0.1785886436700821,-0.24980151653289795,0.18127813935279846,0.09544721990823746,0.0,0,0.6619472503662109,-0.33240747451782227,-0.15675827860832214,0.02236010879278183,61.33950424194336,1,0.06789133697748184
244,4.88,walk,0.5,0.0,0.0,0.36489078402519226,0.3198804557323456,0.0194492619484663,0.552496075630188,0.06367510557174683,-0.2551560438348275,-1.6394424090719328,2,0,0,0.5458608865737915,-0.08536858856678009,0.5480353236198425,-0.06892236322164536,-0.06367510557174683,0.0,0.324385404586792,0.17516371607780457,0.17881938815116882,0.02301643043756485,86.90025329589844,1,0.028272360563278198,0.38194260001182556,-0.20249958336353302,0.08313900232315063,0.0,0,0.26672467589378357,-0.25024423003196716,0.17572948336601257,0.08540412783622742,0.0,0,0.6873297691345215,-0.34069326519966125,-0.15594364702701569,0.022273503243923187,58.43565368652344,1,0.06869734823703766
245,4.9,walk,0.5,0.0,0.0,0.3651389181613922,0.3309944272041321,0.017469260841608047,0.5723205208778381,0.06503481417894363,-0.2204842026790577,-1.361522011744114,2,0,0,0.5617387294769287,-0.10954628139734268,0.5647391080856323,-0.09198149293661118,-0.06503481417894363,0.0,0.33083096146583557,0.16618645191192627,0.18071390688419342,0.022965088486671448,88.14545440673828,1,0.029920140281319618,0.35782262682914734,-0.19581589102745056,0.051794398576021194,0.0,0,1.0132092237472534,-0.2549116313457489,0.1665877252817154,0.06867153942584991,0.0,0,0.8036817908287048,-0.3490171730518341,-0.15456977486610413,0.022182591259479523,53.84043884277344,1,0.06752416491508484
246,4.92,walk,0.5,0.0,0.0,0.36518678069114685,0.3423335552215576,0.015026210807263851,0.575639009475708,0.14421039819717407,-0.1028603343733979,-1.0217250097344455,3,0,0,0.5608062148094177,-0.1298331469297409,0.5643434524536133,-0.11141322553157806,-0.14421039819717407,0.0,0.33778879046440125,0.15725387632846832,0.18359749019145966,0.02294182777404785,76.78654479980469,1,0.03512521833181381,0.3251873850822449,-0.18598496913909912,0.02349347621202469,63.03961944580078,1,0.02289755456149578,-0.2683097720146179,0.14903493225574493,0.04068981856107712,0.0,0,1.3307082653045654,-0.35711148381233215,-0.1524510383605957,0.022091880440711975,41.204078674316406,1,0.06147163361310959
247,4.94,walk,0.5,0.0,0.0,0.3641837537288666,0.3529038429260254,0.012794367969036102,0.5257575511932373,0.02044484205543995,0.6492816778436731,-0.9725107220001533,3,0,0,0.5149310827255249,-0.10614591836929321,0.5170971751213074,-0.0881071388721466,0.02044484205543995,0.0,0.3210722804069519,0.19317476451396942,0.19000810384750366,0.03175859898328781,0.0,0,3.238215923309326,0.31496644020080566,-0.1794840395450592,0.02341504395008087,80.4028549194336,1,0.005564594641327858,-0.2830411493778229,0.1426243782043457,0.022706955671310425,66.59436798095703,1,0.03556252270936966,-0.3492441773414612,-0.15140360593795776,0.02213345468044281,15.950518608093262,1,0.9108846187591553
248,4.96,walk,0.5,0.0,0.0,0.3628053665161133,0.3628179132938385,0.01074910257011652,0.4994077980518341,0.015250000171363354,0.7470469779108257,-1.0462236176268118,2,0,0,0.4897049367427826,-0.09796543419361115,0.4913507401943207,-0.08088778704404831,-0.015250000171363354,0.0,0.2833002805709839,0.26886624097824097,0.18819169700145721,0.0511893704533577,0.0,0,4.509512901306152,0.30442550778388977,-0.17747870087623596,0.023467332124710083,77.67821502685547,1,0.015485416166484356,-0.29261285066604614,0.14496031403541565,0.022675037384033203,87.66840362548828,1,0.03684553503990173,-0.2992083728313446,-0.15889540314674377,0.04076341539621353,0.0,0,3.3415822982788086
249,4.98,walk,0.5,0.0,0.0,0.361935555934906,0.3726021349430084,0.008993644267320633,0.5050592422485352,0.05776372179389,1.050860142134487,-0.912533550237802,2,0,0,0.4985705614089966,-0.08069822937250137,0.500116765499115,-0.06377457827329636,0.05776372179389,0.0,0.30401256680488586,0.3445536196231842,0.18266479671001434,0.07121333479881287,0.0,0,3.9256820678710938,0.29533717036247253,-0.1745423525571823,0.02343842387199402,75.97504425048828,1,0.011834896169602871,-0.3007374703884125,0.14829862117767334,0.02261226624250412,83.77081298828125,1,0.04203229025006294,-0.2399638593196869,-0.16575562953948975,0.05282651633024216,0.0,0,3.3590564727783203
250,5.0,walk,0.5,0.0,0.0,0.3612849712371826,0.38298502564430237,0.007463964633643627,0.5448833107948303,0.011498200707137585,1.682213907428199,-0.873445338113171,2,0,0,0.539821445941925,-0.07409855723381042,0.5413020253181458,-0.05611516907811165,0.011498200707137585,0.0,0.3429050147533417,0.3925870656967163,0.17883819341659546,0.08230754733085632,0.0,0,2.2856802940368652,0.28522950410842896,-0.16985958814620972,0.023412644863128662,78.07772827148438,1,0.012409071438014507,-0.3099547326564789,0.1533178836107254,0.022538110613822937,86.6041259765625,1,0.043758876621723175,-0.18757742643356323,-0.15893825888633728,0.06278590857982635,0.0,0,2.829793930053711
251,5.0200000000000005,walk,0.5,0.0,0.0,0.3607260286808014,0.3942863643169403,0.006077473517507315,0.5880832672119141,0.050676360726356506,2.2437764796176034,-1.089197246893828,2,0,0,0.5839691162109375,-0.06944067031145096,0.5853681564331055,-0.04977719485759735,-0.050676360726356506,0.0,0.36341550946235657,0.4071394205093384,0.17968407273292542,0.0827384889125824,0.0,0,0.8357394933700562,0.2730958163738251,-0.1653434932231903,0.023353204131126404,82.07359313964844,1,0.002007367555052042,-0.32170459628105164,0.15730084478855133,0.022456124424934387,87.84431457519531,1,0.045363906770944595,-0.15495450794696808,-0.14767993986606598,0.0684346854686737,0.0,0,1.8990516662597656
252,5.04,walk,0.5,0.0,0.0,0.3604484498500824,0.4062941074371338,0.004898155108094215,0.6158454418182373,0.024651721119880676,2.3149088443984662,-1.5089698943905279,2,0,0,0.6133396625518799,-0.05549851432442665,0.6145873665809631,-0.034921128302812576,-0.024651721119880676,0.0,0.3625219464302063,0.3952423930168152,0.17994923889636993,0.06980083137750626,0.0,0,0.25557777285575867,0.2592449486255646,-0.16386692225933075,0.023304879665374756,87.00641632080078,1,0.005613220855593681,-0.33531156182289124,0.15802688896656036,0.02237037569284439,83.62409210205078,1,0.04874328896403313,-0.14456811547279358,-0.13972796499729156,0.06116845831274986,0.0,0,1.014958381652832
253,5.0600000000000005,walk,0.5,0.0,0.0,0.3605930805206299,0.4186316728591919,0.004017699509859085,0.6277276873588562,0.11646602302789688,1.731705564875817,-1.9944764959028418,2,0,0,0.6267776489257812,-0.034522391855716705,0.6277998089790344,-0.014421440660953522,0.11646602302789688,0.0,0.36252662539482117,0.3595464527606964,0.17229731380939484,0.037109989672899246,0.0,0,1.4686933755874634,0.2444814294576645,-0.16702193021774292,0.02327515184879303,88.68994140625,1,0.03454219177365303,-0.3493133783340454,0.15519720315933228,0.02228119969367981,76.32633209228516,1,0.05141859129071236,-0.1513456404209137,-0.13570240139961243,0.036966562271118164,0.0,0,0.558111846446991
254,5.08,walk,0.5,0.0,0.0,0.3610961139202118,0.4306718409061432,0.0032594511285424232,0.5852416753768921,0.23196320235729218,0.5946230890106461,-2.208469310807103,4,0,0,0.5845080018043518,-0.029295530170202255,0.5871648192405701,-0.013143335469067097,0.23196320235729218,0.0,0.361987829208374,0.3377602994441986,0.16265369951725006,0.023399971425533295,77.5138168334961,1,0.03023461438715458,0.23110195994377136,-0.17442311346530914,0.023170076310634613,65.07727813720703,1,0.08115360885858536,-0.36095571517944336,0.1501968801021576,0.022187136113643646,62.797367095947266,1,0.05754329636693001,-0.16448462009429932,-0.13982775807380676,0.02340703457593918,56.652217864990234,1,0.0089781004935503
255,5.1000000000000005,walk,0.5,0.0,0.0,0.36194944381713867,0.441383421421051,0.002490741666406393,0.5089399218559265,0.05301222205162048,-0.1341146063346085,-2.303023034582175,2,0,0,0.5078157186508179,-0.0338086299598217,0.5099910497665405,-0.020181385800242424,0.05301222205162048,0.0,0.32603946328163147,0.3269897699356079,0.1581173837184906,0.023463115096092224,82.6527328491211,1,0.0026070994790643454,0.25319862365722656,-0.17784783244132996,0.04718343913555145,0.0,0,2.221115827560425,-0.3517819046974182,0.15699265897274017,0.03401585668325424,0.0,0,1.2757108211517334,-0.17544347047805786,-0.14334382116794586,0.023359939455986023,86.15364074707031,1,0.004781107883900404
256,5.12,walk,0.5,0.0,0.0,0.3624348044395447,0.45099174976348877,0.0019403186161071062,0.47007396817207336,0.05409429222345352,-0.6239969045056677,-2.5833391207613756,2,0,0,0.4696027636528015,-0.021042179316282272,0.4709385931491852,-0.008576354011893272,0.05409429222345352,0.0,0.30376672744750977,0.31606727838516235,0.15524795651435852,0.02344687283039093,77.7901611328125,1,0.006693006027489901,0.29363295435905457,-0.18510319292545319,0.07775211334228516,0.0,0,2.507051706314087,-0.32808828353881836,0.17518877983093262,0.061791203916072845,0.0,0,1.7905559539794922,-0.1862780749797821,-0.14583684504032135,0.023326702415943146,91.60903930664062,1,0.010378571227192879
257,5.14,walk,0.5,0.0,0.0,0.3630738854408264,0.46031174063682556,0.001596015994437039,0.4686346650123596,0.02397412620484829,-0.9159906931748862,-2.86926321913598,2,0,0,0.4684374928474426,-0.013593054376542568,0.4700791835784912,-0.0008744620718061924,-0.02397412620484829,0.0,0.3043215572834015,0.30528149008750916,0.15357281267642975,0.023472048342227936,61.017417907714844,1,0.021731555461883545,0.32217639684677124,-0.19242309033870697,0.09559768438339233,0.0,0,1.5788508653640747,-0.3231355845928192,0.19353683292865753,0.08186371624469757,0.0,0,0.8522332906723022,-0.1967298686504364,-0.14748330414295197,0.023288927972316742,93.92318725585938,1,0.011597049422562122
258,5.16,walk,0.5,0.0,0.0,0.36367979645729065,0.46967950463294983,0.0014685848727822304,0.46985378861427307,0.02695603482425213,-0.903695498895217,-2.9314181540265074,2,0,0,0.46982866525650024,-0.004858231171965599,0.47057101130485535,0.007991778664290905,-0.02695603482425213,0.0,0.3045955300331116,0.2956904172897339,0.15372952818870544,0.023449726402759552,53.69017791748047,1,0.012580109760165215,0.33677244186401367,-0.19760292768478394,0.10378983616828918,0.0,0,0.9804131388664246,-0.3247813582420349,0.20070390403270721,0.09423873573541641,0.0,0,0.3408949673175812,-0.20575882494449615,-0.14765892922878265,0.02325744926929474,88.64159393310547,1,0.005077757406979799
259,5.18,walk,0.5,0.0,0.0,0.3640635013580322,0.4789298176765442,0.0014635516563430429,0.45920559763908386,0.006719707511365414,-0.7605425779371248,-2.7917365166315156,2,0,0,0.45920541882514954,-0.000428536266554147,0.45910945534706116,0.011983532458543777,0.006719707511365414,0.0,0.3036840856075287,0.2874737083911896,0.15442635118961334,0.023430541157722473,64.69187927246094,1,0.005514815915375948,0.34720945358276367,-0.20242074131965637,0.10855228453874588,0.0,0,0.9262492060661316,-0.32058268785476685,0.20293912291526794,0.10193552821874619,0.0,0,0.6958345770835876,-0.21350954473018646,-0.14709225296974182,0.023222260177135468,82.9694595336914,1,0.01951294206082821
260,5.2,walk,0.5,0.0,0.0,0.36432626843452454,0.48792120814323425,0.0014782925136387348,0.44562670588493347,0.005829259753227234,-0.7665249698764096,-2.636089312051619,2,0,0,0.4456259310245514,-0.0008242488838732243,0.44551822543144226,0.011258231475949287,-0.005829259753227234,0.0,0.30559268593788147,0.27964282035827637,0.15417900681495667,0.02341555804014206,76.54556274414062,1,0.0064430092461407185,0.3593132197856903,-0.2070097029209137,0.11402922868728638,0.0,0,1.0302587747573853,-0.3089129626750946,0.20328637957572937,0.10801097750663757,0.0,0,0.9918811917304993,-0.22091591358184814,-0.1473904699087143,0.02318144589662552,81.8271255493164,1,0.023382801562547684
261,5.22,walk,0.5,0.0,0.0,0.36461880803108215,0.4967213571071625,0.0014484541025012732,0.43871647119522095,0.04191746190190315,-0.8805355547193203,-2.5665957657847356,2,0,0,0.43869778513908386,-0.00404628599062562,0.4389209449291229,0.008230437524616718,-0.04191746190190315,0.0,0.309736430644989,0.2714556157588959,0.15346793830394745,0.023384764790534973,78.63794708251953,1,0.005365217104554176,0.3715939223766327,-0.2104874551296234,0.12046597898006439,0.0,0,0.9786384105682373,-0.2957596182823181,0.20197173953056335,0.11263422667980194,0.0,0,0.999090313911438,-0.22857382893562317,-0.14839009940624237,0.023137852549552917,83.08743286132812,1,0.02268010936677456
262,5.24,walk,0.5,0.0,0.0,0.36497071385383606,0.5054439902305603,0.0013686330057680607,0.43646299839019775,0.06364060938358307,-0.9428789067814051,-2.5809658434682077,2,0,0,0.43640923500061035,-0.0068515934981405735,0.4368862807750702,0.005943587049841881,-0.06364060938358307,0.0,0.31348955631256104,0.26280903816223145,0.15323562920093536,0.023368798196315765,78.19873809814453,1,0.00783533975481987,0.38123998045921326,-0.21291689574718475,0.12629923224449158,0.0,0,0.82816481590271,-0.28506791591644287,0.19969023764133453,0.11544454842805862,0.0,0,0.8856942653656006,-0.23658475279808044,-0.14915363490581512,0.023093946278095245,83.69258880615234,1,0.02398681640625
263,5.26,walk,0.5,0.0,0.0,0.3653532564640045,0.5141378045082092,0.0012600028421729803,0.4353586435317993,0.06951861083507538,-0.9434867936175362,-2.650223748208725,2,0,0,0.43528562784194946,-0.00797258410602808,0.4358636736869812,0.0054019661620259285,-0.06951861083507538,0.0,0.31592831015586853,0.2538672089576721,0.153436079621315,0.02335512638092041,78.34684753417969,1,0.015958158299326897,0.3878200054168701,-0.2148820459842682,0.13093076646327972,0.0,0,0.7015886902809143,-0.2773873805999756,0.19731292128562927,0.11702816933393478,0.0,0,0.767545759677887,-0.24486035108566284,-0.149586483836174,0.023049592971801758,83.42084503173828,1,0.027124475687742233
264,5.28,walk,0.5,0.0,0.0,0.3657504618167877,0.5228209495544434,0.0011358563788235188,0.43497735261917114,0.07107433676719666,-0.9316882821565738,-2.7439924271160687,2,0,0,0.43489572405815125,-0.008427059277892113,0.4355192482471466,0.005547187756747007,-0.07107433676719666,0.0,0.31726810336112976,0.244813472032547,0.15371668338775635,0.023328490555286407,78.40135192871094,1,0.01748443767428398,0.3922596871852875,-0.2164749950170517,0.13441799581050873,0.0,0,0.6202788949012756,-0.2722831070423126,0.19552093744277954,0.11789035052061081,0.0,0,0.6662745475769043,-0.25325343012809753,-0.1499609649181366,0.02300334721803665,82.78583526611328,1,0.031061479821801186
265,5.3,walk,0.5,0.0,0.0,0.36616477370262146,0.5315148830413818,0.000994487782008946,0.43590497970581055,0.0723121166229248,-0.9248492350849813,-2.828652408434965,2,0,0,0.4358060359954834,-0.00928681343793869,0.4364694356918335,0.005333899054676294,-0.0723121166229248,0.0,0.317874550819397,0.23582158982753754,0.1539648473262787,0.023299433290958405,78.41815948486328,1,0.018664665520191193,0.3953925669193268,-0.21752969920635223,0.13669563829898834,0.0,0,0.5641254782676697,-0.26896652579307556,0.1944301724433899,0.11818519234657288,0.0,0,0.6004034280776978,-0.2615848779678345,-0.15037542581558228,0.02295476198196411,81.84697723388672,1,0.035605210810899734
266,5.32,walk,0.5,0.0,0.0,0.3665960431098938,0.5402542352676392,0.0008220368763431907,0.4387456476688385,0.0733976662158966,-0.9195295849385992,-2.8753122054196725,2,0,0,0.4386047124862671,-0.011119936592876911,0.4393062889575958,0.004216866567730904,-0.0733976662158966,0.0,0.318044513463974,0.22702696919441223,0.15421289205551147,0.023269042372703552,78.65473175048828,1,0.019523127004504204,0.397625595331192,-0.21802718937397003,0.13764803111553192,0.0,0,0.5191461443901062,-0.26643499732017517,0.19377240538597107,0.1180165484547615,0.0,0,0.5780768990516663,-0.2697144150733948,-0.15080000460147858,0.022902846336364746,80.52154541015625,1,0.040823277086019516
267,5.34,walk,0.5,0.0,0.0,0.3670375347137451,0.5490819215774536,0.0005947650060988963,0.44386744499206543,0.0760028138756752,-0.9105614398366666,-2.8688873452882175,2,0,0,0.4436344802379608,-0.01437884196639061,0.44439801573753357,0.001773869851604104,-0.0760028138756752,0.0,0.31795158982276917,0.21847450733184814,0.15451626479625702,0.023237481713294983,79.45398712158203,1,0.02030189335346222,0.39912736415863037,-0.21805675327777863,0.13731156289577484,0.0,0,0.48105961084365845,-0.2639283835887909,0.19324646890163422,0.11747851222753525,0.0,0,0.5844587683677673,-0.2775905728340149,-0.1511891782283783,0.02284759283065796,78.92300415039062,1,0.046385765075683594
268,5.36,walk,0.5,0.0,0.0,0.3674840033054352,0.5580449104309082,0.00028195924824103713,0.4514997601509094,0.08105946332216263,-0.8925215228564878,-2.807680312588441,2,0,0,0.45108556747436523,-0.01933513768017292,0.45196613669395447,-0.0022264886647462845,-0.08105946332216263,0.0,0.3177039623260498,0.21012379229068756,0.15494254231452942,0.023204095661640167,80.1806411743164,1,0.021267632022500038,0.3999570608139038,-0.21769674122333527,0.1357918083667755,0.0,0,0.4469451308250427,-0.26116669178009033,0.192649245262146,0.11658444255590439,0.0,0,0.5997159481048584,-0.28524261713027954,-0.1514962762594223,0.02278757095336914,77.2098159790039,1,0.05195014551281929
269,5.38,walk,0.5,0.0,0.0,0.36791521310806274,0.5671903491020203,-0.00015148503007367253,0.46152129769325256,0.08540446311235428,-0.8633566151005333,-2.698766969857064,2,0,0,0.4607783854007721,-0.026176121085882187,0.4617775082588196,-0.007978574372828007,-0.08540446311235428,0.0,0.31737613677978516,0.20188480615615845,0.15553662180900574,0.023168638348579407,80.73331451416016,1,0.02242746576666832,0.4000920057296753,-0.21701928973197937,0.13311685621738434,0.0,0,0.41437089443206787,-0.258230984210968,0.19186913967132568,0.11525456607341766,0.0,0,0.6119110584259033,-0.2927548289299011,-0.1516859084367752,0.022723980247974396,73.56343078613281,1,0.056164100766181946
270,5.4,walk,0.5,0.0,0.0,0.3682638108730316,0.5765513181686401,-0.0007497583283111453,0.47327712178230286,0.08756531029939651,-0.8310125744510553,-2.5597085872238354,2,0,0,0.47195833921432495,-0.03530654311180115,0.47306254506111145,-0.01593894511461258,-0.08756531029939651,0.0,0.3170037269592285,0.1936243623495102,0.15627823770046234,0.02313077449798584,81.4976577758789,1,0.023601124063134193,0.3994479477405548,-0.21606367826461792,0.12914922833442688,0.0,0,0.3830289840698242,-0.2554042339324951,0.19082032144069672,0.11328201740980148,0.0,0,0.6157203316688538,-0.300272136926651,-0.1517542004585266,0.022657088935375214,69.80548095703125,1,0.0592157244682312
271,5.42,walk,0.5,0.0,0.0,0.3684885501861572,0.5861512422561646,-0.0015588101232424378,0.4864503741264343,0.0895962193608284,-0.7875755595375361,-2.3961782771246862,2,0,0,0.48419660329818726,-0.04677204415202141,0.48551174998283386,-0.026138130575418472,-0.0895962193608284,0.0,0.31671836972236633,0.1852862387895584,0.15725211799144745,0.023090586066246033,82.57357025146484,1,0.024661535397171974,0.39791440963745117,-0.21466465294361115,0.12353035062551498,0.0,0,0.3467176854610443,-0.25290846824645996,0.18928636610507965,0.11034863442182541,0.0,0,0.6175418496131897,-0.30785542726516724,-0.15160925686359406,0.02258705347776413,66.78923034667969,1,0.06187775731086731
272,5.44,walk,0.5,0.0,0.0,0.3685799241065979,0.5960103869438171,-0.0026239717844873667,0.5011193156242371,0.08956404775381088,-0.7252563799418108,-2.203702052209846,2,0,0,0.4974551796913147,-0.060488805174827576,0.4991599917411804,-0.03848019987344742,-0.08956404775381088,0.0,0.31666189432144165,0.17688046395778656,0.15853847563266754,0.023048385977745056,83.96887969970703,1,0.02566509321331978,0.39504316449165344,-0.21268755197525024,0.11555349826812744,0.0,0,0.28222087025642395,-0.2508339583873749,0.18695895373821259,0.1060662791132927,0.0,0,0.6276043653488159,-0.3155030906200409,-0.15115539729595184,0.022513866424560547,64.14784240722656,1,0.06425245106220245
273,5.46,walk,0.5,0.0,0.0,0.3685550391674042,0.6061500310897827,-0.003992799203842878,0.5175570845603943,0.08758677542209625,-0.6423773170881423,-1.9761961349195374,2,0,0,0.5118564963340759,-0.0766044482588768,0.5142018795013428,-0.053104374557733536,-0.08758677542209625,0.0,0.3169920742511749,0.16842803359031677,0.16017881035804749,0.023002848029136658,85.7589340209961,1,0.026738082990050316,0.38970181345939636,-0.21002449095249176,0.10394442081451416,0.0,0,0.16032497584819794,-0.24938903748989105,0.18348249793052673,0.09983357787132263,0.0,0,0.6471627950668335,-0.32320576906204224,-0.1503244936466217,0.022436700761318207,61.58968734741211,1,0.06623926758766174
274,5.48,walk,0.5,0.0,0.0,0.3684720993041992,0.6165960431098938,-0.005721521098166704,0.5363262295722961,0.08512625843286514,-0.5447718327753973,-1.7116203264043368,2,0,0,0.5277241468429565,-0.09567174315452576,0.5310611724853516,-0.07054471224546432,-0.08512625843286514,0.0,0.31822463870048523,0.15992367267608643,0.16217757761478424,0.022954441606998444,88.23509979248047,1,0.028126142919063568,0.3792903423309326,-0.2063904106616974,0.08627977967262268,0.0,0,0.19524089992046356,-0.24942684173583984,0.17827685177326202,0.09026522934436798,0.0,0,0.6774526238441467,-0.3309799134731293,-0.14908482134342194,0.02235563099384308,58.826541900634766,1,0.06768085062503815
275,5.5,walk,0.5,0.0,0.0,0.3684101998806,0.6273754239082336,-0.007869010791182518,0.5580701231956482,0.08791140466928482,-0.4293729319424022,-1.4123866439366104,2,0,0,0.5454723238945007,-0.11790754646062851,0.5501125454902649,-0.09100475907325745,-0.08791140466928482,0.0,0.3238709568977356,0.15132646262645721,0.16460400819778442,0.022903665900230408,89.60311126708984,1,0.030150730162858963,0.35746729373931885,-0.2006770521402359,0.05750511586666107,0.0,0,0.8748272061347961,-0.25331738591194153,0.1697646528482437,0.07441359758377075,0.0,0,0.7807732224464417,-0.3388603925704956,-0.14736366271972656,0.022270090878009796,54.47776412963867,1,0.06763920933008194
276,5.5200000000000005,walk,0.5,0.0,0.0,0.3681715726852417,0.6385101079940796,-0.010480687022209167,0.5760776996612549,0.1457185447216034,-0.30418730384370446,-1.0401009933661303,3,0,0,0.5587753057479858,-0.14012721180915833,0.5643648505210876,-0.11160312592983246,-0.1457185447216034,0.0,0.33067765831947327,0.14274552464485168,0.16751813888549805,0.02288030833005905,78.73646545410156,1,0.034405339509248734,0.318534255027771,-0.18923068046569824,0.023138664662837982,65.0055160522461,1,0.4956933856010437,-0.2657366394996643,0.152937650680542,0.047365546226501465,0.0,0,1.3035950660705566,-0.3466024696826935,-0.14527088403701782,0.022185280919075012,43.24241256713867,1,0.0640425831079483
277,5.54,walk,0.5,0.0,0.0,0.3665202856063843,0.6488841772079468,-0.012795270420610905,0.5143107771873474,0.09489119052886963,0.40299423443971055,-0.9670283212524545,2,0,0,0.5020241141319275,-0.11174681037664413,0.5053017139434814,-0.08394308388233185,-0.09489119052886963,0.0,0.3104126751422882,0.18094336986541748,0.17439672350883484,0.031800925731658936,0.0,0,3.335263252258301,0.3087400794029236,-0.18259847164154053,0.023371078073978424,82.6376724243164,1,0.011822654865682125,-0.2835099399089813,0.13920804858207703,0.022792667150497437,81.95245361328125,1,0.05536409839987755,-0.3378663659095764,-0.14686721563339233,0.0236746147274971,0.0,0,1.2741317749023438
278,5.5600000000000005,walk,0.5,0.0,0.0,0.3641957640647888,0.6585538387298584,-0.014853262342512608,0.4898588955402374,0.03916238620877266,0.6768498154377255,-1.237225802341399,2,0,0,0.479812353849411,-0.09870074689388275,0.48200613260269165,-0.07130254805088043,-0.03916238620877266,0.0,0.27606460452079773,0.25525715947151184,0.17594727873802185,0.044668927788734436,0.0,0,4.548458576202393,0.2974351644515991,-0.17933404445648193,0.023418404161930084,78.06307220458984,1,0.011606751941144466,-0.2943107485771179,0.14209125936031342,0.022669777274131775,90.19436645507812,1,0.031229039654135704,-0.2890967130661011,-0.1568295955657959,0.04133440554141998,0.0,0,3.1424503326416016
279,5.58,walk,0.5,0.0,0.0,0.3624351918697357,0.6681324243545532,-0.016624391078948975,0.49488556385040283,0.051307015120983124,1.1621464419939145,-1.2148654705460695,2,0,0,0.48793864250183105,-0.08262933790683746,0.48968973755836487,-0.054561883211135864,0.051307015120983124,0.0,0.2952677011489868,0.33240392804145813,0.17419478297233582,0.062413886189460754,0.0,0,4.025763511657715,0.2878733277320862,-0.17540816962718964,0.023409180343151093,77.71953582763672,1,0.00557939475402236,-0.3030216097831726,0.1462460309267044,0.022617846727371216,87.57377624511719,1,0.0369906909763813,-0.23472875356674194,-0.16297557950019836,0.052609749138355255,0.0,0,3.1099472045898438
280,5.6000000000000005,walk,0.5,0.0,0.0,0.36095938086509705,0.6782954335212708,-0.01816561631858349,0.5336472392082214,0.022041117772459984,1.895774712867457,-1.2020765816554553,2,0,0,0.528424084186554,-0.07448048889636993,0.5299656391143799,-0.0440576933324337,0.022041117772459984,0.0,0.33297398686408997,0.3826269209384918,0.17382130026817322,0.07393758744001389,0.0,0,2.365156888961792,0.2777521014213562,-0.17031888663768768,0.023379333317279816,79.6688232421875,1,0.00565891619771719,-0.3122403025627136,0.1516612470149994,0.0225498229265213,89.44374084472656,1,0.0401553176343441,-0.18740060925483704,-0.15648338198661804,0.06132446229457855,0.0,0,2.593465566635132
281,5.62,walk,0.5,0.0,0.0,0.35967379808425903,0.6893643140792847,-0.019541839137673378,0.5757761597633362,0.030674465000629425,2.4649939271164456,-1.3866451550587133,2,0,0,0.5717493891716003,-0.06797674298286438,0.5730011463165283,-0.03501392900943756,-0.030674465000629425,0.0,0.35269248485565186,0.39888277649879456,0.17670948803424835,0.07546252757310867,0.0,0,0.8775616884231567,0.26589182019233704,-0.16610455513000488,0.02335616946220398,83.1079330444336,1,0.010824642144143581,-0.32357385754585266,0.15552067756652832,0.022472791373729706,89.70266723632812,1,0.04281089827418327,-0.15809909999370575,-0.14651156961917877,0.0655924528837204,0.0,0,1.7473899126052856
282,5.64,walk,0.5,0.0,0.0,0.3587695062160492,0.7011218070983887,-0.020695537328720093,0.6026121973991394,0.001190456678159535,2.598780897814305,-1.7259885898188105,2,0,0,0.6002262830734253,-0.05357111617922783,0.6009708046913147,-0.01963149756193161,0.001190456678159535,0.0,0.35260558128356934,0.388317346572876,0.17899370193481445,0.06312131881713867,0.0,0,0.20483645796775818,0.25262221693992615,-0.16466094553470612,0.023321934044361115,87.09566497802734,1,0.013229729607701302,-0.3364150822162628,0.15649168193340302,0.02239147573709488,84.88910675048828,1,0.04657118767499924,-0.1488107144832611,-0.13907811045646667,0.05783727765083313,0.0,0,0.9610236287117004
283,5.66,walk,0.5,0.0,0.0,0.3583429753780365,0.71321040391922,-0.02154276892542839,0.6145966053009033,0.14330771565437317,2.14683667194467,-2.0762490147501156,2,0,0,0.6137423515319824,-0.03239285945892334,0.6137173771858215,0.0005437600775621831,0.14330771565437317,0.0,0.3543952703475952,0.35457345843315125,0.174106165766716,0.031563542783260345,0.0,0,1.3667441606521606,0.2387615144252777,-0.1674414873123169,0.023283950984477997,88.36437225341797,1,0.016111843287944794,-0.3493184745311737,0.15437433123588562,0.022306136786937714,77.5493392944336,1,0.049495015293359756,-0.15486197173595428,-0.13451768457889557,0.034876927733421326,0.0,0,0.5593234896659851
284,5.68,walk,0.5,0.0,0.0,0.35863426327705383,0.7248778343200684,-0.02227793075144291,0.562462329864502,0.23475328087806702,0.9854024906151408,-2.2296206991193404,4,0,0,0.5617514848709106,-0.028268808498978615,0.5644479393959045,-0.002172150183469057,0.23475328087806702,0.0,0.34846341609954834,0.33776628971099854,0.16517877578735352,0.02347477525472641,80.28801727294922,1,0.0070363255217671394,0.22601866722106934,-0.1752391755580902,0.023246601223945618,66.59833526611328,1,0.019320622086524963,-0.36024239659309387,0.1491943746805191,0.022215507924556732,64.9992446899414,1,0.055214542895555496,-0.16737651824951172,-0.13886933028697968,0.023417532444000244,54.386474609375,1,0.009370007552206516
285,5.7,walk,0.5,0.0,0.0,0.3595184087753296,0.7351855039596558,-0.023056641221046448,0.49075183272361755,0.02971881814301014,0.3349270504510229,-2.317127802105074,2,0,0,0.48951587080955505,-0.03480764105916023,0.49212685227394104,-0.012368938885629177,0.02971881814301014,0.0,0.3181944787502289,0.3274388909339905,0.1610492616891861,0.02343929558992386,82.0265884399414,1,0.021232811734080315,0.24766172468662262,-0.17799337208271027,0.04531954228878021,0.0,0,2.135575294494629,-0.35504603385925293,0.1569560170173645,0.031029492616653442,0.0,0,1.1681426763534546,-0.17787545919418335,-0.1420949101448059,0.023363754153251648,85.32805633544922,1,0.007385337259620428
286,5.72,walk,0.5,0.0,0.0,0.3600071668624878,0.7443768978118896,-0.023590123280882835,0.4480973780155182,0.044760894030332565,-0.15107476645654352,-2.607640933828281,2,0,0,0.44764599204063416,-0.020107682794332504,0.44908612966537476,0.0005298780743032694,0.044760894030332565,0.0,0.29566332697868347,0.316799134016037,0.15816037356853485,0.023471765220165253,78.97321319580078,1,0.006809287704527378,0.28879234194755554,-0.1846766173839569,0.07523877918720245,0.0,0,2.556994915008545,-0.33066675066947937,0.17442446947097778,0.057420291006565094,0.0,0,1.8341625928878784,-0.18831515312194824,-0.1447797417640686,0.023331686854362488,90.79168701171875,1,0.008745547384023666
287,5.74,walk,0.5,0.0,0.0,0.36065712571144104,0.7532352805137634,-0.023910876363515854,0.4453909993171692,0.026977121829986572,-0.5296818638255765,-2.925992422504579,2,0,0,0.4452242851257324,-0.0121848713606596,0.4468964636325836,0.00867670588195324,-0.026977121829986572,0.0,0.2970123589038849,0.3062845766544342,0.15586107969284058,0.023482412099838257,63.616241455078125,1,0.018692735582590103,0.3189639449119568,-0.1921830028295517,0.09374117851257324,0.0,0,1.639725923538208,-0.32362404465675354,0.19260753691196442,0.07732583582401276,0.0,0,0.9440152645111084,-0.19848661124706268,-0.14712293446063995,0.023293964564800262,94.28535461425781,1,0.013563199900090694
288,5.76,walk,0.5,0.0,0.0,0.3613120913505554,0.7621411681175232,-0.024013925343751907,0.4471290707588196,0.03473684564232826,-0.5951807099233541,-3.055820231361358,2,0,0,0.4471161663532257,-0.0033982156310230494,0.44784924387931824,0.017833396792411804,-0.03473684564232826,0.0,0.29834678769111633,0.2967418134212494,0.15541763603687286,0.02348244935274124,54.37834930419922,1,0.02058998867869377,0.33463558554649353,-0.1972445696592331,0.10309043526649475,0.0,0,1.0002397298812866,-0.3243824243545532,0.20032355189323425,0.0900612324476242,0.0,0,0.3820302188396454,-0.2074480950832367,-0.1479552835226059,0.02326337993144989,89.71698760986328,1,0.0018943033646792173
289,5.78,walk,0.5,0.0,0.0,0.36175736784935,0.7709572315216064,-0.023964907974004745,0.4383651614189148,0.00314067373983562,-0.4957880105647402,-2.98244201500403,2,0,0,0.43835440278053284,0.003069102531298995,0.43796655535697937,0.023833122104406357,0.00314067373983562,0.0,0.2983548641204834,0.2885532081127167,0.15566566586494446,0.023452110588550568,62.64007568359375,1,0.007596779149025679,0.34522882103919983,-0.20215165615081787,0.10836325585842133,0.0,0,0.9071692228317261,-0.32055482268333435,0.20308545231819153,0.09810993820428848,0.0,0,0.6624404191970825,-0.21516278386116028,-0.1478714942932129,0.023230500519275665,84.0240707397461,1,0.01639522984623909
290,5.8,walk,0.5,0.0,0.0,0.36206045746803284,0.7795396447181702,-0.023853978142142296,0.4255412817001343,0.00362555799074471,-0.5116321284484657,-2.8702508218012817,2,0,0,0.42551371455192566,0.004842414520680904,0.4249357581138611,0.025016918778419495,-0.00362555799074471,0.0,0.3007117211818695,0.2808690071105957,0.1551106870174408,0.023426488041877747,74.75460815429688,1,0.0022341792937368155,0.3571012318134308,-0.20695184171199799,0.11404041945934296,0.0,0,1.00327730178833,-0.30968427658081055,0.2039763480424881,0.1044083759188652,0.0,0,0.9437364339828491,-0.22243565320968628,-0.14846575260162354,0.02319205552339554,82.48128509521484,1,0.021129105240106583
291,5.82,walk,0.5,0.0,0.0,0.36238914728164673,0.7879288792610168,-0.023750415071845055,0.41798609495162964,0.03684200346469879,-0.6346252658235894,-2.830077356650559,2,0,0,0.4179724156856537,0.0033813989721238613,0.41772255301475525,0.02351292036473751,-0.03684200346469879,0.0,0.305127888917923,0.27291247248649597,0.1540546864271164,0.02342100441455841,77.93844604492188,1,0.01046757772564888,0.36932864785194397,-0.21055521070957184,0.12061561644077301,0.0,0,0.9632806181907654,-0.29720747470855713,0.20314450562000275,0.10917499661445618,0.0,0,0.9553439617156982,-0.22987791895866394,-0.14976857602596283,0.02315068244934082,83.53256225585938,1,0.020752042531967163
292,5.84,walk,0.5,0.0,0.0,0.3627897799015045,0.7962276339530945,-0.02366556040942669,0.4150736629962921,0.05751476436853409,-0.7188006772373852,-2.8699611790917907,2,0,0,0.4150680601596832,0.0021549302618950605,0.4150983393192291,0.022658417001366615,-0.05751476436853409,0.0,0.3092342019081116,0.2645489275455475,0.15336845815181732,0.02338746190071106,77.7624282836914,1,0.006751531269401312,0.3791046440601349,-0.2129446566104889,0.1265755295753479,0.0,0,0.8161709308624268,-0.2868935763835907,0.20119081437587738,0.11209329217672348,0.0,0,0.8530507683753967,-0.23763591051101685,-0.15093211829662323,0.0231085866689682,84.13196563720703,1,0.02191212959587574
293,5.86,walk,0.5,0.0,0.0,0.3632358908653259,0.8044860363006592,-0.02357892319560051,0.41335421800613403,0.0628751739859581,-0.7445723149971656,-2.9636318874732264,2,0,0,0.41334614157676697,0.0025833898689597845,0.41346192359924316,0.023544229567050934,-0.0628751739859581,0.0,0.31192412972450256,0.25590527057647705,0.15306323766708374,0.02336728572845459,78.0554428100586,1,0.008047929033637047,0.38582465052604675,-0.21474555134773254,0.13130930066108704,0.0,0,0.6859745979309082,-0.2793497145175934,0.19898299872875214,0.1137530505657196,0.0,0,0.7429971098899841,-0.24563929438591003,-0.15180882811546326,0.023066312074661255,83.92460632324219,1,0.024787262082099915
294,5.88,walk,0.5,0.0,0.0,0.36370983719825745,0.8127201795578003,-0.02347480319440365,0.4122488796710968,0.06335247308015823,-0.7547805129594256,-3.082272273356348,2,0,0,0.4122309684753418,0.003842854406684637,0.4123333990573883,0.025278277695178986,-0.06335247308015823,0.0,0.31337395310401917,0.24715660512447357,0.15282368659973145,0.0233527272939682,78.32743072509766,1,0.01627761870622635,0.390339732170105,-0.21613478660583496,0.13491950929164886,0.0,0,0.6015447378158569,-0.2742699980735779,0.1972460001707077,0.11469113081693649,0.0,0,0.6446694731712341,-0.2537495791912079,-0.1526326835155487,0.023022569715976715,83.33489227294922,1,0.028503084555268288
295,5.9,walk,0.5,0.0,0.0,0.3642105460166931,0.8209502100944519,-0.023350872099399567,0.4123922288417816,0.06324061751365662,-0.7682465510732231,-3.1949575880568646,2,0,0,0.4123625159263611,0.004948881454765797,0.4124332666397095,0.026915794238448143,-0.06324061751365662,0.0,0.31398478150367737,0.23847205936908722,0.15252670645713806,0.023326218128204346,78.36122131347656,1,0.017300689592957497,0.3934690058231354,-0.2170226275920868,0.1373887062072754,0.0,0,0.5436566472053528,-0.27100545167922974,0.19619295001029968,0.11508672684431076,0.0,0,0.57627272605896,-0.26180607080459595,-0.15351149439811707,0.022976666688919067,82.4554214477539,1,0.032785914838314056
296,5.92,walk,0.5,0.0,0.0,0.3647381663322449,0.8292074799537659,-0.0232168510556221,0.4142129421234131,0.06330103427171707,-0.7815936478459272,-3.274207419222876,2,0,0,0.41417941451072693,0.005270806606858969,0.41422104835510254,0.02785441279411316,-0.06330103427171707,0.0,0.31404316425323486,0.22997748851776123,0.1521986871957779,0.02329811453819275,78.6432113647461,1,0.017971819266676903,0.39564675092697144,-0.21739885210990906,0.13861998915672302,0.0,0,0.4987735450267792,-0.2686667740345001,0.19562485814094543,0.11502929776906967,0.0,0,0.5465670228004456,-0.269674688577652,-0.1544191986322403,0.022927574813365936,81.22560119628906,1,0.03765493631362915
297,5.94,walk,0.5,0.0,0.0,0.36528781056404114,0.8375300168991089,-0.023092029616236687,0.4180281460285187,0.06484565883874893,-0.7887538738910691,-3.3046459438156264,2,0,0,0.41800498962402344,0.004398902878165245,0.41804277896881104,0.0277158934623003,-0.06484565883874893,0.0,0.3137511610984802,0.22172391414642334,0.1518968790769577,0.023268692195415497,79.3204574584961,1,0.01855088584125042,0.39708396792411804,-0.2173362523317337,0.13867172598838806,0.0,0,0.46221867203712463,-0.26650238037109375,0.19525006413459778,0.1146283820271492,0.0,0,0.5455359816551208,-0.2772999107837677,-0.1553104817867279,0.02287513017654419,79.72211456298828,1,0.04288208857178688
298,5.96,walk,0.5,0.0,0.0,0.36585351824760437,0.8459607362747192,-0.023001819849014282,0.42404305934906006,0.06859511137008667,-0.7834633587703653,-3.283287301950762,2,0,0,0.42403772473335266,0.0021299468353390694,0.42411404848098755,0.02633218839764595,-0.06859511137008667,0.0,0.31324172019958496,0.21368297934532166,0.1516890674829483,0.023238345980644226,79.77397918701172,1,0.019241098314523697,0.39788925647735596,-0.21690760552883148,0.13768789172172546,0.0,0,0.4313619136810303,-0.2641732096672058,0.19487379491329193,0.11392644792795181,0.0,0,0.5555005073547363,-0.28469935059547424,-0.15613757073879242,0.022818811237812042,78.09294128417969,1,0.048143550753593445
299,5.98,walk,0.5,0.0,0.0,0.36642009019851685,0.8545451164245605,-0.02297189086675644,0.4323318302631378,0.07291405647993088,-0.7562904116528216,-3.2106866599417576,2,0,0,0.4323292374610901,-0.0014959964901208878,0.43245330452919006,0.02375638298690319,-0.07291405647993088,0.0,0.31261321902275085,0.2058047354221344,0.15165825188159943,0.023206427693367004,80.40386199951172,1,0.019965996965765953,0.3981143832206726,-0.2161637842655182,0.13575755059719086,0.0,0,0.4036940932273865,-0.2616758644580841,0.19439153373241425,0.11287759244441986,0.0,0,0.5640456080436707,-0.2919161319732666,-0.15683256089687347,0.022758878767490387,75.55905151367188,1,0.05284740403294563
300,6.0,walk,0.5,0.0,0.0,0.3669264018535614,0.8633186221122742,-0.02303723245859146,0.4421800374984741,0.07294585555791855,-0.7200546572803173,-3.1031393550443833,2,0,0,0.4421239197254181,-0.007043370045721531,0.44222068786621094,0.019345244392752647,-0.07294585555791855,0.0,0.3119089603424072,0.19796249270439148,0.15174530446529388,0.023172825574874878,81.14441680908203,1,0.020844943821430206,0.39771512150764465,-0.21519318222999573,0.13282160460948944,0.0,0,0.3793540298938751,-0.2592364251613617,0.19373641908168793,0.11133671551942825,0.0,0,0.5658621191978455,-0.29908809065818787,-0.15742816030979156,0.02269584685564041,71.22703552246094,1,0.05566982552409172
301,6.0200000000000005,walk,0.5,0.0,0.0,0.3673143982887268,0.8722997903823853,-0.02324078604578972,0.45296594500541687,0.07337585091590881,-0.6787272636858328,-2.9761029591240233,2,0,0,0.4527254104614258,-0.014759674668312073,0.4528653919696808,0.012834928929805756,-0.07337585091590881,0.0,0.31123653054237366,0.1900487095117569,0.15195788443088531,0.023137465119361877,82.1590805053711,1,0.02162669226527214,0.3966400921344757,-0.213869109749794,0.1285957247018814,0.0,0,0.3576350212097168,-0.2571461796760559,0.19273962080478668,0.10901308059692383,0.0,0,0.5596715807914734,-0.3063313663005829,-0.15790072083473206,0.022629879415035248,67.95391082763672,1,0.057892221957445145
302,6.04,walk,0.5,0.0,0.0,0.3675619661808014,0.8815014958381653,-0.02362404204905033,0.46456465125083923,0.07285594940185547,-0.6217268804628434,-2.8290874061077305,2,0,0,0.4639151692390442,-0.02455684170126915,0.4642438590526581,0.00431632436811924,-0.07285594940185547,0.0,0.31071433424949646,0.18205127120018005,0.15239517390727997,0.023100003600120544,83.44693756103516,1,0.0222975742071867,0.39472687244415283,-0.2119588553905487,0.12266302853822708,0.0,0,0.32789814472198486,-0.2554468512535095,0.1911245584487915,0.10562879592180252,0.0,0,0.561493992805481,-0.3136597275733948,-0.15814708173274994,0.022561468183994293,65.18463897705078,1,0.059905070811510086
303,6.0600000000000005,walk,0.5,0.0,0.0,0.3676653206348419,0.8909367322921753,-0.024228334426879883,0.4771727919578552,0.07035746425390244,-0.5446678324731133,-2.6564731578558756,2,0,0,0.47578293085098267,-0.036393534392118454,0.476498544216156,-0.0061636134050786495,-0.07035746425390244,0.0,0.31043681502342224,0.17399568855762482,0.15311287343502045,0.023060880601406097,85.00506591796875,1,0.02294599637389183,0.39143410325050354,-0.20936079323291779,0.1143115907907486,0.0,0,0.2709534466266632,-0.2541244328022003,0.18862652778625488,0.10085056722164154,0.0,0,0.5744194388389587,-0.3210592269897461,-0.1580922156572342,0.022489897906780243,62.621177673339844,1,0.06162077933549881
304,6.08,walk,0.5,0.0,0.0,0.3676435351371765,0.9006214141845703,-0.025097394362092018,0.4911564886569977,0.06727255135774612,-0.4470535169392149,-2.453777048951992,2,0,0,0.4885564148426056,-0.05047115683555603,0.4899417459964752,-0.01878683641552925,-0.06727255135774612,0.0,0.31056615710258484,0.16589514911174774,0.15414650738239288,0.02301935851573944,86.94099426269531,1,0.023710176348686218,0.3855108320713043,-0.20597483217716217,0.10221880674362183,0.0,0,0.17865337431430817,-0.25348225235939026,0.184926375746727,0.09405247122049332,0.0,0,0.5929640531539917,-0.32852479815483093,-0.15768244862556458,0.02241521328687668,60.10407257080078,1,0.06298618763685226
305,6.1000000000000005,walk,0.5,0.0,0.0,0.3675623834133148,0.9105777740478516,-0.026284165680408478,0.5072293877601624,0.06553478538990021,-0.3301943696864387,-2.2221121867873808,2,0,0,0.5027291774749756,-0.06741680204868317,0.5052098035812378,-0.034137364476919174,-0.06553478538990021,0.0,0.3117688000202179,0.1577243059873581,0.15553033351898193,0.022975407540798187,89.58853149414062,1,0.02484772354364395,0.3740197718143463,-0.20145030319690704,0.08373583853244781,0.0,0,0.3018879294395447,-0.2546215057373047,0.17940007150173187,0.08373057842254639,0.0,0,0.6233201026916504,-0.3360856771469116,-0.1568697690963745,0.022337041795253754,57.41461944580078,1,0.06399600952863693
306,6.12,walk,0.5,0.0,0.0,0.3675527274608612,0.9208320379257202,-0.02786085568368435,0.5264718532562256,0.07688575983047485,-0.22237935339011144,-1.9865396026438755,2,0,0,0.5189393162727356,-0.0887390747666359,0.5231050252914429,-0.0536276176571846,-0.07688575983047485,0.0,0.31839773058891296,0.14929527044296265,0.15716993808746338,0.02292836457490921,93.40425872802734,1,0.02765793353319168,0.34956827759742737,-0.19451460242271423,0.05335554480552673,0.0,0,1.0553338527679443,-0.26034608483314514,0.1700121909379959,0.06665553152561188,0.0,0,0.7661234736442566,-0.3438984453678131,-0.15578997135162354,0.02225596457719803,53.119529724121094,1,0.06346393376588821
307,6.140000000000001,walk,0.5,0.0,0.0,0.36738935112953186,0.9313150644302368,-0.0298390481621027,0.5268195867538452,0.17131803929805756,-0.005727505904700771,-1.716481393380976,3,0,0,0.5163089036941528,-0.10470911860466003,0.5213063955307007,-0.06870227307081223,-0.17131803929805756,0.0,0.32921597361564636,0.14072400331497192,0.15989355742931366,0.022907555103302002,78.69378662109375,1,0.03377792239189148,0.31443578004837036,-0.18367941677570343,0.023160472512245178,59.173011779785156,1,0.0633208379149437,-0.27515533566474915,0.15213355422019958,0.038165926933288574,0.0,0,1.3435193300247192,-0.3516465127468109,-0.15392467379570007,0.02217937260866165,40.5655517578125,1,0.05692366138100624
308,6.16,walk,0.5,0.0,0.0,0.36610302329063416,0.9410505890846252,-0.03154561296105385,0.4804595112800598,0.005283004604279995,1.0112896546214296,-1.7807965890399318,2,0,0,0.47360432147979736,-0.08087202161550522,0.4754543900489807,-0.04593397676944733,0.005283004604279995,0.0,0.314040869474411,0.1795729100704193,0.17261888086795807,0.03091302514076233,0.0,0,3.47786808013916,0.3043897747993469,-0.17624783515930176,0.02339503914117813,76.67987823486328,1,0.002513609826564789,-0.28913548588752747,0.14848093688488007,0.022702202200889587,75.96002960205078,1,0.042098864912986755,-0.34688231348991394,-0.15304669737815857,0.022349484264850616,0.0,0,1.0928937196731567
309,6.18,walk,0.5,0.0,0.0,0.3643675744533539,0.9501782655715942,-0.03312082216143608,0.4586198329925537,0.016904832795262337,1.128704982043886,-1.9429572327670819,2,0,0,0.4525677561759949,-0.07426024973392487,0.4535236954689026,-0.04096467047929764,0.016904832795262337,0.0,0.2797173857688904,0.2588735818862915,0.1783580183982849,0.04882172495126724,0.0,0,4.659709930419922,0.29406145215034485,-0.17495092749595642,0.023413240909576416,76.786865234375,1,0.016792209818959236,-0.2984858453273773,0.1502634435892105,0.02267027646303177,87.68848419189453,1,0.044959474354982376,-0.29591983556747437,-0.1608821600675583,0.04111438989639282,0.0,0,3.2576913833618164
310,6.2,walk,0.5,0.0,0.0,0.36316901445388794,0.9592700004577637,-0.034436747431755066,0.46895793080329895,0.09610529989004135,1.422215606317376,-1.8374880129246838,2,0,0,0.46526339650154114,-0.058749519288539886,0.4659920632839203,-0.025440199300646782,0.09610529989004135,0.0,0.3015363812446594,0.3378044664859772,0.17830760776996613,0.07074566185474396,0.0,0,3.96398663520813,0.2853763997554779,-0.1729658544063568,0.023398660123348236,75.77658081054688,1,0.012363956309854984,-0.3060656487941742,0.15301743149757385,0.022612646222114563,83.90817260742188,1,0.055772677063941956,-0.23933477699756622,-0.1661604791879654,0.052448876202106476,0.0,0,3.167226552963257
311,6.22,walk,0.5,0.0,0.0,0.3622363209724426,0.9690173864364624,-0.03559388592839241,0.511933445930481,0.05669032409787178,1.9792716410367472,-1.805271291270203,2,0,0,0.5089201927185059,-0.05546233057975769,0.5097841024398804,-0.019921058788895607,0.05669032409787178,0.0,0.34085676074028015,0.38752007484436035,0.17810332775115967,0.08381501585245132,0.0,0,2.272498846054077,0.2757069170475006,-0.16958847641944885,0.023364171385765076,77.91465759277344,1,0.009174675680696964,-0.3146253526210785,0.15716007351875305,0.022544875741004944,86.49118041992188,1,0.05622408539056778,-0.19026637077331543,-0.15800611674785614,0.06133507192134857,0.0,0,2.6556270122528076
312,6.24,walk,0.5,0.0,0.0,0.36145952343940735,0.9797022342681885,-0.036678507924079895,0.5554983615875244,0.0025002784095704556,2.4860691161307544,-2.0053877231019372,2,0,0,0.5528508424758911,-0.05416971445083618,0.5537985563278198,-0.01604865863919258,-0.0025002784095704556,0.0,0.36176007986068726,0.40327900648117065,0.18135769665241241,0.08602014183998108,0.0,0,0.8498786687850952,0.26406827569007874,-0.16626009345054626,0.023334041237831116,81.59630584716797,1,0.013349171727895737,-0.32556718587875366,0.16046327352523804,0.02247462421655655,87.44960021972656,1,0.05784379318356514,-0.15981583297252655,-0.146013543009758,0.06615172326564789,0.0,0,1.8054091930389404
313,6.26,walk,0.5,0.0,0.0,0.36102747917175293,0.9910960793495178,-0.03761432692408562,0.5839108824729919,0.020258966833353043,2.6069487368445823,-2.384479443736924,2,0,0,0.5822926163673401,-0.04344268888235092,0.5830581188201904,-0.0041867527179419994,0.020258966833353043,0.0,0.36197125911712646,0.39250385761260986,0.18396154046058655,0.07438378036022186,0.0,0,0.21666306257247925,0.2508746087551117,-0.1653071939945221,0.023294493556022644,85.73201751708984,1,0.01489513274282217,-0.3382137715816498,0.16117896139621735,0.022394657135009766,82.74313354492188,1,0.07150650024414062,-0.14978067576885223,-0.13733667135238647,0.05921401455998421,0.0,0,1.0100151300430298
314,6.28,walk,0.5,0.0,0.0,0.36097124218940735,1.0028632879257202,-0.0383339561522007,0.5993026494979858,0.1454291194677353,2.0983969703509397,-2.775128057890983,2,0,0,0.5986544489860535,-0.02786613255739212,0.5987083911895752,0.011150244623422623,0.1454291194677353,0.0,0.36236652731895447,0.35841140151023865,0.17915908992290497,0.04274890571832657,0.0,0,1.3740469217300415,0.23707962036132812,-0.16873350739479065,0.023253440856933594,81.91957092285156,1,0.016332343220710754,-0.3510233759880066,0.15852928161621094,0.02231024205684662,74.84541320800781,1,0.09300974756479263,-0.1552228182554245,-0.13280290365219116,0.0367371141910553,0.0,0,0.5904653668403625
315,6.3,walk,0.5,0.0,0.0,0.3610949218273163,1.0145175457000732,-0.03892198204994202,0.56833416223526,0.24323107302188873,1.2648473007883418,-2.808930877536788,4,0,0,0.5679698586463928,-0.020346788689494133,0.5690119862556458,0.013633583672344685,0.24323107302188873,0.0,0.3601209223270416,0.3310701251029968,0.1701798439025879,0.0234106183052063,82.86428833007812,1,0.02427763305604458,0.22506292164325714,-0.17490391433238983,0.02320091426372528,63.95450973510742,1,0.03988894820213318,-0.36126095056533813,0.1548909991979599,0.022219188511371613,63.06516647338867,1,0.11523684114217758,-0.16674987971782684,-0.13551808893680573,0.02342241257429123,48.75461959838867,1,0.015096863731741905
316,6.32,walk,0.5,0.0,0.0,0.3616616129875183,1.0249676704406738,-0.03952803835272789,0.4964357316493988,0.02228221483528614,0.748395086498257,-2.682404397926652,2,0,0,0.49568215012550354,-0.027343152090907097,0.49735093116760254,0.0014900752576068044,0.02228221483528614,0.0,0.33155903220176697,0.3217703402042389,0.16647817194461823,0.023402303457260132,86.3338851928711,1,0.032257579267024994,0.24371930956840515,-0.176273912191391,0.040898263454437256,0.0,0,1.8795888423919678,-0.359841912984848,0.15956279635429382,0.027127139270305634,0.0,0,0.8445693850517273,-0.17609699070453644,-0.13826040923595428,0.023374304175376892,83.70281219482422,1,0.010268128477036953
317,6.34,walk,0.5,0.0,0.0,0.36186376214027405,1.034205675125122,-0.039983149617910385,0.4464343190193176,0.046840280294418335,0.2511409064590649,-2.8175670114120344,2,0,0,0.4460676610469818,-0.018090156838297844,0.4465731978416443,0.007985452190041542,0.046840280294418335,0.0,0.3016483187675476,0.31192466616630554,0.16336306929588318,0.023450039327144623,82.4367904663086,1,0.0026131803169846535,0.2855844497680664,-0.18106600642204285,0.07155677676200867,0.0,0,2.6092400550842285,-0.3343294560909271,0.17271317541599274,0.05065567046403885,0.0,0,1.8218133449554443,-0.18563960492610931,-0.14123062789440155,0.02334371954202652,88.11400604248047,1,0.004133215174078941
318,6.36,walk,0.5,0.0,0.0,0.36219677329063416,1.0429617166519165,-0.04028596729040146,0.4382514953613281,0.010618897154927254,-0.25637213767220707,-3.080302404111034,2,0,0,0.43810155987739563,-0.011463232338428497,0.4388321042060852,0.014265704900026321,-0.010618897154927254,0.0,0.29946091771125793,0.30183443427085876,0.16012682020664215,0.023450307548046112,69.92491149902344,1,0.013190855272114277,0.3182406723499298,-0.18899321556091309,0.09228572994470596,0.0,0,1.749081015586853,-0.32218846678733826,0.18982312083244324,0.0710255578160286,0.0,0,1.144020438194275,-0.19542653858661652,-0.1444222331047058,0.023305587470531464,93.95986938476562,1,0.015391219407320023
319,6.38,walk,0.5,0.0,0.0,0.3625849783420563,1.0517237186431885,-0.04041699320077896,0.43981388211250305,0.04781442880630493,-0.4350140011861716,-3.23997963374465,2,0,0,0.43978309631347656,-0.005202902015298605,0.4398292601108551,0.02102191373705864,-0.04781442880630493,0.0,0.2994270324707031,0.2922196388244629,0.15894809365272522,0.023449547588825226,57.85640335083008,1,0.01612677425146103,0.33528774976730347,-0.19460496306419373,0.10421474277973175,0.0,0,1.0307433605194092,-0.32094594836235046,0.1987762451171875,0.08495445549488068,0.0,0,0.4618145227432251,-0.20443817973136902,-0.1459960639476776,0.023276306688785553,91.12906646728516,1,0.00411099661141634
320,6.4,walk,0.5,0.0,0.0,0.36282384395599365,1.0604103803634644,-0.040403373539447784,0.43215805292129517,0.016616949811577797,-0.35471466876550517,-3.2058105452046033,2,0,0,0.43215706944465637,0.0009243263630196452,0.4310527741909027,0.026857133954763412,-0.016616949811577797,0.0,0.29824942350387573,0.28387248516082764,0.15912064909934998,0.023428328335285187,61.936180114746094,1,0.007412631530314684,0.3452055752277374,-0.19996199011802673,0.1103735938668251,0.0,0,0.846294641494751,-0.31861984729766846,0.20235149562358856,0.09385118633508682,0.0,0,0.5587522387504578,-0.21222703158855438,-0.14614686369895935,0.023247376084327698,85.4272689819336,1,0.011531500145792961
321,6.42,walk,0.5,0.0,0.0,0.36292681097984314,1.0688658952713013,-0.040321048349142075,0.4188518226146698,0.011814371682703495,-0.3358380002511469,-3.1005146414123943,2,0,0,0.41883930563926697,0.003238312667235732,0.41742628812789917,0.028481578454375267,-0.011814371682703495,0.0,0.2991882860660553,0.2762344777584076,0.1587725579738617,0.023403935134410858,73.25434875488281,1,0.0020783264189958572,0.3554670810699463,-0.20539765059947968,0.11561045795679092,0.0,0,0.9201468229293823,-0.31001222133636475,0.20383912324905396,0.10065305233001709,0.0,0,0.8386068940162659,-0.21939696371555328,-0.14665107429027557,0.023212894797325134,82.93138885498047,1,0.01843182183802128
322,6.44,walk,0.5,0.0,0.0,0.363046795129776,1.077096939086914,-0.040244631469249725,0.40913498401641846,0.04085557162761688,-0.4463165768803676,-3.042792499293205,2,0,0,0.4091312289237976,0.0017508210148662329,0.40809300541877747,0.02672150544822216,-0.04085557162761688,0.0,0.30269548296928406,0.2685094475746155,0.1577511876821518,0.023399032652378082,78.58851623535156,1,0.008499578572809696,0.36678871512413025,-0.2097109705209732,0.12163236737251282,0.0,0,0.9275083541870117,-0.29872632026672363,0.20364724099636078,0.1060275286436081,0.0,0,0.9030707478523254,-0.22657793760299683,-0.1479676216840744,0.023174576461315155,83.43602752685547,1,0.01903030462563038
323,6.46,walk,0.5,0.0,0.0,0.3632521331310272,1.0852009057998657,-0.040201667696237564,0.4046611189842224,0.06497753411531448,-0.5538685775327965,-3.0568586335586114,2,0,0,0.4046608805656433,-0.00044841834460385144,0.40403807163238525,0.02478744089603424,-0.06497753411531448,0.0,0.3066731095314026,0.26045510172843933,0.15690623223781586,0.023367829620838165,78.50199890136719,1,0.005452332086861134,0.37662985920906067,-0.2126065343618393,0.12736265361309052,0.0,0,0.8144331574440002,-0.2886087894439697,0.20219635963439941,0.1096109002828598,0.0,0,0.8359459638595581,-0.23398849368095398,-0.1493425965309143,0.02313508838415146,84.07490539550781,1,0.01989280804991722
324,6.48,walk,0.5,0.0,0.0,0.3635215759277344,1.0932458639144897,-0.04018000513315201,0.4023909866809845,0.0736442357301712,-0.6033304596245016,-3.12063339049949,2,0,0,0.40238872170448303,-0.0013496283208951354,0.40195798873901367,0.02435883693397045,-0.0736442357301712,0.0,0.30959421396255493,0.2521516680717468,0.156479150056839,0.02335001528263092,78.26451873779297,1,0.007042839191854,0.3837786614894867,-0.21471084654331207,0.1319739669561386,0.0,0,0.6882534623146057,-0.28074145317077637,0.2002442479133606,0.11173209547996521,0.0,0,0.7454645037651062,-0.24159443378448486,-0.15042425692081451,0.023095637559890747,83.94760131835938,1,0.02249978482723236
325,6.5,walk,0.5,0.0,0.0,0.36382776498794556,1.1012601852416992,-0.04016357287764549,0.4011135995388031,0.07570770382881165,-0.6248969420113756,-3.209903749508145,2,0,0,0.4011116027832031,-0.0012638254556804895,0.40072256326675415,0.024981724098324776,-0.07570770382881165,0.0,0.31133198738098145,0.2437407225370407,0.15622201561927795,0.023336544632911682,78.33362579345703,1,0.015035628341138363,0.3886769413948059,-0.2163681983947754,0.13545896112918854,0.0,0,0.5984468460083008,-0.2750643491744995,0.19850675761699677,0.11296623945236206,0.0,0,0.6578775644302368,-0.24930182099342346,-0.15137037634849548,0.02305474877357483,83.3849105834961,1,0.02604420855641365
326,6.5200000000000005,walk,0.5,0.0,0.0,0.3641633987426758,1.1092681884765625,-0.040147412568330765,0.4011263847351074,0.07716953009366989,-0.6429895261533576,-3.3000455979662116,2,0,0,0.4011247456073761,-0.0011428293073549867,0.40075528621673584,0.025726832449436188,-0.07716953009366989,0.0,0.3121861219406128,0.23535630106925964,0.15597017109394073,0.023297928273677826,78.72250366210938,1,0.008797431364655495,0.3920641243457794,-0.2175358533859253,0.13784505426883698,0.0,0,0.5361075401306152,-0.2712087333202362,0.19732454419136047,0.11357160657644272,0.0,0,0.5869510173797607,-0.25698989629745483,-0.15232188999652863,0.02301204949617386,82.58354949951172,1,0.030100073665380478
327,6.54,walk,0.5,0.0,0.0,0.36453118920326233,1.1172977685928345,-0.040139034390449524,0.40264150500297546,0.07858029007911682,-0.658774626933786,-3.366282851546291,2,0,0,0.40263795852661133,-0.001689077471382916,0.4023085832595825,0.025914328172802925,-0.07858029007911682,0.0,0.3123660087585449,0.2271053045988083,0.15571917593479156,0.02327108383178711,79.06157684326172,1,0.00950001459568739,0.39440762996673584,-0.21815764904022217,0.1390366405248642,0.0,0,0.4882640242576599,-0.26851749420166016,0.19661051034927368,0.11363407969474792,0.0,0,0.5461136698722839,-0.2645397186279297,-0.15328150987625122,0.022966556251049042,81.51716613769531,1,0.03466721624135971
328,6.5600000000000005,walk,0.5,0.0,0.0,0.3649287819862366,1.1253849267959595,-0.04015512391924858,0.4060446619987488,0.08032767474651337,-0.6675971502681797,-3.3912900950884115,2,0,0,0.4060314893722534,-0.003271067049354315,0.40577954053878784,0.02520962432026863,-0.08032767474651337,0.0,0.312107115983963,0.21905608475208282,0.15551118552684784,0.023243479430675507,79.71726989746094,1,0.010106836445629597,0.3959406614303589,-0.21829582750797272,0.13903984427452087,0.0,0,0.44893911480903625,-0.2662462294101715,0.19612397253513336,0.11328651010990143,0.0,0,0.5361076593399048,-0.2718828618526459,-0.15421190857887268,0.022917993366718292,80.15350341796875,1,0.039711643010377884
329,6.58,walk,0.5,0.0,0.0,0.36535102128982544,1.1335691213607788,-0.04021947458386421,0.4115392565727234,0.08381836861371994,-0.665297991199677,-3.368838622956345,2,0,0,0.4114924967288971,-0.006204148754477501,0.4113897979259491,0.023332173004746437,-0.08381836861371994,0.0,0.31155914068222046,0.21120336651802063,0.1553955227136612,0.02321464568376541,80.3358154296875,1,0.010942804627120495,0.3967977464199066,-0.21803797781467438,0.1379813402891159,0.0,0,0.41649410128593445,-0.2639516294002533,0.19567979872226715,0.11260838061571121,0.0,0,0.5416241884231567,-0.27901846170425415,-0.15507614612579346,0.022865787148475647,78.63681030273438,1,0.04490382596850395
330,6.6000000000000005,walk,0.5,0.0,0.0,0.3657905161380768,1.1418946981430054,-0.040358591824769974,0.41929855942726135,0.08886359632015228,-0.6438749427853734,-3.2982323961849844,2,0,0,0.4191664457321167,-0.010524203069508076,0.4192819893360138,0.020277978852391243,-0.08886359632015228,0.0,0.3108412027359009,0.20350448787212372,0.15544790029525757,0.02318461239337921,80.8434066772461,1,0.012010752223432064,0.3970579504966736,-0.21743673086166382,0.13598181307315826,0.0,0,0.3884148597717285,-0.26152974367141724,0.19516126811504364,0.11159389466047287,0.0,0,0.5497292876243591,-0.2859799861907959,-0.15581567585468292,0.02281009405851364,77.0290756225586,1,0.05009038746356964
331,6.62,walk,0.5,0.0,0.0,0.3662302494049072,1.1504061222076416,-0.04059735685586929,0.42933645844459534,0.09381727874279022,-0.5922231846518857,-3.1776498887000524,2,0,0,0.42903271317481995,-0.01614711992442608,0.4294114410877228,0.016141558066010475,-0.09381727874279022,0.0,0.31006723642349243,0.19592466950416565,0.15575531125068665,0.023152872920036316,81.52813720703125,1,0.013185741379857063,0.3967568874359131,-0.21651560068130493,0.13304586708545685,0.0,0,0.36240020394325256,-0.2590656876564026,0.19449543952941895,0.11014820635318756,0.0,0,0.5545647144317627,-0.29279807209968567,-0.15635013580322266,0.02275005728006363,74.68843078613281,1,0.05487700179219246
332,6.640000000000001,walk,0.5,0.0,0.0,0.3666216731071472,1.1591371297836304,-0.040970414876937866,0.44099894165992737,0.09434069693088531,-0.5236518740055129,-3.020582858546439,2,0,0,0.4403620958328247,-0.02369154617190361,0.44100889563560486,0.010230585001409054,-0.09434069693088531,0.0,0.3093174397945404,0.18835583329200745,0.15625375509262085,0.023119017481803894,82.29843139648438,1,0.014666334725916386,0.39581623673439026,-0.21531634032726288,0.129009410738945,0.0,0,0.33713001012802124,-0.2567582130432129,0.19359958171844482,0.10808945447206497,0.0,0,0.555682361125946,-0.2995922863483429,-0.1567159742116928,0.02268662303686142,70.39140319824219,1,0.05789676681160927
333,6.66,walk,0.5,0.0,0.0,0.3669086694717407,1.1681063175201416,-0.041523002088069916,0.45373377203941345,0.0942826047539711,-0.44741466319157935,-2.8440391170877115,2,0,0,0.45249366760253906,-0.0335230827331543,0.45354631543159485,0.0021429508924484253,-0.0942826047539711,0.0,0.30869218707084656,0.1806812733411789,0.15691691637039185,0.023082874715328217,83.30249786376953,1,0.016317080706357956,0.3940778970718384,-0.2136976569890976,0.12349089980125427,0.0,0,0.3093017339706421,-0.2548215687274933,0.1922733634710312,0.10512612015008926,0.0,0,0.5546028017997742,-0.3064908981323242,-0.15691527724266052,0.02262071520090103,66.98912048339844,1,0.06025891378521919
334,6.68,walk,0.5,0.0,0.0,0.367075651884079,1.1773279905319214,-0.04229867085814476,0.46752816438674927,0.0931500717997551,-0.35721929379806355,-2.647933286959244,2,0,0,0.46530821919441223,-0.045506466180086136,0.46699851751327515,-0.007980983704328537,-0.0931500717997551,0.0,0.3083219826221466,0.17288894951343536,0.15781664848327637,0.023044705390930176,84.63231658935547,1,0.018328923732042313,0.3911229968070984,-0.21146675944328308,0.11581157147884369,0.0,0,0.25897732377052307,-0.2533503770828247,0.19017131626605988,0.10088679194450378,0.0,0,0.5610547661781311,-0.31351223587989807,-0.15686511993408203,0.02255130559206009,64.28759002685547,1,0.06230485439300537
335,6.7,walk,0.5,0.0,0.0,0.367136687040329,1.186816930770874,-0.043341461569070816,0.4826505184173584,0.09049072861671448,-0.24714407185584383,-2.4256257839575497,2,0,0,0.47894325852394104,-0.05970658361911774,0.4815801680088043,-0.02019657753407955,-0.09049072861671448,0.0,0.3083473742008209,0.16500520706176758,0.1590195596218109,0.02300431579351425,86.32610321044922,1,0.02140222303569317,0.38591355085372925,-0.20848359167575836,0.10479862987995148,0.0,0,0.1667676568031311,-0.2525266706943512,0.1869383007287979,0.09480910748243332,0.0,0,0.5781106352806091,-0.3206387758255005,-0.15647973120212555,0.02247898280620575,61.8154411315918,1,0.06409229338169098
336,6.72,walk,0.5,0.0,0.0,0.36714592576026917,1.1965928077697754,-0.044702257961034775,0.4997238218784332,0.08752822130918503,-0.11585284160853647,-2.173802899118115,2,0,0,0.4938202500343323,-0.07658623903989792,0.49783796072006226,-0.034941039979457855,-0.08752822130918503,0.0,0.3092575669288635,0.15703487396240234,0.16056950390338898,0.022962123155593872,88.57917785644531,1,0.027524614706635475,0.3760305345058441,-0.2044774293899536,0.08818276226520538,0.0,0,0.212529256939888,-0.2531352937221527,0.18205301463603973,0.08565060049295425,0.0,0,0.6069211959838867,-0.3278772830963135,-0.1556912511587143,0.02240220457315445,59.223777770996094,1,0.06553462147712708
337,6.74,walk,0.5,0.0,0.0,0.3672204911708832,1.2066831588745117,-0.04644887149333954,0.5198473334312439,0.09280888736248016,0.0180469539426538,-1.9091902716144198,2,0,0,0.5106387138366699,-0.09741336107254028,0.516653299331665,-0.05341027304530144,-0.09280888736248016,0.0,0.3141152262687683,0.14884881675243378,0.16241735219955444,0.022918231785297394,91.60860443115234,1,0.04622112214565277,0.35549938678741455,-0.19848936796188354,0.06124424189329147,0.0,0,0.8200644850730896,-0.25748303532600403,0.17398099601268768,0.07064136862754822,0.0,0,0.7090160846710205,-0.3353433907032013,-0.15456107258796692,0.022321566939353943,55.46028518676758,1,0.0657716915011406
338,6.76,walk,0.5,0.0,0.0,0.36722689867019653,1.2171132564544678,-0.04863204434514046,0.5406714081764221,0.12694935500621796,0.19499755189435344,-1.6097706799352223,3,0,0,0.527349054813385,-0.11928342282772064,0.5348437428474426,-0.07275204360485077,-0.12694935500621796,0.0,0.32638129591941833,0.14049512147903442,0.16488251090049744,0.02289198338985443,82.11323547363281,1,0.11098647117614746,0.31407392024993896,-0.18639793992042542,0.023102954030036926,46.82789993286133,1,0.9029082655906677,-0.2700042724609375,0.15855364501476288,0.04506830871105194,0.0,0,1.203101634979248,-0.3429224193096161,-0.15284720063209534,0.02223857492208481,45.05510711669922,1,0.06280199438333511
339,6.78,walk,0.5,0.0,0.0,0.3659347593784332,1.2268317937850952,-0.050479840487241745,0.47838902473449707,0.07164283841848373,0.9970413464042541,-1.654881411360512,2,0,0,0.4705863296985626,-0.08604975789785385,0.4735102951526642,-0.04214989021420479,-0.07164283841848373,0.0,0.3120521605014801,0.1766124814748764,0.17102181911468506,0.029822617769241333,0.0,0,3.246288299560547,0.30426397919654846,-0.18006326258182526,0.023362457752227783,80.17782592773438,1,0.006680900696665049,-0.2894909381866455,0.15009690821170807,0.022750966250896454,66.40518951416016,1,0.11036927253007889,-0.3385857343673706,-0.1528826653957367,0.02272944152355194,0.0,0,1.0064722299575806
340,6.8,walk,0.5,0.0,0.0,0.3638818562030792,1.2358813285827637,-0.05207890644669533,0.45523980259895325,0.019043589010834694,1.2337212749669475,-1.9428481631837733,2,0,0,0.4488372802734375,-0.07608134299516678,0.45029741525650024,-0.033602043986320496,-0.019043589010834694,0.0,0.27837929129600525,0.2531602680683136,0.17384962737560272,0.04538734257221222,0.0,0,4.632406711578369,0.29342085123062134,-0.17787468433380127,0.0233851820230484,76.59648895263672,1,0.005334100686013699,-0.2997030019760132,0.15214213728904724,0.022667989134788513,91.52216339111328,1,0.028896789997816086,-0.2915344536304474,-0.15997308492660522,0.041411712765693665,0.0,0,3.016162157058716
341,6.82,walk,0.5,0.0,0.0,0.36237677931785583,1.244858980178833,-0.05343981832265854,0.46333062648773193,0.06504208594560623,1.6207858540757487,-1.886036143771488,2,0,0,0.45912715792655945,-0.0622699148952961,0.46008068323135376,-0.01924172043800354,0.06504208594560623,0.0,0.3000401258468628,0.3322785496711731,0.1747923642396927,0.06443459540605545,0.0,0,4.037686347961426,0.28461864590644836,-0.17527683079242706,0.023388467729091644,75.97434997558594,1,0.010853076353669167,-0.3075769245624542,0.1551300287246704,0.022618435323238373,87.83744049072266,1,0.03555462136864662,-0.23791523277759552,-0.16420002281665802,0.05257316678762436,0.0,0,3.042940855026245
342,6.84,walk,0.5,0.0,0.0,0.36114346981048584,1.2544840574264526,-0.05464071407914162,0.5059351325035095,0.042782433331012726,2.2499667654397504,-1.8396595861939247,2,0,0,0.5025752782821655,-0.0582101009786129,0.5035275816917419,-0.011721287854015827,0.042782433331012726,0.0,0.33904311060905457,0.38359323143959045,0.17578038573265076,0.07759629189968109,0.0,0,2.344919204711914,0.275175541639328,-0.17151081562042236,0.02335468679666519,78.32542419433594,1,0.007977893576025963,-0.3160112202167511,0.15941506624221802,0.022552840411663055,90.11634063720703,1,0.03855137526988983,-0.1908225566148758,-0.15585485100746155,0.060920074582099915,0.0,0,2.562828302383423
343,6.86,walk,0.5,0.0,0.0,0.36009907722473145,1.2650514841079712,-0.05576697364449501,0.5501611828804016,0.00612495094537735,2.756313234605125,-2.003530338534517,2,0,0,0.5472689270973206,-0.056338537484407425,0.5482161641120911,-0.006234973203390837,-0.00612495094537735,0.0,0.36003732681274414,0.4003899395465851,0.179722860455513,0.08006216585636139,0.0,0,0.8736180067062378,0.26386672258377075,-0.16832596063613892,0.023311331868171692,82.27933502197266,1,0.005944385193288326,-0.32666245102882385,0.16247998178005219,0.022478796541690826,90.52677917480469,1,0.040942899882793427,-0.16154219210147858,-0.14443472027778625,0.06491655856370926,0.0,0,1.747820496559143
344,6.88,walk,0.5,0.0,0.0,0.3594244420528412,1.27633535861969,-0.056745197623968124,0.5788325071334839,0.02168344333767891,2.8894748161071053,-2.3372657610992107,2,0,0,0.5770342350006104,-0.04559111222624779,0.5775094628334045,0.006155596114695072,0.02168344333767891,0.0,0.360657274723053,0.39009878039360046,0.18313345313072205,0.06848841905593872,0.0,0,0.2266746163368225,0.25103145837783813,-0.16748404502868652,0.023255199193954468,87.34791564941406,1,0.010811700485646725,-0.3389473259449005,0.1630706638097763,0.022400371730327606,85.93251037597656,1,0.044508080929517746,-0.1517183780670166,-0.13607606291770935,0.05785432085394859,0.0,0,0.993259072303772
345,6.9,walk,0.5,0.0,0.0,0.3591475188732147,1.2879981994628906,-0.057499807327985764,0.5942358374595642,0.14705203473567963,2.441459443114109,-2.6664172729571796,2,0,0,0.5934919118881226,-0.029724834486842155,0.5928853154182434,0.021889515221118927,0.14705203473567963,0.0,0.3615231215953827,0.35693275928497314,0.17956633865833282,0.03767397999763489,0.0,0,1.326061725616455,0.237679585814476,-0.17074742913246155,0.023228347301483154,83.6919937133789,1,0.020757315680384636,-0.3512927293777466,0.16061179339885712,0.022317662835121155,78.37889099121094,1,0.047767385840415955,-0.15656575560569763,-0.13127847015857697,0.0361960232257843,0.0,0,0.5978226661682129
346,6.92,walk,0.5,0.0,0.0,0.35907432436943054,1.2995589971542358,-0.05809898301959038,0.5642560720443726,0.2547476291656494,1.6716326637433798,-2.6577525376647837,4,0,0,0.5638750791549683,-0.020731789991259575,0.5641402006149292,0.0247988011687994,0.2547476291656494,0.0,0.3538798391819,0.3335321247577667,0.17178530991077423,0.023436352610588074,87.71529388427734,1,0.02888617292046547,0.22594331204891205,-0.1767585277557373,0.023155182600021362,70.10433959960938,1,0.09740647673606873,-0.36118248105049133,0.15721145272254944,0.02222953736782074,67.43612670898438,1,0.05272412300109863,-0.1676001250743866,-0.1335776150226593,0.023424886167049408,46.01633071899414,1,0.014529040083289146
347,6.94,walk,0.5,0.0,0.0,0.3596101999282837,1.3099157810211182,-0.05868324637413025,0.49187639355659485,0.005329890176653862,1.148129613156579,-2.5178100724208616,2,0,0,0.4911991059780121,-0.025803709402680397,0.4925689995288849,0.012847812846302986,0.005329890176653862,0.0,0.33008408546447754,0.32438141107559204,0.16787002980709076,0.02342744916677475,86.22176361083984,1,0.033937353640794754,0.240880087018013,-0.17695480585098267,0.03675072640180588,0.0,0,1.684873104095459,-0.3633679449558258,0.16098152101039886,0.02465938776731491,0.0,0,0.6765347123146057,-0.1767614334821701,-0.1365686058998108,0.023375272750854492,83.29705810546875,1,0.012431370094418526
348,6.96,walk,0.5,0.0,0.0,0.35973918437957764,1.3190361261367798,-0.05911292880773544,0.43901216983795166,0.044780708849430084,0.6621538630256497,-2.6239181283940676,2,0,0,0.43868982791900635,-0.01682009920477867,0.4386632740497589,0.018030554056167603,0.044780708849430084,0.0,0.29657167196273804,0.314794659614563,0.16470882296562195,0.023476123809814453,83.1640396118164,1,0.002191936830058694,0.28201788663864136,-0.17938026785850525,0.06705212593078613,0.0,0,2.598647117614746,-0.33723020553588867,0.1723073273897171,0.04635772109031677,0.0,0,1.84695303440094,-0.1859818696975708,-0.13968782126903534,0.02334628254175186,86.73440551757812,1,0.0025777171831578016
349,6.98,walk,0.5,0.0,0.0,0.36001700162887573,1.327576994895935,-0.05939353629946709,0.4261336624622345,0.00248356768861413,0.04436797836853055,-2.9212646509384603,2,0,0,0.4260169565677643,-0.00997153576463461,0.4262844920158386,0.023834746330976486,0.00248356768861413,0.0,0.292805939912796,0.304755300283432,0.1606369912624359,0.023466438055038452,75.46994018554688,1,0.009390909224748611,0.3156423270702362,-0.18699240684509277,0.088534876704216,0.0,0,1.8169533014297485,-0.32197675108909607,0.1889270693063736,0.06698469072580338,0.0,0,1.2932943105697632,-0.19577614963054657,-0.14366677403450012,0.0233084037899971,94.03532409667969,1,0.015841800719499588
350,7.0,walk,0.5,0.0,0.0,0.3604544997215271,1.3360698223114014,-0.05952529236674309,0.42629244923591614,0.04815123602747917,-0.27938886131894514,-3.1878652903774527,2,0,0,0.42626217007637024,-0.005082154646515846,0.42623940110206604,0.029201829805970192,-0.04815123602747917,0.0,0.2932279706001282,0.2948148846626282,0.1584370732307434,0.023467637598514557,62.06644821166992,1,0.01594451628625393,0.33370426297187805,-0.19260567426681519,0.10201424360275269,0.0,0,1.0729756355285645,-0.3194022476673126,0.1984911561012268,0.08192574977874756,0.0,0,0.5381163358688354,-0.20515860617160797,-0.1462242305278778,0.023279204964637756,92.68453216552734,1,0.00795014388859272
351,7.0200000000000005,walk,0.5,0.0,0.0,0.3608282208442688,1.3444873094558716,-0.059504806995391846,0.4192708134651184,0.019801955670118332,-0.2770107815490171,-3.2690713304104384,2,0,0,0.41926711797714233,0.001761400024406612,0.41804319620132446,0.035701993852853775,-0.019801955670118332,0.0,0.29283443093299866,0.2860652804374695,0.158004492521286,0.023449987173080444,61.91087341308594,1,0.009441182017326355,0.34375235438346863,-0.19792164862155914,0.10942341387271881,0.0,0,0.8391379117965698,-0.3180397152900696,0.2024494707584381,0.09175054728984833,0.0,0,0.5013523697853088,-0.21335047483444214,-0.14699943363666534,0.02325163036584854,87.21882629394531,1,0.007418459746986628
352,7.04,walk,0.5,0.0,0.0,0.3610815703868866,1.3526859283447266,-0.05938005447387695,0.40636733174324036,0.0026632421649992466,-0.26661539371481635,-3.239414862477654,2,0,0,0.40631821751594543,0.006317034363746643,0.4044513702392578,0.03926261514425278,-0.0026632421649992466,0.0,0.2943195700645447,0.2782684564590454,0.1573987752199173,0.023427046835422516,70.98773193359375,1,0.002844025380909443,0.353540301322937,-0.20366831123828888,0.11515726894140244,0.0,0,0.8937222957611084,-0.3111913800239563,0.2043040543794632,0.09903665632009506,0.0,0,0.7590708136558533,-0.2207200676202774,-0.14772197604179382,0.023218803107738495,84.03506469726562,1,0.01576842926442623
353,7.0600000000000005,walk,0.5,0.0,0.0,0.3613359332084656,1.3606553077697754,-0.059217967092990875,0.39604005217552185,0.023305494338274002,-0.3678640635782491,-3.217876928147077,2,0,0,0.39597654342651367,0.007092373911291361,0.3942727744579315,0.03937792405486107,-0.023305494338274002,0.0,0.29842182993888855,0.2706470787525177,0.15613524615764618,0.02341066300868988,77.00833892822266,1,0.0028179180808365345,0.36460715532302856,-0.20859889686107635,0.12137044221162796,0.0,0,0.9184148907661438,-0.30110791325569153,0.20459003746509552,0.10466790944337845,0.0,0,0.8503807187080383,-0.22788605093955994,-0.14914309978485107,0.02318209409713745,83.85065460205078,1,0.01772696152329445
354,7.08,walk,0.5,0.0,0.0,0.3616722524166107,1.3684823513031006,-0.05905471742153168,0.39066362380981445,0.04647824540734291,-0.47890906566090485,-3.249705396235925,2,0,0,0.39060938358306885,0.006510111037641764,0.38925254344940186,0.03873948007822037,-0.04647824540734291,0.0,0.3030954897403717,0.2628190219402313,0.15493223071098328,0.02340392768383026,77.63290405273438,1,0.011589925736188889,0.3746967613697052,-0.2120036631822586,0.12742888927459717,0.0,0,0.8233151435852051,-0.29147088527679443,0.20352037250995636,0.10843366384506226,0.0,0,0.8075801134109497,-0.23516078293323517,-0.15070617198944092,0.023143425583839417,84.28105926513672,1,0.018899189308285713
355,7.1000000000000005,walk,0.5,0.0,0.0,0.36207905411720276,1.3762402534484863,-0.058883558958768845,0.38808590173721313,0.05620889365673065,-0.5392307350895187,-3.3284367733552505,2,0,0,0.38802212476730347,0.007036007009446621,0.386803537607193,0.039513472467660904,-0.05620889365673065,0.0,0.30674973130226135,0.2547805905342102,0.15408697724342346,0.023370452225208282,77.859375,1,0.006601401604712009,0.3822599947452545,-0.21435004472732544,0.13242483139038086,0.0,0,0.6958158016204834,-0.2836090922355652,0.2017761468887329,0.11065056174993515,0.0,0,0.7351058125495911,-0.24260102212429047,-0.15204255282878876,0.023104332387447357,84.10993957519531,1,0.021460244432091713
356,7.12,walk,0.5,0.0,0.0,0.36252865195274353,1.383962869644165,-0.05868709087371826,0.3866101801395416,0.05947565659880638,-0.5708378623605759,-3.4356052161971005,2,0,0,0.3865129053592682,0.00867224857211113,0.3852388858795166,0.041492607444524765,-0.05947565659880638,0.0,0.30901649594306946,0.24661441147327423,0.15339769423007965,0.0233505517244339,78.00572204589844,1,0.007742551155388355,0.3874669671058655,-0.21606257557868958,0.13624384999275208,0.0,0,0.5988243818283081,-0.2776867747306824,0.2000676542520523,0.11191784590482712,0.0,0,0.6565220952033997,-0.2501492202281952,-0.15326610207557678,0.023064181208610535,83.59362030029297,1,0.024803049862384796
357,7.140000000000001,walk,0.5,0.0,0.0,0.3630100190639496,1.3916720151901245,-0.05845647677779198,0.3862370550632477,0.0612492710351944,-0.5973963592570828,-3.5487287302215558,2,0,0,0.3860917091369629,0.010595458559691906,0.384686142206192,0.04385300725698471,-0.0612492710351944,0.0,0.31015217304229736,0.23844195902347565,0.15269897878170013,0.02333535999059677,78.24002075195312,1,0.0155870346352458,0.3910169303417206,-0.21719525754451752,0.13894864916801453,0.0,0,0.5316817164421082,-0.27354973554611206,0.19881485402584076,0.11254208534955978,0.0,0,0.5853115320205688,-0.25769805908203125,-0.1545148640871048,0.02302253246307373,82.8589859008789,1,0.02864568494260311
358,7.16,walk,0.5,0.0,0.0,0.3635203540325165,1.3993940353393555,-0.05819379910826683,0.38736653327941895,0.06252772361040115,-0.6232212511480482,-3.6447362170727824,2,0,0,0.38717523217201233,0.012172604911029339,0.38563475012779236,0.04600385203957558,-0.06252772361040115,0.0,0.31047523021698,0.23038016259670258,0.1519622802734375,0.02329745888710022,78.72909545898438,1,0.00870994757860899,0.39339399337768555,-0.21776151657104492,0.14048096537590027,0.0,0,0.4806348383426666,-0.27069684863090515,0.19805456697940826,0.11264960467815399,0.0,0,0.5385267734527588,-0.26513850688934326,-0.15581248700618744,0.022977955639362335,81.85359954833984,1,0.03295348212122917
359,7.18,walk,0.5,0.0,0.0,0.36405858397483826,1.4071606397628784,-0.057911261916160583,0.39004772901535034,0.06434992700815201,-0.6431100683200377,-3.7051821105669256,2,0,0,0.38983458280563354,0.012892468832433224,0.38819095492362976,0.04744664579629898,-0.06434992700815201,0.0,0.31018203496932983,0.22249823808670044,0.15122531354427338,0.023270651698112488,79.3742446899414,1,0.008950654417276382,0.3948935270309448,-0.2178235948085785,0.14085565507411957,0.0,0,0.44142651557922363,-0.2684980630874634,0.19760353863239288,0.11233393102884293,0.0,0,0.5176531672477722,-0.2723928391933441,-0.1571226716041565,0.02293088287115097,80.59941101074219,1,0.037649448961019516
360,7.2,walk,0.5,0.0,0.0,0.36462119221687317,1.415007472038269,-0.057627953588962555,0.3945443034172058,0.06724148243665695,-0.6514480217493308,-3.7217068994901252,2,0,0,0.39434534311294556,0.0125283133238554,0.39264848828315735,0.04799170419573784,-0.06724148243665695,0.0,0.30949726700782776,0.21481093764305115,0.15054157376289368,0.023243390023708344,79.84244537353516,1,0.009372765198349953,0.3957009017467499,-0.21746933460235596,0.14021651446819305,0.0,0,0.41017869114875793,-0.26646366715431213,0.19726556539535522,0.11170230805873871,0.0,0,0.5150976777076721,-0.2794439494609833,-0.15840324759483337,0.02288062870502472,79.15377807617188,1,0.042557116597890854
361,7.22,walk,0.5,0.0,0.0,0.36519986391067505,1.4229731559753418,-0.05736520141363144,0.4010144770145416,0.07135794311761856,-0.6400593216385692,-3.691700170918967,2,0,0,0.4008627235889435,0.011031626723706722,0.39916083216667175,0.047617413103580475,-0.07135794311761856,0.0,0.30856892466545105,0.20729337632656097,0.1499810516834259,0.02321520447731018,80.44058990478516,1,0.00984384398907423,0.3959358036518097,-0.2167673408985138,0.13871711492538452,0.0,0,0.38460907340049744,-0.26440128684043884,0.19692669808864594,0.11077385395765305,0.0,0,0.5180841088294983,-0.28631165623664856,-0.15959720313549042,0.02282678335905075,77.59613037109375,1,0.0474650040268898
362,7.24,walk,0.5,0.0,0.0,0.3657747507095337,1.4310989379882812,-0.05714322626590729,0.4094581604003906,0.07488570362329483,-0.5996243883086821,-3.613409981331342,2,0,0,0.4093710780143738,0.00844380259513855,0.4076709747314453,0.04636675864458084,-0.07488570362329483,0.0,0.3075195848941803,0.19991572201251984,0.14961500465869904,0.023185603320598602,81.1961669921875,1,0.010360883548855782,0.39567211270332336,-0.21575896441936493,0.13641756772994995,0.0,0,0.3626278340816498,-0.26232996582984924,0.19650474190711975,0.10948614031076431,0.0,0,0.5191941261291504,-0.2930240035057068,-0.16063760221004486,0.022769182920455933,74.98815155029297,1,0.05176324024796486
363,7.26,walk,0.5,0.0,0.0,0.36628854274749756,1.4394136667251587,-0.05699465423822403,0.4190625250339508,0.07349880039691925,-0.5482745992417032,-3.50470495936965,2,0,0,0.4190428853034973,0.004055682569742203,0.4173099100589752,0.04342931509017944,-0.07349880039691925,0.0,0.30642253160476685,0.19255049526691437,0.14934684336185455,0.023154549300670624,82.02349853515625,1,0.011074739508330822,0.39486706256866455,-0.21450908482074738,0.13322198390960693,0.0,0,0.3449908494949341,-0.2604396939277649,0.19592343270778656,0.10768792033195496,0.0,0,0.5162763595581055,-0.29972270131111145,-0.1615869700908661,0.022708483040332794,70.7149658203125,1,0.05425320938229561
364,7.28,walk,0.5,0.0,0.0,0.3666876554489136,1.4479286670684814,-0.05695943906903267,0.4292171895503998,0.07237773388624191,-0.4920306594692927,-3.3811604976624596,2,0,0,0.429210901260376,-0.002321959473192692,0.4275676906108856,0.038572005927562714,-0.07237773388624191,0.0,0.30540308356285095,0.18509441614151,0.149168461561203,0.023121803998947144,83.1125259399414,1,0.011657536961138248,0.3934573233127594,-0.21287043392658234,0.12881793081760406,0.0,0,0.33088454604148865,-0.2589477002620697,0.19499191641807556,0.10510466992855072,0.0,0,0.5079488158226013,-0.3065202236175537,-0.1624344289302826,0.02264551818370819,67.50637817382812,1,0.05613093823194504
365,7.3,walk,0.5,0.0,0.0,0.3669520318508148,1.456652045249939,-0.05707533657550812,0.43984469771385193,0.07040639221668243,-0.4212053597163893,-3.2422764982964782,2,0,0,0.4397173523902893,-0.010583601891994476,0.4383533298969269,0.031895238906145096,-0.07040639221668243,0.0,0.3045502305030823,0.1775408536195755,0.1491701602935791,0.023087598383426666,84.4537582397461,1,0.012358354404568672,0.39125698804855347,-0.21060797572135925,0.12280111014842987,0.0,0,0.3100571930408478,-0.2578478753566742,0.19342412054538727,0.10148176550865173,0.0,0,0.508572518825531,-0.3134256601333618,-0.16308550536632538,0.022580265998840332,64.80238342285156,1,0.05780333653092384
366,7.32,walk,0.5,0.0,0.0,0.3670780658721924,1.4655910730361938,-0.05737979710102081,0.45113605260849,0.06692087650299072,-0.33073985100511416,-3.082851772218741,2,0,0,0.4506610035896301,-0.02069731615483761,0.4498133957386017,0.023438891395926476,-0.06692087650299072,0.0,0.30394160747528076,0.16991467773914337,0.14941035211086273,0.023052304983139038,86.02898406982422,1,0.013586078770458698,0.3877333104610443,-0.20761588215827942,0.1145070269703865,0.0,0,0.26815780997276306,-0.25712165236473083,0.1909736692905426,0.09650720655918121,0.0,0,0.5197882652282715,-0.3204238712787628,-0.16346614062786102,0.022512421011924744,62.276912689208984,1,0.05922171100974083
367,7.34,walk,0.5,0.0,0.0,0.3670833706855774,1.4747586250305176,-0.05791240558028221,0.46346089243888855,0.0635695606470108,-0.21961043205318528,-2.8995508392367553,2,0,0,0.46229490637779236,-0.032854676246643066,0.4622950553894043,0.013041057623922825,-0.0635695606470108,0.0,0.30375340580940247,0.16222423315048218,0.14992597699165344,0.023014895617961884,87.92242431640625,1,0.015978466719388962,0.3816656470298767,-0.20379400253295898,0.10265691578388214,0.0,0,0.21016016602516174,-0.2571132183074951,0.18733903765678406,0.08956359326839447,0.0,0,0.5347840785980225,-0.3275130093097687,-0.16352660953998566,0.022441990673542023,59.78549575805664,1,0.060337699949741364
368,7.36,walk,0.5,0.0,0.0,0.36703115701675415,1.4841721057891846,-0.05872172489762306,0.47754839062690735,0.06271298974752426,-0.08668071012712195,-2.695449845797965,2,0,0,0.4751611053943634,-0.04769038036465645,0.476523220539093,0.00013174122432246804,-0.06271298974752426,0.0,0.3046916425228119,0.15443088114261627,0.15076571702957153,0.022976912558078766,90.3976058959961,1,0.02169640362262726,0.37013405561447144,-0.19876950979232788,0.08460906893014908,0.0,0,0.34807297587394714,-0.2590002119541168,0.18189038336277008,0.07916233688592911,0.0,0,0.562557578086853,-0.33472901582717896,-0.16321519017219543,0.022367633879184723,57.12067413330078,1,0.06121191754937172
369,7.38,walk,0.5,0.0,0.0,0.3670538365840912,1.4938559532165527,-0.059879153966903687,0.49448150396347046,0.074053555727005,0.040224638208644706,-2.4998690864619424,2,0,0,0.48993945121765137,-0.06686773896217346,0.49344778060913086,-0.016845379024744034,-0.074053555727005,0.0,0.3110015094280243,0.14632390439510345,0.15183553099632263,0.02293866127729416,93.64859771728516,1,0.0431646928191185,0.3457331955432892,-0.1912355273962021,0.054918646812438965,0.0,0,1.0758672952651978,-0.26559576392173767,0.17254632711410522,0.06212291121482849,0.0,0,0.7211478352546692,-0.34225380420684814,-0.1626655012369156,0.022290684282779694,52.82368469238281,1,0.06095527857542038
370,7.4,walk,0.5,0.0,0.0,0.36692383885383606,1.5037513971328735,-0.061405833810567856,0.49566078186035156,0.16820144653320312,0.26333551553103507,-2.289852508871686,3,0,0,0.4888829290866852,-0.0816890224814415,0.4933481812477112,-0.030702713876962662,-0.16820144653320312,0.0,0.3249055743217468,0.13797509670257568,0.1538643091917038,0.022913336753845215,82.20211029052734,1,0.1197635680437088,0.3083598017692566,-0.1800682246685028,0.02288845181465149,46.312713623046875,1,0.26818135380744934,-0.28148049116134644,0.15465371310710907,0.03365032374858856,0.0,0,1.3338758945465088,-0.3498366177082062,-0.16142213344573975,0.02222219854593277,40.36668395996094,1,0.05394840985536575
371,7.42,walk,0.5,0.0,0.0,0.36563733220100403,1.5130022764205933,-0.06274060159921646,0.4549064636230469,0.01914221979677677,1.402470703365633,-2.334596437794205,3,0,0,0.45052000880241394,-0.06302069127559662,0.4512704908847809,-0.013878576457500458,0.01914221979677677,0.0,0.3125092089176178,0.17491517961025238,0.16860540211200714,0.02906782180070877,0.0,0,3.39247727394104,0.2989148795604706,-0.17250409722328186,0.023384831845760345,75.73802947998047,1,0.005552971735596657,-0.2952266335487366,0.15541498363018036,0.02269294112920761,82.83344268798828,1,0.0404181070625782,-0.35044485330581665,-0.15854330360889435,0.022218577563762665,1.9655797481536865,0,0.6053875684738159
372,7.44,walk,0.5,0.0,0.0,0.36395373940467834,1.521696925163269,-0.0639713853597641,0.4343782365322113,0.005124788265675306,1.5418537334278484,-2.3516537680292537,2,0,0,0.43059417605400085,-0.05721120163798332,0.430355966091156,-0.01012392994016409,0.005124788265675306,0.0,0.2765563726425171,0.25508856773376465,0.17793774604797363,0.04880646616220474,0.0,0,4.6304192543029785,0.28989577293395996,-0.17167770862579346,0.023406699299812317,75.93286895751953,1,0.018578242510557175,-0.3032644987106323,0.15676704049110413,0.022656023502349854,87.51045989990234,1,0.04568968713283539,-0.30352646112442017,-0.16335910558700562,0.04218674451112747,0.0,0,3.0326004028320312
373,7.46,walk,0.5,0.0,0.0,0.3628140091896057,1.5303972959518433,-0.0649484246969223,0.4483702480792999,0.08202439546585083,1.7026419360186493,-2.113289344062506,2,0,0,0.44640278816223145,-0.041957348585128784,0.44587239623069763,0.005587359424680471,0.08202439546585083,0.0,0.29737550020217896,0.33391624689102173,0.18018388748168945,0.07070460915565491,0.0,0,3.8909780979156494,0.28245237469673157,-0.1710091382265091,0.02339562028646469,74.77281188964844,1,0.01573532074689865,-0.3097120225429535,0.15811191499233246,0.0225977823138237,82.53529357910156,1,0.05743400380015373,-0.2485942840576172,-0.16813057661056519,0.052953995764255524,0.0,0,3.0707056522369385
374,7.48,walk,0.5,0.0,0.0,0.36194807291030884,1.5397896766662598,-0.06580842286348343,0.49293428659439087,0.0506666861474514,2.124662889691047,-1.975980983960682,2,0,0,0.4911859333515167,-0.04148002341389656,0.49107614159584045,0.009777559898793697,0.0506666861474514,0.0,0.33611491322517395,0.3837515115737915,0.18037104606628418,0.0832764208316803,0.0,0,2.2470438480377197,0.27380403876304626,-0.16896632313728333,0.02336418628692627,76.93059539794922,1,0.01172841340303421,-0.3173244595527649,0.1608705222606659,0.02253115177154541,85.49488067626953,1,0.05683481693267822,-0.19896461069583893,-0.1594841182231903,0.0608818382024765,0.0,0,2.679936170578003
375,7.5,walk,0.5,0.0,0.0,0.36121469736099243,1.5501258373260498,-0.06666474044322968,0.537266731262207,0.0014577398542314768,2.5908124149304275,-2.085675743021791,2,0,0,0.5354666113853455,-0.04394407942891121,0.5357264280319214,0.011411921121180058,-0.0014577398542314768,0.0,0.35879939794540405,0.4006156921386719,0.18350248038768768,0.08496556431055069,0.0,0,0.882229208946228,0.2630701959133148,-0.16641657054424286,0.023316122591495514,80.8676986694336,1,0.006600062828511,-0.32739579677581787,0.16341903805732727,0.02246318757534027,86.89708709716797,1,0.05784003436565399,-0.16619417071342468,-0.14635896682739258,0.06588122993707657,0.0,0,1.914649486541748
376,7.5200000000000005,walk,0.5,0.0,0.0,0.36076924204826355,1.5611964464187622,-0.06743428111076355,0.5677942037582397,0.015287840738892555,2.764533794158059,-2.383604752636339,2,0,0,0.5666258335113525,-0.03640645742416382,0.5665265321731567,0.021327001973986626,0.015287840738892555,0.0,0.3614570200443268,0.3919372856616974,0.1862102597951889,0.07403942942619324,0.0,0,0.14059367775917053,0.25069460272789,-0.16563783586025238,0.02325526624917984,86.01966857910156,1,0.009879166260361671,-0.33926165103912354,0.16395170986652374,0.022385016083717346,82.98210144042969,1,0.07021200656890869,-0.15312699973583221,-0.13647247850894928,0.06069397181272507,0.0,0,1.1309617757797241
377,7.54,walk,0.5,0.0,0.0,0.3606630265712738,1.572693109512329,-0.06802500784397125,0.5863017439842224,0.1235525980591774,2.4051576280057256,-2.720111311013354,2,0,0,0.5858520865440369,-0.022957177832722664,0.584702730178833,0.035468801856040955,0.1235525980591774,0.0,0.3620699942111969,0.36121660470962524,0.18259958922863007,0.04467891529202461,0.0,0,1.2011194229125977,0.23755256831645966,-0.16858048737049103,0.023220956325531006,83.43665313720703,1,0.014752265065908432,-0.3515257239341736,0.1616128534078598,0.022302798926830292,75.79000091552734,1,0.0897861197590828,-0.15545153617858887,-0.1309012919664383,0.041088350117206573,0.0,0,0.6697123050689697
378,7.5600000000000005,walk,0.5,0.0,0.0,0.3606717586517334,1.5841645002365112,-0.068538598716259,0.5651939511299133,0.2787027060985565,1.4826146489826815,-2.861072328217254,4,0,0,0.5649105310440063,-0.017896639183163643,0.5643755793571472,0.03548835963010788,0.2787027060985565,0.0,0.36482304334640503,0.3335013687610626,0.17324107885360718,0.023413851857185364,67.25200653076172,1,0.04470193013548851,0.2250782698392868,-0.17571896314620972,0.023173466324806213,69.80438232421875,1,0.07932393252849579,-0.3621938228607178,0.1570620834827423,0.02221693843603134,67.11619567871094,1,0.11440619826316833,-0.16619066894054413,-0.13186022639274597,0.023480013012886047,44.8707389831543,1,0.012469676323235035
379,7.58,walk,0.5,0.0,0.0,0.3611648380756378,1.5944875478744507,-0.0691332146525383,0.4891112744808197,0.005873978137969971,0.855987107790354,-2.907949197151521,2,0,0,0.48837825655937195,-0.02676752768456936,0.4898456037044525,0.01833006553351879,0.005873978137969971,0.0,0.34169116616249084,0.3233236074447632,0.1685531586408615,0.023391209542751312,87.17837524414062,1,0.036866843700408936,0.23865528404712677,-0.17544510960578918,0.03689999133348465,0.0,0,1.6441811323165894,-0.36762502789497375,0.15943658351898193,0.023279711604118347,0.0,0,0.6069865226745605,-0.17647512257099152,-0.13557857275009155,0.02338462322950363,85.9406509399414,1,0.006580238230526447
380,7.6000000000000005,walk,0.5,0.0,0.0,0.3613092601299286,1.6034687757492065,-0.06956593692302704,0.42999136447906494,0.05643463134765625,0.30858509189554645,-3.122529835211226,2,0,0,0.42968490719795227,-0.016231225803494453,0.4294680953025818,0.023656874895095825,0.05643463134765625,0.0,0.3059648871421814,0.31323716044425964,0.16487565636634827,0.02343764156103134,84.04701232910156,1,0.003063989570364356,0.2796745002269745,-0.17719292640686035,0.06845829635858536,0.0,0,2.6095359325408936,-0.34124502539634705,0.1701083481311798,0.04443887621164322,0.0,0,1.8937753438949585,-0.18622486293315887,-0.13914841413497925,0.02335861325263977,88.674072265625,1,0.0069613829255104065
381,7.62,walk,0.5,0.0,0.0,0.36147603392601013,1.6118428707122803,-0.06978801637887955,0.4182955026626587,0.02259112149477005,-0.29732779288502825,-3.4230476999646204,2,0,0,0.418258935213089,-0.00552973011508584,0.41722673177719116,0.033160511404275894,0.02259112149477005,0.0,0.30039510130882263,0.30333077907562256,0.16059544682502747,0.023452341556549072,68.5054931640625,1,0.012443143874406815,0.31419068574905396,-0.1853952705860138,0.09127229452133179,0.0,0,1.8488178253173828,-0.32366853952407837,0.18722014129161835,0.06622196733951569,0.0,0,1.365715742111206,-0.19590672850608826,-0.143154576420784,0.023322321474552155,95.30438232421875,1,0.020680159330368042
382,7.640000000000001,walk,0.5,0.0,0.0,0.36165326833724976,1.6202324628829956,-0.06981011480093002,0.42207071185112,0.03557673469185829,-0.5357364529988224,-3.6042199618030897,2,0,0,0.42206934094429016,0.0010750810615718365,0.4200039505958557,0.04027876257896423,-0.03557673469185829,0.0,0.30004581809043884,0.29398781061172485,0.15859414637088776,0.023452989757061005,56.51130676269531,1,0.017283819615840912,0.33288857340812683,-0.19216527044773102,0.10439442843198776,0.0,0,1.0740694999694824,-0.3208655118942261,0.19822844862937927,0.08117269724607468,0.0,0,0.541401743888855,-0.2047160565853119,-0.14534851908683777,0.0232948437333107,92.92491912841797,1,0.01013441663235426
383,7.66,walk,0.5,0.0,0.0,0.3616756796836853,1.628603219985962,-0.06965696066617966,0.4172738492488861,0.010509892366826534,-0.4574943415396521,-3.574573312267238,2,0,0,0.4171850383281708,0.008608045056462288,0.41350412368774414,0.04740212485194206,-0.010509892366826534,0.0,0.29822611808776855,0.2859363555908203,0.1583336442708969,0.023439615964889526,59.64997482299805,1,0.008096931502223015,0.3427828252315521,-0.19846171140670776,0.11037541925907135,0.0,0,0.8065967559814453,-0.3200543224811554,0.203018918633461,0.09043969213962555,0.0,0,0.4595836102962494,-0.21222642064094543,-0.14585499465465546,0.023269452154636383,86.77024841308594,1,0.006937229540199041
384,7.68,walk,0.5,0.0,0.0,0.36155515909194946,1.6367604732513428,-0.06940644979476929,0.40372738242149353,0.0008241200121119618,-0.41480307122570725,-3.4549007140457983,2,0,0,0.40353864431381226,0.01234365627169609,0.3993649482727051,0.049871426075696945,0.0008241200121119618,0.0,0.2977902591228485,0.27870044112205505,0.15767550468444824,0.02341514080762863,72.18187713623047,1,0.003654712811112404,0.35216107964515686,-0.2044961303472519,0.11476563662290573,0.0,0,0.8564938902854919,-0.3133959174156189,0.20526865124702454,0.09717919677495956,0.0,0,0.745064377784729,-0.2190275639295578,-0.1465718001127243,0.023238636553287506,83.4178695678711,1,0.015861455351114273
385,7.7,walk,0.5,0.0,0.0,0.3614654839038849,1.6446549892425537,-0.06913965940475464,0.3914455771446228,0.02667226828634739,-0.5309804001806722,-3.3806576249848175,2,0,0,0.39126506447792053,0.011886866763234138,0.38759711384773254,0.04845766723155975,-0.02667226828634739,0.0,0.3001531660556793,0.27144160866737366,0.15614603459835052,0.023395933210849762,79.31355285644531,1,0.00455482816323638,0.3630043566226959,-0.2091202735900879,0.11993759870529175,0.0,0,0.8945825099945068,-0.30285879969596863,0.20563198626041412,0.10255658626556396,0.0,0,0.8657451868057251,-0.2257937490940094,-0.14826172590255737,0.023203536868095398,83.6716537475586,1,0.01687707006931305
386,7.72,walk,0.5,0.0,0.0,0.3614971935749054,1.6523709297180176,-0.06889420002698898,0.38443881273269653,0.054369229823350906,-0.6755892720098879,-3.3853038611677184,2,0,0,0.3843052387237549,0.010133244097232819,0.38124117255210876,0.04649077355861664,-0.054369229823350906,0.0,0.3034304976463318,0.263843297958374,0.1546202301979065,0.023389868438243866,78.7448959350586,1,0.0023833727464079857,0.37294474244117737,-0.2120319902896881,0.12516790628433228,0.0,0,0.8016958236694336,-0.29249298572540283,0.2044205218553543,0.10631218552589417,0.0,0,0.8293428421020508,-0.23277288675308228,-0.15019828081130981,0.023166440427303314,84.6091079711914,1,0.01683783158659935
387,7.74,walk,0.5,0.0,0.0,0.3616267740726471,1.6599888801574707,-0.06865992397069931,0.38052400946617126,0.06534279882907867,-0.7600631306739016,-3.4470758785779023,2,0,0,0.38040027022361755,0.00970248132944107,0.3776114284992218,0.04622757434844971,-0.06534279882907867,0.0,0.30588462948799133,0.2559919059276581,0.15353982150554657,0.02338375896215439,78.59265899658203,1,0.010518134571611881,0.3802889287471771,-0.21401628851890564,0.12950129806995392,0.0,0,0.6705315113067627,-0.28406527638435364,0.20250321924686432,0.10859063267707825,0.0,0,0.7447522282600403,-0.23994608223438263,-0.15184259414672852,0.023130185902118683,84.67393493652344,1,0.018855584785342216
388,7.76,walk,0.5,0.0,0.0,0.36181801557540894,1.6675478219985962,-0.06841503083705902,0.3779338002204895,0.06806758046150208,-0.8049887533005133,-3.544257517636136,2,0,0,0.3777831494808197,0.010670434683561325,0.37502601742744446,0.04748641327023506,-0.06806758046150208,0.0,0.30718186497688293,0.24801093339920044,0.15269705653190613,0.02334926277399063,79.05472564697266,1,0.0043891966342926025,0.385202556848526,-0.21560733020305634,0.13285166025161743,0.0,0,0.5720294117927551,-0.27792662382125854,0.200710728764534,0.10994251817464828,0.0,0,0.6490692496299744,-0.24724744260311127,-0.15329581499099731,0.02309274673461914,84.22267150878906,1,0.02198713645339012
389,7.78,walk,0.5,0.0,0.0,0.36206498742103577,1.6750675439834595,-0.06814810633659363,0.37622618675231934,0.06923753768205643,-0.8373067538537807,-3.6537055361134785,2,0,0,0.37603387236595154,0.012027897872030735,0.3732435703277588,0.0492144338786602,-0.06923753768205643,0.0,0.3074779510498047,0.2400117665529251,0.15189629793167114,0.023331768810749054,79.14353942871094,1,0.005593986716121435,0.38847616314888,-0.21676969528198242,0.13528048992156982,0.0,0,0.5075168609619141,-0.2739611864089966,0.19948646426200867,0.1106228232383728,0.0,0,0.5608870983123779,-0.2545647621154785,-0.15471458435058594,0.023053884506225586,83.58064270019531,1,0.025563206523656845
390,7.8,walk,0.5,0.0,0.0,0.3623709976673126,1.6825706958770752,-0.06785890460014343,0.37581709027290344,0.06864175200462341,-0.8634453541988906,-3.7502489793711393,2,0,0,0.375585675239563,0.013186353258788586,0.37275466322898865,0.0508640818297863,-0.06864175200462341,0.0,0.30709055066108704,0.2321261614561081,0.15109236538410187,0.023319341242313385,79.2977523803711,1,0.014098215848207474,0.39065244793891907,-0.21742531657218933,0.13668137788772583,0.0,0,0.4595855176448822,-0.271511435508728,0.19881704449653625,0.11075396835803986,0.0,0,0.5063259601593018,-0.2617754340171814,-0.15613487362861633,0.023013077676296234,82.63381958007812,1,0.02974121645092964
391,7.82,walk,0.5,0.0,0.0,0.3627333641052246,1.6900895833969116,-0.06755641102790833,0.3770970404148102,0.06811719387769699,-0.8819976420885262,-3.8144745287972386,2,0,0,0.3768483102321625,0.013693979009985924,0.3740103840827942,0.05202740058302879,-0.06811719387769699,0.0,0.30628395080566406,0.22444486618041992,0.1502978503704071,0.023282229900360107,79.76419067382812,1,0.006666700821369886,0.39201557636260986,-0.2176131159067154,0.13703584671020508,0.0,0,0.42222532629966736,-0.2697129249572754,0.19848649203777313,0.11049523949623108,0.0,0,0.4875878393650055,-0.2687983214855194,-0.1575414091348648,0.022969432175159454,81.39173889160156,1,0.03439055755734444
392,7.84,walk,0.5,0.0,0.0,0.3631475865840912,1.697657823562622,-0.06725727766752243,0.3801025450229645,0.06956594437360764,-0.8869549186829274,-3.835977244964908,2,0,0,0.3798738718032837,0.013183080591261387,0.37708574533462524,0.052356548607349396,-0.06956594437360764,0.0,0.30517154932022095,0.21698008477687836,0.14956563711166382,0.023261182010173798,79.89402770996094,1,0.007735711522400379,0.39278098940849304,-0.21738794445991516,0.13650073111057281,0.0,0,0.3949121832847595,-0.2679847776889801,0.19827446341514587,0.10995021462440491,0.0,0,0.4880968928337097,-0.2756049335002899,-0.1588938683271408,0.02292296290397644,80.00489044189453,1,0.039204929023981094
393,7.86,walk,0.5,0.0,0.0,0.36360010504722595,1.7053182125091553,-0.06697990000247955,0.38518962264060974,0.07205780595541,-0.8691289787228403,-3.8109800332631307,2,0,0,0.3850116431713104,0.011708582751452923,0.38229429721832275,0.05195140093564987,-0.07205780595541,0.0,0.303893119096756,0.20971615612506866,0.14897283911705017,0.023244552314281464,80.30020904541016,1,0.016041694208979607,0.39307576417922974,-0.21682628989219666,0.13525041937828064,0.0,0,0.3722766935825348,-0.2660951316356659,0.1980510950088501,0.10916532576084137,0.0,0,0.4952249526977539,-0.2822096645832062,-0.16013365983963013,0.02287258952856064,78.4837875366211,1,0.04410229250788689
394,7.88,walk,0.5,0.0,0.0,0.3640689551830292,1.7131134271621704,-0.06674082577228546,0.39252999424934387,0.07538966834545135,-0.8187587881932293,-3.737883348765654,2,0,0,0.39241841435432434,0.009359277784824371,0.3897939920425415,0.050931669771671295,-0.07538966834545135,0.0,0.30254223942756653,0.20262067019939423,0.14858852326869965,0.023206181824207306,81.15377807617188,1,0.008591151796281338,0.3929538130760193,-0.2159816175699234,0.1333577036857605,0.0,0,0.35234665870666504,-0.2640877366065979,0.19775979220867157,0.10809057950973511,0.0,0,0.49876755475997925,-0.2886439263820648,-0.16119703650474548,0.022818900644779205,76.86637878417969,1,0.04901397228240967
395,7.9,walk,0.5,0.0,0.0,0.36453911662101746,1.7210850715637207,-0.06655832380056381,0.401735782623291,0.07879070937633514,-0.7308258122405744,-3.6174496113385812,2,0,0,0.40169060230255127,0.006024004425853491,0.39920058846473694,0.04916011169552803,-0.07879070937633514,0.0,0.3011733591556549,0.19564016163349152,0.1484609693288803,0.023189008235931396,81.70156860351562,1,0.01725270040333271,0.39244726300239563,-0.21482762694358826,0.1307527720928192,0.0,0,0.3361063599586487,-0.26214998960494995,0.19733521342277527,0.10657314211130142,0.0,0,0.49611255526542664,-0.29494819045066833,-0.16204461455345154,0.022761553525924683,74.78083038330078,1,0.05351189523935318
396,7.92,walk,0.5,0.0,0.0,0.3649671673774719,1.729261875152588,-0.06646062433719635,0.4122369587421417,0.07677430659532547,-0.6259981499324815,-3.4661005167373267,2,0,0,0.41223546862602234,0.0011048093438148499,0.4098833501338959,0.045952893793582916,-0.07677430659532547,0.0,0.2999187409877777,0.1886594593524933,0.14846879243850708,0.0231592059135437,82.5222396850586,1,0.0181588102132082,0.39143502712249756,-0.2133888155221939,0.12719863653182983,0.0,0,0.31947848200798035,-0.2604389190673828,0.19667629897594452,0.10446599125862122,0.0,0,0.49361810088157654,-0.30125489830970764,-0.16275905072689056,0.02270103245973587,70.27938079833984,1,0.05603715404868126
397,7.94,walk,0.5,0.0,0.0,0.36529541015625,1.737655520439148,-0.06648790091276169,0.4232146143913269,0.0744398683309555,-0.5185253901465953,-3.3036429732246924,2,0,0,0.4231742322444916,-0.005846132058650255,0.42110952734947205,0.04078128561377525,-0.0744398683309555,0.0,0.2988297939300537,0.18155068159103394,0.14855371415615082,0.02312707155942917,83.57923889160156,1,0.019012296572327614,0.3897421061992645,-0.21151234209537506,0.1223062202334404,0.0,0,0.3043605089187622,-0.2591392993927002,0.19559642672538757,0.10149585455656052,0.0,0,0.4884360730648041,-0.3077009618282318,-0.16337154805660248,0.02263829857110977,66.85323333740234,1,0.05783582106232643
398,7.96,walk,0.5,0.0,0.0,0.3655034899711609,1.7462711334228516,-0.06667843461036682,0.43463465571403503,0.07169237732887268,-0.40070886915168014,-3.131023175444137,2,0,0,0.4343860447406769,-0.014699161984026432,0.43284186720848083,0.033778201788663864,-0.07169237732887268,0.0,0.297983855009079,0.1743001937866211,0.14879494905471802,0.023093290627002716,84.92996215820312,1,0.019738001748919487,0.3870551288127899,-0.20895402133464813,0.11554988473653793,0.0,0,0.27828875184059143,-0.2582852840423584,0.1937706470489502,0.09735850244760513,0.0,0,0.4916306436061859,-0.3143027722835541,-0.16379886865615845,0.022572919726371765,64.1322021484375,1,0.05942108854651451
399,7.98,walk,0.5,0.0,0.0,0.3655965030193329,1.7551162242889404,-0.0670696347951889,0.4467400312423706,0.06801394373178482,-0.26606793804458395,-2.9418738929853276,2,0,0,0.44601625204086304,-0.02541961334645748,0.4452877342700958,0.024996308609843254,-0.06801394373178482,0.0,0.2974880039691925,0.1669379472732544,0.1492599993944168,0.023057512938976288,86.6148681640625,1,0.02042378857731819,0.3825779855251312,-0.20559291541576385,0.10601148754358292,0.0,0,0.22811833024024963,-0.25797584652900696,0.19089294970035553,0.09160605072975159,0.0,0,0.5052191019058228,-0.3210381865501404,-0.16396096348762512,0.022504650056362152,61.681114196777344,1,0.06079639494419098
400,8.0,walk,0.5,0.0,0.0,0.3656104505062103,1.7642040252685547,-0.0677029937505722,0.46005502343177795,0.06529054045677185,-0.1117130132597815,-2.732964232927437,2,0,0,0.4584539532661438,-0.0383482500910759,0.45895916223526,0.014141290448606014,-0.06529054045677185,0.0,0.2976996600627899,0.159470334649086,0.14999991655349731,0.023019611835479736,88.77278900146484,1,0.021278297528624535,0.37445521354675293,-0.2012544423341751,0.09187768399715424,0.0,0,0.2245553582906723,-0.25883451104164124,0.18654949963092804,0.08329150825738907,0.0,0,0.5259648561477661,-0.32790452241897583,-0.16379712522029877,0.022433429956436157,59.18342971801758,1,0.06195151060819626
401,8.02,walk,0.5,0.0,0.0,0.3656406104564667,1.7735551595687866,-0.06863486766815186,0.4756276607513428,0.0670979768037796,0.0580967286363756,-2.5149456618376878,2,0,0,0.4724893271923065,-0.054548244923353195,0.4748876988887787,0.00024314341135323048,-0.0670979768037796,-0.0,0.30033332109451294,0.15180811285972595,0.15103863179683685,0.022978410124778748,91.83516693115234,1,0.022838082164525986,0.3580462634563446,-0.19525593519210815,0.06936261057853699,0.0,0,0.6198882460594177,-0.26267269253730774,0.17963756620883942,0.07021937519311905,0.0,0,0.5978906750679016,-0.3349844813346863,-0.16328608989715576,0.022358834743499756,56.075523376464844,1,0.06278529018163681
402,8.040000000000001,walk,0.5,0.0,0.0,0.3657536506652832,1.7831907272338867,-0.06993817538022995,0.4940004050731659,0.08665464073419571,0.23679716235649434,-2.3232602447626878,2,0,0,0.48823052644729614,-0.07528176158666611,0.4930296540260315,-0.017867103219032288,-0.08665464073419571,0.0,0.314832478761673,0.1436900496482849,0.15242235362529755,0.022962093353271484,91.4161376953125,1,0.026911936700344086,0.32114410400390625,-0.18489165604114532,0.031192772090435028,0.0,0,1.849656581878662,-0.2735348641872406,0.16683225333690643,0.04809373617172241,0.0,0,0.9540916681289673,-0.34248796105384827,-0.16245369613170624,0.022282972931861877,48.76351547241211,1,0.06089501827955246
403,8.06,walk,0.5,0.0,0.0,0.3655340373516083,1.792682409286499,-0.07137017697095871,0.4733821451663971,0.14185881614685059,1.120874276882172,-2.317765997905647,4,0,0,0.467155396938324,-0.0765276551246643,0.472104012966156,-0.020127778872847557,-0.14185881614685059,0.0,0.3216431140899658,0.13444462418556213,0.1582978516817093,0.022921979427337646,59.971553802490234,1,0.023790040984749794,0.3045658469200134,-0.1758628785610199,0.023362211883068085,74.34580993652344,1,0.007038869895040989,-0.29267072677612305,0.15671434998512268,0.02276007831096649,76.73932647705078,1,0.022235790267586708,-0.3508325517177582,-0.15771153569221497,0.022212952375411987,29.27963638305664,1,0.06301841139793396
404,8.08,walk,0.5,0.0,0.0,0.3648993670940399,1.8015389442443848,-0.07266534864902496,0.43665677309036255,0.03475721925497055,1.6385992008745536,-2.358514052720297,2,0,0,0.43209218978881836,-0.06297208368778229,0.43479374051094055,-0.009706960059702396,-0.03475721925497055,0.0,0.2810557782649994,0.18827040493488312,0.16910386085510254,0.042630717158317566,0.0,0,4.205699920654297,0.29560428857803345,-0.17225083708763123,0.023410022258758545,69.35382080078125,1,0.03208272531628609,-0.301236629486084,0.15973034501075745,0.022658638656139374,82.13687896728516,1,0.059145573526620865,-0.32491838932037354,-0.15767240524291992,0.03267891705036163,0.0,0,1.9093221426010132
405,8.1,walk,0.5,0.0,0.0,0.36442944407463074,1.8100100755691528,-0.07397834211587906,0.43175992369651794,0.05799483507871628,1.4417066183310654,-2.3261470669040762,2,0,0,0.42751237750053406,-0.060413531959056854,0.43031248450279236,-0.008455594070255756,0.05799483507871628,0.0,0.27421385049819946,0.2694000005722046,0.17663052678108215,0.05604194849729538,0.0,0,4.53759765625,0.2872263193130493,-0.17345036566257477,0.023379988968372345,73.07536315917969,1,0.015305949375033379,-0.3087617754936218,0.1590864658355713,0.022604048252105713,80.5982894897461,1,0.05527652055025101,-0.27257511019706726,-0.16456203162670135,0.051352359354496,0.0,0,2.936923027038574
406,8.120000000000001,walk,0.5,0.0,0.0,0.36423924565315247,1.818795919418335,-0.07512127608060837,0.4579925835132599,0.10650140792131424,1.7175371912162718,-2.1627151542176573,2,0,0,0.4550268054008484,-0.05203646793961525,0.4570969343185425,0.002068587113171816,0.10650140792131424,0.0,0.30797234177589417,0.34397998452186584,0.1766154170036316,0.07549071311950684,0.0,0,3.6515095233917236,0.27921026945114136,-0.17223715782165527,0.023367591202259064,73.76811218261719,1,0.015953881666064262,-0.3155941665172577,0.16136594116687775,0.02254129946231842,82.84498596191406,1,0.06069747731089592,-0.2238302081823349,-0.1625642627477646,0.06086054444313049,0.0,0,2.6751890182495117
407,8.14,walk,0.5,0.0,0.0,0.3640420436859131,1.8284040689468384,-0.07622531056404114,0.5062418580055237,0.038283079862594604,2.184850516657199,-2.142794480616492,2,0,0,0.5032095909118652,-0.05532583221793175,0.5054357647895813,0.003738483414053917,0.038283079862594604,0.0,0.3485356867313385,0.38891366124153137,0.17798441648483276,0.08729852735996246,0.0,0,2.067652702331543,0.26970797777175903,-0.16980111598968506,0.023330070078372955,75.86192321777344,1,0.01535394974052906,-0.3240818381309509,0.1644812822341919,0.02246924489736557,85.06913757324219,1,0.058717403560876846,-0.18458279967308044,-0.15159684419631958,0.06789751350879669,0.0,0,2.2278757095336914
408,8.16,walk,0.5,0.0,0.0,0.3638854920864105,1.8389579057693481,-0.07733157277107239,0.5485398769378662,0.016663119196891785,2.561745050813557,-2.349363733666596,2,0,0,0.5456175208091736,-0.05654679611325264,0.5480182766914368,0.007126228883862495,-0.016663119196891785,0.0,0.36835354566574097,0.40164825320243835,0.1825753152370453,0.08876417577266693,0.0,0,0.7497705817222595,0.2582851052284241,-0.16758476197719574,0.02329356223344803,80.9240493774414,1,0.016487637534737587,-0.33497539162635803,0.16646970808506012,0.022396661341190338,85.72535705566406,1,0.0625610426068306,-0.16184420883655548,-0.14117464423179626,0.06881872564554214,0.0,0,1.5064979791641235
409,8.18,walk,0.5,0.0,0.0,0.36397284269332886,1.850211262702942,-0.0783640667796135,0.5781141519546509,0.023626070469617844,2.521299872199915,-2.7124275616405007,2,0,0,0.5759997963905334,-0.049398407340049744,0.5779612064361572,0.01726357452571392,0.023626070469617844,0.0,0.36985379457473755,0.38761383295059204,0.18559329211711884,0.07424682378768921,0.0,0,0.4105675518512726,0.24537251889705658,-0.167997345328331,0.023248501121997833,83.50948333740234,1,0.01706916280090809,-0.347415030002594,0.16580070555210114,0.022314324975013733,80.15765380859375,1,0.07900239527225494,-0.15546372532844543,-0.13511919975280762,0.05854715034365654,0.0,0,0.8959355354309082
410,8.2,walk,0.5,0.0,0.0,0.3642018437385559,1.861873745918274,-0.0793025866150856,0.5964819192886353,0.169817715883255,1.8367196166430573,-3.0065664565959267,2,0,0,0.5950848460197449,-0.040800996124744415,0.5955325961112976,0.027413416653871536,0.169817715883255,0.0,0.3759220540523529,0.3486035466194153,0.1803130805492401,0.03851143270730972,0.0,0,1.6551015377044678,0.232198104262352,-0.17293201386928558,0.023206546902656555,71.2881088256836,1,0.016179129481315613,-0.35954001545906067,0.1618969887495041,0.02222636342048645,71.64311981201172,1,0.10361725836992264,-0.1614294946193695,-0.1325763612985611,0.03394825756549835,0.0,0,0.5993821620941162
411,8.22,walk,0.5,0.0,0.0,0.3642025589942932,1.8734047412872314,-0.08032114058732986,0.5553186535835266,0.24122250080108643,0.6700369685449022,-2.7690752296258827,4,0,0,0.5532116293907166,-0.04832882061600685,0.5557990074157715,0.01241789199411869,0.24122250080108643,0.0,0.3710578382015228,0.3235398232936859,0.16792093217372894,0.023313991725444794,103.12353515625,1,0.07373473793268204,0.2267269641160965,-0.18400287628173828,0.023184485733509064,41.20113754272461,1,0.32459190487861633,-0.36804643273353577,0.15630187094211578,0.022127456963062286,53.72500991821289,1,0.13403555750846863,-0.17149870097637177,-0.13726398348808289,0.023403704166412354,56.25968551635742,1,0.012705237604677677
412,8.24,walk,0.5,0.0,0.0,0.3643990159034729,1.8836250305175781,-0.08156821131706238,0.4889642894268036,0.06895731389522552,0.20600705644426032,-2.5548401564494974,2,0,0,0.4853534400463104,-0.05931368097662926,0.48890420794487,-0.006829836405813694,0.06895731389522552,0.0,0.3254755139350891,0.3149314522743225,0.1645570546388626,0.023382514715194702,87.29364013671875,1,0.031018640846014023,0.25829434394836426,-0.18384554982185364,0.05214206129312515,0.0,0,2.403813362121582,-0.35479363799095154,0.16406933963298798,0.035761795938014984,0.0,0,1.3007450103759766,-0.1801878660917282,-0.139534592628479,0.023345261812210083,83.44302368164062,1,0.010283399373292923
413,8.26,walk,0.5,0.0,0.0,0.3644835650920868,1.8928139209747314,-0.08262087404727936,0.4522970914840698,0.07415416091680527,-0.21775218037190547,-2.6588146320807207,2,0,0,0.4498829245567322,-0.046669259667396545,0.45234617590904236,0.0014841483207419515,0.07415416091680527,0.0,0.3039053678512573,0.3053961992263794,0.1617441028356552,0.023417316377162933,80.8070068359375,1,0.00749713322147727,0.3001399338245392,-0.18805833160877228,0.0803849846124649,0.0,0,2.442579746246338,-0.33107849955558777,0.18203549087047577,0.06117571145296097,0.0,0,1.7519577741622925,-0.1896609365940094,-0.14180943369865417,0.02331048995256424,89.33624267578125,1,0.004446531645953655
414,8.28,walk,0.5,0.0,0.0,0.36483335494995117,1.901749849319458,-0.08355408161878586,0.45118460059165955,0.01151368860155344,-0.692995208696872,-2.8547456520551178,2,0,0,0.4489724338054657,-0.04462380334734917,0.4520098567008972,0.003580150194466114,-0.01151368860155344,0.0,0.3033604323863983,0.295512318611145,0.1587875485420227,0.023427002131938934,68.84534454345703,1,0.01586781069636345,0.3279936909675598,-0.19315873086452484,0.0975741446018219,0.0,0,1.4781019687652588,-0.32219621539115906,0.19708576798439026,0.08045186847448349,0.0,0,0.8883833289146423,-0.19928663969039917,-0.14461401104927063,0.02327238768339157,92.85679626464844,1,0.0092976875603199
415,8.3,walk,0.5,0.0,0.0,0.3652353882789612,1.9107253551483154,-0.084383025765419,0.4516181945800781,0.03185693174600601,-0.8114032080656545,-2.9082046889151614,2,0,0,0.44970837235450745,-0.04148929566144943,0.45195525884628296,0.007001700345426798,-0.03185693174600601,0.0,0.3022032082080841,0.28633180260658264,0.15814124047756195,0.023416265845298767,58.69524383544922,1,0.013397223316133022,0.3415992856025696,-0.196668803691864,0.10645563900470734,0.0,0,0.9036841988563538,-0.3199833035469055,0.2025040239095688,0.09296703338623047,0.0,0,0.4537886679172516,-0.20793282985687256,-0.14556866884231567,0.023242101073265076,88.56763458251953,1,0.0052017210982739925
416,8.32,walk,0.5,0.0,0.0,0.3654632866382599,1.9195934534072876,-0.08513926714658737,0.44221651554107666,0.006307270377874374,-0.7211158979226079,-2.7882763854866695,2,0,0,0.4405077397823334,-0.038837991654872894,0.4418788552284241,0.008649665862321854,-0.006307270377874374,0.0,0.30107977986335754,0.27833133935928345,0.15862049162387848,0.02339177578687668,66.27559661865234,1,0.003943196497857571,0.35099586844444275,-0.20106901228427887,0.11135502904653549,0.0,0,0.8598538041114807,-0.3141244649887085,0.2039058357477188,0.10112810879945755,0.0,0,0.7140246033668518,-0.21544724702835083,-0.14530512690544128,0.023208387196063995,83.46559143066406,1,0.018270986154675484
417,8.34,walk,0.5,0.0,0.0,0.36556971073150635,1.928247332572937,-0.08589085191488266,0.4312872588634491,0.018792880699038506,-0.7222234024243549,-2.643218535441231,2,0,0,0.42945265769958496,-0.0397380106151104,0.43091773986816406,0.006699680350720882,-0.018792880699038506,0.0,0.3030819892883301,0.2707142233848572,0.15854135155677795,0.023370489478111267,76.26030731201172,1,0.004161179065704346,0.36176201701164246,-0.20604482293128967,0.11663322150707245,0.0,0,0.9536250829696655,-0.30314573645591736,0.20377026498317719,0.10766344517469406,0.0,0,0.914293646812439,-0.22260206937789917,-0.1455548256635666,0.023169338703155518,82.17179107666016,1,0.022455384954810143
418,8.36,walk,0.5,0.0,0.0,0.3656965494155884,1.9367458820343018,-0.08670202642679214,0.4259985387325287,0.05146479234099388,-0.8036716473686116,-2.566643363665514,2,0,0,0.4237316846847534,-0.04388847202062607,0.4258986711502075,0.002387882210314274,-0.05146479234099388,0.0,0.3072538375854492,0.26279446482658386,0.1581701636314392,0.0233650803565979,78.87646484375,1,0.011311809532344341,0.37283971905708313,-0.21013407409191132,0.12264931201934814,0.0,0,0.9169840216636658,-0.2918795049190521,0.2024245262145996,0.11249940097332001,0.0,0,0.8908056616783142,-0.22995243966579437,-0.1463148295879364,0.023127824068069458,82.95555114746094,1,0.022859280928969383
419,8.38,walk,0.5,0.0,0.0,0.3658827245235443,1.9451851844787598,-0.08758953213691711,0.4249778389930725,0.07052714377641678,-0.8470694420552561,-2.559840068365358,2,0,0,0.4222480058670044,-0.048091452568769455,0.4250609874725342,-0.001334137050434947,-0.07052714377641678,0.0,0.3112963140010834,0.2544902265071869,0.15820546448230743,0.023330219089984894,78.62869262695312,1,0.008193681947886944,0.3818008303642273,-0.21311430633068085,0.12794357538223267,0.0,0,0.7919642329216003,-0.28289031982421875,0.20030103623867035,0.11538693308830261,0.0,0,0.8006998896598816,-0.23760463297367096,-0.14688174426555634,0.02308553457260132,83.23300170898438,1,0.02479318156838417
420,8.4,walk,0.5,0.0,0.0,0.36610472202301025,1.9536144733428955,-0.08854281157255173,0.4252222180366516,0.07663707435131073,-0.8431059579850918,-2.5944533326448673,2,0,0,0.4221302568912506,-0.051185790449380875,0.42536085844039917,-0.003764298278838396,-0.07663707435131073,0.0,0.3141849935054779,0.24594087898731232,0.15861502289772034,0.023309044539928436,78.21490478515625,1,0.00984023418277502,0.3881697356700897,-0.21541059017181396,0.13195675611495972,0.0,0,0.6820735931396484,-0.27614977955818176,0.19802086055278778,0.11692751199007034,0.0,0,0.7219453454017639,-0.2454669028520584,-0.14716649055480957,0.023042067885398865,82.83395385742188,1,0.028150172904133797
421,8.42,walk,0.5,0.0,0.0,0.3663427233695984,1.9620566368103027,-0.08955549448728561,0.4264957010746002,0.07979491353034973,-0.8293104166046941,-2.6427875931932854,2,0,0,0.42306411266326904,-0.05399394780397415,0.4266316592693329,-0.005780113860964775,-0.07979491353034973,0.0,0.31606411933898926,0.23731032013893127,0.15913137793540955,0.023278899490833282,78.52157592773438,1,0.0108150914311409,0.392649382352829,-0.21714408695697784,0.13476315140724182,0.0,0,0.6073554158210754,-0.27114906907081604,0.19610926508903503,0.11768686771392822,0.0,0,0.6583067178726196,-0.2534082531929016,-0.1473764181137085,0.0229971781373024,82.11266326904297,1,0.03218645974993706
422,8.44,walk,0.5,0.0,0.0,0.3665928542613983,1.9705387353897095,-0.09063523262739182,0.42939239740371704,0.08333178609609604,-0.8199135704106375,-2.678721218416723,2,0,0,0.42552652955055237,-0.05748918652534485,0.42948204278945923,-0.00828009657561779,-0.08333178609609604,0.0,0.3171790838241577,0.22871965169906616,0.15966740250587463,0.02325063943862915,78.70790100097656,1,0.012025462463498116,0.3958704173564911,-0.2182561159133911,0.13635121285915375,0.0,0,0.5518397688865662,-0.26738178730010986,0.19471409916877747,0.11786825954914093,0.0,0,0.6142833828926086,-0.26129773259162903,-0.14759258925914764,0.022949546575546265,81.1661376953125,1,0.036738403141498566
423,8.46,walk,0.5,0.0,0.0,0.3668508231639862,1.9790986776351929,-0.09180119633674622,0.434414267539978,0.08678700774908066,-0.8106038624893515,-2.6795143741340905,2,0,0,0.42993873357772827,-0.06219685822725296,0.4343891143798828,-0.011728405952453613,-0.08678700774908066,0.0,0.31774041056632996,0.2202642858028412,0.16026262938976288,0.023220911622047424,79.0322036743164,1,0.01316812913864851,0.39811843633651733,-0.21880045533180237,0.13660772144794464,0.0,0,0.5040220618247986,-0.26425451040267944,0.1936834156513214,0.11754428595304489,0.0,0,0.5962702035903931,-0.26903465390205383,-0.14777913689613342,0.022898860275745392,79.90199279785156,1,0.04188775271177292
424,8.48,walk,0.5,0.0,0.0,0.3671095669269562,1.9877774715423584,-0.09308180212974548,0.4417968690395355,0.09119803458452225,-0.7956649047532113,-2.6319239638749687,2,0,0,0.43644607067108154,-0.06855152547359467,0.44156613945961,-0.01652008295059204,-0.09119803458452225,0.0,0.317905455827713,0.21197853982448578,0.1609736680984497,0.02318907529115677,79.79904174804688,1,0.014356395229697227,0.3995071351528168,-0.21888954937458038,0.13550178706645966,0.0,0,0.46141982078552246,-0.26128512620925903,0.19279256463050842,0.11676129698753357,0.0,0,0.597686767578125,-0.2765803337097168,-0.14788571000099182,0.02284391224384308,78.37506866455078,1,0.04740774631500244
425,8.5,walk,0.5,0.0,0.0,0.36736491322517395,1.9966174364089966,-0.09451302140951157,0.4517054259777069,0.09754312038421631,-0.7696161107235164,-2.532483880078988,2,0,0,0.4451143145561218,-0.07688333094120026,0.4511466324329376,-0.022941451519727707,-0.09754312038421631,0.0,0.3178049623966217,0.20383256673812866,0.16186633706092834,0.02315559983253479,80.76602172851562,1,0.01591293327510357,0.40008413791656494,-0.2185792773962021,0.13305383920669556,0.0,0,0.4221492409706116,-0.2582724392414093,0.19185101985931396,0.11550150066614151,0.0,0,0.6071246862411499,-0.28395378589630127,-0.14786191284656525,0.02278507500886917,76.69532012939453,1,0.05301641300320625
426,8.52,walk,0.5,0.0,0.0,0.36761459708213806,2.0056631565093994,-0.09613489359617233,0.46422481536865234,0.1051238626241684,-0.7245108754660745,-2.3818069187807445,2,0,0,0.4559420645236969,-0.08730128407478333,0.4631544351577759,-0.03107100911438465,-0.1051238626241684,0.0,0.3175770342350006,0.19577369093894958,0.163022980093956,0.023119941353797913,81.3211898803711,1,0.017982404679059982,0.39983102679252625,-0.2178640067577362,0.12920987606048584,0.0,0,0.3826963007450104,-0.2552293837070465,0.19071196019649506,0.11365718394517899,0.0,0,0.6183673739433289,-0.29119694232940674,-0.14763998985290527,0.02272193878889084,74.86651611328125,1,0.05855070799589157
427,8.540000000000001,walk,0.5,0.0,0.0,0.3678339123725891,2.014953136444092,-0.09799164533615112,0.4791059195995331,0.10977823287248611,-0.660580358195608,-2.1860314990533767,2,0,0,0.46853819489479065,-0.10007224977016449,0.47718164324760437,-0.041231781244277954,-0.10977823287248611,0.0,0.3173346221446991,0.18772569298744202,0.16447019577026367,0.02308139204978943,81.98987579345703,1,0.020562805235385895,0.3986152112483978,-0.21674667298793793,0.12378555536270142,0.0,0,0.33822473883628845,-0.2522567808628082,0.18923871219158173,0.11104772984981537,0.0,0,0.630277693271637,-0.2983911633491516,-0.14718365669250488,0.02265455573797226,70.6727294921875,1,0.06243998184800148
428,8.56,walk,0.5,0.0,0.0,0.36797356605529785,2.0245134830474854,-0.10013584047555923,0.4959449768066406,0.11229623854160309,-0.5882117291749727,-1.958723016918764,2,0,0,0.48231032490730286,-0.11549100279808044,0.4927287995815277,-0.0537911057472229,-0.11229623854160309,0.0,0.3171922564506531,0.179585799574852,0.16617359220981598,0.023039817810058594,82.94061279296875,1,0.023654984310269356,0.39604175090789795,-0.21521662175655365,0.11621017754077911,0.0,0,0.27331674098968506,-0.24960839748382568,0.18719957768917084,0.10729589313268661,0.0,0,0.6400107741355896,-0.30565544962882996,-0.14649318158626556,0.022583715617656708,67.22069549560547,1,0.06556115299463272
429,8.58,walk,0.5,0.0,0.0,0.36803171038627625,2.034363031387329,-0.10262081772089005,0.514793872833252,0.11339643597602844,-0.5045100554131406,-1.6998536180116972,2,0,0,0.4971625804901123,-0.13357436656951904,0.5098153352737427,-0.06875620782375336,-0.11339643597602844,0.0,0.31734082102775574,0.17133469879627228,0.16818596422672272,0.02299468219280243,84.35533905029297,1,0.02774851769208908,0.39116522669792175,-0.2131296694278717,0.10529856383800507,0.0,0,0.15110459923744202,-0.2476356476545334,0.18416619300842285,0.10174652189016342,0.0,0,0.6529366374015808,-0.3130200207233429,-0.14549493789672852,0.0225081667304039,64.48853302001953,1,0.0682317391037941
430,8.6,walk,0.5,0.0,0.0,0.368050754070282,2.044525623321533,-0.10550300031900406,0.5359845757484436,0.11157187819480896,-0.403302366684728,-1.4007006171535419,2,0,0,0.5132229328155518,-0.15453702211380005,0.5286508798599243,-0.08633865416049957,-0.11157187819480896,0.0,0.318224161863327,0.16300925612449646,0.17057660222053528,0.022946827113628387,86.47795867919922,1,0.034928061068058014,0.3817610442638397,-0.2101958692073822,0.08883777260780334,0.0,0,0.12369408458471298,-0.24702484905719757,0.17955417931079865,0.09312289953231812,0.0,0,0.6789975166320801,-0.3204650282859802,-0.14408066868782043,0.022427998483181,61.746864318847656,1,0.0704677402973175
431,8.620000000000001,walk,0.5,0.0,0.0,0.36807048320770264,2.055023670196533,-0.10883257538080215,0.5597526431083679,0.10655286908149719,-0.25608921843018045,-1.047309084096315,2,0,0,0.5307644009590149,-0.1777981072664261,0.5493466854095459,-0.10599357634782791,-0.10655286908149719,0.0,0.3226116895675659,0.15467791259288788,0.1735410988330841,0.02289716899394989,85.41046142578125,1,0.05044129490852356,0.3624894618988037,-0.20542491972446442,0.06227504834532738,0.0,0,0.7242066264152527,-0.24969862401485443,0.17217345535755157,0.07879038155078888,0.0,0,0.7578882575035095,-0.3279411494731903,-0.14200198650360107,0.022342711687088013,57.38839340209961,1,0.07148057222366333
432,8.64,walk,0.5,0.0,0.0,0.36799123883247375,2.065891981124878,-0.11265768855810165,0.5891064405441284,0.13923510909080505,-0.07890151152866089,-0.6298605685472708,3,0,0,0.552340030670166,-0.20485812425613403,0.5744425058364868,-0.12880882620811462,-0.13923510909080505,0.0,0.33342891931533813,0.1463066190481186,0.1770586222410202,0.02286481112241745,78.83009338378906,1,0.10829073190689087,0.3228132724761963,-0.19428306818008423,0.02357037365436554,48.04739761352539,1,0.6908547282218933,-0.2603963613510132,0.1577451527118683,0.05380755662918091,0.0,0,1.1977843046188354,-0.33541059494018555,-0.1393505483865738,0.022254683077335358,47.357879638671875,1,0.06842571496963501
433,8.66,walk,0.5,0.0,0.0,0.36677902936935425,2.0760388374328613,-0.11599443852901459,0.5135595798492432,0.15004630386829376,0.210435860491845,-0.5490976370366897,2,0,0,0.48857125639915466,-0.15824533998966217,0.5046971440315247,-0.08928558230400085,-0.15004630386829376,0.0,0.3191310465335846,0.1780281960964203,0.1724371314048767,0.027152858674526215,0.0,0,2.9866557121276855,0.3132293224334717,-0.18985803425312042,0.02334846556186676,85.10836029052734,1,0.019041674211621284,-0.2808448076248169,0.13352179527282715,0.02208806574344635,93.20401000976562,1,0.6565603017807007,-0.3271337151527405,-0.14302484691143036,0.02285435050725937,0.0,0,1.2667597532272339
434,8.68,walk,0.5,0.0,0.0,0.36434394121170044,2.0855209827423096,-0.11891478300094604,0.4930628538131714,0.023914016783237457,0.9212561286947314,-1.018133290726371,2,0,0,0.47200578451156616,-0.14255358278751373,0.4850901663303375,-0.07419677823781967,-0.023914016783237457,0.0,0.28201058506965637,0.2495393306016922,0.16860772669315338,0.04059407860040665,0.0,0,4.542647838592529,0.3007712960243225,-0.18388885259628296,0.02340622991323471,74.61933135986328,1,0.017417805269360542,-0.29298678040504456,0.139026939868927,0.022668056190013885,90.68132019042969,1,0.04095354676246643,-0.2854536473751068,-0.14960946142673492,0.039029210805892944,0.0,0,2.7639541625976562
435,8.700000000000001,walk,0.5,0.0,0.0,0.3623536229133606,2.0948808193206787,-0.12155838310718536,0.49339568614959717,0.04004205763339996,1.6051633971749313,-1.1525385002658222,2,0,0,0.47664085030555725,-0.1274864673614502,0.4875381886959076,-0.057865384966135025,0.04004205763339996,0.0,0.29909297823905945,0.3259880840778351,0.16808737814426422,0.054556507617235184,0.0,0,4.103097915649414,0.2903093099594116,-0.17868775129318237,0.023393772542476654,76.98738861083984,1,0.006406362634152174,-0.302649587392807,0.1443852186203003,0.02261590212583542,87.18619537353516,1,0.05285231024026871,-0.23543000221252441,-0.15625248849391937,0.05065886676311493,0.0,0,3.0245022773742676
436,8.72,walk,0.5,0.0,0.0,0.3605855107307434,2.104820489883423,-0.12395580112934113,0.5299847722053528,0.016858341172337532,2.4616507629611357,-1.2053409851918984,2,0,0,0.5166200995445251,-0.11826883256435394,0.5260030031204224,-0.04260890185832977,0.016858341172337532,0.0,0.33356666564941406,0.3777115046977997,0.16983342170715332,0.06749819219112396,0.0,0,2.451443910598755,0.27985337376594543,-0.17278864979743958,0.023362085223197937,79.5003890991211,1,0.005764889996498823,-0.3122577667236328,0.1504213511943817,0.022552229464054108,89.3722915649414,1,0.05382765829563141,-0.18929147720336914,-0.1531825214624405,0.060056187212467194,0.0,0,2.57291316986084
437,8.74,walk,0.5,0.0,0.0,0.35904502868652344,2.1156787872314453,-0.12619924545288086,0.5728238821029663,0.022260619327425957,3.059292955667486,-1.4176377787478809,2,0,0,0.5618349313735962,-0.11166329681873322,0.5699775815010071,-0.029706785455346107,-0.022260619327425957,0.0,0.35194459557533264,0.3949100375175476,0.17470794916152954,0.07031319290399551,0.0,0,0.9127429723739624,0.26785796880722046,-0.1684567779302597,0.023341447114944458,82.7507553100586,1,0.00945370178669691,-0.3237003982067108,0.15433946251869202,0.022481665015220642,88.50690460205078,1,0.05737753212451935,-0.160027876496315,-0.14673209190368652,0.06460411846637726,0.0,0,1.7407805919647217
438,8.76,walk,0.5,0.0,0.0,0.357927143573761,2.1272730827331543,-0.12823882699012756,0.6010597944259644,0.024268314242362976,3.2345754600072887,-1.770575531112125,2,0,0,0.5930752754211426,-0.09764526039361954,0.5992963910102844,-0.012539415620267391,0.024268314242362976,0.0,0.3517376482486725,0.3848162293434143,0.17893923819065094,0.05883658677339554,0.0,0,0.20026905834674835,0.2544744610786438,-0.16693443059921265,0.0232769176363945,87.64729309082031,1,0.010660262778401375,-0.3365364074707031,0.1555090844631195,0.022400885820388794,83.12752532958984,1,0.07084588706493378,-0.1504388302564621,-0.1407899707555771,0.05759340897202492,0.0,0,0.9582282304763794
439,8.78,walk,0.5,0.0,0.0,0.3572376072406769,2.1392600536346436,-0.13000494241714478,0.6148682236671448,0.15797482430934906,2.7866038429136624,-2.06426843605909,2,0,0,0.6097655296325684,-0.07905011624097824,0.6134271621704102,0.006305428221821785,0.15797482430934906,0.0,0.3536197245121002,0.3527742922306061,0.17584289610385895,0.02870997041463852,0.0,0,1.2560124397277832,0.2408430129289627,-0.16989506781101227,0.023253105580806732,82.91897583007812,1,0.033663827925920486,-0.3490650951862335,0.1534355729818344,0.022314652800559998,75.13739013671875,1,0.09056950360536575,-0.15587441623210907,-0.1361074596643448,0.0355609729886055,0.0,0,0.5865113735198975
440,8.8,walk,0.5,0.0,0.0,0.3572326898574829,2.150851011276245,-0.1316293179988861,0.563031017780304,0.24110403656959534,1.5805755699365316,-2.1666008915251598,4,0,0,0.5585259795188904,-0.07108199596405029,0.5644975304603577,0.0018445278983563185,0.24110403656959534,0.0,0.34431734681129456,0.33832526206970215,0.16697630286216736,0.023437045514583588,84.57441711425781,1,0.04163423553109169,0.22829274833202362,-0.1781090795993805,0.023170016705989838,69.8865737915039,1,0.09549379348754883,-0.3597186803817749,0.14800377190113068,0.022224366664886475,63.831390380859375,1,0.11891335248947144,-0.16787108778953552,-0.1405322104692459,0.02340070903301239,49.26195526123047,1,0.010458785109221935
441,8.82,walk,0.5,0.0,0.0,0.35803651809692383,2.1610589027404785,-0.13320262730121613,0.4895305335521698,0.02114657312631607,0.9654733859992188,-2.2195310156113504,2,0,0,0.4841330051422119,-0.07249398529529572,0.49079781770706177,-0.00970885343849659,0.02114657312631607,0.0,0.3162558972835541,0.3281627595424652,0.1630256175994873,0.023508362472057343,82.66194152832031,1,0.003320220159366727,0.24559569358825684,-0.1780206710100174,0.04131753742694855,0.0,0,1.8813786506652832,-0.3573788106441498,0.154200479388237,0.027463525533676147,0.0,0,1.0086947679519653,-0.17816828191280365,-0.14360350370407104,0.023356154561042786,85.05655670166016,1,0.009510892443358898
442,8.84,walk,0.5,0.0,0.0,0.35843053460121155,2.1700944900512695,-0.1344471424818039,0.4416891634464264,0.0541941300034523,0.505372793682678,-2.4832949921106717,2,0,0,0.43837782740592957,-0.05398339405655861,0.4423863887786865,0.0030092978850007057,0.0541941300034523,0.0,0.29015395045280457,0.3178068995475769,0.16028091311454773,0.02347809076309204,79.99535369873047,1,0.009659631177783012,0.2860630452632904,-0.1813531368970871,0.07117031514644623,0.0,0,2.582321882247925,-0.33133092522621155,0.17049279808998108,0.05146944522857666,0.0,0,1.9240283966064453,-0.18837499618530273,-0.1461726278066635,0.023327387869358063,88.97167205810547,1,0.0037934647407382727
443,8.86,walk,0.5,0.0,0.0,0.35900384187698364,2.1786930561065674,-0.13541963696479797,0.4332955777645111,0.011037810705602169,-0.018260965980805312,-2.8533458901620885,2,0,0,0.4310948848724365,-0.043614864349365234,0.43467044830322266,0.012514342553913593,-0.011037810705602169,0.0,0.2907106876373291,0.3072458505630493,0.15701964497566223,0.023500636219978333,71.0638198852539,1,0.018002966418862343,0.3177849054336548,-0.18870949745178223,0.09062039107084274,0.0,0,1.737809181213379,-0.32075318694114685,0.18910923600196838,0.0714968591928482,0.0,0,1.133887529373169,-0.19869118928909302,-0.1493702381849289,0.023288823664188385,94.93748474121094,1,0.01584109105169773
444,8.88,walk,0.5,0.0,0.0,0.35970160365104675,2.1873042583465576,-0.1361679583787918,0.43402883410453796,0.04458717629313469,-0.23738255759313204,-3.110354382685444,2,0,0,0.43260183930397034,-0.035166140645742416,0.43501177430152893,0.02158288098871708,-0.04458717629313469,0.0,0.2928624749183655,0.2972429394721985,0.15562288463115692,0.023491978645324707,58.85326385498047,1,0.02009142003953457,0.33459988236427307,-0.19398152828216553,0.10219153016805649,0.0,0,1.0436068773269653,-0.3210498094558716,0.19823646545410156,0.0852757915854454,0.0,0,0.4371386468410492,-0.20814554393291473,-0.1511644423007965,0.02325916290283203,91.87197875976562,1,0.003988934680819511
445,8.9,walk,0.5,0.0,0.0,0.36028245091438293,2.1958489418029785,-0.13671964406967163,0.4262964129447937,0.006484414916485548,-0.18820080663888997,-3.1615483580619816,2,0,0,0.4255068600177765,-0.025933636352419853,0.42603400349617004,0.029950562864542007,-0.006484414916485548,0.0,0.2935401201248169,0.2885671555995941,0.1555323749780655,0.023470237851142883,61.77385330200195,1,0.011954586021602154,0.3448236882686615,-0.1991235613822937,0.10900229215621948,0.0,0,0.8745337724685669,-0.31953245401382446,0.20198430120944977,0.0942414253950119,0.0,0,0.5506616234779358,-0.21632295846939087,-0.15150852501392365,0.023228570818901062,85.97604370117188,1,0.011884426698088646
446,8.92,walk,0.5,0.0,0.0,0.36073458194732666,2.204178810119629,-0.13713058829307556,0.413600355386734,0.0036380526144057512,-0.183841958669445,-3.123758415488182,2,0,0,0.41313305497169495,-0.019655169919133186,0.4127035140991211,0.034563492983579636,0.0036380526144057512,0.0,0.2961134910583496,0.28070884943008423,0.1549348384141922,0.023450292646884918,72.38233184814453,1,0.008018015883862972,0.3555576503276825,-0.20458120107650757,0.11517398059368134,0.0,0,0.9490602016448975,-0.31128838658332825,0.20379264652729034,0.10101839900016785,0.0,0,0.837952733039856,-0.22380200028419495,-0.15213224291801453,0.0231921449303627,83.33800506591797,1,0.019020412117242813
447,8.94,walk,0.5,0.0,0.0,0.3612033724784851,2.2123024463653564,-0.13746999204158783,0.40466222167015076,0.022527208551764488,-0.29099375292519347,-3.119582608584366,2,0,0,0.40429258346557617,-0.01729211024940014,0.40388786792755127,0.03593285009264946,-0.022527208551764488,0.0,0.30091360211372375,0.27285444736480713,0.15370285511016846,0.023420438170433044,77.69676208496094,1,0.004278738982975483,0.3671875298023224,-0.20898450911045074,0.12210395932197571,0.0,0,0.9441569447517395,-0.3002481460571289,0.2038532793521881,0.10621785372495651,0.0,0,0.8983283042907715,-0.231225848197937,-0.1535010039806366,0.02315213531255722,83.65139770507812,1,0.019965991377830505
448,8.96,walk,0.5,0.0,0.0,0.36175891757011414,2.2203123569488525,-0.1377681940793991,0.4005815386772156,0.04432400315999985,-0.3833320941708008,-3.180977258042906,2,0,0,0.40027087926864624,-0.015772931277751923,0.39998120069503784,0.03728736564517021,-0.04432400315999985,0.0,0.3056905269622803,0.2646919786930084,0.15264567732810974,0.02340611070394516,77.0731430053711,1,0.007208946160972118,0.3771390914916992,-0.2118881642818451,0.12862083315849304,0.0,0,0.8227400779724121,-0.2903693914413452,0.20256760716438293,0.1095438078045845,0.0,0,0.8289761543273926,-0.23885038495063782,-0.15490786731243134,0.02311086654663086,84.16986083984375,1,0.021092193201184273
449,8.98,walk,0.5,0.0,0.0,0.36237549781799316,2.2282721996307373,-0.1380128115415573,0.39856648445129395,0.05095430463552475,-0.4224404233369715,-3.2920489405520073,2,0,0,0.3983602821826935,-0.01281930785626173,0.39785340428352356,0.04039186239242554,-0.05095430463552475,0.0,0.30914607644081116,0.2562887668609619,0.15190626680850983,0.023392051458358765,77.33851623535156,1,0.015061616897583008,0.38427919149398804,-0.21390075981616974,0.13392509520053864,0.0,0,0.6920869946479797,-0.28268492221832275,0.2007320374250412,0.11147507280111313,0.0,0,0.7401096224784851,-0.24667397141456604,-0.1561049520969391,0.023069210350513458,83.92621612548828,1,0.02391158789396286
450,9.0,walk,0.5,0.0,0.0,0.3630252480506897,2.236208915710449,-0.13818664848804474,0.397521436214447,0.052484165877103806,-0.4439125637359347,-3.430999320818985,2,0,0,0.397422730922699,-0.008858115412294865,0.39648282527923584,0.04462224990129471,-0.052484165877103806,0.0,0.3112516403198242,0.247771754860878,0.15120923519134521,0.023353956639766693,77.93161010742188,1,0.00889408029615879,0.3891026973724365,-0.21535657346248627,0.1380441039800644,0.0,0,0.6004794239997864,-0.2771904468536377,0.19912189245224,0.11260440200567245,0.0,0,0.6515418291091919,-0.25461137294769287,-0.1572858691215515,0.023026153445243835,83.32574462890625,1,0.027459057047963142
451,9.02,walk,0.5,0.0,0.0,0.36370381712913513,2.244140625,-0.13828438520431519,0.39747434854507446,0.05348997190594673,-0.46658772456331915,-3.570475412208642,2,0,0,0.39744409918785095,-0.00490434980019927,0.39602598547935486,0.04897432029247284,-0.05348997190594673,0.0,0.312298059463501,0.23927715420722961,0.15042118728160858,0.023327089846134186,78.3565673828125,1,0.009338979609310627,0.3924013376235962,-0.21623821556568146,0.1410011351108551,0.0,0,0.5393244624137878,-0.27356600761413574,0.19807396829128265,0.11312491446733475,0.0,0,0.5784385204315186,-0.26252245903015137,-0.15856143832206726,0.022981122136116028,82.51883697509766,1,0.03141913563013077
452,9.040000000000001,walk,0.5,0.0,0.0,0.3644104301929474,2.252094268798828,-0.13831253349781036,0.39890286326408386,0.05390015244483948,-0.48924031374993093,-3.6845502435184327,2,0,0,0.39889997243881226,-0.0015219389460980892,0.39701610803604126,0.05295320227742195,-0.05390015244483948,0.0,0.3126344680786133,0.23093420267105103,0.14955025911331177,0.023299485445022583,78.80451202392578,1,0.00951439794152975,0.39464709162712097,-0.21655966341495514,0.14273430407047272,0.0,0,0.4930938482284546,-0.2711019217967987,0.19750086963176727,0.11315639317035675,0.0,0,0.5383170247077942,-0.2702789902687073,-0.1599215716123581,0.022932887077331543,81.37593078613281,1,0.035911738872528076
453,9.06,walk,0.5,0.0,0.0,0.365139901638031,2.260101795196533,-0.13828685879707336,0.40205472707748413,0.05499634891748428,-0.5063679202282371,-3.756667222756836,2,0,0,0.4020538032054901,0.0008620880544185638,0.39976534247398376,0.05617525428533554,-0.05499634891748428,0.0,0.3124840259552002,0.22280780971050262,0.14864103496074677,0.023271314799785614,79.30677795410156,1,0.00956771057099104,0.3960847556591034,-0.21640487015247345,0.1433025747537613,0.0,0,0.45679041743278503,-0.26908478140830994,0.19719263911247253,0.11281681805849075,0.0,0,0.5261476039886475,-0.2778152823448181,-0.16132614016532898,0.022882305085659027,79.95974731445312,1,0.040735892951488495
454,9.08,walk,0.5,0.0,0.0,0.3658861517906189,2.2681984901428223,-0.13822928071022034,0.40707749128341675,0.0577368400990963,-0.512293162694076,-3.7812623070712283,2,0,0,0.4070724546909332,0.0020209443755447865,0.4044789671897888,0.05845315009355545,-0.0577368400990963,0.0,0.31202295422554016,0.21489359438419342,0.14774905145168304,0.023242130875587463,79.89838409423828,1,0.009677920490503311,0.3968662619590759,-0.21585619449615479,0.1428551971912384,0.0,0,0.42774078249931335,-0.2671055495738983,0.19696344435214996,0.1121714636683464,0.0,0,0.5275728702545166,-0.28513211011886597,-0.16273312270641327,0.022827744483947754,78.39089965820312,1,0.045587506145238876
455,9.1,walk,0.5,0.0,0.0,0.36660802364349365,2.276420831680298,-0.13816875219345093,0.413636177778244,0.05667320266366005,-0.5125273101165605,-3.767404707018919,2,0,0,0.4136333167552948,0.001541663077659905,0.41072773933410645,0.059309810400009155,-0.05667320266366005,0.0,0.31133896112442017,0.20710612833499908,0.14685772359371185,0.02321215718984604,80.5642318725586,1,0.009941685013473034,0.3970448672771454,-0.21503591537475586,0.14152029156684875,0.0,0,0.4041686952114105,-0.26509878039360046,0.1967068761587143,0.11120961606502533,0.0,0,0.5307344198226929,-0.2923204004764557,-0.16414785385131836,0.0227699875831604,74.1520004272461,1,0.04855719953775406
456,9.120000000000001,walk,0.5,0.0,0.0,0.3672308921813965,2.284785509109497,-0.13814479112625122,0.4209362268447876,0.054239701479673386,-0.5162617160452649,-3.7350125348801333,2,0,0,0.42093518376350403,-0.0009364651050418615,0.4177960753440857,0.058264829218387604,-0.054239701479673386,0.0,0.3104779124259949,0.19931048154830933,0.14593425393104553,0.02318040281534195,81.45722198486328,1,0.00996919721364975,0.3966403305530548,-0.21395611763000488,0.1392664611339569,0.0,0,0.38885289430618286,-0.2633042633533478,0.19630829989910126,0.10975319147109985,0.0,0,0.5234798789024353,-0.29952847957611084,-0.16557577252388,0.022710323333740234,70.51760864257812,1,0.05051705241203308
457,9.14,walk,0.5,0.0,0.0,0.36771732568740845,2.2933013439178467,-0.13819332420825958,0.42856544256210327,0.052319955080747604,-0.5131812473687363,-3.688130543303989,2,0,0,0.4285341501235962,-0.005179180763661861,0.42534616589546204,0.055501267313957214,-0.052319955080747604,0.0,0.3095688819885254,0.1914718896150589,0.14507408440113068,0.023147739470005035,82.66725158691406,1,0.00966103095561266,0.39568692445755005,-0.21244412660598755,0.1358788162469864,0.0,0,0.377765417098999,-0.2618865966796875,0.19554810225963593,0.10754770785570145,0.0,0,0.5120547413825989,-0.3067936897277832,-0.16692233085632324,0.022648468613624573,67.74996948242188,1,0.052166130393743515
458,9.16,walk,0.5,0.0,0.0,0.36805179715156555,2.301971197128296,-0.13834770023822784,0.43644705414772034,0.04934348538517952,-0.49347198946672405,-3.6217462272133427,2,0,0,0.43630701303482056,-0.011056013405323029,0.43328097462654114,0.05113229900598526,-0.04934348538517952,0.0,0.30870941281318665,0.18361327052116394,0.14436565339565277,0.023114189505577087,84.09063720703125,1,0.009385788813233376,0.39410701394081116,-0.21034300327301025,0.13107843697071075,0.0,0,0.36426258087158203,-0.2607889473438263,0.19423960149288177,0.10440178960561752,0.0,0,0.5087487101554871,-0.31409624218940735,-0.16809457540512085,0.022584453225135803,65.21337890625,1,0.05365883186459541
459,9.18,walk,0.5,0.0,0.0,0.36822134256362915,2.3107998371124268,-0.1386420726776123,0.4446917474269867,0.04508305713534355,-0.4547697363910517,-3.5322466299806687,2,0,0,0.4443001449108124,-0.01865825429558754,0.4416770339012146,0.04507037252187729,-0.04508305713534355,0.0,0.3079517185688019,0.17575126886367798,0.14385010302066803,0.023080497980117798,85.63898468017578,1,0.009535144083201885,0.3916422426700592,-0.207558274269104,0.12451603263616562,0.0,0,0.34267398715019226,-0.2599160075187683,0.19224964082241058,0.10015790909528732,0.0,0,0.5147237181663513,-0.32143017649650574,-0.16903899610042572,0.02251823991537094,62.58502197265625,1,0.054874978959560394
460,9.200000000000001,walk,0.5,0.0,0.0,0.36822274327278137,2.3197953701019287,-0.1391129493713379,0.4535788893699646,0.0407753549516201,-0.3971637341681791,-3.4186612244135914,2,0,0,0.4527056813240051,-0.02813124470412731,0.45080772042274475,0.03720710054039955,-0.0407753549516201,0.0,0.30736228823661804,0.16788281500339508,0.14355748891830444,0.0230458602309227,87.36902618408203,1,0.010374359786510468,0.3876546323299408,-0.20402683317661285,0.11547557264566422,0.0,0,0.3021050989627838,-0.2594274878501892,0.18939581513404846,0.0944756343960762,0.0,0,0.5217460989952087,-0.3288024961948395,-0.1697165071964264,0.02245047688484192,60.01664352416992,1,0.05577358230948448
461,9.22,walk,0.5,0.0,0.0,0.36808091402053833,2.328965663909912,-0.139800563454628,0.4634634554386139,0.038511116057634354,-0.3191305304480759,-3.2821767558804003,2,0,0,0.4617554247379303,-0.03975272551178932,0.46104854345321655,0.027324730530381203,-0.038511116057634354,0.0,0.3071790039539337,0.15998612344264984,0.14353512227535248,0.023009993135929108,89.45207977294922,1,0.012496237643063068,0.3806704580783844,-0.19959038496017456,0.10242459177970886,0.0,0,0.2647915482521057,-0.2599382996559143,0.18530607223510742,0.08657284080982208,0.0,0,0.5273909568786621,-0.33623188734054565,-0.1700834035873413,0.022379249334335327,57.508365631103516,1,0.05640879645943642
462,9.24,walk,0.5,0.0,0.0,0.36787787079811096,2.338329553604126,-0.1407565027475357,0.4751146733760834,0.041522543877363205,-0.22087671177270862,-3.1313486766467706,2,0,0,0.4719987213611603,-0.05432457849383354,0.4732203483581543,0.014746131375432014,-0.041522543877363205,0.0,0.30842748284339905,0.15198169648647308,0.14383158087730408,0.02297377586364746,92.18692016601562,1,0.01885214075446129,0.36707496643066406,-0.19367919862270355,0.08215908706188202,0.0,0,0.48107510805130005,-0.2630014419555664,0.1790810376405716,0.07460753619670868,0.0,0,0.5591846108436584,-0.343783438205719,-0.1701081246137619,0.022305592894554138,54.71146774291992,1,0.0568486750125885
463,9.26,walk,0.5,0.0,0.0,0.3677348792552948,2.3479018211364746,-0.14205703139305115,0.48931723833084106,0.06060759350657463,-0.12773746414585122,-3.0012574786201225,2,0,0,0.48373690247535706,-0.07368828356266022,0.4878745675086975,-0.002246294403448701,-0.06060759350657463,0.0,0.317187637090683,0.14362046122550964,0.14437639713287354,0.02293897420167923,94.75370788574219,1,0.04846497252583504,0.3375292122364044,-0.1844208538532257,0.04824376851320267,0.0,0,1.3946341276168823,-0.27192747592926025,0.16794642806053162,0.054807521402835846,0.0,0,0.8018763065338135,-0.35165855288505554,-0.16992533206939697,0.02223103493452072,49.20494079589844,1,0.05585703253746033
464,9.28,walk,0.5,0.0,0.0,0.36721813678741455,2.357558488845825,-0.14369000494480133,0.48001179099082947,0.18896175920963287,0.14705573373851993,-2.833573132845136,3,0,0,0.47243979573249817,-0.08492309600114822,0.47711074352264404,-0.013930348679423332,-0.18896175920963287,0.0,0.3259682357311249,0.13518647849559784,0.1464584916830063,0.02289409190416336,78.582275390625,1,0.09007356315851212,0.3029232621192932,-0.17291273176670074,0.023452475666999817,69.35950469970703,1,0.025306973606348038,-0.2909848392009735,0.14680951833724976,0.022598080337047577,0.0,0,1.5245041847229004,-0.35928064584732056,-0.1687277853488922,0.022160321474075317,32.76261520385742,1,0.04874037578701973
465,9.3,walk,0.5,0.0,0.0,0.3656243681907654,2.3664352893829346,-0.14518007636070251,0.4333015978336334,0.007826615124940872,0.8319890780589555,-2.7763054117491643,2,0,0,0.4276259243488312,-0.06990230828523636,0.4290871322154999,-0.004222945310175419,0.007826615124940872,0.0,0.29065701365470886,0.1823299527168274,0.1587696224451065,0.037415534257888794,0.0,0,3.8650691509246826,0.2945168912410736,-0.16832023859024048,0.023400455713272095,78.53599548339844,1,0.004174945410341024,-0.2990081310272217,0.15095721185207367,0.022700443863868713,88.491943359375,1,0.03172783926129341,-0.34436002373695374,-0.16909369826316833,0.027122385799884796,0.0,0,1.3760700225830078
466,9.32,walk,0.5,0.0,0.0,0.3641921281814575,2.374774694442749,-0.14665676653385162,0.42391520738601685,0.017372891306877136,0.8758748577452857,-2.6157018377093655,2,0,0,0.41807305812835693,-0.07013586908578873,0.4200129806995392,-0.006254960782825947,0.017372891306877136,0.0,0.26679709553718567,0.2621254026889801,0.1699758619070053,0.053287409245967865,0.0,0,4.447556495666504,0.28690487146377563,-0.16813525557518005,0.023404747247695923,75.47940063476562,1,0.006191154941916466,-0.3056928217411041,0.15166710317134857,0.02266012877225876,85.1677474975586,1,0.03267814964056015,-0.2914833426475525,-0.1721101999282837,0.045916326344013214,0.0,0,3.0263707637786865
467,9.34,walk,0.5,0.0,0.0,0.36318638920783997,2.383342981338501,-0.14794093370437622,0.44645166397094727,0.07559705525636673,1.27488895952873,-2.3117323795475873,2,0,0,0.44244319200515747,-0.059691719710826874,0.4438282251358032,0.007211053278297186,0.07559705525636673,0.0,0.2926642894744873,0.33677318692207336,0.1744835078716278,0.07328762114048004,0.0,0,3.6332716941833496,0.2799603044986725,-0.1660882532596588,0.02341017872095108,74.47789764404297,1,0.016093648970127106,-0.3116448223590851,0.15436294674873352,0.022602461278438568,84.78622436523438,1,0.03760332986712456,-0.23883512616157532,-0.16876433789730072,0.05488117039203644,0.0,0,2.852358341217041
468,9.36,walk,0.5,0.0,0.0,0.36232832074165344,2.3926703929901123,-0.14919494092464447,0.49211621284484863,0.03263794258236885,1.7675120845476684,-2.1790574490239707,2,0,0,0.48802775144577026,-0.0633031576871872,0.48999834060668945,0.009904852136969566,0.03263794258236885,0.0,0.33128622174263,0.3824482262134552,0.17709507048130035,0.0838145837187767,0.0,0,2.07527494430542,0.27137020230293274,-0.16357780992984772,0.023378312587738037,77.09321594238281,1,0.011606567539274693,-0.3192930817604065,0.15744543075561523,0.02253657579421997,87.51934051513672,1,0.03899892792105675,-0.194657102227211,-0.1554577797651291,0.061478130519390106,0.0,0,2.43464732170105
469,9.38,walk,0.5,0.0,0.0,0.361566424369812,2.402895212173462,-0.1504945456981659,0.5323656797409058,0.019051089882850647,2.1808328713213507,-2.2966950777595696,2,0,0,0.5281127095222473,-0.06715807318687439,0.5305548310279846,0.011855576187372208,-0.019051089882850647,0.0,0.35198622941970825,0.39706405997276306,0.18114008009433746,0.08473289012908936,0.0,0,0.8162434101104736,0.26071295142173767,-0.16127189993858337,0.023346826434135437,81.70680236816406,1,0.012505687773227692,-0.32939785718917847,0.15957693755626678,0.022464007139205933,88.73049926757812,1,0.04051625728607178,-0.167266383767128,-0.1418539136648178,0.06398772448301315,0.0,0,1.6975492238998413
470,9.4,walk,0.5,0.0,0.0,0.3610966205596924,2.4137799739837646,-0.1517418622970581,0.5595577955245972,0.001678645727224648,2.272046632592286,-2.59589044713492,2,0,0,0.5561833381652832,-0.061359815299510956,0.5580731630325317,0.0212558601051569,0.001678645727224648,0.0,0.3536236882209778,0.38681286573410034,0.18345782160758972,0.07267899811267853,0.0,0,0.2142302244901657,0.24851495027542114,-0.16093504428863525,0.023309774696826935,85.55809020996094,1,0.013875996693968773,-0.341178834438324,0.15954777598381042,0.022387787699699402,84.73677062988281,1,0.04342005029320717,-0.15735967457294464,-0.13310374319553375,0.056654904037714005,0.0,0,1.0140146017074585
471,9.42,walk,0.5,0.0,0.0,0.361000657081604,2.4250316619873047,-0.15283501148223877,0.575214147567749,0.12833702564239502,1.8935852103516448,-2.934556412506717,2,0,0,0.5731425285339355,-0.04877467080950737,0.5735264420509338,0.03504875674843788,0.12833702564239502,0.0,0.35590100288391113,0.3535129427909851,0.17898955941200256,0.041369274258613586,0.0,0,1.3550664186477661,0.23557856678962708,-0.16397498548030853,0.02326957881450653,84.43817138671875,1,0.01627962850034237,-0.35327133536338806,0.15709294378757477,0.02230820059776306,78.09200286865234,1,0.045788224786520004,-0.16096888482570648,-0.12878356873989105,0.0357518270611763,0.0,0,0.6166495084762573
472,9.44,walk,0.5,0.0,0.0,0.3612114489078522,2.4361732006073,-0.15381678938865662,0.5437483191490173,0.23767448961734772,1.2114746017882756,-2.9473783851261235,4,0,0,0.5422163605690002,-0.040787819772958755,0.5438316464424133,0.035430457442998886,0.23767448961734772,0.0,0.35408371686935425,0.3277636766433716,0.17077277600765228,0.023415669798851013,78.70468139648438,1,0.019940944388508797,0.2242256999015808,-0.16961205005645752,0.02323184162378311,66.43634033203125,1,0.01838907226920128,-0.36295658349990845,0.1538337916135788,0.02222239226102829,67.06143951416016,1,0.05195723474025726,-0.1715323030948639,-0.13130706548690796,0.02342326194047928,46.51844024658203,1,0.016276974231004715
473,9.46,walk,0.5,0.0,0.0,0.36191344261169434,2.4461562633514404,-0.154765322804451,0.4763043224811554,0.015549353323876858,0.6950751613816997,-2.817594545612126,2,0,0,0.47436976432800293,-0.04288514330983162,0.47693631052970886,0.02317262813448906,0.015549353323876858,0.0,0.33051812648773193,0.31892234086990356,0.16667377948760986,0.023402638733386993,84.91909790039062,1,0.028823701664805412,0.24151112139225006,-0.17315316200256348,0.03983785957098007,0.0,0,1.7639939785003662,-0.36410194635391235,0.15960760414600372,0.025727108120918274,0.0,0,0.8169887661933899,-0.18039163947105408,-0.1344539076089859,0.023370876908302307,83.13079833984375,1,0.012198389507830143
474,9.48,walk,0.5,0.0,0.0,0.3621527850627899,2.4549899101257324,-0.15548720955848694,0.4273444712162018,0.04360712319612503,0.15891458298388844,-2.9459504487027677,2,0,0,0.4262424111366272,-0.03067098744213581,0.42663174867630005,0.028842108324170113,0.04360712319612503,0.0,0.29920095205307007,0.3094862103462219,0.16295036673545837,0.023443512618541718,82.08012390136719,1,0.0014078480890020728,0.28282731771469116,-0.18051230907440186,0.07130008935928345,0.0,0,2.5827648639678955,-0.33793845772743225,0.17309847474098206,0.04911567270755768,0.0,0,1.885283350944519,-0.18947486579418182,-0.1380661129951477,0.023340672254562378,87.45702362060547,1,0.003939901478588581
475,9.5,walk,0.5,0.0,0.0,0.3624689280986786,2.463378667831421,-0.1560385674238205,0.42130863666534424,0.014867641031742096,-0.32649723631347843,-3.1930799263653458,2,0,0,0.4205982983112335,-0.024455035105347633,0.42063847184181213,0.03437734767794609,-0.014867641031742096,0.0,0.29630959033966064,0.29981979727745056,0.15947483479976654,0.0234503373503685,68.09720611572266,1,0.014025150798261166,0.3154276907444,-0.19016475975513458,0.09291349351406097,0.0,0,1.7295559644699097,-0.3241707384586334,0.19122757017612457,0.07015835493803024,0.0,0,1.2263259887695312,-0.19878461956977844,-0.14152763783931732,0.023302331566810608,93.42800903320312,1,0.014314099214971066
476,9.52,walk,0.5,0.0,0.0,0.36282241344451904,2.471827507019043,-0.15643760561943054,0.4251916706562042,0.05186370015144348,-0.4665899123582877,-3.3389770359050495,2,0,0,0.42475625872612,-0.0192373376339674,0.42367905378341675,0.0405266210436821,-0.05186370015144348,0.0,0.2959781885147095,0.2905855178833008,0.158173605799675,0.023446127772331238,57.08008575439453,1,0.01686185784637928,0.3322576880455017,-0.1963995099067688,0.10533476620912552,0.0,0,0.9965707063674927,-0.32199859619140625,0.20105385780334473,0.08454622328281403,0.0,0,0.5012727379798889,-0.2073785364627838,-0.14326389133930206,0.023272842168807983,90.5567398071289,1,0.0036097178235650063
477,9.540000000000001,walk,0.5,0.0,0.0,0.363028883934021,2.4802403450012207,-0.15670055150985718,0.41901424527168274,0.019240643829107285,-0.3688822953731099,-3.30213905094682,2,0,0,0.4188114106655121,-0.013036138378083706,0.4161069989204407,0.04602020978927612,-0.019240643829107285,0.0,0.29453593492507935,0.282528817653656,0.15810464322566986,0.02342737466096878,61.506629943847656,1,0.007777918130159378,0.34186339378356934,-0.20169995725154877,0.11135724186897278,0.0,0,0.810645341873169,-0.3194037079811096,0.20493751764297485,0.09360991418361664,0.0,0,0.5556663870811462,-0.21484686434268951,-0.14368779957294464,0.023243732750415802,84.88320922851562,1,0.012556343339383602
478,9.56,walk,0.5,0.0,0.0,0.36310216784477234,2.488436460494995,-0.15688581764698029,0.40604206919670105,0.012788018211722374,-0.3572645704817413,-3.2022880885835807,2,0,0,0.4059193730354309,-0.009981182403862476,0.4027213156223297,0.04735670983791351,-0.012788018211722374,0.0,0.29540473222732544,0.27512815594673157,0.1573665291070938,0.023402802646160126,73.3097152709961,1,0.0013304936001077294,0.3521660268306732,-0.20669950544834137,0.11624272912740707,0.0,0,0.9092609882354736,-0.3106818199157715,0.20640477538108826,0.10049272328615189,0.0,0,0.8327773213386536,-0.22175848484039307,-0.1445976346731186,0.02320939302444458,82.52896118164062,1,0.01908593811094761
479,9.58,walk,0.5,0.0,0.0,0.36319583654403687,2.496411085128784,-0.1570662260055542,0.39635974168777466,0.040034692734479904,-0.4936409299269761,-3.1537154117444466,2,0,0,0.39620810747146606,-0.010963326320052147,0.39351868629455566,0.04532072693109512,-0.040034692734479904,0.0,0.2991412580013275,0.2676199972629547,0.15584012866020203,0.02339884638786316,78.85421752929688,1,0.0077237216755747795,0.3639225959777832,-0.2104814648628235,0.12199746072292328,0.0,0,0.9362872242927551,-0.2992212474346161,0.20602145791053772,0.1060052216053009,0.0,0,0.8976328372955322,-0.22870902717113495,-0.1464175432920456,0.023171842098236084,83.30537414550781,1,0.019109440967440605
480,9.6,walk,0.5,0.0,0.0,0.3633785843849182,2.5042598247528076,-0.15727679431438446,0.39212971925735474,0.06185857951641083,-0.6269675565469472,-3.176073182218837,2,0,0,0.39191126823425293,-0.013086902908980846,0.389828622341156,0.043119773268699646,-0.06185857951641083,0.0,0.30347371101379395,0.25978729128837585,0.15448549389839172,0.02336937189102173,78.34152221679688,1,0.004200983326882124,0.37429001927375793,-0.21290402114391327,0.12758682668209076,0.0,0,0.8234714269638062,-0.28901374340057373,0.20433972775936127,0.10969462990760803,0.0,0,0.8235448002815247,-0.23589670658111572,-0.14827997982501984,0.023133136332035065,84.11917114257812,1,0.01959812082350254
481,9.620000000000001,walk,0.5,0.0,0.0,0.36362794041633606,2.5120558738708496,-0.15750819444656372,0.39019447565078735,0.06765821576118469,-0.6924999132603403,-3.245949219079241,2,0,0,0.3899458050727844,-0.013927633874118328,0.3881264925003052,0.0425712950527668,-0.06765821576118469,0.0,0.3067004382610321,0.2517199218273163,0.153596431016922,0.02335255593061447,78.46111297607422,1,0.00565988477319479,0.38183948397636414,-0.2146778255701065,0.13210006058216095,0.0,0,0.6897814869880676,-0.2812061011791229,0.20217159390449524,0.11182210594415665,0.0,0,0.7259593605995178,-0.24328310787677765,-0.14977577328681946,0.02309431880712509,84.0103530883789,1,0.02209657058119774
482,9.64,walk,0.5,0.0,0.0,0.3639194071292877,2.519827127456665,-0.1577427089214325,0.3891106843948364,0.06732293963432312,-0.7235059838844364,-3.342058518437783,2,0,0,0.3888717293739319,-0.01363454945385456,0.38706690073013306,0.04325549677014351,-0.06732293963432312,0.0,0.3086354732513428,0.2435428947210312,0.15290533006191254,0.023340627551078796,78.69395446777344,1,0.013858754187822342,0.38697800040245056,-0.21612688899040222,0.13551989197731018,0.0,0,0.5946871042251587,-0.2757103741168976,0.20024006068706512,0.11299850046634674,0.0,0,0.6336656212806702,-0.250788152217865,-0.1510835886001587,0.023054510354995728,83.43728637695312,1,0.025582225993275642
483,9.66,walk,0.5,0.0,0.0,0.36424919962882996,2.5275914669036865,-0.15797293186187744,0.38909366726875305,0.06691198796033859,-0.748473260147742,-3.4419425645298145,2,0,0,0.3888702392578125,-0.01318434439599514,0.38704395294189453,0.044239822775125504,-0.06691198796033859,0.0,0.30959171056747437,0.23538073897361755,0.15222294628620148,0.02330300211906433,79.19168853759766,1,0.0071474844589829445,0.39048972725868225,-0.2171487659215927,0.13787618279457092,0.0,0,0.5300483703613281,-0.2721221446990967,0.1989019364118576,0.1135149747133255,0.0,0,0.5603463053703308,-0.25829803943634033,-0.15237291157245636,0.02301240712404251,82.64234161376953,1,0.029540101066231728
484,9.68,walk,0.5,0.0,0.0,0.36462315917015076,2.535374641418457,-0.15820400416851044,0.39035552740097046,0.06680439412593842,-0.7706031264194362,-3.5215230195403375,2,0,0,0.3901289701461792,-0.013297732919454575,0.38833707571029663,0.0448470413684845,-0.06680439412593842,0.0,0.3097953498363495,0.22733822464942932,0.15153223276138306,0.023281067609786987,79.4056396484375,1,0.008210188709199429,0.3928816616535187,-0.21764731407165527,0.13907665014266968,0.0,0,0.4814944267272949,-0.269731342792511,0.19807644188404083,0.11348779499530792,0.0,0,0.5194537043571472,-0.26569193601608276,-0.15366394817829132,0.022968105971813202,81.60775756835938,1,0.03394555673003197
485,9.700000000000001,walk,0.5,0.0,0.0,0.36503866314888,2.5432074069976807,-0.15845048427581787,0.3933343291282654,0.06707502156496048,-0.785334723881243,-3.5629863232271344,2,0,0,0.393073171377182,-0.014330417849123478,0.391389399766922,0.04479091987013817,-0.06707502156496048,0.0,0.30949726700782776,0.21948985755443573,0.15087413787841797,0.023264430463314056,79.67440032958984,1,0.016505442559719086,0.39441588521003723,-0.21767735481262207,0.13913993537425995,0.0,0,0.44214674830436707,-0.267749160528183,0.19752754271030426,0.11307501792907715,0.0,0,0.5106937885284424,-0.2728946805000305,-0.15492449700832367,0.02292069047689438,80.27413940429688,1,0.038820840418338776
486,9.72,walk,0.5,0.0,0.0,0.36548689007759094,2.5511276721954346,-0.15873344242572784,0.3983421325683594,0.06930781900882721,-0.7880762977810626,-3.559414561178041,2,0,0,0.3979974389076233,-0.016567470505833626,0.39654725790023804,0.043853066861629486,-0.06930781900882721,0.0,0.30886945128440857,0.21183933317661285,0.15029552578926086,0.023237332701683044,80.0351333618164,1,0.0172403734177351,0.395244300365448,-0.21733219921588898,0.1382157802581787,0.0,0,0.4098351299762726,-0.2657109498977661,0.1970769762992859,0.11237958073616028,0.0,0,0.5173822641372681,-0.2799013555049896,-0.15612100064754486,0.022869832813739777,78.77291870117188,1,0.043859533965587616
487,9.74,walk,0.5,0.0,0.0,0.36595475673675537,2.5591771602630615,-0.1590760052204132,0.4054720401763916,0.07346035540103912,-0.7683875304465604,-3.5081420386260476,2,0,0,0.40497565269470215,-0.02005726471543312,0.403878778219223,0.042015377432107925,-0.07346035540103912,0.0,0.3080165982246399,0.2043534815311432,0.14988307654857635,0.02320864051580429,80.59925842285156,1,0.017917461693286896,0.3954821825027466,-0.21665966510772705,0.13644030690193176,0.0,0,0.3831075131893158,-0.26353320479393005,0.19661639630794525,0.11138133704662323,0.0,0,0.524443507194519,-0.28673115372657776,-0.15718667209148407,0.022815480828285217,77.18136596679688,1,0.048877470195293427
488,9.76,walk,0.5,0.0,0.0,0.3664218485355377,2.567394495010376,-0.15950115025043488,0.4146835505962372,0.07739359885454178,-0.7171309094287286,-3.4080018604401405,2,0,0,0.41394272446632385,-0.024776706472039223,0.4132938086986542,0.039300087839365005,-0.07739359885454178,0.0,0.30706098675727844,0.1969948261976242,0.1497085690498352,0.023177742958068848,81.33592987060547,1,0.018622135743498802,0.3951931595802307,-0.21568238735198975,0.13383306562900543,0.0,0,0.35951000452041626,-0.2613213062286377,0.1960562914609909,0.10998553782701492,0.0,0,0.5271966457366943,-0.2934165298938751,-0.15805844962596893,0.022756993770599365,74.59211730957031,1,0.05331837758421898
489,9.78,walk,0.5,0.0,0.0,0.3668331801891327,2.575810194015503,-0.16004298627376556,0.42516589164733887,0.07687338441610336,-0.6524999776032185,-3.2765640479299423,2,0,0,0.42400744557380676,-0.03136441111564636,0.4239117205142975,0.03491153195500374,-0.07687338441610336,0.0,0.30608177185058594,0.18963538110256195,0.14967599511146545,0.023145660758018494,82.15560913085938,1,0.01952460967004299,0.3943130373954773,-0.21444647014141083,0.13024380803108215,0.0,0,0.3389577269554138,-0.259298175573349,0.19531404972076416,0.10801707208156586,0.0,0,0.5254678726196289,-0.30009743571281433,-0.15880140662193298,0.022695787250995636,70.31104278564453,1,0.055947430431842804
490,9.8,walk,0.5,0.0,0.0,0.3671349287033081,2.5844342708587646,-0.16074290871620178,0.43634718656539917,0.07645130902528763,-0.5817612024732773,-3.1297948086105927,2,0,0,0.4345075786113739,-0.04002555087208748,0.43523362278938293,0.028566068038344383,-0.07645130902528763,0.0,0.305194228887558,0.18216784298419952,0.14976976811885834,0.023112021386623383,83.22714233398438,1,0.02036065235733986,0.39273601770401,-0.2127932757139206,0.12532101571559906,0.0,0,0.3195422291755676,-0.2576727271080017,0.19418340921401978,0.10519734770059586,0.0,0,0.5201001763343811,-0.30688920617103577,-0.15941227972507477,0.02263195812702179,67.04830169677734,1,0.05797281861305237
491,9.82,walk,0.5,0.0,0.0,0.36730870604515076,2.5932726860046387,-0.16164043545722961,0.44819289445877075,0.07512044161558151,-0.4960368855826225,-2.9671304384321537,2,0,0,0.44532060623168945,-0.050659775733947754,0.4472048580646515,0.020358595997095108,-0.07512044161558151,0.0,0.30449923872947693,0.17458508908748627,0.15007531642913818,0.023076042532920837,84.58274841308594,1,0.021085510030388832,0.3901844918727875,-0.2104983925819397,0.11856672167778015,0.0,0,0.28820446133613586,-0.2564639449119568,0.19235347211360931,0.10123541206121445,0.0,0,0.523899257183075,-0.31380346417427063,-0.1597995012998581,0.02256530523300171,64.34297180175781,1,0.05978049710392952
492,9.84,walk,0.5,0.0,0.0,0.3673579692840576,2.602332592010498,-0.16277490556240082,0.4609358012676239,0.07238257676362991,-0.39069010221718214,-2.7826056209282664,2,0,0,0.4565744996070862,-0.0632576271891594,0.4600130617618561,0.01032013725489378,-0.07238257676362991,0.0,0.3041064441204071,0.16691385209560394,0.15064901113510132,0.02303846925497055,86.25532531738281,1,0.021796531975269318,0.38592225313186646,-0.2074602097272873,0.10910938680171967,0.0,0,0.2282787263393402,-0.25573617219924927,0.18953245878219604,0.09571798145771027,0.0,0,0.5377246141433716,-0.3208216726779938,-0.15989020466804504,0.02249583601951599,61.85564422607422,1,0.0613323338329792
493,9.86,walk,0.5,0.0,0.0,0.36731547117233276,2.611626625061035,-0.16419009864330292,0.47504958510398865,0.07001195102930069,-0.2643649797854294,-2.5727284218857607,2,0,0,0.46857598423957825,-0.07815788686275482,0.4740987718105316,-0.0018305169651284814,-0.07001195102930069,0.0,0.30431944131851196,0.15916113555431366,0.15153135359287262,0.022998377680778503,88.38465118408203,1,0.022680476307868958,0.37825271487236023,-0.20352502167224884,0.09525993466377258,0.0,0,0.18775948882102966,-0.2560276687145233,0.18533077836036682,0.08777829259634018,0.0,0,0.5570154786109924,-0.3279434144496918,-0.15962998569011688,0.022423259913921356,59.34468078613281,1,0.06260361522436142
494,9.88,walk,0.5,0.0,0.0,0.36727046966552734,2.6211745738983154,-0.16594348847866058,0.49148938059806824,0.07109084725379944,-0.12080110021879915,-2.345239366624966,2,0,0,0.4819517731666565,-0.09635509550571442,0.49035587906837463,-0.01696922443807125,-0.07109084725379944,0.0,0.30656319856643677,0.15125684440135956,0.15274693071842194,0.022954978048801422,91.3872299194336,1,0.02419913373887539,0.3630025088787079,-0.19810862839221954,0.07352131605148315,0.0,0,0.5298148393630981,-0.2589494287967682,0.1787801831960678,0.07538141310214996,0.0,0,0.6120726466178894,-0.3352355659008026,-0.1589900702238083,0.022346727550029755,56.33650588989258,1,0.06349019706249237
495,9.9,walk,0.5,0.0,0.0,0.367291659116745,2.6309938430786133,-0.16810166835784912,0.5107521414756775,0.08614684641361237,0.039050496006797115,-2.1241854167793806,2,0,0,0.4968036115169525,-0.11854927241802216,0.5087583065032959,-0.035730283707380295,-0.08614684641361237,0.0,0.3187980055809021,0.14301320910453796,0.15436166524887085,0.022935688495635986,90.30670166015625,1,0.028067145496606827,0.32928261160850525,-0.18887557089328766,0.03695283830165863,0.0,0,1.6411209106445312,-0.2682114243507385,0.16692380607128143,0.05445096641778946,0.0,0,0.9027776718139648,-0.34284818172454834,-0.15795502066612244,0.022268712520599365,49.69513702392578,1,0.06202811002731323
496,9.92,walk,0.5,0.0,0.0,0.3668968975543976,2.6407952308654785,-0.1705050766468048,0.4948066771030426,0.1818922609090805,0.6603994115434556,-1.9469274936655634,4,0,0,0.47869083285331726,-0.12525463104248047,0.49127283692359924,-0.043520305305719376,-0.1818922609090805,0.0,0.3255906403064728,0.1342705339193344,0.15914073586463928,0.022889457643032074,64.02669525146484,1,0.01775045320391655,0.3060290217399597,-0.1790832281112671,0.02333301305770874,80.5967788696289,1,0.010275752283632755,-0.2876977324485779,0.1475939005613327,0.02236885577440262,67.67928314208984,1,0.7907279133796692,-0.35056406259536743,-0.15441736578941345,0.02219396084547043,29.29471778869629,1,0.055123765021562576
497,9.94,walk,0.5,0.0,0.0,0.36579418182373047,2.649951696395874,-0.17270871996879578,0.4596291482448578,0.013442683964967728,1.4347876367018424,-1.9894934460164944,2,0,0,0.4469912350177765,-0.10704110562801361,0.45642393827438354,-0.02943328022956848,-0.013442683964967728,0.0,0.2875223457813263,0.18359459936618805,0.17023244500160217,0.03823260962963104,0.0,0,3.9957468509674072,0.29655808210372925,-0.17349658906459808,0.02341277152299881,70.4355697631836,1,0.027004634961485863,-0.29674431681632996,0.15250732004642487,0.02267266809940338,85.67261505126953,1,0.03469110280275345,-0.3301670551300049,-0.1541384905576706,0.029005810618400574,0.0,0,1.737979769706726
498,9.96,walk,0.5,0.0,0.0,0.36480027437210083,2.6586670875549316,-0.174849271774292,0.4491797983646393,0.04588790610432625,1.3517702091566282,-1.9815593275218784,2,0,0,0.4375109374523163,-0.10171864181756973,0.44630444049835205,-0.02640404738485813,0.04588790610432625,0.0,0.27145102620124817,0.26505669951438904,0.1763698011636734,0.05233176052570343,0.0,0,4.636250019073486,0.2875843644142151,-0.17369653284549713,0.023400835692882538,74.70455169677734,1,0.024639815092086792,-0.30477258563041687,0.1528911590576172,0.022629454731941223,84.41626739501953,1,0.034888215363025665,-0.276996374130249,-0.16184529662132263,0.04840083420276642,0.0,0,3.0726418495178223
499,9.98,walk,0.5,0.0,0.0,0.364147424697876,2.6676065921783447,-0.1767687201499939,0.47045251727104187,0.10335279256105423,1.6637460364078365,-1.8109119603075756,2,0,0,0.46164360642433167,-0.09061315655708313,0.4688328802585602,-0.012417200952768326,0.10335279256105423,0.0,0.3023799657821655,0.34218648076057434,0.17605426907539368,0.07248587906360626,0.0,0,3.8125123977661133,0.27932482957839966,-0.17193441092967987,0.02337954193353653,74.62030029296875,1,0.01703936606645584,-0.31185558438301086,0.15563103556632996,0.022568248212337494,85.20353698730469,1,0.03970036283135414,-0.2259226143360138,-0.16297386586666107,0.058934710919857025,0.0,0,2.808758497238159
500,10.0,walk,0.5,0.0,0.0,0.3635687828063965,2.6773364543914795,-0.17862799763679504,0.5178472995758057,0.040912508964538574,2.1799598877680584,-1.7667209565427107,2,0,0,0.5093717575073242,-0.0933072566986084,0.5165824890136719,-0.007918629795312881,0.040912508964538574,0.0,0.3433113992214203,0.38910582661628723,0.176934152841568,0.08450305461883545,0.0,0,2.146775960922241,0.26970937848091125,-0.16898277401924133,0.023339517414569855,77.13217163085938,1,0.0127209248021245,-0.32043328881263733,0.15928411483764648,0.022496812045574188,87.4754409790039,1,0.04145832359790802,-0.1841927170753479,-0.1536240577697754,0.06687973439693451,0.0,0,2.3254337310791016
501,10.02,walk,0.5,0.0,0.0,0.36307966709136963,2.688030958175659,-0.1804933100938797,0.5611774325370789,0.016178114339709282,2.6011646338346393,-1.9498828311420633,2,0,0,0.5531077980995178,-0.09482552856206894,0.5602571964263916,-0.00257741566747427,-0.016178114339709282,0.0,0.36320066452026367,0.4024859666824341,0.18118946254253387,0.08575254678726196,0.0,0,0.7601071000099182,0.25816699862480164,-0.1663106083869934,0.02327887713909149,82.27302551269531,1,0.005645564291626215,-0.331428587436676,0.16174697875976562,0.02241802215576172,88.06253051757812,1,0.04352689906954765,-0.15980461239814758,-0.14332710206508636,0.06877373158931732,0.0,0,1.5640246868133545
502,10.040000000000001,walk,0.5,0.0,0.0,0.36290350556373596,2.699432373046875,-0.1822660118341446,0.589902937412262,0.02653718926012516,2.6130282455361287,-2.2993755001219762,2,0,0,0.5835884213447571,-0.08608167618513107,0.5894952416419983,0.010290929116308689,0.02653718926012516,0.0,0.36452633142471313,0.38876381516456604,0.1841554492712021,0.07091093063354492,0.0,0,0.38829776644706726,0.2450924515724182,-0.16625742614269257,0.02322695404291153,86.98345947265625,1,0.008651847019791603,-0.34401682019233704,0.16154885292053223,0.022335320711135864,82.87496948242188,1,0.04675665497779846,-0.15290184319019318,-0.1366649568080902,0.058866873383522034,0.0,0,0.9119414687156677
503,10.06,walk,0.5,0.0,0.0,0.3629642724990845,2.711230993270874,-0.18389029800891876,0.6065568327903748,0.17301622033119202,1.968095744007314,-2.5939679623269734,2,0,0,0.6019748449325562,-0.07441398501396179,0.6056119203567505,0.023836307227611542,0.17301622033119202,0.0,0.37037745118141174,0.3503909111022949,0.17876122891902924,0.03528869152069092,0.0,0,1.6246618032455444,0.2317039966583252,-0.17084385454654694,0.023203246295452118,76.03998565673828,1,0.03562364727258682,-0.3563389778137207,0.15798892080783844,0.022247828543186188,74.54374694824219,1,0.050307728350162506,-0.159065842628479,-0.13341230154037476,0.034281954169273376,0.0,0,0.6001816987991333
504,10.08,walk,0.5,0.0,0.0,0.3630620241165161,2.722747564315796,-0.18553945422172546,0.5581696629524231,0.24792738258838654,0.6675511532129879,-2.469310393228482,4,0,0,0.5528624653816223,-0.07678829878568649,0.5593016147613525,0.010342467576265335,0.24792738258838654,0.0,0.3688652515411377,0.33093252778053284,0.16812846064567566,0.023320414125919342,93.52928161621094,1,0.04879409447312355,0.22432005405426025,-0.18188805878162384,0.023191258311271667,47.74519348144531,1,0.22295023500919342,-0.3655313551425934,0.15176139771938324,0.02215293049812317,55.9151725769043,1,0.05820370092988014,-0.16988420486450195,-0.1387408822774887,0.023398831486701965,56.48999786376953,1,0.007988017052412033
505,10.1,walk,0.5,0.0,0.0,0.3634352684020996,2.7328875064849854,-0.18728584051132202,0.48789748549461365,0.06579985469579697,0.06196214212903341,-2.394672860742933,2,0,0,0.4810193181037903,-0.08163557946681976,0.4882906377315521,-0.006398684345185757,0.06579985469579697,0.0,0.3258105516433716,0.32154467701911926,0.16394206881523132,0.023398667573928833,85.06964111328125,1,0.026252450421452522,0.25561466813087463,-0.18322600424289703,0.05222536623477936,0.0,0,2.513361930847168,-0.3524394631385803,0.16111303865909576,0.03662183880805969,0.0,0,1.4264765977859497,-0.17942167818546295,-0.14182350039482117,0.023343011736869812,84.80848693847656,1,0.006967105902731419
506,10.120000000000001,walk,0.5,0.0,0.0,0.36368077993392944,2.742004156112671,-0.18874134123325348,0.4523918330669403,0.057859886437654495,-0.4228965785879079,-2.6065500245517828,2,0,0,0.44757279753685,-0.06585562974214554,0.45288097858428955,0.0037756955716758966,0.057859886437654495,0.0,0.3067342936992645,0.31137245893478394,0.16079726815223694,0.023442506790161133,79.17572021484375,1,0.00882535707205534,0.29827383160591125,-0.1888439953327179,0.08057935535907745,0.0,0,2.495739698410034,-0.3297395408153534,0.18076902627944946,0.06338007748126984,0.0,0,1.7638522386550903,-0.18949924409389496,-0.1445169746875763,0.02330910414457321,91.11209869384766,1,0.008937238715589046
507,10.14,walk,0.5,0.0,0.0,0.36414241790771484,2.750941514968872,-0.19001810252666473,0.45461058616638184,0.026060964912176132,-0.8186037749155818,-2.8382281202079116,2,0,0,0.45043835043907166,-0.06144976615905762,0.4555281400680542,0.008861197158694267,-0.026060964912176132,0.0,0.30727285146713257,0.3011913001537323,0.15832571685314178,0.02344781905412674,61.79579544067383,1,0.019193366169929504,0.3263220191001892,-0.19408489763736725,0.09732420742511749,0.0,0,1.4844410419464111,-0.3237154185771942,0.19696739315986633,0.08259841799736023,0.0,0,0.8097302913665771,-0.19933456182479858,-0.14698484539985657,0.023272424936294556,93.46644592285156,1,0.00988455768674612
508,10.16,walk,0.5,0.0,0.0,0.3645625710487366,2.759977102279663,-0.1911390721797943,0.45663321018218994,0.02694561518728733,-0.8562072746693812,-2.8594785462631136,2,0,0,0.4532557725906372,-0.05543551594018936,0.45666179060935974,0.015363824553787708,-0.02694561518728733,0.0,0.306194931268692,0.29207783937454224,0.15803560614585876,0.02343275398015976,54.78780746459961,1,0.014953820034861565,0.3399808406829834,-0.19774645566940308,0.1050431951880455,0.0,0,0.9059897661209106,-0.32316672801971436,0.2025400847196579,0.09436169266700745,0.0,0,0.40872493386268616,-0.2078583538532257,-0.1476125419139862,0.02324160933494568,88.0606460571289,1,0.006907414644956589
509,10.18,walk,0.5,0.0,0.0,0.36475586891174316,2.768916606903076,-0.19215898215770721,0.4467114806175232,0.0018155212746933103,-0.7445850148801535,-2.703614483177069,2,0,0,0.4437427818775177,-0.05141475051641464,0.4459935426712036,0.01778613030910492,0.0018155212746933103,0.0,0.30453169345855713,0.28418999910354614,0.1584390252828598,0.023406080901622772,66.39740753173828,1,0.0016136933118104935,0.34980857372283936,-0.20198816061019897,0.10938824713230133,0.0,0,0.8829591274261475,-0.3171497583389282,0.20403307676315308,0.10179396718740463,0.0,0,0.7490846514701843,-0.21525903046131134,-0.1473621279001236,0.02320677787065506,82.82347106933594,1,0.020010335370898247
510,10.200000000000001,walk,0.5,0.0,0.0,0.36483606696128845,2.777622699737549,-0.1931559443473816,0.43471577763557434,0.016645578667521477,-0.7739305491231431,-2.5524483095795234,2,0,0,0.43164539337158203,-0.05157582461833954,0.43409910798072815,0.015876101329922676,-0.016645578667521477,0.0,0.3059934675693512,0.27652522921562195,0.15799953043460846,0.02338414639234543,77.69735717773438,1,0.004651782568544149,0.3612871766090393,-0.20644471049308777,0.11464738845825195,0.0,0,0.9864034652709961,-0.30513760447502136,0.20387019217014313,0.1078706681728363,0.0,0,0.973223865032196,-0.22245143353939056,-0.1479291468858719,0.023166589438915253,82.090576171875,1,0.0229585450142622
511,10.22,walk,0.5,0.0,0.0,0.36495956778526306,2.7861592769622803,-0.19419705867767334,0.42899319529533386,0.05206941440701485,-0.8871646268347879,-2.493572719264248,2,0,0,0.425449401140213,-0.0550270602107048,0.42876380681991577,0.011959275230765343,-0.05206941440701485,0.0,0.30960074067115784,0.268425315618515,0.1572655737400055,0.023383334279060364,78.83631134033203,1,0.010505621321499348,0.37278562784194946,-0.2099190652370453,0.12075069546699524,0.0,0,0.9313337206840515,-0.2929341793060303,0.20234085619449615,0.11243060231208801,0.0,0,0.9363555908203125,-0.22995707392692566,-0.14904825389385223,0.02312454581260681,83.37848663330078,1,0.02237098664045334
512,10.24,walk,0.5,0.0,0.0,0.36515167355537415,2.7946274280548096,-0.19529572129249573,0.4274696409702301,0.07031480222940445,-0.9449179316920654,-2.5144105592048995,2,0,0,0.4234800934791565,-0.05826572701334953,0.4275050163269043,0.009088743478059769,-0.07031480222940445,0.0,0.3129446804523468,0.25989240407943726,0.15703172981739044,0.023347951471805573,78.8333511352539,1,0.007042324636131525,0.3817218244075775,-0.21245341002941132,0.12610715627670288,0.0,0,0.7895873785018921,-0.28347301483154297,0.200068861246109,0.11513851583003998,0.0,0,0.8227056860923767,-0.23781491816043854,-0.14988623559474945,0.023081935942173004,83.79875183105469,1,0.02405589446425438
513,10.26,walk,0.5,0.0,0.0,0.36538806557655334,2.803071975708008,-0.19643792510032654,0.42680469155311584,0.07490134984254837,-0.9474461689020279,-2.5820597409524675,2,0,0,0.4225426912307739,-0.060165680944919586,0.4269618093967438,0.007724760565906763,-0.07490134984254837,0.0,0.31509020924568176,0.25110331177711487,0.1571943312883377,0.023327529430389404,78.68584442138672,1,0.00853273831307888,0.38785478472709656,-0.21450915932655334,0.13025593757629395,0.0,0,0.6757619976997375,-0.27674025297164917,0.1977808028459549,0.11659927666187286,0.0,0,0.721143364906311,-0.24590393900871277,-0.1504085659980774,0.023038923740386963,83.438720703125,1,0.027326643466949463
514,10.28,walk,0.5,0.0,0.0,0.3656551241874695,2.811508893966675,-0.19761520624160767,0.4269139766693115,0.07637306302785873,-0.9389356464744864,-2.6654811101540643,2,0,0,0.4224339425563812,-0.061685625463724136,0.42714405059814453,0.0068644690327346325,-0.07637306302785873,0.0,0.3163093030452728,0.24224644899368286,0.1574428230524063,0.0232979878783226,78.97718811035156,1,0.009471246041357517,0.39209768176078796,-0.21612022817134857,0.1332944929599762,0.0,0,0.6030386686325073,-0.27210938930511475,0.19601395726203918,0.11733675748109818,0.0,0,0.6419813632965088,-0.2540677487850189,-0.15086184442043304,0.02299346774816513,82.71639251708984,1,0.031355906277894974
515,10.3,walk,0.5,0.0,0.0,0.3659527897834778,2.8199644088745117,-0.1988344043493271,0.42850834131240845,0.07805638760328293,-0.9341002994289404,-2.734943280239448,2,0,0,0.4237200915813446,-0.06388028711080551,0.4287961423397064,0.005568537395447493,-0.07805638760328293,0.0,0.3169035017490387,0.23346742987632751,0.15768644213676453,0.02327059954404831,79.09017181396484,1,0.010615561157464981,0.3951607346534729,-0.2171606421470642,0.13518331944942474,0.0,0,0.5507408380508423,-0.2688472867012024,0.1948501318693161,0.11753430962562561,0.0,0,0.5935715436935425,-0.26215124130249023,-0.15133033692836761,0.02294594794511795,81.73234558105469,1,0.03593699634075165
516,10.32,walk,0.5,0.0,0.0,0.3662775754928589,2.828472137451172,-0.20011472702026367,0.43216410279273987,0.07989256829023361,-0.9285085089328156,-2.7661606598409914,2,0,0,0.4268895387649536,-0.06731362640857697,0.43248024582862854,0.003367109689861536,-0.07989256829023361,0.0,0.3170989155769348,0.22487077116966248,0.15796519815921783,0.023241810500621796,79.39236450195312,1,0.011639241129159927,0.39734992384910583,-0.21765810251235962,0.13581779599189758,0.0,0,0.5066189169883728,-0.2661535441875458,0.19406571984291077,0.1172875165939331,0.0,0,0.5789885520935059,-0.27004459500312805,-0.15177908539772034,0.022894755005836487,80.40906524658203,1,0.04111818969249725
517,10.34,walk,0.5,0.0,0.0,0.36662212014198303,2.83707332611084,-0.20148532092571259,0.4381566643714905,0.08323978632688522,-0.9168984680042633,-2.7468540629348923,2,0,0,0.43212881684303284,-0.0724288746714592,0.43846651911735535,-0.00012482114834710956,-0.08323978632688522,0.0,0.31703150272369385,0.21648454666137695,0.1583353728055954,0.023211397230625153,80.20195770263672,1,0.012691905722022057,0.3987855315208435,-0.2177170068025589,0.13521689176559448,0.0,0,0.46808603405952454,-0.26346391439437866,0.1934066265821457,0.11666754633188248,0.0,0,0.5855348110198975,-0.2777132987976074,-0.1521630436182022,0.022839777171611786,78.83901977539062,1,0.046606674790382385
518,10.36,walk,0.5,0.0,0.0,0.3669796586036682,2.845810890197754,-0.20298172533512115,0.4466584622859955,0.08870293200016022,-0.8933089156017433,-2.6752211733539144,2,0,0,0.4395325183868408,-0.07946675270795822,0.44690123200416565,-0.005097650922834873,-0.08870293200016022,0.0,0.3168003559112549,0.20826633274555206,0.1588655263185501,0.02317960560321808,80.66402435302734,1,0.014163042418658733,0.3995179831981659,-0.21740128099918365,0.13345327973365784,0.0,0,0.43345537781715393,-0.2605981230735779,0.19269390404224396,0.11567030102014542,0.0,0,0.5979450941085815,-0.2851875424385071,-0.15243320167064667,0.022781044244766235,77.15132141113281,1,0.052125271409749985
519,10.38,walk,0.5,0.0,0.0,0.36733508110046387,2.854727268218994,-0.20464223623275757,0.4576244056224823,0.0940861850976944,-0.8518482799575907,-2.5538194700554038,2,0,0,0.44898170232772827,-0.08851851522922516,0.457657128572464,-0.011649450287222862,-0.0940861850976944,0.0,0.3165072202682495,0.20015375316143036,0.15962155163288116,0.023144930601119995,81.19688415527344,1,0.01593601144850254,0.39954328536987305,-0.21674540638923645,0.13050910830497742,0.0,0,0.40014979243278503,-0.25763243436813354,0.19181284308433533,0.11419665813446045,0.0,0,0.6081968545913696,-0.29252293705940247,-0.15253445506095886,0.022717997431755066,74.06037139892578,1,0.056765712797641754
520,10.4,walk,0.5,0.0,0.0,0.36762768030166626,2.863853693008423,-0.20651334524154663,0.4704475402832031,0.09612473100423813,-0.8024741764688909,-2.3977005555359527,2,0,0,0.4596986174583435,-0.09999044984579086,0.4699745774269104,-0.02034328505396843,-0.09612473100423813,0.0,0.31619441509246826,0.1920272409915924,0.16056756675243378,0.02310854196548462,81.88766479492188,1,0.017965689301490784,0.39876213669776917,-0.21578748524188995,0.1262228637933731,0.0,0,0.3665830194950104,-0.25478804111480713,0.19066588580608368,0.11205153912305832,0.0,0,0.6133733987808228,-0.2998529076576233,-0.1524762511253357,0.022651270031929016,70.06922912597656,1,0.059975773096084595
521,10.42,walk,0.5,0.0,0.0,0.36781033873558044,2.8732054233551025,-0.2086452841758728,0.48477551341056824,0.09788066148757935,-0.7435931967074737,-2.216534056669596,2,0,0,0.4711765646934509,-0.11401732265949249,0.4834924042224884,-0.03136821463704109,-0.09788066148757935,0.0,0.3159880042076111,0.1838081330060959,0.1617480218410492,0.023069486021995544,82.8676986694336,1,0.02026752196252346,0.39700302481651306,-0.21437358856201172,0.12017425894737244,0.0,0,0.3254113495349884,-0.25228527188301086,0.189023956656456,0.10889804363250732,0.0,0,0.6170749068260193,-0.3072640001773834,-0.15219858288764954,0.022581852972507477,66.88818359375,1,0.0626876950263977
522,10.44,walk,0.5,0.0,0.0,0.36787524819374084,2.882798433303833,-0.21108734607696533,0.5007060170173645,0.09772394597530365,-0.6684023121774478,-2.0065537644593054,2,0,0,0.4834069013595581,-0.13047710061073303,0.49826815724372864,-0.044586919248104095,-0.09772394597530365,0.0,0.31604427099227905,0.17550179362297058,0.16323809325695038,0.023027122020721436,84.196044921875,1,0.02322256937623024,0.39370250701904297,-0.21235895156860352,0.11153051257133484,0.0,0,0.2489839494228363,-0.2502618730068207,0.18652082979679108,0.10428932309150696,0.0,0,0.628533661365509,-0.31475895643234253,-0.15161015093326569,0.02250847965478897,64.25215148925781,1,0.06505512446165085
523,10.46,walk,0.5,0.0,0.0,0.367847740650177,2.8926475048065186,-0.21389155089855194,0.5185571908950806,0.09557060897350311,-0.5737517384543797,-1.760982103536019,2,0,0,0.4965144097805023,-0.14958275854587555,0.5145288109779358,-0.060186319053173065,-0.09557060897350311,0.0,0.31656378507614136,0.16713368892669678,0.16508957743644714,0.02298230677843094,85.9572982788086,1,0.027894651517271996,0.3874766528606415,-0.20959831774234772,0.09879390895366669,0.0,0,0.1082395613193512,-0.24902208149433136,0.182746022939682,0.0974847599864006,0.0,0,0.6505115032196045,-0.32232511043548584,-0.1506318300962448,0.022431232035160065,61.72225570678711,1,0.06704095751047134
524,10.48,walk,0.5,0.0,0.0,0.3677999973297119,2.9027721881866455,-0.2171212136745453,0.539016604423523,0.09379281103610992,-0.4654889178805934,-1.4796451175193128,2,0,0,0.5108089447021484,-0.17208464443683624,0.5327736735343933,-0.07885056734085083,-0.09379281103610992,0.0,0.318415105342865,0.1586865931749344,0.16730983555316925,0.02293526381254196,88.39020538330078,1,0.0381159745156765,0.3751112222671509,-0.20568962395191193,0.0790737196803093,0.0,0,0.3061882257461548,-0.2496795952320099,0.17698806524276733,0.08679195493459702,0.0,0,0.6887645125389099,-0.3299902379512787,-0.14922840893268585,0.02234945446252823,58.79978561401367,1,0.06829960644245148
525,10.5,walk,0.5,0.0,0.0,0.36777740716934204,2.9131929874420166,-0.2208288013935089,0.5623765587806702,0.09525402635335922,-0.32083023369520414,-1.1567457900728444,2,0,0,0.5267086625099182,-0.1970922350883484,0.5531055927276611,-0.09967809170484543,-0.09525402635335922,0.0,0.32669827342033386,0.15016725659370422,0.1700749546289444,0.022886604070663452,86.80988311767578,1,0.0649632140994072,0.34857314825057983,-0.1989465206861496,0.04647380858659744,0.0,0,1.179015874862671,-0.2551088333129883,0.1672726273536682,0.06876515597105026,0.0,0,0.8496977090835571,-0.33774533867836,-0.1472092717885971,0.02226315438747406,53.4229621887207,1,0.06778570264577866
526,10.52,walk,0.5,0.0,0.0,0.3674790561199188,2.923807382583618,-0.22497853636741638,0.5633805990219116,0.18008874356746674,-0.0626488762954172,-0.7694367115360978,3,0,0,0.5220839381217957,-0.21172159910202026,0.5514237284660339,-0.11352481693029404,-0.18008874356746674,0.0,0.3303038477897644,0.14162392914295197,0.17398543655872345,0.02282796800136566,76.40150451660156,1,0.12054663896560669,0.31814515590667725,-0.18895357847213745,0.023366853594779968,84.74776458740234,1,0.025574518367648125,-0.270671010017395,0.1479305922985077,0.03851015865802765,0.0,0,1.4777235984802246,-0.3452596068382263,-0.14438261091709137,0.02217840403318405,38.051063537597656,1,0.060638461261987686
527,10.540000000000001,walk,0.5,0.0,0.0,0.3660565912723541,2.9336447715759277,-0.22868983447551727,0.5101853609085083,0.03810516744852066,0.7866133032773577,-0.8298123287869842,2,0,0,0.477669894695282,-0.17922212183475494,0.5011661648750305,-0.08762776106595993,-0.03810516744852066,0.0,0.30464258790016174,0.18402108550071716,0.18039660155773163,0.03399728983640671,0.0,0,3.6755733489990234,0.30773159861564636,-0.18160942196846008,0.0233929380774498,79.12863159179688,1,0.003247279906645417,-0.28550922870635986,0.14182397723197937,0.022676967084407806,80.48898315429688,1,0.04737316444516182,-0.3336544334888458,-0.14640496671199799,0.025759443640708923,0.0,0,1.4812655448913574
528,10.56,walk,0.5,0.0,0.0,0.36438319087028503,2.9428675174713135,-0.23214976489543915,0.48882022500038147,0.005352462641894817,0.8180224617841901,-1.0357962666417295,2,0,0,0.45921072363853455,-0.1675432026386261,0.48059365153312683,-0.07966142892837524,0.005352462641894817,0.0,0.27626967430114746,0.2631107270717621,0.1793805956840515,0.04776044934988022,0.0,0,4.713461875915527,0.2967565059661865,-0.17990662157535553,0.023428790271282196,77.40975952148438,1,0.015257716178894043,-0.2956892251968384,0.14367206394672394,0.02263713628053665,84.7980728149414,1,0.051703404635190964,-0.28256693482398987,-0.1588374376296997,0.0452335923910141,0.0,0,3.2504992485046387
529,10.58,walk,0.5,0.0,0.0,0.36318647861480713,2.952129364013672,-0.23530930280685425,0.49886611104011536,0.08201843500137329,1.280918735905382,-0.9829737180349666,2,0,0,0.47492796182632446,-0.15267883241176605,0.4936094582080841,-0.062499355524778366,0.08201843500137329,0.0,0.3017272353172302,0.341208815574646,0.1757795512676239,0.06670540571212769,0.0,0,3.9965217113494873,0.28728893399238586,-0.1761387288570404,0.023403137922286987,76.48258972167969,1,0.009858537465333939,-0.3041142225265503,0.1480569988489151,0.022578157484531403,83.43928527832031,1,0.060404784977436066,-0.22845080494880676,-0.16529478132724762,0.056455276906490326,0.0,0,3.0909523963928223
530,10.6,walk,0.5,0.0,0.0,0.36216118931770325,2.962106943130493,-0.23833364248275757,0.5426502823829651,0.027834147214889526,1.9866044894409907,-0.9966399660688101,2,0,0,0.5210703015327454,-0.1515093743801117,0.5388737320899963,-0.05317338928580284,0.027834147214889526,0.0,0.3408252000808716,0.3890792429447174,0.17487642168998718,0.0779828354716301,0.0,0,2.226012945175171,0.27687665820121765,-0.17111261188983917,0.02337563782930374,78.68800354003906,1,0.012461263686418533,-0.31355273723602295,0.15357305109500885,0.022505179047584534,85.67108154296875,1,0.06057211384177208,-0.18216842412948608,-0.15855355560779572,0.06549157202243805,0.0,0,2.550360679626465
531,10.620000000000001,walk,0.5,0.0,0.0,0.3612736463546753,2.9730608463287354,-0.24131812155246735,0.5860509872436523,0.027270620688796043,2.522730796831033,-1.231326333167506,2,0,0,0.5663534998893738,-0.15066350996494293,0.583332359790802,-0.04410925507545471,-0.027270620688796043,0.0,0.358881413936615,0.4021613597869873,0.17798252403736115,0.07868687808513641,0.0,0,0.7509313821792603,0.2645934224128723,-0.16689960658550262,0.023314960300922394,83.1895523071289,1,0.004029459320008755,-0.325345516204834,0.1574186235666275,0.022430308163166046,85.92144012451172,1,0.06223437190055847,-0.15482500195503235,-0.14864663779735565,0.06868453323841095,0.0,0,1.6785627603530884
532,10.64,walk,0.5,0.0,0.0,0.36075520515441895,2.9847230911254883,-0.24415679275989532,0.6123649477958679,0.018998991698026657,2.558577977472787,-1.63313184788737,2,0,0,0.5965001583099365,-0.1384861171245575,0.6111091375350952,-0.027374830096960068,0.018998991698026657,0.0,0.35836294293403625,0.388475239276886,0.17975659668445587,0.06413139402866364,0.0,0,0.34034058451652527,0.25078317523002625,-0.16591867804527283,0.023269392549991608,87.951171875,1,0.008244632743299007,-0.33869463205337524,0.15802964568138123,0.022345319390296936,80.32805633544922,1,0.07694493234157562,-0.14743883907794952,-0.14145636558532715,0.058858998119831085,0.0,0,0.9211230874061584
533,10.66,walk,0.5,0.0,0.0,0.36061304807662964,2.996753454208374,-0.2467501312494278,0.6246880292892456,0.17137837409973145,1.8997321671612446,-2.016122005712847,2,0,0,0.6129468083381653,-0.12054604291915894,0.6241949796676636,-0.008234497159719467,0.17137837409973145,0.0,0.3629057705402374,0.3507953882217407,0.17262427508831024,0.029522404074668884,0.0,0,1.5824320316314697,0.23649418354034424,-0.1698751002550125,0.023241959512233734,83.77725982666016,1,0.04974006116390228,-0.35190349817276,0.1549936681985855,0.0222560316324234,72.10828399658203,1,0.10150006413459778,-0.15507395565509796,-0.13739238679409027,0.03312219679355621,0.0,0,0.5796315670013428
534,10.68,walk,0.5,0.0,0.0,0.3609309494495392,3.008350133895874,-0.2492152899503708,0.5674336552619934,0.24107199907302856,0.613040427303321,-2.114219743893509,4,0,0,0.5564374923706055,-0.11116798222064972,0.5691903829574585,-0.012660961598157883,0.24107199907302856,0.0,0.3546808063983917,0.33469972014427185,0.16259914636611938,0.023375533521175385,88.72618865966797,1,0.03684401512145996,0.22385664284229279,-0.17831481993198395,0.023136883974075317,59.510101318359375,1,0.05909491330385208,-0.36259275674819946,0.14936241507530212,0.02216116338968277,51.10061264038086,1,0.12928487360477448,-0.16771894693374634,-0.14214761555194855,0.023372545838356018,62.22249221801758,1,0.012427538633346558
535,10.700000000000001,walk,0.5,0.0,0.0,0.361624151468277,3.018488883972168,-0.2515202462673187,0.49245986342430115,0.07965398579835892,-0.006577841527875882,-2.179401092916587,2,0,0,0.48079153895378113,-0.10656553506851196,0.4929860234260559,-0.021933671087026596,0.07965398579835892,0.0,0.3148265779018402,0.32448461651802063,0.15864916145801544,0.02347651869058609,81.89508056640625,1,0.0017111393390223384,0.25147533416748047,-0.18068762123584747,0.05035895109176636,0.0,0,2.528201103210449,-0.34902241826057434,0.15827780961990356,0.03663650155067444,0.0,0,1.4772223234176636,-0.17822764813899994,-0.1449330449104309,0.02334500104188919,85.3063735961914,1,0.0072016967460513115
536,10.72,walk,0.5,0.0,0.0,0.3620786964893341,3.0276100635528564,-0.2534314692020416,0.4571629762649536,0.06857975572347641,-0.49056457003612003,-2.483815367148062,2,0,0,0.4488496780395508,-0.08678682148456573,0.458048015832901,-0.008252215571701527,0.06857975572347641,0.0,0.297686368227005,0.3138032853603363,0.15570643544197083,0.02346207946538925,77.22691345214844,1,0.00860970001667738,0.294913113117218,-0.18780812621116638,0.07959955185651779,0.0,0,2.593580961227417,-0.3263109624385834,0.17868444323539734,0.06467866897583008,0.0,0,1.770269751548767,-0.18898038566112518,-0.14730703830718994,0.02331087738275528,92.18473052978516,1,0.010961645282804966
537,10.74,walk,0.5,0.0,0.0,0.36280718445777893,3.036548614501953,-0.2551133632659912,0.45785433053970337,0.021056992933154106,-0.8520243707721301,-2.795181279850729,2,0,0,0.45059284567832947,-0.08121992647647858,0.4596311151981354,-0.0021132456604391336,-0.021056992933154106,0.0,0.3009486794471741,0.3031584620475769,0.153607577085495,0.023465238511562347,63.07146453857422,1,0.020046688616275787,0.324008971452713,-0.19387921690940857,0.0965106412768364,0.0,0,1.5588198900222778,-0.32335925102233887,0.19597415626049042,0.08384162932634354,0.0,0,0.7390100955963135,-0.1993756741285324,-0.14931903779506683,0.02327294647693634,94.30574798583984,1,0.011582913808524609
538,10.76,walk,0.5,0.0,0.0,0.363542765378952,3.045572519302368,-0.25660544633865356,0.4587358832359314,0.01589895784854889,-0.876842556812459,-2.874817870478493,2,0,0,0.4528549015522003,-0.07321922481060028,0.45982035994529724,0.006205050740391016,-0.01589895784854889,0.0,0.30225107073783875,0.29372841119766235,0.15353524684906006,0.02346218377351761,53.705299377441406,1,0.019604507833719254,0.33853378891944885,-0.19777674973011017,0.10447391867637634,0.0,0,0.9608737230300903,-0.32518449425697327,0.2015252411365509,0.09566298872232437,0.0,0,0.32386040687561035,-0.20831117033958435,-0.14965306222438812,0.023241885006427765,88.51910400390625,1,0.006027032155543566
539,10.78,walk,0.5,0.0,0.0,0.3640333414077759,3.0545034408569336,-0.25795841217041016,0.44870567321777344,0.02087506838142872,-0.7509176674578132,-2.7456000828919604,2,0,0,0.4436901807785034,-0.06690134853124619,0.4488926827907562,0.010549359023571014,0.02087506838142872,0.0,0.30234554409980774,0.2857203781604767,0.15408717095851898,0.02342960238456726,64.4101333618164,1,0.005745979491621256,0.34918516874313354,-0.2020949125289917,0.10941879451274872,0.0,0,0.9318320155143738,-0.31994491815567017,0.20314501225948334,0.10315851867198944,0.0,0,0.7426584959030151,-0.21595138311386108,-0.14910462498664856,0.023205973207950592,82.83010864257812,1,0.020257575437426567
540,10.8,walk,0.5,0.0,0.0,0.364376962184906,3.063211441040039,-0.25924646854400635,0.43694648146629333,0.00379554508253932,-0.7661217752719673,-2.599860921476813,2,0,0,0.4320833683013916,-0.06500904262065887,0.4370521903038025,0.010340586304664612,0.00379554508253932,0.0,0.30522051453590393,0.27806392312049866,0.15374451875686646,0.02340567111968994,76.32501220703125,1,0.003393955063074827,0.3614870607852936,-0.20671693980693817,0.11533283442258835,0.0,0,1.0311719179153442,-0.30751144886016846,0.20329873263835907,0.10921391099691391,0.0,0,1.0071438550949097,-0.2232677936553955,-0.1493871957063675,0.02316439151763916,81.8807373046875,1,0.023640191182494164
541,10.82,walk,0.5,0.0,0.0,0.36474066972732544,3.071763038635254,-0.2605431079864502,0.43184489011764526,0.03459905833005905,-0.8657942455822875,-2.542120850111053,2,0,0,0.4266369640827179,-0.06686492264270782,0.43221572041511536,0.007874577306210995,-0.03459905833005905,0.0,0.30988839268684387,0.26998281478881836,0.15308697521686554,0.023399166762828827,77.8326187133789,1,0.012090207077562809,0.3735797703266144,-0.2103230357170105,0.12204940617084503,0.0,0,0.9602941274642944,-0.29452815651893616,0.20195680856704712,0.1136806532740593,0.0,0,0.9758792519569397,-0.23087410628795624,-0.15025681257247925,0.023120790719985962,83.11676025390625,1,0.0231197327375412
542,10.84,walk,0.5,0.0,0.0,0.36515554785728455,3.080261707305908,-0.26186487078666687,0.43081697821617126,0.055714551359415054,-0.9063240545086142,-2.5691927317732213,2,0,0,0.4253275394439697,-0.06855487823486328,0.4313817024230957,0.006479180417954922,-0.055714551359415054,0.0,0.31388628482818604,0.2614187002182007,0.15294146537780762,0.023363105952739716,77.96318054199219,1,0.008385106921195984,0.3827774226665497,-0.21288256347179413,0.12787804007530212,0.0,0,0.8041396141052246,-0.28440457582473755,0.1997278928756714,0.11626476794481277,0.0,0,0.8550615310668945,-0.2388639599084854,-0.15086251497268677,0.023076385259628296,83.54415130615234,1,0.02480948343873024
543,10.86,walk,0.5,0.0,0.0,0.3655973970890045,3.0887460708618164,-0.2631963789463043,0.43032461404800415,0.06208929419517517,-0.8950209452058893,-2.650477532425074,2,0,0,0.42479750514030457,-0.0687485784292221,0.43096041679382324,0.00672602653503418,-0.06208929419517517,0.0,0.3163883090019226,0.2525392472743988,0.1531563699245453,0.02335292100906372,78.15990447998047,1,0.016501575708389282,0.38894546031951904,-0.21488764882087708,0.13238213956356049,0.0,0,0.683006227016449,-0.2772439420223236,0.19741973280906677,0.1176518052816391,0.0,0,0.7430992126464844,-0.24712900817394257,-0.15120992064476013,0.02303200215101242,83.21826171875,1,0.02805526740849018
544,10.88,walk,0.5,0.0,0.0,0.3660522699356079,3.09723162651062,-0.26452818512916565,0.4304599463939667,0.0645679384469986,-0.8801285181334698,-2.7527948334089225,2,0,0,0.4249747395515442,-0.06849993020296097,0.43111756443977356,0.007541170343756676,-0.0645679384469986,0.0,0.3177919089794159,0.24355363845825195,0.15339036285877228,0.023324936628341675,78.20724487304688,1,0.017915641888976097,0.39312028884887695,-0.21639904379844666,0.13570576906204224,0.0,0,0.6073976159095764,-0.27243778109550476,0.19566744565963745,0.11836089938879013,0.0,0,0.6531791090965271,-0.25549811124801636,-0.15156756341457367,0.022985033690929413,82.5461654663086,1,0.03204738721251488
545,10.9,walk,0.5,0.0,0.0,0.36651989817619324,3.105738639831543,-0.2658666670322418,0.4319629669189453,0.06665881723165512,-0.8737420778160964,-2.8416299813014008,2,0,0,0.42642733454704285,-0.06893280893564224,0.43262040615081787,0.007923802360892296,-0.06665881723165512,0.0,0.31847575306892395,0.23463985323905945,0.15356387197971344,0.023295603692531586,78.23767852783203,1,0.01896195113658905,0.39609086513519287,-0.21731774508953094,0.1378069818019867,0.0,0,0.5547345280647278,-0.2691858112812042,0.19457250833511353,0.11853567510843277,0.0,0,0.5972949862480164,-0.26378679275512695,-0.1520012617111206,0.02293647825717926,81.57868957519531,1,0.036602094769477844
546,10.92,walk,0.5,0.0,0.0,0.3669971823692322,3.1142990589141846,-0.26723191142082214,0.4354262948036194,0.06864582002162933,-0.8694227302180038,-2.889771929336001,2,0,0,0.4296536147594452,-0.07066702097654343,0.4360587000846863,0.007355242036283016,-0.06864582002162933,0.0,0.31871268153190613,0.2259240299463272,0.1537279188632965,0.023265130817890167,78.57135009765625,1,0.019703667610883713,0.3982035517692566,-0.21768449246883392,0.13860458135604858,0.0,0,0.5114790201187134,-0.26658448576927185,0.1938803642988205,0.11827033758163452,0.0,0,0.579520583152771,-0.2718660831451416,-0.15246285498142242,0.02288353443145752,80.23312377929688,1,0.04178882762789726
547,10.94,walk,0.5,0.0,0.0,0.3674781024456024,3.122954845428467,-0.26865440607070923,0.441143274307251,0.07211460918188095,-0.8609050574361747,-2.884660173072481,2,0,0,0.4348645508289337,-0.07416345924139023,0.4417412579059601,0.00543893501162529,-0.07211460918188095,0.0,0.3186614513397217,0.2174365073442459,0.15394467115402222,0.023233041167259216,79.49884796142578,1,0.020406924188137054,0.39958786964416504,-0.21760815382003784,0.13814425468444824,0.0,0,0.47398021817207336,-0.26400184631347656,0.1933182179927826,0.11764001101255417,0.0,0,0.5853061079978943,-0.2797006368637085,-0.15289977192878723,0.022827163338661194,78.63301086425781,1,0.04726052284240723
548,10.96,walk,0.5,0.0,0.0,0.36795690655708313,3.1317458152770996,-0.2701718211174011,0.44923335313796997,0.07724164426326752,-0.8439153354017382,-2.826778802168266,2,0,0,0.4421064853668213,-0.07970239967107773,0.4497693181037903,0.001932636252604425,-0.07724164426326752,0.0,0.31843164563179016,0.209126278758049,0.15427370369434357,0.023199208080768585,80.18328857421875,1,0.02134554274380207,0.40028518438339233,-0.2171660214662552,0.13651762902736664,0.0,0,0.44014084339141846,-0.26123347878456116,0.19269442558288574,0.1166461855173111,0.0,0,0.5975880026817322,-0.28733086585998535,-0.15327009558677673,0.022766999900341034,76.22264862060547,1,0.05230359360575676
549,10.98,walk,0.5,0.0,0.0,0.36838722229003906,3.14070200920105,-0.27183088660240173,0.45920708775520325,0.07961198687553406,-0.829173279212765,-2.733392827297855,2,0,0,0.4507572650909424,-0.08768714219331741,0.45949527621269226,-0.0037047825753688812,-0.07961198687553406,0.0,0.3180672526359558,0.20085550844669342,0.1546802669763565,0.023164063692092896,80.76874542236328,1,0.022485606372356415,0.4002445340156555,-0.21646109223365784,0.13372869789600372,0.0,0,0.4091256260871887,-0.2584138512611389,0.19190679490566254,0.11519231647253036,0.0,0,0.6060220003128052,-0.294900506734848,-0.1535971462726593,0.022703297436237335,72.13746643066406,1,0.05560043081641197
550,11.0,walk,0.5,0.0,0.0,0.3687104284763336,3.1498472690582275,-0.2736794650554657,0.4705977141857147,0.0822242945432663,-0.8113307973882817,-2.615344106551586,2,0,0,0.46026402711868286,-0.098077692091465,0.4704500734806061,-0.011519432067871094,-0.0822242945432663,0.0,0.317657470703125,0.1925349235534668,0.1552310436964035,0.023125752806663513,81.66783142089844,1,0.02346147783100605,0.3994365930557251,-0.2154190093278885,0.12959572672843933,0.0,0,0.3799012005329132,-0.2558038830757141,0.19080568850040436,0.11303041130304337,0.0,0,0.6059584617614746,-0.30250704288482666,-0.1538034826517105,0.022637374699115753,68.97616577148438,1,0.05836337432265282
551,11.02,walk,0.5,0.0,0.0,0.36890023946762085,3.1591899394989014,-0.2757638990879059,0.48326271772384644,0.08377431333065033,-0.7767070210207533,-2.4707850737589703,2,0,0,0.47038906812667847,-0.11080144345760345,0.48246368765830994,-0.021465174853801727,-0.08377431333065033,0.0,0.3173348009586334,0.1841566562652588,0.15604543685913086,0.02308620512485504,82.8542709350586,1,0.02432231418788433,0.3977532684803009,-0.21385976672172546,0.1237776130437851,0.0,0,0.3438199460506439,-0.25350823998451233,0.18915662169456482,0.10987427085638046,0.0,0,0.6100674867630005,-0.3101605474948883,-0.15376554429531097,0.022567689418792725,66.20065307617188,1,0.060919225215911865
552,11.040000000000001,walk,0.5,0.0,0.0,0.3689497709274292,3.168745756149292,-0.2781307101249695,0.49735644459724426,0.08302938938140869,-0.7206679869234432,-2.2943815646216392,2,0,0,0.48117461800575256,-0.1258348971605301,0.49563390016555786,-0.0335061214864254,-0.08302938938140869,0.0,0.3172401785850525,0.1757371425628662,0.1571814864873886,0.02304338663816452,84.3101577758789,1,0.02517581358551979,0.39471983909606934,-0.2117026001214981,0.11558622121810913,0.0,0,0.2796100676059723,-0.2515673339366913,0.18670551478862762,0.10537558794021606,0.0,0,0.6227392554283142,-0.31785619258880615,-0.15340441465377808,0.022494636476039886,63.58049011230469,1,0.06313087791204453
553,11.06,walk,0.5,0.0,0.0,0.3688755929470062,3.1785290241241455,-0.28082939982414246,0.5131973028182983,0.08093150705099106,-0.6438031190773824,-2.0817812545344143,2,0,0,0.49275729060173035,-0.1433935910463333,0.5102064609527588,-0.047821950167417526,-0.08093150705099106,0.0,0.31753459572792053,0.1672871708869934,0.15866805613040924,0.0229993537068367,86.14775085449219,1,0.026148412376642227,0.3891685903072357,-0.20885567367076874,0.10373470187187195,0.0,0,0.16165848076343536,-0.2502477467060089,0.1831161081790924,0.09892538189888,0.0,0,0.6415802836418152,-0.32559412717819214,-0.1526675671339035,0.022418230772018433,61.024169921875,1,0.06493019312620163
554,11.08,walk,0.5,0.0,0.0,0.36873847246170044,3.1885571479797363,-0.2839190661907196,0.53138267993927,0.07898949086666107,-0.5508682034964568,-1.8324915161034079,2,0,0,0.5054079294204712,-0.16410471498966217,0.5266509652137756,-0.06496584415435791,-0.07898949086666107,0.0,0.3187730610370636,0.158791184425354,0.16051773726940155,0.022951819002628326,88.68279266357422,1,0.027467533946037292,0.3784042000770569,-0.2050085812807083,0.08573304861783981,0.0,0,0.22206932306289673,-0.2504991888999939,0.17778830230236053,0.08909425884485245,0.0,0,0.6701198816299438,-0.33339768648147583,-0.15151982009410858,0.022337928414344788,58.289825439453125,1,0.06624037027359009
555,11.1,walk,0.5,0.0,0.0,0.3686233460903168,3.1988489627838135,-0.2874630093574524,0.5525614619255066,0.08337152749300003,-0.4409616552102247,-1.550548884406392,2,0,0,0.5194808840751648,-0.18831831216812134,0.5453359484672546,-0.08521014451980591,-0.08337152749300003,0.0,0.32468611001968384,0.15019355714321136,0.16278941929340363,0.022901766002178192,90.2100601196289,1,0.029521429911255836,0.3558269143104553,-0.19899530708789825,0.056395284831523895,0.0,0,0.922257661819458,-0.25478532910346985,0.16902928054332733,0.07284975051879883,0.0,0,0.7816953659057617,-0.34131208062171936,-0.1499074250459671,0.022253669798374176,53.918724060058594,1,0.06607784330844879
556,11.120000000000001,walk,0.5,0.0,0.0,0.3682989478111267,3.2094109058380127,-0.2915102243423462,0.5689457654953003,0.140597864985466,-0.3264536938575196,-1.1893002859261235,3,0,0,0.528108537197113,-0.21166163682937622,0.5581115484237671,-0.10555218905210495,-0.140597864985466,0.0,0.33124658465385437,0.14164967834949493,0.16552598774433136,0.022879913449287415,78.43067932128906,1,0.03461585193872452,0.3168782591819763,-0.18759140372276306,0.022753536701202393,52.46900177001953,1,0.9093210101127625,-0.2677087187767029,0.15162856876850128,0.04530449956655502,0.0,0,1.3245850801467896,-0.34902969002723694,-0.14797984063625336,0.022171027958393097,42.15337371826172,1,0.062028829008340836
557,11.14,walk,0.5,0.0,0.0,0.36640578508377075,3.2192680835723877,-0.2952234745025635,0.5094882249832153,0.09356053173542023,0.6713256331422133,-1.1147885783316906,2,0,0,0.4766596853733063,-0.17992712557315826,0.5001506805419922,-0.08151455968618393,-0.09356053173542023,0.0,0.31104475259780884,0.18077129125595093,0.1784960925579071,0.031928129494190216,0.0,0,3.4339687824249268,0.3071080446243286,-0.17927569150924683,0.02337495982646942,82.46173095703125,1,0.011576032266020775,-0.2863411009311676,0.1436612755060196,0.022735990583896637,69.6712646484375,1,0.10292024910449982,-0.3415713608264923,-0.14786122739315033,0.02358555793762207,0.0,0,1.208383321762085
558,11.16,walk,0.5,0.0,0.0,0.3639252483844757,3.228466272354126,-0.2985706329345703,0.4844352602958679,0.03731371462345123,0.8716452631017554,-1.3529313413155304,2,0,0,0.4565550684928894,-0.16197220981121063,0.4766482710838318,-0.06726562231779099,-0.03731371462345123,0.0,0.2758263945579529,0.25623995065689087,0.18191082775592804,0.045326732099056244,0.0,0,4.570819854736328,0.2960579991340637,-0.17652280628681183,0.023420721292495728,79.09412384033203,1,0.00967693142592907,-0.29684874415397644,0.14603158831596375,0.022656910121440887,90.43511962890625,1,0.031200403347611427,-0.2920241951942444,-0.15838195383548737,0.04165361076593399,0.0,0,3.218003749847412
559,11.18,walk,0.5,0.0,0.0,0.3621102273464203,3.2376160621643066,-0.3016102612018585,0.4895697832107544,0.05809478089213371,1.2117183541642804,-1.2886618225466493,2,0,0,0.46701833605766296,-0.14687564969062805,0.4846113324165344,-0.050563979893922806,0.05809478089213371,0.0,0.29471054673194885,0.3343764841556549,0.178182452917099,0.06462655961513519,0.0,0,4.046114444732666,0.2868063747882843,-0.17356503009796143,0.023411758244037628,78.42418670654297,1,0.004049169365316629,-0.3052017092704773,0.14928750693798065,0.022603049874305725,87.4240493774414,1,0.037280213087797165,-0.23656566441059113,-0.16466698050498962,0.05276937782764435,0.0,0,3.135633945465088
560,11.200000000000001,walk,0.5,0.0,0.0,0.360636830329895,3.247363328933716,-0.30453285574913025,0.5286997556686401,0.02250208519399166,1.8605416089207694,-1.23695280821801,2,0,0,0.5079121589660645,-0.14679448306560516,0.5250798463821411,-0.04245845973491669,0.02250208519399166,0.0,0.3338504135608673,0.38519424200057983,0.17601248621940613,0.07597394287586212,0.0,0,2.3818864822387695,0.2769903242588043,-0.16905619204044342,0.023393645882606506,79.90178680419922,1,0.008416580967605114,-0.31407439708709717,0.15419554710388184,0.022534526884555817,89.16657257080078,1,0.040437184274196625,-0.18813277781009674,-0.15711718797683716,0.06134485453367233,0.0,0,2.6366422176361084
561,11.22,walk,0.5,0.0,0.0,0.3593529462814331,3.258035659790039,-0.3074559271335602,0.5716225504875183,0.0377763956785202,2.4049964782299957,-1.3872384210211524,2,0,0,0.551956057548523,-0.1486501544713974,0.568804919719696,-0.03540584444999695,-0.0377763956785202,0.0,0.3547329306602478,0.40180504322052,0.1777220219373703,0.07712045311927795,0.0,0,0.8784497976303101,0.2654343545436859,-0.1649743616580963,0.023339591920375824,83.93286895751953,1,0.0050798808224499226,-0.32512834668159485,0.15788684785366058,0.022456951439380646,89.73695373535156,1,0.04293156415224075,-0.1577715128660202,-0.1459430307149887,0.06595110893249512,0.0,0,1.789362907409668
562,11.24,walk,0.5,0.0,0.0,0.3584395945072174,3.269428253173828,-0.3102823793888092,0.5988156199455261,0.015602806583046913,2.518689886163324,-1.6982331556311117,2,0,0,0.5822891592979431,-0.13971208035945892,0.597112774848938,-0.021039946004748344,-0.015602806583046913,0.0,0.35465461015701294,0.3912941515445709,0.179265096783638,0.06444350630044937,0.0,0,0.21891789138317108,0.25243958830833435,-0.16358651220798492,0.023328907787799835,87.5369873046875,1,0.012451696209609509,-0.33776676654815674,0.15868127346038818,0.022375531494617462,84.84281921386719,1,0.04659901186823845,-0.14771035313606262,-0.13804468512535095,0.05855422466993332,0.0,0,0.9833648204803467
563,11.26,walk,0.5,0.0,0.0,0.35805872082710266,3.2811923027038574,-0.3128437101840973,0.6106130480766296,0.13028812408447266,2.0893213564912854,-2.061980322687136,2,0,0,0.5987898707389832,-0.11957836896181107,0.6099038124084473,0.00025083194486796856,0.13028812408447266,0.0,0.35562604665756226,0.3570380210876465,0.17396819591522217,0.03236879035830498,0.0,0,1.4077364206314087,0.23863616585731506,-0.16614845395088196,0.02329123765230179,91.4952163696289,1,0.016566477715969086,-0.3507070541381836,0.1566058248281479,0.022290796041488647,77.59483337402344,1,0.049008142203092575,-0.1535324603319168,-0.13347937166690826,0.03559289872646332,0.0,0,0.5481972694396973
564,11.28,walk,0.5,0.0,0.0,0.3584967851638794,3.292520523071289,-0.31523022055625916,0.5570368766784668,0.23255173861980438,0.9212329700845768,-2.279027085924039,4,0,0,0.5464599132537842,-0.10803544521331787,0.5594327449798584,-0.002563344780355692,0.23255173861980438,0.0,0.35156986117362976,0.33955517411231995,0.1649225503206253,0.023476257920265198,76.72367095947266,1,0.004229761194437742,0.22567826509475708,-0.17393574118614197,0.023252882063388824,67.99571228027344,1,0.020317841321229935,-0.3618975877761841,0.15135394036769867,0.022200964391231537,65.13394165039062,1,0.05447624996304512,-0.16627132892608643,-0.13795119524002075,0.02342253178358078,54.86490249633789,1,0.0082959970459342
565,11.3,walk,0.5,0.0,0.0,0.3594726622104645,3.3025245666503906,-0.3174471855163574,0.4865560829639435,0.03019213303923607,0.2633749225208949,-2.412223458702104,2,0,0,0.4755806028842926,-0.10276146978139877,0.48820260167121887,-0.010995360091328621,0.03019213303923607,0.0,0.3214658796787262,0.32905083894729614,0.16073690354824066,0.02343909442424774,81.22765350341797,1,0.01921527273952961,0.24760693311691284,-0.17723451554775238,0.04604282230138779,0.0,0,2.1598403453826904,-0.3564210832118988,0.15890082716941833,0.031209677457809448,0.0,0,1.1759907007217407,-0.17695340514183044,-0.14124159514904022,0.023372545838356018,85.69339752197266,1,0.005725299008190632
566,11.32,walk,0.5,0.0,0.0,0.359988808631897,3.3114917278289795,-0.3192347288131714,0.44555068016052246,0.049513619393110275,-0.22415656327606348,-2.718195016064342,2,0,0,0.43817463517189026,-0.08073662221431732,0.44654685258865356,0.0036757863126695156,0.049513619393110275,0.0,0.29897749423980713,0.3183744251728058,0.15777073800563812,0.02347499132156372,76.00135040283203,1,0.005660137627273798,0.2887181341648102,-0.18479329347610474,0.07640530169010162,0.0,0,2.5466246604919434,-0.33178359270095825,0.17583926022052765,0.05786722153425217,0.0,0,1.8183459043502808,-0.1874297708272934,-0.14397543668746948,0.02334059774875641,91.27841186523438,1,0.01072593592107296
567,11.34,walk,0.5,0.0,0.0,0.3606133460998535,3.320192575454712,-0.320750892162323,0.444210946559906,0.020075500011444092,-0.5664337243672398,-3.0250483081597466,2,0,0,0.4383099377155304,-0.07216466963291168,0.44553256034851074,0.012371627613902092,-0.020075500011444092,0.0,0.29996994137763977,0.30795523524284363,0.1555827409029007,0.023487985134124756,61.212982177734375,1,0.018009932711720467,0.31859904527664185,-0.1926795393228531,0.0948476493358612,0.0,0,1.6204768419265747,-0.32493117451667786,0.19360215961933136,0.07766120135784149,0.0,0,0.9065558314323425,-0.1975185126066208,-0.14614933729171753,0.023303233087062836,94.26119995117188,1,0.014184797182679176
568,11.36,walk,0.5,0.0,0.0,0.36120766401290894,3.3289849758148193,-0.32204872369766235,0.4460761547088623,0.024237873032689095,-0.6035320035658699,-3.1333063796176255,2,0,0,0.4415864646434784,-0.0631294921040535,0.4463947117328644,0.022033078595995903,-0.024237873032689095,0.0,0.30081072449684143,0.2985672056674957,0.15518073737621307,0.023487389087677002,53.23176574707031,1,0.02045602537691593,0.3340703845024109,-0.19785857200622559,0.10361270606517792,0.0,0,0.9900386929512024,-0.3257685601711273,0.2009594589471817,0.09001433104276657,0.0,0,0.36687353253364563,-0.20635834336280823,-0.1468542367219925,0.023273147642612457,89.54837036132812,1,0.0013650624314323068
569,11.38,walk,0.5,0.0,0.0,0.36157548427581787,3.337700605392456,-0.32317793369293213,0.43669506907463074,0.012191081419587135,-0.5078925998778837,-3.043872949842536,2,0,0,0.43319171667099,-0.05520426109433174,0.43580952286720276,0.028093282133340836,0.012191081419587135,0.0,0.3003585636615753,0.29051464796066284,0.15527476370334625,0.02345503866672516,62.73875427246094,1,0.006225958000868559,0.3447471857070923,-0.2026672512292862,0.10839060693979263,0.0,0,0.909408450126648,-0.32166045904159546,0.20346499979496002,0.09775874018669128,0.0,0,0.6729411482810974,-0.21397624909877777,-0.14683254063129425,0.02324105054140091,83.97157287597656,1,0.01576226018369198
570,11.4,walk,0.5,0.0,0.0,0.36180248856544495,3.3461787700653076,-0.3242107629776001,0.4231542944908142,0.001999565865844488,-0.5478013951982682,-2.92693221384569,2,0,0,0.4199959337711334,-0.05160399153828621,0.4220878481864929,0.02909051440656185,0.001999565865844488,0.0,0.3023214042186737,0.28290724754333496,0.15446411073207855,0.023429855704307556,75.12368774414062,1,0.0023774015717208385,0.3568458557128906,-0.20720578730106354,0.11378203332424164,0.0,0,1.0097215175628662,-0.3104146122932434,0.2041599005460739,0.10388841480016708,0.0,0,0.9559474587440491,-0.2211974561214447,-0.14761455357074738,0.023203566670417786,82.69620513916016,1,0.01997034251689911
571,11.42,walk,0.5,0.0,0.0,0.3620588481426239,3.354452133178711,-0.32522183656692505,0.4150948226451874,0.03291745483875275,-0.6936673953607365,-2.888274410360476,2,0,0,0.411832332611084,-0.05194085091352463,0.41441139578819275,0.027486607432365417,-0.03291745483875275,0.0,0.30635637044906616,0.2749989330768585,0.15317478775978088,0.023415274918079376,78.13065338134766,1,0.003626205027103424,0.36917486786842346,-0.2105441838502884,0.12011487782001495,0.0,0,0.9613670706748962,-0.29768919944763184,0.2031787931919098,0.10854943841695786,0.0,0,0.9607539772987366,-0.22860777378082275,-0.14910294115543365,0.02316286414861679,83.9145736694336,1,0.01923060044646263
572,11.44,walk,0.5,0.0,0.0,0.3623887896537781,3.362623453140259,-0.3262355625629425,0.41152170300483704,0.05352804809808731,-0.7918191880853768,-2.931124455892197,2,0,0,0.40814903378486633,-0.052578240633010864,0.41112786531448364,0.026635564863681793,-0.05352804809808731,0.0,0.3099682629108429,0.26667627692222595,0.15231256186962128,0.023408249020576477,77.74202728271484,1,0.012243210338056087,0.3788766860961914,-0.2127659022808075,0.1258401870727539,0.0,0,0.8071188926696777,-0.28729215264320374,0.20114032924175262,0.11139030009508133,0.0,0,0.8503945469856262,-0.23633131384849548,-0.15040145814418793,0.023122325539588928,84.55545806884766,1,0.02029070071876049
573,11.46,walk,0.5,0.0,0.0,0.36276307702064514,3.3707425594329834,-0.3272365629673004,0.4092245101928711,0.058366741985082626,-0.8279799704595696,-3.0289216657493783,2,0,0,0.4059591591358185,-0.05159320309758186,0.40889185667037964,0.027689503505825996,-0.058366741985082626,0.0,0.3122062385082245,0.2580934464931488,0.15185116231441498,0.023371383547782898,78.3008041381836,1,0.0065287328325212,0.3854159116744995,-0.21451811492443085,0.1303720325231552,0.0,0,0.6733760237693787,-0.27978596091270447,0.19894176721572876,0.11301374435424805,0.0,0,0.7348136305809021,-0.24429526925086975,-0.15139120817184448,0.023080974817276,84.31491088867188,1,0.02322213537991047
574,11.48,walk,0.5,0.0,0.0,0.36316877603530884,3.3788270950317383,-0.3282105624675751,0.40735694766044617,0.05908507481217384,-0.8468579729952502,-3.152716710021744,2,0,0,0.4042913615703583,-0.049881529062986374,0.4069860875606537,0.029545312747359276,-0.05908507481217384,0.0,0.31318527460098267,0.2494106888771057,0.1514619141817093,0.02335183322429657,78.38622283935547,1,0.007839909754693508,0.3897363543510437,-0.21590596437454224,0.13382793962955475,0.0,0,0.5893394351005554,-0.27486303448677063,0.19728070497512817,0.11391866952180862,0.0,0,0.6306356191635132,-0.2523590624332428,-0.15231917798519135,0.0230388343334198,83.76181030273438,1,0.02684994414448738
575,11.5,walk,0.5,0.0,0.0,0.36360904574394226,3.3868961334228516,-0.32915759086608887,0.4066013991832733,0.05858316645026207,-0.8665459932778119,-3.270487100559335,2,0,0,0.403704434633255,-0.048450421541929245,0.4061710238456726,0.03132383152842522,-0.05858316645026207,0.0,0.3133445084095001,0.24080407619476318,0.15102580189704895,0.023336678743362427,78.42308044433594,1,0.016233259811997414,0.3927023708820343,-0.21679671108722687,0.13617756962776184,0.0,0,0.5325234532356262,-0.27180635929107666,0.19631893932819366,0.1142754778265953,0.0,0,0.5605971813201904,-0.2603522539138794,-0.15328900516033173,0.022993899881839752,82.8931655883789,1,0.031105997040867805
576,11.52,walk,0.5,0.0,0.0,0.3640838861465454,3.394974946975708,-0.3300904929637909,0.4075731039047241,0.0579727441072464,-0.8862522629720623,-3.3555835736548776,2,0,0,0.4047406315803528,-0.047967225313186646,0.40710312128067017,0.032478369772434235,-0.0579727441072464,0.0,0.313004732131958,0.23240606486797333,0.15055453777313232,0.02331078052520752,78.68020629882812,1,0.016940904781222343,0.3947378993034363,-0.2171870619058609,0.13733437657356262,0.0,0,0.48810115456581116,-0.2696380317211151,0.19584278762340546,0.11421313136816025,0.0,0,0.5329378843307495,-0.2681472599506378,-0.15428905189037323,0.02294684201478958,81.6700210571289,1,0.03595944494009018
577,11.540000000000001,walk,0.5,0.0,0.0,0.3645893633365631,3.4030990600585938,-0.33103322982788086,0.41051244735717773,0.059309832751750946,-0.8995937568552128,-3.3932063900374234,2,0,0,0.4075870215892792,-0.04892134293913841,0.4100595712661743,0.032579537481069565,-0.059309832751750946,0.0,0.31233835220336914,0.22425971925258636,0.15010613203048706,0.023283250629901886,79.26719665527344,1,0.017534557729959488,0.3960595726966858,-0.21714353561401367,0.13737964630126953,0.0,0,0.4528043270111084,-0.26759952306747437,0.19556671380996704,0.11384221911430359,0.0,0,0.5329229235649109,-0.2756919264793396,-0.15527357161045074,0.02289598435163498,80.20243835449219,1,0.04112496227025986
578,11.56,walk,0.5,0.0,0.0,0.36511924862861633,3.4113121032714844,-0.33201566338539124,0.41564470529556274,0.06289814412593842,-0.8991281300528884,-3.38022369452911,2,0,0,0.41244280338287354,-0.05149226263165474,0.4152711033821106,0.0315125472843647,-0.06289814412593842,0.0,0.3114755153656006,0.21633607149124146,0.14975504577159882,0.023254722356796265,79.67452239990234,1,0.018211103975772858,0.39678940176963806,-0.21674174070358276,0.13647720217704773,0.0,0,0.42339441180229187,-0.2653643488883972,0.19529207050800323,0.11320814490318298,0.0,0,0.5430159568786621,-0.28300338983535767,-0.15619012713432312,0.022841699421405792,78.6137466430664,1,0.046338263899087906
579,11.58,walk,0.5,0.0,0.0,0.36565834283828735,3.419651985168457,-0.3330668807029724,0.42310845851898193,0.06767354160547256,-0.8727710703760438,-3.3156999646570573,2,0,0,0.4194442331790924,-0.05556347966194153,0.42283016443252563,0.029431911185383797,-0.06767354160547256,0.0,0.310506671667099,0.2085927426815033,0.14959900081157684,0.02322445809841156,80.28038787841797,1,0.0188593789935112,0.39699429273605347,-0.21603503823280334,0.13473473489284515,0.0,0,0.397488534450531,-0.2629406750202179,0.19492650032043457,0.11226800829172134,0.0,0,0.5508154630661011,-0.2901167571544647,-0.15695825219154358,0.022783353924751282,76.93599700927734,1,0.051490895450115204
580,11.6,walk,0.5,0.0,0.0,0.3661748468875885,3.4281599521636963,-0.3342175781726837,0.4325646758079529,0.0700535997748375,-0.8198241376211926,-3.2045909295509327,2,0,0,0.42820075154304504,-0.06128879263997078,0.4323214590549469,0.026097262278199196,-0.0700535997748375,0.0,0.30951443314552307,0.20095987617969513,0.14965881407260895,0.02319302409887314,81.02197265625,1,0.01963666081428528,0.3966779410839081,-0.2150716781616211,0.13211828470230103,0.0,0,0.37419426441192627,-0.26051631569862366,0.19440355896949768,0.11089746654033661,0.0,0,0.5523696541786194,-0.297102689743042,-0.15755167603492737,0.02272137999534607,73.12380981445312,1,0.05515342578291893
581,11.620000000000001,walk,0.5,0.0,0.0,0.3666009306907654,3.4368538856506348,-0.3355104625225067,0.4430902302265167,0.06957753747701645,-0.7603536805178915,-3.0693448596916295,2,0,0,0.4376506209373474,-0.06921625137329102,0.4427972435951233,0.020741522312164307,-0.06957753747701645,0.0,0.30856552720069885,0.19328591227531433,0.14983299374580383,0.023159421980381012,81.90962219238281,1,0.02050798386335373,0.39575380086898804,-0.21384204924106598,0.128397598862648,0.0,0,0.35422682762145996,-0.2583828270435333,0.19362716376781464,0.10886433720588684,0.0,0,0.5472463369369507,-0.3041277825832367,-0.15803536772727966,0.022656776010990143,69.20291900634766,1,0.05748714879155159
582,11.64,walk,0.5,0.0,0.0,0.36689749360084534,3.4457404613494873,-0.3369891345500946,0.45433178544044495,0.0692257210612297,-0.69196144889382,-2.9183731330420177,2,0,0,0.44735732674598694,-0.07930196821689606,0.45395341515541077,0.01334997545927763,-0.0692257210612297,0.0,0.30778414011001587,0.18550854921340942,0.1501704752445221,0.02312428504228592,83.07829284667969,1,0.02126784808933735,0.39410126209259033,-0.21211716532707214,0.1231624037027359,0.0,0,0.3315035402774811,-0.25668013095855713,0.19234409928321838,0.10587094724178314,0.0,0,0.5435380935668945,-0.3112584352493286,-0.15835128724575043,0.022589631378650665,66.1862564086914,1,0.0594259537756443
583,11.66,walk,0.5,0.0,0.0,0.36705446243286133,3.4548256397247314,-0.33869481086730957,0.4663759469985962,0.06728612631559372,-0.6062476974520375,-2.7472474391424027,2,0,0,0.4573199152946472,-0.09146042913198471,0.46583402156829834,0.004014680627733469,-0.06728612631559372,0.0,0.30725300312042236,0.17764411866664886,0.1507532149553299,0.023086681962013245,84.52434539794922,1,0.021939367055892944,0.3913300037384033,-0.20970933139324188,0.11581835150718689,0.0,0,0.2892872989177704,-0.25537362694740295,0.19025006890296936,0.10161196440458298,0.0,0,0.5522624254226685,-0.31848546862602234,-0.15840665996074677,0.022519908845424652,63.562400817871094,1,0.0611412487924099
584,11.68,walk,0.5,0.0,0.0,0.3670823276042938,3.464116096496582,-0.3406708836555481,0.4795251190662384,0.06409238278865814,-0.5006900053155466,-2.549993283459727,2,0,0,0.4677121043205261,-0.10578148066997528,0.4786890149116516,-0.007316115777939558,-0.06409238278865814,0.0,0.3070780038833618,0.16971896588802338,0.15162666141986847,0.02304764837026596,86.3070297241211,1,0.022646138444542885,0.3864825665950775,-0.2065284699201584,0.10530437529087067,0.0,0,0.2114322930574417,-0.2545953392982483,0.18705102801322937,0.09559742361307144,0.0,0,0.5701491832733154,-0.32579222321510315,-0.1581365466117859,0.022447116672992706,61.059349060058594,1,0.06254208832979202
585,11.700000000000001,walk,0.5,0.0,0.0,0.36702680587768555,3.473623275756836,-0.34296655654907227,0.49435555934906006,0.06165960058569908,-0.375399309697507,-2.3243942696083213,2,0,0,0.47887611389160156,-0.12273990362882614,0.49304211139678955,-0.021028265357017517,-0.06165960058569908,0.0,0.3076573312282562,0.16172967851161957,0.15282680094242096,0.023005716502666473,88.64877319335938,1,0.023586904630064964,0.37736615538597107,-0.20235830545425415,0.08953577280044556,0.0,0,0.2106238454580307,-0.2551005780696869,0.1822795271873474,0.08671356737613678,0.0,0,0.5945846438407898,-0.3331862986087799,-0.1574900597333908,0.022370733320713043,58.50278091430664,1,0.06364013254642487
586,11.72,walk,0.5,0.0,0.0,0.3669988512992859,3.4833643436431885,-0.3456483483314514,0.5118843913078308,0.0662955790758133,-0.24381283385115524,-2.0841914575377825,2,0,0,0.491324782371521,-0.14361613988876343,0.5097567439079285,-0.03824302926659584,-0.0662955790758133,0.0,0.31139838695526123,0.1535649299621582,0.15433269739151,0.02296125888824463,91.98696899414062,1,0.025511763989925385,0.35859328508377075,-0.19638192653656006,0.06419067084789276,0.0,0,0.7231544852256775,-0.25899049639701843,0.1745871752500534,0.07241739332675934,0.0,0,0.6788777112960815,-0.340766042470932,-0.15650105476379395,0.022290632128715515,55.06966781616211,1,0.06399231404066086
587,11.74,walk,0.5,0.0,0.0,0.3669883906841278,3.493346691131592,-0.34877926111221313,0.5314410328865051,0.09971057623624802,-0.08306456518863654,-1.845936743484578,3,0,0,0.5041713714599609,-0.16804999113082886,0.5272419452667236,-0.058737561106681824,-0.09971057623624802,0.0,0.3280847370624542,0.14506332576274872,0.15636864304542542,0.022943109273910522,87.44570922851562,1,0.028728751465678215,0.3176782429218292,-0.1852411925792694,0.023538701236248016,34.50308609008789,1,1.07402503490448,-0.2705424129962921,0.16022756695747375,0.04812551289796829,0.0,0,1.099513053894043,-0.3486224114894867,-0.15504589676856995,0.022210724651813507,46.30421447753906,1,0.06104884296655655
588,11.76,walk,0.5,0.0,0.0,0.3656889498233795,3.502767562866211,-0.35162365436553955,0.4772365093231201,0.04349447786808014,0.7346633113370638,-1.7896093473382464,3,0,0,0.45789772272109985,-0.1344781517982483,0.4727911949157715,-0.03363453224301338,-0.04349447786808014,0.0,0.32162806391716003,0.17756496369838715,0.1678466498851776,0.027104556560516357,0.0,0,3.060147762298584,0.30844762921333313,-0.17910286784172058,0.023364059627056122,77.9383773803711,1,0.0009841969003900886,-0.2881651222705841,0.1482362300157547,0.022799670696258545,81.5267562866211,1,0.056881725788116455,-0.35199204087257385,-0.15265583992004395,0.022195331752300262,10.399048805236816,1,0.37909963726997375
589,11.78,walk,0.5,0.0,0.0,0.3635936379432678,3.5115678310394287,-0.3540683686733246,0.45040351152420044,0.03889918699860573,1.0832543419856824,-1.962010258900244,2,0,0,0.4349689185619354,-0.11689897626638412,0.44616368412971497,-0.020536299794912338,-0.03889918699860573,0.0,0.28392109274864197,0.2521003782749176,0.17534558475017548,0.04489874094724655,0.0,0,4.4720988273620605,0.2982923090457916,-0.17647989094257355,0.023416295647621155,76.3535385131836,1,0.01325327530503273,-0.2976551353931427,0.15072108805179596,0.022684596478939056,91.63782501220703,1,0.029770314693450928,-0.30954301357269287,-0.15704414248466492,0.03920305520296097,0.0,0,2.8862500190734863
590,11.8,walk,0.5,0.0,0.0,0.3620516359806061,3.5202958583831787,-0.35624828934669495,0.458644300699234,0.04082471504807472,1.3460515265523294,-1.851626077619787,2,0,0,0.4465196430683136,-0.10476071387529373,0.4558350741863251,-0.00649603083729744,0.04082471504807472,0.0,0.2990685701370239,0.3281410336494446,0.1776360273361206,0.06399724632501602,0.0,0,3.882007360458374,0.2899278700351715,-0.17476439476013184,0.02341408282518387,75.2173843383789,1,0.012817376293241978,-0.3052166700363159,0.15261691808700562,0.022634804248809814,86.76162719726562,1,0.03541702777147293,-0.25391140580177307,-0.16366061568260193,0.04928973317146301,0.0,0,3.191901445388794
591,11.82,walk,0.5,0.0,0.0,0.3608211576938629,3.5296201705932617,-0.35834965109825134,0.4972248077392578,0.032706402242183685,1.9313864654262571,-1.782440636917495,2,0,0,0.4857810437679291,-0.10606265068054199,0.49511122703552246,0.0002896948717534542,0.032706402242183685,0.0,0.33406585454940796,0.37848034501075745,0.17829637229442596,0.07679086923599243,0.0,0,2.3452842235565186,0.2807975113391876,-0.17143356800079346,0.023388773202896118,77.66193389892578,1,0.009899646043777466,-0.31345123052597046,0.15632322430610657,0.02257150411605835,89.36137390136719,1,0.037720829248428345,-0.2017795741558075,-0.1575240045785904,0.05749776214361191,0.0,0,2.8122942447662354
592,11.84,walk,0.5,0.0,0.0,0.3597761392593384,3.539825677871704,-0.36050882935523987,0.540169894695282,0.006013978738337755,2.5149471559415684,-1.932105342836401,2,0,0,0.5286300182342529,-0.1110578328371048,0.538353681564331,0.004321345593780279,-0.006013978738337755,0.0,0.3562101721763611,0.3968856930732727,0.18139365315437317,0.07919394969940186,0.0,0,0.9655358195304871,0.2697596848011017,-0.1679970920085907,0.02333318442106247,81.20111846923828,1,0.005551049951463938,-0.32385507225990295,0.1596241444349289,0.022500023245811462,90.45174407958984,1,0.03960137069225311,-0.16648148000240326,-0.1461019665002823,0.06345124542713165,0.0,0,2.0040462017059326
593,11.86,walk,0.5,0.0,0.0,0.35904502868652344,3.5507724285125732,-0.3626440465450287,0.5705452561378479,0.009320545010268688,2.786561581118173,-2.2596652071743453,2,0,0,0.5605555772781372,-0.10629840940237045,0.5690081119537354,0.01509577315300703,0.009320545010268688,0.0,0.3584820032119751,0.3900429904460907,0.18408460915088654,0.0700027346611023,0.0,0,0.042051952332258224,0.2571270763874054,-0.16650259494781494,0.023318752646446228,84.76620483398438,1,0.013213414698839188,-0.3359631896018982,0.16080757975578308,0.022424638271331787,87.1242904663086,1,0.04316043108701706,-0.1520397961139679,-0.13675640523433685,0.05960044637322426,0.0,0,1.1544681787490845
594,11.88,walk,0.5,0.0,0.0,0.35869449377059937,3.562171220779419,-0.3646340072154999,0.588715672492981,0.1087886244058609,2.5460684860079086,-2.6181438437810565,2,0,0,0.5810929536819458,-0.09443046897649765,0.5869963765144348,0.029772097244858742,0.1087886244058609,0.0,0.35705000162124634,0.3621334135532379,0.18117035925388336,0.043682001531124115,0.0,0,1.0354485511779785,0.2437991350889206,-0.1685783863067627,0.0232803076505661,83.44705963134766,1,0.015012544579803944,-0.34843581914901733,0.15920208394527435,0.022344261407852173,80.57466125488281,1,0.046399783343076706,-0.15415367484092712,-0.13076159358024597,0.04135769605636597,0.0,0,0.6490010023117065
595,11.9,walk,0.5,0.0,0.0,0.35855358839035034,3.5735719203948975,-0.36649054288864136,0.5701519846916199,0.2584162950515747,1.7247314081247052,-2.801324821565744,4,0,0,0.5639756917953491,-0.08369413018226624,0.5690334439277649,0.03368639573454857,0.2584162950515747,0.0,0.3580790162086487,0.3358355462551117,0.1729445457458496,0.023438677191734314,57.44839859008789,1,0.032208167016506195,0.2310514599084854,-0.1749444603919983,0.023239940404891968,73.48835754394531,1,0.016296671703457832,-0.3594736158847809,0.15517792105674744,0.02226032316684723,72.8233642578125,1,0.049257975071668625,-0.165122851729393,-0.13113582134246826,0.023482665419578552,44.036930084228516,1,0.03418227285146713
596,11.92,walk,0.5,0.0,0.0,0.35915136337280273,3.5839731693267822,-0.3683217167854309,0.5021108984947205,0.004141661804169416,1.0365231481798072,-2.7241291697926138,3,0,0,0.49424025416374207,-0.08855468034744263,0.5033714175224304,0.013223856687545776,-0.004141661804169416,0.0,0.338674932718277,0.3261086344718933,0.16805322468280792,0.02340485155582428,87.57575225830078,1,0.03913459554314613,0.24042581021785736,-0.1763838827610016,0.03305770456790924,0.0,0,1.347672700881958,-0.3684656023979187,0.15178443491458893,0.022165663540363312,6.394134998321533,1,0.07384892553091049,-0.17480851709842682,-0.13520634174346924,0.02341143786907196,82.9430923461914,1,0.0239721667021513
597,11.94,walk,0.5,0.0,0.0,0.35942843556404114,3.5930354595184326,-0.3699844777584076,0.4387456178665161,0.08512649685144424,0.6616530180604174,-2.7765086098769722,2,0,0,0.43203863501548767,-0.0764220803976059,0.43880948424339294,0.012709641829133034,0.08512649685144424,0.0,0.3032107949256897,0.3168278932571411,0.16545990109443665,0.023428909480571747,85.46101379394531,1,0.028839854523539543,0.2788298726081848,-0.1767585724592209,0.06345279514789581,0.0,0,2.5202560424804688,-0.34465110301971436,0.16140791773796082,0.03995195031166077,0.0,0,1.8643802404403687,-0.18385401368141174,-0.13749763369560242,0.023384906351566315,84.3359146118164,1,0.018167976289987564
598,11.96,walk,0.5,0.0,0.0,0.3596600294113159,3.601378917694092,-0.3713756501674652,0.4197566509246826,0.06409196555614471,0.039782703625003725,-3.038214565002004,2,0,0,0.4150632619857788,-0.06259508430957794,0.4196777939796448,0.022394010797142982,0.06409196555614471,0.0,0.29603543877601624,0.30719777941703796,0.1610899418592453,0.023478426039218903,76.0628662109375,1,0.01135368924587965,0.31377938389778137,-0.18561892211437225,0.08655156195163727,0.0,0,1.9436283111572266,-0.3235355615615845,0.18039628863334656,0.06142893433570862,0.0,0,1.6039385795593262,-0.1935063749551773,-0.14123818278312683,0.023358792066574097,91.71598052978516,1,0.010659029707312584
599,11.98,walk,0.5,0.0,0.0,0.3599867522716522,3.609691619873047,-0.3725849390029907,0.422644704580307,0.024830790236592293,-0.32378687851259985,-3.2940499725354093,2,0,0,0.4186483323574066,-0.05798375979065895,0.42234930396080017,0.02775135263800621,-0.024830790236592293,0.0,0.2963654398918152,0.29750895500183105,0.15847337245941162,0.02347782999277115,60.219913482666016,1,0.01736210286617279,0.33338895440101624,-0.19282984733581543,0.10093119740486145,0.0,0,1.1267001628875732,-0.31889083981513977,0.19408829510211945,0.07725425809621811,0.0,0,0.6883564591407776,-0.2028544396162033,-0.14383569359779358,0.023327253758907318,91.58747100830078,1,0.015718236565589905
600,12.0,walk,0.5,0.0,0.0,0.36022844910621643,3.618025302886963,-0.37361493706703186,0.4191536009311676,0.015647148713469505,-0.31470891677541823,-3.3691957137838897,2,0,0,0.4161524474620819,-0.05006876215338707,0.41753822565078735,0.03513028845191002,-0.015647148713469505,0.0,0.2950536012649536,0.28882282972335815,0.15804092586040497,0.02346441149711609,58.50400161743164,1,0.011759699322283268,0.3429088890552521,-0.1986539214849472,0.10806477814912796,0.0,0,0.7850642800331116,-0.31865301728248596,0.2002405822277069,0.08771961182355881,0.0,0,0.4398764669895172,-0.2110317200422287,-0.14450757205486298,0.02329162508249283,86.6754379272461,1,0.02289660833775997
601,12.02,stop,0.0,0.0,0.0,0.36073070764541626,3.6260313987731934,-0.3746623992919922,0.3926504850387573,0.0425407849252224,-0.2782846385096509,-3.294428621147522,2,0,0,0.38907113671302795,-0.05289658531546593,0.39299583435058594,0.02676897495985031,0.0425407849252224,0.0,0.28496426343917847,0.2815547287464142,0.1575462371110916,0.02336057275533676,81.9585189819336,1,0.04541214182972908,0.33690741658210754,-0.20067080855369568,0.10316319018602371,0.0,0,0.23039808869361877,-0.32120776176452637,0.2009892463684082,0.088100366294384,0.0,0,0.32169926166534424,-0.2181532084941864,-0.14474591612815857,0.0232517272233963,74.68145751953125,1,0.024836545810103416
602,12.040000000000001,stop,0.0,0.0,0.0,0.3614712953567505,3.6331348419189453,-0.3758551776409149,0.33983293175697327,0.031727135181427,-0.5563834745295363,-3.1787830597720395,2,0,0,0.33437204360961914,-0.060677528381347656,0.3412294089794159,0.008010000921785831,0.031727135181427,0.0,0.2697966396808624,0.2753921151161194,0.15539218485355377,0.023387961089611053,91.21013641357422,1,0.01104780938476324,0.3225857615470886,-0.19715556502342224,0.09105168282985687,0.0,0,0.5418119430541992,-0.3199950158596039,0.19656819105148315,0.0834280326962471,0.0,0,0.5612057447433472,-0.22424404323101044,-0.14644628763198853,0.023214489221572876,59.2313117980957,1,0.02260175347328186
603,12.06,stop,0.0,0.0,0.0,0.3621479570865631,3.639113664627075,-0.3772110641002655,0.288042813539505,0.024454308673739433,-1.0763449653099797,-3.0424454403060035,2,0,0,0.27935829758644104,-0.07019688934087753,0.28880420327186584,-0.012214292772114277,-0.024454308673739433,0.0,0.2604282796382904,0.2703052759170532,0.15235917270183563,0.02333342283964157,91.2543716430664,1,0.034824103116989136,0.3100602626800537,-0.19151446223258972,0.07516056299209595,0.0,0,0.5387468338012695,-0.31317856907844543,0.1904831975698471,0.0770675539970398,0.0,0,0.7656197547912598,-0.2290886491537094,-0.1493607461452484,0.023182548582553864,58.35207748413086,1,0.01878208853304386
604,12.08,stop,0.0,0.0,0.0,0.36238887906074524,3.6442089080810547,-0.37873050570487976,0.25301891565322876,0.06646523624658585,-1.6552709455866141,-2.89105685867361,2,0,0,0.24049276113510132,-0.0786244198679924,0.2511141896247864,-0.028534527868032455,-0.06646523624658585,0.0,0.25255098938941956,0.26594963669776917,0.14956648647785187,0.02334199845790863,84.4673843383789,1,0.03302096575498581,0.2996622622013092,-0.1864420771598816,0.06251257658004761,0.0,0,0.4230017066001892,-0.3031214773654938,0.1842842400074005,0.07252638787031174,0.0,0,0.7552188634872437,-0.23294377326965332,-0.15250025689601898,0.023149847984313965,61.942588806152344,1,0.009236832149326801
605,12.1,stop,0.0,0.0,0.0,0.362058162689209,3.648655414581299,-0.3803901672363281,0.22737732529640198,0.09903928637504578,-2.0999354704614848,-2.701402782546454,2,0,0,0.21047496795654297,-0.08602754771709442,0.22197863459587097,-0.04252736270427704,-0.09903928637504578,0.0,0.24397137761116028,0.2622862756252289,0.14802049100399017,0.023334413766860962,80.82978057861328,1,0.03636927157640457,0.2896484434604645,-0.18382759392261505,0.053205154836177826,0.0,0,0.3443782925605774,-0.2956647276878357,0.1803070455789566,0.06922625750303268,0.0,0,0.5193303823471069,-0.23593924939632416,-0.15475067496299744,0.023130744695663452,65.61311340332031,1,0.00809304229915142
606,12.120000000000001,stop,0.0,0.0,0.0,0.3612241744995117,3.652559518814087,-0.38217511773109436,0.2063140571117401,0.1169428899884224,-2.386742797673137,-2.4649958481071494,2,0,0,0.1842147409915924,-0.09290006011724472,0.19695058465003967,-0.055292170494794846,-0.1169428899884224,0.0,0.23512022197246552,0.2592891752719879,0.14777542650699615,0.02332986891269684,80.73548889160156,1,0.04196977987885475,0.27900007367134094,-0.18326741456985474,0.0451124906539917,0.0,0,0.40969040989875793,-0.29321998357772827,0.17845018208026886,0.06597832590341568,0.0,0,0.24337270855903625,-0.23815862834453583,-0.1559576541185379,0.023117579519748688,67.23612213134766,1,0.009854325093328953
607,12.14,stop,0.0,0.0,0.0,0.3599856495857239,3.655954360961914,-0.38410472869873047,0.1882448047399521,0.12549974024295807,-2.6044138828888617,-2.2024800886786484,2,0,0,0.15891888737678528,-0.10090042650699615,0.17356711626052856,-0.06895892322063446,-0.12549974024295807,0.0,0.2275601625442505,0.2568327486515045,0.1482471376657486,0.023333974182605743,81.08844757080078,1,0.04443115368485451,0.2667333781719208,-0.1831633746623993,0.03594669699668884,0.0,0,0.5261561274528503,-0.29521453380584717,0.17740017175674438,0.061597347259521484,0.0,0,0.07395852357149124,-0.23978638648986816,-0.1565743237733841,0.02310236543416977,65.2988052368164,1,0.010015660896897316
608,12.16,stop,0.0,0.0,0.0,0.35836130380630493,3.65883469581604,-0.3862188160419464,0.1735858917236328,0.13503332436084747,-2.8623269485904204,-1.942247746867047,2,0,0,0.13335074484348297,-0.11112893372774124,0.15059500932693481,-0.0852029100060463,-0.13503332436084747,0.0,0.22398987412452698,0.25475531816482544,0.1487903743982315,0.02333424985408783,80.91871643066406,1,0.04228965565562248,0.25150519609451294,-0.18204030394554138,0.023390769958496094,0.12469333410263062,0,0.698893129825592,-0.2992859184741974,0.1749963015317917,0.055072084069252014,0.0,0,0.15277904272079468,-0.24100638926029205,-0.15717794001102448,0.02309545874595642,60.812747955322266,1,0.010494641028344631
609,12.18,stop,0.0,0.0,0.0,0.35649293661117554,3.6611275672912598,-0.38843077421188354,0.15210871398448944,0.14233091473579407,-2.968200216810907,-1.8077406180985742,3,0,0,0.10238254070281982,-0.11249389499425888,0.12120799720287323,-0.09270230680704117,-0.14233091473579407,0.0,0.21594937145709991,0.2524251937866211,0.15050016343593597,0.023348107933998108,76.07695007324219,1,0.035852063447237015,0.249540776014328,-0.1801890879869461,0.023426100611686707,32.536170959472656,1,0.014320329762995243,-0.3031662702560425,0.17037488520145416,0.045088186860084534,0.0,0,0.33641383051872253,-0.24245509505271912,-0.1567385345697403,0.023093782365322113,56.000823974609375,1,0.008777827955782413
610,12.200000000000001,stop,0.0,0.0,0.0,0.3549521863460541,3.662864923477173,-0.39034542441368103,0.11939588934183121,0.11278590559959412,-2.805488675638513,-2.0169454703946568,3,0,0,0.07808024436235428,-0.09032636880874634,0.09347794204950333,-0.07448693364858627,-0.11278590559959412,0.0,0.21541360020637512,0.24882937967777252,0.15345610678195953,0.02334916591644287,58.910369873046875,1,0.026962798088788986,0.24653352797031403,-0.17727988958358765,0.023432858288288116,54.61186599731445,1,0.00815478153526783,-0.306491494178772,0.15780678391456604,0.028266578912734985,0.0,0,0.9520180225372314,-0.24542337656021118,-0.15479111671447754,0.023095525801181793,54.06123352050781,1,0.005161808803677559
611,12.22,stop,0.0,0.0,0.0,0.3532853424549103,3.6643002033233643,-0.3916259706020355,0.08720040321350098,0.026781536638736725,-2.4192280311393635,-2.49393898815849,4,0,0,0.0697624459862709,-0.05231741443276405,0.07635020464658737,-0.03894095867872238,-0.026781536638736725,0.0,0.2097289264202118,0.2442687749862671,0.15694713592529297,0.02337723970413208,28.826644897460938,1,0.007967548444867134,0.24231410026550293,-0.17390327155590057,0.023426786065101624,62.898773193359375,1,0.010075051337480545,-0.3107692301273346,0.15561844408512115,0.022607900202274323,37.640995025634766,1,0.006806946359574795,-0.24965637922286987,-0.15184271335601807,0.023103460669517517,51.9003791809082,1,0.014919082634150982
612,12.24,stop,0.0,0.0,0.0,0.3514385223388672,3.6656837463378906,-0.39229056239128113,0.07305444031953812,0.02461385540664196,-2.7051393229092744,-2.7025461989021964,4,0,0,0.06964797526597977,-0.02204791270196438,0.06814996153116226,-0.01100002322345972,-0.02461385540664196,0.0,0.20054832100868225,0.24156554043293,0.15535929799079895,0.02338779717683792,9.064560890197754,1,0.004932785872370005,0.23969189822673798,-0.17502447962760925,0.02343420684337616,60.03870391845703,1,0.012330543249845505,-0.313449889421463,0.1542496234178543,0.022609658539295197,38.891422271728516,1,0.0051257191225886345,-0.2521990239620209,-0.1531130075454712,0.023111380636692047,39.476470947265625,1,0.011293689720332623
613,12.26,stop,0.0,0.0,0.0,0.34924280643463135,3.6670877933502197,-0.3924482762813568,0.06972980499267578,0.036036472767591476,-2.9628378779822127,-2.689968405545618,4,0,0,0.06972427666187286,0.0008777992334216833,0.062361907213926315,0.010029575787484646,-0.036036472767591476,0.0,0.18995054066181183,0.23993521928787231,0.15370729565620422,0.02339671552181244,9.514827728271484,1,0.0074999225325882435,0.23843041062355042,-0.1763148009777069,0.02344362437725067,69.42586517333984,1,0.016200518235564232,-0.3148212134838104,0.15250660479068756,0.022608891129493713,43.09334945678711,1,0.005706763360649347,-0.25335440039634705,-0.15472476184368134,0.02311650663614273,30.96977996826172,1,0.013715621083974838
614,12.280000000000001,stop,0.0,0.0,0.0,0.3468901813030243,3.668483257293701,-0.3921878933906555,0.07113838195800781,0.05578293278813362,-3.0393626771128006,-2.6053474843710376,4,0,0,0.06853100657463074,0.019083239138126373,0.05719994008541107,0.02725851908326149,-0.05578293278813362,0.0,0.17898933589458466,0.23886102437973022,0.15310071408748627,0.023404397070407867,16.227262496948242,1,0.011356390081346035,0.2377074807882309,-0.1768641322851181,0.02345467358827591,72.7245864868164,1,0.016461292281746864,-0.31574395298957825,0.15134531259536743,0.022609367966651917,46.988441467285156,1,0.008829002268612385,-0.2539719045162201,-0.15578651428222656,0.02311883121728897,27.75419044494629,1,0.015344353392720222
615,12.3,stop,0.0,0.0,0.0,0.34456297755241394,3.6698431968688965,-0.3916040360927582,0.0739312544465065,0.07989758253097534,-3.0284723673680385,-2.5258976567283913,4,0,0,0.06631825119256973,0.032675981521606445,0.052316755056381226,0.0403326079249382,-0.07989758253097534,0.0,0.16841423511505127,0.23778143525123596,0.1528140902519226,0.02341485023498535,22.993383407592773,1,0.012743725441396236,0.23712469637393951,-0.17711827158927917,0.02346695214509964,69.96002197265625,1,0.014754722826182842,-0.31667372584342957,0.15027889609336853,0.022612273693084717,48.04822540283203,1,0.00481021124869585,-0.2544672191143036,-0.15675035119056702,0.023121751844882965,28.065744400024414,1,0.015397725626826286
616,12.32,stop,0.0,0.0,0.0,0.34232619404792786,3.671147108078003,-0.39078664779663086,0.07593462616205215,0.09775799512863159,-2.9923871973223917,-2.476875468064506,4,0,0,0.06307624280452728,0.04227830842137337,0.04726804420351982,0.04943641647696495,-0.09775799512863159,0.0,0.1586480587720871,0.23657922446727753,0.15254639089107513,0.023425251245498657,28.80997085571289,1,0.013462861999869347,0.23654389381408691,-0.17736148834228516,0.02347731590270996,64.9814224243164,1,0.012574824504554272,-0.3177284598350525,0.14903543889522552,0.022614337503910065,46.063961029052734,1,0.008602854795753956,-0.2549746036529541,-0.15787340700626373,0.023122474551200867,29.413715362548828,1,0.004748161416500807
617,12.34,stop,0.0,0.0,0.0,0.3401603400707245,3.67238187789917,-0.38981565833091736,0.07681237161159515,0.10404875129461288,-2.942299072261161,-2.4612294256667107,4,0,0,0.05966741591691971,0.048372916877269745,0.04263889044523239,0.05498458445072174,-0.10404875129461288,0.0,0.1496872901916504,0.23526492714881897,0.15226209163665771,0.023434646427631378,32.780860900878906,1,0.014380325563251972,0.23591755330562592,-0.17762504518032074,0.023486576974391937,59.722755432128906,1,0.010496771894395351,-0.31890353560447693,0.14768636226654053,0.02261827141046524,44.479736328125,1,0.007015522103756666,-0.25553977489471436,-0.15908652544021606,0.02312494069337845,30.42737579345703,1,0.010811916552484035
618,12.36,stop,0.0,0.0,0.0,0.3380163013935089,3.6735477447509766,-0.38875484466552734,0.07650051265954971,0.10274765640497208,-2.8769343753475507,-2.4685962115733924,4,0,0,0.05635611712932587,0.05173313245177269,0.03853805735707283,0.057754795998334885,-0.10274765640497208,0.0,0.1413961946964264,0.23391063511371613,0.1519884467124939,0.02344445139169693,35.39045333862305,1,0.015441111288964748,0.2352612316608429,-0.17788159847259521,0.023494891822338104,55.455440521240234,1,0.009076973423361778,-0.3201224207878113,0.14634844660758972,0.022622808814048767,43.56271743774414,1,0.005721502471715212,-0.25614041090011597,-0.1602950543165207,0.02312760055065155,31.085485458374023,1,0.010354011319577694
619,12.38,stop,0.0,0.0,0.0,0.3358612060546875,3.6746509075164795,-0.3876515328884125,0.07523173838853836,0.0987071543931961,-2.7908774068999747,-2.4843434261482686,4,0,0,0.05325327068567276,0.05314040929079056,0.035004276782274246,0.058621007949113846,-0.0987071543931961,0.0,0.13369683921337128,0.2325982302427292,0.15178129076957703,0.023454301059246063,37.232608795166016,1,0.01648585870862007,0.23462560772895813,-0.17807650566101074,0.02350277453660965,52.53338623046875,1,0.008266394026577473,-0.3212973475456238,0.14511318504810333,0.02262696623802185,42.700965881347656,1,0.005220238119363785,-0.2567233741283417,-0.1614101678133011,0.02313069999217987,31.568851470947266,1,0.010363705456256866
620,12.4,stop,0.0,0.0,0.0,0.3336917459964752,3.6756930351257324,-0.38653919100761414,0.07308296859264374,0.09490144997835159,-2.6827220017230577,-2.4987664377978085,4,0,0,0.05028904974460602,0.053029537200927734,0.031971000134944916,0.05808160826563835,-0.09490144997835159,0.0,0.12661446630954742,0.2313709259033203,0.1516723781824112,0.023465000092983246,39.03657913208008,1,0.017511675134301186,0.23404757678508759,-0.1781758815050125,0.02351289987564087,50.635684967041016,1,0.007666436489671469,-0.32239043712615967,0.1440276801586151,0.022633112967014313,43.56523513793945,1,0.007151365280151367,-0.2572473883628845,-0.16239121556282043,0.023134715855121613,31.917922973632812,1,0.011394262313842773
621,12.42,stop,0.0,0.0,0.0,0.33153098821640015,3.6766769886016846,-0.3854449391365051,0.07009612023830414,0.0913640484213829,-2.556492208454994,-2.508515679064355,4,0,0,0.04730954393744469,0.051723044365644455,0.029290607199072838,0.05647420138120651,-0.0913640484213829,0.0,0.12027204781770706,0.23023945093154907,0.1516626626253128,0.023476161062717438,40.94950485229492,1,0.01841597445309162,0.23353862762451172,-0.17817723751068115,0.023519366979599,49.296260833740234,1,0.00720564741641283,-0.3233799934387207,0.14307186007499695,0.022637732326984406,43.056251525878906,1,0.004356757737696171,-0.2577022612094879,-0.1632431298494339,0.023138441145420074,32.294429779052734,1,0.01059792935848236
622,12.44,stop,0.0,0.0,0.0,0.3294142484664917,3.6776015758514404,-0.3843897879123688,0.0664837434887886,0.08683064579963684,-2.4169806854590177,-2.5153960274360854,4,0,0,0.04439324140548706,0.04949069023132324,0.026990476995706558,0.05407022684812546,-0.08683064579963684,0.0,0.11480258405208588,0.22919294238090515,0.1517401784658432,0.023486405611038208,42.79103088378906,1,0.01923150010406971,0.23308414220809937,-0.17809191346168518,0.023524895310401917,48.29123306274414,1,0.006596344988793135,-0.3242861032485962,0.14224693179130554,0.022642754018306732,43.03242874145508,1,0.004375628661364317,-0.25810307264328003,-0.1639692783355713,0.02314191311597824,32.71131896972656,1,0.010334107093513012
623,12.46,stop,0.0,0.0,0.0,0.32737696170806885,3.678468704223633,-0.38338911533355713,0.062499769032001495,0.08175357431173325,-2.2714541136817874,-2.5214706269291653,4,0,0,0.04161272943019867,0.04663262888789177,0.02506498619914055,0.05114530026912689,-0.08175357431173325,0.0,0.11029317229986191,0.22821801900863647,0.1518736332654953,0.02349560707807541,44.327335357666016,1,0.019456859678030014,0.2326670140028,-0.17794692516326904,0.023531973361968994,47.03300857543945,1,0.007817179895937443,-0.32512620091438293,0.14153030514717102,0.022647269070148468,42.95233917236328,1,0.004659832455217838,-0.2584688067436218,-0.16459771990776062,0.023146919906139374,33.16423034667969,1,0.006438071373850107
624,12.48,stop,0.0,0.0,0.0,0.3254438638687134,3.6792845726013184,-0.3824543058872223,0.05841069668531418,0.0758877694606781,-2.1251834781718486,-2.5271437393650955,4,0,0,0.039202842861413956,0.043300651013851166,0.023670619353652,0.04784871265292168,-0.0758877694606781,0.0,0.10674303025007248,0.22730594873428345,0.15203942358493805,0.02350553125143051,45.485313415527344,1,0.01979789137840271,0.23227344453334808,-0.17776933312416077,0.02354215830564499,46.06844711303711,1,0.007552818860858679,-0.32590624690055847,0.14090430736541748,0.022650666534900665,42.280757904052734,1,0.005164284259080887,-0.258811354637146,-0.16513581573963165,0.023148439824581146,33.65142822265625,1,0.009671350941061974
625,12.5,stop,0.0,0.0,0.0,0.32363179326057434,3.6800546646118164,-0.3815920948982239,0.054342322051525116,0.0700916275382042,-1.982635295759567,-2.5327673329295433,4,0,0,0.037094201892614365,0.0397128202021122,0.022675855085253716,0.0443543866276741,-0.0700916275382042,0.0,0.10411108285188675,0.22645053267478943,0.1522182822227478,0.023514248430728912,46.42982482910156,1,0.01999865286052227,0.2318943738937378,-0.1775771826505661,0.023543499410152435,45.275909423828125,1,0.007446408737450838,-0.32664117217063904,0.14036020636558533,0.022655516862869263,42.90046310424805,1,0.004802347626537085,-0.25914135575294495,-0.1656045913696289,0.023151904344558716,34.035430908203125,1,0.010133621282875538
626,12.52,stop,0.0,0.0,0.0,0.32195162773132324,3.6807847023010254,-0.3808055818080902,0.05044826865196228,0.0643739402294159,-1.8477343638967607,-2.5381631823738533,4,0,0,0.035298123955726624,0.03604261577129364,0.022046605125069618,0.04082418233156204,-0.0643739402294159,0.0,0.10228244960308075,0.22564613819122314,0.1523924320936203,0.023521751165390015,47.1501579284668,1,0.02000858634710312,0.23152528703212738,-0.17738699913024902,0.02355492115020752,44.127620697021484,1,0.007680229842662811,-0.32732734084129333,0.13986603915691376,0.0226580947637558,42.04914474487305,1,0.005211781244724989,-0.25946417450904846,-0.16602230072021484,0.023154109716415405,34.408687591552734,1,0.009041321463882923
627,12.540000000000001,stop,0.0,0.0,0.0,0.32040825486183167,3.681483268737793,-0.3800959587097168,0.046889517456293106,0.05803709477186203,-1.7212139674238545,-2.544216437525777,4,0,0,0.03388955816626549,0.03240562602877617,0.021800199523568153,0.03737068548798561,-0.05803709477186203,0.0,0.10114536434412003,0.2248777151107788,0.15255685150623322,0.023528538644313812,47.582061767578125,1,0.02051863819360733,0.23115338385105133,-0.17720797657966614,0.023559078574180603,43.83892822265625,1,0.007670986466109753,-0.3279852867126465,0.1394278109073639,0.022660166025161743,41.68513870239258,1,0.005355963483452797,-0.25979140400886536,-0.16639381647109985,0.023157529532909393,34.669551849365234,1,0.004900735337287188
628,12.56,stop,0.0,0.0,0.0,0.3190053701400757,3.6821541786193848,-0.379461407661438,0.04350109398365021,0.05214312672615051,-1.6008525873133013,-2.5515757529130543,4,0,0,0.03260873630642891,0.028792627155780792,0.02168288640677929,0.03392837196588516,-0.05214312672615051,0.0,0.10055284947156906,0.22413797676563263,0.1527450978755951,0.023536935448646545,48.08148956298828,1,0.009128996171057224,0.23077097535133362,-0.17701898515224457,0.023563668131828308,43.258888244628906,1,0.009572532959282398,-0.32862502336502075,0.139057457447052,0.022662729024887085,41.66950988769531,1,0.003150019096210599,-0.2601318955421448,-0.16670237481594086,0.023158222436904907,35.02089309692383,1,0.007231233641505241
629,12.58,stop,0.0,0.0,0.0,0.31773892045021057,3.6828036308288574,-0.37889641523361206,0.040773406624794006,0.04777509346604347,-1.49491315163523,-2.5594599256493646,4,0,0,0.03175309672951698,0.02557755820453167,0.021898634731769562,0.03093058057129383,-0.04777509346604347,0.0,0.10040521621704102,0.22342604398727417,0.15287044644355774,0.02354014664888382,48.40276336669922,1,0.019717978313565254,0.23038116097450256,-0.17687658965587616,0.02356024831533432,43.123538970947266,1,0.0013411681866273284,-0.3292405903339386,0.1386970430612564,0.02266313135623932,40.68476486206055,1,0.005270712543278933,-0.26048505306243896,-0.16700133681297302,0.02315916121006012,35.25530242919922,1,0.008150513283908367
630,12.6,stop,0.0,0.0,0.0,0.31661221385002136,3.68343448638916,-0.3783988952636719,0.038100048899650574,0.042426422238349915,-1.3959444576136857,-2.5687950866974796,4,0,0,0.030806593596935272,0.02241801656782627,0.02203945256769657,0.027939241379499435,-0.042426422238349915,0.0,0.10054852068424225,0.2227327674627304,0.15299777686595917,0.02354402095079422,49.0360107421875,1,0.019515054300427437,0.22997517883777618,-0.17672626674175262,0.02357015758752823,42.3387451171875,1,0.00929096806794405,-0.3298466205596924,0.13838523626327515,0.022663623094558716,39.94489669799805,1,0.006132356822490692,-0.26085469126701355,-0.16726049780845642,0.023159772157669067,35.523738861083984,1,0.007644407916814089
631,12.620000000000001,stop,0.0,0.0,0.0,0.3156242370605469,3.6840479373931885,-0.37796589732170105,0.03571842983365059,0.038156989961862564,-1.3065150832634163,-2.5783447583742154,4,0,0,0.030026763677597046,0.019344240427017212,0.02230892702937126,0.025025110691785812,-0.038156989961862564,0.0,0.10089299082756042,0.2220604419708252,0.15312190353870392,0.02354796975851059,49.221900939941406,1,0.019341181963682175,0.22955948114395142,-0.17659863829612732,0.023572593927383423,41.83375930786133,1,0.009867135435342789,-0.3304416835308075,0.13811054825782776,0.022663630545139313,39.85078430175781,1,0.005856454372406006,-0.26123660802841187,-0.1674869954586029,0.02315978705883026,35.66865539550781,1,0.007272775284945965
632,12.64,stop,0.0,0.0,0.0,0.31476783752441406,3.684645891189575,-0.3775932192802429,0.033739399164915085,0.033908966928720474,-1.2265728416702946,-2.58771129560383,4,0,0,0.029388684779405594,0.016572635620832443,0.02262725681066513,0.022397486492991447,-0.033908966928720474,0.0,0.10134440660476685,0.22140909731388092,0.1532176434993744,0.023551255464553833,49.475502014160156,1,0.019230641424655914,0.2291376143693924,-0.17648133635520935,0.02357468008995056,41.34927749633789,1,0.01039810385555029,-0.33102259039878845,0.13786405324935913,0.022663526237010956,39.76921844482422,1,0.0021954679396003485,-0.2616279125213623,-0.16769476234912872,0.023159556090831757,35.87583923339844,1,0.007741762790828943
633,12.66,stop,0.0,0.0,0.0,0.31403350830078125,3.6852312088012695,-0.37727755308151245,0.03192361071705818,0.030400360003113747,-1.1570511208730851,-2.595166233639487,4,0,0,0.028763681650161743,0.013848012313246727,0.022940335795283318,0.019786547869443893,-0.030400360003113747,0.0,0.10183150321245193,0.22078600525856018,0.15330541133880615,0.023552410304546356,49.62757873535156,1,0.019092151895165443,0.22871682047843933,-0.17638994753360748,0.02357526123523712,40.949485778808594,1,0.010860780254006386,-0.3315802216529846,0.13763177394866943,0.022661879658699036,38.892112731933594,1,0.006051976233720779,-0.26201993227005005,-0.16788780689239502,0.023159094154834747,35.958187103271484,1,0.006960083264857531
634,12.68,stop,0.0,0.0,0.0,0.3134118318557739,3.685802459716797,-0.37701621651649475,0.03033490851521492,0.02679077722132206,-1.093607307941835,-2.6017456268009136,4,0,0,0.028144044801592827,0.011318988166749477,0.023192530497908592,0.017337162047624588,-0.02679077722132206,0.0,0.10230177640914917,0.22018329799175262,0.15339429676532745,0.023554638028144836,49.83198928833008,1,0.01899484358727932,0.22829274833202362,-0.17629797756671906,0.023576535284519196,40.617698669433594,1,0.011303541250526905,-0.33212772011756897,0.13743938505649567,0.02266056090593338,38.40925598144531,1,0.006124201696366072,-0.2624194324016571,-0.16804386675357819,0.023158393800258636,36.013954162597656,1,0.006750266533344984
635,12.700000000000001,stop,0.0,0.0,0.0,0.31289294362068176,3.686361074447632,-0.3768044710159302,0.029029371216893196,0.023363711312413216,-1.041461054784609,-2.6074306920678914,4,0,0,0.027571316808462143,0.009084433317184448,0.0233914777636528,0.015153915621340275,-0.023363711312413216,0.0,0.10274051874876022,0.21959973871707916,0.1534397155046463,0.023555636405944824,49.828102111816406,1,0.020161602646112442,0.22786806523799896,-0.17623594403266907,0.023568563163280487,40.79777145385742,1,0.0020530547481030226,-0.3326588571071625,0.13725173473358154,0.022658586502075195,37.97232437133789,1,0.005787984002381563,-0.26282235980033875,-0.16820061206817627,0.023156873881816864,36.021583557128906,1,0.007136290427297354
636,12.72,stop,0.0,0.0,0.0,0.3124678432941437,3.686906099319458,-0.376638263463974,0.027698183432221413,0.0209063570946455,-0.993465955817164,-2.612884384676735,4,0,0,0.02682758867740631,0.006889839190989733,0.023418322205543518,0.012955696322023869,-0.0209063570946455,0.0,0.10310056805610657,0.21903371810913086,0.15351076424121857,0.023556053638458252,50.109535217285156,1,0.018817011266946793,0.22743937373161316,-0.17615723609924316,0.023576490581035614,40.14563751220703,1,0.011859632097184658,-0.3331809341907501,0.13710294663906097,0.022656582295894623,37.539669036865234,1,0.006173082627356052,-0.2632300853729248,-0.16832472383975983,0.023154988884925842,36.08099365234375,1,0.006377399433404207
637,12.74,stop,0.0,0.0,0.0,0.31212401390075684,3.6874375343322754,-0.3765142858028412,0.02662556990981102,0.018234949558973312,-0.9521629481324507,-2.6178977435275246,4,0,0,0.026164760813117027,0.004932160023599863,0.023423295468091965,0.010979636572301388,-0.018234949558973312,0.0,0.10339611023664474,0.2184828221797943,0.15357288718223572,0.023556366562843323,50.1147346496582,1,0.018758786842226982,0.22700947523117065,-0.1760929375886917,0.023576177656650543,39.801849365234375,1,0.012198147363960743,-0.33369308710098267,0.1369743049144745,0.02265416830778122,37.10647964477539,1,0.006104046478867531,-0.26364099979400635,-0.16842645406723022,0.023153431713581085,36.09248352050781,1,0.00623138016089797
638,12.76,stop,0.0,0.0,0.0,0.3118472397327423,3.687953472137451,-0.37642884254455566,0.025662777945399284,0.01601787842810154,-0.9194109104017701,-2.621546558648192,4,0,0,0.02546851523220539,0.0031516540329903364,0.023325221613049507,0.009148236364126205,-0.01601787842810154,0.0,0.10362043976783752,0.21795374155044556,0.15361754596233368,0.02355668693780899,50.12832260131836,1,0.018728677183389664,0.22658461332321167,-0.17604614794254303,0.02357575297355652,39.59152603149414,1,0.01238315925002098,-0.3341861069202423,0.13684959709644318,0.022651255130767822,36.686500549316406,1,0.0060749235562980175,-0.2640489339828491,-0.16852912306785583,0.023151472210884094,36.08097839355469,1,0.006100044585764408
639,12.780000000000001,stop,0.0,0.0,0.0,0.31162503361701965,3.6884562969207764,-0.3763781487941742,0.02477700263261795,0.014172171242535114,-0.8908511147175965,-2.62438279470104,4,0,0,0.024729197844862938,0.0015383687568828464,0.023119043558835983,0.007453791797161102,-0.014172171242535114,0.0,0.10377532243728638,0.21744424104690552,0.15366679430007935,0.023555926978588104,50.15637969970703,1,0.01874994859099388,0.2261652946472168,-0.1759953498840332,0.023574940860271454,39.4454460144043,1,0.01249302364885807,-0.33466577529907227,0.13675181567668915,0.022648565471172333,36.311153411865234,1,0.005957405082881451,-0.2644510269165039,-0.16861002147197723,0.023148782551288605,36.06399154663086,1,0.0059679425321519375
640,12.8,stop,0.0,0.0,0.0,0.3114469349384308,3.688943386077881,-0.3763584792613983,0.02393362671136856,0.012436382472515106,-0.8657890162187041,-2.6266277925038586,4,0,0,0.02393338643014431,0.00010698885307647288,0.02279266156256199,0.005910458974540234,-0.012436382472515106,0.0,0.10387249290943146,0.21695125102996826,0.15372052788734436,0.023555807769298553,50.184776306152344,1,0.01866041123867035,0.22575069963932037,-0.17594003677368164,0.023574650287628174,39.3389892578125,1,0.012610822916030884,-0.33513253927230835,0.1366765946149826,0.02264559268951416,35.97012710571289,1,0.005873669870197773,-0.2648516893386841,-0.16866551339626312,0.0231470987200737,36.05939865112305,1,0.00590541074052453
641,12.82,stop,0.0,0.0,0.0,0.31130433082580566,3.689412832260132,-0.3763657212257385,0.023117104545235634,0.011054606176912785,-0.8460852011236867,-2.6282062065323664,4,0,0,0.023090625181794167,-0.001106126932427287,0.02234961837530136,0.0045579043217003345,-0.011054606176912785,0.0,0.10392306745052338,0.2164762020111084,0.15376780927181244,0.023554734885692596,50.19679641723633,1,0.01871725358068943,0.2253444492816925,-0.17589150369167328,0.023573197424411774,39.27643966674805,1,0.012622077949345112,-0.33558112382888794,0.1366080939769745,0.022642649710178375,35.651283264160156,1,0.005729836877435446,-0.2652443051338196,-0.16871865093708038,0.023144423961639404,36.04166030883789,1,0.005777906160801649
642,12.84,stop,0.0,0.0,0.0,0.31118863821029663,3.6898646354675293,-0.37639597058296204,0.022311246022582054,0.009922456927597523,-0.8291152759656727,-2.6295602915353213,4,0,0,0.02220630645751953,-0.0021613917779177427,0.02180936373770237,0.003340027993544936,-0.009922456927597523,0.0,0.10393662750720978,0.2160201370716095,0.15382085740566254,0.023553401231765747,50.201446533203125,1,0.018713301047682762,0.22494816780090332,-0.1758371740579605,0.023572146892547607,39.23448944091797,1,0.012642385438084602,-0.3360159695148468,0.1365600973367691,0.0226396843791008,35.36372375488281,1,0.005586470942944288,-0.26562660932540894,-0.1687549650669098,0.023142404854297638,36.034549713134766,1,0.005687634460628033
643,12.86,stop,0.0,0.0,0.0,0.31109359860420227,3.6902976036071777,-0.37644580006599426,0.021459124982357025,0.009134381078183651,-0.8136317707257826,-2.6309007161599363,4,0,0,0.021243004128336906,-0.003037896705791354,0.021134749054908752,0.002269897609949112,-0.009134381078183651,0.0,0.10392146557569504,0.2155790477991104,0.15388308465480804,0.02355227619409561,50.21746063232422,1,0.01850302517414093,0.2245606780052185,-0.17576757073402405,0.02357274293899536,38.677852630615234,1,0.013650818727910519,-0.33643776178359985,0.13653108477592468,0.022636868059635162,35.09210205078125,1,0.005745737813413143,-0.2660027742385864,-0.16877369582653046,0.02314142882823944,36.072940826416016,1,0.0010929935378953815
644,12.88,stop,0.0,0.0,0.0,0.311012864112854,3.6907126903533936,-0.37651222944259644,0.020708216354250908,0.007620836608111858,-0.8008536607274525,-2.6315122315340638,4,0,0,0.020361140370368958,-0.003775467397645116,0.02049112692475319,0.0013489988632500172,-0.007620836608111858,0.0,0.10388582944869995,0.2151593416929245,0.1539456695318222,0.023551322519779205,50.20064163208008,1,0.01871536113321781,0.22418689727783203,-0.1757044643163681,0.02357044816017151,39.15314483642578,1,0.012691483832895756,-0.33683833479881287,0.1365121454000473,0.022633500397205353,34.8804817199707,1,0.005340775940567255,-0.26636555790901184,-0.1687760353088379,0.023137763142585754,36.04255676269531,1,0.005569591652601957
645,12.9,stop,0.0,0.0,0.0,0.3109409213066101,3.6911094188690186,-0.37659093737602234,0.0198871660977602,0.006671170238405466,-0.7935635010055216,-2.631816815282364,4,0,0,0.01941918395459652,-0.004288902506232262,0.01972462236881256,0.0006262654205784202,-0.006671170238405466,0.0,0.10384758561849594,0.21475902199745178,0.1539774090051651,0.023550257086753845,50.224918365478516,1,0.018734317272901535,0.22382384538650513,-0.1756584644317627,0.023569218814373016,39.2611083984375,1,0.012590181082487106,-0.33722221851348877,0.13649003207683563,0.022630691528320312,34.670509338378906,1,0.005166014190763235,-0.26671621203422546,-0.16878998279571533,0.023135818541049957,36.051448822021484,1,0.005508486181497574
646,12.92,stop,0.0,0.0,0.0,0.3108760118484497,3.6914854049682617,-0.37667959928512573,0.019015943631529808,0.006383838132023811,-0.7847607745475503,-2.632134845965593,4,0,0,0.01841667667031288,-0.004736258648335934,0.018880793824791908,-4.8653120757080615e-05,-0.006383838132023811,0.0,0.10379589349031448,0.21437571942806244,0.1540410965681076,0.023549526929855347,50.24129104614258,1,0.01870661973953247,0.22347557544708252,-0.1755935102701187,0.02356826514005661,39.29964065551758,1,0.012571214698255062,-0.3375902473926544,0.13649146258831024,0.022627852857112885,34.49125671386719,1,0.00503486767411232,-0.26705336570739746,-0.16878120601177216,0.023133523762226105,36.058197021484375,1,0.005494618788361549
647,12.94,stop,0.0,0.0,0.0,0.31081628799438477,3.6918413639068604,-0.3767754137516022,0.018126793205738068,0.005893837660551071,-0.7772006089099925,-2.6323907646160567,4,0,0,0.017415855079889297,-0.005026789382100105,0.017991090193390846,-0.0005743153742514551,-0.005893837660551071,0.0,0.10374527424573898,0.21401198208332062,0.1541081815958023,0.023548424243927002,50.24536895751953,1,0.01858396641910076,0.22314350306987762,-0.17552557587623596,0.023567557334899902,39.339324951171875,1,0.012548859231173992,-0.3379388451576233,0.13649782538414001,0.022625461220741272,34.38081741333008,1,0.005042762029916048,-0.2673758268356323,-0.16876603662967682,0.023132868111133575,36.10313415527344,1,0.0007755932165309787
648,12.96,stop,0.0,0.0,0.0,0.3107592761516571,3.692178726196289,-0.37687650322914124,0.0172532070428133,0.005127524025738239,-0.7697424158623088,-2.6325837174601094,4,0,0,0.016443664208054543,-0.005222935229539871,0.01710713468492031,-0.00100151845254004,-0.005127524025738239,0.0,0.10369154810905457,0.21366718411445618,0.15418080985546112,0.023547254502773285,50.247745513916016,1,0.018689224496483803,0.22282493114471436,-0.17545199394226074,0.023566938936710358,39.3724250793457,1,0.012540810741484165,-0.3382699191570282,0.13651923835277557,0.022622473537921906,34.19437026977539,1,0.004776783287525177,-0.26768383383750916,-0.16873349249362946,0.023129507899284363,36.093910217285156,1,0.005438083782792091
649,12.98,stop,0.0,0.0,0.0,0.3107038140296936,3.6924960613250732,-0.3769802749156952,0.01635715737938881,0.004702914506196976,-0.7641271465909121,-2.6326697351549697,4,0,0,0.015470807440578938,-0.005311376415193081,0.016191238537430763,-0.001326358993537724,-0.004702914506196976,0.0,0.10364524275064468,0.21334104239940643,0.1542484164237976,0.023546122014522552,50.262760162353516,1,0.018700256943702698,0.22252245247364044,-0.17538344860076904,0.023566126823425293,39.4279670715332,1,0.012513570487499237,-0.33858418464660645,0.13654106855392456,0.022620469331741333,34.077816009521484,1,0.004657591227442026,-0.267976313829422,-0.16870594024658203,0.023128129541873932,36.10572052001953,1,0.005431519355624914
650,13.0,stop,0.0,0.0,0.0,0.3106493651866913,3.692793607711792,-0.3770849108695984,0.015434210188686848,0.003929893020540476,-0.7592610636941011,-2.6326511655781637,4,0,0,0.014489658176898956,-0.00531645305454731,0.015219957567751408,-0.0015805287985131145,-0.003929893020540476,0.0,0.10360502451658249,0.21303421258926392,0.15431936085224152,0.023547053337097168,50.206207275390625,1,0.00287263048812747,0.2222384661436081,-0.17531637847423553,0.023557148873806,39.93782424926758,1,0.0024919926654547453,-0.3388790488243103,0.136567160487175,0.022617869079113007,33.9654541015625,1,0.003939073532819748,-0.26825135946273804,-0.16867516934871674,0.023126259446144104,36.12451171875,1,0.0038297572173178196
651,13.02,stop,0.0,0.0,0.0,0.3105930984020233,3.6930744647979736,-0.3771856427192688,0.014565651305019855,0.0037225899286568165,-0.7556806571868393,-2.633025972208868,4,0,0,0.013676680624485016,-0.00501064769923687,0.014374272897839546,-0.0014805130194872618,-0.0037225899286568165,0.0,0.10358370840549469,0.2127428650856018,0.15436282753944397,0.02355784922838211,50.08741760253906,1,0.018082810565829277,0.22196631133556366,-0.175247922539711,0.02356460690498352,39.66447830200195,1,0.012428151443600655,-0.3391578197479248,0.1365879476070404,0.022615991532802582,33.88408279418945,1,0.004290113691240549,-0.2685152292251587,-0.1686473935842514,0.02312513440847397,36.128814697265625,1,0.0053811571560800076
652,13.040000000000001,stop,0.0,0.0,0.0,0.31053245067596436,3.6933376789093018,-0.3772830367088318,0.013746852986514568,0.0034374892711639404,-0.7495940515018588,-2.6325578908073104,4,0,0,0.012848888523876667,-0.004886924289166927,0.013527589850127697,-0.0015698091592639685,-0.0034374892711639404,0.0,0.10356353968381882,0.21247343719005585,0.15443414449691772,0.02355736494064331,50.165985107421875,1,0.01812751218676567,0.22171306610107422,-0.17517557740211487,0.023564577102661133,39.54017639160156,1,0.012490896508097649,-0.33941617608070374,0.1366260051727295,0.02261405438184738,33.7987060546875,1,0.004512027837336063,-0.2687603533267975,-0.16860517859458923,0.02312484383583069,36.17455291748047,1,0.00046356668462976813
653,13.06,stop,0.0,0.0,0.0,0.31046900153160095,3.693584680557251,-0.37737753987312317,0.012939226813614368,0.0026823587249964476,-0.7426023390301458,-2.63083839068376,4,0,0,0.01205373089760542,-0.004704376682639122,0.012711972929537296,-0.0015901856822893023,-0.0026823587249964476,0.0,0.10354163497686386,0.21222826838493347,0.15450875461101532,0.023556731641292572,50.23863220214844,1,0.018263915553689003,0.22147932648658752,-0.1751002073287964,0.023563824594020844,39.58911895751953,1,0.01252931822091341,-0.33965182304382324,0.13667398691177368,0.02261192351579666,33.73958206176758,1,0.004290772136300802,-0.26898548007011414,-0.16854898631572723,0.023122280836105347,36.17903137207031,1,0.0054315850138664246
654,13.08,stop,0.0,0.0,0.0,0.31040555238723755,3.6938159465789795,-0.37746796011924744,0.012135906144976616,0.0022752590011805296,-0.7374464533412853,-2.6284847501844557,4,0,0,0.011275122873485088,-0.004489078186452389,0.01190735399723053,-0.0015741336392238736,-0.0022752590011805296,0.0,0.10352511703968048,0.21200266480445862,0.15457209944725037,0.023555569350719452,50.31367111206055,1,0.018371671438217163,0.2212623953819275,-0.1750362068414688,0.023563489317893982,39.66014099121094,1,0.012495837174355984,-0.3398683965206146,0.1367155909538269,0.022610150277614594,33.676918029785156,1,0.004222179297357798,-0.2691935896873474,-0.16850459575653076,0.023120976984500885,36.193538665771484,1,0.00542679475620389
655,13.1,stop,0.0,0.0,0.0,0.31034421920776367,3.6940317153930664,-0.37755417823791504,0.011351833119988441,0.0019201235845685005,-0.7328594477050928,-2.6261680353953523,4,0,0,0.010527031496167183,-0.004248025827109814,0.011129726655781269,-0.0015246416442096233,-0.0019201235845685005,0.0,0.10351359099149704,0.2117929756641388,0.15463067591190338,0.023555181920528412,50.35002136230469,1,0.018367217853665352,0.221059650182724,-0.17497695982456207,0.023563124239444733,39.71592330932617,1,0.012522043660283089,-0.3400692939758301,0.1367563009262085,0.02260860800743103,33.62193298339844,1,0.004126451443880796,-0.2693883180618286,-0.16846169531345367,0.023119404911994934,36.2093620300293,1,0.0054516540840268135
656,13.120000000000001,stop,0.0,0.0,0.0,0.3102860450744629,3.6942331790924072,-0.3776354193687439,0.01059644017368555,0.001564701204188168,-0.7289873707759303,-2.624035522270427,4,0,0,0.009821157902479172,-0.003978618886321783,0.010388306342065334,-0.0014366672839969397,-0.001564701204188168,0.0,0.1035088375210762,0.21159742772579193,0.15468305349349976,0.023554638028144836,50.368553161621094,1,0.01835787296295166,0.22086995840072632,-0.17492367327213287,0.023562483489513397,39.75285720825195,1,0.012533377856016159,-0.3402559757232666,0.13679221272468567,0.022607281804084778,33.62115478515625,1,0.004032677039504051,-0.2695711851119995,-0.16842176020145416,0.02311849594116211,36.22362518310547,1,0.005461094900965691
657,13.14,stop,0.0,0.0,0.0,0.31023141741752625,3.6944212913513184,-0.37771129608154297,0.009883278980851173,0.001222306047566235,-0.7251634253360751,-2.6222643688412783,4,0,0,0.009161681868135929,-0.0037071264814585447,0.009691417217254639,-0.00133519375231117,-0.001222306047566235,0.0,0.1035059317946434,0.2114131599664688,0.15473182499408722,0.023554734885692596,50.38029479980469,1,0.018328377977013588,0.22068902850151062,-0.17487432062625885,0.023562386631965637,39.770904541015625,1,0.012568853795528412,-0.34043189883232117,0.1368301808834076,0.022605687379837036,33.52972412109375,1,0.00402389420196414,-0.2697444558143616,-0.16838252544403076,0.023117750883102417,36.2405891418457,1,0.005469998344779015
658,13.16,stop,0.0,0.0,0.0,0.31018054485321045,3.6945974826812744,-0.3777816593647003,0.009206271730363369,0.0008759386837482452,-0.7215691450070617,-2.620784992555736,4,0,0,0.008547278121113777,-0.0034204486291855574,0.009034665301442146,-0.001207817462272942,-0.0008759386837482452,0.0,0.10350626707077026,0.2112421989440918,0.15477602183818817,0.023553766310214996,50.39527893066406,1,0.018317773938179016,0.22051924467086792,-0.1748296320438385,0.023562133312225342,39.78158187866211,1,0.012600583955645561,-0.3405963182449341,0.1368669718503952,0.022604644298553467,33.49262237548828,1,0.003973956219851971,-0.26990848779678345,-0.168345108628273,0.023116856813430786,36.249629974365234,1,0.005501566920429468
659,13.18,stop,0.0,0.0,0.0,0.3101334571838379,3.694761276245117,-0.37784644961357117,0.008568128570914268,0.0005557595868594944,-0.7183944410643281,-2.6194516115637025,4,0,0,0.007973709143698215,-0.0031357272528111935,0.008417815901339054,-0.0010722933802753687,-0.0005557595868594944,0.0,0.10350816696882248,0.21108388900756836,0.1548144817352295,0.023553423583507538,50.40559768676758,1,0.018307428807020187,0.22036083042621613,-0.17479059100151062,0.023562096059322357,39.78697204589844,1,0.012633072212338448,-0.3407488465309143,0.1369011402130127,0.02260318398475647,33.45624542236328,1,0.003920844290405512,-0.27006059885025024,-0.16831010580062866,0.023116104304790497,36.26017761230469,1,0.005494927056133747
660,13.200000000000001,stop,0.0,0.0,0.0,0.3100902736186981,3.694913148880005,-0.37790605425834656,0.007971400395035744,0.00015455255925189704,-0.7146740690399339,-2.618229434589093,4,0,0,0.007438282016664743,-0.0028662150725722313,0.007841142825782299,-0.0009422097937203944,-0.00015455255925189704,0.0,0.10351050645112991,0.21093709766864777,0.15485210716724396,0.023553259670734406,50.417118072509766,1,0.018296388909220695,0.2202126681804657,-0.17475278675556183,0.023561477661132812,39.78584671020508,1,0.012669377960264683,-0.3408895432949066,0.13693824410438538,0.022602133452892303,33.420555114746094,1,0.0038820961490273476,-0.2702036499977112,-0.1682676076889038,0.02311507612466812,36.26053237915039,1,0.005524910055100918
661,13.22,stop,0.0,0.0,0.0,0.31004995107650757,3.695056200027466,-0.37795937061309814,0.007422811351716518,0.0003640414506662637,-0.7142192211298933,-2.6171060819140375,4,0,0,0.006975425872951746,-0.0025380239821970463,0.007317260839045048,-0.0007381598697975278,0.0003640414506662637,0.0,0.10352090001106262,0.21079936623573303,0.15485426783561707,0.02355235069990158,50.434791564941406,1,0.01830309070646763,0.2200727015733719,-0.174736887216568,0.023561440408229828,39.79568099975586,1,0.01267232745885849,-0.34102022647857666,0.13695882260799408,0.02260112762451172,33.385406494140625,1,0.003869856707751751,-0.27033939957618713,-0.16824769973754883,0.023114271461963654,36.2705192565918,1,0.005522069521248341
662,13.24,stop,0.0,0.0,0.0,0.31001290678977966,3.6951897144317627,-0.3780076801776886,0.006899945437908173,0.00030554860131815076,-0.711446697935397,-2.6158990594216496,4,0,0,0.006500819697976112,-0.002312702126801014,0.006810460705310106,-0.0006358451792038977,0.00030554860131815076,0.0,0.10352297872304916,0.21067406237125397,0.15487904846668243,0.02355232834815979,50.456756591796875,1,0.018307330086827278,0.21994195878505707,-0.1747123897075653,0.023560993373394012,39.78377914428711,1,0.01271577924489975,-0.3411407470703125,0.1369890570640564,0.022600442171096802,33.36130142211914,1,0.0038068583235144615,-0.27046480774879456,-0.16821816563606262,0.023113325238227844,36.27119827270508,1,0.005549178924411535
663,13.26,stop,0.0,0.0,0.0,0.3099793791770935,3.6953134536743164,-0.37805140018463135,0.006409929599612951,0.00044798676390200853,-0.7082551853240029,-2.614751160754264,4,0,0,0.006064448971301317,-0.0020759706385433674,0.006336909253150225,-0.0005132093792781234,0.00044798676390200853,0.0,0.10352250933647156,0.2105591744184494,0.15490354597568512,0.02355211228132248,50.47768783569336,1,0.01832599565386772,0.21982136368751526,-0.1746876984834671,0.02356022596359253,39.77075958251953,1,0.01273881085216999,-0.3412507176399231,0.13702021539211273,0.022599443793296814,33.33755874633789,1,0.00375882675871253,-0.27058061957359314,-0.16818800568580627,0.023112468421459198,36.27397537231445,1,0.005541497375816107
664,13.280000000000001,stop,0.0,0.0,0.0,0.30994921922683716,3.6954293251037598,-0.37809062004089355,0.005955851636826992,0.0006313437479548156,-0.7060502081608523,-2.613446167735969,4,0,0,0.005659591406583786,-0.0018550452077761292,0.005897469352930784,-0.00039815931813791394,0.0006313437479548156,0.0,0.10352156311273575,0.21045351028442383,0.15492022037506104,0.023551635444164276,50.48707580566406,1,0.018334658816456795,0.21970929205417633,-0.17467109858989716,0.02356038987636566,39.7633171081543,1,0.012762511149048805,-0.3413509726524353,0.1370430439710617,0.02259809523820877,33.30699157714844,1,0.0037443877663463354,-0.2706889808177948,-0.16816446185112,0.02311207354068756,36.263126373291016,1,0.005552166607230902
665,13.3,stop,0.0,0.0,0.0,0.309921532869339,3.6955368518829346,-0.37812578678131104,0.005538163706660271,0.000788424164056778,-0.7034769877519029,-2.6123753221401578,4,0,0,0.0052849710918962955,-0.0016553964233025908,0.005490760784596205,-0.0002966851752717048,0.000788424164056778,0.0,0.10352109372615814,0.21035516262054443,0.15493610501289368,0.023551493883132935,50.50175094604492,1,0.01833098568022251,0.21960477530956268,-0.17465485632419586,0.023560158908367157,39.7548713684082,1,0.012770366854965687,-0.34144559502601624,0.1370687335729599,0.02259749174118042,33.2868766784668,1,0.003716172417625785,-0.27079007029533386,-0.16813993453979492,0.023111507296562195,36.265968322753906,1,0.005538560450077057
666,13.32,stop,0.0,0.0,0.0,0.30989617109298706,3.6956379413604736,-0.37815722823143005,0.005151801276952028,0.0006419580313377082,-0.7009138525441498,-2.6114835555666476,4,0,0,0.004939875565469265,-0.0014624245231971145,0.005105040036141872,-0.00019681546837091446,0.0006419580313377082,0.0,0.1035228744149208,0.21026338636875153,0.15494945645332336,0.02355186641216278,50.51181411743164,1,0.01863180659711361,0.2195068597793579,-0.1746440976858139,0.02355167269706726,40.21345138549805,1,0.002749963663518429,-0.3415338099002838,0.1370934396982193,0.022596776485443115,33.2629508972168,1,0.0028871672693639994,-0.2708868086338043,-0.16811731457710266,0.023111045360565186,36.264305114746094,1,0.0058679766952991486
667,13.34,stop,0.0,0.0,0.0,0.3098754286766052,3.6957316398620605,-0.3781850039958954,0.004760092124342918,0.0010291181970387697,-0.6963398669560626,-2.611242577954993,4,0,0,0.004582082852721214,-0.0012895718682557344,0.00473772780969739,-0.00011269185051787645,0.0010291181970387697,0.0,0.10351700335741043,0.21017713844776154,0.15497171878814697,0.02355077862739563,50.55592727661133,1,0.018247021362185478,0.2194133847951889,-0.17461374402046204,0.023559466004371643,39.80713653564453,1,0.012782301753759384,-0.3416171371936798,0.13712717592716217,0.022596046328544617,33.29497528076172,1,0.0036861810367554426,-0.27097800374031067,-0.1680850237607956,0.02311064302921295,36.24254608154297,1,0.005572753958404064
668,13.36,stop,0.0,0.0,0.0,0.309857040643692,3.6958189010620117,-0.3782089948654175,0.004428779240697622,0.0011805120157077909,-0.6948307153146073,-2.6111277453995725,4,0,0,0.00429393257945776,-0.0010845399228855968,0.004410799592733383,1.4813827874604613e-05,0.0011805120157077909,0.0,0.10351916402578354,0.2100953459739685,0.1549750119447708,0.023550882935523987,50.51842498779297,1,0.01827477477490902,0.21932300925254822,-0.1746106594800949,0.02355920523405075,39.73157501220703,1,0.012832398526370525,-0.3416958153247833,0.13714420795440674,0.022595345973968506,33.234283447265625,1,0.0036441886331886053,-0.2710650861263275,-0.16806970536708832,0.023109793663024902,36.263187408447266,1,0.005596219561994076
669,13.38,stop,0.0,0.0,0.0,0.30983951687812805,3.6959011554718018,-0.37822964787483215,0.0041288165375590324,0.001337703550234437,-0.6936120601562888,-2.6107049140012664,4,0,0,0.004020681604743004,-0.000938745797611773,0.004110788460820913,8.805804827716202e-05,0.001337703550234437,0.0,0.1035202369093895,0.2100224792957306,0.1549747735261917,0.023550011217594147,50.53159713745117,1,0.0183363389223814,0.2192406952381134,-0.17461080849170685,0.02355893701314926,39.700279235839844,1,0.012829641811549664,-0.3417659401893616,0.13715937733650208,0.02259472757577896,33.21943283081055,1,0.0036287354305386543,-0.27114465832710266,-0.16805629432201385,0.023109309375286102,36.26366424560547,1,0.005560469347983599
670,13.4,stop,0.0,0.0,0.0,0.30982235074043274,3.6959776878356934,-0.3782476484775543,0.0038494544569402933,0.001469145528972149,-0.6918684409272315,-2.609978352628306,4,0,0,0.003762858221307397,-0.0008119101985357702,0.0038303029723465443,0.00014675543934572488,0.001469145528972149,0.0,0.10351952165365219,0.20995618402957916,0.15497547388076782,0.02355041354894638,50.55426788330078,1,0.018347572535276413,0.2191644310951233,-0.174610435962677,0.02355867624282837,39.69064712524414,1,0.012854257598519325,-0.34182992577552795,0.1371767669916153,0.022594496607780457,33.20534133911133,1,0.003608358558267355,-0.2712189257144928,-0.16804127395153046,0.02310885488986969,36.25843048095703,1,0.005584198981523514
671,13.42,stop,0.0,0.0,0.0,0.30980560183525085,3.6960487365722656,-0.378263384103775,0.003586278762668371,0.0015627779066562653,-0.6899270663773612,-2.6091030211974866,4,0,0,0.0035183068830519915,-0.0006949189119040966,0.0035654199309647083,0.00019931283895857632,0.0015627779066562653,0.0,0.10351809859275818,0.20989708602428436,0.15497587621212006,0.023550309240818024,50.576263427734375,1,0.018346793949604034,0.2190944254398346,-0.17461037635803223,0.02355894446372986,39.68711471557617,1,0.012868339195847511,-0.3418874144554138,0.1371944695711136,0.022593863308429718,33.18719482421875,1,0.0035894273314625025,-0.2712867558002472,-0.16802570223808289,0.02310854196548462,36.250885009765625,1,0.005609366111457348
672,13.44,stop,0.0,0.0,0.0,0.30978935956954956,3.696115255355835,-0.37827685475349426,0.0033386058639734983,0.0016295643290504813,-0.6879702705410055,-2.608214669718562,4,0,0,0.003286370076239109,-0.0005882683326490223,0.003315829671919346,0.00024514124379493296,0.0016295643290504813,0.0,0.10351725667715073,0.20984329283237457,0.15497544407844543,0.023550398647785187,50.59507369995117,1,0.018349673599004745,0.2190297693014145,-0.1746109277009964,0.023558810353279114,39.682987213134766,1,0.012876568362116814,-0.3419387638568878,0.13721244037151337,0.022593528032302856,33.17879867553711,1,0.0035574743524193764,-0.2713489532470703,-0.16801023483276367,0.023108050227165222,36.24958419799805,1,0.005615369416773319
673,13.46,stop,0.0,0.0,0.0,0.3097737729549408,3.6961779594421387,-0.37828850746154785,0.003107654396444559,0.001787293585948646,-0.6852706916324108,-2.6074445658896432,4,0,0,0.003066954668611288,-0.0005013038171455264,0.0030834295321255922,0.0002750721760094166,0.001787293585948646,0.0,0.10351790487766266,0.20979256927967072,0.15497735142707825,0.02355017513036728,50.616939544677734,1,0.01835986226797104,0.2189675271511078,-0.1746094524860382,0.023558489978313446,39.67780303955078,1,0.012882213108241558,-0.3419876992702484,0.13723409175872803,0.022592909634113312,33.17070007324219,1,0.0035556636285036802,-0.2714102268218994,-0.16798606514930725,0.023107700049877167,36.252620697021484,1,0.005621885880827904
674,13.48,stop,0.0,0.0,0.0,0.3097589612007141,3.696235179901123,-0.378298282623291,0.0028909973334521055,0.0017869885778054595,-0.6835186947494496,-2.606741483291955,4,0,0,0.0028627265710383654,-0.0004033136647194624,0.002863910049200058,0.00031971195130608976,0.0017869885778054595,0.0,0.10351993143558502,0.2097473293542862,0.1549735963344574,0.023549884557724,50.63288116455078,1,0.018398886546492577,0.21890991926193237,-0.17461343109607697,0.023558318614959717,39.6765022277832,1,0.012882082723081112,-0.3420313894748688,0.13725078105926514,0.022593028843402863,33.16096496582031,1,0.0035400313790887594,-0.2714662551879883,-0.16797204315662384,0.023107297718524933,36.253047943115234,1,0.0056188106536865234
675,13.5,stop,0.0,0.0,0.0,0.3097452223300934,3.6962890625,-0.37830623984336853,0.002690814668312669,0.001776163699105382,-0.681930035437187,-2.6061782061288405,4,0,0,0.002671248512342572,-0.0003239053476136178,0.002661423059180379,0.0003495575801935047,0.001776163699105382,0.0,0.10352278500795364,0.20970399677753448,0.15496817231178284,0.023550376296043396,50.64205551147461,1,0.018369104713201523,0.21885573863983154,-0.1746191531419754,0.023558229207992554,39.67291259765625,1,0.012904949486255646,-0.34207236766815186,0.1372656375169754,0.022592589259147644,33.15289306640625,1,0.003535440657287836,-0.2715187668800354,-0.1679597944021225,0.023107163608074188,36.25264358520508,1,0.005632477812469006
676,13.52,stop,0.0,0.0,0.0,0.3097326159477234,3.6963393688201904,-0.37831273674964905,0.002507830271497369,0.001772874966263771,-0.6802454333114268,-2.6057092709536365,4,0,0,0.0024950606748461723,-0.0002527535834815353,0.0024755557533353567,0.00037516161683015525,0.001772874966263771,0.0,0.10352513939142227,0.20966479182243347,0.15496301651000977,0.023549966514110565,50.65144729614258,1,0.018382428213953972,0.2188042551279068,-0.17462457716464996,0.023557737469673157,39.66363525390625,1,0.012902096845209599,-0.34211060404777527,0.1372806280851364,0.02259201556444168,33.14710235595703,1,0.003516456112265587,-0.27156853675842285,-0.1679474413394928,0.023106731474399567,36.25371170043945,1,0.0056328969076275826
677,13.540000000000001,stop,0.0,0.0,0.0,0.30972084403038025,3.6963858604431152,-0.3783179521560669,0.0023391691502183676,0.0017752638086676598,-0.6785550682135544,-2.605251861722657,4,0,0,0.0023313844576478004,-0.00019067965331487358,0.0023038589861243963,0.0003950452373828739,0.0017752638086676598,0.0,0.10352756083011627,0.20962855219841003,0.15495739877223969,0.023549817502498627,50.66577911376953,1,0.018397824838757515,0.21875664591789246,-0.17463070154190063,0.02355773001909256,39.6556510925293,1,0.012915749102830887,-0.3421451449394226,0.13729505240917206,0.022591672837734222,33.14228057861328,1,0.0034992482978850603,-0.27161502838134766,-0.16793552041053772,0.023106500506401062,36.25520706176758,1,0.005626080557703972
678,13.56,stop,0.0,0.0,0.0,0.30970999598503113,3.6964290142059326,-0.37832212448120117,0.002182815922424197,0.0017730280524119735,-0.6768888222211886,-2.60480832631343,4,0,0,0.0021785369608551264,-0.00013661094999406487,0.002144599799066782,0.00040986965177580714,0.0017730280524119735,0.0,0.10352898389101028,0.20959633588790894,0.1549517661333084,0.02354944497346878,50.675838470458984,1,0.018415773287415504,0.21871206164360046,-0.17463672161102295,0.023557476699352264,39.64796829223633,1,0.012913196347653866,-0.3421766757965088,0.1373094916343689,0.022591352462768555,33.135101318359375,1,0.0034910424146801233,-0.27165842056274414,-0.16792385280132294,0.02310606837272644,36.25206756591797,1,0.005634547211229801
679,13.58,stop,0.0,0.0,0.0,0.30969998240470886,3.696470260620117,-0.37832531332969666,0.002038376173004508,0.0017692095134407282,-0.6752866092522918,-2.6043812260468924,4,0,0,0.0020363754592835903,-9.02884712559171e-05,0.001997449202463031,0.00041981652611866593,0.0017692095134407282,0.0,0.1035306379199028,0.2095644623041153,0.1549449861049652,0.023549899458885193,50.687713623046875,1,0.018402963876724243,0.21866977214813232,-0.17464356124401093,0.023557506501674652,39.643062591552734,1,0.012912788428366184,-0.3422068953514099,0.13732276856899261,0.022591181099414825,33.13140869140625,1,0.0034890659153461456,-0.2716999650001526,-0.16791316866874695,0.023105613887310028,36.25246047973633,1,0.005636830348521471
680,13.6,stop,0.0,0.0,0.0,0.3096907436847687,3.6965081691741943,-0.37832751870155334,0.0019044738728553057,0.0017575372476130724,-0.6737405852614888,-2.604036941824041,4,0,0,0.001903811120428145,-5.02383554703556e-05,0.0018610905390232801,0.0004260684654582292,0.0017575372476130724,0.0,0.10353315621614456,0.20953622460365295,0.15493804216384888,0.0235501229763031,50.69334030151367,1,0.018387045711278915,0.21862980723381042,-0.1746508777141571,0.023557335138320923,39.635772705078125,1,0.012932995334267616,-0.34223365783691406,0.13733579218387604,0.02259106934070587,33.12228012084961,1,0.00348786823451519,-0.2717384397983551,-0.167902871966362,0.023106172680854797,36.24995803833008,1,0.0056556882336735725
681,13.620000000000001,stop,0.0,0.0,0.0,0.3096821904182434,3.6965444087982178,-0.37832915782928467,0.001781012280844152,0.0017408792627975345,-0.6722226824401593,-2.6037522083130167,4,0,0,0.001780939637683332,-1.609580976946745e-05,0.0017353325383737683,0.00042895195656456053,0.0017408792627975345,0.0,0.10353443026542664,0.20951023697853088,0.15493111312389374,0.023549526929855347,50.70303726196289,1,0.018409226089715958,0.21859273314476013,-0.17465822398662567,0.02355699986219406,39.62832260131836,1,0.012937068939208984,-0.34225884079933167,0.13734851777553558,0.02259085327386856,33.11595153808594,1,0.00347938877530396,-0.2717748284339905,-0.16789256036281586,0.023105241358280182,36.249481201171875,1,0.005643995013087988
682,13.64,stop,0.0,0.0,0.0,0.30967438220977783,3.696577310562134,-0.3783298134803772,0.0016655577346682549,0.0017189567442983389,-0.6707760697182917,-2.6035270255138174,4,0,0,0.0016655093058943748,1.2709219845419284e-05,0.0016180495731532574,0.00042850960744544864,0.0017189567442983389,0.0,0.1035362035036087,0.20948661863803864,0.15492361783981323,0.023549333214759827,50.71400833129883,1,0.01841997727751732,0.2185577005147934,-0.17466594278812408,0.02355680614709854,39.62240982055664,1,0.012929381802678108,-0.34228166937828064,0.1373605728149414,0.02259056270122528,33.11764144897461,1,0.003441927256062627,-0.27180907130241394,-0.16788321733474731,0.023105032742023468,36.24930953979492,1,0.005644198041409254
683,13.66,stop,0.0,0.0,0.0,0.3096672594547272,3.696608304977417,-0.378330260515213,0.0015577409649267793,0.0016973334131762385,-0.6693744935562639,-2.603334926443411,4,0,0,0.0015573498094454408,3.4905806387541816e-05,0.0015093835536390543,0.0004234643711242825,0.0016973334131762385,0.0,0.1035376787185669,0.2094639241695404,0.15491622686386108,0.023549474775791168,50.72179412841797,1,0.018407246097922325,0.2185242623090744,-0.17467382550239563,0.023557350039482117,39.61737823486328,1,0.012943786568939686,-0.34230348467826843,0.13737230002880096,0.022590503096580505,33.111392974853516,1,0.003451127326115966,-0.27184155583381653,-0.16787390410900116,0.02310486137866974,36.24862289428711,1,0.00565121928229928
684,13.68,stop,0.0,0.0,0.0,0.3096607029438019,3.6966376304626465,-0.378330260515213,0.0014575886307284236,0.0016664969734847546,-0.6680165665719008,-2.6031810337436743,4,0,0,0.001456575933843851,5.432366378954612e-05,0.001408404903486371,0.00041753079858608544,0.0016664969734847546,0.0,0.10353930294513702,0.2094433605670929,0.15490879118442535,0.023549675941467285,50.727142333984375,1,0.018407240509986877,0.21849274635314941,-0.17468149960041046,0.023556940257549286,39.61140823364258,1,0.012941200286149979,-0.3423232138156891,0.13738392293453217,0.022590309381484985,33.102970123291016,1,0.0034507375676184893,-0.27187222242355347,-0.16786475479602814,0.023104891180992126,36.243690490722656,1,0.005654150154441595
685,13.700000000000001,stop,0.0,0.0,0.0,0.3096548914909363,3.696664571762085,-0.3783298432826996,0.0013644930440932512,0.0016218515811488032,-0.667137980129055,-2.6029406964622543,4,0,0,0.0013625479768961668,7.282965816557407e-05,0.0013143692631274462,0.0004124470870010555,0.0016218515811488032,0.0,0.10354100167751312,0.20942527055740356,0.15489915013313293,0.023549474775791168,50.734214782714844,1,0.018444128334522247,0.21846403181552887,-0.17469152808189392,0.023556582629680634,39.60878372192383,1,0.012915948405861855,-0.3423399329185486,0.13739106059074402,0.022590279579162598,33.14921188354492,1,0.003409511409699917,-0.2719009220600128,-0.16785822808742523,0.02310449630022049,36.24278259277344,1,0.005641710013151169
686,13.72,stop,0.0,0.0,0.0,0.30964958667755127,3.6966893672943115,-0.3783293664455414,0.0012767675798386335,0.0015846207970753312,-0.665866924613198,-2.6028122035284933,4,0,0,0.001274605980142951,7.426442607538775e-05,0.001229872927069664,0.0003921919269487262,0.0015846207970753312,0.0,0.10354159027338028,0.20940817892551422,0.15489183366298676,0.02354969084262848,50.739715576171875,1,0.018423328176140785,0.21843646466732025,-0.17469903826713562,0.02355699986219406,39.600948333740234,1,0.012943957932293415,-0.342356413602829,0.13740208745002747,0.02259019762277603,33.09336471557617,1,0.0034480958711355925,-0.27192795276641846,-0.16784951090812683,0.023104451596736908,36.23994445800781,1,0.005660759285092354
687,13.74,stop,0.0,0.0,0.0,0.30964457988739014,3.69671368598938,-0.3783286511898041,0.0011956958333030343,0.0015588715905323625,-0.6645139068273007,-2.6027364311173886,4,0,0,0.0011928154854103923,8.294467261293903e-05,0.0011494791833683848,0.00038047516136430204,0.0015588715905323625,0.0,0.10354158282279968,0.20939205586910248,0.1548854410648346,0.02354934811592102,50.74732971191406,1,0.018432119861245155,0.2184101641178131,-0.17470604181289673,0.023556694388389587,39.59499740600586,1,0.012947208248078823,-0.3423718512058258,0.13741376996040344,0.022589899599552155,33.09233474731445,1,0.0034262309782207012,-0.2719535231590271,-0.16784028708934784,0.02310430258512497,36.24118423461914,1,0.0056611159816384315
688,13.76,stop,0.0,0.0,0.0,0.3096398413181305,3.6967360973358154,-0.37832778692245483,0.0011192270321771502,0.0015230376739054918,-0.663366701851003,-2.6026662082349845,4,0,0,0.0011156423715874553,8.950530900619924e-05,0.0010740442667156458,0.0003678492794279009,0.0015230376739054918,0.0,0.10354235768318176,0.2093765139579773,0.1548781394958496,0.023549556732177734,50.75224685668945,1,0.01842351071536541,0.21838393807411194,-0.17471374571323395,0.02355649322271347,39.5933952331543,1,0.0129550751298666,-0.34238699078559875,0.13742423057556152,0.022590167820453644,33.08943557739258,1,0.003427297342568636,-0.2719787359237671,-0.16783219575881958,0.023104146122932434,36.24125289916992,1,0.005676114000380039
689,13.780000000000001,stop,0.0,0.0,0.0,0.30963557958602905,3.696756601333618,-0.37832680344581604,0.0010479108896106482,0.0014765957603231072,-0.6622868916319063,-2.602633124506192,4,0,0,0.0010436748852953315,9.412728832103312e-05,0.001004042336717248,0.0003546216175891459,0.0014765957603231072,0.0,0.10354261845350266,0.2093627154827118,0.1548711359500885,0.023549675941467285,50.75933837890625,1,0.01844705455005169,0.21836116909980774,-0.17472077906131744,0.023556575179100037,39.58863830566406,1,0.01294673141092062,-0.34239983558654785,0.1374344527721405,0.022589750587940216,33.08647537231445,1,0.003413973143324256,-0.27200189232826233,-0.16782435774803162,0.02310408651828766,36.24009704589844,1,0.005665533244609833
690,13.8,stop,0.0,0.0,0.0,0.3096316456794739,3.6967763900756836,-0.3783256411552429,0.0009801997803151608,0.0014374516904354095,-0.6612780513471542,-2.6026572436116986,4,0,0,0.0009754957281984389,9.591568232281134e-05,0.0009384218719787896,0.0003395978710614145,0.0014374516904354095,0.0,0.1035429984331131,0.20934942364692688,0.15486396849155426,0.023549720644950867,50.760833740234375,1,0.01842152513563633,0.21833790838718414,-0.1747286170721054,0.0235561802983284,39.58610153198242,1,0.012965002097189426,-0.34241268038749695,0.13744407892227173,0.022589489817619324,33.083335876464844,1,0.0034154849126935005,-0.2720242440700531,-0.16781683266162872,0.02310369163751602,36.24369430541992,1,0.005662418436259031
691,13.82,stop,0.0,0.0,0.0,0.3096279203891754,3.696794033050537,-0.3783245086669922,0.0009179347543977201,0.0013900869525969028,-0.66032694750523,-2.60269288866143,4,0,0,0.0009127759258262813,9.718214278109372e-05,0.0008780768839642406,0.00032539325184188783,0.0013900869525969028,0.0,0.10354426503181458,0.20933780074119568,0.1548570841550827,0.023549586534500122,50.76499557495117,1,0.018426135182380676,0.2183172106742859,-0.1747356802225113,0.023556269705295563,39.582664489746094,1,0.012960171326994896,-0.34242403507232666,0.13745349645614624,0.022589676082134247,33.08297348022461,1,0.003398741828277707,-0.2720446288585663,-0.16780953109264374,0.023103579878807068,36.23941421508789,1,0.005672549828886986
692,13.84,stop,0.0,0.0,0.0,0.30962446331977844,3.696810722351074,-0.37832364439964294,0.0008591949590481818,0.0013460207264870405,-0.6594187457890298,-2.602717648097171,4,0,0,0.000853849807754159,9.568976383889094e-05,0.000822045374661684,0.0003094511339440942,0.0013460207264870405,0.0,0.10354485362768173,0.20932739973068237,0.15485072135925293,0.023549281060695648,50.77185821533203,1,0.018454520031809807,0.2182977944612503,-0.17474235594272614,0.02355598658323288,39.57994842529297,1,0.01295124925673008,-0.342433899641037,0.13746312260627747,0.022589445114135742,33.07882308959961,1,0.0034096117597073317,-0.2720637321472168,-0.16780203580856323,0.023103736340999603,36.24114990234375,1,0.0056541007943451405
693,13.86,stop,0.0,0.0,0.0,0.30962133407592773,3.696826457977295,-0.3783225119113922,0.0008031100151129067,0.0013037561438977718,-0.658577778747472,-2.602752866260079,4,0,0,0.0007977462373673916,9.266427514376119e-05,0.0007691970677115023,0.0002927464956883341,0.0013037561438977718,0.0,0.10354595631361008,0.2093171328306198,0.15484404563903809,0.023549631237983704,50.77302932739258,1,0.01841570995748043,0.2182786613702774,-0.17474901676177979,0.02355610579252243,39.577816009521484,1,0.0129531966522336,-0.34244415163993835,0.1374720335006714,0.022589705884456635,33.076622009277344,1,0.003398205153644085,-0.27208301424980164,-0.16779513657093048,0.023104123771190643,36.235626220703125,1,0.005670745857059956
694,13.88,stop,0.0,0.0,0.0,0.30961844325065613,3.69684100151062,-0.37832143902778625,0.0007516777259297669,0.0012585439253598452,-0.6578032459677632,-2.602799610367211,4,0,0,0.0007462817011401057,8.990556671051309e-05,0.0007206592708826065,0.00027742658858187497,0.0012585439253598452,0.0,0.10354548692703247,0.20930802822113037,0.15483754873275757,0.023549646139144897,50.77440643310547,1,0.018421994522213936,0.21826042234897614,-0.17475612461566925,0.02355606108903885,39.576072692871094,1,0.012959122657775879,-0.3424534499645233,0.13748064637184143,0.022589370608329773,33.071956634521484,1,0.0034100860357284546,-0.27210015058517456,-0.16778847575187683,0.0231034979224205,36.23695755004883,1,0.005672195926308632
695,13.9,stop,0.0,0.0,0.0,0.3096159100532532,3.696854591369629,-0.3783203661441803,0.0007039043703116477,0.0012112259864807129,-0.657068893910281,-2.6028572400883334,4,0,0,0.0006985377985984087,8.675432036397979e-05,0.000675723422318697,0.00026262860046699643,0.0012112259864807129,0.0,0.10354557633399963,0.20930007100105286,0.15483145415782928,0.023549340665340424,50.782752990722656,1,0.018451979383826256,0.2182442545890808,-0.17476233839988708,0.02355612814426422,39.57365036010742,1,0.012952988967299461,-0.34246110916137695,0.1374891996383667,0.02258928120136261,33.07115173339844,1,0.0033962589222937822,-0.2721163034439087,-0.1677817702293396,0.02310333400964737,36.23995590209961,1,0.005674085114151239
696,13.92,stop,0.0,0.0,0.0,0.309613436460495,3.696866750717163,-0.37831947207450867,0.0006578101310878992,0.0011668273946270347,-0.656373068388586,-2.602922767215683,4,0,0,0.0006526619545184076,8.21372595964931e-05,0.0006330443429760635,0.0002468987077008933,0.0011668273946270347,0.0,0.10354611277580261,0.20929239690303802,0.15482547879219055,0.02354951947927475,50.78590393066406,1,0.018468746915459633,0.21822866797447205,-0.17476870119571686,0.023555487394332886,39.57148361206055,1,0.012953093275427818,-0.3424684703350067,0.13749763369560242,0.02258952707052231,33.068485260009766,1,0.0033984670881181955,-0.27213191986083984,-0.1677752137184143,0.02310331165790558,36.238433837890625,1,0.005657543428242207
697,13.94,stop,0.0,0.0,0.0,0.3096112906932831,3.69687819480896,-0.37831854820251465,0.0006150699337013066,0.001121425535529852,-0.6557384477651566,-2.6029949110887913,4,0,0,0.0006101922481320798,7.730763900326565e-05,0.0005936370580457151,0.0002317912585567683,0.001121425535529852,0.0,0.10354524850845337,0.20928499102592468,0.1548195779323578,0.023549750447273254,50.7852897644043,1,0.01844646781682968,0.21821363270282745,-0.17477478086948395,0.023556075990200043,39.571231842041016,1,0.012957817874848843,-0.34247535467147827,0.13750553131103516,0.02258896827697754,33.06781005859375,1,0.003392901038751006,-0.2721462845802307,-0.1677689254283905,0.023102834820747375,36.23817443847656,1,0.005663353018462658
698,13.96,stop,0.0,0.0,0.0,0.30960923433303833,3.696889877319336,-0.37831783294677734,0.000575841695535928,0.001075446023605764,-0.6551417133472797,-2.603075592698362,4,0,0,0.0005711647099815309,7.324296893784776e-05,0.0005572584341280162,0.0002182527823606506,0.001075446023605764,0.0,0.1035459116101265,0.20927831530570984,0.1548139601945877,0.023549824953079224,50.786705017089844,1,0.018440594896674156,0.21819889545440674,-0.17478083074092865,0.023555859923362732,39.56893539428711,1,0.012959047220647335,-0.34248238801956177,0.13751336932182312,0.02258913218975067,33.06123352050781,1,0.0034166884142905474,-0.2721608281135559,-0.167762890458107,0.023103341460227966,36.23892593383789,1,0.005665348377078772
699,13.98,stop,0.0,0.0,0.0,0.3096073567867279,3.6969001293182373,-0.37831708788871765,0.0005395662155933678,0.0010295782703906298,-0.6545864936729516,-2.6031652389312185,4,0,0,0.0005351267755031586,6.907292845426127e-05,0.0005237032892182469,0.00020533196220640093,0.0010295782703906298,0.0,0.10354577004909515,0.2092723548412323,0.15480852127075195,0.023549698293209076,50.790077209472656,1,0.018450459465384483,0.21818558871746063,-0.1747862994670868,0.023555748164653778,39.567657470703125,1,0.012945041060447693,-0.34248828887939453,0.13752099871635437,0.022589057683944702,33.06219482421875,1,0.003392221638932824,-0.2721741497516632,-0.16775698959827423,0.023102983832359314,36.24128723144531,1,0.005663723684847355
700,14.0,stop,0.0,0.0,0.0,0.30960556864738464,3.6969094276428223,-0.37831637263298035,0.0005051679909229279,0.0009843482403084636,-0.6540645178099745,-2.603259154032306,4,0,0,0.0005010272143408656,6.454809044953436e-05,0.0004921767977066338,0.00019256657105870545,0.0009843482403084636,0.0,0.1035456508398056,0.20926670730113983,0.15480318665504456,0.023549549281597137,50.793067932128906,1,0.01845736987888813,0.21817290782928467,-0.17479200661182404,0.023555412888526917,39.56601333618164,1,0.012956262566149235,-0.34249356389045715,0.13752834498882294,0.022589102387428284,33.06226348876953,1,0.0033747926354408264,-0.27218666672706604,-0.1677512675523758,0.02310272306203842,36.24034118652344,1,0.005662611220031977
701,14.02,stop,0.0,0.0,0.0,0.3096039295196533,3.696918249130249,-0.37831583619117737,0.00047276666737161577,0.0009400576236657798,-0.6535658072788578,-2.6033389818682307,4,0,0,0.00046897633001208305,5.974552550469525e-05,0.00046266932622529566,0.00018003401055466384,0.0009400576236657798,0.0,0.10354544222354889,0.20926235616207123,0.15479832887649536,0.023549608886241913,50.79409408569336,1,0.018452627584338188,0.21816109120845795,-0.1747969388961792,0.023555882275104523,39.56529235839844,1,0.012953385710716248,-0.3424978256225586,0.13753575086593628,0.022589147090911865,33.05867385864258,1,0.0033821838442236185,-0.2721980810165405,-0.1677454560995102,0.023102879524230957,36.2378044128418,1,0.00567198870703578
702,14.040000000000001,stop,0.0,0.0,0.0,0.3096025884151459,3.6969265937805176,-0.378315269947052,0.0004431373381521553,0.0008968756883405149,-0.6531395607859667,-2.603423292015798,4,0,0,0.0004396694421302527,5.53307072550524e-05,0.0004357155121397227,0.00016855807916726917,0.0008968756883405149,0.0,0.10354473441839218,0.20925776660442352,0.15479354560375214,0.023549526929855347,50.799381256103516,1,0.018479404971003532,0.21814964711666107,-0.1748022735118866,0.023555435240268707,39.565284729003906,1,0.0129504119977355,-0.34250253438949585,0.1375425010919571,0.02258904278278351,33.062255859375,1,0.0033661851193755865,-0.27220916748046875,-0.16774018108844757,0.02310236543416977,36.24593734741211,1,0.005667452234774828
703,14.06,stop,0.0,0.0,0.0,0.3096012771129608,3.696934223175049,-0.37831491231918335,0.00041477777995169163,0.0008534984663128853,-0.6527136878190458,-2.6034132601754547,4,0,0,0.0004117197822779417,5.027351653552614e-05,0.000410218199249357,0.00015679417992942035,0.0008534984663128853,0.0,0.10354352742433548,0.2092536985874176,0.1547890454530716,0.02354978770017624,50.79556655883789,1,0.018444081768393517,0.21813932061195374,-0.17480677366256714,0.023555755615234375,39.56474304199219,1,0.012957071885466576,-0.3425063192844391,0.1375492662191391,0.022589005529880524,33.05809020996094,1,0.0033612577244639397,-0.27221938967704773,-0.16773487627506256,0.02310282737016678,36.23756408691406,1,0.0056723314337432384
704,14.08,stop,0.0,0.0,0.0,0.3096000850200653,3.696941375732422,-0.3783145844936371,0.00038991053588688374,0.0008090382325462997,-0.6523292762348211,-2.603407283759931,4,0,0,0.0003870612126775086,4.7051493311300874e-05,0.0003873589157592505,0.00014760240446776152,0.0008090382325462997,0.0,0.10354217886924744,0.20924966037273407,0.1547846645116806,0.023549415171146393,50.799896240234375,1,0.018463581800460815,0.21812984347343445,-0.1748112440109253,0.023555420339107513,39.56413650512695,1,0.012947102077305317,-0.34251055121421814,0.13755550980567932,0.02258894592523575,33.055870056152344,1,0.003368892939761281,-0.27222925424575806,-0.16773003339767456,0.023102544248104095,36.239479064941406,1,0.005667665041983128
705,14.1,stop,0.0,0.0,0.0,0.30959898233413696,3.6969473361968994,-0.378314346075058,0.000365646556019783,0.0007717332919128239,-0.6519916087577285,-2.6034644865942296,4,0,0,0.0003630965657066554,4.3107789679197595e-05,0.00036542455200105906,0.00013790346565656364,0.0007717332919128239,0.0,0.10354118794202805,0.20924703776836395,0.154780775308609,0.023549482226371765,50.79957962036133,1,0.018453164026141167,0.21812120079994202,-0.1748153567314148,0.023555219173431396,39.563446044921875,1,0.012956814840435982,-0.3425127863883972,0.1375618577003479,0.02258850634098053,33.057674407958984,1,0.0033548367209732533,-0.27223774790763855,-0.16772501170635223,0.02310270071029663,36.240230560302734,1,0.0056683761067688465
706,14.120000000000001,stop,0.0,0.0,0.0,0.309597909450531,3.6969549655914307,-0.3783141076564789,0.0003440552391111851,0.0007325201295316219,-0.6516933749509223,-2.603507175276542,4,0,0,0.0003417146217543632,4.006403833045624e-05,0.00034569669514894485,0.00012970030365977436,0.0007325201295316219,0.0,0.10354068875312805,0.20924341678619385,0.15477661788463593,0.02354946732521057,50.79766082763672,1,0.0184465404599905,0.21811166405677795,-0.1748199164867401,0.023555338382720947,39.56296920776367,1,0.012958524748682976,-0.3425164818763733,0.1375674456357956,0.022588804364204407,33.05412673950195,1,0.0033641387708485126,-0.27224722504615784,-0.16772067546844482,0.02310270071029663,36.2373046875,1,0.005670772399753332
707,14.14,stop,0.0,0.0,0.0,0.309596985578537,3.696960926055908,-0.37831389904022217,0.0003240469377487898,0.000692984031047672,-0.6514119498127766,-2.603552638723205,4,0,0,0.0003219040809199214,3.7204539694357663e-05,0.0003273775218985975,0.00012204954691696912,0.000692984031047672,0.0,0.10353954881429672,0.20923994481563568,0.15477241575717926,0.023549698293209076,50.80291748046875,1,0.018466129899024963,0.21810294687747955,-0.17482413351535797,0.023555420339107513,39.56281280517578,1,0.012952877208590508,-0.3425200581550598,0.1375727355480194,0.022588685154914856,33.054500579833984,1,0.003347126068547368,-0.27225562930107117,-0.1677166223526001,0.02310209721326828,36.24414825439453,1,0.005679058376699686
708,14.16,stop,0.0,0.0,0.0,0.3095960021018982,3.6969664096832275,-0.3783137798309326,0.00030486180912703276,0.0006540656904689968,-0.6511210798036693,-2.6035626705635484,4,0,0,0.0003028608043678105,3.487199865048751e-05,0.00030971202068030834,0.00011511078628245741,0.0006540656904689968,0.0,0.10353877395391464,0.20923715829849243,0.15476877987384796,0.023549407720565796,50.804710388183594,1,0.01847773976624012,0.21809472143650055,-0.17482782900333405,0.023555032908916473,39.56271743774414,1,0.012942870147526264,-0.3425227701663971,0.1375783234834671,0.022588804364204407,33.05668258666992,1,0.0033345508854836226,-0.2722637951374054,-0.1677122563123703,0.02310234308242798,36.24308395385742,1,0.0056674545630812645
709,14.18,stop,0.0,0.0,0.0,0.3095952272415161,3.6969728469848633,-0.37831375002861023,0.0002865848655346781,0.0006199164781719446,-0.6508407752434343,-2.6035739830643614,4,0,0,0.0002848204458132386,3.1752137147122994e-05,0.00029324297793209553,0.00010766625200631097,0.0006199164781719446,0.0,0.10353807359933853,0.20923422276973724,0.15476539731025696,0.02354951947927475,50.8033561706543,1,0.01845766231417656,0.21808752417564392,-0.17483124136924744,0.023555077612400055,39.56083297729492,1,0.012951766140758991,-0.34252557158470154,0.1375836282968521,0.022588863968849182,33.05112838745117,1,0.003351413644850254,-0.27227136492729187,-0.16770802438259125,0.023102767765522003,36.238216400146484,1,0.005678541027009487
710,14.200000000000001,stop,0.0,0.0,0.0,0.3095944821834564,3.696977376937866,-0.3783135712146759,0.0002700587210711092,0.0005843192338943481,-0.6505970762282823,-2.603587216555878,4,0,0,0.0002684564678929746,2.9374305086093955e-05,0.0002780849172268063,0.00010132508759852499,0.0005843192338943481,0.0,0.10353680700063705,0.2092316895723343,0.15476185083389282,0.02354954183101654,50.80338668823242,1,0.018456321209669113,0.21808002889156342,-0.17483492195606232,0.023555152118206024,39.56173324584961,1,0.01294974610209465,-0.34252798557281494,0.13758860528469086,0.02258903533220291,33.049617767333984,1,0.003341337200254202,-0.27227818965911865,-0.16770398616790771,0.02310236543416977,36.23984909057617,1,0.005675562657415867
711,14.22,stop,0.0,0.0,0.0,0.3095938265323639,3.6969809532165527,-0.3783135712146759,0.00025510808336548507,0.0005503148422576487,-0.6503780832880188,-2.6036422849560616,4,0,0,0.00025364922476001084,2.7243460863246582e-05,0.00026437739143148065,9.561082697473466e-05,0.0005503148422576487,0.0,0.10353567451238632,0.20923036336898804,0.1547590047121048,0.02354922890663147,50.80634307861328,1,0.018489021807909012,0.2180737853050232,-0.174838125705719,0.0235554501414299,39.56144332885742,1,0.012937509454786777,-0.3425291180610657,0.13759365677833557,0.022588759660720825,33.05229949951172,1,0.003335242858156562,-0.2722844183444977,-0.16770005226135254,0.02310238778591156,36.243221282958984,1,0.005667355377227068
712,14.24,stop,0.0,0.0,0.0,0.3095932602882385,3.6969845294952393,-0.37831351161003113,0.00024045121972449124,0.0005192840471863747,-0.6501419081531246,-2.6036582932119288,4,0,0,0.00023911935568321496,2.5272935090470128e-05,0.0002510621561668813,9.0161913249176e-05,0.0005192840471863747,0.0,0.10353419929742813,0.20922967791557312,0.15475624799728394,0.023549340665340424,50.805633544921875,1,0.01847807504236698,0.21806806325912476,-0.17484110593795776,0.02355533093214035,39.560447692871094,1,0.012951853685081005,-0.34253013134002686,0.13759858906269073,0.02258872240781784,33.05217361450195,1,0.0033338330686092377,-0.2722894549369812,-0.16769587993621826,0.023102112114429474,36.240882873535156,1,0.005671306978911161
713,14.26,stop,0.0,0.0,0.0,0.30959275364875793,3.696985960006714,-0.37831345200538635,0.0002282310015289113,0.0004872946592513472,-0.649941484789667,-2.6037146422725814,4,0,0,0.00022698294196743518,2.3835546016925946e-05,0.00023984118888620287,8.580051508033648e-05,0.0004872946592513472,0.0,0.10353424400091171,0.20923006534576416,0.15475386381149292,0.023549437522888184,50.80299377441406,1,0.018479881808161736,0.21806471049785614,-0.17484331130981445,0.02355474978685379,39.559391021728516,1,0.012946035712957382,-0.3425300717353821,0.13760362565517426,0.022589027881622314,33.050514221191406,1,0.0033299082424491644,-0.2722935974597931,-0.16769199073314667,0.023102395236492157,36.240543365478516,1,0.005675208754837513
714,14.280000000000001,stop,0.0,0.0,0.0,0.3095923066139221,3.696989059448242,-0.3783135712146759,0.00021803233539685607,0.0004580693494062871,-0.6498240375524544,-2.60376907034253,4,0,0,0.00021687101980205625,2.2473541321232915e-05,0.00023052583856042475,8.200597949326038e-05,0.0004580693494062871,0.0,0.10353310406208038,0.20922870934009552,0.15475095808506012,0.023549869656562805,50.80600357055664,1,0.018476715311408043,0.21805880963802338,-0.17484673857688904,0.023555301129817963,39.56124496459961,1,0.01295381784439087,-0.3425315320491791,0.13760797679424286,0.022588521242141724,33.047096252441406,1,0.0033520867582410574,-0.2722989320755005,-0.1676885485649109,0.02310234308242798,36.23776626586914,1,0.005674721673130989
715,14.3,stop,0.0,0.0,0.0,0.30959200859069824,3.6969921588897705,-0.37831366062164307,0.00020769792899955064,0.0004274551465641707,-0.6497423420866788,-2.603929579788025,4,0,0,0.00020655139815062284,2.179328839702066e-05,0.00022090700804255903,7.883753278292716e-05,0.0004274551465641707,0.0,0.1035335436463356,0.20922695100307465,0.15474796295166016,0.023549728095531464,50.80562210083008,1,0.018469734117388725,0.21805350482463837,-0.17484977841377258,0.023555457592010498,39.56171417236328,1,0.012953386642038822,-0.34253329038619995,0.1376119703054428,0.022588901221752167,33.04708480834961,1,0.003351443214341998,-0.2723046541213989,-0.16768546402454376,0.02310258150100708,36.23671340942383,1,0.005670224782079458
716,14.32,stop,0.0,0.0,0.0,0.30959171056747437,3.696995496749878,-0.37831372022628784,0.00019849387172143906,0.00039823324186727405,-0.649665075571693,-2.604050175315558,4,0,0,0.00019747913756873459,2.0045168639626354e-05,0.00021261564688757062,7.490792631870136e-05,0.00039823324186727405,0.0,0.1035328358411789,0.2092251032590866,0.15474486351013184,0.023549742996692657,50.80463409423828,1,0.018449172377586365,0.21804828941822052,-0.17485268414020538,0.023555181920528412,39.560951232910156,1,0.012943588197231293,-0.34253478050231934,0.13761569559574127,0.022588610649108887,33.049072265625,1,0.0033337476197630167,-0.2723101079463959,-0.16768258810043335,0.023102499544620514,36.23942565917969,1,0.005667092278599739
717,14.34,stop,0.0,0.0,0.0,0.30959147214889526,3.696998119354248,-0.378313809633255,0.0001901830401038751,0.00036958340206183493,-0.649543519548808,-2.6040700255528337,4,0,0,0.00018928678764495999,1.844181133492384e-05,0.00020508636953309178,7.132320752134547e-05,0.00036958340206183493,0.0,0.10353174060583115,0.20922431349754333,0.1547425091266632,0.023549526929855347,50.80557632446289,1,0.018461626023054123,0.2180432230234146,-0.1748552769422531,0.02355506271123886,39.559852600097656,1,0.012937675230205059,-0.3425358533859253,0.1376194953918457,0.02258875221014023,33.047401428222656,1,0.0033328095450997353,-0.2723142206668854,-0.16767951846122742,0.02310248464345932,36.241127014160156,1,0.005680759437382221
718,14.36,stop,0.0,0.0,0.0,0.3095911741256714,3.6970021724700928,-0.378313809633255,0.0001825887302402407,0.00034424642217345536,-0.6494333293875886,-2.604069812109422,4,0,0,0.00018177511810790747,1.7217709682881832e-05,0.00019807269563898444,6.82626196066849e-05,0.00034424642217345536,0.0,0.10353002697229385,0.20922265946865082,0.15473982691764832,0.02354954183101654,50.807838439941406,1,0.018472107127308846,0.21803772449493408,-0.1748582124710083,0.02355494350194931,39.560691833496094,1,0.01294953003525734,-0.3425368666648865,0.13762281835079193,0.022588878870010376,33.04860305786133,1,0.003318759147077799,-0.27231934666633606,-0.1676769256591797,0.02310190349817276,36.24269104003906,1,0.005676985252648592
719,14.38,stop,0.0,0.0,0.0,0.3095908463001251,3.697005033493042,-0.37831392884254456,0.00017435362678952515,0.0003149789699818939,-0.6493082515484128,-2.604072373430361,4,0,0,0.00017355421732645482,1.6677051462465897e-05,0.00019027607049793005,6.570688856299967e-05,0.0003149789699818939,0.0,0.10352940112352371,0.20922088623046875,0.1547374427318573,0.023549817502498627,50.80531692504883,1,0.018461506813764572,0.21803392469882965,-0.17486050724983215,0.023554794490337372,39.55986785888672,1,0.012946697883307934,-0.3425384759902954,0.13762612640857697,0.022588923573493958,33.04648971557617,1,0.003326417412608862,-0.2723248302936554,-0.16767460107803345,0.023102089762687683,36.23802947998047,1,0.005682883318513632
720,14.4,stop,0.0,0.0,0.0,0.309590607881546,3.697007656097412,-0.37831398844718933,0.00016743144078645855,0.00028746880707331,-0.6491942194057853,-2.604074294421065,4,0,0,0.00016666247393004596,1.6028307072701864e-05,0.00018373651255387813,6.336185469990596e-05,0.00028746880707331,0.0,0.1035282090306282,0.20922090113162994,0.15473544597625732,0.023549281060695648,50.810455322265625,1,0.018502475693821907,0.21802952885627747,-0.17486286163330078,0.023554928600788116,39.55989074707031,1,0.012947015464305878,-0.3425397276878357,0.1376294493675232,0.022588729858398438,33.04599380493164,1,0.0033282616641372442,-0.27232882380485535,-0.1676720380783081,0.023102372884750366,36.240421295166016,1,0.005678522400557995
721,14.42,stop,0.0,0.0,0.0,0.3095903992652893,3.697009801864624,-0.3783140182495117,0.00015879863349255174,0.00026874057948589325,-0.6490806675108338,-2.6040984135265717,4,0,0,0.00015814464131835848,1.4397191989701241e-05,0.00017603130254428834,5.97037942497991e-05,0.00026874057948589325,0.0,0.1035274937748909,0.2092193216085434,0.15473338961601257,0.023549824953079224,50.81037139892578,1,0.01847667247056961,0.21802598237991333,-0.1748647838830948,0.02355467528104782,39.559844970703125,1,0.012947539798915386,-0.3425406515598297,0.1376325935125351,0.022588901221752167,33.046226501464844,1,0.0033268139231950045,-0.27233144640922546,-0.167669415473938,0.02310224622488022,36.240325927734375,1,0.00568249961361289
722,14.44,stop,0.0,0.0,0.0,0.3095901608467102,3.697012424468994,-0.3783140778541565,0.0001527334825368598,0.00024484851746819913,-0.6489959838372962,-2.604121678858432,4,0,0,0.0001521043450338766,1.3848663911630865e-05,0.0001702923618722707,5.766762842540629e-05,0.00024484851746819913,0.0,0.10352636128664017,0.20921862125396729,0.15473133325576782,0.023549802601337433,50.811241149902344,1,0.018484586849808693,0.21802116930484772,-0.17486727237701416,0.023554787039756775,39.560585021972656,1,0.012957047671079636,-0.34254190325737,0.13763554394245148,0.022588714957237244,33.04436492919922,1,0.003336035879328847,-0.2723361551761627,-0.1676671952009201,0.02310236543416977,36.23942565917969,1,0.005678214132785797
723,14.46,stop,0.0,0.0,0.0,0.3095899224281311,3.697014570236206,-0.3783141076564789,0.00014558847760781646,0.00022305655875243247,-0.6488973196203013,-2.604123172962313,4,0,0,0.0001449868577765301,1.3221922927186824e-05,0.00016364676412194967,5.5318181694019586e-05,0.00022305655875243247,0.0,0.10352526605129242,0.20921769738197327,0.15472951531410217,0.023549668490886688,50.80958557128906,1,0.018472639843821526,0.2180185616016388,-0.17486897110939026,0.02355460822582245,39.55950164794922,1,0.01294535119086504,-0.3425421416759491,0.13763847947120667,0.022588543593883514,33.04410934448242,1,0.0033269759733229876,-0.2723390460014343,-0.16766484081745148,0.02310219407081604,36.236446380615234,1,0.005680830217897892
724,14.48,stop,0.0,0.0,0.0,0.3095897138118744,3.697017192840576,-0.37831416726112366,0.00013998030044604093,0.00020251212117727846,-0.6488258694382806,-2.6041477189546427,4,0,0,0.00013939767086412758,1.2758272532664705e-05,0.0001583405100973323,5.348067497834563e-05,0.00020251212117727846,0.0,0.1035243570804596,0.2092168927192688,0.15472738444805145,0.023549653589725494,50.808536529541016,1,0.018455101177096367,0.21801483631134033,-0.17487099766731262,0.023554973304271698,39.56020736694336,1,0.0129597969353199,-0.3425435423851013,0.13764095306396484,0.022588394582271576,33.04365158081055,1,0.003331687767058611,-0.2723426818847656,-0.16766276955604553,0.023102112114429474,36.23720932006836,1,0.005689335521310568
725,14.5,stop,0.0,0.0,0.0,0.3095894753932953,3.697019100189209,-0.37831440567970276,0.0001347215147688985,0.00018295616609975696,-0.6487491898926766,-2.6041716246167375,4,0,0,0.00013414921704679728,1.2404673725541215e-05,0.00015331186295952648,5.18280103278812e-05,0.00018295616609975696,0.0,0.10352382808923721,0.2092161625623703,0.15472587943077087,0.023549407720565796,50.811241149902344,1,0.018469180911779404,0.21801187098026276,-0.17487293481826782,0.023555003106594086,39.56037139892578,1,0.012951776385307312,-0.3425444960594177,0.13764363527297974,0.022588558495044708,33.044349670410156,1,0.00332578900270164,-0.27234601974487305,-0.16766077280044556,0.02310202270746231,36.239044189453125,1,0.005684640258550644
726,14.52,stop,0.0,0.0,0.0,0.3095892369747162,3.697021484375,-0.3783144950866699,0.00012914607941638678,0.00016541368677280843,-0.6486875047467349,-2.6041951033920094,4,0,0,0.0001285477919736877,1.2416641766321845e-05,0.00014791503781452775,5.045838042860851e-05,0.00016541368677280843,0.0,0.10352347046136856,0.20921474695205688,0.15472401678562164,0.023549705743789673,50.810726165771484,1,0.018464643508195877,0.21800747513771057,-0.17487478256225586,0.023554988205432892,39.56092071533203,1,0.012958753854036331,-0.3425457179546356,0.13764582574367523,0.022588670253753662,33.04434585571289,1,0.0033144389744848013,-0.2723497450351715,-0.1676589548587799,0.023102201521396637,36.239967346191406,1,0.005691413301974535
727,14.540000000000001,stop,0.0,0.0,0.0,0.30958887934684753,3.697023391723633,-0.3783146142959595,0.00012417677498888224,0.00014447075955104083,-0.6486237918883834,-2.604220716601397,4,0,0,0.00012351476470939815,1.2805194273823872e-05,0.0001429345429642126,4.9584316002437845e-05,0.00014447075955104083,0.0,0.10352251678705215,0.2092137187719345,0.15472234785556793,0.0235496386885643,50.81045150756836,1,0.018466169014573097,0.21800437569618225,-0.17487646639347076,0.02355477213859558,39.560298919677734,1,0.012950255535542965,-0.34254637360572815,0.137648344039917,0.022588416934013367,33.041954040527344,1,0.003315359354019165,-0.2723529636859894,-0.16765718162059784,0.023102059960365295,36.236915588378906,1,0.005684268195182085
728,14.56,stop,0.0,0.0,0.0,0.3095887005329132,3.6970252990722656,-0.37831467390060425,0.00011895679199369624,0.00012726093700621277,-0.6485542093362139,-2.6042027873548257,4,0,0,0.00011830803850898519,1.2406705536704976e-05,0.00013803453475702554,4.79182563140057e-05,0.00012726093700621277,0.0,0.10352209955453873,0.20921333134174347,0.15472076833248138,0.023549363017082214,50.8127555847168,1,0.018471363931894302,0.21800175309181213,-0.17487795650959015,0.023554891347885132,39.56029510498047,1,0.01294925156980753,-0.3425470292568207,0.13765057921409607,0.022588714957237244,33.04263687133789,1,0.0033130680676549673,-0.27235519886016846,-0.16765540838241577,0.0231020525097847,36.239166259765625,1,0.005686165299266577
729,14.58,stop,0.0,0.0,0.0,0.3095884919166565,3.6970267295837402,-0.37831467390060425,0.00011386777623556554,0.00011228978837607428,-0.648474061335172,-2.604186565655547,4,0,0,0.00011320483463350683,1.2269309081602842e-05,0.00013322777522262186,4.654514486901462e-05,0.00011228978837607428,0.0,0.10352109372615814,0.20921333134174347,0.15471956133842468,0.023549415171146393,50.81309127807617,1,0.018486257642507553,0.21799969673156738,-0.17487944662570953,0.02355486899614334,39.56003189086914,1,0.012948671355843544,-0.34254705905914307,0.1376529037952423,0.022588469088077545,33.04192352294922,1,0.0033192564733326435,-0.27235743403434753,-0.167653426527977,0.02310211956501007,36.23917007446289,1,0.0056826286017894745
730,14.6,stop,0.0,0.0,0.0,0.30958834290504456,3.697028398513794,-0.37831470370292664,0.00010942733933916315,9.835324453888461e-05,-0.6484001565539184,-2.6042335232060907,4,0,0,0.00010874063445953652,1.2240013347764034e-05,0.00012895819963887334,4.542132228380069e-05,9.835324453888461e-05,0.0,0.1035211980342865,0.209212526679039,0.15471819043159485,0.02354954183101654,50.8134765625,1,0.018479911610484123,0.21799753606319427,-0.174880713224411,0.02355455607175827,39.56008529663086,1,0.012937471270561218,-0.34254762530326843,0.13765496015548706,0.02258867770433426,33.044918060302734,1,0.003313011722639203,-0.2723603844642639,-0.16765184700489044,0.023102208971977234,36.238826751708984,1,0.005682331044226885
731,14.620000000000001,stop,0.0,0.0,0.0,0.30958816409111023,3.6970291137695312,-0.3783147633075714,0.00010554673644946888,8.360621723113582e-05,-0.6483386848513882,-2.6042369383006756,4,0,0,0.00010494689195184037,1.1236697901040316e-05,0.0001255425886483863,4.3511081457836553e-05,8.360621723113582e-05,0.0,0.10352038592100143,0.20921258628368378,0.15471693873405457,0.02354949712753296,50.81431198120117,1,0.01848835125565529,0.21799501776695251,-0.17488215863704681,0.02355443686246872,39.559566497802734,1,0.012950298376381397,-0.34254810214042664,0.13765697181224823,0.022588618099689484,33.043819427490234,1,0.003307308303192258,-0.2723623812198639,-0.16765010356903076,0.023102007806301117,36.24310302734375,1,0.00567279290407896
732,14.64,stop,0.0,0.0,0.0,0.30958813428878784,3.6970298290252686,-0.3783147931098938,0.00010203872807323933,6.71373782097362e-05,-0.6482818021822068,-2.6042386458479685,4,0,0,0.00010145112901227549,1.0934844794974197e-05,0.00012228538980707526,4.23651872552e-05,6.71373782097362e-05,0.0,0.10351941734552383,0.2092130482196808,0.1547158807516098,0.02354920655488968,50.81562423706055,1,0.018504127860069275,0.21799367666244507,-0.17488309741020203,0.02355463057756424,39.55984115600586,1,0.012940717861056328,-0.3425472676753998,0.1376592218875885,0.022588618099689484,33.04400634765625,1,0.003305630525574088,-0.2723635733127594,-0.1676485538482666,0.02310214936733246,36.238433837890625,1,0.00568414619192481
733,14.66,stop,0.0,0.0,0.0,0.3095879554748535,3.697030544281006,-0.3783148229122162,9.850301285041496e-05,5.670102473231964e-05,-0.6482315362587837,-2.60421836872387,4,0,0,9.801322448765859e-05,9.810765732254367e-06,0.00011934549547731876,4.045153400511481e-05,5.670102473231964e-05,0.0,0.10351885855197906,0.20921312272548676,0.15471488237380981,0.023549802601337433,50.81359100341797,1,0.018476514145731926,0.21799227595329285,-0.17488422989845276,0.023554719984531403,39.5602912902832,1,0.012947910465300083,-0.3425469696521759,0.13766121864318848,0.0225885808467865,33.04454040527344,1,0.003312167711555958,-0.27236515283584595,-0.16764679551124573,0.023102007806301117,36.240238189697266,1,0.005680331494659185
734,14.68,stop,0.0,0.0,0.0,0.30958792567253113,3.6970319747924805,-0.3783149719238281,9.678096830612049e-05,4.0429047658108175e-05,-0.6481878337202661,-2.6042409937254956,4,0,0,9.62451595114544e-05,1.016984970192425e-05,0.00011755829473258927,4.036410973640159e-05,4.0429047658108175e-05,0.0,0.10351816564798355,0.20921313762664795,0.15471386909484863,0.023549340665340424,50.81446838378906,1,0.018500888720154762,0.217990443110466,-0.17488530278205872,0.02355470508337021,39.559879302978516,1,0.0129396952688694,-0.3425474464893341,0.13766296207904816,0.022588558495044708,33.04335021972656,1,0.0033144201152026653,-0.27236711978912354,-0.1676454097032547,0.02310192584991455,36.2396125793457,1,0.0056799352169036865
735,14.700000000000001,stop,0.0,0.0,0.0,0.309587687253952,3.697032928466797,-0.3783152103424072,9.387297905050218e-05,2.7436106392997317e-05,-0.6481538962178277,-2.60426212462324,4,0,0,9.33514820644632e-05,9.881176993076224e-06,0.00011489218741189688,3.938321242458187e-05,2.7436106392997317e-05,0.0,0.1035180389881134,0.20921218395233154,0.15471281111240387,0.023549355566501617,50.81550598144531,1,0.01851215586066246,0.21798773109912872,-0.1748865693807602,0.02355436235666275,39.56032180786133,1,0.01293690875172615,-0.34254857897758484,0.13766437768936157,0.022588811814785004,33.043663024902344,1,0.0033108640927821398,-0.27236950397491455,-0.16764415800571442,0.023101806640625,36.23934555053711,1,0.005674775689840317
736,14.72,stop,0.0,0.0,0.0,0.30958765745162964,3.6970341205596924,-0.37831535935401917,9.158805914921686e-05,1.2703235370281618e-05,-0.6481089663796937,-2.604305240192376,4,0,0,9.102070180233568e-05,1.0178615411859937e-05,0.00011263607302680612,3.911190287908539e-05,1.2703235370281618e-05,0.0,0.10351784527301788,0.2092123031616211,0.15471181273460388,0.023549124598503113,50.82028579711914,1,0.01853111945092678,0.21798615157604218,-0.1748874932527542,0.023554697632789612,39.5601692199707,1,0.012932894751429558,-0.34254857897758484,0.13766635954380035,0.02258884161710739,33.04376220703125,1,0.0033100515138357878,-0.27237099409103394,-0.1676427572965622,0.02310192584991455,36.24190902709961,1,0.005671204533427954
737,14.74,stop,0.0,0.0,0.0,0.3095877170562744,3.697035312652588,-0.3783154785633087,8.80549123394303e-05,4.717884166893782e-06,-0.6480889026990068,-2.6043048133055526,4,0,0,8.753765723668039e-05,9.530266652291175e-06,0.00010957408812828362,3.7658275687135756e-05,4.717884166893782e-06,0.0,0.1035170629620552,0.20921090245246887,0.15471066534519196,0.023549631237983704,50.8138427734375,1,0.018474670127034187,0.21798406541347504,-0.1748884618282318,0.02355489879846573,39.5606803894043,1,0.012946899980306625,-0.34254950284957886,0.1376677006483078,0.022588759660720825,33.04035568237305,1,0.003324232529848814,-0.27237364649772644,-0.1676418036222458,0.02310221642255783,36.23668670654297,1,0.005694124381989241
738,14.76,stop,0.0,0.0,0.0,0.309587687253952,3.6970369815826416,-0.3783155679702759,8.653994154883549e-05,1.2135975339333527e-05,-0.6480839935005408,-2.604366711894906,4,0,0,8.583505405113101e-05,1.1022910257452168e-05,0.00010748542990768328,3.866486804326996e-05,-1.2135975339333527e-05,0.0,0.10351691395044327,0.2092101275920868,0.1547096073627472,0.023549869656562805,50.81207275390625,1,0.01848587952554226,0.2179815173149109,-0.1748896688222885,0.023554757237434387,39.559810638427734,1,0.012941685505211353,-0.34255099296569824,0.13766878843307495,0.02258870005607605,33.040122985839844,1,0.0033107688650488853,-0.2723758816719055,-0.16764087975025177,0.023101933300495148,36.235843658447266,1,0.005685986950993538
739,14.780000000000001,stop,0.0,0.0,0.0,0.3095877766609192,3.6970374584198,-0.3783155679702759,8.430611342191696e-05,2.1717005438404158e-05,-0.6480697995136719,-2.6044499548254154,4,0,0,8.363978849956766e-05,1.0578571163932793e-05,0.00010537385969655588,3.766639929381199e-05,-2.1717005438404158e-05,0.0,0.10351676493883133,0.20920990407466888,0.15470868349075317,0.023549802601337433,50.81121826171875,1,0.018470685929059982,0.21798010170459747,-0.17489074170589447,0.0235549658536911,39.5583381652832,1,0.012948073446750641,-0.34255075454711914,0.1376701444387436,0.022588416934013367,33.0410041809082,1,0.00331165106035769,-0.27237769961357117,-0.16763977706432343,0.02310219407081604,36.23877716064453,1,0.005678811576217413
740,14.8,stop,0.0,0.0,0.0,0.30958762764930725,3.6970388889312744,-0.37831559777259827,8.246380457421765e-05,3.123701026197523e-05,-0.6480452535213421,-2.604470658836337,4,0,0,8.173094829544425e-05,1.0969539289362729e-05,0.00010335436672903597,3.755356738111004e-05,-3.123701026197523e-05,0.0,0.10351676493883133,0.20920908451080322,0.15470753610134125,0.02354951947927475,50.81446075439453,1,0.018486686050891876,0.2179776132106781,-0.17489200830459595,0.023554548621177673,39.559303283691406,1,0.012953609228134155,-0.3425520360469818,0.13767115771770477,0.022588886320590973,33.040672302246094,1,0.003317832015454769,-0.27237939834594727,-0.167638897895813,0.023102030158042908,36.23646926879883,1,0.005686865653842688
741,14.82,stop,0.0,0.0,0.0,0.3095875382423401,3.697039842605591,-0.37831568717956543,7.946162077132612e-05,4.1859966586343944e-05,-0.6480018711479419,-2.604469805062691,4,0,0,7.873258437030017e-05,1.0739167009887751e-05,0.00010052209836430848,3.659095091279596e-05,-4.1859966586343944e-05,0.0,0.10351628810167313,0.20920923352241516,0.1547069400548935,0.023549623787403107,50.815643310546875,1,0.018497010692954063,0.2179768681526184,-0.17489254474639893,0.023554496467113495,39.5590705871582,1,0.012935429811477661,-0.34255167841911316,0.13767270743846893,0.022588714957237244,33.042755126953125,1,0.003300194162875414,-0.2723807692527771,-0.16763773560523987,0.023102067410945892,36.23687744140625,1,0.005680391564965248
742,14.84,stop,0.0,0.0,0.0,0.3095874488353729,3.697040319442749,-0.37831568717956543,7.696680404478684e-05,4.7281584556913e-05,-0.6479658525722407,-2.604469164732456,4,0,0,7.637385715497658e-05,9.53533799474826e-06,9.849552589002997e-05,3.4830016375053674e-05,-4.7281584556913e-05,0.0,0.10351572930812836,0.20920895040035248,0.1547059863805771,0.023549333214759827,50.82014846801758,1,0.018502291291952133,0.2179759293794632,-0.17489317059516907,0.023554719984531403,39.559085845947266,1,0.012937230058014393,-0.3425517976284027,0.137674018740654,0.02258884906768799,33.03814697265625,1,0.0033248700201511383,-0.27238184213638306,-0.16763684153556824,0.023101814091205597,36.23939514160156,1,0.0056785535998642445
743,14.86,stop,0.0,0.0,0.0,0.30958741903305054,3.6970410346984863,-0.3783157467842102,7.384258060483262e-05,5.53134195797611e-05,-0.6479294071097164,-2.6044469666176537,4,0,0,7.325988553930074e-05,9.258285899704788e-06,9.565838990965858e-05,3.381750502740033e-05,-5.53134195797611e-05,0.0,0.1035151407122612,0.20920845866203308,0.1547052562236786,0.02354971319437027,50.81235885620117,1,0.018469899892807007,0.21797429025173187,-0.174894317984581,0.023554973304271698,39.5601692199707,1,0.012950141914188862,-0.3425520956516266,0.13767525553703308,0.0225888192653656,33.03844451904297,1,0.003328017657622695,-0.27238327264785767,-0.1676359623670578,0.023102134466171265,36.23234939575195,1,0.005693321116268635
744,14.88,stop,0.0,0.0,0.0,0.30958735942840576,3.6970407962799072,-0.37831583619117737,7.280994759639725e-05,6.52797898510471e-05,-0.6478948292770432,-2.6044452590703613,4,0,0,7.216480298666283e-05,9.67109008342959e-06,9.440210851607844e-05,3.3922500733751804e-05,-6.52797898510471e-05,0.0,0.10351463407278061,0.20920903980731964,0.15470463037490845,0.02354951947927475,50.81328582763672,1,0.018474970012903214,0.21797332167625427,-0.17489475011825562,0.023554570972919464,39.55868148803711,1,0.012942655943334103,-0.3425517678260803,0.13767650723457336,0.022588789463043213,33.03810119628906,1,0.0033135588746517897,-0.2723839282989502,-0.16763468086719513,0.023101940751075745,36.235435485839844,1,0.005684846546500921
745,14.9,stop,0.0,0.0,0.0,0.3095872402191162,3.6970412731170654,-0.37831583619117737,7.174686470534652e-05,7.327754428843036e-05,-0.6478760996176786,-2.60444099020213,4,0,0,7.106907287379727e-05,9.838697224040516e-06,9.329922613687813e-05,3.3813168556662276e-05,-7.327754428843036e-05,0.0,0.10351424664258957,0.2092093825340271,0.1547040492296219,0.023549772799015045,50.815425872802734,1,0.018489601090550423,0.217972993850708,-0.17489540576934814,0.023554645478725433,39.5590705871582,1,0.012934369966387749,-0.34255144000053406,0.13767753541469574,0.022588513791561127,33.04218673706055,1,0.0033028828911483288,-0.2723848521709442,-0.1676340103149414,0.0231020450592041,36.236915588378906,1,0.005689049139618874
746,14.92,stop,0.0,0.0,0.0,0.30958712100982666,3.697042465209961,-0.3783159554004669,7.043473306111991e-05,7.938808994367719e-05,-0.6478615854656923,-2.604438428881191,4,0,0,6.982269405853003e-05,9.265134394809138e-06,9.22989784157835e-05,3.2964682759484276e-05,-7.938808994367719e-05,0.0,0.10351391136646271,0.20920917391777039,0.15470339357852936,0.02354966104030609,50.815284729003906,1,0.01848534494638443,0.21797128021717072,-0.1748962700366974,0.023554809391498566,39.560489654541016,1,0.012951486743986607,-0.34255194664001465,0.1376786231994629,0.022588536143302917,33.041282653808594,1,0.003308697836473584,-0.2723856568336487,-0.16763299703598022,0.023102015256881714,36.237464904785156,1,0.005682197865098715
747,14.94,stop,0.0,0.0,0.0,0.3095870018005371,3.6970434188842773,-0.3783159554004669,7.316176925087348e-05,0.00041041456279344857,-0.6478321302748966,-2.604464468977402,4,0,0,7.233983342302963e-05,1.0935853424598463e-05,8.541421993868425e-05,3.299128366052173e-05,-0.00041041456279344857,0.0,0.10351542383432388,0.20920860767364502,0.15470264852046967,0.02354973554611206,50.814903259277344,1,0.018812507390975952,0.21797171235084534,-0.1748991459608078,0.023545756936073303,40.04092788696289,1,0.0026552609633654356,-0.3425513207912445,0.13767977058887482,0.022588640451431274,33.03776931762695,1,0.002357867080718279,-0.27238717675209045,-0.1676325500011444,0.023101888597011566,36.238887786865234,1,0.005968877580016851
748,14.96,stop,0.0,0.0,0.0,0.3095894753932953,3.6970438957214355,-0.37831616401672363,3.338541500852443e-05,0.00017920836398843676,-0.6455618394278079,-2.605182706057311,4,0,0,3.277379073551856e-05,6.36118556940346e-06,6.633070734096691e-05,2.3231339582707733e-05,-0.00017920836398843676,0.0,0.10351216793060303,0.20920433104038239,0.15471403300762177,0.023549802601337433,50.84260177612305,1,0.018379436805844307,0.21796950697898865,-0.17487949132919312,0.023544222116470337,39.59176254272461,1,0.013848270289599895,-0.34255626797676086,0.1376909464597702,0.02258870005607605,33.085777282714844,1,0.003360134782269597,-0.27239155769348145,-0.16762112081050873,0.023101739585399628,36.21786880493164,1,0.005662500858306885
749,14.98,stop,0.0,0.0,0.0,0.30959272384643555,3.6970441341400146,-0.37831568717956543,7.142676622606814e-05,0.00016207828593906015,-0.6463531275153244,-2.6059276235636655,4,0,0,5.1208386139478534e-05,4.979442383046262e-05,7.16062422725372e-05,6.943142943782732e-05,-0.00016207828593906015,0.0,0.10351412743330002,0.20920132100582123,0.1547093242406845,0.023549780249595642,50.78514862060547,1,0.018441542983055115,0.21796561777591705,-0.1748841553926468,0.02354416996240616,39.516056060791016,1,0.013876637443900108,-0.3425596058368683,0.13768693804740906,0.022588439285755157,33.03713607788086,1,0.0033080033026635647,-0.27239513397216797,-0.16762489080429077,0.023101702332496643,36.24130630493164,1,0.0056714811362326145
750,15.0,stop,0.0,0.0,0.0,0.30959466099739075,3.6970443725585938,-0.37831512093544006,7.5330346589908e-05,0.00010954667959595099,-0.6473443587186225,-2.6062855681648567,4,0,0,6.123933417256922e-05,4.3868036300409585e-05,7.924691453808919e-05,6.530516839120537e-05,-0.00010954667959595099,0.0,0.10351619124412537,0.20919938385486603,0.15470294654369354,0.023549795150756836,50.7859001159668,1,0.01846770942211151,0.2179633378982544,-0.17489057779312134,0.023543916642665863,39.494850158691406,1,0.013880355283617973,-0.342561274766922,0.13768228888511658,0.02258867770433426,33.03583526611328,1,0.0033339308574795723,-0.27239754796028137,-0.16762983798980713,0.02310173213481903,36.24176788330078,1,0.005670510232448578
751,15.02,stop,0.0,0.0,0.0,0.3095952570438385,3.6970438957214355,-0.378314733505249,7.626477599842474e-05,7.785326306475326e-05,-0.6476651641662016,-2.606186743865303,4,0,0,6.799811671953648e-05,3.453363387961872e-05,8.496706141158938e-05,5.7159195421263576e-05,-7.785326306475326e-05,0.0,0.10351463407278061,0.20920132100582123,0.15470057725906372,0.023549236357212067,50.79644775390625,1,0.018495026975870132,0.21796424686908722,-0.1748928427696228,0.023543521761894226,39.49711608886719,1,0.013867475092411041,-0.3425600528717041,0.13768135011196136,0.022588275372982025,33.0345458984375,1,0.003326970851048827,-0.2723974585533142,-0.1676311045885086,0.023101992905139923,36.23287582397461,1,0.0056677754037082195
752,15.040000000000001,stop,0.0,0.0,0.0,0.3095948398113251,3.6970436573028564,-0.37831443548202515,7.416600419674069e-05,5.875991701032035e-05,-0.6477619073924924,-2.6058808794565333,4,0,0,6.888458301546052e-05,2.7486552426125854e-05,8.539143163943663e-05,5.001125100534409e-05,-5.875991701032035e-05,0.0,0.10351303219795227,0.2092023640871048,0.15469878911972046,0.02354942262172699,50.807315826416016,1,0.0184770580381155,0.21796493232250214,-0.17489463090896606,0.02354387938976288,39.50312042236328,1,0.013870518654584885,-0.34255823493003845,0.1376817226409912,0.022588714957237244,33.035099029541016,1,0.0033244751393795013,-0.27239692211151123,-0.1676310896873474,0.02310190349817276,36.23382568359375,1,0.0056748841889202595
753,15.06,stop,0.0,0.0,0.0,0.30959370732307434,3.6970436573028564,-0.37831422686576843,7.148024451453239e-05,5.769888957729563e-05,-0.6477581721327901,-2.6055195197607572,4,0,0,6.794041837565601e-05,2.2215404896996915e-05,8.441483078058809e-05,4.433140566106886e-05,-5.769888957729563e-05,0.0,0.1035114973783493,0.20920558273792267,0.15469811856746674,0.023549526929855347,50.814754486083984,1,0.01850045658648014,0.21796637773513794,-0.1748952567577362,0.023543566465377808,39.508636474609375,1,0.01385772880166769,-0.3425556719303131,0.13768281042575836,0.02258843183517456,33.032997131347656,1,0.003325200406834483,-0.2723947763442993,-0.16763004660606384,0.02310192584991455,36.23738479614258,1,0.005669288337230682
754,15.08,stop,0.0,0.0,0.0,0.30959221720695496,3.6970438957214355,-0.37831413745880127,6.815793312853202e-05,5.82593675062526e-05,-0.6477325055625496,-2.605208105823287,4,0,0,6.556057633133605e-05,1.8636368622537702e-05,8.245810022344813e-05,4.014131991425529e-05,-5.82593675062526e-05,0.0,0.10351133346557617,0.20920783281326294,0.15469755232334137,0.02354966104030609,50.8188362121582,1,0.018485549837350845,0.217967689037323,-0.17489591240882874,0.023543938994407654,39.51438522338867,1,0.013875854201614857,-0.34255310893058777,0.13768404722213745,0.022588513791561127,33.03516387939453,1,0.003318201284855604,-0.2723936140537262,-0.1676289290189743,0.023101940751075745,36.235023498535156,1,0.005675873253494501
755,15.1,stop,0.0,0.0,0.0,0.3095906674861908,3.697044849395752,-0.37831395864486694,6.560758629348129e-05,6.977812154218554e-05,-0.6477458457757723,-2.60506787350189,4,0,0,6.304513226496056e-05,1.8156724763684906e-05,8.01026908447966e-05,3.904477853211574e-05,-6.977812154218554e-05,0.0,0.10351245105266571,0.20920829474925995,0.15469639003276825,0.023549720644950867,50.82023239135742,1,0.018503546714782715,0.2179667055606842,-0.1748969554901123,0.02354421466588974,39.51663589477539,1,0.01387044321745634,-0.34255272150039673,0.1376846879720688,0.02258845418691635,33.037559509277344,1,0.003322027623653412,-0.2723942697048187,-0.167628675699234,0.023101970553398132,36.238197326660156,1,0.00568785797804594
756,15.120000000000001,stop,0.0,0.0,0.0,0.30958905816078186,3.6970458030700684,-0.3783140480518341,6.345438305288553e-05,7.876595191191882e-05,-0.64773085137611,-2.6049959430721934,4,0,0,6.104317435529083e-05,1.7325972294202074e-05,7.857869059080258e-05,3.7796187825733796e-05,-7.876595191191882e-05,0.0,0.10351473838090897,0.20920786261558533,0.1546955108642578,0.023549817502498627,50.81993865966797,1,0.018478289246559143,0.21796564757823944,-0.1748979091644287,0.023544222116470337,39.51721954345703,1,0.01387733779847622,-0.3425530195236206,0.13768567144870758,0.02258879691362381,33.036277770996094,1,0.0033461691346019506,-0.2723955810070038,-0.16762788593769073,0.023101896047592163,36.24031448364258,1,0.005682236514985561
757,15.14,stop,0.0,0.0,0.0,0.3095875084400177,3.6970462799072266,-0.37831395864486694,6.27162226010114e-05,8.999412966659293e-05,-0.6476999554422863,-2.604925293302966,4,0,0,6.014423706801608e-05,1.7776255845092237e-05,7.790061499690637e-05,3.808518886216916e-05,-8.999412966659293e-05,0.0,0.10351630300283432,0.20920827984809875,0.154695063829422,0.023549824953079224,50.82183074951172,1,0.018491443246603012,0.21796433627605438,-0.17489862442016602,0.023544050753116608,39.51744079589844,1,0.013883071951568127,-0.3425530791282654,0.13768666982650757,0.0225885808467865,33.03618621826172,1,0.0033385190181434155,-0.27239635586738586,-0.167627215385437,0.02310168743133545,36.241310119628906,1,0.005686769261956215
758,15.16,stop,0.0,0.0,0.0,0.30958622694015503,3.6970460414886475,-0.37831389904022217,6.149728869786486e-05,9.72091656876728e-05,-0.6476669250743469,-2.6048753475446604,4,0,0,5.888330997549929e-05,1.7738986571202986e-05,7.717144762864336e-05,3.7856592825846747e-05,-9.72091656876728e-05,0.0,0.10351794213056564,0.20920836925506592,0.15469443798065186,0.023549556732177734,50.82024383544922,1,0.018491731956601143,0.21796414256095886,-0.17489920556545258,0.023544184863567352,39.5181770324707,1,0.01388448104262352,-0.34255251288414,0.1376875340938568,0.02258855104446411,33.03862380981445,1,0.0033293694723397493,-0.2723962962627411,-0.1676263064146042,0.023102030158042908,36.24196243286133,1,0.005684807896614075
759,15.18,stop,0.0,0.0,0.0,0.30958518385887146,3.6970460414886475,-0.37831392884254456,6.147991371108219e-05,0.00010482337529538199,-0.6476246099180045,-2.6048443982499836,4,0,0,5.8921341405948624e-05,1.755150151439011e-05,7.772858953103423e-05,3.780159022426233e-05,-0.00010482337529538199,0.0,0.10351912677288055,0.20920929312705994,0.1546941101551056,0.023549720644950867,50.82099914550781,1,0.018501870334148407,0.21796447038650513,-0.17489935457706451,0.023544013500213623,39.51863098144531,1,0.013875746168196201,-0.34255141019821167,0.13768871128559113,0.022588565945625305,33.040557861328125,1,0.003316467860713601,-0.27239686250686646,-0.16762536764144897,0.02310168743133545,36.241825103759766,1,0.005677902605384588
760,15.200000000000001,stop,0.0,0.0,0.0,0.30958428978919983,3.6970462799072266,-0.3783138692378998,6.12687217653729e-05,0.00010787600331241265,-0.6475935005407693,-2.604814516172365,4,0,0,5.87689719395712e-05,1.7322350686299615e-05,7.821587496437132e-05,3.7685094866901636e-05,-0.00010787600331241265,0.0,0.10352043807506561,0.20920994877815247,0.1546936333179474,0.023549847304821014,50.82162094116211,1,0.018503114581108093,0.21796394884586334,-0.17489998042583466,0.02354396879673004,39.51923370361328,1,0.013865497894585133,-0.34255099296569824,0.13768967986106873,0.022588536143302917,33.03986358642578,1,0.003332441905513406,-0.27239665389060974,-0.16762447357177734,0.023101888597011566,36.24452209472656,1,0.005669517908245325
761,15.22,stop,0.0,0.0,0.0,0.3095836341381073,3.6970465183258057,-0.378313809633255,6.196887989062816e-05,0.00011060594260925427,-0.6475644722367967,-2.604785701311804,4,0,0,5.950195554760285e-05,1.7310681869275868e-05,7.94599691289477e-05,3.798681063926779e-05,-0.00011060594260925427,0.0,0.10352104157209396,0.2092101126909256,0.1546930968761444,0.023549988865852356,50.819515228271484,1,0.01848071627318859,0.21796266734600067,-0.17490054666996002,0.0235440731048584,39.517791748046875,1,0.01387436967343092,-0.3425511419773102,0.13769064843654633,0.022588573396205902,33.03855514526367,1,0.0033313902094960213,-0.27239784598350525,-0.1676238477230072,0.023102059960365295,36.2430534362793,1,0.0056772055104374886
762,15.24,stop,0.0,0.0,0.0,0.30958327651023865,3.6970465183258057,-0.3783138394355774,6.386038876371458e-05,0.000116567469376605,-0.6475397128010554,-2.604755392347362,4,0,0,6.151953130029142e-05,1.713175151962787e-05,8.183509635273367e-05,3.8406051316997036e-05,-0.000116567469376605,0.0,0.10352085530757904,0.20921070873737335,0.15469254553318024,0.023549392819404602,50.823246002197266,1,0.01851843111217022,0.2179630994796753,-0.17490093410015106,0.02354392409324646,39.51823425292969,1,0.013866518624126911,-0.342550128698349,0.13769173622131348,0.022588416934013367,33.04016876220703,1,0.0033326612319797277,-0.27239763736724854,-0.1676231026649475,0.023101888597011566,36.245269775390625,1,0.005672789178788662
763,15.26,stop,0.0,0.0,0.0,0.3095829486846924,3.697046995162964,-0.37831375002861023,6.398781988536939e-05,0.00011733685823855922,-0.6475228507715419,-2.6047240161658625,4,0,0,6.174531154101714e-05,1.679159868217539e-05,8.263674681074917e-05,3.8256021070992574e-05,-0.00011733685823855922,0.0,0.10352089256048203,0.2092110514640808,0.15469205379486084,0.02354975789785385,50.820777893066406,1,0.018497712910175323,0.2179626226425171,-0.17490160465240479,0.023544155061244965,39.51752853393555,1,0.013876761309802532,-0.34254980087280273,0.13769255578517914,0.022588737308979034,33.04031753540039,1,0.0033300910145044327,-0.2723981738090515,-0.16762232780456543,0.023101694881916046,36.24398422241211,1,0.005675362888723612
764,15.280000000000001,stop,0.0,0.0,0.0,0.30958303809165955,3.697047710418701,-0.37831366062164307,6.567399395862594e-05,0.0001251196808880195,-0.647531655312269,-2.6046930668711856,4,0,0,6.353740172926337e-05,1.6615418644505553e-05,8.467183943139389e-05,3.85924031434115e-05,-0.0001251196808880195,0.0,0.10352063924074173,0.20921094715595245,0.1546911895275116,0.023549571633338928,50.81776809692383,1,0.01848260872066021,0.2179618924856186,-0.17490237951278687,0.023543991148471832,39.51636505126953,1,0.013880938291549683,-0.3425499498844147,0.13769294321537018,0.022588633000850677,33.03761291503906,1,0.003324484685435891,-0.27239903807640076,-0.16762208938598633,0.023102201521396637,36.24114227294922,1,0.005677605979144573
765,15.3,stop,0.0,0.0,0.0,0.30958300828933716,3.6970479488372803,-0.37831372022628784,6.712667527608573e-05,0.00013032738934271038,-0.6475255188141865,-2.6046608369160396,4,0,0,6.510585808428004e-05,1.6346781194442883e-05,8.640896703582257e-05,3.8757807487854734e-05,-0.00013032738934271038,0.0,0.1035199761390686,0.20921126008033752,0.1546907126903534,0.023549899458885193,50.81817626953125,1,0.018493620678782463,0.2179613560438156,-0.17490287125110626,0.023543715476989746,39.51549530029297,1,0.013881233520805836,-0.3425496518611908,0.13769356906414032,0.022588618099689484,33.0377197265625,1,0.003323600860312581,-0.27239978313446045,-0.16762156784534454,0.02310194820165634,36.2399787902832,1,0.005683791358023882
766,15.32,stop,0.0,0.0,0.0,0.3095830976963043,3.6970486640930176,-0.3783136308193207,6.806251622037962e-05,0.0001364597846986726,-0.6475281334959782,-2.6046288204043053,4,0,0,6.614885205635801e-05,1.6026100638555363e-05,8.760025957599282e-05,3.873045716318302e-05,-0.0001364597846986726,0.0,0.10351905971765518,0.2092108428478241,0.1546899825334549,0.023549668490886688,50.81988525390625,1,0.01849442347884178,0.2179606407880783,-0.1749035269021988,0.023543916642665863,39.516571044921875,1,0.013871460221707821,-0.3425500988960266,0.13769416511058807,0.022588349878787994,33.03813171386719,1,0.0033192893024533987,-0.2724006772041321,-0.16762126982212067,0.023102089762687683,36.24179458618164,1,0.00568278506398201
767,15.34,stop,0.0,0.0,0.0,0.30958306789398193,3.697049379348755,-0.3783135414123535,6.87238498358056e-05,0.0001398169988533482,-0.647529147352183,-2.6045985114398635,4,0,0,6.685503467451781e-05,1.5917648852337152e-05,8.840837108436972e-05,3.8824266084702685e-05,-0.0001398169988533482,0.0,0.10351897031068802,0.20921045541763306,0.15468916296958923,0.023549601435661316,50.82033157348633,1,0.01849569007754326,0.21795979142189026,-0.17490436136722565,0.023544110357761383,39.51524353027344,1,0.013881220482289791,-0.34255051612854004,0.13769449293613434,0.02258852869272232,33.03632354736328,1,0.0033257848117500544,-0.2724015414714813,-0.16762100160121918,0.02310214191675186,36.24089813232422,1,0.005682813934981823
768,15.36,stop,0.0,0.0,0.0,0.30958306789398193,3.697049140930176,-0.37831351161003113,6.910942465765402e-05,0.00014569610357284546,-0.6475179949339289,-2.6045675621451867,4,0,0,6.734843918820843e-05,1.5501624147873372e-05,8.905328286346048e-05,3.8559024687856436e-05,-0.00014569610357284546,0.0,0.10351800173521042,0.20921117067337036,0.15468882024288177,0.023549772799015045,50.817935943603516,1,0.018491029739379883,0.21795959770679474,-0.1749049425125122,0.023543700575828552,39.515419006347656,1,0.013883782550692558,-0.3425498306751251,0.13769520819187164,0.022588416934013367,33.035133361816406,1,0.0033330421429127455,-0.27240151166915894,-0.16762042045593262,0.02310163527727127,36.238582611083984,1,0.005677336826920509
769,15.38,stop,0.0,0.0,0.0,0.3095831871032715,3.6970505714416504,-0.37831351161003113,6.955496064620093e-05,0.0001512700691819191,-0.6475285603828013,-2.6045355456334525,4,0,0,6.774878420401365e-05,1.5747855286463164e-05,8.93771939445287e-05,3.889601066475734e-05,-0.0001512700691819191,0.0,0.10351723432540894,0.20921050012111664,0.15468807518482208,0.023549698293209076,50.81698989868164,1,0.018469998612999916,0.2179579734802246,-0.17490564286708832,0.02354390174150467,39.51506042480469,1,0.013888083398342133,-0.34255027770996094,0.13769550621509552,0.022588565945625305,33.03617858886719,1,0.003329539205878973,-0.2724028527736664,-0.16762027144432068,0.02310170978307724,36.239986419677734,1,0.0056757754646241665
770,15.4,stop,0.0,0.0,0.0,0.3095830976963043,3.6970508098602295,-0.37831348180770874,7.040114724077284e-05,0.0001577031216584146,-0.6475231709366593,-2.6045045963387756,4,0,0,6.865876639494672e-05,1.5565847206744365e-05,9.023603342939168e-05,3.892796303262003e-05,-0.0001577031216584146,0.0,0.10351725667715073,0.20921075344085693,0.15468758344650269,0.023549765348434448,50.81905746459961,1,0.018497351557016373,0.21795807778835297,-0.1749061495065689,0.0235438272356987,39.51551055908203,1,0.013882185332477093,-0.3425505459308624,0.13769598305225372,0.02258855104446411,33.03584671020508,1,0.0033259326592087746,-0.2724030017852783,-0.1676197350025177,0.023101717233657837,36.24245071411133,1,0.005672565661370754
771,15.42,stop,0.0,0.0,0.0,0.3095831573009491,3.697051525115967,-0.3783133327960968,7.007859676377848e-05,0.00016131588199641556,-0.6475089235889375,-2.6044749277045685,4,0,0,6.824840238550678e-05,1.5911160517134704e-05,8.983726729638875e-05,3.918169022654183e-05,-0.00016131588199641556,0.0,0.10351613909006119,0.20921072363853455,0.15468713641166687,0.023549966514110565,50.81855773925781,1,0.01848503388464451,0.21795699000358582,-0.17490671575069427,0.02354404330253601,39.51555633544922,1,0.013881872408092022,-0.3425506055355072,0.13769637048244476,0.022588446736335754,33.034915924072266,1,0.003334313165396452,-0.2724035978317261,-0.1676194965839386,0.0231015682220459,36.241477966308594,1,0.005682702641934156
772,15.44,stop,0.0,0.0,0.0,0.3095833957195282,3.697052001953125,-0.378313273191452,7.05805723555386e-05,0.00016638534725643694,-0.6474986783051825,-2.6044450456269495,4,0,0,6.878919521113858e-05,1.580073694640305e-05,9.030540240928531e-05,3.9187765651149675e-05,-0.00016638534725643694,0.0,0.1035156175494194,0.20921067893505096,0.1546865850687027,0.023549377918243408,50.821495056152344,1,0.018508631736040115,0.21795684099197388,-0.17490705847740173,0.023543961346149445,39.514442443847656,1,0.01388158556073904,-0.3425506353378296,0.137696772813797,0.022588662803173065,33.035911560058594,1,0.003325195051729679,-0.27240419387817383,-0.1676192581653595,0.023101836442947388,36.242679595947266,1,0.005683266092091799
773,15.46,stop,0.0,0.0,0.0,0.3095833957195282,3.697052001953125,-0.37831321358680725,6.94563495926559e-05,0.00017010325973387808,-0.6474806956977582,-2.6044153769927423,4,0,0,6.781780393794179e-05,1.4997669495642185e-05,8.95795164979063e-05,3.817307879216969e-05,-0.00017010325973387808,0.0,0.10351491719484329,0.20921063423156738,0.15468630194664001,0.023549862205982208,50.81867980957031,1,0.01848715916275978,0.21795625984668732,-0.1749075949192047,0.02354409545660019,39.514739990234375,1,0.01388588733971119,-0.34255021810531616,0.13769739866256714,0.022588685154914856,33.03551483154297,1,0.0033242886420339346,-0.2724050283432007,-0.16761890053749084,0.02310159057378769,36.23823165893555,1,0.005675400607287884
774,15.48,stop,0.0,0.0,0.0,0.30958351492881775,3.697052001953125,-0.3783131241798401,6.973739800741896e-05,0.00017759492038749158,-0.6474693298360925,-2.6043846411414773,4,0,0,6.805991142755374e-05,1.5203707334876526e-05,8.969275950221345e-05,3.84150116587989e-05,-0.00017759492038749158,0.0,0.10351447016000748,0.2092110514640808,0.1546858549118042,0.023549310863018036,50.82117462158203,1,0.01851567067205906,0.21795615553855896,-0.17490807175636292,0.023543819785118103,39.515777587890625,1,0.013876156881451607,-0.34255003929138184,0.1376977413892746,0.022588610649108887,33.03556823730469,1,0.003318536328151822,-0.27240461111068726,-0.16761857271194458,0.02310185134410858,36.23929977416992,1,0.005681361071765423
775,15.5,stop,0.0,0.0,0.0,0.30958354473114014,3.6970527172088623,-0.3783130645751953,6.868107448099181e-05,0.00017891575407702476,-0.6474562564271343,-2.6043528380731544,4,0,0,6.709778972435743e-05,1.4662088688055519e-05,8.893736958270893e-05,3.766252120840363e-05,-0.00017891575407702476,0.0,0.10351394861936569,0.20921146869659424,0.15468566119670868,0.023549795150756836,50.819881439208984,1,0.018495047464966774,0.2179562896490097,-0.17490829527378082,0.0235440731048584,39.514854431152344,1,0.013882754370570183,-0.3425496816635132,0.1376984566450119,0.022588707506656647,33.03809356689453,1,0.003312479704618454,-0.2724051773548126,-0.16761820018291473,0.023101791739463806,36.240604400634766,1,0.0056707304902374744
776,15.52,stop,0.0,0.0,0.0,0.3095836043357849,3.6970536708831787,-0.3783130645751953,6.891890370752662e-05,0.00018463896412868053,-0.6474506535375808,-2.6043231694389473,4,0,0,6.737347575835884e-05,1.4513110727421008e-05,8.916806837078184e-05,3.756813384825364e-05,-0.00018463896412868053,0.0,0.10351336747407913,0.20921072363853455,0.15468496084213257,0.023549683392047882,50.8190803527832,1,0.018491769209504128,0.21795499324798584,-0.1749088019132614,0.023543857038021088,39.51439666748047,1,0.013882778584957123,-0.34255045652389526,0.13769853115081787,0.022588692605495453,33.035491943359375,1,0.0033270863350480795,-0.272405743598938,-0.16761794686317444,0.023101702332496643,36.238609313964844,1,0.005675714462995529
777,15.540000000000001,stop,0.0,0.0,0.0,0.30958378314971924,3.697054147720337,-0.37831300497055054,6.88404034008272e-05,0.0001892464206321165,-0.6474331511778326,-2.6042941411349747,4,0,0,6.726662832079455e-05,1.463562875869684e-05,8.898045780370012e-05,3.7646830605808645e-05,-0.0001892464206321165,0.0,0.10351283103227615,0.20921063423156738,0.15468452870845795,0.023549363017082214,50.82103729248047,1,0.01851171813905239,0.21795491874217987,-0.17490902543067932,0.023544296622276306,39.51487731933594,1,0.01387385930866003,-0.3425508439540863,0.13769876956939697,0.02258862555027008,33.034610748291016,1,0.003324002493172884,-0.2724062502384186,-0.16761773824691772,0.02310182899236679,36.23779296875,1,0.005674086045473814
778,15.56,stop,0.0,0.0,0.0,0.30958372354507446,3.697053909301758,-0.37831297516822815,6.768719322280958e-05,0.00019075701129622757,-0.6474122337234995,-2.6042655397178254,4,0,0,6.614235462620854e-05,1.4378625564859249e-05,8.796803740551695e-05,3.7122565117897466e-05,-0.00019075701129622757,0.0,0.10351266711950302,0.20921073853969574,0.15468443930149078,0.023549482226371765,50.82065963745117,1,0.018494104966521263,0.2179541289806366,-0.17490942776203156,0.023543819785118103,39.514686584472656,1,0.013879569247364998,-0.34255045652389526,0.13769924640655518,0.02258889377117157,33.03553009033203,1,0.0033186855725944042,-0.27240675687789917,-0.167617529630661,0.023101888597011566,36.23949432373047,1,0.00568401301279664
779,15.58,stop,0.0,0.0,0.0,0.30958375334739685,3.697053909301758,-0.3783128559589386,6.754971400368959e-05,0.00019367568893358111,-0.6474094055982963,-2.604233950092914,4,0,0,6.598891195608303e-05,1.4437013305723667e-05,8.775627793511376e-05,3.712904072017409e-05,-0.00019367568893358111,0.0,0.10351188480854034,0.20921069383621216,0.1546838879585266,0.023549869656562805,50.8199348449707,1,0.018487319350242615,0.2179538756608963,-0.1749098151922226,0.023543916642665863,39.5140380859375,1,0.013888644054532051,-0.3425498902797699,0.13769961893558502,0.02258884906768799,33.03444290161133,1,0.0033273613080382347,-0.27240681648254395,-0.1676172912120819,0.023101650178432465,36.23949432373047,1,0.005682841408997774
780,15.6,stop,0.0,0.0,0.0,0.30958372354507446,3.6970534324645996,-0.378312885761261,6.776685768272728e-05,0.00019939843332394958,-0.6474027354916849,-2.6042023604680025,4,0,0,6.627677066717297e-05,1.4132817341305781e-05,8.802393858786672e-05,3.688400101964362e-05,-0.00019939843332394958,0.0,0.10351148992776871,0.20921167731285095,0.15468399226665497,0.023549765348434448,50.81831741333008,1,0.018502596765756607,0.21795456111431122,-0.1749100238084793,0.023543991148471832,39.51412582397461,1,0.013886306434869766,-0.34254905581474304,0.13770002126693726,0.02258855104446411,33.03485107421875,1,0.003319278359413147,-0.2724061608314514,-0.1676167994737625,0.02310175448656082,36.24102783203125,1,0.005676052067428827
781,15.620000000000001,stop,0.0,0.0,0.0,0.3095836043357849,3.6970536708831787,-0.3783128261566162,6.834281521150842e-05,0.0002027390437433496,-0.6473875810094639,-2.6041716246167375,4,0,0,6.676238990621641e-05,1.4612433005822822e-05,8.834307664074004e-05,3.7460635212482885e-05,-0.0002027390437433496,0.0,0.10351116955280304,0.2092120349407196,0.15468375384807587,0.02354944497346878,50.82170486450195,1,0.018527859821915627,0.21795426309108734,-0.17491009831428528,0.023543916642665863,39.51559829711914,1,0.013878661207854748,-0.34254902601242065,0.13770052790641785,0.022588498890399933,33.0374641418457,1,0.003315945388749242,-0.2724061906337738,-0.16761639714241028,0.02310175448656082,36.24208068847656,1,0.00566949974745512
782,15.64,stop,0.0,0.0,0.0,0.3095835745334625,3.6970536708831787,-0.37831273674964905,6.768925959477201e-05,0.00020349776605144143,-0.6473596199225492,-2.604141742539119,4,0,0,6.607778777834028e-05,1.4682037544844206e-05,8.778289338806644e-05,3.7388206692412496e-05,-0.00020349776605144143,0.0,0.10351088643074036,0.20921215415000916,0.15468360483646393,0.023549765348434448,50.81989288330078,1,0.01850012131035328,0.21795421838760376,-0.174910306930542,0.02354367822408676,39.51621627807617,1,0.013878649100661278,-0.342548668384552,0.1377008855342865,0.022588685154914856,33.0359992980957,1,0.003321946132928133,-0.2724066972732544,-0.16761615872383118,0.02310163527727127,36.23858642578125,1,0.005674612242728472
783,15.66,stop,0.0,0.0,0.0,0.3095836043357849,3.6970536708831787,-0.3783126771450043,6.838926492491737e-05,0.0002093232615152374,-0.6473602602527839,-2.6041314972553637,4,0,0,6.656134792137891e-05,1.570599306432996e-05,8.802788215689361e-05,3.850739449262619e-05,-0.0002093232615152374,0.0,0.1035110130906105,0.20921263098716736,0.15468330681324005,0.023549556732177734,50.82088851928711,1,0.018504032865166664,0.2179543375968933,-0.1749105602502823,0.023543812334537506,39.51604461669922,1,0.013868683017790318,-0.3425484299659729,0.13770107924938202,0.0225885808467865,33.03671646118164,1,0.0033164711203426123,-0.27240678668022156,-0.16761603951454163,0.023101918399333954,36.23722457885742,1,0.005673107225447893
784,15.68,stop,0.0,0.0,0.0,0.3095836341381073,3.697053909301758,-0.3783125877380371,6.817491521360353e-05,0.00020779315673280507,-0.6473892351959036,-2.6042030007982375,4,0,0,6.644696986768395e-05,1.525184870843077e-05,8.810799772618338e-05,3.8058627978898585e-05,-0.00020779315673280507,0.0,0.10351136326789856,0.20921221375465393,0.15468281507492065,0.023549973964691162,50.820411682128906,1,0.018501535058021545,0.2179538607597351,-0.17491114139556885,0.023543745279312134,39.515541076660156,1,0.013883659616112709,-0.3425484299659729,0.1377013623714447,0.022588521242141724,33.038230895996094,1,0.003321257419884205,-0.27240657806396484,-0.16761578619480133,0.023101814091205597,36.244712829589844,1,0.005669362377375364
785,15.700000000000001,stop,0.0,0.0,0.0,0.3095836639404297,3.6970536708831787,-0.3783125579357147,6.88192158122547e-05,0.00021303072571754456,-0.6473635152648103,-2.604172905277207,4,0,0,6.704043335048482e-05,1.5545574569841847e-05,8.859483932610601e-05,3.8486025005113333e-05,-0.00021303072571754456,0.0,0.10351143032312393,0.20921273529529572,0.15468274056911469,0.023549415171146393,50.81980895996094,1,0.018513871356844902,0.21795400977134705,-0.17491097748279572,0.02354346215724945,39.515533447265625,1,0.013870302587747574,-0.34254810214042664,0.137701615691185,0.022588923573493958,33.0377197265625,1,0.0033189463429152966,-0.27240678668022156,-0.16761557757854462,0.023102067410945892,36.24268341064453,1,0.005664413794875145
786,15.72,stop,0.0,0.0,0.0,0.3095836639404297,3.697053909301758,-0.37831249833106995,6.907919305376709e-05,0.00021553592523559928,-0.647342117562801,-2.6041423828693535,4,0,0,6.723333353875205e-05,1.5862358850426972e-05,8.874932973412797e-05,3.8851925637573004e-05,-0.00021553592523559928,0.0,0.10351087152957916,0.20921306312084198,0.15468263626098633,0.02354966104030609,50.821693420410156,1,0.01851642318069935,0.2179541140794754,-0.17491142451763153,0.02354353666305542,39.51658630371094,1,0.01387107465416193,-0.3425480127334595,0.13770192861557007,0.02258884906768799,33.03689193725586,1,0.0033145465422421694,-0.27240675687789917,-0.1676153540611267,0.023101694881916046,36.239498138427734,1,0.005675076507031918
787,15.74,stop,0.0,0.0,0.0,0.309583842754364,3.6970534324645996,-0.3783123195171356,6.909228977747262e-05,0.0002182326279580593,-0.6473350205693666,-2.604132991359245,4,0,0,6.706368003506213e-05,1.6619487723801285e-05,8.84516557562165e-05,3.9556831325171515e-05,-0.0002182326279580593,0.0,0.10351000726222992,0.2092130333185196,0.15468226373195648,0.023549586534500122,50.824440002441406,1,0.018509142100811005,0.21795402467250824,-0.17491157352924347,0.023544125258922577,39.516380310058594,1,0.013874822296202183,-0.34254807233810425,0.13770197331905365,0.022588685154914856,33.03736877441406,1,0.0033188953530043364,-0.27240708470344543,-0.16761527955532074,0.023101381957530975,36.24065399169922,1,0.005672643892467022
788,15.76,stop,0.0,0.0,0.0,0.3095838725566864,3.6970534324645996,-0.37831220030784607,6.878768908791244e-05,0.00021992126130498946,-0.647359726644255,-2.604182510230727,4,0,0,6.673763709841296e-05,1.6668345779180527e-05,8.815044566290453e-05,3.953019040636718e-05,-0.00021992126130498946,0.0,0.10351065546274185,0.20921337604522705,0.154681995511055,0.02354954183101654,50.82161331176758,1,0.018512703478336334,0.2179540991783142,-0.1749117523431778,0.02354396879673004,39.51555633544922,1,0.01387313287705183,-0.3425481617450714,0.13770192861557007,0.022588692605495453,33.035057067871094,1,0.003319966373965144,-0.2724066972732544,-0.1676151305437088,0.02310165762901306,36.24044418334961,1,0.005680988077074289
789,15.780000000000001,stop,0.0,0.0,0.0,0.3095838725566864,3.697053909301758,-0.3783121109008789,6.901459710206836e-05,0.00022393006656784564,-0.6473844860799963,-2.6042111116478766,4,0,0,6.704607221763581e-05,1.6365795090678148e-05,8.848768629832193e-05,3.93044829252176e-05,-0.00022393006656784564,0.0,0.10351096093654633,0.20921307802200317,0.1546817421913147,0.023549839854240417,50.817466735839844,1,0.018498199060559273,0.21795342862606049,-0.17491234838962555,0.02354380488395691,39.514957427978516,1,0.013881994411349297,-0.3425479829311371,0.1377021074295044,0.022588685154914856,33.03733825683594,1,0.0033064314629882574,-0.2724069058895111,-0.16761529445648193,0.023101821541786194,36.240760803222656,1,0.0056794448755681515
790,15.8,stop,0.0,0.0,0.0,0.3095839023590088,3.697054147720337,-0.37831202149391174,7.010623085079715e-05,0.0002287277893628925,-0.6473700786497159,-2.604179735466377,4,0,0,6.812628998886794e-05,1.6543652236578055e-05,8.937613165471703e-05,3.971573096350767e-05,-0.0002287277893628925,0.0,0.10351093858480453,0.20921318233013153,0.15468129515647888,0.02354925125837326,50.821651458740234,1,0.018515365198254585,0.21795320510864258,-0.17491234838962555,0.02354378253221512,39.51490020751953,1,0.013868231326341629,-0.342548131942749,0.13770201802253723,0.022588811814785004,33.03645706176758,1,0.0033172566909343004,-0.27240777015686035,-0.16761524975299835,0.0231020525097847,36.24051284790039,1,0.005674385465681553
791,15.82,stop,0.0,0.0,0.0,0.3095839321613312,3.697054147720337,-0.3783119022846222,6.942039908608422e-05,0.00022637682559434325,-0.6473396096027152,-2.6041500668321698,4,0,0,6.762681005056947e-05,1.567821527714841e-05,8.913459168979898e-05,3.876029222737998e-05,-0.00022637682559434325,0.0,0.10350994020700455,0.20921319723129272,0.15468138456344604,0.023549653589725494,50.8228645324707,1,0.01851937547326088,0.21795302629470825,-0.17491266131401062,0.023543402552604675,39.5152473449707,1,0.013882582075893879,-0.3425478935241699,0.13770245015621185,0.022588610649108887,33.038047790527344,1,0.0033095513936132193,-0.27240750193595886,-0.16761501133441925,0.023101620376110077,36.241485595703125,1,0.005673158913850784
792,15.84,stop,0.0,0.0,0.0,0.30958396196365356,3.697054386138916,-0.3783118724822998,6.890367512824014e-05,0.00022578561038244516,-0.647323121099172,-2.6041189040940815,4,0,0,6.711550668114796e-05,1.5595671357004903e-05,8.866056305123493e-05,3.855384056805633e-05,-0.00022578561038244516,0.0,0.10350971668958664,0.2092132419347763,0.15468120574951172,0.023549586534500122,50.82101821899414,1,0.018490292131900787,0.21795286238193512,-0.17491281032562256,0.02354363352060318,39.51494216918945,1,0.013886808417737484,-0.3425478935241699,0.13770273327827454,0.02258864790201187,33.036094665527344,1,0.0033248241525143385,-0.2724081575870514,-0.1676149219274521,0.023101888597011566,36.24055099487305,1,0.005675893742591143
793,15.860000000000001,stop,0.0,0.0,0.0,0.30958402156829834,3.6970553398132324,-0.3783118724822998,6.899760046508163e-05,0.00022696871019434184,-0.6473567917973461,-2.6041904076369553,4,0,0,6.725149432895705e-05,1.542418249300681e-05,8.874670311342925e-05,3.839960118057206e-05,-0.00022696871019434184,0.0,0.10350995510816574,0.20921161770820618,0.1546805202960968,0.023550093173980713,50.817691802978516,1,0.018471142277121544,0.21795175969600677,-0.1749134659767151,0.023544035851955414,39.514495849609375,1,0.013888543471693993,-0.34254881739616394,0.13770239055156708,0.02258852869272232,33.034420013427734,1,0.0033215859439224005,-0.27240926027297974,-0.16761529445648193,0.023101702332496643,36.23918151855469,1,0.005685584153980017
794,15.88,stop,0.0,0.0,0.0,0.30958399176597595,3.6970555782318115,-0.37831178307533264,6.956137804081663e-05,0.00023391358263324946,-0.6473609005830187,-2.6042211434882203,4,0,0,6.784953438909724e-05,1.5337085642386228e-05,8.918993989937007e-05,3.842399382847361e-05,-0.00023391358263324946,0.0,0.10351080447435379,0.20921175181865692,0.15468038618564606,0.023549653589725494,50.81940460205078,1,0.01850653439760208,0.21795105934143066,-0.17491374909877777,0.023543596267700195,39.5151252746582,1,0.013876836746931076,-0.34254905581474304,0.13770237565040588,0.022588901221752167,33.036041259765625,1,0.0033124235924333334,-0.27240991592407227,-0.16761526465415955,0.023101970553398132,36.240692138671875,1,0.005681700073182583
795,15.9,stop,0.0,0.0,0.0,0.3095839023590088,3.6970555782318115,-0.3783116638660431,6.836313696112484e-05,0.0002330624556634575,-0.6473198660871456,-2.6041904076369553,4,0,0,6.678522186120972e-05,1.4603170711779967e-05,8.833939500618726e-05,3.7448815419338644e-05,-0.0002330624556634575,0.0,0.10351032763719559,0.2092120498418808,0.1546802818775177,0.023549646139144897,50.822120666503906,1,0.018506459891796112,0.21795134246349335,-0.17491362988948822,0.023543529212474823,39.51469802856445,1,0.013877744786441326,-0.34254908561706543,0.13770273327827454,0.022588834166526794,33.035980224609375,1,0.003318480448797345,-0.2724098861217499,-0.16761505603790283,0.023101530969142914,36.24155044555664,1,0.005679606925696135
796,15.92,stop,0.0,0.0,0.0,0.3095838725566864,3.6970555782318115,-0.3783116042613983,6.73566828481853e-05,0.0002331965515622869,-0.6472851815327667,-2.604160098672513,4,0,0,6.583319918718189e-05,1.424472520739073e-05,8.751982386456802e-05,3.6869045288767666e-05,-0.0002331965515622869,0.0,0.10351037234067917,0.20921233296394348,0.1546803116798401,0.023549780249595642,50.821449279785156,1,0.018487904220819473,0.21795137226581573,-0.17491354048252106,0.023543566465377808,39.51494216918945,1,0.013873223215341568,-0.34254881739616394,0.137703076004982,0.022588953375816345,33.03328323364258,1,0.003334373002871871,-0.2724093496799469,-0.1676146686077118,0.02310188114643097,36.23860549926758,1,0.005675215274095535
797,15.94,stop,0.0,0.0,0.0,0.30958378314971924,3.6970560550689697,-0.3783114552497864,6.740473327226937e-05,0.00023357380996458232,-0.6472804324168594,-2.604128935934425,4,0,0,6.59111756249331e-05,1.4110829397395719e-05,8.761532080825418e-05,3.67553329851944e-05,-0.00023357380996458232,0.0,0.10350986570119858,0.20921190083026886,0.15467996895313263,0.023549452424049377,50.82530212402344,1,0.018514450639486313,0.21795059740543365,-0.17491412162780762,0.02354402095079422,39.51401901245117,1,0.01388767920434475,-0.34254902601242065,0.1377030313014984,0.022588834166526794,33.035911560058594,1,0.003323348704725504,-0.27240997552871704,-0.16761475801467896,0.02310170978307724,36.24301528930664,1,0.0056673940271139145
798,15.96,stop,0.0,0.0,0.0,0.30958375334739685,3.697056770324707,-0.3783113360404968,6.625075911870226e-05,0.00023333998979069293,-0.6472589813539973,-2.60409820008316,4,0,0,6.493318505818024e-05,1.3147046047379263e-05,8.694354619365185e-05,3.5588513128459454e-05,-0.00023333998979069293,0.0,0.10350973904132843,0.20921219885349274,0.15467986464500427,0.02354990690946579,50.82244873046875,1,0.018501289188861847,0.21795065701007843,-0.17491422593593597,0.023543529212474823,39.51472473144531,1,0.013881362974643707,-0.34254923462867737,0.13770310580730438,0.022588662803173065,33.03527069091797,1,0.0033201377373188734,-0.2724096179008484,-0.1676146686077118,0.023101843893527985,36.2435302734375,1,0.005676309112459421
799,15.98,stop,0.0,0.0,0.0,0.3095836341381073,3.697056770324707,-0.3783113658428192,6.610137643292546e-05,0.00023732866975478828,-0.6472285656678496,-2.6040892354598744,4,0,0,6.468183710239828e-05,1.3625426618091296e-05,8.656077989144251e-05,3.598429248086177e-05,-0.00023732866975478828,0.0,0.10350967198610306,0.20921257138252258,0.15467990934848785,0.02354975789785385,50.82333755493164,1,0.01851663552224636,0.21795108914375305,-0.17491409182548523,0.023543715476989746,39.5149040222168,1,0.013873599469661713,-0.34254881739616394,0.1377032995223999,0.022588714957237244,33.03630828857422,1,0.0033096603583544493,-0.27240967750549316,-0.16761428117752075,0.023101642727851868,36.24140167236328,1,0.005670216865837574
800,16.0,stop,0.0,0.0,0.0,0.309583455324173,3.697056770324707,-0.3783114552497864,6.501789903268218e-05,0.00023674573458265513,-0.6472188006317706,-2.6041436635298227,4,0,0,6.360527186188847e-05,1.3479490007739514e-05,8.56401093187742e-05,3.5597568057710305e-05,-0.00023674573458265513,0.0,0.10350997745990753,0.20921185612678528,0.15467989444732666,0.02354981005191803,50.82194900512695,1,0.018491394817829132,0.2179497927427292,-0.17491421103477478,0.02354370802640915,39.514007568359375,1,0.013889147900044918,-0.34254929423332214,0.1377035230398178,0.022588670253753662,33.03533172607422,1,0.0033240860793739557,-0.27241066098213196,-0.1676143854856491,0.023101605474948883,36.239383697509766,1,0.005675366148352623
801,16.02,stop,0.0,0.0,0.0,0.3095834255218506,3.697056770324707,-0.378311425447464,6.506065255962312e-05,0.00023989084002096206,-0.6472363563523716,-2.6041936092881284,4,0,0,6.370149640133604e-05,1.3229035175754689e-05,8.577932749176398e-05,3.537478551152162e-05,-0.00023989084002096206,0.0,0.103510782122612,0.20921164751052856,0.15467964112758636,0.02354930341243744,50.82426834106445,1,0.018519094213843346,0.2179494947195053,-0.17491436004638672,0.0235440656542778,39.51289749145508,1,0.013886689208447933,-0.3425494432449341,0.13770347833633423,0.02258884161710739,33.03529357910156,1,0.0033162927720695734,-0.2724107503890991,-0.1676141619682312,0.023101843893527985,36.240516662597656,1,0.005678005050867796
802,16.04,stop,0.0,0.0,0.0,0.3095833361148834,3.697056770324707,-0.3783114552497864,6.392617797246203e-05,0.00023714386043138802,-0.6472409453857203,-2.60420065292071,4,0,0,6.286623829510063e-05,1.1592756891332101e-05,8.541581337340176e-05,3.3592797990422696e-05,-0.00023714386043138802,0.0,0.10351063311100006,0.20921140909194946,0.15467959642410278,0.02354930341243744,50.82194137573242,1,0.018484238535165787,0.21794962882995605,-0.17491449415683746,0.023543603718280792,39.51403045654297,1,0.013885273598134518,-0.34254974126815796,0.13770367205142975,0.022588498890399933,33.0361328125,1,0.003318856470286846,-0.2724108397960663,-0.16761414706707,0.023101776838302612,36.24127960205078,1,0.005681356880813837
803,16.06,stop,0.0,0.0,0.0,0.3095833361148834,3.697056770324707,-0.37831148505210876,6.375649536494166e-05,0.00023990962654352188,-0.6472179468581244,-2.604168422965564,4,0,0,6.263720570132136e-05,1.189419435831951e-05,8.511837950209156e-05,3.382774593774229e-05,-0.00023990962654352188,0.0,0.10351061820983887,0.20921142399311066,0.15467961132526398,0.023549839854240417,50.82008743286133,1,0.018479641526937485,0.21794992685317993,-0.17491425573825836,0.02354363352060318,39.51526641845703,1,0.013881921768188477,-0.34254923462867737,0.13770394027233124,0.022588804364204407,33.03603744506836,1,0.003316438989713788,-0.2724107503890991,-0.1676139235496521,0.02310173213481903,36.24065017700195,1,0.005670483224093914
804,16.080000000000002,stop,0.0,0.0,0.0,0.3095833361148834,3.697056770324707,-0.3783113956451416,6.412027141777799e-05,0.0002417511714156717,-0.6471968693212325,-2.6041364064538297,4,0,0,6.287167343543842e-05,1.2592131497513037e-05,8.517267997376621e-05,3.4561810025479645e-05,-0.0002417511714156717,0.0,0.10351023823022842,0.20921187102794647,0.15467965602874756,0.023549355566501617,50.823028564453125,1,0.01851072534918785,0.2179502546787262,-0.17491428554058075,0.023543581366539,39.51559066772461,1,0.013867503963410854,-0.34254902601242065,0.13770413398742676,0.022588759660720825,33.03614044189453,1,0.0033116661943495274,-0.27241089940071106,-0.16761383414268494,0.023101620376110077,36.240753173828125,1,0.005682166665792465
805,16.1,stop,0.0,0.0,0.0,0.3095833659172058,3.697056770324707,-0.37831130623817444,6.357277743518353e-05,0.0002407077408861369,-0.6471807543436595,-2.604126801500309,4,0,0,6.230304279597476e-05,1.26423337860615e-05,8.469980821246281e-05,3.4491997212171555e-05,-0.0002407077408861369,0.0,0.10350959002971649,0.2092118114233017,0.15467947721481323,0.02354969084262848,50.82304382324219,1,0.018498804420232773,0.2179504781961441,-0.17491427063941956,0.023543909192085266,39.5159797668457,1,0.01387247908860445,-0.3425491452217102,0.13770413398742676,0.02258838713169098,33.03712463378906,1,0.0033145274501293898,-0.27241066098213196,-0.16761378943920135,0.023101501166820526,36.24216079711914,1,0.005678228102624416
806,16.12,stop,0.0,0.0,0.0,0.3095833659172058,3.697056770324707,-0.37831124663352966,6.375895463861525e-05,0.00024112088431138545,-0.6471943080002938,-2.6041560432476936,4,0,0,6.24282329226844e-05,1.2958409570273943e-05,8.478884410578758e-05,3.484069384285249e-05,-0.00024112088431138545,0.0,0.10351041704416275,0.20921196043491364,0.15467926859855652,0.023549579083919525,50.8214225769043,1,0.018502164632081985,0.21794980764389038,-0.17491459846496582,0.023543648421764374,39.515567779541016,1,0.013872376643121243,-0.3425491750240326,0.13770408928394318,0.02258884161710739,33.03684616088867,1,0.0033138880971819162,-0.2724110782146454,-0.1676137000322342,0.023101650178432465,36.24051284790039,1,0.005680826026946306
807,16.14,stop,0.0,0.0,0.0,0.3095833957195282,3.697056770324707,-0.3783111274242401,6.394450610969216e-05,0.00024364388082176447,-0.6471821417258347,-2.6041449441902924,4,0,0,6.262180977500975e-05,1.293864715989912e-05,8.500173134962097e-05,3.487441790639423e-05,-0.00024364388082176447,0.0,0.10351008176803589,0.2092120498418808,0.1546793431043625,0.023549653589725494,50.824283599853516,1,0.018514033406972885,0.21795009076595306,-0.17491471767425537,0.02354370802640915,39.515193939208984,1,0.013872784562408924,-0.34254908561706543,0.13770431280136108,0.022588692605495453,33.036869049072266,1,0.0033202983904629946,-0.2724106013774872,-0.16761362552642822,0.023101642727851868,36.240596771240234,1,0.005671973340213299
808,16.16,stop,0.0,0.0,0.0,0.3095833957195282,3.697056770324707,-0.37831106781959534,6.338963430607691e-05,0.00024268134438898414,-0.6471828887777752,-2.6041549760306357,4,0,0,6.212198786670342e-05,1.2613648323167581e-05,8.466129656881094e-05,3.4451517421985045e-05,-0.00024268134438898414,0.0,0.10351033508777618,0.20921207964420319,0.1546790599822998,0.02354925125837326,50.82392883300781,1,0.018512099981307983,0.2179500162601471,-0.17491483688354492,0.023543648421764374,39.515357971191406,1,0.013874971307814121,-0.34254908561706543,0.1377042680978775,0.02258884161710739,33.036346435546875,1,0.003317214548587799,-0.27241086959838867,-0.16761372983455658,0.023101605474948883,36.24113845825195,1,0.005674160551279783
809,16.18,stop,0.0,0.0,0.0,0.30958351492881775,3.697056770324707,-0.37831100821495056,6.29223941359669e-05,0.00024344016856048256,-0.6472022054065216,-2.6042269064603323,4,0,0,6.166243110783398e-05,1.2528857041615993e-05,8.425985288340598e-05,3.42612765962258e-05,-0.00024344016856048256,0.0,0.10351063311100006,0.2092115581035614,0.15467876195907593,0.023549586534500122,50.82188415527344,1,0.018485315144062042,0.21794936060905457,-0.17491500079631805,0.02354394644498825,39.514713287353516,1,0.013881687074899673,-0.3425493538379669,0.13770413398742676,0.022588811814785004,33.037357330322266,1,0.003315733512863517,-0.2724115252494812,-0.16761378943920135,0.023101508617401123,36.24075698852539,1,0.005680786445736885
810,16.2,stop,0.0,0.0,0.0,0.30958354473114014,3.697056531906128,-0.3783109188079834,6.337884406093508e-05,0.00024593007401563227,-0.6471998041681415,-2.604235444196795,4,0,0,6.218485214048997e-05,1.2244276149431244e-05,8.473434718325734e-05,3.408944030525163e-05,-0.00024593007401563227,0.0,0.1035105511546135,0.2092117965221405,0.15467865765094757,0.023549191653728485,50.82337951660156,1,0.01850619912147522,0.2179493010044098,-0.17491532862186432,0.02354346215724945,39.514286041259766,1,0.013874576427042484,-0.3425491154193878,0.13770423829555511,0.02258862555027008,33.03761291503906,1,0.003318207571282983,-0.27241113781929016,-0.16761362552642822,0.02310159057378769,36.243186950683594,1,0.005670476704835892
811,16.22,stop,0.0,0.0,0.0,0.30958348512649536,3.697056531906128,-0.3783109188079834,6.256739288801327e-05,0.0002439814415993169,-0.647180540900248,-2.6042038545718835,4,0,0,6.152215792099014e-05,1.1388691746105906e-05,8.432797039858997e-05,3.310224929009564e-05,-0.0002439814415993169,0.0,0.1035105288028717,0.20921200513839722,0.1546788066625595,0.023549526929855347,50.822086334228516,1,0.01850157417356968,0.21794943511486053,-0.17491522431373596,0.02354404330253601,39.5136833190918,1,0.01388605497777462,-0.3425489366054535,0.13770444691181183,0.022588759660720825,33.03499984741211,1,0.003323626471683383,-0.2724109888076782,-0.16761355102062225,0.02310170978307724,36.240909576416016,1,0.005668094847351313
812,16.240000000000002,stop,0.0,0.0,0.0,0.3095834255218506,3.697056531906128,-0.378310889005661,6.296571518760175e-05,0.00024557506549172103,-0.6471710960292864,-2.6041711977299142,4,0,0,6.201417272677645e-05,1.090522164304275e-05,8.487542800139636e-05,3.274342816439457e-05,-0.00024557506549172103,0.0,0.10351038724184036,0.20921219885349274,0.1546788364648819,0.023549623787403107,50.82481384277344,1,0.018519241362810135,0.21794933080673218,-0.1749153435230255,0.023543842136859894,39.51385498046875,1,0.013887259177863598,-0.3425491750240326,0.13770446181297302,0.022588759660720825,33.036197662353516,1,0.003320056479424238,-0.2724113464355469,-0.16761364042758942,0.023101717233657837,36.24087142944336,1,0.005682433024048805
813,16.26,stop,0.0,0.0,0.0,0.3095834255218506,3.697056770324707,-0.3783109486103058,6.238585046958178e-05,0.00024573359405621886,-0.6471569554032702,-2.6041370467840643,4,0,0,6.150675471872091e-05,1.0436169759486802e-05,8.454925409751013e-05,3.217555058654398e-05,-0.00024573359405621886,0.0,0.10351052135229111,0.20921267569065094,0.1546788513660431,0.023549705743789673,50.824440002441406,1,0.01851949654519558,0.21795012056827545,-0.1749151051044464,0.02354387193918228,39.51525115966797,1,0.013870054855942726,-0.3425487279891968,0.1377047598361969,0.022589176893234253,33.035377502441406,1,0.003325484460219741,-0.2724107801914215,-0.16761334240436554,0.023101776838302612,36.241294860839844,1,0.005682988557964563
814,16.28,stop,0.0,0.0,0.0,0.3095834255218506,3.6970572471618652,-0.378310889005661,6.209584535099566e-05,0.00026781894848681986,-0.6471158675465444,-2.604343660006457,4,0,0,6.067237336537801e-05,1.3219588254287373e-05,8.28333868412301e-05,3.461059168330394e-05,-0.00026781894848681986,0.0,0.10351135581731796,0.20921114087104797,0.15467900037765503,0.02354966104030609,50.820518493652344,1,0.018493017181754112,0.21794790029525757,-0.1749151349067688,0.023544177412986755,39.514278411865234,1,0.013882775790989399,-0.34255045652389526,0.1377047598361969,0.02258814126253128,33.036590576171875,1,0.003327117068693042,-0.27241289615631104,-0.16761337220668793,0.023102037608623505,36.23835372924805,1,0.0056799533776938915
815,16.3,stop,0.0,0.0,0.0,0.3095833361148834,3.6970579624176025,-0.3783108592033386,6.207771366462111e-05,0.00025748275220394135,-0.6471368917225834,-2.604479623459623,4,0,0,6.0659080190816894e-05,1.319538387178909e-05,8.283589704660699e-05,3.458606079220772e-05,-0.00025748275220394135,0.0,0.10351274907588959,0.20920948684215546,0.1546785980463028,0.023549430072307587,50.820762634277344,1,0.018498754128813744,0.21794700622558594,-0.1749153435230255,0.023543834686279297,39.51263427734375,1,0.013879166916012764,-0.3425517976284027,0.13770438730716705,0.022588461637496948,33.037540435791016,1,0.003325076075270772,-0.2724139988422394,-0.1676136702299118,0.023101694881916046,36.23984146118164,1,0.00567958690226078
816,16.32,stop,0.0,0.0,0.0,0.3095833659172058,3.6970579624176025,-0.37831082940101624,6.116783333709463e-05,0.000253556965617463,-0.6471192826411294,-2.604444832183538,4,0,0,6.002371446811594e-05,1.1775310667871963e-05,8.257308218162507e-05,3.3053122024284676e-05,-0.000253556965617463,0.0,0.10351266711950302,0.20920971035957336,0.154678612947464,0.023549608886241913,50.822662353515625,1,0.01849956065416336,0.21794697642326355,-0.17491549253463745,0.023543886840343475,39.51262283325195,1,0.013882480561733246,-0.3425513803958893,0.13770446181297302,0.02258852869272232,33.03639602661133,1,0.0033207933884114027,-0.27241382002830505,-0.16761361062526703,0.02310185879468918,36.23931884765625,1,0.005677364766597748
817,16.34,stop,0.0,0.0,0.0,0.30958330631256104,3.6970582008361816,-0.37831079959869385,6.0131813370389864e-05,0.0002469611063133925,-0.6471132528647527,-2.604410040907453,4,0,0,5.926418452872895e-05,1.0177992407989223e-05,8.222981705330312e-05,3.131683843093924e-05,-0.0002469611063133925,0.0,0.10351206362247467,0.20920947194099426,0.15467844903469086,0.023549556732177734,50.82399368286133,1,0.018492378294467926,0.21794714033603668,-0.1749155968427658,0.02354363352060318,39.513816833496094,1,0.01387741044163704,-0.3425511419773102,0.137704536318779,0.022588521242141724,33.036048889160156,1,0.0033192867413163185,-0.2724139094352722,-0.16761362552642822,0.0231015682220459,36.23982620239258,1,0.005680753383785486
818,16.36,stop,0.0,0.0,0.0,0.3095831573009491,3.6970579624176025,-0.378310889005661,5.8976042055292055e-05,0.0002461222466081381,-0.6470897207286279,-2.6043763168484264,4,0,0,5.825032712891698e-05,9.223500455846079e-06,8.153232920449227e-05,3.015297079400625e-05,-0.0002461222466081381,0.0,0.10351234674453735,0.2092098742723465,0.1546788066625595,0.023549720644950867,50.82259750366211,1,0.018493469804525375,0.21794717013835907,-0.1749151647090912,0.023543722927570343,39.51394271850586,1,0.013876263983547688,-0.34255096316337585,0.1377047598361969,0.022588588297367096,33.03443908691406,1,0.0033255561720579863,-0.27241355180740356,-0.16761340200901031,0.023101873695850372,36.23948287963867,1,0.00568159157410264
819,16.38,stop,0.0,0.0,0.0,0.3095831274986267,3.6970579624176025,-0.378310889005661,5.8670859289122745e-05,0.0002443537814542651,-0.6470793687231672,-2.604342379345988,4,0,0,5.8054502005688846e-05,8.482019438815769e-06,8.154716488206759e-05,2.9391279895207845e-05,-0.0002443537814542651,0.0,0.10351184755563736,0.2092105895280838,0.1546788215637207,0.023549795150756836,50.82283020019531,1,0.018495257943868637,0.217947319149971,-0.17491522431373596,0.023543722927570343,39.51457214355469,1,0.013877195306122303,-0.3425505459308624,0.13770508766174316,0.022588610649108887,33.03438949584961,1,0.0033167104702442884,-0.2724134922027588,-0.16761307418346405,0.023101747035980225,36.23893356323242,1,0.005683360155671835
820,16.4,stop,0.0,0.0,0.0,0.3095830976963043,3.6970584392547607,-0.3783109784126282,5.8141115005128086e-05,0.00024603272322565317,-0.6470830506220167,-2.6043073746264915,4,0,0,5.7577584811951965e-05,8.075312507571653e-06,8.124615851556882e-05,2.8894290153402835e-05,-0.00024603272322565317,0.0,0.1035117357969284,0.20921030640602112,0.15467871725559235,0.023549459874629974,50.822776794433594,1,0.01850709319114685,0.21794727444648743,-0.17491550743579865,0.023543760180473328,39.51401138305664,1,0.013886889442801476,-0.34255078434944153,0.13770507276058197,0.02258879691362381,33.03520584106445,1,0.0033265412785112858,-0.27241361141204834,-0.16761308908462524,0.02310168743133545,36.240543365478516,1,0.005675506312400103
821,16.42,stop,0.0,0.0,0.0,0.3095831573009491,3.697058916091919,-0.3783111274242401,5.7675817515701056e-05,0.00024598941672593355,-0.6470772876499044,-2.6042727967938184,4,0,0,5.714542930945754e-05,7.803838343534153e-06,8.090238407021388e-05,2.8526228561531752e-05,-0.00024598941672593355,0.0,0.10351144522428513,0.20921027660369873,0.15467874705791473,0.023549795150756836,50.8225212097168,1,0.018504910171031952,0.2179468274116516,-0.17491528391838074,0.023543551564216614,39.51390838623047,1,0.01387955341488123,-0.3425513207912445,0.13770513236522675,0.022588782012462616,33.03573226928711,1,0.0033217528834939003,-0.2724137008190155,-0.1676129549741745,0.023101873695850372,36.24429702758789,1,0.005675411317497492
822,16.44,stop,0.0,0.0,0.0,0.3095831573009491,3.697059154510498,-0.3783111274242401,5.761890497524291e-05,0.00024765427224338055,-0.6470680562223543,-2.6042399265084377,4,0,0,5.704485374735668e-05,8.113111107377335e-06,8.070190961007029e-05,2.879437670344487e-05,-0.00024765427224338055,0.0,0.10351067036390305,0.2092095911502838,0.15467844903469086,0.02354956418275833,50.821067810058594,1,0.01848740130662918,0.21794670820236206,-0.17491525411605835,0.02354399859905243,39.514930725097656,1,0.013871092349290848,-0.3425513505935669,0.1377052515745163,0.022588685154914856,33.03564453125,1,0.003321743803098798,-0.27241411805152893,-0.16761285066604614,0.02310182899236679,36.242069244384766,1,0.0056725312024354935
823,16.46,stop,0.0,0.0,0.0,0.3095831573009491,3.697059154510498,-0.3783111274242401,5.8072379033546895e-05,0.00024819051031954587,-0.6470543424831614,-2.6042072696664684,4,0,0,5.7458499213680625e-05,8.421532584179658e-06,8.097671525320038e-05,2.9183189326431602e-05,-0.00024819051031954587,0.0,0.10351059585809708,0.20920997858047485,0.15467865765094757,0.02354930341243744,50.822776794433594,1,0.018518032506108284,0.2179468423128128,-0.1749153733253479,0.023544035851955414,39.51409149169922,1,0.013876369222998619,-0.3425511419773102,0.13770538568496704,0.02258884906768799,33.03539276123047,1,0.0033231384586542845,-0.2724142372608185,-0.16761276125907898,0.023101873695850372,36.239234924316406,1,0.005671440623700619
824,16.48,stop,0.0,0.0,0.0,0.3095831274986267,3.697059154510498,-0.37831106781959534,5.714495637221262e-05,0.0002467272279318422,-0.6470530618226921,-2.6041750397113224,4,0,0,5.6558201322332025e-05,8.167989108187612e-06,8.022316615097225e-05,2.8728643883368932e-05,-0.0002467272279318422,0.0,0.10351023823022842,0.20920975506305695,0.15467841923236847,0.023549504578113556,50.82583999633789,1,0.018497401848435402,0.21794651448726654,-0.1749155968427658,0.023543566465377808,39.51505661010742,1,0.013874842785298824,-0.34255069494247437,0.13770543038845062,0.022589027881622314,33.035823822021484,1,0.003319057635962963,-0.27241432666778564,-0.16761288046836853,0.023101650178432465,36.242027282714844,1,0.005676352418959141
825,16.5,stop,0.0,0.0,0.0,0.3095830976963043,3.6970598697662354,-0.3783109784126282,5.6968496210174635e-05,0.0002484337310306728,-0.6470596252075976,-2.6041419559825303,4,0,0,5.630223313346505e-05,8.68724146130262e-06,7.986913988133892e-05,2.91741089313291e-05,-0.0002484337310306728,0.0,0.1035098135471344,0.20921024680137634,0.15467815101146698,0.023549437522888184,50.826229095458984,1,0.018504437059164047,0.21794643998146057,-0.1749158352613449,0.02354377508163452,39.51513671875,1,0.013874831609427929,-0.34255072474479675,0.13770532608032227,0.022588707506656647,33.03519821166992,1,0.0033084736205637455,-0.2724144160747528,-0.16761302947998047,0.023101650178432465,36.241783142089844,1,0.005681366194039583
826,16.52,stop,0.0,0.0,0.0,0.3095830976963043,3.6970598697662354,-0.3783109188079834,5.591983062913641e-05,0.00024966520140878856,-0.6470850783344264,-2.604211965421523,4,0,0,5.519764090422541e-05,8.958122634794563e-06,7.881968485889956e-05,2.9185026505729184e-05,-0.00024966520140878856,0.0,0.10351069271564484,0.20920969545841217,0.15467798709869385,0.02355007827281952,50.82273483276367,1,0.01849084347486496,0.21794630587100983,-0.17491598427295685,0.023543953895568848,39.51486587524414,1,0.013878886587917805,-0.34255149960517883,0.13770510256290436,0.022588558495044708,33.03582000732422,1,0.003313050139695406,-0.27241453528404236,-0.16761301457881927,0.023101896047592163,36.23786544799805,1,0.0056838602758944035
827,16.54,stop,0.0,0.0,0.0,0.3095831274986267,3.6970598697662354,-0.378310889005661,5.6147753639379516e-05,0.00025276519590988755,-0.6470866791600132,-2.6042213569316317,4,0,0,5.5379463447025046e-05,9.256646990252193e-06,7.88945981184952e-05,2.951245551230386e-05,-0.00025276519590988755,0.0,0.10351117700338364,0.2092098891735077,0.15467792749404907,0.023549340665340424,50.82357406616211,1,0.01852264255285263,0.21794643998146057,-0.1749160885810852,0.023543305695056915,39.51524353027344,1,0.013870574533939362,-0.34255170822143555,0.13770508766174316,0.02258904278278351,33.03562545776367,1,0.0033231875859200954,-0.27241483330726624,-0.16761314868927002,0.023101918399333954,36.23968505859375,1,0.005675680935382843
828,16.56,stop,0.0,0.0,0.0,0.30958321690559387,3.697059154510498,-0.3783109784126282,5.498059908859432e-05,0.0002506810415070504,-0.6470572239692175,-2.6041889135330742,4,0,0,5.425313793239184e-05,8.914223144529387e-06,7.796852150931954e-05,2.892162956413813e-05,-0.0002506810415070504,0.0,0.10351033508777618,0.20920982956886292,0.15467816591262817,0.023549847304821014,50.82337188720703,1,0.018507972359657288,0.21794655919075012,-0.1749158352613449,0.023543938994407654,39.51443099975586,1,0.013876276090741158,-0.3425508439540863,0.13770543038845062,0.022588640451431274,33.035770416259766,1,0.0033059590496122837,-0.27241426706314087,-0.16761276125907898,0.023101896047592163,36.238609313964844,1,0.005672250874340534
829,16.580000000000002,stop,0.0,0.0,0.0,0.3095833659172058,3.6970598697662354,-0.3783111274242401,5.546688771573827e-05,0.0002494821383152157,-0.6470915883584791,-2.604215380516108,4,0,0,5.47408708371222e-05,8.94498316483805e-06,7.833348354324698e-05,2.9047616408206522e-05,-0.0002494821383152157,0.0,0.10350984334945679,0.20920971035957336,0.15467789769172668,0.02354959398508072,50.82341003417969,1,0.01850217394530773,0.2179461121559143,-0.17491595447063446,0.023543812334537506,39.513858795166016,1,0.013876392506062984,-0.34255149960517883,0.13770553469657898,0.022588521242141724,33.034488677978516,1,0.0033219249453395605,-0.2724146842956543,-0.16761282086372375,0.02310166507959366,36.24047088623047,1,0.005672164727002382
830,16.6,stop,0.0,0.0,0.0,0.3095833659172058,3.6970601081848145,-0.3783111572265625,5.497671736520715e-05,0.0002503547293599695,-0.6471162944333675,-2.604265112831002,4,0,0,5.425833660410717e-05,8.8584674813319e-06,7.784662011545151e-05,2.883434899558779e-05,-0.0002503547293599695,0.0,0.10351034998893738,0.20920899510383606,0.1546778827905655,0.02355007827281952,50.821475982666016,1,0.018485816195607185,0.2179448902606964,-0.1749163419008255,0.023543722927570343,39.51390075683594,1,0.01388471107929945,-0.34255242347717285,0.13770532608032227,0.022588439285755157,33.03438186645508,1,0.0033205989748239517,-0.2724156379699707,-0.16761301457881927,0.02310214936733246,36.239845275878906,1,0.005679285619407892
831,16.62,stop,0.0,0.0,0.0,0.30958330631256104,3.6970601081848145,-0.37831127643585205,5.516424425877631e-05,0.0002525888558011502,-0.6471055689019365,-2.6042330963192675,4,0,0,5.444413545774296e-05,8.884261660568882e-06,7.788922084728256e-05,2.887275695684366e-05,-0.0002525888558011502,0.0,0.10350984334945679,0.20920893549919128,0.15467780828475952,0.02354959398508072,50.819908142089844,1,0.018490590155124664,0.21794526278972626,-0.17491626739501953,0.023543961346149445,39.51265335083008,1,0.013886773027479649,-0.3425522446632385,0.137705460190773,0.022588394582271576,33.032772064208984,1,0.0033239233307540417,-0.27241575717926025,-0.1676129549741745,0.02310182899236679,36.236942291259766,1,0.005677816923707724
832,16.64,stop,0.0,0.0,0.0,0.30958324670791626,3.69706130027771,-0.3783113658428192,5.485309156938456e-05,0.00025184775586239994,-0.647119442723688,-2.6042190090541046,4,0,0,5.4194697440834716e-05,8.473291927657556e-06,7.766432099742815e-05,2.839191074599512e-05,-0.00025184775586239994,0.0,0.1035098060965538,0.20920832455158234,0.1546775847673416,0.023549698293209076,50.82402038574219,1,0.01849658042192459,0.21794436872005463,-0.17491652071475983,0.023544028401374817,39.51371383666992,1,0.013884185813367367,-0.3425523638725281,0.13770534098148346,0.02258864790201187,33.034847259521484,1,0.0033190094400197268,-0.27241599559783936,-0.16761291027069092,0.023101717233657837,36.2401237487793,1,0.00567676592618227
833,16.66,stop,0.0,0.0,0.0,0.30958321690559387,3.6970620155334473,-0.3783114552497864,5.3960080549586564e-05,0.0002529796038288623,-0.6470969244437682,-2.60418699254237,4,0,0,5.3340510930866e-05,8.153554517775774e-06,7.6908509072382e-05,2.7868703909916803e-05,-0.0002529796038288623,0.0,0.10350970178842545,0.20920757949352264,0.15467754006385803,0.02354966104030609,50.82254409790039,1,0.018497301265597343,0.2179444581270218,-0.1749163120985031,0.023543670773506165,39.514408111572266,1,0.013878504745662212,-0.34255295991897583,0.13770557940006256,0.022588640451431274,33.03456115722656,1,0.003322422504425049,-0.27241653203964233,-0.1676129251718521,0.023101933300495148,36.240360260009766,1,0.005679791327565908
834,16.68,stop,0.0,0.0,0.0,0.3095830976963043,3.6970624923706055,-0.37831151485443115,5.307506944518536e-05,0.00025350600481033325,-0.6470631470238883,-2.6041568970213396,4,0,0,5.234073614701629e-05,8.798309863777831e-06,7.579663360957056e-05,2.8249711249372922e-05,-0.00025350600481033325,0.0,0.10350954532623291,0.20920751988887787,0.1546776443719864,0.02354951947927475,50.82386779785156,1,0.018503926694393158,0.21794366836547852,-0.17491641640663147,0.02354370802640915,39.514957427978516,1,0.01387860719114542,-0.3425529897212982,0.1377057433128357,0.02258875221014023,33.033592224121094,1,0.003325618803501129,-0.2724169194698334,-0.1676127314567566,0.02310173213481903,36.24109649658203,1,0.005677536595612764
835,16.7,stop,0.0,0.0,0.0,0.30958300828933716,3.6970632076263428,-0.3783116340637207,5.198616781854071e-05,0.00025410455418750644,-0.6470380140621769,-2.604127014943721,4,0,0,5.112530925543979e-05,9.421480172022711e-06,7.44892968214117e-05,2.8558539270306937e-05,-0.00025410455418750644,0.0,0.10350955277681351,0.2092069685459137,0.15467773377895355,0.023549772799015045,50.82222366333008,1,0.01848980411887169,0.21794281899929047,-0.1749163120985031,0.02354384958744049,39.51424789428711,1,0.013880259357392788,-0.3425540030002594,0.13770568370819092,0.022588863968849182,33.03312301635742,1,0.003330095438286662,-0.27241751551628113,-0.16761262714862823,0.02310194820165634,36.23946762084961,1,0.005677291192114353
836,16.72,stop,0.0,0.0,0.0,0.3095828890800476,3.6970632076263428,-0.3783116936683655,5.1885534048778936e-05,0.00025554007152095437,-0.6470099996144092,-2.6041374736708875,4,0,0,5.091561979497783e-05,9.985412361857016e-06,7.409139652736485e-05,2.903899257944431e-05,-0.00025554007152095437,0.0,0.10350862145423889,0.20920716226100922,0.15467798709869385,0.023549586534500122,50.82331848144531,1,0.018504992127418518,0.21794342994689941,-0.17491604387760162,0.02354397624731064,39.515037536621094,1,0.013878289610147476,-0.34255334734916687,0.13770610094070435,0.02258835732936859,33.03426742553711,1,0.003312992863357067,-0.2724173665046692,-0.16761243343353271,0.02310147136449814,36.23834991455078,1,0.00568461325019598
837,16.740000000000002,stop,0.0,0.0,0.0,0.3095828592777252,3.6970632076263428,-0.3783116936683655,5.069976396043785e-05,0.0002545729512348771,-0.647015015534581,-2.6041891269764856,4,0,0,4.9563786888029426e-05,1.0672260941646527e-05,7.26971120457165e-05,2.9390994313871488e-05,-0.0002545729512348771,0.0,0.10350997745990753,0.20920740067958832,0.15467792749404907,0.023549385368824005,50.8277587890625,1,0.018529940396547318,0.21794287860393524,-0.1749161183834076,0.023543596267700195,39.51542663574219,1,0.013871314004063606,-0.3425537943840027,0.13770616054534912,0.022588714957237244,33.03742218017578,1,0.003317387541756034,-0.27241790294647217,-0.16761237382888794,0.023101806640625,36.241127014160156,1,0.005668418016284704
838,16.76,stop,0.0,0.0,0.0,0.30958279967308044,3.6970632076263428,-0.3783116936683655,4.8527068429393694e-05,0.0002526251191738993,-0.6469987404744493,-2.6041790951361423,4,0,0,4.7444736992474645e-05,1.0191830369876698e-05,7.091374573064968e-05,2.843829497578554e-05,-0.0002526251191738993,0.0,0.10350941121578217,0.20920701324939728,0.15467792749404907,0.02354981005191803,50.82637023925781,1,0.018489744514226913,0.21794314682483673,-0.17491601407527924,0.023543938994407654,39.51545715332031,1,0.013873521238565445,-0.3425539433956146,0.13770605623722076,0.022588327527046204,33.037330627441406,1,0.0033101297449320555,-0.2724178731441498,-0.16761228442192078,0.023101598024368286,36.24158477783203,1,0.0056777894496917725
839,16.78,stop,0.0,0.0,0.0,0.3095828592777252,3.6970632076263428,-0.3783116638660431,4.8649653763277456e-05,0.0002538282424211502,-0.6469818250840829,-2.6041468651809963,4,0,0,4.734933463623747e-05,1.1172705853823572e-05,7.061201904434711e-05,2.9373242796282284e-05,-0.0002538282424211502,0.0,0.10350950062274933,0.2092071920633316,0.15467798709869385,0.023549214005470276,50.82762145996094,1,0.018539484590291977,0.2179432511329651,-0.174916073679924,0.023543424904346466,39.515167236328125,1,0.013879014179110527,-0.342553973197937,0.13770627975463867,0.022588729858398438,33.03413009643555,1,0.0033199863974004984,-0.27241775393486023,-0.167612224817276,0.023101702332496643,36.24192810058594,1,0.0056792753748595715
840,16.8,stop,0.0,0.0,0.0,0.3095829486846924,3.6970632076263428,-0.3783116340637207,4.702855949290097e-05,0.0002532323414925486,-0.6469795305674086,-2.6041150621126734,4,0,0,4.560144952847622e-05,1.1497536434035283e-05,6.892672536196187e-05,2.92773729597684e-05,-0.0002532323414925486,0.0,0.1035090908408165,0.2092067301273346,0.15467770397663116,0.02354949712753296,50.82388687133789,1,0.018495041877031326,0.2179424911737442,-0.1749163568019867,0.023543961346149445,39.51413345336914,1,0.013882780447602272,-0.3425538241863251,0.13770636916160583,0.022588655352592468,33.03459167480469,1,0.0033132084645330906,-0.2724180817604065,-0.167612224817276,0.023101992905139923,36.24008560180664,1,0.0056790439411997795
841,16.82,stop,0.0,0.0,0.0,0.30958300828933716,3.697063446044922,-0.37831154465675354,4.7785259084776044e-05,0.00025549036217853427,-0.6470078118194407,-2.6041643675407444,4,0,0,4.642266867449507e-05,1.1329906556056812e-05,6.962446786928922e-05,2.9283783078426495e-05,-0.00025549036217853427,0.0,0.10350895673036575,0.2092071920633316,0.154677614569664,0.023549534380435944,50.82293701171875,1,0.0185142420232296,0.21794253587722778,-0.1749165952205658,0.02354416996240616,39.51359558105469,1,0.013889848254621029,-0.3425542414188385,0.13770602643489838,0.022588610649108887,33.03544998168945,1,0.003311190754175186,-0.2724178731441498,-0.16761229932308197,0.023101426661014557,36.239891052246094,1,0.005679398775100708
842,16.84,stop,0.0,0.0,0.0,0.30958297848701477,3.697063446044922,-0.37831154465675354,4.7047939006006345e-05,0.0002561597793828696,-0.6470008749085648,-2.604151347492639,4,0,0,4.573239857563749e-05,1.1047908628825098e-05,6.894830585224554e-05,2.8820495572290383e-05,-0.0002561597793828696,0.0,0.1035090908408165,0.20920678973197937,0.1546776294708252,0.02354946732521057,50.8218994140625,1,0.01850266382098198,0.2179424911737442,-0.17491644620895386,0.023543603718280792,39.51435089111328,1,0.013875807635486126,-0.34255391359329224,0.13770611584186554,0.02258840948343277,33.035133361816406,1,0.003310498548671603,-0.272417813539505,-0.1676122546195984,0.023101672530174255,36.24238586425781,1,0.005671097431331873
843,16.86,stop,0.0,0.0,0.0,0.30958303809165955,3.6970629692077637,-0.37831151485443115,4.757768692797981e-05,0.0002568566706031561,-0.6469791570414384,-2.6041411022088843,4,0,0,4.616617297870107e-05,1.1503077075758483e-05,6.917911377968267e-05,2.9349590477067977e-05,-0.0002568566706031561,0.0,0.10350900143384933,0.20920690894126892,0.1546775996685028,0.02354969084262848,50.8226203918457,1,0.01850106753408909,0.2179429978132248,-0.1749163120985031,0.02354368567466736,39.51435089111328,1,0.013873322866857052,-0.34255361557006836,0.13770629465579987,0.022588536143302917,33.034912109375,1,0.003316869493573904,-0.27241775393486023,-0.16761216521263123,0.02310194820165634,36.23753356933594,1,0.005681556649506092
844,16.88,stop,0.0,0.0,0.0,0.3095831274986267,3.697063446044922,-0.378311425447464,4.723382880911231e-05,0.00025641059619374573,-0.6469860405914613,-2.6041718380601493,4,0,0,4.582844485412352e-05,1.1436271051934455e-05,6.8858360464219e-05,2.919875805673655e-05,-0.00025641059619374573,0.0,0.10350899398326874,0.2092069834470749,0.15467756986618042,0.02354961633682251,50.823421478271484,1,0.018498403951525688,0.21794240176677704,-0.17491652071475983,0.023544274270534515,39.5140266418457,1,0.013882114551961422,-0.3425541818141937,0.13770613074302673,0.022588595747947693,33.0336799621582,1,0.0033204995561391115,-0.27241840958595276,-0.16761226952075958,0.023101650178432465,36.23836898803711,1,0.005677230656147003
845,16.9,stop,0.0,0.0,0.0,0.30958300828933716,3.697063446044922,-0.3783114552497864,4.67783393105492e-05,0.00025624994304962456,-0.6470026358167102,-2.604199372260241,4,0,0,4.5452467020368204e-05,1.1058314157708082e-05,6.857820699224249e-05,2.8737253160215914e-05,-0.00025624994304962456,0.0,0.1035093143582344,0.20920662581920624,0.1546773761510849,0.023549385368824005,50.82233428955078,1,0.018489450216293335,0.2179422378540039,-0.17491665482521057,0.023544199764728546,39.51362228393555,1,0.013882673345506191,-0.34255385398864746,0.1377061903476715,0.022588469088077545,33.03386306762695,1,0.0033119379077106714,-0.2724182605743408,-0.16761237382888794,0.023101821541786194,36.240352630615234,1,0.0056870779953897
846,16.92,stop,0.0,0.0,0.0,0.3095828890800476,3.6970629692077637,-0.3783114552497864,4.707019616034813e-05,0.00025681426632218063,-0.6469819851666416,-2.6041671423050947,4,0,0,4.581235771183856e-05,1.0808858860400505e-05,6.891613884363323e-05,2.8566504624905065e-05,-0.00025681426632218063,0.0,0.10350897908210754,0.20920729637145996,0.15467752516269684,0.02354966104030609,50.822967529296875,1,0.018505148589611053,0.21794256567955017,-0.17491640150547028,0.023543581366539,39.514404296875,1,0.013875741511583328,-0.34255367517471313,0.13770636916160583,0.022588305175304413,33.03386688232422,1,0.003318627830594778,-0.27241817116737366,-0.16761213541030884,0.023101411759853363,36.24183654785156,1,0.005675319582223892
847,16.94,stop,0.0,0.0,0.0,0.3095828890800476,3.697063446044922,-0.378311425447464,4.7152716433629394e-05,0.0002567608607932925,-0.6469695520879181,-2.6041344854631254,4,0,0,4.577568324748427e-05,1.131217595684575e-05,6.879217107780278e-05,2.9054008336970583e-05,-0.0002567608607932925,0.0,0.10350902378559113,0.20920723676681519,0.1546775847673416,0.023549698293209076,50.82335662841797,1,0.018511086702346802,0.21794234216213226,-0.17491668462753296,0.023544013500213623,39.514373779296875,1,0.013879292644560337,-0.3425537943840027,0.1377064436674118,0.02258855104446411,33.03595733642578,1,0.0033166278153657913,-0.2724180221557617,-0.16761212050914764,0.023101888597011566,36.24011993408203,1,0.0056743198074400425
848,16.96,stop,0.0,0.0,0.0,0.30958282947540283,3.6970632076263428,-0.3783113658428192,4.694796007242985e-05,0.0002538104890845716,-0.6469612277948671,-2.6041026823948026,4,0,0,4.574555350700393e-05,1.0557241694186814e-05,6.893046520417556e-05,2.8310287234489806e-05,-0.0002538104890845716,0.0,0.10350919514894485,0.2092067450284958,0.1546774059534073,0.023549646139144897,50.822669982910156,1,0.018491379916667938,0.2179425209760666,-0.17491677403450012,0.02354436367750168,39.513484954833984,1,0.013888875022530556,-0.3425542712211609,0.13770632445812225,0.02258884906768799,33.035457611083984,1,0.0033167186193168163,-0.27241790294647217,-0.16761206090450287,0.023101776838302612,36.24118423461914,1,0.005673080217093229
849,16.98,stop,0.0,0.0,0.0,0.30958276987075806,3.6970632076263428,-0.378311425447464,4.7598434321116656e-05,0.0002556495019234717,-0.6469748348123542,-2.604109299140561,4,0,0,4.639864346245304e-05,1.061963939719135e-05,6.949850649107248e-05,2.8520280466182157e-05,-0.0002556495019234717,0.0,0.10350964963436127,0.2092069536447525,0.15467742085456848,0.023549795150756836,50.82194137573242,1,0.018491219729185104,0.21794240176677704,-0.17491671442985535,0.02354384958744049,39.514007568359375,1,0.013887505978345871,-0.3425542712211609,0.13770629465579987,0.022589072585105896,33.03203582763672,1,0.0033320060465484858,-0.2724181115627289,-0.1676122397184372,0.023101985454559326,36.2367057800293,1,0.005677635315805674
850,17.0,stop,0.0,0.0,0.0,0.3095826506614685,3.697063446044922,-0.378311425447464,4.7386834921780974e-05,0.0002578454732429236,-0.6469976732573914,-2.604200866364122,4,0,0,4.6213899622671306e-05,1.0477954674570356e-05,6.936074350960553e-05,2.8338807169348e-05,-0.0002578454732429236,0.0,0.10351008176803589,0.2092067152261734,0.15467731654644012,0.0235496386885643,50.82386016845703,1,0.018493253737688065,0.21794195473194122,-0.1749168038368225,0.02354402095079422,39.51457977294922,1,0.013879186473786831,-0.3425538241863251,0.13770639896392822,0.02258823812007904,33.03420639038086,1,0.003315678099170327,-0.2724183201789856,-0.16761232912540436,0.023102030158042908,36.23808670043945,1,0.0056821433827281
851,17.02,stop,0.0,0.0,0.0,0.30958253145217896,3.6970632076263428,-0.378311425447464,4.6598626795457676e-05,0.0002558598353061825,-0.6470032227860921,-2.6042296812246826,4,0,0,4.550502490019426e-05,1.0036160347226541e-05,6.887974450364709e-05,2.7759226213674992e-05,-0.0002558598353061825,0.0,0.1035110130906105,0.20920634269714355,0.15467722713947296,0.0235496386885643,50.82188415527344,1,0.01848156936466694,0.2179417610168457,-0.17491675913333893,0.02354399859905243,39.51395034790039,1,0.01388270128518343,-0.34255459904670715,0.1377062350511551,0.022588588297367096,33.03434371948242,1,0.0033178648445755243,-0.2724182903766632,-0.16761204600334167,0.02310221642255783,36.23973846435547,1,0.005675643216818571
852,17.04,stop,0.0,0.0,0.0,0.3095824420452118,3.6970632076263428,-0.37831151485443115,4.6996763558126986e-05,0.0002569112984929234,-0.646989135520929,-2.6041970243827137,4,0,0,4.5977129047969356e-05,9.736505489854608e-06,6.938870501471683e-05,2.7580066671362147e-05,-0.0002569112984929234,0.0,0.1035105288028717,0.20920653641223907,0.15467730164527893,0.023549631237983704,50.822811126708984,1,0.01849404349923134,0.21794214844703674,-0.17491666972637177,0.02354387938976288,39.513431549072266,1,0.013880309648811817,-0.3425544202327728,0.13770630955696106,0.022588595747947693,33.03524398803711,1,0.00331483012996614,-0.27241837978363037,-0.1676120162010193,0.023101702332496643,36.23930358886719,1,0.0056753819808363914
853,17.06,stop,0.0,0.0,0.0,0.309582382440567,3.6970632076263428,-0.3783116340637207,4.667336179409176e-05,0.00025678405654616654,-0.646964216002629,-2.6041643675407444,4,0,0,4.571660974761471e-05,9.401822353538591e-06,6.926502101123333e-05,2.720252814469859e-05,-0.00025678405654616654,0.0,0.10350984334945679,0.2092067003250122,0.15467752516269684,0.023549601435661316,50.82322311401367,1,0.01849714294075966,0.21794268488883972,-0.17491628229618073,0.023543544113636017,39.51423645019531,1,0.013873815536499023,-0.3425540626049042,0.13770677149295807,0.022588543593883514,33.03480911254883,1,0.003319571726024151,-0.2724182903766632,-0.1676117479801178,0.02310151606798172,36.24238586425781,1,0.005683151539415121
854,17.080000000000002,stop,0.0,0.0,0.0,0.30958235263824463,3.6970632076263428,-0.37831172347068787,4.688746412284672e-05,0.0002562988374847919,-0.6469487413552907,-2.604130856925129,4,0,0,4.586354407365434e-05,9.745229363034014e-06,6.93874026183039e-05,2.7587677323026583e-05,-0.0002562988374847919,0.0,0.10350947827100754,0.20920710265636444,0.15467774868011475,0.023549936711788177,50.82384490966797,1,0.018498729914426804,0.21794217824935913,-0.1749163717031479,0.023544080555438995,39.51443862915039,1,0.01388285681605339,-0.3425537049770355,0.13770706951618195,0.022588513791561127,33.03428649902344,1,0.0033204948995262384,-0.27241820096969604,-0.1676114797592163,0.02310149371623993,36.24031066894531,1,0.005679109133780003
855,17.1,stop,0.0,0.0,0.0,0.30958226323127747,3.6970632076263428,-0.37831178307533264,4.716811963589862e-05,0.00025688650202937424,-0.6469582395871052,-2.6041169831033772,4,0,0,4.612607881426811e-05,9.859838428383227e-06,6.966043292777613e-05,2.7775515263783745e-05,-0.00025688650202937424,0.0,0.10351020097732544,0.20920713245868683,0.15467780828475952,0.0235494002699852,50.82373046875,1,0.01850277930498123,0.21794243156909943,-0.17491626739501953,0.023543931543827057,39.5145263671875,1,0.013888188637793064,-0.34255388379096985,0.13770706951618195,0.02258872240781784,33.03325271606445,1,0.003330725710839033,-0.2724180519580841,-0.16761164367198944,0.02310209721326828,36.238677978515625,1,0.005680210888385773
856,17.12,stop,0.0,0.0,0.0,0.30958232283592224,3.6970632076263428,-0.37831181287765503,4.6966979425633326e-05,0.00025710082263685763,-0.6469855069829323,-2.604186565655547,4,0,0,4.5887016312917694e-05,1.0013933206209913e-05,6.948371446924284e-05,2.788884739857167e-05,-0.00025710082263685763,0.0,0.10351032763719559,0.20920680463314056,0.1546776294708252,0.023549772799015045,50.82379150390625,1,0.018497109413146973,0.21794232726097107,-0.1749163717031479,0.023544147610664368,39.51481628417969,1,0.013882641680538654,-0.3425539433956146,0.1377069354057312,0.022588439285755157,33.0338134765625,1,0.003322645090520382,-0.27241820096969604,-0.16761164367198944,0.023101910948753357,36.23912811279297,1,0.005681307520717382
857,17.14,stop,0.0,0.0,0.0,0.30958232283592224,3.6970632076263428,-0.37831175327301025,4.6935696445871145e-05,0.0002563327143434435,-0.6470126676570538,-2.604257855755009,4,0,0,4.579244341584854e-05,1.0296191248926334e-05,6.93399560987018e-05,2.8143414965597913e-05,-0.0002563327143434435,0.0,0.10351154953241348,0.20920643210411072,0.15467746555805206,0.023549959063529968,50.82176971435547,1,0.01847550831735134,0.2179419845342636,-0.17491668462753296,0.023543767631053925,39.51462936401367,1,0.013887114822864532,-0.34255450963974,0.1377066671848297,0.02258877456188202,33.0328369140625,1,0.0033258043695241213,-0.2724190056324005,-0.16761186718940735,0.023101963102817535,36.24044418334961,1,0.005679188296198845
858,17.16,stop,0.0,0.0,0.0,0.3095824122428894,3.6970632076263428,-0.3783116936683655,4.716642797575332e-05,0.00025989278219640255,-0.6470239267970137,-2.604265112831002,4,0,0,4.5899036194896325e-05,1.0860500879061874e-05,6.925809429958463e-05,2.8705366275971755e-05,-0.00025989278219640255,0.0,0.10351162403821945,0.20920667052268982,0.15467725694179535,0.023549675941467285,50.8222770690918,1,0.018483081832528114,0.21794171631336212,-0.17491666972637177,0.023544222116470337,39.51344680786133,1,0.013883424922823906,-0.3425545394420624,0.13770648837089539,0.022588901221752167,33.03293228149414,1,0.003307860344648361,-0.2724190354347229,-0.1676119565963745,0.023102127015590668,36.23667526245117,1,0.005680999252945185
859,17.18,stop,0.0,0.0,0.0,0.309582382440567,3.6970632076263428,-0.3783116936683655,4.690006244345568e-05,0.00025680108228698373,-0.647010586583791,-2.604252946556543,4,0,0,4.5810898882336915e-05,1.0048756848846097e-05,6.931619282113388e-05,2.788269739539828e-05,-0.00025680108228698373,0.0,0.10351116210222244,0.2092059999704361,0.15467725694179535,0.023549415171146393,50.82372283935547,1,0.018487177789211273,0.2179419994354248,-0.17491662502288818,0.023543797433376312,39.513423919677734,1,0.013879692181944847,-0.3425544798374176,0.1377066671848297,0.022588662803173065,33.033485412597656,1,0.003323010401800275,-0.27241894602775574,-0.1676119863986969,0.023102007806301117,36.23965835571289,1,0.005685913376510143
860,17.2,stop,0.0,0.0,0.0,0.30958235263824463,3.6970632076263428,-0.3783116638660431,4.662783976527862e-05,0.000256965373409912,-0.646996926205451,-2.604220289714574,4,0,0,4.556633211905137e-05,9.892657544696704e-06,6.912473327247426e-05,2.7672564101521857e-05,-0.000256965373409912,0.0,0.10351099818944931,0.2092064470052719,0.15467731654644012,0.023549765348434448,50.82337188720703,1,0.018493203446269035,0.21794193983078003,-0.17491662502288818,0.023543886840343475,39.51338577270508,1,0.013888404704630375,-0.3425542712211609,0.13770660758018494,0.022588811814785004,33.034385681152344,1,0.0033085073810070753,-0.2724187970161438,-0.16761189699172974,0.02310195565223694,36.2373046875,1,0.005681966431438923
861,17.22,stop,0.0,0.0,0.0,0.3095824122428894,3.6970632076263428,-0.3783116638660431,4.630829789675772e-05,0.00025589080178178847,-0.6469915901201619,-2.604187419429193,4,0,0,4.529767466010526e-05,9.621815479476936e-06,6.893701356602833e-05,2.734505142143462e-05,-0.00025589080178178847,0.0,0.10351049900054932,0.20920661091804504,0.1546773612499237,0.02354966104030609,50.82312774658203,1,0.018488992005586624,0.21794185042381287,-0.17491668462753296,0.023543745279312134,39.51361083984375,1,0.013882900588214397,-0.34255459904670715,0.1377066820859909,0.02258872240781784,33.03221130371094,1,0.003331555752083659,-0.27241864800453186,-0.16761186718940735,0.023102007806301117,36.239418029785156,1,0.0056813498958945274
862,17.240000000000002,stop,0.0,0.0,0.0,0.3095824122428894,3.6970632076263428,-0.3783116340637207,4.65751945739612e-05,0.00025639403611421585,-0.646980811227878,-2.6041541222569893,4,0,0,4.55830195278395e-05,9.562271770846564e-06,6.920495070517063e-05,2.7352180040907115e-05,-0.00025639403611421585,0.0,0.10350999236106873,0.20920680463314056,0.1546773612499237,0.023549549281597137,50.822059631347656,1,0.018489697948098183,0.217942014336586,-0.1749165654182434,0.023544222116470337,39.513511657714844,1,0.013881406746804714,-0.3425541818141937,0.1377066820859909,0.022588536143302917,33.032928466796875,1,0.0033245068043470383,-0.2724185585975647,-0.16761170327663422,0.023101866245269775,36.23678207397461,1,0.005678151734173298
863,17.26,stop,0.0,0.0,0.0,0.30958229303359985,3.6970632076263428,-0.37831172347068787,4.660761624109e-05,0.0002553686499595642,-0.6469963392360691,-2.6041814430136694,4,0,0,4.574742342811078e-05,8.913082638173364e-06,6.952051626285538e-05,2.676288022485096e-05,-0.0002553686499595642,0.0,0.10351026058197021,0.20920713245868683,0.1546774059534073,0.023549459874629974,50.82402038574219,1,0.018495850265026093,0.21794232726097107,-0.17491663992404938,0.02354380488395691,39.51449203491211,1,0.013884071260690689,-0.34255391359329224,0.13770698010921478,0.022588275372982025,33.03395080566406,1,0.0033192727714776993,-0.27241867780685425,-0.16761170327663422,0.023101985454559326,36.238773345947266,1,0.0056760478764772415
864,17.28,stop,0.0,0.0,0.0,0.30958226323127747,3.6970632076263428,-0.37831178307533264,4.586250361171551e-05,0.00025520255439914763,-0.6470196579287825,-2.604231388771975,4,0,0,4.4914264435647056e-05,9.277820026909467e-06,6.871532241348177e-05,2.6933077606372535e-05,-0.00025520255439914763,0.0,0.10351084917783737,0.20920611917972565,0.15467731654644012,0.023549489676952362,50.82331848144531,1,0.01849135383963585,0.21794180572032928,-0.17491669952869415,0.02354367822408676,39.51487731933594,1,0.013878772035241127,-0.34255480766296387,0.13770656287670135,0.02258852869272232,33.03456497192383,1,0.003309778170660138,-0.27241891622543335,-0.16761192679405212,0.023101866245269775,36.24008560180664,1,0.005684531293809414
865,17.3,stop,0.0,0.0,0.0,0.30958232283592224,3.6970632076263428,-0.37831175327301025,4.6093977289274335e-05,0.00025617697974666953,-0.6470213121152221,-2.604240139951849,4,0,0,4.505585093284026e-05,9.727535143611021e-06,6.878881686134264e-05,2.741566459008027e-05,-0.00025617697974666953,0.0,0.10351065546274185,0.20920632779598236,0.1546773612499237,0.02354981005191803,50.8216438293457,1,0.018490776419639587,0.21794158220291138,-0.17491690814495087,0.023544184863567352,39.51429748535156,1,0.01389342825859785,-0.34255462884902954,0.1377067118883133,0.02258838713169098,33.034156799316406,1,0.0033160937018692493,-0.2724190056324005,-0.167611762881279,0.02310182899236679,36.23741149902344,1,0.005686728749424219
866,17.32,stop,0.0,0.0,0.0,0.3095824122428894,3.6970632076263428,-0.37831181287765503,4.620754407369532e-05,0.00025718205142766237,-0.6470102130578208,-2.604205989005999,4,0,0,4.516451372182928e-05,9.762370609678328e-06,6.885186303406954e-05,2.7467936888569966e-05,-0.00025718205142766237,0.0,0.10351090878248215,0.2092067301273346,0.15467746555805206,0.02354949712753296,50.82341003417969,1,0.018500523641705513,0.21794211864471436,-0.17491653561592102,0.023543722927570343,39.513980865478516,1,0.013887091539800167,-0.3425542414188385,0.1377069652080536,0.02258899062871933,33.0321159362793,1,0.003334147622808814,-0.2724188268184662,-0.16761177778244019,0.02310195565223694,36.23759078979492,1,0.005688960198312998
867,17.34,stop,0.0,0.0,0.0,0.30958235263824463,3.6970632076263428,-0.37831172347068787,4.572036777972244e-05,0.0002577745181042701,-0.647024300322984,-2.6041931824013056,4,0,0,4.4681495637632906e-05,9.691012564871926e-06,6.84223196003586e-05,2.728458093770314e-05,-0.0002577745181042701,0.0,0.10351036489009857,0.20920683443546295,0.15467733144760132,0.02354971319437027,50.8231086730957,1,0.018494924530386925,0.2179422229528427,-0.17491674423217773,0.0235435888171196,39.51441955566406,1,0.013881660997867584,-0.34255439043045044,0.1377066671848297,0.02258838713169098,33.033145904541016,1,0.003314335597679019,-0.2724187672138214,-0.16761189699172974,0.02310173213481903,36.23667526245117,1,0.005685603711754084
868,17.36,stop,0.0,0.0,0.0,0.3095824420452118,3.6970632076263428,-0.37831175327301025,4.556123531074263e-05,0.0002594992402009666,-0.6470304901819193,-2.6042000125904754,4,0,0,4.449834887054749e-05,9.78382468019845e-06,6.824387673987076e-05,2.7334681362845004e-05,-0.0002594992402009666,0.0,0.10351043939590454,0.20920726656913757,0.1546773612499237,0.023549683392047882,50.82371139526367,1,0.018504014238715172,0.21794193983078003,-0.17491674423217773,0.023543953895568848,39.513397216796875,1,0.013885855674743652,-0.3425539433956146,0.1377066671848297,0.02258848398923874,33.034698486328125,1,0.0033095404505729675,-0.2724183201789856,-0.16761177778244019,0.023102059960365295,36.236000061035156,1,0.005681346170604229
869,17.38,stop,0.0,0.0,0.0,0.3095824420452118,3.6970632076263428,-0.37831181287765503,4.500313298194669e-05,0.00025664852000772953,-0.6470401484962924,-2.6042281871208015,4,0,0,4.407630694913678e-05,9.086308637051843e-06,6.79938675602898e-05,2.6551017072051764e-05,-0.00025664852000772953,0.0,0.10351045429706573,0.20920664072036743,0.15467722713947296,0.023549817502498627,50.821895599365234,1,0.018476644530892372,0.2179422527551651,-0.17491674423217773,0.023543506860733032,39.514339447021484,1,0.013873431831598282,-0.3425543010234833,0.13770659267902374,0.02258848398923874,33.0334587097168,1,0.003314988687634468,-0.27241891622543335,-0.16761194169521332,0.02310161292552948,36.23692321777344,1,0.005683823488652706
870,17.400000000000002,stop,0.0,0.0,0.0,0.30958250164985657,3.6970632076263428,-0.37831181287765503,4.5332279114518315e-05,0.00025822618044912815,-0.6470498601715186,-2.604235444196795,4,0,0,4.425636143423617e-05,9.817844329518266e-06,6.797071546316147e-05,2.7300342480884865e-05,-0.00025822618044912815,0.0,0.1035112738609314,0.20920656621456146,0.15467725694179535,0.023549802601337433,50.82063674926758,1,0.01848236285150051,0.217941552400589,-0.17491689324378967,0.02354409545660019,39.51396179199219,1,0.013888996094465256,-0.34255436062812805,0.13770665228366852,0.02258908748626709,33.03119659423828,1,0.0033238865435123444,-0.2724189758300781,-0.16761185228824615,0.023102231323719025,36.23600769042969,1,0.005679928697645664
871,17.42,stop,0.0,0.0,0.0,0.30958232283592224,3.6970632076263428,-0.3783116936683655,4.597912629833445e-05,0.0002789273567032069,-0.6470008749085648,-2.6044412036455413,4,0,0,4.432732021086849e-05,1.2213461559440475e-05,6.708003638777882e-05,2.954695992229972e-05,-0.0002789273567032069,0.0,0.10351213067770004,0.2092057168483734,0.15467754006385803,0.02354975789785385,50.82293701171875,1,0.01848948560655117,0.21794085204601288,-0.17491671442985535,0.023543886840343475,39.5130500793457,1,0.013892087154090405,-0.3425551950931549,0.13770678639411926,0.02258845418691635,33.03578186035156,1,0.003315228968858719,-0.27241963148117065,-0.16761182248592377,0.023101411759853363,36.239253997802734,1,0.0056891064159572124
872,17.44,stop,0.0,0.0,0.0,0.3095822036266327,3.697063446044922,-0.3783116340637207,4.522154631558806e-05,0.00026814459124580026,-0.6469931909457486,-2.604492643507728,4,0,0,4.35245456174016e-05,1.2272004823898897e-05,6.64189865346998e-05,2.9437351258820854e-05,-0.00026814459124580026,0.0,0.10351331532001495,0.20920518040657043,0.15467755496501923,0.023549482226371765,50.82274627685547,1,0.018500590696930885,0.21794059872627258,-0.1749165803194046,0.023543618619441986,39.51362228393555,1,0.013877413235604763,-0.3425561487674713,0.13770651817321777,0.022588446736335754,33.03820037841797,1,0.003318306989967823,-0.2724200189113617,-0.1676119863986969,0.023101776838302612,36.24140167236328,1,0.005673422012478113
873,17.46,stop,0.0,0.0,0.0,0.3095822036266327,3.6970632076263428,-0.3783116340637207,4.469994019018486e-05,0.00026317406445741653,-0.6469716865220336,-2.6044589194487013,4,0,0,4.329502917244099e-05,1.1118696420453489e-05,6.654216122115031e-05,2.8277907404117286e-05,-0.00026317406445741653,0.0,0.10351307690143585,0.20920562744140625,0.15467752516269684,0.023549839854240417,50.82392883300781,1,0.018496880307793617,0.2179412990808487,-0.17491641640663147,0.023543931543827057,39.51231384277344,1,0.01388858538120985,-0.3425554633140564,0.13770654797554016,0.022588446736335754,33.035011291503906,1,0.003317595459520817,-0.27241960167884827,-0.16761192679405212,0.023101918399333954,36.2366828918457,1,0.00567714124917984
874,17.48,stop,0.0,0.0,0.0,0.30958229303359985,3.6970632076263428,-0.3783116340637207,4.393263589008711e-05,0.00025676703080534935,-0.6469602139386622,-2.604423701285793,4,0,0,4.283255111658946e-05,9.76981027633883e-06,6.647793634328991e-05,2.686890002223663e-05,-0.00025676703080534935,0.0,0.1035127118229866,0.2092055231332779,0.15467770397663116,0.02354954183101654,50.82442092895508,1,0.018496017903089523,0.21794122457504272,-0.1749163120985031,0.023543864488601685,39.51347732543945,1,0.01387949101626873,-0.34255534410476685,0.13770659267902374,0.02258850634098053,33.03425598144531,1,0.0033156441058963537,-0.27241945266723633,-0.16761179268360138,0.023101933300495148,36.237632751464844,1,0.005672273691743612
875,17.5,stop,0.0,0.0,0.0,0.30958229303359985,3.6970632076263428,-0.37831154465675354,4.337650534580462e-05,0.0002527844626456499,-0.6469499152940542,-2.604389336896532,4,0,0,4.2478510295040905e-05,8.780510142969433e-06,6.641478830715641e-05,2.5831415769062005e-05,-0.0002527844626456499,0.0,0.10351227968931198,0.2092062085866928,0.15467779338359833,0.023549802601337433,50.82316970825195,1,0.018487844616174698,0.21794138848781586,-0.1749163120985031,0.023543894290924072,39.513465881347656,1,0.013877184130251408,-0.34255465865135193,0.1377067267894745,0.02258860319852829,33.03497314453125,1,0.003309002611786127,-0.2724190354347229,-0.16761179268360138,0.02310168743133545,36.23984146118164,1,0.005679735913872719
876,17.52,stop,0.0,0.0,0.0,0.30958232283592224,3.6970632076263428,-0.3783116936683655,4.377984078018926e-05,0.00025300245033577085,-0.6469349742552448,-2.6043558262809166,4,0,0,4.2968800698872656e-05,8.38787582324585e-06,6.697965727653354e-05,2.5570458092261106e-05,-0.00025300245033577085,0.0,0.10351169854402542,0.20920638740062714,0.15467792749404907,0.023549698293209076,50.82406997680664,1,0.01851123571395874,0.2179417610168457,-0.17491617798805237,0.0235440731048584,39.51365280151367,1,0.013873621821403503,-0.3425549864768982,0.13770687580108643,0.022588364779949188,33.033660888671875,1,0.0033228660468012094,-0.27241894602775574,-0.16761153936386108,0.02310176193714142,36.240379333496094,1,0.00568139785900712
877,17.54,stop,0.0,0.0,0.0,0.3095822036266327,3.6970632076263428,-0.37831172347068787,4.3394422391429543e-05,0.00025230643223039806,-0.6469308654695722,-2.604321461891655,4,0,0,4.266534961061552e-05,7.921102223917842e-06,6.687064160360023e-05,2.5060380721697584e-05,-0.00025230643223039806,0.0,0.10351143032312393,0.20920634269714355,0.1546778827905655,0.02354973554611206,50.823116302490234,1,0.01849655620753765,0.21794191002845764,-0.17491617798805237,0.02354384958744049,39.514060974121094,1,0.013874306343495846,-0.34255480766296387,0.13770699501037598,0.022588394582271576,33.0335807800293,1,0.003323042532429099,-0.272419273853302,-0.16761161386966705,0.023101769387722015,36.23952865600586,1,0.005679175723344088
878,17.56,stop,0.0,0.0,0.0,0.30958226323127747,3.6970632076263428,-0.3783118426799774,4.397076554596424e-05,0.0002524318697396666,-0.6469354011420679,-2.6042868840589817,4,0,0,4.3226173147559166e-05,8.057678314798977e-06,6.738795491401106e-05,2.5333574740216136e-05,-0.0002524318697396666,0.0,0.103511281311512,0.20920629799365997,0.15467782318592072,0.02354973554611206,50.82359313964844,1,0.018496491014957428,0.217941552400589,-0.17491616308689117,0.023544132709503174,39.51356887817383,1,0.013886458240449429,-0.34255486726760864,0.13770706951618195,0.022588469088077545,33.033111572265625,1,0.003321127500385046,-0.27241939306259155,-0.1676114797592163,0.02310182899236679,36.23986053466797,1,0.005673929583281279
879,17.580000000000002,stop,0.0,0.0,0.0,0.30958226323127747,3.6970632076263428,-0.37831181287765503,4.416769661474973e-05,0.00025336749968118966,-0.6469388695975059,-2.6042518793394853,4,0,0,4.3370728235458955e-05,8.352579243364744e-06,6.747619045199826e-05,2.5660456230980344e-05,-0.00025336749968118966,0.0,0.10351056605577469,0.2092064768075943,0.15467794239521027,0.023549824953079224,50.821990966796875,1,0.018490925431251526,0.2179412692785263,-0.17491649091243744,0.02354387938976288,39.51404571533203,1,0.013879554346203804,-0.3425544798374176,0.13770723342895508,0.022588543593883514,33.03309631347656,1,0.003323656739667058,-0.2724190354347229,-0.16761143505573273,0.02310173213481903,36.2366828918457,1,0.005678283516317606
880,17.6,stop,0.0,0.0,0.0,0.30958229303359985,3.6970632076263428,-0.37831181287765503,4.451753557077609e-05,0.0002536264364607632,-0.6469553047401962,-2.604216661176577,4,0,0,4.378862649900839e-05,8.022915608307812e-06,6.794223736505955e-05,2.5439676392124966e-05,-0.0002536264364607632,0.0,0.10351062566041946,0.209206685423851,0.15467779338359833,0.023549698293209076,50.822059631347656,1,0.01848984695971012,0.21794159710407257,-0.17491638660430908,0.023543700575828552,39.51377868652344,1,0.013884899206459522,-0.3425542414188385,0.13770714402198792,0.022588856518268585,33.032291412353516,1,0.003325315658003092,-0.2724188566207886,-0.1676115244626999,0.023101694881916046,36.23866271972656,1,0.005685402546077967
881,17.62,stop,0.0,0.0,0.0,0.309582382440567,3.6970632076263428,-0.37831181287765503,4.4950902520213276e-05,0.00025717500830069184,-0.6469738743170022,-2.6042019335811797,4,0,0,4.4180611439514905e-05,8.285973308375105e-06,6.823900912422687e-05,2.578735802671872e-05,-0.00025717500830069184,0.0,0.10351055860519409,0.20920655131340027,0.15467751026153564,0.0235496386885643,50.821990966796875,1,0.018489954993128777,0.21794214844703674,-0.17491641640663147,0.02354353666305542,39.51469802856445,1,0.01388638000935316,-0.3425544500350952,0.13770699501037598,0.022588402032852173,33.033226013183594,1,0.0033153004478663206,-0.2724188268184662,-0.1676114797592163,0.023102067410945892,36.2398796081543,1,0.005683653987944126
882,17.64,stop,0.0,0.0,0.0,0.3095824122428894,3.6970632076263428,-0.3783119022846222,4.5049851905787364e-05,0.0002571665099821985,-0.6469823053317589,-2.604187419429193,4,0,0,4.412880298332311e-05,9.062993740371894e-06,6.80264929542318e-05,2.6534951757639647e-05,-0.0002571665099821985,0.0,0.10351007431745529,0.20920684933662415,0.1546775996685028,0.023549683392047882,50.822959899902344,1,0.01848275400698185,0.21794195473194122,-0.17491644620895386,0.023543640971183777,39.514808654785156,1,0.013884657993912697,-0.34255388379096985,0.13770714402198792,0.022588536143302917,33.03330612182617,1,0.00331604084931314,-0.2724187970161438,-0.16761143505573273,0.023101910948753357,36.237518310546875,1,0.00567493075504899
883,17.66,stop,0.0,0.0,0.0,0.3095824122428894,3.6970632076263428,-0.37831178307533264,4.513236854108982e-05,0.0002565528266131878,-0.647024246962131,-2.604257855755009,4,0,0,4.410007386468351e-05,9.597625648893882e-06,6.789248436689377e-05,2.7052592486143112e-05,-0.0002565528266131878,0.0,0.10351087152957916,0.20920652151107788,0.15467725694179535,0.023549936711788177,50.82234573364258,1,0.01849648542702198,0.21794165670871735,-0.1749168187379837,0.023543737828731537,39.51431655883789,1,0.013889675959944725,-0.3425544202327728,0.1377066671848297,0.02258860319852829,33.032344818115234,1,0.0033237412571907043,-0.2724190950393677,-0.16761185228824615,0.023101724684238434,36.24008560180664,1,0.005691308528184891
884,17.68,stop,0.0,0.0,0.0,0.3095824718475342,3.6970632076263428,-0.37831178307533264,4.508478377829306e-05,0.00025961914798244834,-0.6470396148877635,-2.6042851765116892,4,0,0,4.396092481329106e-05,1.0003735951613635e-05,6.76265699439682e-05,2.7404124921304174e-05,-0.00025961914798244834,0.0,0.10351080447435379,0.20920611917972565,0.15467716753482819,0.023549802601337433,50.820648193359375,1,0.0184733085334301,0.2179417461156845,-0.17491677403450012,0.023543842136859894,39.51411819458008,1,0.013882316648960114,-0.34255459904670715,0.13770665228366852,0.02258831262588501,33.0335693359375,1,0.0033155393321067095,-0.2724192142486572,-0.1676119565963745,0.023101620376110077,36.237300872802734,1,0.005684203468263149
885,17.7,stop,0.0,0.0,0.0,0.30958253145217896,3.6970632076263428,-0.37831175327301025,4.5518136175815016e-05,0.00025994834140874445,-0.6470248339315128,-2.604274504341111,4,0,0,4.4350945245241746e-05,1.0241804375255015e-05,6.788641621824354e-05,2.771651816146914e-05,-0.00025994834140874445,0.0,0.10351106524467468,0.20920637249946594,0.1546774059534073,0.02354981005191803,50.820274353027344,1,0.01847396418452263,0.21794185042381287,-0.1749168336391449,0.023544132709503174,39.513248443603516,1,0.013888883404433727,-0.3425545394420624,0.1377066969871521,0.022588610649108887,33.0326042175293,1,0.0033254078589379787,-0.2724190950393677,-0.16761192679405212,0.023102067410945892,36.235626220703125,1,0.0056813424453139305
886,17.72,stop,0.0,0.0,0.0,0.30958253145217896,3.6970632076263428,-0.37831172347068787,4.59639668406453e-05,0.0002577233244664967,-0.6470103197795265,-2.60424163405573,4,0,0,4.489204002311453e-05,9.868687811831478e-06,6.840135756647214e-05,2.7463633159641176e-05,-0.0002577233244664967,0.0,0.10351075977087021,0.20920655131340027,0.1546773761510849,0.023549437522888184,50.822715759277344,1,0.018484603613615036,0.2179419845342636,-0.17491668462753296,0.023544147610664368,39.5128173828125,1,0.013889014720916748,-0.34255436062812805,0.1377067267894745,0.022588737308979034,33.03328323364258,1,0.0033134394325315952,-0.2724189758300781,-0.16761179268360138,0.02310194820165634,36.23686599731445,1,0.0056878249160945415
887,17.740000000000002,stop,0.0,0.0,0.0,0.3095824420452118,3.6970632076263428,-0.37831175327301025,4.546740456135012e-05,0.000256943516433239,-0.6470041832814442,-2.604208550326938,4,0,0,4.443939178599976e-05,9.613816473574843e-06,6.807473255321383e-05,2.7116804631077684e-05,-0.000256943516433239,0.0,0.10351025313138962,0.2092067450284958,0.15467745065689087,0.023549653589725494,50.82386016845703,1,0.01850479282438755,0.21794193983078003,-0.17491678893566132,0.023543916642665863,39.51426315307617,1,0.01388406753540039,-0.3425544500350952,0.1377067267894745,0.02258838713169098,33.03314971923828,1,0.003324925433844328,-0.2724188268184662,-0.167611762881279,0.02310185134410858,36.23694610595703,1,0.005683210678398609
888,17.76,stop,0.0,0.0,0.0,0.3095824420452118,3.6970632076263428,-0.3783118426799774,4.4921118387719616e-05,0.00025613445905037224,-0.6470042900031499,-2.604194676505186,4,0,0,4.394077404867858e-05,9.333556590718217e-06,6.769854371668771e-05,2.673120252438821e-05,-0.00025613445905037224,0.0,0.10351015627384186,0.20920680463314056,0.15467746555805206,0.023549601435661316,50.82469177246094,1,0.018492775037884712,0.2179419845342636,-0.17491678893566132,0.023543737828731537,39.51415252685547,1,0.013882161118090153,-0.3425541818141937,0.1377069354057312,0.022588461637496948,33.03328323364258,1,0.003317828057333827,-0.2724188268184662,-0.16761165857315063,0.023101821541786194,36.237274169921875,1,0.005680860951542854
889,17.78,stop,0.0,0.0,0.0,0.309582382440567,3.6970632076263428,-0.3783118426799774,4.473712760955095e-05,0.0002551677171140909,-0.6470268082830698,-2.6042224241486895,4,0,0,4.3693875340977684e-05,9.604990736988839e-06,6.746366852894425e-05,2.6951000108965673e-05,-0.0002551677171140909,0.0,0.10351085662841797,0.20920643210411072,0.15467730164527893,0.023549579083919525,50.82395553588867,1,0.01850076951086521,0.21794183552265167,-0.1749168485403061,0.023544274270534515,39.514400482177734,1,0.013887620531022549,-0.34255450963974,0.13770674169063568,0.022588856518268585,33.033103942871094,1,0.0033259873744100332,-0.27241894602775574,-0.167611762881279,0.023101836442947388,36.237709045410156,1,0.005682170391082764
890,17.8,stop,0.0,0.0,0.0,0.3095824122428894,3.6970632076263428,-0.3783118724822998,4.4626282033277676e-05,0.0002587281633168459,-0.6470474589331385,-2.604249958348781,4,0,0,4.363578773336485e-05,9.350026630272623e-06,6.748893792973831e-05,2.669431887625251e-05,-0.0002587281633168459,0.0,0.10351098328828812,0.20920675992965698,0.15467727184295654,0.023549817502498627,50.823665618896484,1,0.018511168658733368,0.21794188022613525,-0.17491674423217773,0.023543842136859894,39.51355743408203,1,0.013889923691749573,-0.3425544202327728,0.13770663738250732,0.022588685154914856,33.03422546386719,1,0.0033138408325612545,-0.2724190354347229,-0.16761189699172974,0.02310185879468918,36.237274169921875,1,0.005683999042958021
891,17.82,stop,0.0,0.0,0.0,0.30958250164985657,3.6970632076263428,-0.3783118724822998,4.414609065861441e-05,0.00025769462808966637,-0.6470526882967218,-2.6042576423115973,4,0,0,4.324962355894968e-05,8.851406164467335e-06,6.721465615555644e-05,2.610981755424291e-05,-0.00025769462808966637,0.0,0.10351087152957916,0.2092064768075943,0.15467727184295654,0.023550018668174744,50.82090377807617,1,0.018475603312253952,0.21794183552265167,-0.17491677403450012,0.023543857038021088,39.51394271850586,1,0.013877378776669502,-0.3425544500350952,0.1377066671848297,0.02258848398923874,33.033485412597656,1,0.003329668892547488,-0.2724188566207886,-0.16761177778244019,0.02310200035572052,36.2381591796875,1,0.005677958019077778
892,17.84,stop,0.0,0.0,0.0,0.30958250164985657,3.6970632076263428,-0.3783118724822998,4.510476719588041e-05,0.0002595868136268109,-0.6470274486133045,-2.6042260526866863,4,0,0,4.421981793711893e-05,8.890875506040175e-06,6.806100282119587e-05,2.6367188183940016e-05,-0.0002595868136268109,0.0,0.10351043194532394,0.20920710265636444,0.15467748045921326,0.023549534380435944,50.81992721557617,1,0.01848796010017395,0.21794180572032928,-0.1749168336391449,0.023544125258922577,39.513362884521484,1,0.013888764195144176,-0.34255456924438477,0.13770684599876404,0.022588565945625305,33.03366470336914,1,0.0033134068362414837,-0.2724189758300781,-0.1676117330789566,0.02310197800397873,36.23701477050781,1,0.005686582066118717
893,17.86,stop,0.0,0.0,0.0,0.309582382440567,3.6970632076263428,-0.37831199169158936,4.5241515181260183e-05,0.0002575046964921057,-0.6470084521496754,-2.6041929689578938,4,0,0,4.4345393689582124e-05,8.959961633081548e-06,6.815388769609854e-05,2.6462192181497812e-05,-0.0002575046964921057,0.0,0.10351021587848663,0.20920702815055847,0.1546776294708252,0.02354956418275833,50.82102966308594,1,0.01849428191781044,0.21794217824935913,-0.1749165654182434,0.023543931543827057,39.51374816894531,1,0.013883390463888645,-0.3425544202327728,0.13770709931850433,0.022588439285755157,33.03335952758789,1,0.003328866558149457,-0.2724188268184662,-0.16761156916618347,0.023101821541786194,36.23719024658203,1,0.005676063243299723
894,17.88,stop,0.0,0.0,0.0,0.309582382440567,3.6970632076263428,-0.3783120810985565,4.528388672042638e-05,0.0002553226368036121,-0.6470151222562868,-2.6041788816927305,4,0,0,4.444769365363754e-05,8.6621466834913e-06,6.833493534941226e-05,2.620110535644926e-05,-0.0002553226368036121,0.0,0.10351009666919708,0.20920661091804504,0.154677614569664,0.023549765348434448,50.819759368896484,1,0.018477795645594597,0.2179415225982666,-0.17491669952869415,0.023544102907180786,39.5141487121582,1,0.013891858048737049,-0.34255415201187134,0.1377071589231491,0.022588521242141724,33.032798767089844,1,0.003325976664200425,-0.2724187970161438,-0.16761146485805511,0.023101970553398132,36.24025344848633,1,0.005678075831383467
895,17.900000000000002,stop,0.0,0.0,0.0,0.30958232283592224,3.6970632076263428,-0.37831223011016846,4.650195114663802e-05,0.00025837248540483415,-0.6470061042721482,-2.604145157633704,4,0,0,4.5522865548264235e-05,9.492124263488222e-06,6.911771197337657e-05,2.725809463299811e-05,-0.00025837248540483415,0.0,0.10350941121578217,0.20920655131340027,0.15467756986618042,0.023549363017082214,50.822608947753906,1,0.01849936880171299,0.21794161200523376,-0.17491641640663147,0.023543961346149445,39.513824462890625,1,0.013878166675567627,-0.3425542116165161,0.13770724833011627,0.022588498890399933,33.03508377075195,1,0.0033190699759870768,-0.27241867780685425,-0.1676112860441208,0.023101627826690674,36.23623275756836,1,0.005679963622242212
896,17.92,stop,0.0,0.0,0.0,0.30958232283592224,3.6970632076263428,-0.37831223011016846,4.624480789061636e-05,0.0002561073051765561,-0.6470326246160348,-2.6041720515035607,4,0,0,4.5325534301809967e-05,9.174879778584e-06,6.903486791998148e-05,2.6909488951787353e-05,-0.0002561073051765561,0.0,0.10351003706455231,0.20920665562152863,0.15467752516269684,0.023549824953079224,50.82314682006836,1,0.018490824848413467,0.21794195473194122,-0.17491649091243744,0.023544147610664368,39.5149040222168,1,0.013881776481866837,-0.34255436062812805,0.13770721852779388,0.022588565945625305,33.03280258178711,1,0.003321420168504119,-0.2724188268184662,-0.16761134564876556,0.023101836442947388,36.238037109375,1,0.0056777410209178925
897,17.94,stop,0.0,0.0,0.0,0.30958232283592224,3.6970632076263428,-0.37831220030784607,4.633453499991447e-05,0.0002565738104749471,-0.6470715780386451,-2.6042420609425534,4,0,0,4.5304510422283784e-05,9.715472515381407e-06,6.894037505844608e-05,2.7443104045232758e-05,-0.0002565738104749471,0.0,0.10351064801216125,0.20920655131340027,0.15467730164527893,0.023549720644950867,50.82182312011719,1,0.018479209393262863,0.21794116497039795,-0.1749168187379837,0.023544177412986755,39.51420211791992,1,0.01388553250581026,-0.3425544500350952,0.13770703971385956,0.022588714957237244,33.03390884399414,1,0.003329304978251457,-0.27241912484169006,-0.16761170327663422,0.023101553320884705,36.240272521972656,1,0.005688571836799383
898,17.96,stop,0.0,0.0,0.0,0.3095822334289551,3.6970632076263428,-0.37831220030784607,4.670385897043161e-05,0.00025906733935698867,-0.6470766473196697,-2.604250171792193,4,0,0,4.5659013267140836e-05,9.823691470955964e-06,6.924073386471719e-05,2.7631678676698357e-05,-0.00025906733935698867,0.0,0.10351139307022095,0.2092064917087555,0.15467733144760132,0.023549586534500122,50.82218551635742,1,0.018499644473195076,0.21794112026691437,-0.17491690814495087,0.023543931543827057,39.514015197753906,1,0.013882498256862164,-0.3425544500350952,0.13770700991153717,0.02258884161710739,33.032997131347656,1,0.0033262388315051794,-0.27241888642311096,-0.16761168837547302,0.023102112114429474,36.240318298339844,1,0.005682248156517744
899,17.98,stop,0.0,0.0,0.0,0.30958208441734314,3.6970632076263428,-0.3783121705055237,4.669946793001145e-05,0.00025852187536656857,-0.647051140831988,-2.604218155280458,4,0,0,4.5669021346839145e-05,9.756063263921533e-06,6.927379581611603e-05,2.75700913334731e-05,-0.00025852187536656857,0.0,0.10351117700338364,0.209206685423851,0.15467743575572968,0.023549772799015045,50.82610321044922,1,0.018499307334423065,0.2179414927959442,-0.17491663992404938,0.023543819785118103,39.514442443847656,1,0.013887403532862663,-0.3425545394420624,0.13770705461502075,0.022588618099689484,33.03213882446289,1,0.0033335366751998663,-0.2724190056324005,-0.16761153936386108,0.023101933300495148,36.240116119384766,1,0.0056874630972743034
900,18.0,stop,0.0,0.0,0.0,0.3095821738243103,3.6970632076263428,-0.378312349319458,4.613421333488077e-05,0.00025737250689417124,-0.6470363598757373,-2.6041842177780197,4,0,0,4.504106254898943e-05,9.983399650081992e-06,6.868480704724789e-05,2.765364661172498e-05,-0.00025737250689417124,0.0,0.10351038724184036,0.20920680463314056,0.15467765927314758,0.023549415171146393,50.82380676269531,1,0.018488582223653793,0.21794205904006958,-0.17491629719734192,0.023543760180473328,39.5146484375,1,0.013882772997021675,-0.3425539433956146,0.13770732283592224,0.022588573396205902,33.03300857543945,1,0.0033171626273542643,-0.27241912484169006,-0.16761133074760437,0.02310188114643097,36.240230560302734,1,0.005682524759322405
