pose,time_s,trial,height,roll_deg,pitch_deg,gravity_error,speed,angular_speed,feet_contact,base_contact,joint_rms,stable_hold_s
side,0.02,0,0.6889661550521851,28.494314193725586,-4.987289905548096,0.49741116166114807,0.2030792534351349,7.442739009857178,0,False,0.1828879863023758,0.0
side,0.04,0,0.6817566752433777,18.117799758911133,-3.2340359687805176,0.31921276450157166,0.5247955322265625,8.552988052368164,0,False,0.38826096057891846,0.0
side,0.06,0,0.6685182452201843,24.196657180786133,-2.83406400680542,0.4213893413543701,0.8078327775001526,8.483358383178711,0,False,0.41649171710014343,0.0
side,0.08,0,0.6521599888801575,32.65163803100586,-4.537589073181152,0.5655208826065063,0.8095689415931702,6.042555809020996,0,False,0.4210132658481598,0.0
side,0.1,0,0.6355810165405273,32.00553512573242,-4.758902549743652,0.5551726818084717,0.8521036505699158,2.6920883655548096,0,False,0.4685072898864746,0.0
side,0.12,0,0.6157417893409729,18.237836837768555,-1.8353477716445923,0.3183518946170807,1.1879289150238037,12.717068672180176,0,False,0.5715697407722473,0.0
side,0.14,0,0.5901512503623962,15.996441841125488,0.8413544297218323,0.2786286473274231,1.441534161567688,2.6774871349334717,0,False,0.7032044529914856,0.0
side,0.16,0,0.5584934949874878,26.254119873046875,-0.3327307105064392,0.4542493224143982,1.679949402809143,9.757781982421875,0,False,0.6393334865570068,0.0
side,0.18,0,0.5227803587913513,30.527761459350586,-3.097716808319092,0.5283015966415405,1.764249563217163,2.7875289916992188,0,False,0.5994677543640137,0.0
side,0.2,0,0.4855033755302429,22.56058120727539,-2.8756537437438965,0.3937451243400574,1.9495275020599365,8.480485916137695,0,False,0.615770697593689,0.0
side,0.22,0,0.4442918598651886,19.78910255432129,-1.353737473487854,0.344346821308136,2.1850719451904297,1.998398780822754,0,False,0.6925909519195557,0.0
side,0.24,0,0.39759039878845215,26.647382736206055,-1.8509953022003174,0.4617120027542114,2.4100470542907715,7.52609395980835,1,False,0.711668848991394,0.0
side,0.26,0,0.35100826621055603,32.39748764038086,-2.0217018127441406,0.5586115121841431,2.2939414978027344,4.383179664611816,1,False,0.6505036354064941,0.0
side,0.28,0,0.3047764301300049,32.806392669677734,0.10006701946258545,0.5647916197776794,2.380300760269165,2.287757635116577,1,False,0.6398342251777649,0.0
side,0.3,0,0.2593914270401001,27.248104095458984,3.7058186531066895,0.4742107689380646,2.275866985321045,9.268293380737305,2,False,0.6281238794326782,0.0
side,0.32,0,0.21571311354637146,22.190105438232422,5.715094566345215,0.39500465989112854,2.219351053237915,0.9703988432884216,2,False,0.7168457508087158,0.0
side,0.34,0,0.17124439775943756,24.738618850708008,2.685816764831543,0.4303414523601532,2.156062364578247,4.420769214630127,2,False,0.7520502805709839,0.0
side,0.36,0,0.13291846215724945,18.68153190612793,-3.450676441192627,0.3293270170688629,1.4411416053771973,8.976988792419434,2,False,0.758637011051178,0.0
side,0.38,0,0.10900010168552399,7.527921676635742,-11.014766693115234,0.2305520474910736,1.0231566429138184,11.725040435791016,1,False,0.7948576211929321,0.0
side,0.4,0,0.10168059170246124,-1.112966775894165,-14.005953788757324,0.2445475459098816,0.6655446887016296,3.4853627681732178,2,True,0.816797137260437,0.0
side,0.42,0,0.109657883644104,1.458919882774353,-12.694759368896484,0.22246944904327393,0.6173039674758911,3.166494607925415,3,False,0.826642632484436,0.0
side,0.44,0,0.12119600176811218,2.3210511207580566,-11.725332260131836,0.2080245465040207,0.7009406685829163,1.6647735834121704,3,False,0.810323178768158,0.0
side,0.46,0,0.13671064376831055,4.3566412925720215,-10.25369930267334,0.19351696968078613,0.8509787321090698,2.2999470233917236,3,False,0.7883608937263489,0.0
side,0.48,0,0.1556462198495865,6.546356201171875,-7.853705883026123,0.17730914056301117,0.9642359614372253,3.0285427570343018,4,False,0.7797800898551941,0.0
side,0.5,0,0.17694860696792603,8.870016098022461,-5.1399006843566895,0.1779797524213791,1.070116400718689,3.264580726623535,4,False,0.7869033813476562,0.0
side,0.52,0,0.19894561171531677,10.760515213012695,-2.5559568405151367,0.19249515235424042,1.0954300165176392,2.789370059967041,4,False,0.7588633894920349,0.0
side,0.54,0,0.2218087911605835,13.080094337463379,0.18932229280471802,0.22781746089458466,1.1427719593048096,2.939469575881958,4,False,0.7368268966674805,0.0
side,0.56,0,0.24487827718257904,12.448932647705078,3.111382246017456,0.22308814525604248,1.142095685005188,3.1011078357696533,3,False,0.7202489972114563,0.0
side,0.58,0,0.2658497095108032,5.989274024963379,5.990401268005371,0.14717815816402435,1.071542501449585,1.4951809644699097,1,False,0.717534065246582,0.0
side,0.6,0,0.2833346426486969,4.377269268035889,6.612027645111084,0.13791753351688385,0.8649374842643738,2.0610082149505615,0,False,0.7167272567749023,0.0
side,0.62,0,0.2966231405735016,1.3920835256576538,6.564699172973633,0.11701269447803497,0.7249673008918762,2.1471402645111084,1,False,0.6948122382164001,0.0
side,0.64,0,0.30635032057762146,-0.8758854866027832,6.192971706390381,0.10909269005060196,0.5448356866836548,1.779958963394165,1,False,0.6761004328727722,0.0
side,0.66,0,0.31247007846832275,-2.4432213306427,5.9793524742126465,0.11255933344364166,0.44954049587249756,1.2195494174957275,0,False,0.6747148036956787,0.0
side,0.68,0,0.3149378001689911,-3.8420212268829346,5.56213903427124,0.11767935752868652,0.41215160489082336,1.0712100267410278,2,False,0.6705431342124939,0.0
side,0.7000000000000001,0,0.31446048617362976,-4.577941417694092,4.6398701667785645,0.11345770955085754,0.39239001274108887,1.0282233953475952,3,False,0.6619001030921936,0.0
side,0.72,0,0.3123352825641632,-4.99077033996582,3.7540907859802246,0.10874523222446442,0.35769012570381165,0.9197755455970764,3,False,0.6527679562568665,0.02
side,0.74,0,0.3104856312274933,-5.080647945404053,2.987276554107666,0.10268303751945496,0.2627929449081421,1.0359543561935425,4,False,0.6445499062538147,0.0
side,0.76,0,0.3109208047389984,-4.6853718757629395,2.7521746158599854,0.09469582140445709,0.1637311577796936,1.1723377704620361,4,False,0.6428654789924622,0.0
side,0.78,0,0.3122222125530243,-3.9979922771453857,3.2040114402770996,0.08927806466817856,0.13200487196445465,1.3538264036178589,4,False,0.645798921585083,0.0
side,0.8,0,0.3131895363330841,-3.352546215057373,3.7014997005462646,0.08702640235424042,0.12928952276706696,0.8687443137168884,4,False,0.645392119884491,0.02
side,0.8200000000000001,0,0.3139049708843231,-3.0123674869537354,3.9039437770843506,0.0859372690320015,0.1335199773311615,0.6928601861000061,4,False,0.647800862789154,0.04
side,0.84,0,0.3141336143016815,-2.847259521484375,3.8950860500335693,0.08409355580806732,0.12171148508787155,0.6210129261016846,4,False,0.6466349363327026,0.06
side,0.86,0,0.31430783867836,-2.615372896194458,3.983182191848755,0.0830618143081665,0.09194841235876083,0.7760199904441833,4,False,0.6458507180213928,0.08
side,0.88,0,0.3144204616546631,-2.4532835483551025,4.005157947540283,0.08187900483608246,0.07502565532922745,0.5646002888679504,4,False,0.6458277702331543,0.1
side,0.9,0,0.31423529982566833,-2.3610682487487793,3.9394962787628174,0.08007236570119858,0.07191357016563416,0.5985852479934692,4,False,0.6459255218505859,0.12
side,0.92,0,0.31375667452812195,-2.3349084854125977,3.804431915283203,0.07782584428787231,0.07167955487966537,0.5015793442726135,4,False,0.6455214619636536,0.14
side,0.9400000000000001,0,0.3132608234882355,-2.3863580226898193,3.6153199672698975,0.07552697509527206,0.062402915209531784,0.48011234402656555,4,False,0.6454784274101257,0.16
side,0.96,0,0.3128330111503601,-2.470062494277954,3.4117021560668945,0.07343707978725433,0.06108560785651207,0.4217015504837036,4,False,0.6459774374961853,0.18
side,0.98,0,0.31228673458099365,-2.54792857170105,3.2360928058624268,0.0718122124671936,0.05752919986844063,0.36460572481155396,4,False,0.646166980266571,0.2
side,1.0,0,0.3116714358329773,-2.6253323554992676,3.0439200401306152,0.07008609175682068,0.050216175615787506,0.3634224534034729,4,False,0.6462410092353821,0.22
side,1.02,0,0.31117504835128784,-2.7201738357543945,2.8421359062194824,0.06859567016363144,0.045456916093826294,0.35735198855400085,4,False,0.6467422246932983,0.24
side,1.04,0,0.31074464321136475,-2.811195135116577,2.6807925701141357,0.06773292273283005,0.04422702640295029,0.31126099824905396,4,False,0.647055447101593,0.26
side,1.06,0,0.310373455286026,-2.92516827583313,2.545548915863037,0.06761486828327179,0.03999684378504753,0.24365703761577606,4,False,0.6468397974967957,0.28
side,1.08,0,0.31018683314323425,-3.0604100227355957,2.392274856567383,0.0677349865436554,0.033720094710588455,0.2638755738735199,4,False,0.6471268534660339,0.3
side,1.1,0,0.30998101830482483,-3.165048599243164,2.2819929122924805,0.06804102659225464,0.03151335194706917,0.33758220076560974,4,False,0.647129237651825,0.32
side,1.12,0,0.3097357749938965,-3.246762275695801,2.1828572750091553,0.06822440028190613,0.022512583062052727,0.26948803663253784,4,False,0.6468778252601624,0.34
side,1.1400000000000001,0,0.3096194267272949,-3.314837694168091,2.0914158821105957,0.06835079938173294,0.019119083881378174,0.29196447134017944,4,False,0.6471883654594421,0.36
side,1.16,0,0.3094891905784607,-3.359501600265503,2.0430703163146973,0.06857000291347504,0.015345354564487934,0.2876586318016052,4,False,0.6471015810966492,0.38
side,1.18,0,0.30941736698150635,-3.4207875728607178,1.997130274772644,0.06907881796360016,0.012693647295236588,0.266310453414917,4,False,0.646846354007721,0.4
side,1.2,0,0.30945947766304016,-3.47408390045166,1.9544506072998047,0.06951596587896347,0.011046286672353745,0.2871039807796478,4,False,0.647006630897522,0.42
side,1.22,0,0.309425950050354,-3.4952220916748047,1.9455636739730835,0.06976204365491867,0.006617624778300524,0.305592805147171,4,False,0.6468198895454407,0.44
side,1.24,0,0.30939698219299316,-3.5094776153564453,1.9321056604385376,0.06986619532108307,0.005462112836539745,0.3034350275993347,4,False,0.6466975808143616,0.46
side,1.26,0,0.30942684412002563,-3.519686222076416,1.9219383001327515,0.06993730366230011,0.005757494829595089,0.31565749645233154,4,False,0.6468309164047241,0.48
side,1.28,0,0.3094310462474823,-3.519503355026245,1.9311714172363281,0.07001149654388428,0.004429856315255165,0.31520137190818787,4,False,0.6466944813728333,0.5
side,1.3,0,0.30946967005729675,-3.525641918182373,1.9372718334197998,0.07015624642372131,0.007086799945682287,0.3065195381641388,4,False,0.6466054916381836,0.52
side,1.32,0,0.3095315992832184,-3.5290753841400146,1.9459459781646729,0.07028129696846008,0.00591784343123436,0.31811845302581787,4,False,0.6466270685195923,0.54
side,1.34,0,0.30954909324645996,-3.5220415592193604,1.9596949815750122,0.07028976082801819,0.003840738208964467,0.3221270442008972,4,False,0.64652419090271,0.56
side,1.36,0,0.3095703721046448,-3.5143239498138428,1.9677176475524902,0.07024022936820984,0.005144317634403706,0.32259994745254517,4,False,0.6465136408805847,0.58
side,1.3800000000000001,0,0.3096027672290802,-3.5058376789093018,1.9781163930892944,0.07019979506731033,0.004861475899815559,0.32569780945777893,4,False,0.6465535163879395,0.6
side,1.4000000000000001,0,0.3096235692501068,-3.4990150928497314,1.9909294843673706,0.07020606100559235,0.00499568460509181,0.3195975124835968,4,False,0.6464902758598328,0.62
side,1.42,0,0.30965572595596313,-3.49694561958313,1.999173879623413,0.0702456682920456,0.005659446120262146,0.31758320331573486,4,False,0.6464695930480957,0.64
side,1.44,0,0.30968281626701355,-3.4931774139404297,2.007301092147827,0.07025889307260513,0.004581622313708067,0.3216835558414459,4,False,0.646472692489624,0.66
side,1.46,0,0.3096882700920105,-3.4866538047790527,2.0143191814422607,0.07022125273942947,0.0038898764178156853,0.322007417678833,4,False,0.6464444994926453,0.68
side,1.48,0,0.3096959888935089,-3.481123924255371,2.0182244777679443,0.07017182558774948,0.004411996807903051,0.32185670733451843,4,False,0.6464635133743286,0.7000000000000001
side,1.5,0,0.3097054958343506,-3.4768776893615723,2.022839069366455,0.07014808803796768,0.004613174125552177,0.3210448622703552,4,False,0.6464737057685852,0.72
side,1.52,0,0.3097125291824341,-3.4752466678619385,2.0266730785369873,0.07015705108642578,0.004957984667271376,0.3175392150878906,4,False,0.6464537382125854,0.74
side,1.54,0,0.30972281098365784,-3.475517749786377,2.028580665588379,0.0701778307557106,0.005039430223405361,0.31692957878112793,4,False,0.6464530229568481,0.76
side,1.56,0,0.3097268044948578,-3.474555730819702,2.030162811279297,0.07017721235752106,0.004536106716841459,0.318816214799881,4,False,0.6464545726776123,0.78
side,1.58,0,0.30972275137901306,-3.472407341003418,2.030799627304077,0.0701504722237587,0.004366094246506691,0.3192547559738159,4,False,0.6464532613754272,0.8
side,1.6,0,0.309720516204834,-3.4710772037506104,2.030533790588379,0.07012813538312912,0.004639679100364447,0.31882166862487793,4,False,0.6464672088623047,0.8200000000000001
side,1.62,0,0.30972057580947876,-3.4708497524261475,2.030574321746826,0.07012507319450378,0.004904945380985737,0.3178930878639221,4,False,0.6464716792106628,0.84
side,1.6400000000000001,0,0.30972158908843994,-3.4718217849731445,2.0307183265686035,0.07014095038175583,0.0050849528051912785,0.316543310880661,4,False,0.6464627981185913,0.86
side,1.6600000000000001,0,0.30972328782081604,-3.4731647968292236,2.0303218364715576,0.07015767693519592,0.004958901088684797,0.3166428208351135,4,False,0.6464614868164062,0.88
side,1.68,0,0.3097211420536041,-3.473478317260742,2.02941632270813,0.07015445828437805,0.0046206009574234486,0.3179287314414978,4,False,0.6464670300483704,0.9
side,1.7,0,0.3097156584262848,-3.4730827808380127,2.0284619331359863,0.07014014571905136,0.004577571526169777,0.3178366720676422,4,False,0.646467387676239,0.92
side,1.72,0,0.3097130358219147,-3.473090887069702,2.027628183364868,0.07013297080993652,0.004813369829207659,0.3176933825016022,4,False,0.6464723944664001,0.9400000000000001
side,1.74,0,0.30971357226371765,-3.47371768951416,2.0273261070251465,0.07013975828886032,0.004972374066710472,0.31684955954551697,4,False,0.6464736461639404,0.96
side,1.76,0,0.30971404910087585,-3.474581480026245,2.0270204544067383,0.07015008479356766,0.00492811668664217,0.316750705242157,4,False,0.6464707255363464,0.98
side,1.78,0,0.30971357226371765,-3.475475788116455,2.02655029296875,0.0701594203710556,0.004796145483851433,0.31694310903549194,4,False,0.6464675664901733,1.0
side,1.8,0,0.30971208214759827,-3.475510358810425,2.026017427444458,0.07015529274940491,0.004688827786594629,0.31799671053886414,4,False,0.6464701890945435,1.02
side,1.82,0,0.30970996618270874,-3.4752612113952637,2.025604009628296,0.07014791667461395,0.004687273874878883,0.3180357813835144,4,False,0.6464711427688599,1.04
side,1.84,0,0.3097093105316162,-3.4751930236816406,2.025489091873169,0.07014589011669159,0.004806554410606623,0.31721508502960205,4,False,0.6464739441871643,1.06
side,1.86,0,0.30971017479896545,-3.475613594055176,2.025477886199951,0.07015212625265121,0.004865790251642466,0.3164735734462738,4,False,0.6464740037918091,1.08
side,1.8800000000000001,0,0.3097107410430908,-3.476168155670166,2.025336265563965,0.07015922665596008,0.004818330518901348,0.3172360956668854,4,False,0.6464687585830688,1.1
side,1.9000000000000001,0,0.3097108006477356,-3.4762260913848877,2.0252785682678223,0.07015959918498993,0.004739194642752409,0.3175306022167206,4,False,0.6464699506759644,1.12
side,1.92,0,0.30970996618270874,-3.4759840965270996,2.025209903717041,0.07015535235404968,0.004700068384408951,0.31777364015579224,4,False,0.6464702486991882,1.1400000000000001
side,1.94,0,0.3097095787525177,-3.475715160369873,2.025238275527954,0.07015155255794525,0.004745107144117355,0.3179471492767334,4,False,0.6464719772338867,1.16
side,1.96,0,0.3097096383571625,-3.4757277965545654,2.0252561569213867,0.0701519027352333,0.004766272380948067,0.3173370361328125,4,False,0.6464719176292419,1.18
side,1.98,0,0.30971017479896545,-3.4758238792419434,2.025303602218628,0.07015376538038254,0.0048123435117304325,0.3177131712436676,4,False,0.6464712619781494,1.2
side,2.0,0,0.3097105026245117,-3.4759135246276855,2.025439500808716,0.07015629857778549,0.004803105723112822,0.31736794114112854,4,False,0.6464680433273315,1.22
side,2.02,0,0.3097110986709595,-3.476031541824341,2.0254557132720947,0.0701582208275795,0.004781374707818031,0.31757819652557373,4,False,0.6464706063270569,1.24
side,2.04,0,0.30971089005470276,-3.476158857345581,2.025278091430664,0.07015857845544815,0.004704297054558992,0.3174843490123749,4,False,0.6464699506759644,1.26
side,2.06,0,0.3097103536128998,-3.475844383239746,2.025343179702759,0.07015441358089447,0.0047204154543578625,0.3177604675292969,4,False,0.6464703679084778,1.28
side,2.08,0,0.30971041321754456,-3.475677967071533,2.025512456893921,0.07015339285135269,0.004772289656102657,0.31770288944244385,4,False,0.646470308303833,1.3
side,2.1,0,0.30971086025238037,-3.4758217334747314,2.0254194736480713,0.07015474140644073,0.004772124346345663,0.3177413046360016,4,False,0.6464720964431763,1.32
side,2.12,0,0.30971086025238037,-3.475761651992798,2.025581121444702,0.07015525549650192,0.004760374315083027,0.31784191727638245,4,False,0.6464698910713196,1.34
side,2.14,0,0.30971068143844604,-3.475773811340332,2.0255818367004395,0.07015544176101685,0.004752041772007942,0.3171064555644989,4,False,0.6464691162109375,1.36
side,2.16,0,0.30971112847328186,-3.47585391998291,2.025498390197754,0.07015592604875565,0.004769644699990749,0.317420095205307,4,False,0.6464700102806091,1.3800000000000001
side,2.18,0,0.30971089005470276,-3.475736141204834,2.0254967212677,0.07015413790941238,0.004721953067928553,0.31790411472320557,4,False,0.6464701294898987,1.4000000000000001
side,2.2,0,0.3097105920314789,-3.4755935668945312,2.025578737258911,0.07015270739793777,0.0047446321696043015,0.31775349378585815,4,False,0.6464698910713196,1.42
side,2.22,0,0.30971062183380127,-3.47562575340271,2.0255863666534424,0.07015325129032135,0.004759476985782385,0.3175687789916992,4,False,0.6464691162109375,1.44
side,2.24,0,0.3097107410430908,-3.4756391048431396,2.0255699157714844,0.07015331089496613,0.004748228937387466,0.3176943361759186,4,False,0.6464709043502808,1.46
side,2.2600000000000002,0,0.3097105026245117,-3.4755849838256836,2.025590181350708,0.07015267014503479,0.004754135385155678,0.317718505859375,4,False,0.6464689373970032,1.48
side,2.2800000000000002,0,0.3097105920314789,-3.4755539894104004,2.025606393814087,0.07015234977006912,0.004759797360748053,0.31759992241859436,4,False,0.6464688181877136,1.5
side,2.3000000000000003,0,0.3097107410430908,-3.4756336212158203,2.025543451309204,0.07015299052000046,0.004751197062432766,0.31759434938430786,4,False,0.6464715600013733,1.52
side,2.32,0,0.3097105920314789,-3.47568678855896,2.0255608558654785,0.07015395164489746,0.004758649040013552,0.3173227608203888,4,False,0.6464691162109375,1.54
side,2.34,0,0.30971089005470276,-3.4757418632507324,2.025559902191162,0.07015477120876312,0.004774798639118671,0.31741392612457275,4,False,0.6464702486991882,1.56
side,2.36,0,0.30971086025238037,-3.4757304191589355,2.0255963802337646,0.07015492022037506,0.004763133358210325,0.3174445331096649,4,False,0.6464702486991882,1.58
side,2.38,0,0.30971065163612366,-3.47579026222229,2.0255284309387207,0.07015522569417953,0.0047692302614450455,0.3176368772983551,4,False,0.6464691758155823,1.6
side,2.4,0,0.30971086025238037,-3.4758243560791016,2.025510311126709,0.070155568420887,0.004778018221259117,0.31764522194862366,4,False,0.6464710235595703,1.62
side,2.42,0,0.30971065163612366,-3.47579026222229,2.025543451309204,0.07015535980463028,0.004771213047206402,0.3172544538974762,4,False,0.6464691758155823,1.6400000000000001
side,2.44,0,0.3097110092639923,-3.4758028984069824,2.0255424976348877,0.07015553116798401,0.00477554090321064,0.31721609830856323,4,False,0.6464691162109375,1.6600000000000001
side,2.46,0,0.30971112847328186,-3.4757461547851562,2.0256080627441406,0.07015526294708252,0.004760440438985825,0.317811518907547,4,False,0.6464700698852539,1.68
side,2.48,0,0.309710830450058,-3.475691556930542,2.025641918182373,0.07015473395586014,0.004749818239361048,0.3172817528247833,4,False,0.6464688181877136,1.7
side,2.5,0,0.3097109794616699,-3.475660562515259,2.025649070739746,0.07015431672334671,0.004776366520673037,0.3175341784954071,4,False,0.6464701890945435,1.72
side,2.52,0,0.3097109794616699,-3.4755170345306396,2.0257530212402344,0.07015307247638702,0.004759440664201975,0.3177811801433563,4,False,0.6464699506759644,1.74
side,2.54,0,0.3097110092639923,-3.475552797317505,2.025700569152832,0.07015315443277359,0.004784655757248402,0.3175899386405945,4,False,0.6464698314666748,1.76
side,2.56,0,0.3097110986709595,-3.47564959526062,2.0257091522216797,0.07015468180179596,0.004775116685777903,0.31751611828804016,4,False,0.6464697122573853,1.78
side,2.58,0,0.30971112847328186,-3.4757511615753174,2.0256271362304688,0.07015550136566162,0.004761535208672285,0.3175932765007019,4,False,0.6464696526527405,1.8
side,2.6,0,0.30971089005470276,-3.4757888317108154,2.02554988861084,0.07015538960695267,0.0047342730686068535,0.3174731433391571,4,False,0.646469235420227,1.82
side,2.62,0,0.3097108006477356,-3.4757778644561768,2.025531768798828,0.070155069231987,0.004753402434289455,0.31756827235221863,4,False,0.6464706063270569,1.84
side,2.64,0,0.30971068143844604,-3.4758172035217285,2.025418996810913,0.07015467435121536,0.004741624929010868,0.31748124957084656,4,False,0.6464710235595703,1.86
side,2.66,0,0.3097103536128998,-3.475830316543579,2.025420904159546,0.07015488296747208,0.004762905649840832,0.3174421191215515,4,False,0.6464695334434509,1.8800000000000001
side,2.68,0,0.3097107410430908,-3.4757988452911377,2.0254619121551514,0.07015477120876312,0.004784212913364172,0.317675918340683,4,False,0.6464698910713196,1.9000000000000001
side,2.7,0,0.30971089005470276,-3.4758284091949463,2.0255379676818848,0.07015588134527206,0.00475113932043314,0.317394495010376,4,False,0.6464703679084778,1.92
side,2.72,0,0.30971068143844604,-3.4756669998168945,2.025557518005371,0.0701536238193512,0.004770012106746435,0.3178834915161133,4,False,0.6464686989784241,1.94
side,2.74,0,0.30971115827560425,-3.475766897201538,2.0255439281463623,0.07015500962734222,0.004766780883073807,0.3173016309738159,4,False,0.6464702486991882,1.96
side,2.7600000000000002,0,0.3097110092639923,-3.4757091999053955,2.0256340503692627,0.07015492767095566,0.004737652838230133,0.31753382086753845,4,False,0.646470308303833,1.98
side,2.7800000000000002,0,0.30971071124076843,-3.4756789207458496,2.0256245136260986,0.07015439122915268,0.0047482820227742195,0.31747475266456604,4,False,0.6464692950248718,2.0
side,2.8000000000000003,0,0.3097108006477356,-3.475609540939331,2.0255329608917236,0.07015254348516464,0.004770160652697086,0.3179514706134796,4,False,0.6464709043502808,2.02
side,2.82,0,0.30971071124076843,-3.475663900375366,2.0255379676818848,0.07015340030193329,0.004741697572171688,0.31723323464393616,4,False,0.646470308303833,2.04
side,2.84,0,0.3097105622291565,-3.4757189750671387,2.025526523590088,0.07015413045883179,0.004757805727422237,0.3175964653491974,4,False,0.646469235420227,2.06
side,2.86,0,0.30971062183380127,-3.4756484031677246,2.025468349456787,0.07015255838632584,0.0047675445675849915,0.31780025362968445,4,False,0.6464698314666748,2.08
side,2.88,0,0.30971089005470276,-3.4757232666015625,2.0255138874053955,0.07015407830476761,0.004756736569106579,0.3176833987236023,4,False,0.6464715003967285,2.1
side,2.9,0,0.30971044301986694,-3.475712537765503,2.0255444049835205,0.07015419006347656,0.004755701869726181,0.3176530599594116,4,False,0.6464686393737793,2.12
side,2.92,0,0.3097107708454132,-3.4757277965545654,2.025467872619629,0.07015375047922134,0.004781921859830618,0.31734856963157654,4,False,0.64646977186203,2.14
side,2.94,0,0.30971091985702515,-3.4757561683654785,2.025550603866577,0.07015490531921387,0.0047506289556622505,0.3178170621395111,4,False,0.646470844745636,2.16
side,2.96,0,0.3097105920314789,-3.4757461547851562,2.0255722999572754,0.07015495002269745,0.004755294416099787,0.3172606825828552,4,False,0.6464694142341614,2.18
side,2.98,0,0.309710830450058,-3.4757626056671143,2.0254745483398438,0.0701543316245079,0.004776156973093748,0.3175162672996521,4,False,0.6464702486991882,2.2
side,3.0,0,0.30971094965934753,-3.4757485389709473,2.0255541801452637,0.0701548233628273,0.004757251590490341,0.3176676332950592,4,False,0.6464704871177673,2.22
side,3.02,0,0.3097107708454132,-3.4757800102233887,2.025571823120117,0.07015544176101685,0.004758048336952925,0.3177168071269989,4,False,0.6464700102806091,2.24
side,3.04,0,0.3097108006477356,-3.4757754802703857,2.025472640991211,0.07015451043844223,0.004759172908961773,0.3174900412559509,4,False,0.646471381187439,2.2600000000000002
side,3.06,0,0.30971065163612366,-3.4757204055786133,2.0255396366119385,0.07015426456928253,0.0047675506211817265,0.31770920753479004,4,False,0.6464688777923584,2.2800000000000002
side,3.08,0,0.30971068143844604,-3.4757556915283203,2.0255300998687744,0.07015471160411835,0.004759141709655523,0.3173326551914215,4,False,0.6464702486991882,2.3000000000000003
side,3.1,0,0.3097105622291565,-3.47574782371521,2.0254709720611572,0.0701540857553482,0.004757258575409651,0.3176654577255249,4,False,0.6464698314666748,2.32
side,3.12,0,0.3097107410430908,-3.475736618041992,2.025507688522339,0.07015422731637955,0.004775017499923706,0.31732600927352905,4,False,0.6464706659317017,2.34
side,3.14,0,0.309710830450058,-3.4757912158966064,2.025529384613037,0.07015524804592133,0.004754817578941584,0.3174595236778259,4,False,0.6464710831642151,2.36
side,3.16,0,0.30971062183380127,-3.4757168292999268,2.0255441665649414,0.07015424966812134,0.004750802181661129,0.31764623522758484,4,False,0.6464702486991882,2.38
side,3.18,0,0.30971062183380127,-3.475729465484619,2.0255250930786133,0.07015428692102432,0.004767072387039661,0.3173084855079651,4,False,0.6464709043502808,2.4
side,3.2,0,0.3097107708454132,-3.4757440090179443,2.0254862308502197,0.07015416026115417,0.004751244094222784,0.3176467716693878,4,False,0.6464716792106628,2.42
side,3.22,0,0.3097105026245117,-3.4757118225097656,2.0255095958709717,0.07015387713909149,0.004748556762933731,0.31755998730659485,4,False,0.6464691162109375,2.44
side,3.24,0,0.30971071124076843,-3.4757444858551025,2.0255210399627686,0.07015446573495865,0.0047684162855148315,0.3173082172870636,4,False,0.6464704275131226,2.46
side,3.2600000000000002,0,0.30971089005470276,-3.4757351875305176,2.025512456893921,0.07015425711870193,0.004750675056129694,0.3177274763584137,4,False,0.6464711427688599,2.48
side,3.2800000000000002,0,0.3097105026245117,-3.475748062133789,2.025506019592285,0.07015439122915268,0.004740919452160597,0.31760933995246887,4,False,0.6464690566062927,2.5
side,3.3000000000000003,0,0.3097105920314789,-3.475695848464966,2.025522470474243,0.07015375047922134,0.004766066558659077,0.3174538314342499,4,False,0.6464704275131226,2.52
side,3.3200000000000003,0,0.30971091985702515,-3.475750207901001,2.025545835494995,0.07015477120876312,0.004762477241456509,0.31772398948669434,4,False,0.6464712619781494,2.54
side,3.34,0,0.30971065163612366,-3.4756972789764404,2.0255796909332275,0.07015427201986313,0.004750078544020653,0.31783100962638855,4,False,0.6464685201644897,2.56
side,3.36,0,0.30971071124076843,-3.475710153579712,2.025561809539795,0.07015430927276611,0.004771511536091566,0.31747451424598694,4,False,0.64646977186203,2.58
side,3.38,0,0.30971089005470276,-3.475681781768799,2.025507688522339,0.07015340775251389,0.004762620665132999,0.3178817629814148,4,False,0.6464709639549255,2.6
side,3.4,0,0.309710830450058,-3.4757556915283203,2.025541305541992,0.0701548159122467,0.004744268488138914,0.31769293546676636,4,False,0.6464702486991882,2.62
side,3.42,0,0.3097107410430908,-3.4757261276245117,2.0255372524261475,0.0701543316245079,0.004764039535075426,0.31769734621047974,4,False,0.6464698314666748,2.64
side,3.44,0,0.30971091985702515,-3.4758050441741943,2.025533437728882,0.07015548646450043,0.004760973155498505,0.31755173206329346,4,False,0.646470844745636,2.66
side,3.46,0,0.30971068143844604,-3.4757070541381836,2.025552988052368,0.07015419006347656,0.004752532113343477,0.31759515404701233,4,False,0.6464698910713196,2.68
side,3.48,0,0.30971089005470276,-3.475829601287842,2.025465726852417,0.07015527039766312,0.004760743118822575,0.3174377977848053,4,False,0.6464710235595703,2.7
side,3.5,0,0.30971068143844604,-3.4757750034332275,2.025512456893921,0.07015485316514969,0.004737923387438059,0.317559152841568,4,False,0.6464696526527405,2.72
side,3.52,0,0.3097105324268341,-3.475785732269287,2.0255308151245117,0.07015517354011536,0.004756782203912735,0.3175171911716461,4,False,0.6464691162109375,2.74
side,3.54,0,0.30971086025238037,-3.475820302963257,2.0254967212677,0.07015539705753326,0.0047658164985477924,0.31720227003097534,4,False,0.6464702486991882,2.7600000000000002
side,3.56,0,0.3097108006477356,-3.4757425785064697,2.025557279586792,0.07015475630760193,0.0047433581203222275,0.31740131974220276,4,False,0.6464710235595703,2.7800000000000002
side,3.58,0,0.30971068143844604,-3.475736618041992,2.0255134105682373,0.07015428692102432,0.004757423419505358,0.3172263503074646,4,False,0.6464689373970032,2.8000000000000003
side,3.6,0,0.3097108006477356,-3.4757938385009766,2.0254831314086914,0.07015488296747208,0.004750186111778021,0.3175058960914612,4,False,0.6464709043502808,2.82
side,3.62,0,0.309710830450058,-3.475736618041992,2.0255703926086426,0.07015477865934372,0.004740225616842508,0.3173733949661255,4,False,0.6464695334434509,2.84
side,3.64,0,0.3097107410430908,-3.475705862045288,2.025563955307007,0.07015426456928253,0.004747750703245401,0.31752368807792664,4,False,0.6464700698852539,2.86
side,3.66,0,0.30971068143844604,-3.4757418632507324,2.02551531791687,0.07015437632799149,0.004752921871840954,0.31733500957489014,4,False,0.6464704871177673,2.88
side,3.68,0,0.3097105920314789,-3.475691080093384,2.025508403778076,0.07015355676412582,0.004748558159917593,0.3177206218242645,4,False,0.6464699506759644,2.9
side,3.7,0,0.3097105324268341,-3.475768566131592,2.0254719257354736,0.07015440613031387,0.004750651773065329,0.31757402420043945,4,False,0.646468997001648,2.92
side,3.72,0,0.30971065163612366,-3.47564959526062,2.025533676147461,0.07015315443277359,0.004751211032271385,0.3174597918987274,4,False,0.6464694142341614,2.94
side,3.74,0,0.3097105622291565,-3.475748300552368,2.025527238845825,0.0701545849442482,0.004752056207507849,0.31729745864868164,4,False,0.6464694142341614,2.96
side,3.7600000000000002,0,0.30971086025238037,-3.475785732269287,2.0254642963409424,0.0701545923948288,0.004760799463838339,0.31781795620918274,4,False,0.6464705467224121,2.98
side,3.7800000000000002,0,0.30971062183380127,-3.4756836891174316,2.0255563259124756,0.0701538622379303,0.004743189550936222,0.3176577389240265,4,False,0.6464691162109375,3.0
side,3.8000000000000003,0,0.30971068143844604,-3.475740432739258,2.0255274772644043,0.07015446573495865,0.004764269571751356,0.3174329400062561,4,False,0.6464697122573853,3.02
side,3.8200000000000003,0,0.30971086025238037,-3.475752830505371,2.0255141258239746,0.07015453279018402,0.004751509055495262,0.3175654411315918,4,False,0.6464705467224121,3.04
side,3.84,0,0.3097105920314789,-3.4757211208343506,2.025540828704834,0.07015428692102432,0.004742864053696394,0.31763285398483276,4,False,0.6464688181877136,3.06
side,3.86,0,0.30971068143844604,-3.4757559299468994,2.0255002975463867,0.07015445828437805,0.004760211333632469,0.31728801131248474,4,False,0.6464700698852539,3.08
side,3.88,0,0.3097107708454132,-3.4757237434387207,2.02553129196167,0.07015424221754074,0.004760914947837591,0.3179394006729126,4,False,0.6464707255363464,3.1
side,3.9,0,0.3097105622291565,-3.4757134914398193,2.0255508422851562,0.07015425711870193,0.004758578259497881,0.3173494338989258,4,False,0.646469235420227,3.12
side,3.92,0,0.30971071124076843,-3.4757492542266846,2.0255091190338135,0.07015443593263626,0.004762333817780018,0.31759223341941833,4,False,0.6464704871177673,3.14
side,3.94,0,0.30971068143844604,-3.4757626056671143,2.025489330291748,0.07015446573495865,0.0047484878450632095,0.3176358938217163,4,False,0.6464688777923584,3.16
side,3.96,0,0.3097107708454132,-3.475796699523926,2.025519371032715,0.07015524059534073,0.0047624376602470875,0.31755322217941284,4,False,0.6464700102806091,3.18
side,3.98,0,0.3097108006477356,-3.4757001399993896,2.0255422592163086,0.07015398889780045,0.00474841333925724,0.3172120153903961,4,False,0.6464704275131226,3.2
side,4.0,0,0.30971071124076843,-3.4757561683654785,2.0255444049835205,0.07015484571456909,0.004741874523460865,0.3175683617591858,4,False,0.6464698910713196,3.22
side,4.0200000000000005,0,0.3097105622291565,-3.4757068157196045,2.0254740715026855,0.07015349715948105,0.004746958147734404,0.31751441955566406,4,False,0.6464696526527405,3.24
side,4.04,0,0.30971068143844604,-3.4757189750671387,2.0254876613616943,0.07015379518270493,0.004747409839183092,0.3176843523979187,4,False,0.6464711427688599,3.2600000000000002
side,4.0600000000000005,0,0.30971038341522217,-3.475642442703247,2.0255231857299805,0.07015294581651688,0.004752070643007755,0.31760674715042114,4,False,0.64646977186203,3.2800000000000002
side,4.08,0,0.3097105920314789,-3.475722312927246,2.0254836082458496,0.07015380263328552,0.004760601557791233,0.317313551902771,4,False,0.6464707255363464,3.3000000000000003
side,4.1,0,0.30971068143844604,-3.47568941116333,2.0255396366119385,0.07015380263328552,0.004761116113513708,0.3172619044780731,4,False,0.6464706659317017,3.3200000000000003
side,4.12,0,0.30971065163612366,-3.475701332092285,2.0255229473114014,0.07015383988618851,0.0047432295978069305,0.317279189825058,4,False,0.6464701890945435,3.34
side,4.14,0,0.3097107708454132,-3.4756929874420166,2.0255038738250732,0.07015354931354523,0.004760704003274441,0.31740742921829224,4,False,0.6464714407920837,3.36
side,4.16,0,0.3097105324268341,-3.475705146789551,2.0255002975463867,0.07015369832515717,0.004749720916152,0.3175000846385956,4,False,0.6464694142341614,3.38
side,4.18,0,0.3097108006477356,-3.4757823944091797,2.02549147605896,0.07015477865934372,0.0047431266866624355,0.31722262501716614,4,False,0.6464710235595703,3.4
side,4.2,0,0.3097105026245117,-3.4757068157196045,2.0255212783813477,0.07015389949083328,0.004749793093651533,0.3177166283130646,4,False,0.6464697122573853,3.42
side,4.22,0,0.30971041321754456,-3.4757003784179688,2.025473117828369,0.0701533854007721,0.004755049012601376,0.31747540831565857,4,False,0.6464699506759644,3.44
side,4.24,0,0.30971068143844604,-3.47566819190979,2.0255444049835205,0.07015352696180344,0.004769416060298681,0.31761592626571655,4,False,0.6464701890945435,3.46
side,4.26,0,0.30971065163612366,-3.475703716278076,2.025531530380249,0.07015395164489746,0.004749461077153683,0.3175608217716217,4,False,0.646468997001648,3.48
side,4.28,0,0.30971062183380127,-3.4756970405578613,2.025501251220703,0.07015358656644821,0.0047591570764780045,0.3176596760749817,4,False,0.646470308303833,3.5
side,4.3,0,0.30971062183380127,-3.4757754802703857,2.025501012802124,0.07015475630760193,0.00475651491433382,0.31741097569465637,4,False,0.64646977186203,3.52
side,4.32,0,0.3097107708454132,-3.475722551345825,2.02553129196167,0.07015421986579895,0.004755827598273754,0.31773433089256287,4,False,0.6464711427688599,3.54
side,4.34,0,0.30971047282218933,-3.4756696224212646,2.0255324840545654,0.07015344500541687,0.004749085754156113,0.31740376353263855,4,False,0.646468997001648,3.56
side,4.36,0,0.3097107708454132,-3.4757049083709717,2.0254762172698975,0.07015348225831985,0.004765945952385664,0.31790128350257874,4,False,0.6464712619781494,3.58
side,4.38,0,0.3097107708454132,-3.4756288528442383,2.0254926681518555,0.07015247642993927,0.004739627242088318,0.3179253041744232,4,False,0.6464704275131226,3.6
side,4.4,0,0.3097105026245117,-3.475748300552368,2.0254950523376465,0.07015430182218552,0.004740296863019466,0.3172866404056549,4,False,0.6464694142341614,3.62
side,4.42,0,0.3097107410430908,-3.4757158756256104,2.025524377822876,0.07015406340360641,0.004765371326357126,0.3177277445793152,4,False,0.646470844745636,3.64
side,4.44,0,0.30971065163612366,-3.47577166557312,2.02549147605896,0.07015462219715118,0.004736380651593208,0.31749075651168823,4,False,0.6464712023735046,3.66
side,4.46,0,0.3097105622291565,-3.475761651992798,2.0254857540130615,0.07015441358089447,0.004758227150887251,0.3174310326576233,4,False,0.6464694142341614,3.68
side,4.48,0,0.30971071124076843,-3.4757258892059326,2.025571346282959,0.07015462964773178,0.004766634665429592,0.31773948669433594,4,False,0.6464712619781494,3.7
side,4.5,0,0.30971068143844604,-3.4757189750671387,2.025509834289551,0.07015398144721985,0.004756782669574022,0.31758907437324524,4,False,0.6464698910713196,3.72
side,4.5200000000000005,0,0.30971086025238037,-3.4757537841796875,2.0255188941955566,0.0701545923948288,0.0047628432512283325,0.31773641705513,4,False,0.6464701294898987,3.74
side,4.54,0,0.3097107410430908,-3.4757192134857178,2.0255556106567383,0.07015438377857208,0.004750804975628853,0.3175135552883148,4,False,0.6464691162109375,3.7600000000000002
side,4.5600000000000005,0,0.30971086025238037,-3.4758002758026123,2.0254857540130615,0.07015500217676163,0.004765705205500126,0.31733018159866333,4,False,0.6464698910713196,3.7800000000000002
side,4.58,0,0.309710830450058,-3.4757466316223145,2.0255393981933594,0.07015465945005417,0.004757505375891924,0.31757670640945435,4,False,0.6464702486991882,3.8000000000000003
side,4.6000000000000005,0,0.3097107410430908,-3.475736141204834,2.0255579948425293,0.07015467435121536,0.004760294687002897,0.3175671100616455,4,False,0.6464693546295166,3.8200000000000003
side,4.62,0,0.30971068143844604,-3.4757304191589355,2.025499105453491,0.07015407085418701,0.004754737485200167,0.31747567653656006,4,False,0.6464697122573853,3.84
side,4.64,0,0.3097107708454132,-3.4757657051086426,2.025484800338745,0.07015446573495865,0.0047584944404661655,0.31752943992614746,4,False,0.6464704275131226,3.86
side,4.66,0,0.30971062183380127,-3.4757325649261475,2.0255305767059326,0.07015436887741089,0.004743483383208513,0.31750357151031494,4,False,0.6464692950248718,3.88
side,4.68,0,0.3097105622291565,-3.4757227897644043,2.0255255699157715,0.07015418261289597,0.00475309556350112,0.3176208436489105,4,False,0.6464701294898987,3.9
side,4.7,0,0.30971071124076843,-3.475736141204834,2.0254974365234375,0.07015413790941238,0.004767806734889746,0.3175700306892395,4,False,0.6464705467224121,3.92
side,4.72,0,0.30971089005470276,-3.47572660446167,2.0255279541015625,0.07015425711870193,0.004739212803542614,0.31737247109413147,4,False,0.6464710235595703,3.94
side,4.74,0,0.30971044301986694,-3.4757583141326904,2.025556802749634,0.07015498727560043,0.004740485455840826,0.31721165776252747,4,False,0.6464688181877136,3.96
side,4.76,0,0.309710830450058,-3.4757726192474365,2.0254766941070557,0.07015450298786163,0.004765183199197054,0.3175129294395447,4,False,0.6464709043502808,3.98
side,4.78,0,0.30971071124076843,-3.475739002227783,2.0255374908447266,0.07015453279018402,0.004734685178846121,0.31766441464424133,4,False,0.6464695334434509,4.0
side,4.8,0,0.3097105324268341,-3.475731134414673,2.025503396987915,0.0701541155576706,0.004750192631036043,0.31734105944633484,4,False,0.6464693546295166,4.0200000000000005
side,4.82,0,0.309710830450058,-3.4757003784179688,2.0254924297332764,0.07015355676412582,0.004759378731250763,0.3175775706768036,4,False,0.6464706659317017,4.04
side,4.84,0,0.30971065163612366,-3.4756617546081543,2.025620222091675,0.0701540932059288,0.0047454144805669785,0.31777530908584595,4,False,0.6464691162109375,4.0600000000000005
side,4.86,0,0.3097107708454132,-3.475698232650757,2.0255730152130127,0.07015422731637955,0.004765326622873545,0.3175039291381836,4,False,0.64646977186203,4.08
side,4.88,0,0.3097110092639923,-3.475752830505371,2.0255777835845947,0.07015509158372879,0.004755422007292509,0.317395955324173,4,False,0.6464701294898987,4.1
side,4.9,0,0.3097107410430908,-3.475656747817993,2.0256011486053467,0.0701538473367691,0.0047289300709962845,0.3173588514328003,4,False,0.6464692950248718,4.12
side,4.92,0,0.30971068143844604,-3.475625514984131,2.0255885124206543,0.07015326619148254,0.004752615001052618,0.3174756169319153,4,False,0.6464700698852539,4.14
side,4.94,0,0.3097105622291565,-3.475571393966675,2.0256142616271973,0.07015267759561539,0.004746097140014172,0.31760525703430176,4,False,0.6464702486991882,4.16
side,4.96,0,0.3097105026245117,-3.4756088256835938,2.025546073913574,0.0701526403427124,0.004750885535031557,0.31739404797554016,4,False,0.6464712619781494,4.18
side,4.98,0,0.3097105026245117,-3.475644826889038,2.0255069732666016,0.07015284895896912,0.004759158007800579,0.317594975233078,4,False,0.6464707255363464,4.2
side,5.0,0,0.30971044301986694,-3.4756791591644287,2.025498628616333,0.07015328854322433,0.004743288271129131,0.31728848814964294,4,False,0.6464711427688599,4.22
side,5.0200000000000005,0,0.3097103536128998,-3.4756927490234375,2.0254757404327393,0.07015329599380493,0.004765350371599197,0.31783440709114075,4,False,0.6464691162109375,4.24
side,5.04,0,0.3097105026245117,-3.4757723808288574,2.025454044342041,0.07015430182218552,0.0047587184235453606,0.31732070446014404,4,False,0.6464706063270569,4.26
side,5.0600000000000005,0,0.30971044301986694,-3.4757168292999268,2.025503396987915,0.07015389204025269,0.004746059887111187,0.3178183138370514,4,False,0.6464704275131226,4.28
side,5.08,0,0.30971038341522217,-3.475731372833252,2.0254464149475098,0.0701536163687706,0.004753973335027695,0.317630797624588,4,False,0.6464698910713196,4.3
side,5.1000000000000005,0,0.3097105026245117,-3.4757657051086426,2.025453567504883,0.07015419751405716,0.004750820342451334,0.3177464008331299,4,False,0.6464698314666748,4.32
side,5.12,0,0.3097103238105774,-3.475774049758911,2.0255184173583984,0.07015489041805267,0.004750395193696022,0.3173574209213257,4,False,0.646469235420227,4.34
side,5.14,0,0.30971062183380127,-3.4757440090179443,2.0254642963409424,0.07015396654605865,0.004762664902955294,0.3175329267978668,4,False,0.6464709043502808,4.36
side,5.16,0,0.30971062183380127,-3.4757344722747803,2.025491714477539,0.07015406340360641,0.004740666598081589,0.317373663187027,4,False,0.6464701294898987,4.38
side,5.18,0,0.3097105026245117,-3.4757256507873535,2.025458812713623,0.07015363872051239,0.004745534621179104,0.3176385760307312,4,False,0.6464697122573853,4.4
side,5.2,0,0.3097105026245117,-3.475691080093384,2.0255191326141357,0.07015364617109299,0.004760718438774347,0.31756702065467834,4,False,0.6464697122573853,4.42
side,5.22,0,0.30971062183380127,-3.475705623626709,2.0254862308502197,0.07015357911586761,0.004754970781505108,0.3173053562641144,4,False,0.6464714407920837,4.44
side,5.24,0,0.3097107410430908,-3.4757604598999023,2.0255019664764404,0.07015454024076462,0.004771618638187647,0.3176319897174835,4,False,0.646469235420227,4.46
side,5.26,0,0.30971071124076843,-3.4757273197174072,2.025540828704834,0.07015438377857208,0.00474854139611125,0.3176882565021515,4,False,0.6464699506759644,4.48
side,5.28,0,0.30971065163612366,-3.475740432739258,2.0255284309387207,0.07015446573495865,0.0047647785395383835,0.3173399269580841,4,False,0.6464694142341614,4.5
side,5.3,0,0.3097107708454132,-3.4756901264190674,2.025512933731079,0.07015357911586761,0.004764948971569538,0.3178611397743225,4,False,0.6464709043502808,4.5200000000000005
side,5.32,0,0.30971068143844604,-3.475724935531616,2.0254809856414795,0.07015382498502731,0.00474412739276886,0.3174492418766022,4,False,0.6464706659317017,4.54
side,5.34,0,0.30971062183380127,-3.4757585525512695,2.025505781173706,0.07015454769134521,0.004755628760904074,0.3175758123397827,4,False,0.6464700102806091,4.5600000000000005
side,5.36,0,0.30971071124076843,-3.4757277965545654,2.025510787963867,0.07015413045883179,0.004759578965604305,0.317576140165329,4,False,0.6464706063270569,4.58
side,5.38,0,0.30971062183380127,-3.4757189750671387,2.0254909992218018,0.07015381753444672,0.00475364550948143,0.31770092248916626,4,False,0.6464702486991882,4.6000000000000005
side,5.4,0,0.309710830450058,-3.475731611251831,2.0255119800567627,0.07015419751405716,0.004765859339386225,0.31761953234672546,4,False,0.6464701890945435,4.62
side,5.42,0,0.3097107410430908,-3.4757871627807617,2.0255351066589355,0.07015523314476013,0.00474225590005517,0.31744375824928284,4,False,0.6464697122573853,4.64
side,5.44,0,0.30971065163612366,-3.475843906402588,2.0255045890808105,0.07015582919120789,0.0047537521459162235,0.31774500012397766,4,False,0.6464692950248718,4.66
side,5.46,0,0.3097107708454132,-3.475768566131592,2.025520086288452,0.0701548233628273,0.004755646921694279,0.3177414834499359,4,False,0.6464710235595703,4.68
side,5.48,0,0.30971071124076843,-3.4757368564605713,2.0255491733551025,0.0701545923948288,0.004761372692883015,0.3176005780696869,4,False,0.6464694142341614,4.7
side,5.5,0,0.309710830450058,-3.475794792175293,2.0254995822906494,0.07015504688024521,0.004749033134430647,0.31735503673553467,4,False,0.6464709639549255,4.72
side,5.5200000000000005,0,0.30971062183380127,-3.4757392406463623,2.025536298751831,0.07015452533960342,0.00474912254139781,0.3174360394477844,4,False,0.6464694142341614,4.74
side,5.54,0,0.3097107708454132,-3.4757332801818848,2.0254809856414795,0.07015395164489746,0.004759856034070253,0.31761258840560913,4,False,0.646469235420227,4.76
side,5.5600000000000005,0,0.30971086025238037,-3.4757866859436035,2.0255000591278076,0.07015492767095566,0.004743838217109442,0.3175619840621948,4,False,0.6464705467224121,4.78
side,5.58,0,0.3097105026245117,-3.475731134414673,2.025573253631592,0.07015471905469894,0.004750742111355066,0.31744056940078735,4,False,0.646470844745636,4.8
side,5.6000000000000005,0,0.30971071124076843,-3.4757461547851562,2.025524377822876,0.07015452533960342,0.004775229841470718,0.3174472451210022,4,False,0.6464695334434509,4.82
side,5.62,0,0.309710830450058,-3.4757816791534424,2.0255062580108643,0.07015490531921387,0.004750904161483049,0.31760793924331665,4,False,0.646470844745636,4.84
side,5.64,0,0.30971068143844604,-3.4757022857666016,2.0256001949310303,0.07015452533960342,0.0047463346272706985,0.3175031244754791,4,False,0.6464698910713196,4.86
side,5.66,0,0.30971071124076843,-3.475648880004883,2.025632858276367,0.07015400379896164,0.004755909088999033,0.3173198103904724,4,False,0.6464701294898987,4.88
side,5.68,0,0.3097107708454132,-3.475684642791748,2.025557518005371,0.07015389204025269,0.004744268022477627,0.31749409437179565,4,False,0.6464700698852539,4.9
side,5.7,0,0.3097105920314789,-3.475630760192871,2.0255517959594727,0.07015302777290344,0.004741741809993982,0.31772539019584656,4,False,0.646470308303833,4.92
side,5.72,0,0.30971047282218933,-3.4754889011383057,2.0256500244140625,0.07015174627304077,0.004768418613821268,0.3175911009311676,4,False,0.6464697122573853,4.94
side,5.74,0,0.3097107410430908,-3.47552227973938,2.0256636142730713,0.07015237212181091,0.004778263159096241,0.3173203766345978,4,False,0.6464701294898987,4.96
side,5.76,0,0.3097107708454132,-3.475557804107666,2.0256595611572266,0.07015286386013031,0.004765385761857033,0.31758469343185425,4,False,0.6464710235595703,4.98
side,5.78,0,0.3097105324268341,-3.4756357669830322,2.0256474018096924,0.07015393674373627,0.004780982155352831,0.3175450563430786,4,False,0.6464686393737793,5.0
side,5.8,0,0.30971091985702515,-3.4757606983184814,2.0255391597747803,0.07015487551689148,0.00478420639410615,0.31760528683662415,4,False,0.6464718580245972,5.0200000000000005
side,5.82,0,0.30971065163612366,-3.475799322128296,2.025441884994507,0.0701545998454094,0.004736258182674646,0.3176382780075073,4,False,0.6464695334434509,5.04
side,5.84,0,0.30971047282218933,-3.4757466316223145,2.025466203689575,0.07015401870012283,0.004767123144119978,0.317308634519577,4,False,0.6464692950248718,5.0600000000000005
side,5.86,0,0.3097107708454132,-3.475733757019043,2.025528907775879,0.07015437632799149,0.004762275610119104,0.3178574740886688,4,False,0.6464710235595703,5.08
side,5.88,0,0.30971065163612366,-3.4757888317108154,2.025528907775879,0.07015520334243774,0.0047691636718809605,0.31724733114242554,4,False,0.6464704871177673,5.1000000000000005
side,5.9,0,0.3097108006477356,-3.4758028984069824,2.025508165359497,0.07015523314476013,0.004766065161675215,0.3176071345806122,4,False,0.6464719176292419,5.12
side,5.92,0,0.30971062183380127,-3.4757285118103027,2.0254857540130615,0.07015392184257507,0.0047596595250070095,0.31762027740478516,4,False,0.646468460559845,5.14
side,5.94,0,0.3097107410430908,-3.475782632827759,2.0255329608917236,0.07015514373779297,0.004766848869621754,0.3175402879714966,4,False,0.6464705467224121,5.16
side,5.96,0,0.30971062183380127,-3.47575044631958,2.02553129196167,0.07015465199947357,0.004752657376229763,0.31761831045150757,4,False,0.6464700102806091,5.18
side,5.98,0,0.30971065163612366,-3.4756996631622314,2.0254740715026855,0.0701533854007721,0.004779447335749865,0.31782135367393494,4,False,0.64646977186203,5.2
side,6.0,0,0.3097108006477356,-3.4757328033447266,2.0254926681518555,0.07015404850244522,0.00475176190957427,0.3175785541534424,4,False,0.6464700698852539,5.22
side,6.0200000000000005,0,0.3097105920314789,-3.475743293762207,2.02553391456604,0.07015456259250641,0.0047607338055968285,0.31735795736312866,4,False,0.6464694142341614,5.24
side,6.04,0,0.309710830450058,-3.4757795333862305,2.025506019592285,0.07015486806631088,0.004770895000547171,0.3172608017921448,4,False,0.6464709043502808,5.26
side,6.0600000000000005,0,0.30971071124076843,-3.4758358001708984,2.0255086421966553,0.07015573233366013,0.004752946551889181,0.3174951672554016,4,False,0.6464698314666748,5.28
side,6.08,0,0.30971062183380127,-3.4757158756256104,2.0255634784698486,0.07015440613031387,0.004773842636495829,0.3177551031112671,4,False,0.6464694142341614,5.3
side,6.1000000000000005,0,0.309710830450058,-3.4757750034332275,2.0254909992218018,0.07015466690063477,0.004759537521749735,0.31758901476860046,4,False,0.6464714407920837,5.32
side,6.12,0,0.3097105920314789,-3.4757633209228516,2.025526523590088,0.07015480101108551,0.004759934730827808,0.31763511896133423,4,False,0.646469235420227,5.34
side,6.140000000000001,0,0.309710830450058,-3.4757537841796875,2.0255351066589355,0.07015473395586014,0.004772106185555458,0.31725382804870605,4,False,0.6464712023735046,5.36
side,6.16,0,0.30971094965934753,-3.4757425785064697,2.0255770683288574,0.07015492767095566,0.004753805231302977,0.3176423907279968,4,False,0.646470844745636,5.38
side,6.18,0,0.3097107410430908,-3.4757347106933594,2.0255186557769775,0.07015430182218552,0.0047478084452450275,0.31766435503959656,4,False,0.6464698314666748,5.4
side,6.2,0,0.30971062183380127,-3.475705146789551,2.0255374908447266,0.07015401870012283,0.0047632064670324326,0.3176525831222534,4,False,0.6464693546295166,5.42
side,6.22,0,0.30971071124076843,-3.4757633209228516,2.025477409362793,0.07015436887741089,0.004759115166962147,0.3175255060195923,4,False,0.646470308303833,5.44
side,6.24,0,0.3097105324268341,-3.4757068157196045,2.025531530380249,0.07015399634838104,0.004751237574964762,0.31764817237854004,4,False,0.6464700102806091,5.46
side,6.26,0,0.3097105920314789,-3.475719928741455,2.025526762008667,0.07015414535999298,0.004763402976095676,0.3178664743900299,4,False,0.6464695930480957,5.48
side,6.28,0,0.30971065163612366,-3.475733995437622,2.025510787963867,0.07015421986579895,0.004758043214678764,0.31730183959007263,4,False,0.6464706659317017,5.5
side,6.3,0,0.3097107410430908,-3.4757046699523926,2.025496244430542,0.07015365362167358,0.004761973861604929,0.3175913393497467,4,False,0.6464715600013733,5.5200000000000005
side,6.32,0,0.3097105920314789,-3.4757347106933594,2.0255751609802246,0.07015479356050491,0.004759248811751604,0.31759145855903625,4,False,0.6464700102806091,5.54
side,6.34,0,0.3097105920314789,-3.475726842880249,2.0255367755889893,0.0701543316245079,0.00475803529843688,0.3173176050186157,4,False,0.6464701294898987,5.5600000000000005
side,6.36,0,0.30971068143844604,-3.4757628440856934,2.0254952907562256,0.07015452533960342,0.004752528388053179,0.31770622730255127,4,False,0.6464710831642151,5.58
side,6.38,0,0.3097105622291565,-3.4757080078125,2.0255391597747803,0.0701540857553482,0.0047573368065059185,0.31758758425712585,4,False,0.6464702486991882,5.6000000000000005
side,6.4,0,0.3097107410430908,-3.4757015705108643,2.0254874229431152,0.07015352696180344,0.0047624302096664906,0.31749939918518066,4,False,0.6464703679084778,5.62
side,6.42,0,0.30971065163612366,-3.4757556915283203,2.0255134105682373,0.070154570043087,0.004743193741887808,0.3175692558288574,4,False,0.6464704871177673,5.64
side,6.44,0,0.3097105920314789,-3.475658416748047,2.0255486965179443,0.07015341520309448,0.004771829582750797,0.3177192807197571,4,False,0.6464694142341614,5.66
side,6.46,0,0.3097109794616699,-3.4757800102233887,2.0255119800567627,0.07015492022037506,0.004769115708768368,0.31761738657951355,4,False,0.6464705467224121,5.68
side,6.48,0,0.30971071124076843,-3.4757468700408936,2.025573492050171,0.07015496492385864,0.004731368273496628,0.31757262349128723,4,False,0.6464698910713196,5.7
side,6.5,0,0.3097105622291565,-3.475717782974243,2.025547981262207,0.07015429437160492,0.004767539445310831,0.31779152154922485,4,False,0.6464686393737793,5.72
side,6.5200000000000005,0,0.30971094965934753,-3.475752592086792,2.0255210399627686,0.0701545923948288,0.004770699888467789,0.3175683617591858,4,False,0.6464703679084778,5.74
side,6.54,0,0.3097107708454132,-3.4756946563720703,2.025604486465454,0.07015445083379745,0.004758821334689856,0.31737807393074036,4,False,0.64646977186203,5.76
side,6.5600000000000005,0,0.3097107708454132,-3.4757070541381836,2.025590658187866,0.07015451788902283,0.004760855808854103,0.3176872432231903,4,False,0.6464691162109375,5.78
side,6.58,0,0.30971089005470276,-3.4758095741271973,2.025517702102661,0.07015541940927505,0.004756724927574396,0.3173713684082031,4,False,0.6464709043502808,5.8
side,6.6000000000000005,0,0.30971071124076843,-3.4756650924682617,2.0256075859069824,0.07015403360128403,0.004752644337713718,0.317775696516037,4,False,0.6464697122573853,5.82
side,6.62,0,0.30971071124076843,-3.475656747817993,2.0255801677703857,0.07015366107225418,0.004765025805681944,0.3174751400947571,4,False,0.6464703679084778,5.84
side,6.640000000000001,0,0.3097109794616699,-3.4757115840911865,2.025576591491699,0.07015446573495865,0.0047715031541883945,0.31741684675216675,4,False,0.6464709043502808,5.86
side,6.66,0,0.30971068143844604,-3.475748300552368,2.0255441665649414,0.07015472650527954,0.0047464268282055855,0.3176095187664032,4,False,0.6464690566062927,5.88
side,6.68,0,0.30971071124076843,-3.4757180213928223,2.02555251121521,0.0701543390750885,0.004762999247759581,0.3176811933517456,4,False,0.6464707255363464,5.9
side,6.7,0,0.3097107708454132,-3.4757094383239746,2.0255541801452637,0.07015422731637955,0.004771463107317686,0.3172602653503418,4,False,0.6464701890945435,5.92
side,6.72,0,0.309710830450058,-3.4756994247436523,2.025564193725586,0.07015417516231537,0.0047578657977283,0.3173977732658386,4,False,0.6464698314666748,5.94
side,6.74,0,0.3097107410430908,-3.47568941116333,2.025578498840332,0.07015414535999298,0.004756924696266651,0.3174802362918854,4,False,0.6464694738388062,5.96
side,6.76,0,0.3097107410430908,-3.475637912750244,2.025596857070923,0.07015352696180344,0.004765825811773539,0.31785503029823303,4,False,0.6464704275131226,5.98
side,6.78,0,0.30971068143844604,-3.475717306137085,2.0255167484283447,0.07015401870012283,0.004758050199598074,0.3171822130680084,4,False,0.64646977186203,6.0
side,6.8,0,0.30971071124076843,-3.4756855964660645,2.02553391456604,0.07015369087457657,0.004766175989061594,0.31782159209251404,4,False,0.6464706659317017,6.0200000000000005
side,6.82,0,0.30971047282218933,-3.47578501701355,2.025510787963867,0.07015499472618103,0.0047575184144079685,0.3175016939640045,4,False,0.6464695334434509,6.04
side,6.84,0,0.3097105026245117,-3.475780725479126,2.0254335403442383,0.07015425711870193,0.0047576650977134705,0.31758931279182434,4,False,0.6464710831642151,6.0600000000000005
side,6.86,0,0.30971044301986694,-3.4757485389709473,2.0254619121551514,0.07015401870012283,0.004762217402458191,0.3177873492240906,4,False,0.6464704275131226,6.08
side,6.88,0,0.3097105622291565,-3.475783348083496,2.0254578590393066,0.07015449553728104,0.0047642323188483715,0.31749165058135986,4,False,0.6464702486991882,6.1000000000000005
side,6.9,0,0.30971068143844604,-3.4757723808288574,2.0254735946655273,0.07015447318553925,0.004755591042339802,0.3174978494644165,4,False,0.6464702486991882,6.12
side,6.92,0,0.30971068143844604,-3.4758081436157227,2.0254600048065186,0.07015489786863327,0.004752255044877529,0.3177298903465271,4,False,0.6464698910713196,6.140000000000001
side,6.94,0,0.30971062183380127,-3.475731372833252,2.025500774383545,0.0701541006565094,0.0047524780966341496,0.3178124725818634,4,False,0.6464704275131226,6.16
side,6.96,0,0.30971044301986694,-3.4757261276245117,2.0254483222961426,0.07015355676412582,0.0047516063787043095,0.31750723719596863,4,False,0.6464690566062927,6.18
side,6.98,0,0.3097105324268341,-3.4757156372070312,2.025498390197754,0.07015383243560791,0.004763539880514145,0.3177352249622345,4,False,0.6464695930480957,6.2
side,7.0,0,0.3097105920314789,-3.4756813049316406,2.0255484580993652,0.07015375792980194,0.004766453523188829,0.31778645515441895,4,False,0.6464700698852539,6.22
side,7.0200000000000005,0,0.3097107410430908,-3.475762367248535,2.0254857540130615,0.07015442848205566,0.004766888450831175,0.317478209733963,4,False,0.6464704275131226,6.24
side,7.04,0,0.3097105026245117,-3.4757282733917236,2.025557518005371,0.07015454024076462,0.00475742993876338,0.31764623522758484,4,False,0.6464682817459106,6.26
side,7.0600000000000005,0,0.3097107410430908,-3.4757206439971924,2.0255281925201416,0.07015416771173477,0.004760947078466415,0.3175453245639801,4,False,0.6464697122573853,6.28
side,7.08,0,0.30971071124076843,-3.4757556915283203,2.025503635406494,0.07015448808670044,0.00475433049723506,0.31760385632514954,4,False,0.6464704275131226,6.3
side,7.1000000000000005,0,0.30971065163612366,-3.4758100509643555,2.0255024433135986,0.07015529274940491,0.004764323588460684,0.3172546327114105,4,False,0.6464706659317017,6.32
side,7.12,0,0.30971086025238037,-3.475736618041992,2.0255067348480225,0.07015422731637955,0.004753342363983393,0.3174353241920471,4,False,0.6464710235595703,6.34
side,7.140000000000001,0,0.30971065163612366,-3.4757022857666016,2.025554656982422,0.07015413045883179,0.004745906684547663,0.31745582818984985,4,False,0.6464694142341614,6.36
side,7.16,0,0.30971068143844604,-3.475693941116333,2.025526762008667,0.07015375792980194,0.004762471187859774,0.31731632351875305,4,False,0.6464693546295166,6.38
side,7.18,0,0.3097108006477356,-3.47575044631958,2.0255000591278076,0.07015437632799149,0.004747027065604925,0.3174305856227875,4,False,0.6464707255363464,6.4
side,7.2,0,0.30971038341522217,-3.475695848464966,2.025526285171509,0.07015378028154373,0.004748055711388588,0.31761541962623596,4,False,0.6464681029319763,6.42
side,7.22,0,0.30971071124076843,-3.4757304191589355,2.0254766941070557,0.0701538696885109,0.0047716000117361546,0.31741994619369507,4,False,0.6464711427688599,6.44
side,7.24,0,0.30971068143844604,-3.475740432739258,2.0255000591278076,0.07015421986579895,0.004741418641060591,0.3176320791244507,4,False,0.6464700102806091,6.46
side,7.26,0,0.3097102642059326,-3.4757766723632812,2.0254523754119873,0.0701543465256691,0.004739392548799515,0.3173626959323883,4,False,0.6464688181877136,6.48
side,7.28,0,0.30971044301986694,-3.475745916366577,2.0254502296447754,0.0701538696885109,0.004758821334689856,0.317611962556839,4,False,0.6464715600013733,6.5
side,7.3,0,0.30971041321754456,-3.4757137298583984,2.025496244430542,0.07015378773212433,0.00474653160199523,0.3176659643650055,4,False,0.64646977186203,6.5200000000000005
side,7.32,0,0.3097103238105774,-3.4757301807403564,2.025413990020752,0.07015331834554672,0.004756308626383543,0.3175600469112396,4,False,0.6464700698852539,6.54
side,7.34,0,0.3097105026245117,-3.4757204055786133,2.0254573822021484,0.07015354931354523,0.0047708661295473576,0.3177770972251892,4,False,0.6464706063270569,6.5600000000000005
side,7.36,0,0.30971047282218933,-3.4757285118103027,2.0254950523376465,0.07015400379896164,0.004746921360492706,0.31756964325904846,4,False,0.6464701890945435,6.58
side,7.38,0,0.30971041321754456,-3.4757652282714844,2.025454044342041,0.07015419751405716,0.004759914707392454,0.31771737337112427,4,False,0.6464692950248718,6.6000000000000005
side,7.4,0,0.3097105026245117,-3.4758007526397705,2.0254151821136475,0.07015439122915268,0.0047616055235266685,0.31748196482658386,4,False,0.646470308303833,6.62
side,7.42,0,0.3097105920314789,-3.475766658782959,2.0254855155944824,0.07015448808670044,0.0047552455216646194,0.3174368441104889,4,False,0.6464701890945435,6.640000000000001
side,7.44,0,0.30971044301986694,-3.4757561683654785,2.025484085083008,0.07015432417392731,0.004765246994793415,0.3176996111869812,4,False,0.646469235420227,6.66
side,7.46,0,0.3097107708454132,-3.4757895469665527,2.0254833698272705,0.0701548233628273,0.004772680811583996,0.31741347908973694,4,False,0.6464712619781494,6.68
side,7.48,0,0.309710830450058,-3.475800037384033,2.025529146194458,0.07015538215637207,0.004754270892590284,0.31747716665267944,4,False,0.6464712023735046,6.7
side,7.5,0,0.3097107410430908,-3.475701332092285,2.0256001949310303,0.07015451788902283,0.004762081429362297,0.3176896870136261,4,False,0.6464692950248718,6.72
side,7.5200000000000005,0,0.3097108006477356,-3.475759506225586,2.0255250930786133,0.07015473395586014,0.004760251380503178,0.3174757659435272,4,False,0.6464706063270569,6.74
side,7.54,0,0.3097107410430908,-3.4757070541381836,2.025531768798828,0.07015400379896164,0.004749383311718702,0.3176375925540924,4,False,0.64646977186203,6.76
side,7.5600000000000005,0,0.3097105920314789,-3.475719928741455,2.0255284309387207,0.07015416026115417,0.004749882500618696,0.31741398572921753,4,False,0.6464697122573853,6.78
side,7.58,0,0.30971047282218933,-3.475714683532715,2.0254569053649902,0.07015345990657806,0.00475757522508502,0.3176448345184326,4,False,0.6464704275131226,6.8
side,7.6000000000000005,0,0.3097105920314789,-3.4757471084594727,2.0254766941070557,0.07015412300825119,0.004759605973958969,0.31760355830192566,4,False,0.6464704275131226,6.82
side,7.62,0,0.30971041321754456,-3.4756951332092285,2.025475025177002,0.07015332579612732,0.004752804525196552,0.31738996505737305,4,False,0.6464701294898987,6.84
side,7.640000000000001,0,0.30971047282218933,-3.4756855964660645,2.025503396987915,0.07015343010425568,0.004771656356751919,0.3173777759075165,4,False,0.6464704275131226,6.86
side,7.66,0,0.30971071124076843,-3.4756555557250977,2.025510787963867,0.07015304267406464,0.004765237681567669,0.3176463544368744,4,False,0.6464717388153076,6.88
side,7.68,0,0.3097105026245117,-3.4757325649261475,2.0255002975463867,0.07015410810709,0.004745997954159975,0.317826509475708,4,False,0.6464691758155823,6.9
side,7.7,0,0.3097105622291565,-3.47574520111084,2.0254926681518555,0.07015423476696014,0.004769810475409031,0.3175980746746063,4,False,0.6464700102806091,6.92
side,7.72,0,0.3097107410430908,-3.475735902786255,2.0255184173583984,0.07015431672334671,0.0047662826254963875,0.3175308108329773,4,False,0.6464707255363464,6.94
side,7.74,0,0.30971047282218933,-3.4757044315338135,2.0254976749420166,0.07015366107225418,0.004760026000440121,0.31754380464553833,4,False,0.6464686989784241,6.96
side,7.76,0,0.30971068143844604,-3.475741386413574,2.025460958480835,0.07015389949083328,0.004761261399835348,0.31748253107070923,4,False,0.6464705467224121,6.98
side,7.78,0,0.30971071124076843,-3.4757683277130127,2.025583505630493,0.07015537470579147,0.004751645028591156,0.3175254762172699,4,False,0.6464691758155823,7.0
side,7.8,0,0.3097107410430908,-3.4757378101348877,2.0255770683288574,0.07015486061573029,0.004763882607221603,0.31752103567123413,4,False,0.646468997001648,7.0200000000000005
side,7.82,0,0.30971091985702515,-3.4757299423217773,2.0255560874938965,0.07015455514192581,0.004755676258355379,0.31760597229003906,4,False,0.6464706063270569,7.04
side,7.84,0,0.3097108006477356,-3.475785732269287,2.0255279541015625,0.07015515118837357,0.004743504337966442,0.3177824914455414,4,False,0.6464700102806091,7.0600000000000005
side,7.86,0,0.30971047282218933,-3.475710391998291,2.0255346298217773,0.07015407085418701,0.004761757329106331,0.3177112936973572,4,False,0.646468997001648,7.08
side,7.88,0,0.309710830450058,-3.4757652282714844,2.025508165359497,0.07015466690063477,0.004769232124090195,0.3173796832561493,4,False,0.6464706659317017,7.1000000000000005
side,7.9,0,0.30971068143844604,-3.4757118225097656,2.0255184173583984,0.07015395164489746,0.004737703129649162,0.3179135322570801,4,False,0.6464710235595703,7.12
side,7.92,0,0.30971041321754456,-3.4756805896759033,2.0255019664764404,0.07015334814786911,0.004764187149703503,0.31757697463035583,4,False,0.646468997001648,7.140000000000001
side,7.94,0,0.309710830450058,-3.475780487060547,2.025474786758423,0.07015460729598999,0.004765765275806189,0.3172757625579834,4,False,0.6464707255363464,7.16
side,7.96,0,0.30971071124076843,-3.475701093673706,2.02559757232666,0.07015448063611984,0.004754410590976477,0.31759950518608093,4,False,0.646470308303833,7.18
side,7.98,0,0.30971062183380127,-3.475693702697754,2.0255420207977295,0.07015389204025269,0.00474938889965415,0.3173377513885498,4,False,0.646469235420227,7.2
side,8.0,0,0.3097107410430908,-3.4757516384124756,2.0254569053649902,0.07015401870012283,0.004760686308145523,0.3176248371601105,4,False,0.6464705467224121,7.22
side,8.02,0,0.3097105324268341,-3.4757814407348633,2.025516986846924,0.07015499472618103,0.004747183062136173,0.3174351155757904,4,False,0.6464691162109375,7.24
side,8.040000000000001,0,0.30971065163612366,-3.4757277965545654,2.025542974472046,0.07015440613031387,0.004775971174240112,0.31771716475486755,4,False,0.6464698910713196,7.26
side,8.06,0,0.3097107410430908,-3.4756979942321777,2.0255088806152344,0.07015366107225418,0.004761906340718269,0.3177732825279236,4,False,0.6464707851409912,7.28
side,8.08,0,0.30971065163612366,-3.475752592086792,2.0255062580108643,0.07015445828437805,0.00476424815133214,0.31768083572387695,4,False,0.6464699506759644,7.3
side,8.1,0,0.3097107410430908,-3.4757437705993652,2.025515079498291,0.07015440613031387,0.004755524918437004,0.3175748586654663,4,False,0.6464701890945435,7.32
side,8.120000000000001,0,0.3097105920314789,-3.475754737854004,2.0255141258239746,0.07015456259250641,0.004758143797516823,0.3172049820423126,4,False,0.6464696526527405,7.34
side,8.14,0,0.309710830450058,-3.4757678508758545,2.0255250930786133,0.07015486061573029,0.004757231567054987,0.31717318296432495,4,False,0.6464704275131226,7.36
side,8.16,0,0.30971065163612366,-3.4757134914398193,2.0255565643310547,0.07015430927276611,0.0047473302111029625,0.3173900544643402,4,False,0.6464694142341614,7.38
side,8.18,0,0.30971068143844604,-3.4757485389709473,2.025512933731079,0.07015445828437805,0.004758444614708424,0.3174763023853302,4,False,0.646469235420227,7.4
side,8.2,0,0.30971071124076843,-3.4757189750671387,2.0255074501037598,0.07015396654605865,0.004752333741635084,0.31763944029808044,4,False,0.6464706659317017,7.42
side,8.22,0,0.3097105920314789,-3.475684404373169,2.0255439281463623,0.07015375792980194,0.0047644502483308315,0.3175821602344513,4,False,0.6464700698852539,7.44
side,8.24,0,0.30971086025238037,-3.4756758213043213,2.025545120239258,0.07015364617109299,0.0047678155824542046,0.31757962703704834,4,False,0.6464714407920837,7.46
side,8.26,0,0.3097108006477356,-3.475773811340332,2.0255239009857178,0.07015493512153625,0.0047362688928842545,0.3173118531703949,4,False,0.6464698314666748,7.48
side,8.28,0,0.3097105622291565,-3.475741147994995,2.0255703926086426,0.07015484571456909,0.004759267438203096,0.31765860319137573,4,False,0.6464688777923584,7.5
side,8.3,0,0.30971086025238037,-3.475778341293335,2.0255017280578613,0.07015480846166611,0.0047614905051887035,0.31773343682289124,4,False,0.646471381187439,7.5200000000000005
side,8.32,0,0.3097105324268341,-3.475701332092285,2.0255608558654785,0.07015417516231537,0.0047417813912034035,0.3176928758621216,4,False,0.6464693546295166,7.54
side,8.34,0,0.3097105622291565,-3.4757583141326904,2.0255179405212402,0.07015465199947357,0.004766575060784817,0.31728991866111755,4,False,0.6464706659317017,7.5600000000000005
side,8.36,0,0.3097107410430908,-3.4757068157196045,2.025489330291748,0.0701536238193512,0.0047474512830376625,0.31739169359207153,4,False,0.6464716792106628,7.58
side,8.38,0,0.3097105324268341,-3.475783348083496,2.025484800338745,0.07015473395586014,0.004743325058370829,0.3174164593219757,4,False,0.6464700698852539,7.6000000000000005
side,8.4,0,0.30971065163612366,-3.4757540225982666,2.0254628658294678,0.0701541006565094,0.004762438591569662,0.31761977076530457,4,False,0.6464712619781494,7.62
side,8.42,0,0.3097103536128998,-3.4756789207458496,2.0254862308502197,0.07015317678451538,0.004754963330924511,0.31792232394218445,4,False,0.6464688181877136,7.640000000000001
side,8.44,0,0.30971065163612366,-3.4757113456726074,2.0255041122436523,0.07015381753444672,0.004777439869940281,0.3172813951969147,4,False,0.646470308303833,7.66
side,8.46,0,0.3097107410430908,-3.4757678508758545,2.0254735946655273,0.07015440613031387,0.004744124598801136,0.3173553943634033,4,False,0.6464700698852539,7.68
side,8.48,0,0.3097105324268341,-3.4757559299468994,2.0255446434020996,0.07015484571456909,0.004760208539664745,0.31751880049705505,4,False,0.6464692950248718,7.7
side,8.5,0,0.30971071124076843,-3.475680351257324,2.0255489349365234,0.07015375047922134,0.004765799734741449,0.3178500831127167,4,False,0.646470308303833,7.72
side,8.52,0,0.30971086025238037,-3.475761890411377,2.025495767593384,0.07015451043844223,0.004751317203044891,0.3175525367259979,4,False,0.6464710235595703,7.74
side,8.540000000000001,0,0.3097105622291565,-3.475708484649658,2.02551007270813,0.07015383243560791,0.004751117900013924,0.31760451197624207,4,False,0.6464703679084778,7.76
side,8.56,0,0.30971068143844604,-3.4757001399993896,2.0255167484283447,0.07015376538038254,0.004767030477523804,0.31761929392814636,4,False,0.6464698910713196,7.78
side,8.58,0,0.30971065163612366,-3.4757344722747803,2.0255119800567627,0.07015423476696014,0.004743889439851046,0.3174281418323517,4,False,0.6464712023735046,7.8
side,8.6,0,0.30971068143844604,-3.4757673740386963,2.025510311126709,0.07015471905469894,0.004762446042150259,0.3176863193511963,4,False,0.6464685797691345,7.82
side,8.620000000000001,0,0.30971062183380127,-3.475738286972046,2.025491952896118,0.07015412300825119,0.0047500585205852985,0.3177349865436554,4,False,0.6464703679084778,7.84
side,8.64,0,0.3097105026245117,-3.4756627082824707,2.0255260467529297,0.07015328109264374,0.004762299358844757,0.3179823160171509,4,False,0.6464694142341614,7.86
side,8.66,0,0.3097105920314789,-3.475741147994995,2.025480270385742,0.07015406340360641,0.004758106078952551,0.31742268800735474,4,False,0.6464706063270569,7.88
side,8.68,0,0.3097105622291565,-3.475731611251831,2.0254740715026855,0.0701538696885109,0.004766783211380243,0.31726157665252686,4,False,0.6464698314666748,7.9
side,8.700000000000001,0,0.30971068143844604,-3.4757237434387207,2.025493621826172,0.07015391439199448,0.004762715194374323,0.31765568256378174,4,False,0.6464704871177673,7.92
side,8.72,0,0.3097107410430908,-3.475733995437622,2.025510311126709,0.07015421986579895,0.004746666643768549,0.317398339509964,4,False,0.6464710831642151,7.94
side,8.74,0,0.30971062183380127,-3.4757893085479736,2.025501251220703,0.07015497237443924,0.0047573125921189785,0.3173307180404663,4,False,0.6464699506759644,7.96
side,8.76,0,0.3097107410430908,-3.4757373332977295,2.025515079498291,0.07015431672334671,0.004763392731547356,0.317727655172348,4,False,0.6464710831642151,7.98
side,8.78,0,0.30971068143844604,-3.47575044631958,2.0255239009857178,0.0701545923948288,0.004761463962495327,0.3175848722457886,4,False,0.6464706659317017,8.0
side,8.8,0,0.30971065163612366,-3.4757206439971924,2.025540828704834,0.07015427947044373,0.004754640161991119,0.31738945841789246,4,False,0.6464711427688599,8.02
side,8.82,0,0.3097105920314789,-3.4757750034332275,2.0255229473114014,0.07015495002269745,0.004756256006658077,0.3174870014190674,4,False,0.6464695930480957,8.040000000000001
side,8.84,0,0.30971065163612366,-3.475724935531616,2.025508403778076,0.07015406340360641,0.004758166614919901,0.31763768196105957,4,False,0.6464698314666748,8.06
side,8.86,0,0.3097105324268341,-3.475651264190674,2.0255019664764404,0.0701528936624527,0.004750869236886501,0.31752127408981323,4,False,0.64646977186203,8.08
side,8.88,0,0.3097105920314789,-3.475684881210327,2.025508403778076,0.07015345990657806,0.004767138510942459,0.3176697790622711,4,False,0.6464700698852539,8.1
side,8.9,0,0.3097105920314789,-3.4757180213928223,2.0255255699157715,0.07015410810709,0.004745724145323038,0.3173482418060303,4,False,0.6464716792106628,8.120000000000001
side,8.92,0,0.3097105026245117,-3.475728988647461,2.0255115032196045,0.07015415281057358,0.004760848358273506,0.3170115351676941,4,False,0.6464700102806091,8.14
side,8.94,0,0.30971068143844604,-3.4757001399993896,2.0255050659179688,0.07015366107225418,0.004759575705975294,0.3176477253437042,4,False,0.6464703679084778,8.16
side,8.96,0,0.3097105920314789,-3.4757580757141113,2.025463581085205,0.07015417516231537,0.004748391918838024,0.3175221085548401,4,False,0.6464691162109375,8.18
side,8.98,0,0.3097105622291565,-3.475724458694458,2.025477886199951,0.07015378773212433,0.00476272776722908,0.3177039623260498,4,False,0.6464694738388062,8.2
side,9.0,0,0.3097105920314789,-3.475738048553467,2.025479316711426,0.07015401124954224,0.004757952876389027,0.3175889849662781,4,False,0.6464709639549255,8.22
side,9.02,0,0.30971065163612366,-3.4757726192474365,2.025470495223999,0.07015445083379745,0.004765286576002836,0.31743767857551575,4,False,0.6464707851409912,8.24
side,9.040000000000001,0,0.3097105324268341,-3.475719451904297,2.0254924297332764,0.07015383988618851,0.004757796414196491,0.3177439868450165,4,False,0.6464701890945435,8.26
side,9.06,0,0.3097105920314789,-3.4756858348846436,2.0255374908447266,0.07015373557806015,0.004778287839144468,0.3176131844520569,4,False,0.64646977186203,8.28
side,9.08,0,0.30971071124076843,-3.475742816925049,2.0255119800567627,0.07015436887741089,0.004757142625749111,0.31760403513908386,4,False,0.6464701294898987,8.3
side,9.1,0,0.30971068143844604,-3.4757771492004395,2.02551007270813,0.07015486806631088,0.004770989064127207,0.3176281154155731,4,False,0.6464694142341614,8.32
side,9.120000000000001,0,0.30971068143844604,-3.4757239818573,2.025521755218506,0.07015416771173477,0.004756423179060221,0.31750547885894775,4,False,0.6464695334434509,8.34
side,9.14,0,0.30971065163612366,-3.475756883621216,2.025514602661133,0.0701545998454094,0.004757386166602373,0.3175228238105774,4,False,0.646468997001648,8.36
side,9.16,0,0.3097108006477356,-3.47574782371521,2.0255258083343506,0.07015455514192581,0.004758407361805439,0.3176696300506592,4,False,0.6464695930480957,8.38
side,9.18,0,0.30971065163612366,-3.4757182598114014,2.025481939315796,0.07015373557806015,0.004745163954794407,0.3176909387111664,4,False,0.6464691162109375,8.4
side,9.200000000000001,0,0.3097107410430908,-3.475752592086792,2.0255157947540283,0.07015454024076462,0.004763577599078417,0.31738030910491943,4,False,0.6464700102806091,8.42
side,9.22,0,0.3097108006477356,-3.4756784439086914,2.0255322456359863,0.07015357166528702,0.004766236059367657,0.3178795874118805,4,False,0.6464704275131226,8.44
side,9.24,0,0.3097105324268341,-3.4757351875305176,2.0255136489868164,0.07015426456928253,0.004741407465189695,0.31751304864883423,4,False,0.6464692950248718,8.46
side,9.26,0,0.30971065163612366,-3.4757707118988037,2.025475263595581,0.07015446573495865,0.004768977873027325,0.31774699687957764,4,False,0.6464700102806091,8.48
side,9.28,0,0.30971071124076843,-3.4756948947906494,2.025519609451294,0.07015370577573776,0.004763209261000156,0.31791967153549194,4,False,0.6464709639549255,8.5
side,9.3,0,0.30971065163612366,-3.475794553756714,2.025489091873169,0.07015495002269745,0.004757344722747803,0.31743165850639343,4,False,0.6464699506759644,8.52
side,9.32,0,0.30971065163612366,-3.47578501701355,2.02549147605896,0.0701548233628273,0.004766205325722694,0.3174264430999756,4,False,0.6464695930480957,8.540000000000001
side,9.34,0,0.30971062183380127,-3.475773572921753,2.025526285171509,0.07015495747327805,0.004763820208609104,0.31751853227615356,4,False,0.6464695334434509,8.56
side,9.36,0,0.3097107410430908,-3.4757888317108154,2.025487184524536,0.07015484571456909,0.004762346390634775,0.31727135181427,4,False,0.6464701294898987,8.58
side,9.38,0,0.30971065163612366,-3.4757800102233887,2.0255002975463867,0.0701548233628273,0.004753208253532648,0.31743133068084717,4,False,0.64646977186203,8.6
side,9.4,0,0.30971065163612366,-3.4757702350616455,2.025498390197754,0.07015465945005417,0.004758734721690416,0.31753280758857727,4,False,0.6464706063270569,8.620000000000001
side,9.42,0,0.3097105622291565,-3.4756758213043213,2.025463104248047,0.07015293091535568,0.0047600711695849895,0.3179944157600403,4,False,0.6464699506759644,8.64
side,9.44,0,0.3097105622291565,-3.4757115840911865,2.0255017280578613,0.07015380263328552,0.004762197844684124,0.3176895081996918,4,False,0.6464700102806091,8.66
side,9.46,0,0.3097105920314789,-3.4756991863250732,2.025538206100464,0.07015393674373627,0.004773137625306845,0.3177463412284851,4,False,0.6464706063270569,8.68
side,9.48,0,0.3097105026245117,-3.475735902786255,2.0254478454589844,0.07015370577573776,0.004758915398269892,0.3178830146789551,4,False,0.6464706063270569,8.700000000000001
side,9.5,0,0.30971041321754456,-3.4757015705108643,2.02551007270813,0.07015372812747955,0.004771267529577017,0.31764233112335205,4,False,0.6464688181877136,8.72
side,9.52,0,0.3097108006477356,-3.4757771492004395,2.025536060333252,0.07015509158372879,0.0047752950340509415,0.3172699213027954,4,False,0.6464714407920837,8.74
side,9.540000000000001,0,0.30971068143844604,-3.4757683277130127,2.025543451309204,0.07015502452850342,0.004749164450913668,0.31751763820648193,4,False,0.6464692950248718,8.76
side,9.56,0,0.30971062183380127,-3.4757401943206787,2.025487184524536,0.07015410810709,0.00477482657879591,0.3179728388786316,4,False,0.6464686989784241,8.78
side,9.58,0,0.30971065163612366,-3.4757959842681885,2.0254578590393066,0.07015469670295715,0.00475734518840909,0.31754690408706665,4,False,0.6464700698852539,8.8
side,9.6,0,0.3097105324268341,-3.4756970405578613,2.0255141258239746,0.07015369087457657,0.004778668284416199,0.3176685869693756,4,False,0.6464706659317017,8.82
side,9.620000000000001,0,0.309710830450058,-3.4757533073425293,2.025526762008667,0.07015465199947357,0.004770523868501186,0.3174591660499573,4,False,0.6464706063270569,8.84
side,9.64,0,0.309710830450058,-3.4757637977600098,2.0255508422851562,0.07015502452850342,0.004764600191265345,0.31724822521209717,4,False,0.6464698910713196,8.86
side,9.66,0,0.3097108006477356,-3.475754976272583,2.025545120239258,0.0701548382639885,0.004757832735776901,0.31753048300743103,4,False,0.64646977186203,8.88
side,9.68,0,0.30971062183380127,-3.4757256507873535,2.0255274772644043,0.07015423476696014,0.004756900481879711,0.3172309994697571,4,False,0.6464701890945435,8.9
side,9.700000000000001,0,0.30971086025238037,-3.475693702697754,2.0255179405212402,0.07015367597341537,0.004768970888108015,0.3176673948764801,4,False,0.6464716196060181,8.92
side,9.72,0,0.30971071124076843,-3.4757273197174072,2.0255489349365234,0.07015445083379745,0.004746132530272007,0.3176872730255127,4,False,0.6464695334434509,8.94
side,9.74,0,0.30971062183380127,-3.4756979942321777,2.025507688522339,0.07015365362167358,0.004770688712596893,0.3177729547023773,4,False,0.6464700698852539,8.96
side,9.76,0,0.3097107708454132,-3.4757328033447266,2.0254766941070557,0.07015390694141388,0.004763797856867313,0.31748151779174805,4,False,0.6464706063270569,8.98
side,9.78,0,0.30971068143844604,-3.4757418632507324,2.0255398750305176,0.0701545923948288,0.004745231941342354,0.31731775403022766,4,False,0.6464695930480957,9.0
side,9.8,0,0.30971068143844604,-3.475754976272583,2.025507926940918,0.07015451043844223,0.0047627524472773075,0.31770917773246765,4,False,0.6464698314666748,9.02
side,9.82,0,0.30971068143844604,-3.47574520111084,2.025522470474243,0.07015449553728104,0.004762076307088137,0.31743142008781433,4,False,0.6464704275131226,9.040000000000001
side,9.84,0,0.30971071124076843,-3.475759506225586,2.0255050659179688,0.07015455514192581,0.004762211814522743,0.3174273669719696,4,False,0.6464706063270569,9.06
side,9.86,0,0.3097105622291565,-3.475748300552368,2.0255236625671387,0.07015454769134521,0.004759646020829678,0.3177650570869446,4,False,0.646468997001648,9.08
side,9.88,0,0.30971091985702515,-3.475717306137085,2.0255181789398193,0.07015403360128403,0.0047722565941512585,0.3175768554210663,4,False,0.6464699506759644,9.1
side,9.9,0,0.30971091985702515,-3.4757723808288574,2.0255377292633057,0.07015503197908401,0.004742823075503111,0.31734368205070496,4,False,0.6464711427688599,9.120000000000001
side,9.92,0,0.30971068143844604,-3.475741147994995,2.02555775642395,0.07015474140644073,0.004747649189084768,0.31778469681739807,4,False,0.64646977186203,9.14
side,9.94,0,0.3097107410430908,-3.4756901264190674,2.0255215167999268,0.07015365362167358,0.0047615603543818,0.3174474537372589,4,False,0.6464701890945435,9.16
side,9.96,0,0.3097108006477356,-3.475745677947998,2.025514602661133,0.07015442848205566,0.00474451994523406,0.317434161901474,4,False,0.6464709639549255,9.18
side,9.98,0,0.3097105622291565,-3.4757778644561768,2.0255110263824463,0.07015488296747208,0.004746646154671907,0.3174554705619812,4,False,0.6464695334434509,9.200000000000001
side,10.0,0,0.3097105622291565,-3.475748062133789,2.0255110263824463,0.07015443593263626,0.004754904191941023,0.3177442252635956,4,False,0.6464706063270569,9.22
side,10.02,0,0.3097105622291565,-3.475695848464966,2.0255208015441895,0.07015373557806015,0.004755442030727863,0.3176036477088928,4,False,0.6464710235595703,9.24
side,10.040000000000001,0,0.3097105324268341,-3.4757094383239746,2.0254902839660645,0.07015366852283478,0.0047599030658602715,0.31787487864494324,4,False,0.6464701294898987,9.26
side,10.06,0,0.30971041321754456,-3.475698947906494,2.0254929065704346,0.07015353441238403,0.004767304752022028,0.31758901476860046,4,False,0.6464681625366211,9.28
side,10.08,0,0.30971068143844604,-3.475691795349121,2.0255038738250732,0.07015352696180344,0.004762943368405104,0.3172956705093384,4,False,0.6464701294898987,9.3
side,10.1,0,0.30971065163612366,-3.4757235050201416,2.0255017280578613,0.07015398144721985,0.004749659914523363,0.31765350699424744,4,False,0.6464705467224121,9.32
side,10.120000000000001,0,0.3097105920314789,-3.4757344722747803,2.025519609451294,0.07015430182218552,0.00476200133562088,0.31761378049850464,4,False,0.646467924118042,9.34
side,10.14,0,0.30971065163612366,-3.475724697113037,2.0255184173583984,0.07015414535999298,0.004756608512252569,0.31748685240745544,4,False,0.6464709043502808,9.36
side,10.16,0,0.30971062183380127,-3.4757156372070312,2.0255062580108643,0.07015390694141388,0.004761353600770235,0.31718242168426514,4,False,0.6464699506759644,9.38
side,10.18,0,0.30971068143844604,-3.4757282733917236,2.025503635406494,0.07015407085418701,0.004756644833832979,0.3176977336406708,4,False,0.6464709043502808,9.4
side,10.200000000000001,0,0.3097105026245117,-3.4757614135742188,2.025501251220703,0.07015454769134521,0.004759792238473892,0.31741786003112793,4,False,0.6464699506759644,9.42
side,10.22,0,0.30971062183380127,-3.4756669998168945,2.025505304336548,0.07015316188335419,0.004763699136674404,0.3174594044685364,4,False,0.6464702486991882,9.44
side,10.24,0,0.3097107708454132,-3.4757444858551025,2.0255186557769775,0.07015444338321686,0.004757837858051062,0.31738442182540894,4,False,0.6464705467224121,9.46
side,10.26,0,0.3097105622291565,-3.475733995437622,2.0255208015441895,0.07015430927276611,0.0047456310130655766,0.3174218237400055,4,False,0.6464692950248718,9.48
side,10.28,0,0.3097105324268341,-3.4757490158081055,2.0254571437835693,0.07015398144721985,0.004755441565066576,0.3175774812698364,4,False,0.6464704275131226,9.5
side,10.3,0,0.3097105026245117,-3.4757168292999268,2.0254902839660645,0.07015378028154373,0.0047637466341257095,0.3176843225955963,4,False,0.6464704871177673,9.52
side,10.32,0,0.30971062183380127,-3.4756827354431152,2.0255415439605713,0.07015372067689896,0.004771636798977852,0.31734105944633484,4,False,0.6464704275131226,9.540000000000001
side,10.34,0,0.3097107708454132,-3.4757635593414307,2.0254812240600586,0.07015440613031387,0.004750779364258051,0.3173055052757263,4,False,0.6464711427688599,9.56
side,10.36,0,0.3097105622291565,-3.4756877422332764,2.025505781173706,0.07015348225831985,0.004748186096549034,0.3173418939113617,4,False,0.6464695334434509,9.58
side,10.38,0,0.30971068143844604,-3.4756979942321777,2.0255486965179443,0.07015401124954224,0.004756808280944824,0.3176107406616211,4,False,0.6464700698852539,9.6
side,10.4,0,0.30971062183380127,-3.475691556930542,2.025522470474243,0.07015369087457657,0.0047447895631194115,0.31765222549438477,4,False,0.6464702486991882,9.620000000000001
side,10.42,0,0.3097105026245117,-3.4757256507873535,2.0255260467529297,0.07015422731637955,0.004758166149258614,0.31740501523017883,4,False,0.6464709043502808,9.64
side,10.44,0,0.30971071124076843,-3.475696325302124,2.025498390197754,0.07015354931354523,0.0047535039484500885,0.3173384666442871,4,False,0.6464701294898987,9.66
side,10.46,0,0.30971062183380127,-3.4757115840911865,2.025461435317993,0.07015345245599747,0.004740587435662746,0.31785890460014343,4,False,0.6464710235595703,9.68
side,10.48,0,0.30971038341522217,-3.475721836090088,2.0254926681518555,0.07015387713909149,0.004749443847686052,0.31735798716545105,4,False,0.6464694142341614,9.700000000000001
side,10.5,0,0.3097105622291565,-3.475715160369873,2.025486707687378,0.07015372812747955,0.004760914482176304,0.3173712193965912,4,False,0.6464701294898987,9.72
side,10.52,0,0.30971068143844604,-3.475701093673706,2.025564193725586,0.07015419751405716,0.004749392159283161,0.3174123167991638,4,False,0.6464711427688599,9.74
side,10.540000000000001,0,0.30971047282218933,-3.475625514984131,2.0255792140960693,0.07015319168567657,0.004757814109325409,0.3175508379936218,4,False,0.6464694738388062,9.76
side,10.56,0,0.30971086025238037,-3.4757699966430664,2.025510787963867,0.07015476375818253,0.004763452336192131,0.31756842136383057,4,False,0.6464722156524658,9.78
side,10.58,0,0.3097105920314789,-3.475715160369873,2.025535821914673,0.07015416026115417,0.004748249892145395,0.31789711117744446,4,False,0.646468997001648,9.8
side,10.6,0,0.3097107708454132,-3.4757702350616455,2.0255210399627686,0.07015486061573029,0.004772915970534086,0.31755954027175903,4,False,0.6464700698852539,9.82
side,10.620000000000001,0,0.30971086025238037,-3.475694417953491,2.025556802749634,0.07015402615070343,0.004752153530716896,0.31789785623550415,4,False,0.6464700102806091,9.84
side,10.64,0,0.30971068143844604,-3.4757072925567627,2.025562286376953,0.07015427201986313,0.004762917757034302,0.3177662789821625,4,False,0.6464702486991882,9.86
side,10.66,0,0.3097108006477356,-3.4758102893829346,2.025444507598877,0.07015478610992432,0.004766720347106457,0.31758803129196167,4,False,0.6464700102806091,9.88
side,10.68,0,0.30971086025238037,-3.475752592086792,2.0255424976348877,0.07015477865934372,0.004753435030579567,0.31758883595466614,4,False,0.6464700698852539,9.9
side,10.700000000000001,0,0.30971068143844604,-3.4757416248321533,2.0255608558654785,0.07015477120876312,0.004760783165693283,0.31760451197624207,4,False,0.6464694142341614,9.92
side,10.72,0,0.3097107410430908,-3.4758450984954834,2.025470018386841,0.0701555386185646,0.0047642239369452,0.31715336441993713,4,False,0.6464687585830688,9.94
side,10.74,0,0.3097110390663147,-3.4758784770965576,2.0254452228546143,0.07015582919120789,0.00474837189540267,0.3173987865447998,4,False,0.6464706063270569,9.96
side,10.76,0,0.3097108006477356,-3.4757988452911377,2.0255534648895264,0.07015557587146759,0.004720882046967745,0.31777119636535645,4,False,0.6464686989784241,9.98
side,10.78,0,0.30971038341522217,-3.475771427154541,2.0254836082458496,0.07015454769134521,0.004742843564599752,0.3174051344394684,4,False,0.6464688777923584,10.0
side,10.8,0,0.3097107410430908,-3.475674867630005,2.0255045890808105,0.07015328109264374,0.004770039115101099,0.31762149930000305,4,False,0.6464706659317017,10.02
side,10.82,0,0.30971068143844604,-3.475684642791748,2.025552272796631,0.07015383988618851,0.004745981656014919,0.31752023100852966,4,False,0.6464709639549255,10.040000000000001
side,10.84,0,0.3097105920314789,-3.4756977558135986,2.0255491733551025,0.07015401124954224,0.004766886588186026,0.31749072670936584,4,False,0.6464694142341614,10.06
side,10.86,0,0.30971091985702515,-3.475818395614624,2.0255329608917236,0.07015568763017654,0.0047614118084311485,0.31735721230506897,4,False,0.6464706659317017,10.08
side,10.88,0,0.309710830450058,-3.4756979942321777,2.0255980491638184,0.07015444338321686,0.004751778673380613,0.3176242411136627,4,False,0.6464698910713196,10.1
side,10.9,0,0.3097105324268341,-3.4756433963775635,2.0256147384643555,0.07015376538038254,0.004755006637424231,0.317549467086792,4,False,0.64646977186203,10.120000000000001
side,10.92,0,0.3097108006477356,-3.4757239818573,2.0255162715911865,0.0701541155576706,0.004782181698828936,0.31748300790786743,4,False,0.6464703679084778,10.14
side,10.94,0,0.30971089005470276,-3.4757792949676514,2.0255255699157715,0.07015503197908401,0.004750154446810484,0.31759315729141235,4,False,0.646469235420227,10.16
side,10.96,0,0.30971062183380127,-3.475701093673706,2.0255844593048096,0.07015437632799149,0.004747596103698015,0.3173874616622925,4,False,0.6464692950248718,10.18
side,10.98,0,0.30971071124076843,-3.475647211074829,2.0255963802337646,0.07015366852283478,0.0047658104449510574,0.31749287247657776,4,False,0.6464704275131226,10.200000000000001
side,11.0,0,0.30971068143844604,-3.475639581680298,2.025557279586792,0.07015320658683777,0.004757430870085955,0.3178425133228302,4,False,0.646470844745636,10.22
fore_aft,0.02,0,0.7582281827926636,-14.004952430725098,28.40923309326172,0.5307726860046387,0.10528482496738434,2.6797573566436768,0,False,0.1942310631275177,0.0
fore_aft,0.04,0,0.7532558441162109,-19.727294921875,29.54741668701172,0.5822769403457642,0.3875722289085388,4.486790657043457,0,False,0.41093313694000244,0.0
fore_aft,0.06,0,0.7420807480812073,-21.621238708496094,29.69489288330078,0.5977381467819214,0.6823224425315857,1.4503417015075684,0,False,0.5233156681060791,0.0
fore_aft,0.08,0,0.7265681028366089,-19.759891510009766,28.535598754882812,0.5695800185203552,0.8263455033302307,2.2732717990875244,0,False,0.5653696656227112,0.0
fore_aft,0.1,0,0.709891676902771,-18.67101287841797,28.169958114624023,0.557025134563446,0.851037323474884,0.7474097609519958,0,False,0.5620279312133789,0.0
fore_aft,0.12,0,0.6911525130271912,-19.929718017578125,29.500988006591797,0.5830955505371094,1.0327649116516113,2.043262004852295,0,False,0.5731157660484314,0.0
fore_aft,0.14,0,0.6657190918922424,-22.381996154785156,30.247346878051758,0.6100930571556091,1.4284905195236206,2.2708098888397217,0,False,0.6377859115600586,0.0
fore_aft,0.16,0,0.6325964331626892,-21.027793884277344,29.21555519104004,0.5874403715133667,1.7730560302734375,2.13582444190979,0,False,0.671424150466919,0.0
fore_aft,0.18,0,0.5967715382575989,-20.66320037841797,27.948877334594727,0.5690671801567078,1.779495120048523,1.515806794166565,0,False,0.6344406008720398,0.0
fore_aft,0.2,0,0.5601714849472046,-20.126670837402344,28.012351989746094,0.5657274127006531,1.879445195198059,0.9656568169593811,0,False,0.625076413154602,0.0
fore_aft,0.22,0,0.5209773778915405,-21.035188674926758,28.501070022583008,0.57871013879776,2.0256478786468506,1.494573950767517,0,False,0.6485347747802734,0.0
fore_aft,0.24,0,0.4772944450378418,-21.317489624023438,29.275644302368164,0.5903401970863342,2.201122760772705,0.7929266691207886,1,False,0.6540966033935547,0.0
fore_aft,0.26,0,0.43309298157691956,-19.23744773864746,26.49643898010254,0.5398733019828796,2.1741104125976562,3.822995662689209,1,False,0.6119136214256287,0.0
fore_aft,0.28,0,0.38959288597106934,-16.311397552490234,22.67159080505371,0.46728089451789856,2.1193244457244873,3.8185770511627197,1,False,0.6033700108528137,0.0
fore_aft,0.3,0,0.34722527861595154,-13.931082725524902,18.287673950195312,0.389343798160553,2.008838176727295,4.565104961395264,2,False,0.5954355597496033,0.0
fore_aft,0.32,0,0.3077290654182434,-12.828092575073242,14.465420722961426,0.3298914134502411,1.9148192405700684,3.119636297225952,2,False,0.6199330687522888,0.0
fore_aft,0.34,0,0.26891180872917175,-10.739020347595215,9.67029094696045,0.2489960938692093,1.9079322814941406,5.256661415100098,2,False,0.6491632461547852,0.0
fore_aft,0.36,0,0.23191110789775848,-8.011248588562012,4.9398112297058105,0.16350089013576508,1.3535795211791992,5.839042663574219,3,False,0.6683531403541565,0.0
fore_aft,0.38,0,0.21063299477100372,-6.64491605758667,-0.4730420410633087,0.11619847267866135,1.0984262228012085,6.215681552886963,2,False,0.6870861053466797,0.0
fore_aft,0.4,0,0.19525480270385742,-1.9047917127609253,-3.2573282718658447,0.06580998748540878,0.9730225801467896,5.004052639007568,3,False,0.6928582787513733,0.0
fore_aft,0.42,0,0.18538948893547058,2.9134461879730225,-4.020600318908691,0.08653474599123001,0.9446362853050232,4.702763557434082,4,False,0.6671798825263977,0.0
fore_aft,0.44,0,0.17950250208377838,8.088335990905762,-3.111715078353882,0.15085479617118835,0.8259987235069275,3.9539241790771484,4,False,0.6647758483886719,0.0
fore_aft,0.46,0,0.18236130475997925,9.313493728637695,-2.9341394901275635,0.1699543297290802,0.8150001764297485,0.9196397662162781,4,False,0.6534743905067444,0.0
fore_aft,0.48,0,0.19095191359519958,10.351149559020996,-1.75087308883667,0.18286298215389252,0.9131702780723572,2.582214593887329,4,False,0.6576688289642334,0.0
fore_aft,0.5,0,0.20252449810504913,12.156974792480469,0.020282022655010223,0.21178172528743744,0.9736448526382446,2.374737501144409,4,False,0.6748948097229004,0.0
fore_aft,0.52,0,0.216058149933815,13.432822227478027,1.8425339460372925,0.23593564331531525,1.009151577949524,1.8722833395004272,4,False,0.7032833695411682,0.0
fore_aft,0.54,0,0.2306436151266098,13.610100746154785,3.417569637298584,0.24377639591693878,1.000947117805481,1.4350348711013794,4,False,0.7283354997634888,0.0
fore_aft,0.56,0,0.24551603198051453,12.75828742980957,4.6342010498046875,0.2354709953069687,0.9778268933296204,0.9095128774642944,3,False,0.7168044447898865,0.0
fore_aft,0.58,0,0.2599430978298187,10.810230255126953,5.08642053604126,0.20726284384727478,0.9479010701179504,1.5135239362716675,4,False,0.7012715339660645,0.0
fore_aft,0.6,0,0.2728371322154999,7.91424560546875,4.799219608306885,0.16082195937633514,0.8751003742218018,2.38901948928833,3,False,0.6846122741699219,0.0
fore_aft,0.62,0,0.2827538251876831,5.234856605529785,4.07001256942749,0.11542538553476334,0.7474241852760315,2.181588649749756,2,False,0.6684401631355286,0.0
fore_aft,0.64,0,0.28912806510925293,3.1957640647888184,3.117694139480591,0.07782422751188278,0.6379804611206055,1.603263258934021,3,False,0.6522169709205627,0.0
fore_aft,0.66,0,0.2929832637310028,2.2220876216888428,2.2952136993408203,0.05572083219885826,0.5592093467712402,0.7491685152053833,3,False,0.6408835053443909,0.0
fore_aft,0.68,0,0.2955130636692047,1.648719072341919,1.938690185546875,0.04439997673034668,0.4963986873626709,0.5398203730583191,3,False,0.6369439959526062,0.0
fore_aft,0.7000000000000001,0,0.2967396080493927,1.1462088823318481,1.9010438919067383,0.03873381018638611,0.44216448068618774,0.4563024938106537,3,False,0.6376925706863403,0.0
fore_aft,0.72,0,0.2966422140598297,1.1778126955032349,2.005178213119507,0.040576472878456116,0.4016231894493103,0.451314240694046,4,False,0.6405096054077148,0.0
fore_aft,0.74,0,0.29594886302948,1.655950665473938,2.2671186923980713,0.04897727444767952,0.3675553798675537,0.7875792384147644,4,False,0.645044207572937,0.0
fore_aft,0.76,0,0.29495665431022644,2.1897597312927246,2.4986653327941895,0.05794690176844597,0.33921268582344055,0.7247561812400818,4,False,0.6493223309516907,0.0
fore_aft,0.78,0,0.29370859265327454,2.610551595687866,2.568942070007324,0.0638696551322937,0.3132382035255432,0.6387300491333008,4,False,0.6516473293304443,0.0
fore_aft,0.8,0,0.2922341227531433,2.8862226009368896,2.40753436088562,0.06554143130779266,0.2694653868675232,0.4010672867298126,4,False,0.64876389503479,0.0
fore_aft,0.8200000000000001,0,0.2910058796405792,2.921511650085449,2.1259913444519043,0.06301368027925491,0.2183646559715271,0.4019966721534729,4,False,0.6450947523117065,0.0
fore_aft,0.84,0,0.290190190076828,2.9753623008728027,1.8784438371658325,0.0613720566034317,0.17324595153331757,0.33370348811149597,3,False,0.6418327689170837,0.0
fore_aft,0.86,0,0.28955355286598206,3.044004440307617,1.818684458732605,0.06184760108590126,0.14460688829421997,0.3674269914627075,3,False,0.6391596794128418,0.0
fore_aft,0.88,0,0.28883546590805054,3.312553644180298,1.8895843029022217,0.06651125848293304,0.12197979539632797,0.49824079871177673,4,False,0.6372541785240173,0.0
fore_aft,0.9,0,0.28799349069595337,3.682892084121704,2.0249829292297363,0.07329098880290985,0.10719967633485794,0.5966742634773254,4,False,0.6357084512710571,0.0
fore_aft,0.92,0,0.2870040833950043,4.111421585083008,2.228123903274536,0.0815318152308464,0.09907879680395126,0.6501688957214355,4,False,0.6341698169708252,0.0
fore_aft,0.9400000000000001,0,0.2860121726989746,4.480398178100586,2.3646299839019775,0.0883132591843605,0.09218747913837433,0.6139127016067505,4,False,0.633004367351532,0.0
fore_aft,0.96,0,0.28502506017684937,4.817094802856445,2.4468142986297607,0.09417273849248886,0.08001109212636948,0.670143723487854,4,False,0.6322275400161743,0.0
fore_aft,0.98,0,0.2839823067188263,5.187215328216553,2.5719001293182373,0.10089987516403198,0.07173565030097961,0.6541913151741028,4,False,0.6316214203834534,0.0
fore_aft,1.0,0,0.28309738636016846,5.4969868659973145,2.6489601135253906,0.10632649809122086,0.06409653276205063,0.584662675857544,4,False,0.631420373916626,0.0
fore_aft,1.02,0,0.28235578536987305,5.763143539428711,2.7280197143554688,0.11109180003404617,0.056515637785196304,0.5525209903717041,4,False,0.6310980319976807,0.0
fore_aft,1.04,0,0.2817218601703644,5.992133140563965,2.821695327758789,0.11538156121969223,0.05116620287299156,0.5298620462417603,4,False,0.630325973033905,0.0
fore_aft,1.06,0,0.28126049041748047,6.170353412628174,2.895890474319458,0.11872881650924683,0.04616641625761986,0.5139777064323425,4,False,0.6297017335891724,0.0
fore_aft,1.08,0,0.28088659048080444,6.340861797332764,2.9809601306915283,0.12203308939933777,0.0389215461909771,0.5326971411705017,4,False,0.6292537450790405,0.0
fore_aft,1.1,0,0.28050634264945984,6.510199069976807,3.0716075897216797,0.12535861134529114,0.03418206423521042,0.5176573395729065,4,False,0.6288667917251587,0.0
fore_aft,1.12,0,0.28017324209213257,6.656422138214111,3.1286213397979736,0.12807400524616241,0.03052183799445629,0.5137871503829956,4,False,0.6287686228752136,0.0
fore_aft,1.1400000000000001,0,0.2798433303833008,6.7813849449157715,3.1798503398895264,0.13041242957115173,0.027572229504585266,0.4728299081325531,4,False,0.6284750699996948,0.0
fore_aft,1.16,0,0.27953746914863586,6.894997596740723,3.228201389312744,0.13255095481872559,0.024263273924589157,0.4589102566242218,4,False,0.6281087398529053,0.0
fore_aft,1.18,0,0.2793142795562744,6.973515510559082,3.261037826538086,0.13402444124221802,0.022878950461745262,0.4416787624359131,4,False,0.6276706457138062,0.0
fore_aft,1.2,0,0.27915051579475403,7.051206588745117,3.3008873462677,0.13553552329540253,0.01892198994755745,0.45302924513816833,4,False,0.627426266670227,0.0
fore_aft,1.22,0,0.27896779775619507,7.1370038986206055,3.355161190032959,0.1372785121202469,0.01585395634174347,0.45481282472610474,4,False,0.6271283626556396,0.0
fore_aft,1.24,0,0.2788172662258148,7.201083183288574,3.386536121368408,0.13851359486579895,0.014469044283032417,0.4455218017101288,4,False,0.6269533634185791,0.0
fore_aft,1.26,0,0.2786933183670044,7.262730598449707,3.4127120971679688,0.13967248797416687,0.011729128658771515,0.44505199790000916,4,False,0.6269426345825195,0.0
fore_aft,1.28,0,0.27853986620903015,7.327861785888672,3.4501843452453613,0.14096803963184357,0.00974742416292429,0.4300496280193329,4,False,0.6267384886741638,0.0
fore_aft,1.3,0,0.2784266471862793,7.372658729553223,3.468271255493164,0.14180314540863037,0.009685564786195755,0.4147542417049408,4,False,0.6265875697135925,0.0
fore_aft,1.32,0,0.278349906206131,7.4089813232421875,3.4877078533172607,0.1425148993730545,0.008410663343966007,0.4208366870880127,4,False,0.6264516115188599,0.0
fore_aft,1.34,0,0.2782907783985138,7.436820983886719,3.5092415809631348,0.14310862123966217,0.007757494691759348,0.41976651549339294,4,False,0.6262402534484863,0.0
fore_aft,1.36,0,0.2782558798789978,7.467060565948486,3.525916814804077,0.14370469748973846,0.004999103955924511,0.42424577474594116,4,False,0.6262797117233276,0.0
fore_aft,1.3800000000000001,0,0.2781809866428375,7.505041122436523,3.55277156829834,0.1444963961839676,0.0029004684183746576,0.41940149664878845,4,False,0.6261997222900391,0.0
fore_aft,1.4000000000000001,0,0.27812448143959045,7.52940034866333,3.562747001647949,0.14495126903057098,0.0036828182637691498,0.402677059173584,4,False,0.6261770129203796,0.0
fore_aft,1.42,0,0.2780885398387909,7.547074794769287,3.5713369846343994,0.14529117941856384,0.0035735205747187138,0.4034329950809479,4,False,0.6261394619941711,0.0
fore_aft,1.44,0,0.27805179357528687,7.567139625549316,3.58735990524292,0.14572277665138245,0.003982112277299166,0.4067171514034271,4,False,0.6260573267936707,0.0
fore_aft,1.46,0,0.27803725004196167,7.579383373260498,3.5958871841430664,0.14597705006599426,0.004479049239307642,0.40170150995254517,4,False,0.6260419487953186,0.0
fore_aft,1.48,0,0.2780301570892334,7.590620040893555,3.6057302951812744,0.14622512459754944,0.0037449770607054234,0.4061357080936432,4,False,0.626044511795044,0.0
fore_aft,1.5,0,0.2780179977416992,7.602210998535156,3.615999698638916,0.14648191630840302,0.0036183411721140146,0.40225911140441895,4,False,0.6260423064231873,0.0
fore_aft,1.52,0,0.2780138850212097,7.608668804168701,3.6200504302978516,0.1466127634048462,0.004161507356911898,0.39744073152542114,4,False,0.6260724663734436,0.0
fore_aft,1.54,0,0.27801379561424255,7.612821578979492,3.624086380004883,0.14670737087726593,0.004774544853717089,0.39634159207344055,4,False,0.6260894536972046,0.0
fore_aft,1.56,0,0.278019517660141,7.614147663116455,3.6275556087493896,0.14675357937812805,0.005607778672128916,0.3923785090446472,4,False,0.6260923147201538,0.0
fore_aft,1.58,0,0.27803757786750793,7.611983299255371,3.6290457248687744,0.14673058688640594,0.006304310169070959,0.39141008257865906,4,False,0.6261150240898132,0.0
fore_aft,1.6,0,0.27806028723716736,7.609431266784668,3.631960153579712,0.14671200513839722,0.006643147207796574,0.3927493095397949,4,False,0.6261512637138367,0.0
fore_aft,1.62,0,0.27808520197868347,7.606161594390869,3.6344149112701416,0.14667882025241852,0.0069273533299565315,0.391426682472229,4,False,0.6262063980102539,0.0
fore_aft,1.6400000000000001,0,0.2781139314174652,7.60116720199585,3.6351349353790283,0.14660592377185822,0.007306283805519342,0.39006543159484863,4,False,0.6262810230255127,0.0
fore_aft,1.6600000000000001,0,0.2781452238559723,7.5947370529174805,3.6352410316467285,0.14650607109069824,0.007766388822346926,0.38837677240371704,4,False,0.6263552904129028,0.0
fore_aft,1.68,0,0.27818137407302856,7.5858917236328125,3.634165048599243,0.14635971188545227,0.008318931795656681,0.3854948878288269,4,False,0.6264299154281616,0.0
fore_aft,1.7,0,0.27822521328926086,7.5744500160217285,3.63200306892395,0.14616473019123077,0.008905765600502491,0.38358360528945923,4,False,0.6265117526054382,0.0
fore_aft,1.72,0,0.2782745659351349,7.561736106872559,3.6300697326660156,0.14595156908035278,0.009422741830348969,0.3832184672355652,4,False,0.626598596572876,0.0
fore_aft,1.74,0,0.2783283293247223,7.547481536865234,3.6276845932006836,0.1457110047340393,0.009863010607659817,0.3821822702884674,4,False,0.6266961693763733,0.0
fore_aft,1.76,0,0.2783868610858917,7.531742095947266,3.624255418777466,0.1454395353794098,0.010297110304236412,0.3816974461078644,4,False,0.6268121004104614,0.0
fore_aft,1.78,0,0.2784480154514313,7.514962196350098,3.620368719100952,0.1451484113931656,0.010756912641227245,0.3792897164821625,4,False,0.626935601234436,0.0
fore_aft,1.8,0,0.2785138189792633,7.495914459228516,3.615324020385742,0.14481331408023834,0.011289598420262337,0.3764891028404236,4,False,0.6270635724067688,0.0
fore_aft,1.82,0,0.2785865068435669,7.474513530731201,3.609208822250366,0.14443352818489075,0.011891409754753113,0.37423035502433777,4,False,0.6272253394126892,0.0
fore_aft,1.84,0,0.278663694858551,7.450326442718506,3.6025209426879883,0.1440059393644333,0.012440184131264687,0.3723454773426056,4,False,0.627364993095398,0.0
fore_aft,1.86,0,0.27874454855918884,7.426863670349121,3.5961098670959473,0.1435917764902115,0.012949557974934578,0.3740338981151581,4,False,0.6275284290313721,0.0
fore_aft,1.8800000000000001,0,0.278829962015152,7.402760982513428,3.5902700424194336,0.14317189157009125,0.013470027595758438,0.3733747899532318,4,False,0.6277108788490295,0.0
fore_aft,1.9000000000000001,0,0.2789205312728882,7.3773579597473145,3.584158420562744,0.142729714512825,0.014020648784935474,0.372202068567276,4,False,0.6279124617576599,0.0
fore_aft,1.92,0,0.2790158987045288,7.349672317504883,3.5767853260040283,0.14224256575107574,0.014571281149983406,0.3695388436317444,4,False,0.6281526684761047,0.0
fore_aft,1.94,0,0.2791168987751007,7.318563938140869,3.5682852268218994,0.1416936069726944,0.015152955427765846,0.36608657240867615,4,False,0.6283606290817261,0.0
fore_aft,1.96,0,0.279226154088974,7.28645658493042,3.5588490962982178,0.14112211763858795,0.01575753465294838,0.36538153886795044,4,False,0.6285925507545471,0.0
fore_aft,1.98,0,0.27934029698371887,7.252607822418213,3.549915313720703,0.14052729308605194,0.0163941141217947,0.36465170979499817,4,False,0.6288267970085144,0.0
fore_aft,2.0,0,0.27946043014526367,7.217118263244629,3.539898633956909,0.13989880681037903,0.017007889226078987,0.36219483613967896,4,False,0.6291022300720215,0.0
fore_aft,2.02,0,0.2795853018760681,7.1777215003967285,3.5283267498016357,0.13919779658317566,0.017603879794478416,0.3587020933628082,4,False,0.6293538808822632,0.0
fore_aft,2.04,0,0.2797161340713501,7.133315563201904,3.515374183654785,0.13840840756893158,0.017897803336381912,0.3293344974517822,4,False,0.6295219659805298,0.0
fore_aft,2.06,0,0.27987706661224365,7.085752487182617,3.4958178997039795,0.13752000033855438,0.018937474116683006,0.358295738697052,4,False,0.6299678683280945,0.0
fore_aft,2.08,0,0.2800152599811554,7.04760217666626,3.489574432373047,0.13687890768051147,0.019605401903390884,0.3630262017250061,4,False,0.6303101778030396,0.0
fore_aft,2.1,0,0.2801497280597687,7.002176284790039,3.4758524894714355,0.13606806099414825,0.020052239298820496,0.3445052206516266,4,False,0.6305727362632751,0.0
fore_aft,2.12,0,0.28031811118125916,6.947118282318115,3.4534854888916016,0.13504168391227722,0.02114640176296234,0.3458899259567261,4,False,0.6309199333190918,0.0
fore_aft,2.14,0,0.2804797291755676,6.896852016448975,3.4413001537323,0.13416741788387299,0.021991729736328125,0.35113877058029175,4,False,0.6312513947486877,0.0
fore_aft,2.16,0,0.2806534171104431,6.837440490722656,3.4219443798065186,0.13309642672538757,0.022495437413454056,0.34127840399742126,4,False,0.6315703988075256,0.0
fore_aft,2.18,0,0.28085410594940186,6.778416156768799,3.4000589847564697,0.13201212882995605,0.023457538336515427,0.35086289048194885,4,False,0.6321048140525818,0.0
fore_aft,2.2,0,0.28101861476898193,6.728226661682129,3.3916778564453125,0.1311688870191574,0.024039117619395256,0.34363847970962524,4,False,0.6324532628059387,0.0
fore_aft,2.22,0,0.28120312094688416,6.665128231048584,3.3668878078460693,0.12999913096427917,0.02474214881658554,0.33042407035827637,4,False,0.6328810453414917,0.0
fore_aft,2.24,0,0.28140872716903687,6.591925144195557,3.342885971069336,0.12867888808250427,0.02576807141304016,0.3202996850013733,4,False,0.63326495885849,0.0
fore_aft,2.2600000000000002,0,0.2816302478313446,6.523452281951904,3.319061756134033,0.1274334043264389,0.026752039790153503,0.3318464756011963,4,False,0.6337923407554626,0.0
fore_aft,2.2800000000000002,0,0.2818472981452942,6.456711292266846,3.2994627952575684,0.12624777853488922,0.027623921632766724,0.3308059573173523,4,False,0.6343231797218323,0.0
fore_aft,2.3000000000000003,0,0.2820580303668976,6.385866165161133,3.27848219871521,0.12498818337917328,0.028393376618623734,0.32436683773994446,4,False,0.6347976326942444,0.0
fore_aft,2.32,0,0.2822888493537903,6.304054260253906,3.249681234359741,0.12349800765514374,0.0295881200581789,0.32697439193725586,4,False,0.635320782661438,0.0
fore_aft,2.34,0,0.2825469672679901,6.223987579345703,3.2193703651428223,0.12202297896146774,0.030368028208613396,0.3201907277107239,4,False,0.6359705924987793,0.0
fore_aft,2.36,0,0.2827779948711395,6.148197650909424,3.2000961303710938,0.12070142477750778,0.03145034611225128,0.31920260190963745,4,False,0.6365505456924438,0.0
fore_aft,2.38,0,0.28302201628685,6.058540344238281,3.1699745655059814,0.11908052116632462,0.0320935919880867,0.29101672768592834,4,False,0.6370458006858826,0.0
fore_aft,2.4,0,0.28330397605895996,5.962794303894043,3.128267765045166,0.11727360635995865,0.033476535230875015,0.30729052424430847,4,False,0.6378533244132996,0.0
fore_aft,2.42,0,0.28355661034584045,5.877033710479736,3.1034557819366455,0.11575562506914139,0.03485914692282677,0.3135381042957306,4,False,0.6385106444358826,0.0
fore_aft,2.44,0,0.2838115692138672,5.780018329620361,3.0707695484161377,0.11400194466114044,0.03542912378907204,0.26834073662757874,4,False,0.6391015648841858,0.0
fore_aft,2.46,0,0.2841174006462097,5.674592018127441,3.022512912750244,0.1119934692978859,0.036770328879356384,0.2924983501434326,4,False,0.640098512172699,0.0
fore_aft,2.48,0,0.28438007831573486,5.585291862487793,2.9970178604125977,0.11041706800460815,0.03860984370112419,0.2989368140697479,4,False,0.6409310102462769,0.0
fore_aft,2.5,0,0.2846476137638092,5.4786376953125,2.960421562194824,0.10848506540060043,0.0392812080681324,0.2837514579296112,4,False,0.6417030692100525,0.0
fore_aft,2.52,0,0.28498655557632446,5.363350868225098,2.908167600631714,0.10629289597272873,0.04099912941455841,0.28472572565078735,4,False,0.6427867412567139,0.0
fore_aft,2.54,0,0.28529855608940125,5.26152229309082,2.8866965770721436,0.10456064343452454,0.043097544461488724,0.3067927658557892,4,False,0.6436944007873535,0.0
fore_aft,2.56,0,0.2856486141681671,5.1365790367126465,2.8427817821502686,0.10229132324457169,0.04298291355371475,0.2624911665916443,4,False,0.644687294960022,0.0
fore_aft,2.58,0,0.2860274612903595,5.015161991119385,2.801774740219116,0.10010111331939697,0.045118462294340134,0.28272750973701477,4,False,0.645845890045166,0.0
fore_aft,2.6,0,0.2863786816596985,4.893208026885986,2.7766339778900146,0.09803911298513412,0.0456894114613533,0.26139330863952637,4,False,0.6468358039855957,0.0
fore_aft,2.62,0,0.2867863178253174,4.754439830780029,2.7205841541290283,0.09546150267124176,0.04651189595460892,0.25246986746788025,4,False,0.6480794548988342,0.0
fore_aft,2.64,0,0.2871609330177307,4.619471549987793,2.6814286708831787,0.09308833628892899,0.0477178655564785,0.22536610066890717,4,False,0.6490595936775208,0.0
fore_aft,2.66,0,0.28754758834838867,4.475570201873779,2.627918004989624,0.09045855700969696,0.04864387959241867,0.24287500977516174,4,False,0.6503123044967651,0.0
fore_aft,2.68,0,0.2879389524459839,4.326528549194336,2.5741348266601562,0.0877513587474823,0.0496506504714489,0.21128948032855988,4,False,0.6515186429023743,0.0
fore_aft,2.7,0,0.2883215844631195,4.180968761444092,2.5189974308013916,0.08508656173944473,0.051060158759355545,0.2381678968667984,4,False,0.6528851389884949,0.0
fore_aft,2.72,0,0.2887011170387268,4.029890060424805,2.4620189666748047,0.08232539892196655,0.051929280161857605,0.20888301730155945,4,False,0.6541627645492554,0.0
fore_aft,2.74,0,0.28909364342689514,3.8733015060424805,2.400667905807495,0.07944556325674057,0.053037043660879135,0.22198458015918732,4,False,0.6555384397506714,0.0
fore_aft,2.7600000000000002,0,0.28949180245399475,3.7135040760040283,2.3422250747680664,0.07654834538698196,0.0541452057659626,0.20010893046855927,4,False,0.6569408774375916,0.0
fore_aft,2.7800000000000002,0,0.2898939549922943,3.552337884902954,2.2781527042388916,0.07358281314373016,0.05537990480661392,0.21504075825214386,4,False,0.6585325002670288,0.0
fore_aft,2.8000000000000003,0,0.29029327630996704,3.3874053955078125,2.216891050338745,0.07059306651353836,0.05642327666282654,0.21277488768100739,4,False,0.6601364016532898,0.0
fore_aft,2.82,0,0.2906894087791443,3.221501350402832,2.145115852355957,0.06749384850263596,0.05436287447810173,0.19566690921783447,4,False,0.6617565155029297,0.0
fore_aft,2.84,0,0.29074108600616455,3.0255393981933594,1.9892473220825195,0.06315091997385025,0.032953329384326935,0.23479880392551422,4,False,0.6614157557487488,0.0
fore_aft,2.86,0,0.29051128029823303,2.8556809425354004,1.7922441959381104,0.05880790576338768,0.023734167218208313,0.24049949645996094,4,False,0.6602373719215393,0.0
fore_aft,2.88,0,0.2904115915298462,2.7708213329315186,1.6639262437820435,0.0563790425658226,0.02511516958475113,0.258399099111557,4,False,0.6605647802352905,0.0
fore_aft,2.9,0,0.2902986407279968,2.712999105453491,1.5885246992111206,0.05484269559383392,0.016371119767427444,0.23537200689315796,4,False,0.6605730652809143,0.0
fore_aft,2.92,0,0.2902369499206543,2.647021532058716,1.5184526443481445,0.053235892206430435,0.011600011959671974,0.23805589973926544,4,False,0.6602341532707214,0.0
fore_aft,2.94,0,0.29033079743385315,2.5907516479492188,1.4839746952056885,0.05208621174097061,0.014583290554583073,0.25700676441192627,4,False,0.6602349877357483,0.0
fore_aft,2.96,0,0.29040321707725525,2.5599629878997803,1.4854925870895386,0.0516342855989933,0.00941658578813076,0.27509015798568726,4,False,0.6600686311721802,0.0
fore_aft,2.98,0,0.2904200553894043,2.5433123111724854,1.4752146005630493,0.051293354481458664,0.004263218957930803,0.2709117531776428,4,False,0.6599257588386536,0.0
fore_aft,3.0,0,0.2904042601585388,2.5445384979248047,1.4641361236572266,0.05121540278196335,0.007380603812634945,0.29043978452682495,4,False,0.6599872708320618,0.0
fore_aft,3.02,0,0.29036539793014526,2.5538723468780518,1.4627195596694946,0.05134428292512894,0.004525803029537201,0.29477041959762573,4,False,0.6599724888801575,0.0
fore_aft,3.04,0,0.2903783917427063,2.5582621097564697,1.4692384004592896,0.05146713927388191,0.005271956790238619,0.2893243730068207,4,False,0.6599395871162415,0.0
fore_aft,3.06,0,0.2904506325721741,2.554935932159424,1.4843558073043823,0.051548540592193604,0.009147243574261665,0.2853310704231262,4,False,0.6599259972572327,0.0
fore_aft,3.08,0,0.29052042961120605,2.549048662185669,1.5016289949417114,0.0516117624938488,0.007708590943366289,0.28985944390296936,4,False,0.659825325012207,0.0
fore_aft,3.1,0,0.29055213928222656,2.55119252204895,1.5134865045547485,0.05174897611141205,0.0035138404928147793,0.29711833596229553,4,False,0.6597900986671448,0.0
fore_aft,3.12,0,0.29054051637649536,2.5603086948394775,1.5151017904281616,0.05190007761120796,0.0046377284452319145,0.3004233241081238,4,False,0.6598344445228577,0.0
fore_aft,3.14,0,0.2905074656009674,2.5717830657958984,1.514026403427124,0.05206286534667015,0.003659298177808523,0.30007368326187134,4,False,0.6598562598228455,0.0
fore_aft,3.16,0,0.2905001640319824,2.5779683589935303,1.5174599885940552,0.05218613147735596,0.0037685739807784557,0.2949378788471222,4,False,0.65985107421875,0.0
fore_aft,3.18,0,0.2905338704586029,2.576601266860962,1.5256357192993164,0.05223795026540756,0.007083707954734564,0.2892337441444397,4,False,0.6598419547080994,0.0
fore_aft,3.2,0,0.2905769348144531,2.5714237689971924,1.534732460975647,0.052241262048482895,0.006542331539094448,0.2898700535297394,4,False,0.6598113179206848,0.0
fore_aft,3.22,0,0.2905910611152649,2.5706238746643066,1.5394618511199951,0.052271537482738495,0.003431787481531501,0.29488930106163025,4,False,0.659787118434906,0.0
fore_aft,3.24,0,0.29057446122169495,2.5745327472686768,1.5364785194396973,0.05230339244008064,0.0033800271339714527,0.2976963222026825,4,False,0.6598097085952759,0.0
fore_aft,3.2600000000000002,0,0.2905464768409729,2.5812151432037354,1.532846450805664,0.05237117037177086,0.003152857068926096,0.29820582270622253,4,False,0.6598411798477173,0.0
fore_aft,3.2800000000000002,0,0.2905355393886566,2.584195375442505,1.5324373245239258,0.05241222307085991,0.003781926119700074,0.2924386262893677,4,False,0.6598467230796814,0.0
fore_aft,3.3000000000000003,0,0.2905524671077728,2.5815134048461914,1.5352182388305664,0.052396729588508606,0.0060355886816978455,0.28890687227249146,4,False,0.6598346829414368,0.0
fore_aft,3.3200000000000003,0,0.29057776927948,2.5774145126342773,1.5401322841644287,0.05237914249300957,0.005735435523092747,0.2910296618938446,4,False,0.6598173379898071,0.0
fore_aft,3.34,0,0.2905850112438202,2.5757522583007812,1.5414577722549438,0.05236610397696495,0.0036251693964004517,0.29319044947624207,4,False,0.6598063111305237,0.0
fore_aft,3.36,0,0.2905704975128174,2.5776431560516357,1.5379772186279297,0.0523633249104023,0.003127622650936246,0.2963505685329437,4,False,0.6598236560821533,0.0
fore_aft,3.38,0,0.29054829478263855,2.5816147327423096,1.534327745437622,0.05239032953977585,0.003020606469362974,0.29532548785209656,4,False,0.6598417162895203,0.0
fore_aft,3.4,0,0.2905408442020416,2.5831804275512695,1.5332223176956177,0.052403975278139114,0.0038170660845935345,0.2932068407535553,4,False,0.6598466634750366,0.0
fore_aft,3.42,0,0.2905539274215698,2.581007242202759,1.5354454517364502,0.052391164004802704,0.005322013981640339,0.2902812659740448,4,False,0.6598399877548218,0.0
fore_aft,3.44,0,0.29057157039642334,2.577871561050415,1.5387693643569946,0.05237381160259247,0.005027881823480129,0.29135286808013916,4,False,0.6598208546638489,0.0
fore_aft,3.46,0,0.2905769944190979,2.5766539573669434,1.5396279096603394,0.05236325040459633,0.003618306014686823,0.2932053208351135,4,False,0.6598142981529236,0.0
fore_aft,3.48,0,0.2905667722225189,2.578429698944092,1.537636399269104,0.05237206816673279,0.0030783459078520536,0.2949641942977905,4,False,0.6598267555236816,0.0
fore_aft,3.5,0,0.2905513048171997,2.581305742263794,1.535080909729004,0.052392397075891495,0.00307926326058805,0.29450175166130066,4,False,0.6598390340805054,0.0
fore_aft,3.52,0,0.29054683446884155,2.5823967456817627,1.5344783067703247,0.052403390407562256,0.003882040735334158,0.2927000820636749,4,False,0.659844696521759,0.0
fore_aft,3.54,0,0.2905564308166504,2.5806751251220703,1.53605318069458,0.052391599863767624,0.004848507232964039,0.2909315526485443,4,False,0.6598356366157532,0.0
fore_aft,3.56,0,0.2905689775943756,2.5783309936523438,1.5383459329605103,0.052376918494701385,0.004577395040541887,0.2917008101940155,4,False,0.6598223447799683,0.0
fore_aft,3.58,0,0.29057222604751587,2.577777147293091,1.5388528108596802,0.052373144775629044,0.003589462023228407,0.2933742105960846,4,False,0.6598217487335205,0.0
fore_aft,3.6,0,0.29056376218795776,2.5792860984802246,1.5372893810272217,0.05238180607557297,0.003151543205603957,0.2953278124332428,4,False,0.659829318523407,0.0
fore_aft,3.62,0,0.29055285453796387,2.5810980796813965,1.5354310274124146,0.05239240080118179,0.0032503961119800806,0.29479140043258667,4,False,0.6598376631736755,0.0
fore_aft,3.64,0,0.29055050015449524,2.5817959308624268,1.5350431203842163,0.0523994006216526,0.0038733913097530603,0.29247209429740906,4,False,0.6598420739173889,0.0
fore_aft,3.66,0,0.2905574142932892,2.5806238651275635,1.536478877067566,0.052394621074199677,0.004501932766288519,0.2908768951892853,4,False,0.6598334908485413,0.0
fore_aft,3.68,0,0.2905665338039398,2.5786993503570557,1.5379728078842163,0.052379101514816284,0.00429673632606864,0.29166775941848755,4,False,0.6598265171051025,0.0
fore_aft,3.7,0,0.2905685603618622,2.578275680541992,1.538151502609253,0.052374355494976044,0.0035801439080387354,0.2935478985309601,4,False,0.659825325012207,0.0
fore_aft,3.72,0,0.2905617356300354,2.5793399810791016,1.5369371175765991,0.05237947031855583,0.003238093573600054,0.29388946294784546,4,False,0.6598305702209473,0.0
fore_aft,3.74,0,0.29055413603782654,2.5807573795318604,1.5355260372161865,0.05238813906908035,0.0033621550537645817,0.2938389182090759,4,False,0.6598358154296875,0.0
fore_aft,3.7600000000000002,0,0.29055318236351013,2.581164598464966,1.5355687141418457,0.05239461734890938,0.0038994774222373962,0.29275885224342346,4,False,0.6598383784294128,0.0
fore_aft,3.7800000000000002,0,0.2905588150024414,2.5801076889038086,1.5365064144134521,0.05238712951540947,0.004296545870602131,0.29203224182128906,4,False,0.6598324179649353,0.0
fore_aft,3.8000000000000003,0,0.29056501388549805,2.5789077281951904,1.5375720262527466,0.05237865820527077,0.004098011180758476,0.29212528467178345,4,False,0.6598258018493652,0.0
fore_aft,3.8200000000000003,0,0.29056602716445923,2.5787429809570312,1.5377720594406128,0.05237796530127525,0.0036149562802165747,0.293698787689209,4,False,0.6598262190818787,0.0
fore_aft,3.84,0,0.2905612587928772,2.5795586109161377,1.5366718769073486,0.05238037928938866,0.003348405472934246,0.29455676674842834,4,False,0.6598328948020935,0.0
fore_aft,3.86,0,0.29055553674697876,2.5804169178009033,1.53581702709198,0.05238562822341919,0.0034593255259096622,0.29294684529304504,4,False,0.6598343849182129,0.0
fore_aft,3.88,0,0.29055532813072205,2.5805561542510986,1.5357354879379272,0.05238698795437813,0.0038758900482207537,0.2927473783493042,4,False,0.659835159778595,0.0
fore_aft,3.9,0,0.2905597984790802,2.5799262523651123,1.5366551876068115,0.05238573998212814,0.004106387495994568,0.291896253824234,4,False,0.6598343849182129,0.0
fore_aft,3.92,0,0.2905636131763458,2.579174757003784,1.5373448133468628,0.052380628883838654,0.0039401305839419365,0.2927277982234955,4,False,0.6598271131515503,0.0
fore_aft,3.94,0,0.29056406021118164,2.5789897441864014,1.5372791290283203,0.05237727612257004,0.0036197835579514503,0.29311129450798035,4,False,0.6598279476165771,0.0
fore_aft,3.96,0,0.2905607521533966,2.5796804428100586,1.5368187427520752,0.05238351225852966,0.003449904965236783,0.29376089572906494,4,False,0.6598333120346069,0.0
fore_aft,3.98,0,0.2905566692352295,2.580308675765991,1.5360697507858276,0.05238625779747963,0.003515532473102212,0.29245802760124207,4,False,0.659834086894989,0.0
fore_aft,4.0,0,0.2905566990375519,2.58052134513855,1.536121129989624,0.05238989740610123,0.0038374036084860563,0.29259493947029114,4,False,0.6598359942436218,0.0
fore_aft,4.0200000000000005,0,0.29055964946746826,2.580082893371582,1.5366874933242798,0.052388377487659454,0.003982489462941885,0.29247695207595825,4,False,0.6598342657089233,0.0
fore_aft,4.04,0,0.29056239128112793,2.579308271408081,1.5370514392852783,0.05238001048564911,0.003879441414028406,0.2923029661178589,4,False,0.659828245639801,0.0
fore_aft,4.0600000000000005,0,0.29056316614151,2.5792932510375977,1.5372414588928223,0.0523814857006073,0.003683999180793762,0.29325994849205017,4,False,0.6598283648490906,0.0
fore_aft,4.08,0,0.2905609607696533,2.57962703704834,1.536882996559143,0.052383288741111755,0.003501216182485223,0.29263216257095337,4,False,0.6598322987556458,0.0
fore_aft,4.1,0,0.2905581295490265,2.5801594257354736,1.5362780094146729,0.05238587409257889,0.003575247246772051,0.2937832176685333,4,False,0.659832775592804,0.0
fore_aft,4.12,0,0.29055771231651306,2.5801949501037598,1.5362796783447266,0.05238642171025276,0.0037462899927049875,0.2926413416862488,4,False,0.6598349213600159,0.0
fore_aft,4.14,0,0.29055923223495483,2.5798346996307373,1.5364049673080444,0.05238214507699013,0.0038488104473799467,0.29246705770492554,4,False,0.6598333120346069,0.0
fore_aft,4.16,0,0.2905609905719757,2.579716444015503,1.5369220972061157,0.05238497629761696,0.003842423902824521,0.29313117265701294,4,False,0.6598299741744995,0.0
fore_aft,4.18,0,0.2905619144439697,2.5794825553894043,1.5370415449142456,0.05238253250718117,0.003713873215019703,0.29279571771621704,4,False,0.6598311066627502,0.0
fore_aft,4.2,0,0.2905610203742981,2.5796937942504883,1.5367810726165771,0.05238337442278862,0.0036181113682687283,0.2937720715999603,4,False,0.6598320603370667,0.0
fore_aft,4.22,0,0.2905592918395996,2.580157518386841,1.5367265939712524,0.05238984525203705,0.0036249163094908,0.2935448884963989,4,False,0.6598334312438965,0.0
fore_aft,4.24,0,0.290558397769928,2.5802557468414307,1.5366522073745728,0.052390649914741516,0.003708308096975088,0.29254454374313354,4,False,0.6598327159881592,0.0
fore_aft,4.26,0,0.2905596196651459,2.580031633377075,1.5366207361221313,0.05238701030611992,0.0038279981818050146,0.2929985225200653,4,False,0.6598344445228577,0.0
fore_aft,4.28,0,0.2905607521533966,2.5798871517181396,1.5370509624481201,0.05238867923617363,0.0038157787639647722,0.2926766276359558,4,False,0.6598311066627502,0.0
fore_aft,4.3,0,0.2905614972114563,2.5795459747314453,1.5368759632110596,0.05238201096653938,0.003746798960492015,0.29317963123321533,4,False,0.6598309278488159,0.0
fore_aft,4.32,0,0.29056107997894287,2.5796070098876953,1.536615014076233,0.052380602806806564,0.0036573258694261312,0.2933034896850586,4,False,0.6598296761512756,0.0
fore_aft,4.34,0,0.2905597686767578,2.5799999237060547,1.536759614944458,0.0523877777159214,0.0036601428873836994,0.2938096225261688,4,False,0.6598320603370667,0.0
fore_aft,4.36,0,0.29055923223495483,2.579883575439453,1.5364298820495605,0.052383095026016235,0.0037178804632276297,0.2930051386356354,4,False,0.6598325371742249,0.0
fore_aft,4.38,0,0.2905596196651459,2.5798230171203613,1.5365426540374756,0.052383195608854294,0.003773618256673217,0.29262083768844604,4,False,0.6598325371742249,0.0
fore_aft,4.4,0,0.2905605435371399,2.5796561241149902,1.536676287651062,0.05238187685608864,0.003789263777434826,0.29271581768989563,4,False,0.6598302721977234,0.0
fore_aft,4.42,0,0.2905612885951996,2.5793838500976562,1.536561131477356,0.052376776933670044,0.0037335725501179695,0.2924373745918274,4,False,0.6598319411277771,0.0
fore_aft,4.44,0,0.2905605733394623,2.579350709915161,1.5364463329315186,0.05237526074051857,0.003663737326860428,0.2925461530685425,4,False,0.6598291993141174,0.0
fore_aft,4.46,0,0.290560245513916,2.5796995162963867,1.5365962982177734,0.05238182097673416,0.003710429649800062,0.2934267222881317,4,False,0.6598303914070129,0.0
fore_aft,4.48,0,0.2905600666999817,2.580000638961792,1.536684274673462,0.05238711088895798,0.0036954290699213743,0.2929324507713318,4,False,0.6598353385925293,0.0
fore_aft,4.5,0,0.2905596196651459,2.579840898513794,1.536612629890442,0.052384085953235626,0.0037343718577176332,0.2924116253852844,4,False,0.6598286032676697,0.0
fore_aft,4.5200000000000005,0,0.29056069254875183,2.579667091369629,1.536675214767456,0.052382033318281174,0.0037777447141706944,0.29275938868522644,4,False,0.6598330140113831,0.0
fore_aft,4.54,0,0.2905610203742981,2.579608201980591,1.5368176698684692,0.05238242447376251,0.003710287855938077,0.2924596667289734,4,False,0.659830629825592,0.0
fore_aft,4.5600000000000005,0,0.29056066274642944,2.579775094985962,1.5368316173553467,0.05238505080342293,0.0036880536936223507,0.2933397889137268,4,False,0.6598309874534607,0.0
fore_aft,4.58,0,0.29055991768836975,2.579843044281006,1.5366568565368652,0.05238451063632965,0.0036630393005907536,0.2929794490337372,4,False,0.6598314642906189,0.0
fore_aft,4.6000000000000005,0,0.2905596196651459,2.5801258087158203,1.5367698669433594,0.052389755845069885,0.0037373933009803295,0.2935793995857239,4,False,0.6598319411277771,0.0
fore_aft,4.62,0,0.29055994749069214,2.5802395343780518,1.5369386672973633,0.05239296332001686,0.0037544425576925278,0.2925083637237549,4,False,0.659832775592804,0.0
fore_aft,4.64,0,0.2905603051185608,2.5799553394317627,1.536939024925232,0.05238870531320572,0.0037604772951453924,0.29271572828292847,4,False,0.6598327159881592,0.0
fore_aft,4.66,0,0.29056060314178467,2.579761505126953,1.5367087125778198,0.052383750677108765,0.003717321204021573,0.2927619218826294,4,False,0.6598327159881592,0.0
fore_aft,4.68,0,0.29056012630462646,2.5798497200012207,1.536780834197998,0.052385710179805756,0.0037174089811742306,0.29330727458000183,4,False,0.6598311066627502,0.0
fore_aft,4.7,0,0.290560245513916,2.579998731613159,1.5368516445159912,0.05238857865333557,0.0037551927380263805,0.2931821942329407,4,False,0.6598312854766846,0.0
fore_aft,4.72,0,0.2905605137348175,2.5800209045410156,1.536922574043274,0.052389539778232574,0.003739595413208008,0.29319238662719727,4,False,0.6598331332206726,0.0
fore_aft,4.74,0,0.2905603051185608,2.579841375350952,1.5368717908859253,0.05238639935851097,0.0037314945366233587,0.2929030954837799,4,False,0.6598309278488159,0.0
fore_aft,4.76,0,0.2905605435371399,2.5797388553619385,1.536726474761963,0.05238356813788414,0.0037434129044413567,0.29260358214378357,4,False,0.6598317623138428,0.0
fore_aft,4.78,0,0.2905605137348175,2.5796921253204346,1.5367307662963867,0.052382905036211014,0.003718114225193858,0.2925393879413605,4,False,0.6598320007324219,0.0
fore_aft,4.8,0,0.2905603051185608,2.579883098602295,1.5367664098739624,0.0523860864341259,0.0037226430140435696,0.29270294308662415,4,False,0.6598324775695801,0.0
fore_aft,4.82,0,0.2905602753162384,2.5797119140625,1.5365407466888428,0.05238151550292969,0.0037258805241435766,0.2933357059955597,4,False,0.6598315238952637,0.0
fore_aft,4.84,0,0.2905603051185608,2.579711437225342,1.5365952253341675,0.05238198861479759,0.003733046120032668,0.2926786243915558,4,False,0.6598314046859741,0.0
fore_aft,4.86,0,0.29056036472320557,2.5796194076538086,1.536587119102478,0.05238053947687149,0.003728593699634075,0.2927057445049286,4,False,0.6598314046859741,0.0
fore_aft,4.88,0,0.2905605137348175,2.5795929431915283,1.5366132259368896,0.05238037183880806,0.0037294120993465185,0.2927660048007965,4,False,0.6598312258720398,0.0
fore_aft,4.9,0,0.2905604839324951,2.5796852111816406,1.5367774963378906,0.05238322168588638,0.003712903941050172,0.29295986890792847,4,False,0.6598316431045532,0.0
fore_aft,4.92,0,0.2905602753162384,2.5797598361968994,1.5366923809051514,0.052383579313755035,0.0037039914168417454,0.29327958822250366,4,False,0.6598325371742249,0.0
fore_aft,4.94,0,0.29055991768836975,2.5799052715301514,1.5366929769515991,0.052385758608579636,0.003705832874402404,0.29318252205848694,4,False,0.6598324179649353,0.0
fore_aft,4.96,0,0.2905597388744354,2.579969644546509,1.5367637872695923,0.052387356758117676,0.0037390056531876326,0.292846143245697,4,False,0.6598316431045532,0.0
fore_aft,4.98,0,0.290560245513916,2.5798561573028564,1.536771535873413,0.05238572880625725,0.0037448580842465162,0.2929121255874634,4,False,0.6598324775695801,0.0
fore_aft,5.0,0,0.29056012630462646,2.5798819065093994,1.5368735790252686,0.052387021481990814,0.003721243003383279,0.29233232140541077,4,False,0.6598328351974487,0.0
fore_aft,5.0200000000000005,0,0.290560245513916,2.579869508743286,1.5367670059204102,0.05238588899374008,0.003743978915736079,0.2928532660007477,4,False,0.6598316431045532,0.0
fore_aft,5.04,0,0.2905605435371399,2.5797317028045654,1.5367214679718018,0.0523834154009819,0.003726481692865491,0.29306280612945557,4,False,0.6598325967788696,0.0
fore_aft,5.0600000000000005,0,0.29056015610694885,2.579768657684326,1.5367060899734497,0.05238383635878563,0.00369622022844851,0.2926107943058014,4,False,0.659832239151001,0.0
fore_aft,5.08,0,0.2905600070953369,2.5797839164733887,1.5366824865341187,0.05238385125994682,0.0037192676682025194,0.29304543137550354,4,False,0.6598314046859741,0.0
fore_aft,5.1000000000000005,0,0.2905600965023041,2.579932451248169,1.5367366075515747,0.052386555820703506,0.003729454940184951,0.2929866313934326,4,False,0.659832775592804,0.0
fore_aft,5.12,0,0.2905600368976593,2.5798897743225098,1.5367926359176636,0.05238642171025276,0.0037287070881575346,0.29249924421310425,4,False,0.6598310470581055,0.0
fore_aft,5.14,0,0.29056021571159363,2.579911470413208,1.536858081817627,0.05238732695579529,0.0037405011244118214,0.29296839237213135,4,False,0.6598322987556458,0.0
fore_aft,5.16,0,0.2905603051185608,2.579908847808838,1.5368810892105103,0.05238749459385872,0.0037485978100448847,0.29326096177101135,4,False,0.6598304510116577,0.0
fore_aft,5.18,0,0.2905604839324951,2.5798354148864746,1.5368120670318604,0.052385780960321426,0.0037257326766848564,0.292565256357193,4,False,0.6598314642906189,0.0
fore_aft,5.2,0,0.2905603051185608,2.579833745956421,1.5368403196334839,0.052386004477739334,0.0037316828966140747,0.2931348979473114,4,False,0.6598312258720398,0.0
fore_aft,5.22,0,0.29056036472320557,2.5799999237060547,1.5368324518203735,0.052388422191143036,0.0037506455555558205,0.2931436598300934,4,False,0.6598316431045532,0.0
fore_aft,5.24,0,0.29056042432785034,2.579846143722534,1.5368508100509644,0.05238628387451172,0.003741918131709099,0.29279080033302307,4,False,0.6598312258720398,0.0
fore_aft,5.26,0,0.2905605137348175,2.579880475997925,1.5368181467056274,0.05238650366663933,0.003736271522939205,0.29264968633651733,4,False,0.6598337292671204,0.0
fore_aft,5.28,0,0.2905605435371399,2.5796761512756348,1.5367395877838135,0.05238274484872818,0.0037292146589607,0.29253852367401123,4,False,0.6598312258720398,0.0
fore_aft,5.3,0,0.2905603349208832,2.5797364711761475,1.5367372035980225,0.052383627742528915,0.0037146280519664288,0.29272767901420593,4,False,0.6598315238952637,0.0
fore_aft,5.32,0,0.2905603051185608,2.5798165798187256,1.5367242097854614,0.052384719252586365,0.0037227722350507975,0.29312366247177124,4,False,0.6598314642906189,0.0
fore_aft,5.34,0,0.2905603051185608,2.5797853469848633,1.5366718769073486,0.052383776754140854,0.0037244786508381367,0.29311421513557434,4,False,0.6598318815231323,0.0
fore_aft,5.36,0,0.2905600368976593,2.579890727996826,1.5367069244384766,0.05238566920161247,0.003718549618497491,0.2932504713535309,4,False,0.6598320603370667,0.0
fore_aft,5.38,0,0.29055994749069214,2.579751968383789,1.5366463661193848,0.052383050322532654,0.0037208611611276865,0.29292598366737366,4,False,0.6598310470581055,0.0
fore_aft,5.4,0,0.29055988788604736,2.579782485961914,1.5365443229675293,0.05238259583711624,0.003713734447956085,0.2928280532360077,4,False,0.6598321199417114,0.0
fore_aft,5.42,0,0.29055964946746826,2.5797295570373535,1.5364614725112915,0.05238106846809387,0.0037151076830923557,0.29277002811431885,4,False,0.6598324179649353,0.0
fore_aft,5.44,0,0.2905595600605011,2.5797269344329834,1.5364583730697632,0.0523810014128685,0.003742785193026066,0.2934662103652954,4,False,0.6598302721977234,0.0
fore_aft,5.46,0,0.2905600965023041,2.5796825885772705,1.5365135669708252,0.05238082632422447,0.0037607087288051844,0.29307299852371216,4,False,0.6598329544067383,0.0
fore_aft,5.48,0,0.290560245513916,2.5796399116516113,1.5365874767303467,0.05238084867596626,0.003732836339622736,0.2928275465965271,4,False,0.6598324179649353,0.0
fore_aft,5.5,0,0.2905603349208832,2.57959246635437,1.5365724563598633,0.05238000303506851,0.0037305799778550863,0.2928662896156311,4,False,0.6598290801048279,0.0
fore_aft,5.5200000000000005,0,0.29056045413017273,2.579674005508423,1.5365949869155884,0.052381426095962524,0.0036912725772708654,0.292776495218277,4,False,0.6598321795463562,0.0
fore_aft,5.54,0,0.29055991768836975,2.5799577236175537,1.5367060899734497,0.05238667130470276,0.0037068964447826147,0.29316264390945435,4,False,0.6598311066627502,0.0
fore_aft,5.5600000000000005,0,0.29056015610694885,2.5800697803497314,1.5368585586547852,0.05238970369100571,0.0037495214492082596,0.293197363615036,4,False,0.6598326563835144,0.0
fore_aft,5.58,0,0.2905603349208832,2.5800869464874268,1.536871075630188,0.052390072494745255,0.003741330001503229,0.2929213345050812,4,False,0.6598322987556458,0.0
fore_aft,5.6000000000000005,0,0.2905602753162384,2.579932928085327,1.536864995956421,0.05238771438598633,0.003745444817468524,0.2924652099609375,4,False,0.6598312258720398,0.0
fore_aft,5.62,0,0.2905605733394623,2.5797250270843506,1.5367258787155151,0.052383359521627426,0.0037331159692257643,0.29328808188438416,4,False,0.659831702709198,0.0
fore_aft,5.64,0,0.290560245513916,2.579800844192505,1.536644458770752,0.05238376557826996,0.003715071128681302,0.29290810227394104,4,False,0.6598318219184875,0.0
fore_aft,5.66,0,0.29056015610694885,2.5796849727630615,1.5365962982177734,0.052381597459316254,0.0037377914413809776,0.29314523935317993,4,False,0.6598316431045532,0.0
fore_aft,5.68,0,0.290560245513916,2.5797462463378906,1.5366319417953491,0.05238283798098564,0.0037432853132486343,0.2932327687740326,4,False,0.6598323583602905,0.0
fore_aft,5.7,0,0.2905603349208832,2.5796303749084473,1.5365694761276245,0.05238054320216179,0.003730145050212741,0.29250839352607727,4,False,0.6598325967788696,0.0
fore_aft,5.72,0,0.2905603051185608,2.5796098709106445,1.5366413593292236,0.05238088220357895,0.003741007763892412,0.2930963337421417,4,False,0.6598313450813293,0.0
fore_aft,5.74,0,0.2905604839324951,2.579575538635254,1.5365365743637085,0.05237943306565285,0.0037256358191370964,0.2929362952709198,4,False,0.6598312258720398,0.0
fore_aft,5.76,0,0.29056039452552795,2.5796236991882324,1.5366668701171875,0.05238131061196327,0.003721690969541669,0.29305222630500793,4,False,0.6598303914070129,0.0
fore_aft,5.78,0,0.2905603051185608,2.5796573162078857,1.5366241931915283,0.05238143727183342,0.0037074501160532236,0.2929256856441498,4,False,0.6598320603370667,0.0
fore_aft,5.8,0,0.2905600368976593,2.5797088146209717,1.5365068912506104,0.05238116532564163,0.0037107437383383512,0.2928577661514282,4,False,0.6598314046859741,0.0
fore_aft,5.82,0,0.2905600368976593,2.579808473587036,1.5367571115493774,0.052384886890649796,0.0037520956248044968,0.2930086851119995,4,False,0.6598308086395264,0.0
fore_aft,5.84,0,0.2905605733394623,2.5798516273498535,1.5368319749832153,0.052386198192834854,0.0037631166633218527,0.2932961881160736,4,False,0.6598314642906189,0.0
fore_aft,5.86,0,0.2905607223510742,2.5797085762023926,1.5367153882980347,0.05238301679491997,0.0037145246751606464,0.2924276292324066,4,False,0.6598323583602905,0.0
fore_aft,5.88,0,0.29056036472320557,2.5797064304351807,1.5367398262023926,0.05238320678472519,0.0037166650872677565,0.2932796776294708,4,False,0.6598308086395264,0.0
fore_aft,5.9,0,0.29056015610694885,2.579694986343384,1.5366438627243042,0.052382174879312515,0.003714622464030981,0.2924591600894928,4,False,0.6598320603370667,0.0
fore_aft,5.92,0,0.290560245513916,2.579679489135742,1.5364958047866821,0.05238062143325806,0.003732864046469331,0.29300159215927124,4,False,0.6598321795463562,0.0
fore_aft,5.94,0,0.29056021571159363,2.579704761505127,1.5366188287734985,0.052382104098796844,0.003741329303011298,0.29312822222709656,4,False,0.6598310470581055,0.0
fore_aft,5.96,0,0.29056045413017273,2.579726457595825,1.5366883277893066,0.052383046597242355,0.0037362335715442896,0.2930513024330139,4,False,0.6598318219184875,0.0
fore_aft,5.98,0,0.29056045413017273,2.579545021057129,1.536636471748352,0.05237986519932747,0.003726567840203643,0.2925078272819519,4,False,0.6598303914070129,0.0
fore_aft,6.0,0,0.29056042432785034,2.5796031951904297,1.5365949869155884,0.05238036811351776,0.003717305138707161,0.29319077730178833,4,False,0.6598312854766846,0.0
fore_aft,6.0200000000000005,0,0.2905602753162384,2.57959246635437,1.5365338325500488,0.05237966403365135,0.0037193852476775646,0.2931702136993408,4,False,0.6598307490348816,0.0
fore_aft,6.04,0,0.290560245513916,2.5794782638549805,1.536514401435852,0.05237777158617973,0.0037127709947526455,0.2929590344429016,4,False,0.6598309278488159,0.0
fore_aft,6.0600000000000005,0,0.29056012630462646,2.579711437225342,1.5365577936172485,0.05238165706396103,0.0037229699082672596,0.2937186658382416,4,False,0.6598309278488159,0.0
fore_aft,6.08,0,0.2905597984790802,2.5797064304351807,1.536545753479004,0.052381474524736404,0.003709354903548956,0.29273712635040283,4,False,0.6598307490348816,0.0
fore_aft,6.1000000000000005,0,0.2905600368976593,2.579702854156494,1.5365694761276245,0.05238163471221924,0.0037440473679453135,0.2931158244609833,4,False,0.6598316431045532,0.0
fore_aft,6.12,0,0.29056015610694885,2.579765796661377,1.53659987449646,0.05238283798098564,0.0037271815817803144,0.29306989908218384,4,False,0.659832239151001,0.0
fore_aft,6.140000000000001,0,0.29056012630462646,2.5796959400177,1.5365982055664062,0.05238178372383118,0.0037283911369740963,0.29273590445518494,4,False,0.6598315834999084,0.0
fore_aft,6.16,0,0.29056036472320557,2.579674005508423,1.5366625785827637,0.05238202586770058,0.003745144931599498,0.2928013503551483,4,False,0.6598319411277771,0.0
fore_aft,6.18,0,0.2905604839324951,2.579713821411133,1.536689281463623,0.05238286405801773,0.0037224481347948313,0.29277315735816956,4,False,0.6598314046859741,0.0
fore_aft,6.2,0,0.290560245513916,2.5796637535095215,1.5366359949111938,0.05238163843750954,0.003721676766872406,0.2929563522338867,4,False,0.6598303914070129,0.0
fore_aft,6.22,0,0.2905604839324951,2.579774856567383,1.5367947816848755,0.052384715527296066,0.003735973034054041,0.29328688979148865,4,False,0.6598320603370667,0.0
fore_aft,6.24,0,0.2905605137348175,2.5796730518341064,1.5366603136062622,0.05238199234008789,0.0036937776021659374,0.29294124245643616,4,False,0.6598316431045532,0.0
fore_aft,6.26,0,0.2905597686767578,2.5798635482788086,1.5366535186767578,0.05238477885723114,0.0036866830196231604,0.2931465804576874,4,False,0.6598320007324219,0.0
fore_aft,6.28,0,0.29055970907211304,2.5798964500427246,1.5365972518920898,0.05238477885723114,0.003748704679310322,0.2928675413131714,4,False,0.6598311066627502,0.0
fore_aft,6.3,0,0.2905605137348175,2.579810380935669,1.5366743803024292,0.05238417536020279,0.003772842464968562,0.2929318845272064,4,False,0.6598330736160278,0.0
fore_aft,6.32,0,0.290560781955719,2.5798072814941406,1.5369834899902344,0.05238688364624977,0.0037554148584604263,0.29260993003845215,4,False,0.6598299145698547,0.0
fore_aft,6.34,0,0.29056107997894287,2.579822540283203,1.536965250968933,0.05238695070147514,0.00374222663231194,0.29303422570228577,4,False,0.6598319411277771,0.0
fore_aft,6.36,0,0.2905608117580414,2.5796027183532715,1.5366696119308472,0.05238102376461029,0.003684400115162134,0.29278385639190674,4,False,0.6598309874534607,0.0
fore_aft,6.38,0,0.2905600965023041,2.57970929145813,1.5367252826690674,0.052383117377758026,0.003701826324686408,0.29282504320144653,4,False,0.6598317623138428,0.0
fore_aft,6.4,0,0.29056021571159363,2.579739570617676,1.5366219282150269,0.05238264799118042,0.0037261482793837786,0.29279330372810364,4,False,0.6598318815231323,0.0
fore_aft,6.42,0,0.290560245513916,2.579709529876709,1.536574363708496,0.05238177999854088,0.003729092888534069,0.2930727005004883,4,False,0.6598311066627502,0.0
fore_aft,6.44,0,0.290560245513916,2.5796959400177,1.5367451906204224,0.052383095026016235,0.0037397451233118773,0.29295939207077026,4,False,0.659830629825592,0.0
fore_aft,6.46,0,0.290560781955719,2.5796871185302734,1.5367270708084106,0.05238280072808266,0.0037472418043762445,0.29355403780937195,4,False,0.6598311066627502,0.0
fore_aft,6.48,0,0.29056066274642944,2.579612970352173,1.5366463661193848,0.05238097161054611,0.003702005371451378,0.29317328333854675,4,False,0.6598302721977234,0.0
fore_aft,6.5,0,0.29056015610694885,2.579735517501831,1.5366058349609375,0.0523824468255043,0.0037007350474596024,0.29310739040374756,4,False,0.6598307490348816,0.0
fore_aft,6.5200000000000005,0,0.29056012630462646,2.5797982215881348,1.5366897583007812,0.05238413065671921,0.0037287832237780094,0.29295286536216736,4,False,0.6598321795463562,0.0
fore_aft,6.54,0,0.29056018590927124,2.5798392295837402,1.536747694015503,0.05238526314496994,0.003724469803273678,0.2931583523750305,4,False,0.6598329544067383,0.0
fore_aft,6.5600000000000005,0,0.2905599772930145,2.579939603805542,1.53669273853302,0.05238627269864082,0.0037098333705216646,0.2930873930454254,4,False,0.6598321795463562,0.0
fore_aft,6.58,0,0.2905597686767578,2.5798499584198,1.5366981029510498,0.05238498002290726,0.0037211067974567413,0.29264459013938904,4,False,0.6598312258720398,0.0
fore_aft,6.6000000000000005,0,0.29056012630462646,2.5799143314361572,1.53677499294281,0.052386634051799774,0.003749790135771036,0.2932107150554657,4,False,0.6598336696624756,0.0
fore_aft,6.62,0,0.290560245513916,2.5798654556274414,1.536746859550476,0.05238564684987068,0.003735081059858203,0.2927301824092865,4,False,0.6598317623138428,0.0
fore_aft,6.640000000000001,0,0.29056039452552795,2.579864025115967,1.5367764234542847,0.05238588899374008,0.0037402596790343523,0.29299721121788025,4,False,0.6598314642906189,0.0
fore_aft,6.66,0,0.29056039452552795,2.5798447132110596,1.536864995956421,0.05238638445734978,0.0037345176097005606,0.2924589216709137,4,False,0.6598307490348816,0.0
fore_aft,6.68,0,0.29056045413017273,2.579745292663574,1.5367732048034668,0.052384085953235626,0.003727008355781436,0.2931137681007385,4,False,0.6598318219184875,0.0
fore_aft,6.7,0,0.29056018590927124,2.579824209213257,1.5367225408554077,0.052384812384843826,0.003723439294844866,0.2932751178741455,4,False,0.6598322987556458,0.0
fore_aft,6.72,0,0.29056015610694885,2.5797526836395264,1.5366954803466797,0.05238350108265877,0.003732935758307576,0.29252153635025024,4,False,0.6598316431045532,0.0
fore_aft,6.74,0,0.2905602753162384,2.5797064304351807,1.536727786064148,0.052383098751306534,0.0037171568255871534,0.2927016615867615,4,False,0.6598327159881592,0.0
fore_aft,6.76,0,0.29055994749069214,2.579916000366211,1.5367074012756348,0.052386052906513214,0.0037154322490096092,0.2930411100387573,4,False,0.6598320603370667,0.0
fore_aft,6.78,0,0.2905600070953369,2.5798628330230713,1.5366477966308594,0.05238472297787666,0.0037199503276497126,0.2927481532096863,4,False,0.6598309278488159,0.0
fore_aft,6.8,0,0.290559858083725,2.579885482788086,1.5367366075515747,0.052385859191417694,0.0037179067730903625,0.2926192581653595,4,False,0.6598330140113831,0.0
fore_aft,6.82,0,0.290559858083725,2.5799214839935303,1.5367032289505005,0.052386097609996796,0.003747371956706047,0.29299691319465637,4,False,0.6598314046859741,0.0
fore_aft,6.84,0,0.2905600666999817,2.5797877311706543,1.53670072555542,0.05238407105207443,0.003740067360922694,0.29252341389656067,4,False,0.6598328351974487,0.0
fore_aft,6.86,0,0.290560245513916,2.579699754714966,1.5367144346237183,0.052382878959178925,0.003749531926587224,0.29268476366996765,4,False,0.6598321199417114,0.0
fore_aft,6.88,0,0.2905604839324951,2.5796494483947754,1.5366696119308472,0.0523817203938961,0.0037437076680362225,0.2932334244251251,4,False,0.6598310470581055,0.0
fore_aft,6.9,0,0.29056060314178467,2.579662799835205,1.5366392135620117,0.05238165333867073,0.003718747990205884,0.2931493818759918,4,False,0.6598312258720398,0.0
fore_aft,6.92,0,0.290560245513916,2.5796799659729004,1.5366374254226685,0.05238189548254013,0.0036932704970240593,0.2926459312438965,4,False,0.6598318815231323,0.0
fore_aft,6.94,0,0.2905597686767578,2.579758405685425,1.5365914106369019,0.052382659167051315,0.0037061229813843966,0.29286831617355347,4,False,0.6598312854766846,0.0
fore_aft,6.96,0,0.2905600965023041,2.579799175262451,1.5366331338882446,0.05238363891839981,0.003757541300728917,0.2927129864692688,4,False,0.6598323583602905,0.0
fore_aft,6.98,0,0.2905604839324951,2.579800844192505,1.5367299318313599,0.05238453298807144,0.003752006683498621,0.2933501899242401,4,False,0.6598303318023682,0.0
fore_aft,7.0,0,0.2905605435371399,2.579692840576172,1.5368019342422485,0.05238354951143265,0.003723925445228815,0.29292699694633484,4,False,0.659830629825592,0.0
fore_aft,7.0200000000000005,0,0.2905603349208832,2.579765796661377,1.5366824865341187,0.052383579313755035,0.0036992025561630726,0.29295435547828674,4,False,0.6598327159881592,0.0
fore_aft,7.04,0,0.2905600666999817,2.5798685550689697,1.536677598953247,0.05238507688045502,0.0037214860785752535,0.2932393550872803,4,False,0.6598325371742249,0.0
fore_aft,7.0600000000000005,0,0.2905600070953369,2.579746961593628,1.5365492105484009,0.05238210782408714,0.003718077903613448,0.2930299937725067,4,False,0.6598321199417114,0.0
fore_aft,7.08,0,0.29056015610694885,2.5795915126800537,1.5365543365478516,0.052379827946424484,0.003726396942511201,0.2926522195339203,4,False,0.6598325371742249,0.0
fore_aft,7.1000000000000005,0,0.290560245513916,2.579768419265747,1.5366765260696411,0.05238356813788414,0.0037414943799376488,0.29353979229927063,4,False,0.6598314642906189,0.0
fore_aft,7.12,0,0.29056036472320557,2.5796737670898438,1.5366342067718506,0.05238177254796028,0.0037291317712515593,0.292673796415329,4,False,0.6598312854766846,0.0
fore_aft,7.140000000000001,0,0.29056042432785034,2.5797131061553955,1.5366451740264893,0.0523824542760849,0.003728867042809725,0.2931279242038727,4,False,0.6598318219184875,0.0
fore_aft,7.16,0,0.29056015610694885,2.579664707183838,1.5366137027740479,0.052381452172994614,0.003718110267072916,0.29304635524749756,4,False,0.6598303318023682,0.0
fore_aft,7.18,0,0.290560245513916,2.579680919647217,1.5366209745407104,0.052381761372089386,0.003742213360965252,0.293185293674469,4,False,0.6598312258720398,0.0
fore_aft,7.2,0,0.29056036472320557,2.579566478729248,1.536596655845642,0.05237983167171478,0.0037195831537246704,0.2928306758403778,4,False,0.6598315238952637,0.0
fore_aft,7.22,0,0.2905603051185608,2.5795109272003174,1.5364916324615479,0.05237806215882301,0.0037152429576963186,0.29275113344192505,4,False,0.6598305702209473,0.0
fore_aft,7.24,0,0.29056012630462646,2.579615831375122,1.5365186929702759,0.052379876375198364,0.0037081525661051273,0.2927856743335724,4,False,0.6598320007324219,0.0
fore_aft,7.26,0,0.29056012630462646,2.579700231552124,1.5365668535232544,0.052381567656993866,0.0037276889197528362,0.2931172847747803,4,False,0.6598312258720398,0.0
fore_aft,7.28,0,0.290560245513916,2.5796260833740234,1.536515474319458,0.052379999309778214,0.003714601509273052,0.292766809463501,4,False,0.6598320007324219,0.0
fore_aft,7.3,0,0.2905600965023041,2.579580783843994,1.5365488529205322,0.05237961933016777,0.0037161039654165506,0.29301148653030396,4,False,0.6598311066627502,0.0
fore_aft,7.32,0,0.29056015610694885,2.579618453979492,1.536545753479004,0.05238015949726105,0.0037138829939067364,0.2929644286632538,4,False,0.6598318219184875,0.0
fore_aft,7.34,0,0.2905599772930145,2.579634428024292,1.5365269184112549,0.05238022655248642,0.0037111109122633934,0.2928823232650757,4,False,0.6598309278488159,0.0
fore_aft,7.36,0,0.2905600368976593,2.5797364711761475,1.5365381240844727,0.05238185450434685,0.0037208774592727423,0.2935124933719635,4,False,0.6598316431045532,0.0
fore_aft,7.38,0,0.290559858083725,2.579798698425293,1.5365664958953857,0.05238304287195206,0.0037080510519444942,0.2932048738002777,4,False,0.6598320007324219,0.0
fore_aft,7.4,0,0.29055988788604736,2.5797295570373535,1.5365636348724365,0.052381981164216995,0.003723159898072481,0.2924160063266754,4,False,0.659831166267395,0.0
fore_aft,7.42,0,0.2905600965023041,2.5796847343444824,1.5366036891937256,0.052381664514541626,0.0037200383376330137,0.2930184602737427,4,False,0.6598325967788696,0.0
fore_aft,7.44,0,0.29056015610694885,2.5797226428985596,1.5365970134735107,0.05238217115402222,0.0037292265333235264,0.2931157052516937,4,False,0.6598319411277771,0.0
fore_aft,7.46,0,0.29056018590927124,2.579716444015503,1.5365668535232544,0.052381813526153564,0.0037215508054941893,0.2930070459842682,4,False,0.6598321795463562,0.0
fore_aft,7.48,0,0.2905600666999817,2.579714059829712,1.536592960357666,0.05238201096653938,0.0037366540636867285,0.29347580671310425,4,False,0.6598307490348816,0.0
fore_aft,7.5,0,0.2905603051185608,2.57973051071167,1.5365962982177734,0.05238227918744087,0.003745338646695018,0.2933337390422821,4,False,0.6598315834999084,0.0
fore_aft,7.5200000000000005,0,0.29056036472320557,2.5795974731445312,1.5366119146347046,0.052380435168743134,0.0037263697013258934,0.2924932837486267,4,False,0.6598311066627502,0.0
fore_aft,7.54,0,0.29056039452552795,2.5796797275543213,1.5366265773773193,0.05238179489970207,0.0037312954664230347,0.2929053008556366,4,False,0.6598314046859741,0.0
fore_aft,7.5600000000000005,0,0.29056021571159363,2.5796597003936768,1.5367082357406616,0.0523822195827961,0.0037205044645816088,0.29288250207901,4,False,0.6598315834999084,0.0
fore_aft,7.58,0,0.29056036472320557,2.5795552730560303,1.5365313291549683,0.05237907916307449,0.0037165298126637936,0.29252803325653076,4,False,0.6598318219184875,0.0
fore_aft,7.6000000000000005,0,0.29056039452552795,2.5795505046844482,1.5365551710128784,0.052379220724105835,0.003715472761541605,0.2927049994468689,4,False,0.6598311066627502,0.0
fore_aft,7.62,0,0.2905603349208832,2.5797059535980225,1.5367087125778198,0.05238291993737221,0.0037098564207553864,0.292596697807312,4,False,0.6598333716392517,0.0
fore_aft,7.640000000000001,0,0.29055994749069214,2.579775810241699,1.5365320444107056,0.05238238349556923,0.0036967520136386156,0.29327279329299927,4,False,0.6598318815231323,0.0
fore_aft,7.66,0,0.2905597984790802,2.5798420906066895,1.5366407632827759,0.05238435044884682,0.003744343528524041,0.293133407831192,4,False,0.6598314642906189,0.0
fore_aft,7.68,0,0.2905605733394623,2.5797548294067383,1.5367052555084229,0.05238361656665802,0.003766507375985384,0.29307040572166443,4,False,0.6598329544067383,0.0
fore_aft,7.7,0,0.290560781955719,2.5797319412231445,1.536746621131897,0.05238364636898041,0.003728497074916959,0.2935839593410492,4,False,0.6598317623138428,0.0
fore_aft,7.72,0,0.29056042432785034,2.579707384109497,1.536752462387085,0.05238333344459534,0.0037194311153143644,0.29283466935157776,4,False,0.65982985496521,0.0
fore_aft,7.74,0,0.2905605733394623,2.579749345779419,1.536820411682129,0.05238455906510353,0.003731338307261467,0.29285964369773865,4,False,0.6598324775695801,0.0
fore_aft,7.76,0,0.29056045413017273,2.5796942710876465,1.5367275476455688,0.05238291248679161,0.0037142951041460037,0.29282063245773315,4,False,0.6598315834999084,0.0
fore_aft,7.78,0,0.290560245513916,2.5797035694122314,1.5366140604019165,0.05238203704357147,0.003724976209923625,0.29319849610328674,4,False,0.6598303914070129,0.0
fore_aft,7.8,0,0.29056042432785034,2.579671859741211,1.5365591049194336,0.05238107591867447,0.0037133218720555305,0.29255226254463196,4,False,0.6598320007324219,0.0
fore_aft,7.82,0,0.2905602753162384,2.57969069480896,1.536561131477356,0.052381377667188644,0.003713869024068117,0.29310354590415955,4,False,0.6598314046859741,0.0
fore_aft,7.84,0,0.29056015610694885,2.579622507095337,1.5365869998931885,0.052380580455064774,0.0037185060791671276,0.29231733083724976,4,False,0.6598314642906189,0.0
fore_aft,7.86,0,0.29056042432785034,2.579637289047241,1.5365755558013916,0.05238070338964462,0.0037196921184659004,0.2929365336894989,4,False,0.6598310470581055,0.0
fore_aft,7.88,0,0.2905603051185608,2.5796518325805664,1.5365575551986694,0.0523807629942894,0.003700417233631015,0.2927025556564331,4,False,0.6598312258720398,0.0
fore_aft,7.9,0,0.2905600666999817,2.579713821411133,1.5365841388702393,0.05238192528486252,0.0037179929204285145,0.29351311922073364,4,False,0.6598303914070129,0.0
fore_aft,7.92,0,0.29056015610694885,2.5795936584472656,1.5365012884140015,0.052379388362169266,0.0037140122149139643,0.2928687334060669,4,False,0.6598313450813293,0.0
fore_aft,7.94,0,0.2905600666999817,2.5796093940734863,1.5365052223205566,0.05237966030836105,0.003694527316838503,0.29247695207595825,4,False,0.6598322987556458,0.0
fore_aft,7.96,0,0.29055991768836975,2.5797181129455566,1.5365862846374512,0.052382007241249084,0.0037175226025283337,0.2928113639354706,4,False,0.6598321795463562,0.0
fore_aft,7.98,0,0.29055991768836975,2.5796961784362793,1.53663969039917,0.05238215997815132,0.003722610417753458,0.2930048406124115,4,False,0.6598315834999084,0.0
fore_aft,8.0,0,0.29056015610694885,2.5797770023345947,1.536642074584961,0.052383385598659515,0.0037381777074187994,0.2933080494403839,4,False,0.659831166267395,0.0
fore_aft,8.02,0,0.2905602753162384,2.5798420906066895,1.5367246866226196,0.05238509923219681,0.003716391744092107,0.2933206856250763,4,False,0.6598324179649353,0.0
fore_aft,8.040000000000001,0,0.2905600070953369,2.579751968383789,1.5367203950881958,0.05238370969891548,0.0037079236935824156,0.29264187812805176,4,False,0.6598314642906189,0.0
fore_aft,8.06,0,0.2905599772930145,2.579876184463501,1.5367298126220703,0.05238565802574158,0.0037159142084419727,0.2930040955543518,4,False,0.6598320007324219,0.0
fore_aft,8.08,0,0.2905600666999817,2.5798304080963135,1.5367509126663208,0.052385155111551285,0.00372864305973053,0.2930026352405548,4,False,0.6598320007324219,0.0
fore_aft,8.1,0,0.29056021571159363,2.5799148082733154,1.5367987155914307,0.052386846393346786,0.0037306041922420263,0.29307031631469727,4,False,0.6598312854766846,0.0
fore_aft,8.120000000000001,0,0.29056018590927124,2.5799336433410645,1.5368059873580933,0.05238719284534454,0.0037362792063504457,0.2933197319507599,4,False,0.6598308086395264,0.0
fore_aft,8.14,0,0.290560245513916,2.5799503326416016,1.5367999076843262,0.052387386560440063,0.0037397483829408884,0.29295778274536133,4,False,0.6598328948020935,0.0
fore_aft,8.16,0,0.2905603051185608,2.579763889312744,1.5366607904434204,0.05238335579633713,0.0037339564878493547,0.2926888167858124,4,False,0.6598316431045532,0.0
fore_aft,8.18,0,0.2905603349208832,2.5796706676483154,1.536624789237976,0.052381642162799835,0.0037404741160571575,0.29277923703193665,4,False,0.659831166267395,0.0
fore_aft,8.2,0,0.2905603349208832,2.5795841217041016,1.536673665046692,0.05238077789545059,0.0037322882562875748,0.2926870882511139,4,False,0.6598309278488159,0.0
fore_aft,8.22,0,0.2905605733394623,2.5796375274658203,1.5366075038909912,0.0523809976875782,0.00373152457177639,0.29326122999191284,4,False,0.6598312258720398,0.0
fore_aft,8.24,0,0.29056042432785034,2.5796804428100586,1.5366836786270142,0.05238230898976326,0.0037021120078861713,0.2925209701061249,4,False,0.6598314046859741,0.0
fore_aft,8.26,0,0.29056021571159363,2.5797605514526367,1.5366692543029785,0.052383385598659515,0.003709073644131422,0.29323244094848633,4,False,0.6598309278488159,0.0
fore_aft,8.28,0,0.2905599772930145,2.579864978790283,1.5366930961608887,0.052385155111551285,0.0037028114311397076,0.29288449883461,4,False,0.659832775592804,0.0
fore_aft,8.3,0,0.29055991768836975,2.5799779891967773,1.5368342399597168,0.052388109266757965,0.0037419211585074663,0.2925967872142792,4,False,0.6598323583602905,0.0
fore_aft,8.32,0,0.290560245513916,2.57989764213562,1.5366883277893066,0.0523856095969677,0.00373481004498899,0.2925994396209717,4,False,0.6598332524299622,0.0
fore_aft,8.34,0,0.2905603051185608,2.5798137187957764,1.5367754697799683,0.052385129034519196,0.0037453044205904007,0.29279398918151855,4,False,0.6598303914070129,0.0
fore_aft,8.36,0,0.2905607223510742,2.579815149307251,1.5368746519088745,0.05238603055477142,0.0037369767669588327,0.2928873598575592,4,False,0.6598320007324219,0.0
fore_aft,8.38,0,0.29056063294410706,2.5797152519226074,1.5367504358291626,0.0523834265768528,0.0036975054536014795,0.29252201318740845,4,False,0.6598321795463562,0.0
fore_aft,8.4,0,0.29056018590927124,2.579840898513794,1.5367612838745117,0.05238541215658188,0.003699883120134473,0.2927413284778595,4,False,0.6598314046859741,0.0
fore_aft,8.42,0,0.29056012630462646,2.57987380027771,1.5366946458816528,0.05238530412316322,0.0037246886640787125,0.293143630027771,4,False,0.6598314642906189,0.0
fore_aft,8.44,0,0.29056021571159363,2.5797793865203857,1.536655306816101,0.05238353833556175,0.0037138178013265133,0.2927239239215851,4,False,0.6598325967788696,0.0
fore_aft,8.46,0,0.2905600070953369,2.579822063446045,1.5367040634155273,0.052384618669748306,0.0037330349441617727,0.2932273745536804,4,False,0.6598312258720398,0.0
fore_aft,8.48,0,0.2905603349208832,2.579732656478882,1.5367316007614136,0.05238351970911026,0.003753888886421919,0.29293587803840637,4,False,0.659830629825592,0.0
fore_aft,8.5,0,0.290560781955719,2.57975172996521,1.5367913246154785,0.05238433927297592,0.0037334358785301447,0.29298609495162964,4,False,0.6598318815231323,0.0
fore_aft,8.52,0,0.2905603051185608,2.579746961593628,1.5367897748947144,0.05238425359129906,0.003682547714561224,0.29293951392173767,4,False,0.6598331928253174,0.0
fore_aft,8.540000000000001,0,0.2905597388744354,2.5798380374908447,1.53659987449646,0.052383922040462494,0.0037148192059248686,0.2936461865901947,4,False,0.6598305702209473,0.0
fore_aft,8.56,0,0.29055991768836975,2.5799038410186768,1.5367192029953003,0.05238597095012665,0.0037473400589078665,0.2929019331932068,4,False,0.6598315238952637,0.0
fore_aft,8.58,0,0.2905602753162384,2.5798182487487793,1.5367926359176636,0.052385345101356506,0.0037532313726842403,0.2927123010158539,4,False,0.6598315238952637,0.0
fore_aft,8.6,0,0.2905605435371399,2.5796358585357666,1.5367119312286377,0.05238189548254013,0.0037381816655397415,0.2926550507545471,4,False,0.6598316431045532,0.0
fore_aft,8.620000000000001,0,0.29056060314178467,2.5796749591827393,1.5367121696472168,0.05238248035311699,0.0037277135998010635,0.29357293248176575,4,False,0.6598296165466309,0.0
fore_aft,8.64,0,0.2905603349208832,2.5798182487487793,1.5367114543914795,0.0523846261203289,0.0036967305932193995,0.2930029630661011,4,False,0.6598323583602905,0.0
fore_aft,8.66,0,0.2905597984790802,2.5798048973083496,1.5365914106369019,0.05238335579633713,0.0036964647006243467,0.2927513122558594,4,False,0.659831166267395,0.0
fore_aft,8.68,0,0.2905598282814026,2.5797998905181885,1.53660249710083,0.05238337442278862,0.0037357420660555363,0.29298481345176697,4,False,0.6598322987556458,0.0
fore_aft,8.700000000000001,0,0.290559858083725,2.579864025115967,1.5366404056549072,0.05238467454910278,0.0037317436654120684,0.29281720519065857,4,False,0.6598323583602905,0.0
fore_aft,8.72,0,0.2905600965023041,2.5796895027160645,1.5366770029067993,0.05238238349556923,0.0037629464641213417,0.292773962020874,4,False,0.6598310470581055,0.0
fore_aft,8.74,0,0.29056066274642944,2.5795702934265137,1.5365958213806152,0.05237988010048866,0.0037348615005612373,0.29352909326553345,4,False,0.6598317623138428,0.0
fore_aft,8.76,0,0.29056021571159363,2.5797030925750732,1.5367125272750854,0.05238290876150131,0.0036909948103129864,0.2932288348674774,4,False,0.6598307490348816,0.0
fore_aft,8.78,0,0.29055967926979065,2.579859733581543,1.5365644693374634,0.05238393694162369,0.0036859679967164993,0.29297369718551636,4,False,0.6598338484764099,0.0
fore_aft,8.8,0,0.29055947065353394,2.579721689224243,1.536501407623291,0.052381303161382675,0.0037375774700194597,0.2922954857349396,4,False,0.6598302125930786,0.0
fore_aft,8.82,0,0.29056018590927124,2.5798158645629883,1.5367076396942139,0.05238455533981323,0.003761224215850234,0.2926035225391388,4,False,0.6598342657089233,0.0
fore_aft,8.84,0,0.2905602753162384,2.5797159671783447,1.5365805625915527,0.05238192901015282,0.0037138271145522594,0.2927950620651245,4,False,0.6598312854766846,0.0
fore_aft,8.86,0,0.290560245513916,2.5797231197357178,1.5367337465286255,0.05238339677453041,0.0037436336278915405,0.29319262504577637,4,False,0.6598293781280518,0.0
fore_aft,8.88,0,0.29056042432785034,2.5798299312591553,1.5368247032165527,0.052385810762643814,0.003733516437932849,0.2927076518535614,4,False,0.6598312854766846,0.0
fore_aft,8.9,0,0.2905603051185608,2.579772710800171,1.5366863012313843,0.05238371714949608,0.0037107982207089663,0.2927033305168152,4,False,0.6598312258720398,0.0
fore_aft,8.92,0,0.2905600965023041,2.579763889312744,1.536636471748352,0.05238313972949982,0.003711320459842682,0.2927831709384918,4,False,0.6598316431045532,0.0
fore_aft,8.94,0,0.2905599772930145,2.5797572135925293,1.5366370677947998,0.052383046597242355,0.00371365319006145,0.29290103912353516,4,False,0.6598325371742249,0.0
fore_aft,8.96,0,0.290559858083725,2.5799942016601562,1.5367058515548706,0.052387211471796036,0.003724495880305767,0.29305529594421387,4,False,0.6598325967788696,0.0
fore_aft,8.98,0,0.2905597686767578,2.579899311065674,1.536638617515564,0.05238518863916397,0.0037274924106895924,0.29307326674461365,4,False,0.6598324775695801,0.0
fore_aft,9.0,0,0.2905600666999817,2.579946517944336,1.536757469177246,0.05238695442676544,0.0037587424740195274,0.293578177690506,4,False,0.6598329544067383,0.0
fore_aft,9.02,0,0.29056021571159363,2.5798487663269043,1.5366636514663696,0.05238465964794159,0.003735681064426899,0.2928849458694458,4,False,0.6598320603370667,0.0
fore_aft,9.040000000000001,0,0.29056012630462646,2.579622507095337,1.5365525484085083,0.0523802749812603,0.00373308383859694,0.2931720018386841,4,False,0.6598316431045532,0.0
fore_aft,9.06,0,0.29055994749069214,2.5797252655029297,1.5365482568740845,0.05238177627325058,0.0037372878286987543,0.2936456501483917,4,False,0.6598307490348816,0.0
fore_aft,9.08,0,0.29056012630462646,2.579807996749878,1.5365939140319824,0.0523834265768528,0.003751541720703244,0.2928358018398285,4,False,0.6598320603370667,0.0
fore_aft,9.1,0,0.2905603051185608,2.5796499252319336,1.5365676879882812,0.05238082632422447,0.0037243394181132317,0.29267820715904236,4,False,0.6598326563835144,0.0
fore_aft,9.120000000000001,0,0.2905599772930145,2.5796494483947754,1.5366021394729614,0.05238112062215805,0.0037268735468387604,0.29284602403640747,4,False,0.6598302721977234,0.0
fore_aft,9.14,0,0.2905603051185608,2.5796449184417725,1.536627173423767,0.052381277084350586,0.0037500313483178616,0.2925165891647339,4,False,0.6598315834999084,0.0
fore_aft,9.16,0,0.29056060314178467,2.579730987548828,1.5366947650909424,0.052383169531822205,0.003739258972927928,0.29354506731033325,4,False,0.6598318219184875,0.0
fore_aft,9.18,0,0.2905603349208832,2.5797247886657715,1.5366442203521729,0.05238262563943863,0.003713542828336358,0.2932080328464508,4,False,0.6598308086395264,0.0
fore_aft,9.200000000000001,0,0.29056018590927124,2.579608678817749,1.536603569984436,0.052380528301000595,0.003736169310286641,0.29280713200569153,4,False,0.6598300337791443,0.0
fore_aft,9.22,0,0.2905605137348175,2.5797159671783447,1.5366992950439453,0.05238298326730728,0.0037313196808099747,0.2928824722766876,4,False,0.6598318219184875,0.0
fore_aft,9.24,0,0.290560245513916,2.5798404216766357,1.536698818206787,0.05238484591245651,0.0037042824551463127,0.2930562198162079,4,False,0.6598311066627502,0.0
fore_aft,9.26,0,0.2905600965023041,2.5798802375793457,1.5367276668548584,0.05238569527864456,0.00372695061378181,0.2928817868232727,4,False,0.6598316431045532,0.0
fore_aft,9.28,0,0.29056018590927124,2.5798914432525635,1.536663293838501,0.05238529294729233,0.003720348235219717,0.2930336892604828,4,False,0.6598333120346069,0.0
fore_aft,9.3,0,0.2905597686767578,2.5799548625946045,1.5366883277893066,0.052386458963155746,0.00371858524158597,0.29317471385002136,4,False,0.6598318219184875,0.0
fore_aft,9.32,0,0.29056018590927124,2.579862594604492,1.5366770029067993,0.05238497629761696,0.003764260793104768,0.2930442988872528,4,False,0.6598320007324219,0.0
fore_aft,9.34,0,0.2905605435371399,2.579775333404541,1.5367308855056763,0.052384153008461,0.00375473964959383,0.29303550720214844,4,False,0.6598320603370667,0.0
fore_aft,9.36,0,0.29056063294410706,2.5796709060668945,1.536831021308899,0.052383482456207275,0.0037362086586654186,0.29276347160339355,4,False,0.6598321795463562,0.0
fore_aft,9.38,0,0.2905605137348175,2.5795671939849854,1.5366551876068115,0.052380360662937164,0.003702170215547085,0.2929631471633911,4,False,0.6598301529884338,0.0
fore_aft,9.4,0,0.29056012630462646,2.5797104835510254,1.5366116762161255,0.052382126450538635,0.0037012624088674784,0.29320019483566284,4,False,0.6598312258720398,0.0
fore_aft,9.42,0,0.2905600368976593,2.5797669887542725,1.5365791320800781,0.05238267406821251,0.0037311872001737356,0.29282501339912415,4,False,0.6598330140113831,0.0
fore_aft,9.44,0,0.29056015610694885,2.579761505126953,1.5365725755691528,0.052382536232471466,0.0037317026872187853,0.2934962809085846,4,False,0.6598323583602905,0.0
fore_aft,9.46,0,0.29056015610694885,2.5796525478363037,1.5366110801696777,0.0523812472820282,0.0037353786174207926,0.292953759431839,4,False,0.6598311066627502,0.0
fore_aft,9.48,0,0.2905603349208832,2.579648733139038,1.5366358757019043,0.05238141119480133,0.0037354333326220512,0.29292070865631104,4,False,0.6598318219184875,0.0
fore_aft,9.5,0,0.29056036472320557,2.5796241760253906,1.5366531610488892,0.05238119512796402,0.003732937853783369,0.2932160794734955,4,False,0.659830629825592,0.0
fore_aft,9.52,0,0.29056036472320557,2.579549789428711,1.5365914106369019,0.052379537373781204,0.003728079842403531,0.29289889335632324,4,False,0.6598304510116577,0.0
fore_aft,9.540000000000001,0,0.2905603349208832,2.579587697982788,1.5365797281265259,0.05237999185919762,0.0037229787558317184,0.2928634285926819,4,False,0.659830629825592,0.0
fore_aft,9.56,0,0.2905603051185608,2.579606533050537,1.536620855331421,0.052380647510290146,0.0037136280443519354,0.2929498255252838,4,False,0.6598316431045532,0.0
fore_aft,9.58,0,0.2905600965023041,2.5796432495117188,1.5366060733795166,0.05238106846809387,0.0037179358769208193,0.2925739884376526,4,False,0.6598314046859741,0.0
fore_aft,9.6,0,0.29056045413017273,2.5795462131500244,1.536535382270813,0.052378978580236435,0.003727121977135539,0.2928212583065033,4,False,0.6598320603370667,0.0
fore_aft,9.620000000000001,0,0.29056036472320557,2.579608678817749,1.5365628004074097,0.052380163222551346,0.0036967636551707983,0.2930159270763397,4,False,0.6598312854766846,0.0
fore_aft,9.64,0,0.29056012630462646,2.5797603130340576,1.5366458892822266,0.0523831732571125,0.003715517232194543,0.29306522011756897,4,False,0.6598316431045532,0.0
fore_aft,9.66,0,0.29056018590927124,2.5797338485717773,1.5366647243499756,0.052382942289114,0.0037261152174323797,0.2925455868244171,4,False,0.659832239151001,0.0
fore_aft,9.68,0,0.2905603051185608,2.5797507762908936,1.536663293838501,0.0523831844329834,0.0037226914428174496,0.2928244173526764,4,False,0.6598318815231323,0.0
fore_aft,9.700000000000001,0,0.2905603349208832,2.579704761505127,1.5366791486740112,0.052382633090019226,0.003728281706571579,0.29299330711364746,4,False,0.659832775592804,0.0
fore_aft,9.72,0,0.29056018590927124,2.5796968936920166,1.5366246700286865,0.052382033318281174,0.003716082777827978,0.2927737832069397,4,False,0.6598312854766846,0.0
fore_aft,9.74,0,0.2905603051185608,2.579758644104004,1.536661982536316,0.052383292466402054,0.0037296281661838293,0.29309913516044617,4,False,0.6598313450813293,0.0
fore_aft,9.76,0,0.29056036472320557,2.579730987548828,1.5366543531417847,0.052382808178663254,0.0037256632931530476,0.2926560640335083,4,False,0.6598314046859741,0.0
fore_aft,9.78,0,0.29056042432785034,2.5798416137695312,1.5367640256881714,0.052385441958904266,0.003736198414117098,0.29334795475006104,4,False,0.6598314046859741,0.0
fore_aft,9.8,0,0.29056039452552795,2.5799508094787598,1.5368653535842896,0.05238797888159752,0.0037362435832619667,0.29263144731521606,4,False,0.6598309278488159,0.0
fore_aft,9.82,0,0.2905605435371399,2.5798518657684326,1.536769986152649,0.05238565057516098,0.0037250686436891556,0.2933112382888794,4,False,0.6598317623138428,0.0
fore_aft,9.84,0,0.29056018590927124,2.5798041820526123,1.5367542505264282,0.05238479748368263,0.003707160707563162,0.2925080358982086,4,False,0.6598325371742249,0.0
fore_aft,9.86,0,0.29056015610694885,2.5797431468963623,1.5365744829177856,0.05238228291273117,0.0037377120461314917,0.29318907856941223,4,False,0.6598314642906189,0.0
fore_aft,9.88,0,0.29056036472320557,2.5796687602996826,1.536516547203064,0.052380651235580444,0.00373291689902544,0.29293137788772583,4,False,0.659832775592804,0.0
fore_aft,9.9,0,0.29056012630462646,2.579648733139038,1.5365891456604004,0.0523809976875782,0.0037252281326800585,0.2929200530052185,4,False,0.6598313450813293,0.0
fore_aft,9.92,0,0.290560245513916,2.5797126293182373,1.53665030002594,0.05238249897956848,0.0037482925690710545,0.2929425835609436,4,False,0.6598315834999084,0.0
fore_aft,9.94,0,0.2905605137348175,2.5795950889587402,1.5365912914276123,0.052380211651325226,0.0037333224900066853,0.29252713918685913,4,False,0.6598323583602905,0.0
fore_aft,9.96,0,0.2905604839324951,2.5795438289642334,1.5365338325500488,0.052378930151462555,0.0037175684701651335,0.29319074749946594,4,False,0.6598312854766846,0.0
fore_aft,9.98,0,0.2905600666999817,2.5795176029205322,1.5365424156188965,0.052378617227077484,0.0037004700861871243,0.29295653104782104,4,False,0.6598302721977234,0.0
fore_aft,10.0,0,0.2905600965023041,2.579530715942383,1.5365118980407715,0.052378538995981216,0.00372968427836895,0.29294732213020325,4,False,0.6598311066627502,0.0
fore_aft,10.02,0,0.2905603051185608,2.579632520675659,1.5365136861801147,0.05238008126616478,0.003708750242367387,0.29298460483551025,4,False,0.6598321199417114,0.0
fore_aft,10.040000000000001,0,0.29055991768836975,2.5796539783477783,1.536557674407959,0.052380792796611786,0.003704515052959323,0.2924685776233673,4,False,0.6598304510116577,0.0
fore_aft,10.06,0,0.29056015610694885,2.5795586109161377,1.5365149974822998,0.05237898603081703,0.0037236055359244347,0.29298537969589233,4,False,0.6598320007324219,0.0
fore_aft,10.08,0,0.29056012630462646,2.5796680450439453,1.5366069078445435,0.05238143727183342,0.003710319520905614,0.2931436598300934,4,False,0.6598311066627502,0.0
fore_aft,10.1,0,0.290559858083725,2.5796849727630615,1.5366102457046509,0.0523817278444767,0.003716064151376486,0.292559415102005,4,False,0.6598312854766846,0.0
fore_aft,10.120000000000001,0,0.2905602753162384,2.579697370529175,1.5365668535232544,0.05238152667880058,0.0037342747673392296,0.2932664752006531,4,False,0.6598321199417114,0.0
fore_aft,10.14,0,0.29056018590927124,2.5797383785247803,1.5366029739379883,0.0523824617266655,0.003712438978254795,0.2932184040546417,4,False,0.6598314642906189,0.0
fore_aft,10.16,0,0.2905600368976593,2.579671621322632,1.536625862121582,0.052381664514541626,0.0037227387074381113,0.29291293025016785,4,False,0.6598309278488159,0.0
fore_aft,10.18,0,0.2905602753162384,2.579796075820923,1.5366538763046265,0.052383776754140854,0.003739183535799384,0.29337742924690247,4,False,0.6598327159881592,0.0
fore_aft,10.200000000000001,0,0.29056039452552795,2.579728126525879,1.5366520881652832,0.05238274112343788,0.0037428054492920637,0.2932319939136505,4,False,0.6598312258720398,0.0
fore_aft,10.22,0,0.29056045413017273,2.5796585083007812,1.536643624305725,0.05238162353634834,0.003718932392075658,0.2927224040031433,4,False,0.6598315834999084,0.0
fore_aft,10.24,0,0.2905603051185608,2.579720973968506,1.5366774797439575,0.05238286778330803,0.0037278172094374895,0.2933938503265381,4,False,0.6598318219184875,0.0
fore_aft,10.26,0,0.290560245513916,2.5796239376068115,1.5366050004959106,0.0523807667195797,0.0037240488454699516,0.2923177480697632,4,False,0.6598312258720398,0.0
fore_aft,10.28,0,0.2905604839324951,2.5795273780822754,1.5365341901779175,0.052378688007593155,0.0037278553936630487,0.2925625741481781,4,False,0.6598317623138428,0.0
fore_aft,10.3,0,0.2905605137348175,2.5795905590057373,1.5365947484970093,0.05238017439842224,0.003703660797327757,0.29298657178878784,4,False,0.659832239151001,0.0
fore_aft,10.32,0,0.29055994749069214,2.579606294631958,1.5365647077560425,0.052380140870809555,0.0036953408271074295,0.29245486855506897,4,False,0.6598305702209473,0.0
fore_aft,10.34,0,0.29056015610694885,2.5795974731445312,1.536539912223816,0.0523797944188118,0.003737356513738632,0.29277628660202026,4,False,0.6598312258720398,0.0
fore_aft,10.36,0,0.2905603051185608,2.579771041870117,1.536627173423767,0.052383165806531906,0.0037075721193104982,0.2931412160396576,4,False,0.6598325371742249,0.0
fore_aft,10.38,0,0.2905598282814026,2.5797438621520996,1.5366071462631226,0.05238258093595505,0.003696759231388569,0.2925114333629608,4,False,0.6598310470581055,0.0
fore_aft,10.4,0,0.2905600070953369,2.579692840576172,1.5365772247314453,0.052381549030542374,0.003733424935489893,0.2928532361984253,4,False,0.6598325967788696,0.0
fore_aft,10.42,0,0.2905600666999817,2.5797348022460938,1.5366343259811401,0.0523826889693737,0.003717371728271246,0.2927733361721039,4,False,0.6598320603370667,0.0
fore_aft,10.44,0,0.2905600368976593,2.579730272293091,1.5366296768188477,0.05238257721066475,0.003726883325725794,0.292793333530426,4,False,0.659831166267395,0.0
fore_aft,10.46,0,0.29056018590927124,2.5796585083007812,1.5366140604019165,0.05238136276602745,0.003723272355273366,0.29273736476898193,4,False,0.6598308086395264,0.0
fore_aft,10.48,0,0.29056015610694885,2.5798561573028564,1.5367463827133179,0.05238550528883934,0.003710339777171612,0.293305903673172,4,False,0.6598334312438965,0.0
fore_aft,10.5,0,0.29055991768836975,2.579782724380493,1.5366899967193604,0.0523838996887207,0.003722431603819132,0.2930510640144348,4,False,0.6598307490348816,0.0
fore_aft,10.52,0,0.2905599772930145,2.579928159713745,1.5366915464401245,0.0523860901594162,0.003724423237144947,0.29355478286743164,4,False,0.6598330736160278,0.0
fore_aft,10.540000000000001,0,0.2905598282814026,2.579899311065674,1.536651849746704,0.05238530784845352,0.003733888268470764,0.293362557888031,4,False,0.6598316431045532,0.0
fore_aft,10.56,0,0.29056012630462646,2.5798048973083496,1.5366158485412598,0.05238357186317444,0.0037496124859899282,0.2930554449558258,4,False,0.6598322987556458,0.0
fore_aft,10.58,0,0.29056018590927124,2.579737663269043,1.5366499423980713,0.05238287150859833,0.003742170287296176,0.2928510904312134,4,False,0.6598314642906189,0.0
fore_aft,10.6,0,0.2905603051185608,2.5795347690582275,1.5365848541259766,0.052379246801137924,0.0037318808026611805,0.2925478518009186,4,False,0.6598297953605652,0.0
fore_aft,10.620000000000001,0,0.2905605733394623,2.579711675643921,1.5367332696914673,0.05238322168588638,0.003731226548552513,0.29292377829551697,4,False,0.6598312854766846,0.0
fore_aft,10.64,0,0.2905602753162384,2.579833984375,1.5367021560668945,0.05238477513194084,0.003685497911646962,0.29260900616645813,4,False,0.6598334312438965,0.0
fore_aft,10.66,0,0.2905598282814026,2.579841375350952,1.5365557670593262,0.052383579313755035,0.0037160986103117466,0.293107271194458,4,False,0.6598318219184875,0.0
fore_aft,10.68,0,0.29056012630462646,2.579868793487549,1.536733627319336,0.05238557979464531,0.0037483612541109324,0.29294463992118835,4,False,0.6598320603370667,0.0
fore_aft,10.700000000000001,0,0.2905604839324951,2.5797417163848877,1.5368386507034302,0.05238461121916771,0.003744540736079216,0.2929883897304535,4,False,0.6598320007324219,0.0
fore_aft,10.72,0,0.29056066274642944,2.5796897411346436,1.5367716550827026,0.05238323286175728,0.0037259801756590605,0.29252055287361145,4,False,0.6598309278488159,0.0
fore_aft,10.74,0,0.29056045413017273,2.5796797275543213,1.5366942882537842,0.052382394671440125,0.0036963275633752346,0.2928769290447235,4,False,0.6598311066627502,0.0
fore_aft,10.76,0,0.29056021571159363,2.5797877311706543,1.5367721319198608,0.05238470435142517,0.003711661323904991,0.2928316593170166,4,False,0.659832239151001,0.0
fore_aft,10.78,0,0.2905600965023041,2.5797274112701416,1.5366079807281494,0.052382342517375946,0.0037117013707756996,0.29280388355255127,4,False,0.6598314046859741,0.0
fore_aft,10.8,0,0.29056015610694885,2.579787015914917,1.5366014242172241,0.0523831732571125,0.0037350498605519533,0.2932995557785034,4,False,0.6598310470581055,0.0
fore_aft,10.82,0,0.29056036472320557,2.579730749130249,1.5367786884307861,0.0523839108645916,0.003741642227396369,0.29280954599380493,4,False,0.6598312854766846,0.0
fore_aft,10.84,0,0.29056069254875183,2.579706907272339,1.5368279218673706,0.052383992820978165,0.003748413873836398,0.293075829744339,4,False,0.6598307490348816,0.0
fore_aft,10.86,0,0.29056069254875183,2.579876184463501,1.5368826389312744,0.05238701403141022,0.0037052554544061422,0.2933046519756317,4,False,0.6598314642906189,0.0
fore_aft,10.88,0,0.29055991768836975,2.580090284347534,1.536930799484253,0.052390649914741516,0.00367995398119092,0.2928381860256195,4,False,0.6598339080810547,0.0
fore_aft,10.9,0,0.2905595302581787,2.5799813270568848,1.536657691001892,0.052386585623025894,0.0037351420614868402,0.29328882694244385,4,False,0.6598318219184875,0.0
fore_aft,10.92,0,0.2905599772930145,2.5800728797912598,1.5368168354034424,0.05238937586545944,0.003778096055611968,0.2928568720817566,4,False,0.6598324775695801,0.0
fore_aft,10.94,0,0.29056060314178467,2.5797884464263916,1.5368136167526245,0.052385084331035614,0.0037654752377420664,0.29238733649253845,4,False,0.6598327159881592,0.0
fore_aft,10.96,0,0.290560781955719,2.5794436931610107,1.5365527868270874,0.052377600222826004,0.0037118536420166492,0.29269927740097046,4,False,0.6598310470581055,0.0
fore_aft,10.98,0,0.29056042432785034,2.579529285430908,1.53660249710083,0.05237932503223419,0.0037143430672585964,0.2929319143295288,4,False,0.6598294973373413,0.0
fore_aft,11.0,0,0.2905605435371399,2.579679250717163,1.5366852283477783,0.05238230898976326,0.0037236791104078293,0.292833149433136,4,False,0.6598300337791443,0.0
