pose,time_s,trial,height,roll_deg,pitch_deg,gravity_error,speed,angular_speed,feet_contact,base_contact,joint_rms,stable_hold_s
side,0.02,0,0.689961314201355,-21.757160186767578,-6.734434127807617,0.3918476104736328,0.15407736599445343,1.485173225402832,0,False,0.21158739924430847,0.0
side,0.04,0,0.6810258626937866,-21.827037811279297,-7.113028526306152,0.39460399746894836,0.6489837169647217,1.3637019395828247,0,False,0.4308968484401703,0.0
side,0.06,0,0.663378119468689,-23.605417251586914,-7.990799903869629,0.426996648311615,1.0217857360839844,1.6048589944839478,0,False,0.5491315126419067,0.0
side,0.08,0,0.6447866559028625,-26.81132698059082,-8.585622787475586,0.48061880469322205,0.8297365307807922,0.9876744151115417,0,False,0.6511430740356445,0.0
side,0.1,0,0.6306285858154297,-24.013458251953125,-8.12472152709961,0.4340951144695282,0.7242123484611511,3.590799570083618,0,False,0.6728997230529785,0.0
side,0.12,0,0.6127127408981323,-21.034069061279297,-7.768367290496826,0.3849894106388092,1.044762372970581,2.6087284088134766,0,False,0.7203454971313477,0.0
side,0.14,0,0.5873722434043884,-20.0273494720459,-7.3462300300598145,0.3668462932109833,1.419676423072815,1.2515627145767212,0,False,0.7842018008232117,0.0
side,0.16,0,0.5571509599685669,-20.874324798583984,-7.490970611572266,0.3810748755931854,1.5748474597930908,1.6789311170578003,0,False,0.8478171229362488,0.0
side,0.18,0,0.5238102674484253,-19.559120178222656,-7.8635149002075195,0.3621695935726166,1.722226858139038,2.249786615371704,0,False,0.8842296600341797,0.0
side,0.2,0,0.48734691739082336,-17.29925537109375,-8.24281120300293,0.32935935258865356,1.8857674598693848,1.8876363039016724,0,False,0.8708749413490295,0.0
side,0.22,0,0.4475197196006775,-15.1033935546875,-8.91222858428955,0.30139973759651184,2.044703722000122,2.095907211303711,0,False,0.8460693359375,0.0
side,0.24,0,0.4039153754711151,-12.7460355758667,-9.67027759552002,0.2751018702983856,2.2503762245178223,1.976804494857788,0,False,0.8201044797897339,0.0
side,0.26,0,0.3557482063770294,-11.386770248413086,-10.225465774536133,0.26328954100608826,2.41404128074646,1.7098268270492554,1,False,0.7997076511383057,0.0
side,0.28,0,0.30772385001182556,-7.328611850738525,-11.888408660888672,0.241279736161232,2.3669204711914062,4.671493053436279,1,False,0.783690869808197,0.0
side,0.3,0,0.26040488481521606,-3.293426990509033,-13.915600776672363,0.24843339622020721,2.252668857574463,2.6789276599884033,2,False,0.7876831889152527,0.0
side,0.32,0,0.22504673898220062,-11.680227279663086,-12.395577430725098,0.29199743270874023,1.508428931236267,3.5809872150421143,3,False,0.7717344164848328,0.0
side,0.34,0,0.21317324042320251,-9.349505424499512,-9.509571075439453,0.23018692433834076,0.3805190324783325,5.85632848739624,4,False,0.7408446073532104,0.0
side,0.36,0,0.21416819095611572,-3.8232619762420654,-6.760787010192871,0.13515329360961914,0.32130852341651917,7.744266986846924,3,False,0.7514205574989319,0.0
side,0.38,0,0.2194138467311859,1.7314318418502808,-5.671767234802246,0.10339734703302383,0.3922193944454193,4.735445976257324,4,False,0.744951605796814,0.0
side,0.4,0,0.22769126296043396,5.303324222564697,-5.329474449157715,0.13075605034828186,0.45691534876823425,2.755767345428467,4,False,0.755750834941864,0.0
side,0.42,0,0.23626045882701874,6.868066310882568,-4.5282392501831055,0.14304405450820923,0.3984777629375458,1.3320099115371704,3,False,0.750045657157898,0.0
side,0.44,0,0.2447851449251175,7.029584884643555,-3.70173978805542,0.13825085759162903,0.43431738018989563,0.8036883473396301,3,False,0.7301600575447083,0.0
side,0.46,0,0.2532338798046112,6.530006408691406,-3.0945916175842285,0.1258382946252823,0.4465692341327667,0.7557503581047058,3,False,0.7133768796920776,0.0
side,0.48,0,0.26091060042381287,6.162192344665527,-2.860722303390503,0.11834467947483063,0.44433078169822693,0.303988516330719,3,False,0.7009692788124084,0.0
side,0.5,0,0.2673952877521515,6.281173229217529,-3.051759719848633,0.12162106484174728,0.4365774095058441,0.44184592366218567,3,False,0.6912694573402405,0.0
side,0.52,0,0.2726132869720459,6.727109909057617,-3.526057004928589,0.13220420479774475,0.43382343649864197,0.5265684723854065,3,False,0.6826144456863403,0.0
side,0.54,0,0.27700087428092957,6.9475836753845215,-3.9509360790252686,0.1390504091978073,0.42721104621887207,0.3744821846485138,3,False,0.6770059466362,0.0
side,0.56,0,0.2805093824863434,6.940089225769043,-4.324802875518799,0.1422140747308731,0.42584648728370667,0.396025151014328,2,False,0.6731389164924622,0.0
side,0.58,0,0.2830412685871124,6.677672386169434,-4.6864495277404785,0.1418440192937851,0.4369621276855469,0.5352665185928345,2,False,0.6699170470237732,0.0
side,0.6,0,0.2846144437789917,6.332065105438232,-5.01033878326416,0.14037388563156128,0.45452356338500977,0.6645864844322205,2,False,0.667840838432312,0.0
side,0.62,0,0.2852255403995514,5.907100200653076,-5.2890238761901855,0.13784319162368774,0.48282352089881897,0.8565518856048584,3,False,0.6666446328163147,0.0
side,0.64,0,0.28480738401412964,5.420122146606445,-5.530091285705566,0.1346369832754135,0.5197470188140869,0.9992194771766663,3,False,0.6661309003829956,0.0
side,0.66,0,0.28339099884033203,4.749208450317383,-5.6769490242004395,0.12874631583690643,0.5671876668930054,1.1858454942703247,3,False,0.6667570471763611,0.0
side,0.68,0,0.2809268534183502,4.294063091278076,-5.643136024475098,0.12339327484369278,0.6084542870521545,0.9299495220184326,2,False,0.6698126792907715,0.0
side,0.7000000000000001,0,0.2774421274662018,3.441693067550659,-5.375542163848877,0.11115661263465881,0.6298325657844543,1.4762169122695923,3,False,0.6728278994560242,0.0
side,0.72,0,0.2725427448749542,1.9376686811447144,-4.882946968078613,0.0915961042046547,0.6165164709091187,0.8926495313644409,3,False,0.6792792677879333,0.0
side,0.74,0,0.26996931433677673,2.6224515438079834,-4.473204612731934,0.090375155210495,0.4807969927787781,1.4695628881454468,4,False,0.6803924441337585,0.0
side,0.76,0,0.2731483578681946,2.796055316925049,-3.9850618839263916,0.08484921604394913,0.4814906120300293,0.38630080223083496,2,False,0.6856447458267212,0.0
side,0.78,0,0.27610844373703003,2.6190149784088135,-3.633094310760498,0.07807648181915283,0.4292446970939636,0.604623556137085,3,False,0.690497100353241,0.0
side,0.8,0,0.2772647440433502,2.7649571895599365,-3.0798864364624023,0.07216021418571472,0.4002586007118225,0.9672552347183228,3,False,0.6903200149536133,0.0
side,0.8200000000000001,0,0.27784493565559387,3.0448527336120605,-2.439683437347412,0.06803416460752487,0.37671440839767456,0.9891828298568726,3,False,0.6900431513786316,0.0
side,0.84,0,0.27844342589378357,3.323845624923706,-1.8737871646881104,0.06654705107212067,0.3552815616130829,0.8802427053451538,2,False,0.6898891925811768,0.0
side,0.86,0,0.2788189947605133,3.5767877101898193,-1.36123526096344,0.06676045060157776,0.33255434036254883,0.9070872068405151,2,False,0.6889457702636719,0.0
side,0.88,0,0.27894842624664307,3.8553214073181152,-0.802940845489502,0.06870976835489273,0.3129892945289612,0.9449889063835144,2,False,0.6878892183303833,0.0
side,0.9,0,0.2790437936782837,4.127436637878418,-0.2612799108028412,0.07216489315032959,0.29932737350463867,0.9121153354644775,2,False,0.6871311664581299,0.0
side,0.92,0,0.27915751934051514,4.383316993713379,0.25999197363853455,0.07661796361207962,0.28659728169441223,0.9376699924468994,2,False,0.6865534782409668,0.0
side,0.9400000000000001,0,0.2791730463504791,4.644720077514648,0.8101341128349304,0.08225572109222412,0.27716171741485596,0.9395512342453003,2,False,0.6856409907341003,0.0
side,0.96,0,0.2791750729084015,4.90629243850708,1.3830429315567017,0.08890697360038757,0.27191296219825745,0.9459844827651978,2,False,0.6847922801971436,0.0
side,0.98,0,0.27926507592201233,5.153344631195068,1.9562413692474365,0.09610313922166824,0.2701006233692169,0.9794064164161682,2,False,0.6841222643852234,0.0
side,1.0,0,0.27935388684272766,5.397964954376221,2.550724983215332,0.10404201596975327,0.2714730203151703,0.9541940689086914,2,False,0.6833555698394775,0.0
side,1.02,0,0.2794557511806488,5.638668060302734,3.1772382259368896,0.11272666603326797,0.2762984335422516,0.97307288646698,2,False,0.6828576922416687,0.0
side,1.04,0,0.27963533997535706,5.863637447357178,3.811131477355957,0.12173017859458923,0.2850050926208496,1.0310612916946411,2,False,0.6828796863555908,0.0
side,1.06,0,0.2798213064670563,6.093026161193848,4.471881866455078,0.13147063553333282,0.29703712463378906,1.024138331413269,2,False,0.6830118894577026,0.0
side,1.08,0,0.2799835205078125,6.343845367431641,5.19374418258667,0.14250868558883667,0.3119463622570038,1.0849705934524536,2,False,0.6830010414123535,0.0
side,1.1,0,0.2801233232021332,6.613170623779297,5.956763744354248,0.15457485616207123,0.33142703771591187,1.168861746788025,2,False,0.6827854514122009,0.0
side,1.12,0,0.28020474314689636,6.911558151245117,6.7725443840026855,0.167897567152977,0.35406574606895447,1.180323600769043,2,False,0.6824288964271545,0.0
side,1.1400000000000001,0,0.2802119255065918,7.251204013824463,7.675774097442627,0.18301114439964294,0.37874698638916016,1.2631607055664062,2,False,0.6820551753044128,0.0
side,1.16,0,0.2800811231136322,7.636924743652344,8.639720916748047,0.19960686564445496,0.40810248255729675,1.3768383264541626,2,False,0.6816874742507935,0.0
side,1.18,0,0.2797386646270752,8.082717895507812,9.667129516601562,0.2178104817867279,0.441569983959198,1.4717350006103516,2,False,0.6814610958099365,0.0
side,1.2,0,0.279143750667572,8.60328483581543,10.789944648742676,0.23812620341777802,0.4789426922798157,1.570436954498291,2,False,0.6813853979110718,0.0
side,1.22,0,0.27819404006004333,9.223067283630371,12.003277778625488,0.26066455245018005,0.5216060876846313,1.6894786357879639,2,False,0.6813209652900696,0.0
side,1.24,0,0.27676528692245483,9.958250999450684,13.298916816711426,0.28537502884864807,0.5695847272872925,1.825163722038269,2,False,0.6813917756080627,0.0
side,1.26,0,0.27474525570869446,10.833929061889648,14.689996719360352,0.3125638961791992,0.6230108141899109,1.980279564857483,2,False,0.6817633509635925,0.0
side,1.28,0,0.2719809412956238,11.879945755004883,16.179174423217773,0.3424195349216461,0.6829483509063721,2.1493189334869385,2,False,0.682483971118927,0.0
side,1.3,0,0.2682780921459198,13.131643295288086,17.759538650512695,0.37502866983413696,0.7497583627700806,2.332444429397583,2,False,0.6836096048355103,0.0
side,1.32,0,0.26340875029563904,14.634169578552246,19.429630279541016,0.41061779856681824,0.8230707049369812,2.546555280685425,2,False,0.6851977705955505,0.0
side,1.34,0,0.2571069002151489,16.43650245666504,21.18360137939453,0.4493675231933594,0.9042724370956421,2.7800698280334473,2,False,0.6875099539756775,0.0
side,1.36,0,0.2491029053926468,18.622976303100586,23.059703826904297,0.49229416251182556,0.996418833732605,3.0105488300323486,2,False,0.6886436343193054,0.0
side,1.3800000000000001,0,0.23844915628433228,21.259727478027344,25.119590759277344,0.540400505065918,1.0986273288726807,3.197328567504883,2,False,0.6900773048400879,0.0
side,1.4000000000000001,0,0.22433598339557648,24.295257568359375,27.381990432739258,0.5929402112960815,1.214756727218628,3.4142050743103027,2,False,0.6931094527244568,0.0
side,1.42,0,0.21651436388492584,28.15933609008789,27.309165954589844,0.6286361217498779,0.835099458694458,3.484090566635132,2,False,0.7025101780891418,0.0
side,1.44,0,0.21023157238960266,32.181949615478516,27.155254364013672,0.6687960028648376,0.8071695566177368,3.3162448406219482,1,False,0.6934717297554016,0.0
side,1.46,0,0.20857322216033936,35.3984260559082,26.817657470703125,0.7019068598747253,0.7287806868553162,2.9625115394592285,1,False,0.6888309717178345,0.0
side,1.48,0,0.20756791532039642,39.03341293334961,26.700124740600586,0.7436093688011169,0.7161465883255005,3.287715435028076,1,False,0.6855272054672241,0.0
side,1.5,0,0.20561830699443817,42.67704391479492,26.34126853942871,0.7863332033157349,0.711693525314331,3.344343423843384,1,False,0.6864521503448486,0.0
side,1.52,0,0.20220783352851868,45.802772521972656,25.409893035888672,0.8224545121192932,0.7248288989067078,3.1674129962921143,1,False,0.6907983422279358,0.0
side,1.54,0,0.19743609428405762,48.447811126708984,23.834930419921875,0.8526014089584351,0.7452112436294556,3.1824891567230225,1,False,0.6964683532714844,0.0
side,1.56,0,0.1915118396282196,51.02676010131836,21.669673919677734,0.8829591274261475,0.7692246437072754,3.3952856063842773,1,False,0.7018657922744751,0.0
side,1.58,0,0.18450374901294708,53.83895492553711,18.871265411376953,0.9182489514350891,0.7989299893379211,3.729185104370117,1,False,0.7065931558609009,0.0
side,1.6,0,0.1763208657503128,57.022857666015625,15.195295333862305,0.9607787132263184,0.8410361409187317,4.44970178604126,2,False,0.709989607334137,0.0
side,1.62,0,0.16870079934597015,62.33062744140625,11.428894996643066,1.036980390548706,0.7861402034759521,5.366399765014648,2,False,0.7022390961647034,0.0
side,1.6400000000000001,0,0.16130779683589935,68.69542694091797,6.635097026824951,1.128714680671692,0.7854084968566895,6.102128505706787,2,False,0.6974919438362122,0.0
side,1.6600000000000001,0,0.15391378104686737,75.24617004394531,-1.3009499311447144,1.220932126045227,0.6479724049568176,6.104583740234375,1,False,0.6960268020629883,0.0
side,1.68,0,0.15488196909427643,79.01148223876953,-1.2806271314620972,1.2723124027252197,0.5443697571754456,3.0403757095336914,1,False,0.6720626354217529,0.0
side,1.7,0,0.15530405938625336,83.06867980957031,-2.1860251426696777,1.3261384963989258,0.46469640731811523,3.6974904537200928,0,False,0.6450110673904419,0.0
side,1.72,0,0.15537773072719574,87.75887298583984,-7.574738502502441,1.386286735534668,0.4214358329772949,4.081935405731201,0,False,0.6232205033302307,0.0
side,1.74,0,0.15549638867378235,92.04228210449219,-175.50465393066406,1.4391920566558838,0.41377538442611694,3.3493728637695312,0,False,0.6108551621437073,0.0
side,1.76,0,0.15525755286216736,95.29946899414062,179.41200256347656,1.4780807495117188,0.4179689586162567,2.5556154251098633,0,False,0.6066950559616089,0.0
side,1.78,0,0.15455864369869232,97.6820297241211,177.42088317871094,1.5057709217071533,0.4303741455078125,1.8300104141235352,0,False,0.6101855039596558,0.0
side,1.8,0,0.1532907634973526,99.6753921508789,175.63796997070312,1.528432011604309,0.4282763600349426,1.738560438156128,0,False,0.6174917221069336,0.0
side,1.82,0,0.1514098346233368,101.67501831054688,173.99977111816406,1.5506867170333862,0.4163605868816376,1.8059816360473633,0,False,0.6265188455581665,0.0
side,1.84,0,0.1490854024887085,103.75157928466797,172.41497802734375,1.573272943496704,0.40161073207855225,1.9277565479278564,0,False,0.6350080966949463,0.0
side,1.86,0,0.14632083475589752,106.08995819091797,171.09011840820312,1.598051905632019,0.38721564412117004,2.2902708053588867,0,False,0.641231119632721,0.0
side,1.8800000000000001,0,0.14326263964176178,108.56672668457031,170.03280639648438,1.6235219240188599,0.37479954957962036,2.476250648498535,0,False,0.6454984545707703,0.0
side,1.9000000000000001,0,0.13997158408164978,111.2359619140625,169.3235626220703,1.6500717401504517,0.3756573498249054,2.559509515762329,0,False,0.6476266980171204,0.0
side,1.92,0,0.13642548024654388,114.07102966308594,168.91371154785156,1.6772432327270508,0.3855949938297272,2.6280224323272705,0,False,0.6490674018859863,0.0
side,1.94,0,0.13251779973506927,117.1432876586914,168.84645080566406,1.7055104970932007,0.41167569160461426,2.777333974838257,0,False,0.6505894064903259,0.0
side,1.96,0,0.12800557911396027,120.5287094116211,169.1470947265625,1.735268473625183,0.4537479877471924,3.032768964767456,0,False,0.6529156565666199,0.0
side,1.98,0,0.12238938361406326,124.32379150390625,169.86793518066406,1.7669341564178467,0.5020748972892761,3.513683795928955,0,False,0.6559192538261414,0.0
side,2.0,0,0.11503653973340988,128.66616821289062,171.04061889648438,1.8009847402572632,0.5771901607513428,3.90985369682312,0,False,0.6596813201904297,0.0
side,2.02,0,0.10585597157478333,133.51657104492188,172.224365234375,1.8360507488250732,0.6585213541984558,4.344780445098877,0,False,0.6642482876777649,0.0
side,2.04,0,0.09656395018100739,138.56582641601562,174.10812377929688,1.8694826364517212,0.6482607126235962,4.4502387046813965,0,False,0.6665360927581787,0.0
side,2.06,0,0.08786052465438843,144.28443908691406,176.53163146972656,1.9031254053115845,0.67982417345047,5.24218225479126,0,False,0.6671707630157471,0.0
side,2.08,0,0.0775507241487503,149.63616943359375,178.87457275390625,1.9301342964172363,0.7275811433792114,4.919976711273193,0,False,0.6712377071380615,0.0
side,2.1,0,0.07105270773172379,156.45738220214844,-179.9713592529297,1.9579393863677979,0.48588085174560547,6.037761211395264,0,False,0.664879560470581,0.0
side,2.12,0,0.0680541917681694,163.65736389160156,-179.9451904296875,1.9796948432922363,0.5214046835899353,6.795186519622803,0,True,0.6368530988693237,0.0
side,2.14,0,0.06270574778318405,172.44190979003906,179.998779296875,1.995651364326477,0.5832117199897766,7.83335542678833,0,True,0.6065718531608582,0.0
side,2.16,0,0.05742716044187546,-179.41200256347656,179.9806671142578,1.9999738931655884,0.2831473648548126,2.6576569080352783,0,True,0.5910290479660034,0.0
side,2.18,0,0.06155028194189072,-174.04132080078125,-179.99972534179688,1.9972965717315674,0.3202489912509918,4.654764175415039,0,True,0.5799564123153687,0.0
side,2.2,0,0.06450721621513367,-169.58953857421875,179.99942016601562,1.9917523860931396,0.2694808542728424,3.622586488723755,0,True,0.5791414976119995,0.0
side,2.22,0,0.06677452474832535,-165.71292114257812,179.99839782714844,1.98447585105896,0.20411640405654907,3.2537639141082764,0,True,0.5824099183082581,0.0
side,2.24,0,0.06833095103502274,-162.6713104248047,-179.99957275390625,1.9771759510040283,0.1959126591682434,2.5485339164733887,0,True,0.5906007885932922,0.0
side,2.2600000000000002,0,0.0697205662727356,-159.58299255371094,-179.99998474121094,1.9683393239974976,0.20755042135715485,2.7269160747528076,0,True,0.5988127589225769,0.0
side,2.2800000000000002,0,0.0709359347820282,-156.4303436279297,179.9996337890625,1.9578429460525513,0.21115589141845703,2.7698700428009033,0,True,0.606389045715332,0.0
side,2.3000000000000003,0,0.07195354253053665,-153.20965576171875,179.9998779296875,1.9455912113189697,0.21056371927261353,2.8095552921295166,0,True,0.6105812191963196,0.0
side,2.32,0,0.07271694391965866,-150.10740661621094,-179.99893188476562,1.9323362112045288,0.20381654798984528,2.647329807281494,0,True,0.6127687096595764,0.0
side,2.34,0,0.07327434420585632,-147.2764892578125,-179.97833251953125,1.9190044403076172,0.17448079586029053,2.238826274871826,0,True,0.6177534461021423,0.0
side,2.36,0,0.07360787689685822,-145.02728271484375,-179.96141052246094,1.9075772762298584,0.1468285620212555,1.8198100328445435,0,True,0.627850353717804,0.0
side,2.38,0,0.0738501101732254,-143.1276092529297,-179.92405700683594,1.8973525762557983,0.11079903692007065,1.4974161386489868,0,True,0.6405618190765381,0.0
side,2.4,0,0.07413793355226517,-141.87222290039062,-179.8291473388672,1.8903086185455322,0.06000618636608124,0.822486400604248,0,True,0.6525577306747437,0.0
side,2.42,0,0.07440632581710815,-141.18109130859375,-179.7268524169922,1.8863328695297241,0.03804568946361542,0.33249008655548096,0,True,0.6593860387802124,0.0
side,2.44,0,0.07442839443683624,-140.93817138671875,-179.71902465820312,1.88491952419281,0.006565892603248358,0.08098993450403214,0,True,0.6641067266464233,0.0
side,2.46,0,0.07435827702283859,-141.1201934814453,-179.7460174560547,1.8859797716140747,0.02980295941233635,0.34591144323349,0,True,0.6684136986732483,0.0
side,2.48,0,0.0740344300866127,-141.60592651367188,-179.87310791015625,1.8887861967086792,0.0648922547698021,0.28945261240005493,0,True,0.6748095750808716,0.0
side,2.5,0,0.07383978366851807,-142.21527099609375,-179.934814453125,1.8922572135925293,0.058103449642658234,0.3678572177886963,0,True,0.6835917830467224,0.0
side,2.52,0,0.0737932026386261,-142.78842163085938,-179.94268798828125,1.8954724073410034,0.058069244027137756,0.2981044352054596,0,True,0.6910712718963623,0.0
side,2.54,0,0.07374311983585358,-143.4934844970703,-179.9495086669922,1.899362564086914,0.05882669612765312,0.6771256923675537,0,True,0.6968688368797302,0.0
side,2.56,0,0.07365221530199051,-144.4114990234375,-179.9580535888672,1.9043201208114624,0.07621351629495621,0.7192662954330444,0,True,0.7059369683265686,0.0
side,2.58,0,0.07407358288764954,-144.1013641357422,179.94680786132812,1.9026588201522827,0.05588652566075325,0.30981680750846863,0,False,0.7250478267669678,0.0
side,2.6,0,0.07568341493606567,-145.71218872070312,179.49185180664062,1.9111237525939941,0.15704306960105896,2.3881824016571045,0,False,0.7367972731590271,0.0
side,2.62,0,0.07806326448917389,-148.2186279296875,178.8202667236328,1.9235042333602905,0.17183838784694672,3.1341795921325684,0,False,0.764644205570221,0.0
side,2.64,0,0.08052191138267517,-152.91102600097656,178.01820373535156,1.9441602230072021,0.26409515738487244,4.478179454803467,0,False,0.8190866112709045,0.0
side,2.66,0,0.08236338198184967,-159.1281280517578,177.18548583984375,1.9664158821105957,0.3523508608341217,5.856201171875,0,False,0.8824877142906189,0.0
side,2.68,0,0.08130086958408356,-165.43304443359375,176.82241821289062,1.983159065246582,0.41756072640419006,3.890789747238159,0,False,0.9435667991638184,0.0
side,2.7,0,0.08491238206624985,-167.6004638671875,176.66612243652344,1.9875099658966064,0.2802315354347229,1.6039284467697144,1,False,0.955423891544342,0.0
side,2.72,0,0.08818497508764267,-167.3147735595703,176.60585021972656,1.9869383573532104,0.20448380708694458,1.0635486841201782,0,False,0.9707407355308533,0.0
side,2.74,0,0.09119603037834167,-164.64747619628906,176.4334259033203,1.981200933456421,0.1481921374797821,2.8543879985809326,0,False,0.9812374114990234,0.0
side,2.7600000000000002,0,0.09360821545124054,-160.9488525390625,175.8488006591797,1.971299648284912,0.10117330402135849,3.4149961471557617,0,False,0.9822250008583069,0.0
side,2.7800000000000002,0,0.09532957524061203,-157.32623291015625,174.76934814453125,1.9593061208724976,0.07235322892665863,3.300387382507324,0,False,0.9655232429504395,0.0
side,2.8000000000000003,0,0.09686265885829926,-154.6221923828125,174.30564880371094,1.9492853879928589,0.12085629254579544,2.0919265747070312,0,False,0.9499212503433228,0.0
side,2.82,0,0.09741240739822388,-152.33290100097656,174.24102783203125,1.9401798248291016,0.12422849237918854,1.7437412738800049,0,False,0.9468812942504883,0.0
side,2.84,0,0.09764714539051056,-151.12533569335938,174.2045135498047,1.9350658655166626,0.1163255050778389,0.7548986077308655,0,False,0.9445894956588745,0.0
side,2.86,0,0.09787706285715103,-150.15753173828125,174.1619110107422,1.9308055639266968,0.10816832631826401,0.6423042416572571,0,False,0.9543046355247498,0.0
side,2.88,0,0.09821054339408875,-149.21072387695312,174.08474731445312,1.926485300064087,0.10496297478675842,0.6361532211303711,0,False,0.9666844010353088,0.0
side,2.9,0,0.09877049177885056,-148.3355255126953,173.9473114013672,1.9223377704620361,0.09535514563322067,0.6806933283805847,0,False,0.9734277725219727,0.0
side,2.92,0,0.09950863569974899,-147.5767364501953,173.7600860595703,1.918613076210022,0.09013631939888,0.48917198181152344,0,False,0.9749650955200195,0.0
side,2.94,0,0.10040515661239624,-146.91859436035156,173.5345001220703,1.9152776002883911,0.07709306478500366,0.36379632353782654,0,False,0.9752113223075867,0.0
side,2.96,0,0.10134744644165039,-146.35137939453125,173.2915802001953,1.912322998046875,0.0679837018251419,0.27206265926361084,0,False,0.9774653315544128,0.0
side,2.98,0,0.1022588387131691,-145.85037231445312,173.0496368408203,1.9096566438674927,0.0578412227332592,0.5404980182647705,0,False,0.9817206263542175,0.0
side,3.0,0,0.1029924750328064,-145.4465789794922,172.8616485595703,1.907486081123352,0.04964866116642952,0.3140275478363037,0,False,0.9822733402252197,0.0
side,3.02,0,0.10365069657564163,-145.09739685058594,172.68312072753906,1.9055792093276978,0.034960195422172546,0.30000969767570496,0,False,0.9826381802558899,0.0
side,3.04,0,0.10415076464414597,-144.8280487060547,172.5443115234375,1.9040957689285278,0.02955041080713272,0.31699246168136597,0,False,0.9845587015151978,0.0
side,3.06,0,0.10453890264034271,-144.61770629882812,172.437255859375,1.9029301404953003,0.017063390463590622,0.2396390438079834,0,False,0.9851886630058289,0.0
side,3.08,0,0.10482047498226166,-144.46974182128906,172.359130859375,1.9021048545837402,0.012758385390043259,0.14621366560459137,0,False,0.9857784509658813,0.0
side,3.1,0,0.1050289124250412,-144.38580322265625,172.3063507080078,1.90162992477417,0.008416424505412579,0.17219559848308563,0,False,0.9878324866294861,0.0
side,3.12,0,0.10516169667243958,-144.32626342773438,172.2684326171875,1.9012916088104248,0.008476035669445992,0.15023648738861084,0,False,0.9884910583496094,0.0
side,3.14,0,0.10525091737508774,-144.29454040527344,172.24484252929688,1.9011090993881226,0.01084962673485279,0.14753757417201996,0,False,0.9893640875816345,0.0
side,3.16,0,0.10521102696657181,-144.27999877929688,172.25222778320312,1.901037573814392,0.015537938103079796,0.1323932409286499,0,False,0.9903110265731812,0.0
side,3.18,0,0.10520502179861069,-144.28680419921875,172.2549285888672,1.901075005531311,0.014002296142280102,0.1543981283903122,0,False,0.9902568459510803,0.0
side,3.2,0,0.10521266609430313,-144.28399658203125,172.25192260742188,1.9010586738586426,0.012596679851412773,0.14626576006412506,0,False,0.9896804094314575,0.0
side,3.22,0,0.10520856082439423,-144.2840576171875,172.2521209716797,1.9010591506958008,0.013196219690144062,0.1369991898536682,0,False,0.9893777370452881,0.0
side,3.24,0,0.10520929843187332,-144.28619384765625,172.2524871826172,1.9010701179504395,0.01339801587164402,0.14346762001514435,0,False,0.9894075989723206,0.0
side,3.2600000000000002,0,0.1052168682217598,-144.28466796875,172.25067138671875,1.9010611772537231,0.013343357481062412,0.14638201892375946,0,False,0.9894671440124512,0.0
side,3.2800000000000002,0,0.10521064698696136,-144.2857208251953,172.25144958496094,1.9010674953460693,0.01380858849734068,0.13305462896823883,0,False,0.9895306825637817,0.0
side,3.3000000000000003,0,0.10521498322486877,-144.285400390625,172.2508087158203,1.9010648727416992,0.013140040449798107,0.1458560824394226,0,False,0.9896359443664551,0.0
side,3.3200000000000003,0,0.10521386563777924,-144.2861785888672,172.25164794921875,1.9010696411132812,0.014602829702198505,0.14965488016605377,0,False,0.9897079467773438,0.0
side,3.34,0,0.10521303117275238,-144.2863311767578,172.2512969970703,1.9010701179504395,0.013546901755034924,0.14263810217380524,0,False,0.9898126125335693,0.0
side,3.36,0,0.10521776974201202,-144.2857666015625,172.25003051757812,1.901066780090332,0.013630961999297142,0.14720702171325684,0,False,0.9898887872695923,0.0
side,3.38,0,0.10521572828292847,-144.28775024414062,172.250732421875,1.9010772705078125,0.012065660208463669,0.11240886151790619,0,False,0.9900234341621399,0.0
side,3.4,0,0.10522005707025528,-144.292724609375,172.252197265625,1.9011048078536987,0.012038461863994598,0.12692014873027802,0,False,0.9906452298164368,0.0
side,3.42,0,0.10522773116827011,-144.2919464111328,172.2493896484375,1.9010988473892212,0.011852788738906384,0.14334970712661743,0,False,0.9913343787193298,0.0
side,3.44,0,0.10522705316543579,-144.2925262451172,172.25120544433594,1.9011024236679077,0.013929096050560474,0.1573495864868164,0,False,0.9920168519020081,0.0
side,3.46,0,0.1052299216389656,-144.28981018066406,172.24966430664062,1.9010874032974243,0.013410720974206924,0.13661059737205505,0,False,0.9926764965057373,0.0
side,3.48,0,0.1052374392747879,-144.29315185546875,172.2478790283203,1.9011039733886719,0.013730262406170368,0.14853425323963165,0,False,0.9924846291542053,0.0
side,3.5,0,0.10523360967636108,-144.29360961914062,172.24856567382812,1.901106595993042,0.01251901499927044,0.15109379589557648,0,False,0.9923809170722961,0.0
side,3.52,0,0.1052374318242073,-144.29376220703125,172.24681091308594,1.9011062383651733,0.01268171239644289,0.14115944504737854,0,False,0.9925382137298584,0.0
side,3.54,0,0.10523079335689545,-144.29351806640625,172.2490997314453,1.9011064767837524,0.012692831456661224,0.12114587426185608,0,False,0.9927271008491516,0.0
side,3.56,0,0.10523738712072372,-144.29531860351562,172.2472686767578,1.9011147022247314,0.01268344558775425,0.1436130255460739,0,False,0.992526113986969,0.0
side,3.58,0,0.1052323579788208,-144.2930450439453,172.24838256835938,1.9011033773422241,0.01236501894891262,0.11967910826206207,0,False,0.9925821423530579,0.0
side,3.6,0,0.10524153709411621,-144.29629516601562,172.24591064453125,1.9011188745498657,0.012021442875266075,0.1420779973268509,0,False,0.9924551248550415,0.0
side,3.62,0,0.10523604601621628,-144.29576110839844,172.24647521972656,1.9011167287826538,0.014804703183472157,0.15334051847457886,0,False,0.9926678538322449,0.0
side,3.64,0,0.1052245944738388,-144.29635620117188,172.25331115722656,1.901124358177185,0.010821113362908363,0.15980711579322815,0,False,0.9923065900802612,0.0
side,3.66,0,0.10526128858327866,-144.2953643798828,172.23928833007812,1.9011094570159912,0.01352872047573328,0.15798114240169525,0,False,0.9925746321678162,0.0
side,3.68,0,0.10527884215116501,-144.3006591796875,172.2383575439453,1.9011372327804565,0.012188359163701534,0.1351933479309082,0,False,0.9927021861076355,0.0
side,3.7,0,0.10533459484577179,-144.30601501464844,172.2244110107422,1.9011560678482056,0.013005197048187256,0.20506501197814941,0,False,0.993048369884491,0.0
side,3.72,0,0.10535939782857895,-144.30828857421875,172.21832275390625,1.9011635780334473,0.01190067920833826,0.15046080946922302,0,False,0.9934626221656799,0.0
side,3.74,0,0.10538871586322784,-144.3111572265625,172.2107391357422,1.9011733531951904,0.013182321563363075,0.13926248252391815,0,False,0.9939181804656982,0.0
side,3.7600000000000002,0,0.10536501556634903,-144.31500244140625,172.21803283691406,1.9011987447738647,0.012574871070683002,0.15138380229473114,0,False,0.9941447377204895,0.0
side,3.7800000000000002,0,0.10538849979639053,-144.3146514892578,172.21083068847656,1.9011919498443604,0.010986494831740856,0.1435142606496811,0,False,0.9942727088928223,0.0
side,3.8000000000000003,0,0.10538101941347122,-144.31399536132812,172.21041870117188,1.901188611984253,0.014576391316950321,0.14842833578586578,0,False,0.9943574666976929,0.0
side,3.8200000000000003,0,0.10540400445461273,-144.3336944580078,172.21347045898438,1.9012939929962158,0.008613896556198597,0.1860061138868332,0,False,0.9937394261360168,0.0
side,3.84,0,0.10547257959842682,-144.32537841796875,172.19090270996094,1.9012349843978882,0.011291933245956898,0.14782346785068512,0,False,0.9942892789840698,0.0
side,3.86,0,0.10546202212572098,-144.32228088378906,172.19390869140625,1.9012205600738525,0.014367622323334217,0.1463216096162796,0,False,0.9946027398109436,0.0
side,3.88,0,0.10545404255390167,-144.32174682617188,172.19631958007812,1.9012194871902466,0.012084152549505234,0.1316325068473816,0,False,0.994637131690979,0.0
side,3.9,0,0.10546858608722687,-144.3211669921875,172.19105529785156,1.9012129306793213,0.01230901014059782,0.12993678450584412,0,False,0.9942923784255981,0.0
side,3.92,0,0.10545241087675095,-144.32362365722656,172.1964111328125,1.9012296199798584,0.012834866531193256,0.1366826444864273,0,False,0.9942761063575745,0.0
side,3.94,0,0.10546449571847916,-144.32249450683594,172.1927032470703,1.9012209177017212,0.012265948578715324,0.13622215390205383,0,False,0.9943630695343018,0.0
side,3.96,0,0.10546200722455978,-144.3211669921875,172.19361877441406,1.901214838027954,0.013570914044976234,0.11229569464921951,0,False,0.9944079518318176,0.0
side,3.98,0,0.10545562207698822,-144.32406616210938,172.19607543945312,1.9012317657470703,0.01198261883109808,0.14896470308303833,0,False,0.9940938353538513,0.0
side,4.0,0,0.1054675430059433,-144.32369995117188,172.1922607421875,1.9012271165847778,0.013231536373496056,0.13841930031776428,0,False,0.9942094087600708,0.0
side,4.0200000000000005,0,0.10546060651540756,-144.3240203857422,172.19461059570312,1.9012303352355957,0.013357803225517273,0.11959564685821533,0,False,0.9944136142730713,0.0
side,4.04,0,0.1054682508111,-144.32701110839844,172.1927947998047,1.9012449979782104,0.012213129550218582,0.14512726664543152,0,False,0.994222104549408,0.0
side,4.0600000000000005,0,0.10546474903821945,-144.32333374023438,172.19297790527344,1.9012255668640137,0.012375629507005215,0.1165112778544426,0,False,0.9943342208862305,0.0
side,4.08,0,0.10546280443668365,-144.32574462890625,172.19522094726562,1.9012393951416016,0.013439461588859558,0.13655664026737213,0,False,0.9941610097885132,0.0
side,4.1,0,0.10546795278787613,-144.32498168945312,172.193115234375,1.90123450756073,0.011756561696529388,0.15129558742046356,0,False,0.9939951300621033,0.0
side,4.12,0,0.10546968132257462,-144.3256072998047,172.19223022460938,1.9012374877929688,0.013289045542478561,0.14662602543830872,0,False,0.9943553805351257,0.0
side,4.14,0,0.10546409338712692,-144.32461547851562,172.1934051513672,1.9012326002120972,0.012551824562251568,0.14094765484333038,0,False,0.9946526288986206,0.0
side,4.16,0,0.1054704561829567,-144.32427978515625,172.19166564941406,1.9012300968170166,0.012237438932061195,0.14580237865447998,0,False,0.9947720766067505,0.0
side,4.18,0,0.10546822100877762,-144.32565307617188,172.1930389404297,1.901237964630127,0.014069766737520695,0.15240618586540222,0,False,0.9948127865791321,0.0
side,4.2,0,0.10546503961086273,-144.32351684570312,172.19284057617188,1.90122652053833,0.011960593983530998,0.14071691036224365,0,False,0.9947789311408997,0.0
side,4.22,0,0.1054723933339119,-144.32420349121094,172.1913604736328,1.901228904724121,0.013240238651633263,0.14525479078292847,0,False,0.9947147965431213,0.0
side,4.24,0,0.10546416789293289,-144.32464599609375,172.19448852539062,1.9012333154678345,0.013348761945962906,0.1337420642375946,0,False,0.9946745038032532,0.0
side,4.26,0,0.1054677665233612,-144.32652282714844,172.1928253173828,1.9012421369552612,0.012286628596484661,0.14879605174064636,0,False,0.9943378567695618,0.0
side,4.28,0,0.1054684966802597,-144.3256072998047,172.19161987304688,1.901236891746521,0.01239695306867361,0.1337887942790985,0,False,0.9944204092025757,0.0
side,4.3,0,0.10546379536390305,-144.32701110839844,172.1930694580078,1.9012447595596313,0.012475376017391682,0.13500992953777313,0,False,0.9945513606071472,0.0
side,4.32,0,0.10547026991844177,-144.32374572753906,172.19227600097656,1.9012274742126465,0.012876488268375397,0.12738154828548431,0,False,0.994631826877594,0.0
side,4.34,0,0.10546852648258209,-144.32530212402344,172.19332885742188,1.9012359380722046,0.013391170650720596,0.15291987359523773,0,False,0.9942829012870789,0.0
side,4.36,0,0.10546591877937317,-144.32363891601562,172.193359375,1.9012272357940674,0.011596787720918655,0.1513170748949051,0,False,0.99433434009552,0.0
side,4.38,0,0.10547299683094025,-144.32398986816406,172.19129943847656,1.9012283086776733,0.01353463064879179,0.14775516092777252,0,False,0.9946199059486389,0.0
side,4.4,0,0.10546354204416275,-144.32461547851562,172.1947021484375,1.9012333154678345,0.013241973705589771,0.1344027817249298,0,False,0.9947944283485413,0.0
side,4.42,0,0.10546936094760895,-144.3256072998047,172.19215393066406,1.9012371301651,0.012303389608860016,0.14752046763896942,0,False,0.9944735169410706,0.0
side,4.44,0,0.10546588897705078,-144.3259735107422,172.19252014160156,1.901239037513733,0.012687545269727707,0.1369962841272354,0,False,0.9944705963134766,0.0
side,4.46,0,0.1054636761546135,-144.32455444335938,172.19369506835938,1.9012324810028076,0.011942598968744278,0.11857821047306061,0,False,0.9945868253707886,0.0
side,4.48,0,0.10547138750553131,-144.32582092285156,172.19192504882812,1.901238203048706,0.012821453623473644,0.14814214408397675,0,False,0.9943884015083313,0.0
side,4.5,0,0.10546401888132095,-144.32652282714844,172.19284057617188,1.9012422561645508,0.012224075384438038,0.1341087371110916,0,False,0.9944758415222168,0.0
side,4.5200000000000005,0,0.10547289252281189,-144.32461547851562,172.19134521484375,1.9012315273284912,0.01222749799489975,0.12373167276382446,0,False,0.9946759343147278,0.0
side,4.54,0,0.10547487437725067,-144.32699584960938,172.1920928955078,1.9012442827224731,0.013377724215388298,0.15615318715572357,0,False,0.9943704605102539,0.0
side,4.5600000000000005,0,0.10546964406967163,-144.32579040527344,172.19284057617188,1.9012385606765747,0.012055454775691032,0.15528109669685364,0,False,0.9944538474082947,0.0
side,4.58,0,0.10547716170549393,-144.32565307617188,172.19058227539062,1.9012362957000732,0.013485252857208252,0.15303225815296173,0,False,0.9947522282600403,0.0
side,4.6000000000000005,0,0.1054692491889,-144.3266143798828,172.19317626953125,1.9012428522109985,0.013435485772788525,0.1566258817911148,0,False,0.9949248433113098,0.0
side,4.62,0,0.1054767593741417,-144.32398986816406,172.1904754638672,1.9012274742126465,0.012713722884654999,0.15054826438426971,0,False,0.9949231147766113,0.0
side,4.64,0,0.10547099262475967,-144.32627868652344,172.19175720214844,1.9012404680252075,0.012971376068890095,0.14901329576969147,0,False,0.9947940111160278,0.0
side,4.66,0,0.10546965152025223,-144.32615661621094,172.19290161132812,1.9012404680252075,0.012727021239697933,0.13055768609046936,0,False,0.9948151707649231,0.0
side,4.68,0,0.10547267645597458,-144.3276824951172,172.19097900390625,1.9012471437454224,0.012175936251878738,0.1411369889974594,0,False,0.9944722652435303,0.0
side,4.7,0,0.10546840727329254,-144.32632446289062,172.19265747070312,1.9012410640716553,0.011805056594312191,0.12137527763843536,0,False,0.9945088624954224,0.0
side,4.72,0,0.10547458380460739,-144.32760620117188,172.19114685058594,1.9012466669082642,0.01240426953881979,0.15303467214107513,0,False,0.9944227337837219,0.0
side,4.74,0,0.10547205060720444,-144.3282928466797,172.19126892089844,1.9012508392333984,0.012439681217074394,0.1433791071176529,0,False,0.9946097731590271,0.0
side,4.76,0,0.10547183454036713,-144.32862854003906,172.1912078857422,1.9012521505355835,0.011966702528297901,0.14010779559612274,0,False,0.9948548078536987,0.0
side,4.78,0,0.10547477006912231,-144.3274383544922,172.19044494628906,1.9012455940246582,0.012372811324894428,0.1407691240310669,0,False,0.9949362277984619,0.0
side,4.8,0,0.105473093688488,-144.32763671875,172.19078063964844,1.9012465476989746,0.01244994718581438,0.1393377184867859,0,False,0.9948970675468445,0.0
side,4.82,0,0.10547095537185669,-144.32858276367188,172.1914825439453,1.9012519121170044,0.01224328950047493,0.1402716487646103,0,False,0.9948405027389526,0.0
side,4.84,0,0.10547863692045212,-144.32537841796875,172.19009399414062,1.901234745979309,0.012653178535401821,0.12467771023511887,0,False,0.994828999042511,0.0
side,4.86,0,0.10547143220901489,-144.3289031982422,172.19215393066406,1.9012540578842163,0.012342501431703568,0.15316949784755707,0,False,0.9944427013397217,0.0
side,4.88,0,0.10547671467065811,-144.32664489746094,172.1903839111328,1.901241421699524,0.010982003062963486,0.12530897557735443,0,False,0.9946231245994568,0.0
side,4.9,0,0.10547661781311035,-144.32931518554688,172.19105529785156,1.90125572681427,0.01345151849091053,0.15181785821914673,0,False,0.9945042133331299,0.0
side,4.92,0,0.10547323524951935,-144.3280029296875,172.19219970703125,1.9012497663497925,0.011778897605836391,0.13296179473400116,0,False,0.9946542978286743,0.0
side,4.94,0,0.10548120737075806,-144.32749938964844,172.1888427734375,1.9012447595596313,0.012091126292943954,0.14468538761138916,0,False,0.9945845603942871,0.0
side,4.96,0,0.10547398775815964,-144.32810974121094,172.19252014160156,1.9012503623962402,0.013154535554349422,0.13629654049873352,0,False,0.9947496652603149,0.0
side,4.98,0,0.10547816753387451,-144.3290557861328,172.19044494628906,1.901253581047058,0.012141919694840908,0.15598240494728088,0,False,0.9945805668830872,0.0
side,5.0,0,0.10547564178705215,-144.3280029296875,172.1907196044922,1.9012489318847656,0.012709159404039383,0.14126040041446686,0,False,0.9947259426116943,0.0
side,5.0200000000000005,0,0.10547573864459991,-144.3288116455078,172.19137573242188,1.9012532234191895,0.012305210344493389,0.15970638394355774,0,False,0.9948346614837646,0.0
side,5.04,0,0.10548001527786255,-144.32579040527344,172.18923950195312,1.9012361764907837,0.012738271616399288,0.14050687849521637,0,False,0.9949855208396912,0.0
side,5.0600000000000005,0,0.10547267645597458,-144.328857421875,172.19192504882812,1.9012539386749268,0.012630525045096874,0.15440687537193298,0,False,0.994914174079895,0.0
side,5.08,0,0.10548039525747299,-144.3264923095703,172.18984985351562,1.9012404680252075,0.012708119116723537,0.14897343516349792,0,False,0.9949620366096497,0.0
side,5.1000000000000005,0,0.10547623038291931,-144.32786560058594,172.1905975341797,1.9012479782104492,0.012553681619465351,0.1521625965833664,0,False,0.9948906302452087,0.0
side,5.12,0,0.10547597706317902,-144.3267364501953,172.19129943847656,1.9012426137924194,0.012797839939594269,0.13177822530269623,0,False,0.9949572086334229,0.0
side,5.14,0,0.10547935962677002,-144.3277130126953,172.19091796875,1.9012471437454224,0.013155180960893631,0.1591096818447113,0,False,0.9946280121803284,0.0
side,5.16,0,0.10547339916229248,-144.3291778564453,172.1920928955078,1.90125572681427,0.012070868164300919,0.16238369047641754,0,False,0.9946339726448059,0.0
side,5.18,0,0.10547944158315659,-144.32611083984375,172.18931579589844,1.9012380838394165,0.012532409280538559,0.13842111825942993,0,False,0.9949378967285156,0.0
side,5.2,0,0.10547491908073425,-144.32850646972656,172.19107055664062,1.9012516736984253,0.012407377362251282,0.15188319981098175,0,False,0.9949597716331482,0.0
side,5.22,0,0.10547924786806107,-144.3272247314453,172.19017028808594,1.9012442827224731,0.011851800605654716,0.13002431392669678,0,False,0.995039701461792,0.0
side,5.24,0,0.10547644644975662,-144.33102416992188,172.1883087158203,1.9012629985809326,0.012211780063807964,0.1274092197418213,0,False,0.9946189522743225,0.0
side,5.26,0,0.10551581531763077,-144.34451293945312,172.1854705810547,1.9013320207595825,0.011622956022620201,0.1704094558954239,0,False,0.9943360686302185,0.0
side,5.28,0,0.10554995387792587,-144.33717346191406,172.17002868652344,1.9012831449508667,0.014504749327898026,0.1480616182088852,0,False,0.9948126077651978,0.0
side,5.3,0,0.10553324222564697,-144.34864807128906,172.18382263183594,1.9013522863388062,0.013407878577709198,0.23067571222782135,0,False,0.9943663477897644,0.0
side,5.32,0,0.10561440140008926,-144.35032653808594,172.1589813232422,1.9013445377349854,0.011664588004350662,0.18461233377456665,0,False,0.9950277209281921,0.0
side,5.34,0,0.10569161176681519,-144.32383728027344,172.13250732421875,1.9011874198913574,0.012777588330209255,0.13730934262275696,0,False,0.9955710172653198,0.0
side,5.36,0,0.10572536289691925,-144.30503845214844,172.13099670410156,1.9010876417160034,0.011247950606048107,0.17603428661823273,0,False,0.9947778582572937,0.0
side,5.38,0,0.10575216263532639,-144.30670166015625,172.1221923828125,1.9010900259017944,0.013581965118646622,0.18959002196788788,0,False,0.994583785533905,0.0
side,5.4,0,0.10578174144029617,-144.3146514892578,172.11549377441406,1.901127576828003,0.014651505276560783,0.15289390087127686,0,False,0.9949963092803955,0.0
side,5.42,0,0.10579666495323181,-144.31378173828125,172.10772705078125,1.9011178016662598,0.010490038432180882,0.12742282450199127,0,False,0.9954038262367249,0.0
side,5.44,0,0.10586344450712204,-144.32211303710938,172.1089630126953,1.901162028312683,0.007127630524337292,0.17961396276950836,0,False,0.9955160021781921,0.0
side,5.46,0,0.10593602061271667,-144.30825805664062,172.0760498046875,1.9010670185089111,0.012738696299493313,0.15872955322265625,0,False,0.9956405162811279,0.0
side,5.48,0,0.10591194778680801,-144.31320190429688,172.08055114746094,1.901095986366272,0.015971839427947998,0.17685280740261078,0,False,0.9953573346138,0.0
side,5.5,0,0.1058906763792038,-144.32557678222656,172.0910186767578,1.9011681079864502,0.0128081189468503,0.2124646008014679,0,False,0.994941771030426,0.0
side,5.5200000000000005,0,0.10592308640480042,-144.31417846679688,172.07888793945312,1.9011001586914062,0.0100272661074996,0.1815762221813202,0,False,0.9954410195350647,0.0
side,5.54,0,0.10597872734069824,-144.31605529785156,172.0655975341797,1.901100993156433,0.014117669314146042,0.13595743477344513,0,False,0.9960251450538635,0.0
side,5.5600000000000005,0,0.10597957670688629,-144.32269287109375,172.0664825439453,1.901136040687561,0.009702199138700962,0.1681937426328659,0,False,0.9961223006248474,0.0
side,5.58,0,0.10599277913570404,-144.31912231445312,172.06082153320312,1.901113510131836,0.011185660026967525,0.17171919345855713,0,False,0.9964321255683899,0.0
side,5.6000000000000005,0,0.10604032129049301,-144.31643676757812,172.05157470703125,1.9010926485061646,0.012623675167560577,0.16126149892807007,0,False,0.9964137077331543,0.0
side,5.62,0,0.1060372143983841,-144.32017517089844,172.0512237548828,1.90111243724823,0.01454140618443489,0.19615967571735382,0,False,0.9961313009262085,0.0
side,5.64,0,0.10603401809930801,-144.32464599609375,172.0545654296875,1.9011380672454834,0.012561644427478313,0.17644351720809937,0,False,0.9956855177879333,0.0
side,5.66,0,0.10604522377252579,-144.32510375976562,172.05087280273438,1.901138186454773,0.011422457173466682,0.19137294590473175,0,False,0.9955224394798279,0.0
side,5.68,0,0.10604149848222733,-144.32640075683594,172.0510711669922,1.9011452198028564,0.011844197288155556,0.18885460495948792,0,False,0.9957553148269653,0.0
side,5.7,0,0.10606493055820465,-144.33290100097656,172.04881286621094,1.9011777639389038,0.00722767086699605,0.17602044343948364,0,False,0.9961830973625183,0.0
side,5.72,0,0.10611487925052643,-144.3248748779297,172.03207397460938,1.901124119758606,0.013362822122871876,0.140166774392128,0,False,0.9967572093009949,0.0
side,5.74,0,0.10608983039855957,-144.3268280029297,172.04017639160156,1.9011396169662476,0.014039245434105396,0.13127325475215912,0,False,0.9964172840118408,0.0
side,5.76,0,0.10608334839344025,-144.33599853515625,172.04246520996094,1.9011894464492798,0.013116221874952316,0.195020854473114,0,False,0.9958633780479431,0.0
side,5.78,0,0.10611675679683685,-144.3281707763672,172.03392028808594,1.9011428356170654,0.011785770766437054,0.1948922574520111,0,False,0.9954943060874939,0.0
side,5.8,0,0.1061592847108841,-144.32688903808594,172.0181427001953,1.9011248350143433,0.012122735381126404,0.11965294927358627,0,False,0.9958860874176025,0.0
side,5.82,0,0.1061527356505394,-144.32887268066406,172.0242156982422,1.901139736175537,0.013414118438959122,0.1469498574733734,0,False,0.9957987666130066,0.0
side,5.84,0,0.1061423122882843,-144.33267211914062,172.0270538330078,1.901161551475525,0.012162432074546814,0.1373130828142166,0,False,0.9959579706192017,0.0
side,5.86,0,0.10615812242031097,-144.32839965820312,172.0215606689453,1.9011353254318237,0.011405562981963158,0.13524562120437622,0,False,0.9961208701133728,0.0
side,5.88,0,0.10614607483148575,-144.33009338378906,172.02597045898438,1.9011472463607788,0.013670133426785469,0.11913071572780609,0,False,0.9962350726127625,0.0
side,5.9,0,0.10614422708749771,-144.33404541015625,172.0264129638672,1.9011682271957397,0.01218278519809246,0.12980860471725464,0,False,0.9959701299667358,0.0
side,5.92,0,0.10615301132202148,-144.33119201660156,172.02310180664062,1.9011509418487549,0.01164495013654232,0.1313113123178482,0,False,0.9958391189575195,0.0
side,5.94,0,0.10614960640668869,-144.3319854736328,172.02420043945312,1.9011560678482056,0.01326881255954504,0.11977952718734741,0,False,0.9959194660186768,0.0
side,5.96,0,0.10615025460720062,-144.33021545410156,172.02447509765625,1.9011468887329102,0.011819898150861263,0.1252432018518448,0,False,0.9959118962287903,0.0
side,5.98,0,0.1061532273888588,-144.33094787597656,172.02293395996094,1.9011497497558594,0.011991369538009167,0.1273687481880188,0,False,0.9957277178764343,0.0
side,6.0,0,0.10614649206399918,-144.33056640625,172.0250701904297,1.9011492729187012,0.011877351440489292,0.114254429936409,0,False,0.9958693981170654,0.0
side,6.0200000000000005,0,0.10615493357181549,-144.33041381835938,172.0235595703125,1.9011470079421997,0.012655314058065414,0.12293818593025208,0,False,0.9957991242408752,0.0
side,6.04,0,0.10614979267120361,-144.33078002929688,172.02542114257812,1.9011507034301758,0.012315868400037289,0.13003452122211456,0,False,0.9955911636352539,0.0
side,6.0600000000000005,0,0.10615235567092896,-144.3308563232422,172.0243377685547,1.901150107383728,0.01267273910343647,0.12556321918964386,0,False,0.9955562353134155,0.0
side,6.08,0,0.10614924877882004,-144.33180236816406,172.02496337890625,1.9011553525924683,0.012208218686282635,0.11769600957632065,0,False,0.9955302476882935,0.0
side,6.1000000000000005,0,0.10615232586860657,-144.3306884765625,172.024169921875,1.9011491537094116,0.01170271448791027,0.12441596388816833,0,False,0.9955108165740967,0.0
side,6.12,0,0.10615101456642151,-144.33116149902344,172.0250701904297,1.9011521339416504,0.013019619509577751,0.12779094278812408,0,False,0.9955335855484009,0.0
side,6.140000000000001,0,0.1061524748802185,-144.32992553710938,172.02413940429688,1.9011448621749878,0.01193813607096672,0.1268332302570343,0,False,0.9955527782440186,0.0
side,6.16,0,0.10615132749080658,-144.3307647705078,172.02505493164062,1.9011503458023071,0.013029980473220348,0.12905803322792053,0,False,0.9955605864524841,0.0
side,6.18,0,0.10615300387144089,-144.32977294921875,172.02406311035156,1.90114426612854,0.01187626551836729,0.12589804828166962,0,False,0.9955657124519348,0.0
side,6.2,0,0.1061510443687439,-144.3311004638672,172.0253143310547,1.9011517763137817,0.013045339845120907,0.12969131767749786,0,False,0.9955693483352661,0.0
side,6.22,0,0.10615277290344238,-144.3299560546875,172.024169921875,1.9011454582214355,0.011825652793049812,0.12639856338500977,0,False,0.9955810904502869,0.0
side,6.24,0,0.10615170747041702,-144.33090209960938,172.02496337890625,1.9011505842208862,0.012873522937297821,0.12687242031097412,0,False,0.9955793023109436,0.0
side,6.26,0,0.10615275800228119,-144.33004760742188,172.02410888671875,1.9011458158493042,0.011776244267821312,0.1239524632692337,0,False,0.9955811500549316,0.0
side,6.28,0,0.10615066438913345,-144.33123779296875,172.0252685546875,1.9011528491973877,0.01303697656840086,0.12846605479717255,0,False,0.995574414730072,0.0
side,6.3,0,0.10615269839763641,-144.33004760742188,172.02413940429688,1.9011458158493042,0.011955064721405506,0.12673832476139069,0,False,0.9955757260322571,0.0
side,6.32,0,0.1061519905924797,-144.33082580566406,172.02490234375,1.9011503458023071,0.012875710614025593,0.12829209864139557,0,False,0.9955556392669678,0.0
side,6.34,0,0.1061449721455574,-144.3339080810547,172.0261993408203,1.901167392730713,0.012284747324883938,0.12840214371681213,0,False,0.9955469369888306,0.0
side,6.36,0,0.1061541885137558,-144.33160400390625,172.02310180664062,1.9011529684066772,0.011772160418331623,0.13483507931232452,0,False,0.9957462549209595,0.0
side,6.38,0,0.10615164786577225,-144.32974243164062,172.0240020751953,1.9011441469192505,0.013162393122911453,0.1193595826625824,0,False,0.9959806203842163,0.0
side,6.4,0,0.1061415746808052,-144.33468627929688,172.02760314941406,1.901172399520874,0.01224180031567812,0.13536275923252106,0,False,0.9957839250564575,0.0
side,6.42,0,0.10614936053752899,-144.33132934570312,172.02452087402344,1.9011527299880981,0.011444024741649628,0.12896594405174255,0,False,0.9958328008651733,0.0
side,6.44,0,0.1061556413769722,-144.32872009277344,172.02264404296875,1.9011374711990356,0.012883096002042294,0.11309569329023361,0,False,0.9959455132484436,0.0
side,6.46,0,0.10614620894193649,-144.33230590820312,172.02670288085938,1.9011591672897339,0.012523137964308262,0.13191045820713043,0,False,0.9957149624824524,0.0
side,6.48,0,0.10614898055791855,-144.3306884765625,172.02528381347656,1.9011497497558594,0.011527064256370068,0.1269286721944809,0,False,0.995620846748352,0.0
side,6.5,0,0.10615397989749908,-144.33135986328125,172.02261352539062,1.901151418685913,0.012076429091393948,0.12443670630455017,0,False,0.9956378936767578,0.0
side,6.5200000000000005,0,0.10614730417728424,-144.3308563232422,172.0250701904297,1.9011503458023071,0.01206228043884039,0.11667334288358688,0,False,0.9958757162094116,0.0
side,6.54,0,0.1061551496386528,-144.33103942871094,172.02272033691406,1.901150107383728,0.011917314492166042,0.13150514662265778,0,False,0.9958207607269287,0.0
side,6.5600000000000005,0,0.1061481386423111,-144.33265686035156,172.02481079101562,1.901159644126892,0.01322540920227766,0.12241324782371521,0,False,0.9958882927894592,0.0
side,6.58,0,0.10614945739507675,-144.33038330078125,172.0247344970703,1.9011479616165161,0.011537747457623482,0.12603041529655457,0,False,0.995890736579895,0.0
side,6.6000000000000005,0,0.1061548963189125,-144.3303985595703,172.02235412597656,1.9011460542678833,0.012187698855996132,0.12517684698104858,0,False,0.9957138895988464,0.0
side,6.62,0,0.10614265501499176,-144.33303833007812,172.02687072753906,1.9011633396148682,0.012348504737019539,0.1327483206987381,0,False,0.9958239197731018,0.0
side,6.640000000000001,0,0.10615219920873642,-144.3280792236328,172.02392578125,1.9011350870132446,0.011379136703908443,0.12502771615982056,0,False,0.9960172176361084,0.0
side,6.66,0,0.1061524897813797,-144.33058166503906,172.0236053466797,1.9011479616165161,0.012888836674392223,0.1324860155582428,0,False,0.9959261417388916,0.0
side,6.68,0,0.10615026950836182,-144.32957458496094,172.02442932128906,1.9011435508728027,0.012155079282820225,0.12488654255867004,0,False,0.9960601925849915,0.0
side,6.7,0,0.10615398734807968,-144.3308563232422,172.0227508544922,1.9011492729187012,0.012309967540204525,0.1270405352115631,0,False,0.9958733320236206,0.0
side,6.72,0,0.10614367574453354,-144.33331298828125,172.02590942382812,1.9011638164520264,0.01248971838504076,0.12228605151176453,0,False,0.9959051012992859,0.0
side,6.74,0,0.1061478704214096,-144.33233642578125,172.02516174316406,1.9011582136154175,0.011938505806028843,0.1300775408744812,0,False,0.9958847165107727,0.0
side,6.76,0,0.10615699738264084,-144.33116149902344,172.0224609375,1.9011502265930176,0.013090690597891808,0.13266120851039886,0,False,0.9958935976028442,0.0
side,6.78,0,0.10614673793315887,-144.33033752441406,172.0250701904297,1.901147723197937,0.012112646363675594,0.11742386966943741,0,False,0.9959096908569336,0.0
side,6.8,0,0.10615317523479462,-144.3315887451172,172.02342224121094,1.901153326034546,0.011990165337920189,0.13462801277637482,0,False,0.9957501292228699,0.0
side,6.82,0,0.10614972561597824,-144.33155822753906,172.02369689941406,1.9011532068252563,0.012170831672847271,0.1258838027715683,0,False,0.9958471059799194,0.0
side,6.84,0,0.10615001618862152,-144.33221435546875,172.02447509765625,1.901157021522522,0.01292190421372652,0.12782986462116241,0,False,0.995993435382843,0.0
side,6.86,0,0.10614880174398422,-144.33026123046875,172.0248260498047,1.901147484779358,0.012196636758744717,0.12143409252166748,0,False,0.9959336519241333,0.0
side,6.88,0,0.10614968091249466,-144.33065795898438,172.0247802734375,1.9011491537094116,0.012264401651918888,0.11992007493972778,0,False,0.995699405670166,0.0
side,6.9,0,0.10614584386348724,-144.3339080810547,172.0264892578125,1.9011675119400024,0.012338168919086456,0.13538901507854462,0,False,0.9955129027366638,0.0
side,6.92,0,0.10614912211894989,-144.33041381835938,172.0250244140625,1.9011484384536743,0.01172624621540308,0.1268601417541504,0,False,0.9957257509231567,0.0
side,6.94,0,0.1061553955078125,-144.3307342529297,172.02235412597656,1.9011482000350952,0.012222967110574245,0.1260899156332016,0,False,0.9957708120346069,0.0
side,6.96,0,0.1061442419886589,-144.33106994628906,172.02626037597656,1.901152491569519,0.011963031254708767,0.12281760573387146,0,False,0.9959707856178284,0.0
side,6.98,0,0.10615666210651398,-144.33016967773438,172.0222625732422,1.9011449813842773,0.011979237198829651,0.13432380557060242,0,False,0.9959248304367065,0.0
side,7.0,0,0.10615093261003494,-144.33023071289062,172.02499389648438,1.9011473655700684,0.013864581473171711,0.1289575845003128,0,False,0.9959985017776489,0.0
side,7.0200000000000005,0,0.10615082830190659,-144.3297119140625,172.02474975585938,1.90114426612854,0.011986060068011284,0.12973566353321075,0,False,0.9958106279373169,0.0
side,7.04,0,0.10615194588899612,-144.3303985595703,172.02481079101562,1.9011479616165161,0.012998661026358604,0.1279200166463852,0,False,0.9956325888633728,0.0
side,7.0600000000000005,0,0.10614683479070663,-144.33204650878906,172.0263214111328,1.9011577367782593,0.012320524081587791,0.13110117614269257,0,False,0.9955582022666931,0.0
side,7.08,0,0.10615532100200653,-144.3314208984375,172.02288818359375,1.9011520147323608,0.01176907867193222,0.13560117781162262,0,False,0.995580792427063,0.0
side,7.1000000000000005,0,0.10614880174398422,-144.33233642578125,172.0244903564453,1.9011577367782593,0.01317022554576397,0.12033302336931229,0,False,0.9958623647689819,0.0
side,7.12,0,0.10615004599094391,-144.33001708984375,172.02452087402344,1.9011456966400146,0.01164588239043951,0.12490977346897125,0,False,0.995963990688324,0.0
side,7.140000000000001,0,0.10615499317646027,-144.3305206298828,172.0225067138672,1.9011468887329102,0.01210212055593729,0.12760575115680695,0,False,0.9957748651504517,0.0
side,7.16,0,0.10614295303821564,-144.3330841064453,172.02696228027344,1.9011635780334473,0.012429313734173775,0.13385611772537231,0,False,0.9958736896514893,0.0
side,7.18,0,0.10615149885416031,-144.33062744140625,172.02378845214844,1.9011484384536743,0.011674495413899422,0.1357855349779129,0,False,0.996048629283905,0.0
side,7.2,0,0.10615382343530655,-144.32899475097656,172.02322387695312,1.9011398553848267,0.013155987486243248,0.11471420526504517,0,False,0.9962083101272583,0.0
side,7.22,0,0.1061423197388649,-144.33447265625,172.02732849121094,1.901171326637268,0.01264992356300354,0.13461007177829742,0,False,0.9958755970001221,0.0
side,7.24,0,0.10614710301160812,-144.33221435546875,172.0253143310547,1.9011578559875488,0.011397095397114754,0.13082896173000336,0,False,0.995811939239502,0.0
side,7.26,0,0.10615552961826324,-144.3287353515625,172.02255249023438,1.9011374711990356,0.012539328075945377,0.11343873292207718,0,False,0.9959215521812439,0.0
side,7.28,0,0.10614849627017975,-144.33143615722656,172.0258026123047,1.9011539220809937,0.012480255216360092,0.12839946150779724,0,False,0.9957150220870972,0.0
side,7.3,0,0.10614746063947678,-144.3308563232422,172.0256805419922,1.9011508226394653,0.011636395938694477,0.12684565782546997,0,False,0.9956085681915283,0.0
side,7.32,0,0.10615257918834686,-144.3316650390625,172.02313232421875,1.9011532068252563,0.011850354261696339,0.1258774846792221,0,False,0.9956146478652954,0.0
side,7.34,0,0.1061486005783081,-144.33035278320312,172.02456665039062,1.9011476039886475,0.011995773762464523,0.11435819417238235,0,False,0.9958764314651489,0.0
side,7.36,0,0.10615158826112747,-144.32940673828125,172.02386474609375,1.9011421203613281,0.011739056557416916,0.11495625972747803,0,False,0.9958285093307495,0.0
side,7.38,0,0.10614881664514542,-144.3306884765625,172.0253143310547,1.9011496305465698,0.01194944977760315,0.1210893765091896,0,False,0.9956587553024292,0.0
side,7.4,0,0.10615377873182297,-144.33193969726562,172.02317810058594,1.9011551141738892,0.011811718344688416,0.13064736127853394,0,False,0.9956039786338806,0.0
side,7.42,0,0.10614944249391556,-144.33206176757812,172.02369689941406,1.9011554718017578,0.012085983529686928,0.12283843010663986,0,False,0.9958095550537109,0.0
side,7.44,0,0.10614980757236481,-144.3324432373047,172.02456665039062,1.9011585712432861,0.012759601697325706,0.12767808139324188,0,False,0.9959978461265564,0.0
side,7.46,0,0.10614913702011108,-144.3299560546875,172.02459716796875,1.9011454582214355,0.012070720084011555,0.11966898292303085,0,False,0.9959568381309509,0.0
side,7.48,0,0.1061495989561081,-144.33062744140625,172.0247344970703,1.901149034500122,0.012141200713813305,0.1174730435013771,0,False,0.9957150816917419,0.0
side,7.5,0,0.10614797472953796,-144.3336944580078,172.02525329589844,1.9011653661727905,0.012282485142350197,0.124336838722229,0,False,0.9955085515975952,0.0
side,7.5200000000000005,0,0.106153205037117,-144.32984924316406,172.0238494873047,1.90114426612854,0.011721810325980186,0.12715040147304535,0,False,0.9956565499305725,0.0
side,7.54,0,0.106153205037117,-144.33258056640625,172.02420043945312,1.9011589288711548,0.013472875580191612,0.1387200951576233,0,False,0.9956781268119812,0.0
side,7.5600000000000005,0,0.10614661872386932,-144.33070373535156,172.02598571777344,1.9011504650115967,0.012049487791955471,0.13336525857448578,0,False,0.9958969354629517,0.0
side,7.58,0,0.10615884512662888,-144.3305206298828,172.02178955078125,1.9011467695236206,0.012896821834146976,0.13265684247016907,0,False,0.9958882331848145,0.0
side,7.6000000000000005,0,0.10614398121833801,-144.33425903320312,172.02708435058594,1.9011696577072144,0.013660644181072712,0.13846704363822937,0,False,0.9959113001823425,0.0
side,7.62,0,0.10614470392465591,-144.33216857910156,172.0261993408203,1.901158332824707,0.011597316712141037,0.13655073940753937,0,False,0.9959437847137451,0.0
side,7.640000000000001,0,0.1061580628156662,-144.32882690429688,172.02146911621094,1.9011372327804565,0.012198607437312603,0.1284351348876953,0,False,0.9960131049156189,0.0
side,7.66,0,0.10614734143018723,-144.33273315429688,172.0260467529297,1.9011614322662354,0.014069827273488045,0.13597255945205688,0,False,0.9961097836494446,0.0
side,7.68,0,0.1061440259218216,-144.33233642578125,172.0263214111328,1.9011592864990234,0.01172990445047617,0.13513532280921936,0,False,0.9960585236549377,0.0
side,7.7,0,0.10615583509206772,-144.33106994628906,172.02279663085938,1.901150107383728,0.012932989746332169,0.13443489372730255,0,False,0.996048629283905,0.0
side,7.72,0,0.10614914447069168,-144.32949829101562,172.0243377685547,1.901143193244934,0.012211522087454796,0.11652827262878418,0,False,0.9960374236106873,0.0
side,7.74,0,0.10614557564258575,-144.33155822753906,172.02655029296875,1.9011554718017578,0.012288504280149937,0.12917856872081757,0,False,0.995793879032135,0.0
side,7.76,0,0.10615555942058563,-144.33154296875,172.02268981933594,1.9011523723602295,0.011754694394767284,0.13229212164878845,0,False,0.9956551194190979,0.0
side,7.78,0,0.10614817589521408,-144.33285522460938,172.02484130859375,1.9011608362197876,0.013390897773206234,0.12264441698789597,0,False,0.9958370327949524,0.0
side,7.8,0,0.10614951699972153,-144.330322265625,172.0248565673828,1.9011473655700684,0.011867004446685314,0.12882663309574127,0,False,0.9959155321121216,0.0
side,7.82,0,0.10615470260381699,-144.33035278320312,172.02239990234375,1.9011460542678833,0.011995631270110607,0.12635600566864014,0,False,0.9957579970359802,0.0
side,7.84,0,0.10614365339279175,-144.33108520507812,172.02655029296875,1.9011528491973877,0.012101197615265846,0.12380663305521011,0,False,0.9958828091621399,0.0
side,7.86,0,0.10615655034780502,-144.33045959472656,172.02232360839844,1.9011468887329102,0.011711440980434418,0.1326851099729538,0,False,0.9958621859550476,0.0
side,7.88,0,0.10615136474370956,-144.33013916015625,172.02476501464844,1.9011467695236206,0.013647339306771755,0.12689940631389618,0,False,0.9959915280342102,0.0
side,7.9,0,0.10615095496177673,-144.3297119140625,172.02452087402344,1.90114426612854,0.0119556849822402,0.1260344535112381,0,False,0.9958263635635376,0.0
side,7.92,0,0.10615314543247223,-144.33152770996094,172.02383422851562,1.9011530876159668,0.01230226643383503,0.14032931625843048,0,False,0.9956347346305847,0.0
side,7.94,0,0.10614753514528275,-144.33261108398438,172.025390625,1.9011602401733398,0.012957398779690266,0.1311829835176468,0,False,0.9958733916282654,0.0
side,7.96,0,0.10615316778421402,-144.3299102783203,172.02369689941406,1.9011447429656982,0.012511320412158966,0.12476655840873718,0,False,0.9960039854049683,0.0
side,7.98,0,0.10615039616823196,-144.33131408691406,172.02561950683594,1.901153564453125,0.013210456818342209,0.13344359397888184,0,False,0.9957683682441711,0.0
side,8.0,0,0.1061522588133812,-144.3299560546875,172.0242462158203,1.901145100593567,0.011610124260187149,0.1275854855775833,0,False,0.995596706867218,0.0
side,8.02,0,0.10615216195583344,-144.33082580566406,172.02484130859375,1.901150107383728,0.013153158128261566,0.12868717312812805,0,False,0.9955557584762573,0.0
side,8.040000000000001,0,0.10614443570375443,-144.333984375,172.02626037597656,1.9011677503585815,0.012180661782622337,0.12855808436870575,0,False,0.9955369234085083,0.0
side,8.06,0,0.10614793002605438,-144.3324737548828,172.0251922607422,1.9011589288711548,0.01190744899213314,0.13037872314453125,0,False,0.9957337975502014,0.0
side,8.08,0,0.10615436732769012,-144.3301239013672,172.0224609375,1.9011449813842773,0.011949430219829082,0.12693876028060913,0,False,0.9959126114845276,0.0
side,8.1,0,0.10614676773548126,-144.3328399658203,172.02590942382812,1.9011613130569458,0.013345167972147465,0.1329556107521057,0,False,0.9960606694221497,0.0
side,8.120000000000001,0,0.10614694654941559,-144.3317413330078,172.02548217773438,1.9011553525924683,0.011997985653579235,0.13373088836669922,0,False,0.9960516095161438,0.0
side,8.14,0,0.10615365952253342,-144.3298797607422,172.0224609375,1.9011435508728027,0.0119237769395113,0.12485642731189728,0,False,0.9960312843322754,0.0
side,8.16,0,0.1061476469039917,-144.33290100097656,172.0258026123047,1.9011621475219727,0.01354280486702919,0.1344069093465805,0,False,0.9960559010505676,0.0
side,8.18,0,0.10614588111639023,-144.33216857910156,172.02584838867188,1.901158094406128,0.012125282548367977,0.13457706570625305,0,False,0.9960126876831055,0.0
side,8.2,0,0.10615647584199905,-144.32810974121094,172.02296447753906,1.901134729385376,0.01270630769431591,0.12814080715179443,0,False,0.9959927201271057,0.0
side,8.22,0,0.10614508390426636,-144.3316192626953,172.02662658691406,1.9011555910110474,0.01277099922299385,0.12468278408050537,0,False,0.9957399368286133,0.0
side,8.24,0,0.10614419728517532,-144.33399963378906,172.0267333984375,1.9011683464050293,0.01146493200212717,0.13485616445541382,0,False,0.9956088066101074,0.0
side,8.26,0,0.1061595007777214,-144.3285675048828,172.0220489501953,1.9011362791061401,0.012461315840482712,0.12514454126358032,0,False,0.9958429932594299,0.0
side,8.28,0,0.10614626109600067,-144.33328247070312,172.0256805419922,1.9011636972427368,0.012921257875859737,0.13784024119377136,0,False,0.9957187175750732,0.0
side,8.3,0,0.1061406284570694,-144.3337860107422,172.02737426757812,1.901167392730713,0.011604461818933487,0.13455648720264435,0,False,0.9959174394607544,0.0
side,8.32,0,0.1061592549085617,-144.3302764892578,172.0216827392578,1.9011448621749878,0.01262535061687231,0.13333971798419952,0,False,0.996086061000824,0.0
side,8.34,0,0.10614519566297531,-144.32994079589844,172.02609252929688,1.901146650314331,0.012704151682555676,0.12345294654369354,0,False,0.9960916042327881,0.0
side,8.36,0,0.1061493307352066,-144.3301239013672,172.02474975585938,1.901146411895752,0.01179965678602457,0.12083401530981064,0,False,0.995913028717041,0.0
side,8.38,0,0.10615327209234238,-144.33108520507812,172.02468872070312,1.9011516571044922,0.013167285360395908,0.1298467367887497,0,False,0.9956914186477661,0.0
side,8.4,0,0.10614501684904099,-144.33392333984375,172.0260467529297,1.901167392730713,0.012090758420526981,0.1276872158050537,0,False,0.9955302476882935,0.0
side,8.42,0,0.10615415126085281,-144.32894897460938,172.023193359375,1.9011391401290894,0.01135958731174469,0.12342306226491928,0,False,0.9957106113433838,0.0
side,8.44,0,0.10615143924951553,-144.33151245117188,172.02398681640625,1.9011530876159668,0.01264119427651167,0.13463428616523743,0,False,0.9956926703453064,0.0
side,8.46,0,0.10614869743585587,-144.33004760742188,172.02491760253906,1.901146411895752,0.01192376110702753,0.1255909949541092,0,False,0.9959651231765747,0.0
side,8.48,0,0.10615553706884384,-144.3300323486328,172.02218627929688,1.90114426612854,0.012122251093387604,0.12664997577667236,0,False,0.9958901405334473,0.0
side,8.5,0,0.10614394396543503,-144.33102416992188,172.0265350341797,1.9011523723602295,0.012335488572716713,0.12472974509000778,0,False,0.9959607720375061,0.0
side,8.52,0,0.10615530610084534,-144.33079528808594,172.02264404296875,1.9011485576629639,0.011810501106083393,0.13272154331207275,0,False,0.9958682060241699,0.0
side,8.540000000000001,0,0.10614965111017227,-144.33189392089844,172.02410888671875,1.9011549949645996,0.013175806030631065,0.11834627389907837,0,False,0.9959439039230347,0.0
side,8.56,0,0.10614895820617676,-144.33062744140625,172.02481079101562,1.9011495113372803,0.011696210131049156,0.12480402737855911,0,False,0.9959124326705933,0.0
side,8.58,0,0.1061536893248558,-144.33096313476562,172.0229034423828,1.9011499881744385,0.012106037698686123,0.12800656259059906,0,False,0.9957093596458435,0.0
side,8.6,0,0.10614679008722305,-144.33055114746094,172.0249786376953,1.9011489152908325,0.011797390878200531,0.11368129402399063,0,False,0.9958292245864868,0.0
side,8.620000000000001,0,0.10615332424640656,-144.3324737548828,172.02392578125,1.901158094406128,0.012937325984239578,0.1278354823589325,0,False,0.9957553744316101,0.0
side,8.64,0,0.10614678263664246,-144.33270263671875,172.02513122558594,1.9011602401733398,0.012293603271245956,0.12487053126096725,0,False,0.9957425594329834,0.0
side,8.66,0,0.10615266114473343,-144.33143615722656,172.0233612060547,1.9011523723602295,0.011898316442966461,0.1330852508544922,0,False,0.9957945346832275,0.0
side,8.68,0,0.10615040361881256,-144.33016967773438,172.0242156982422,1.9011461734771729,0.012922068126499653,0.11692845076322556,0,False,0.9959351420402527,0.0
side,8.700000000000001,0,0.10614224523305893,-144.33428955078125,172.0275421142578,1.9011706113815308,0.01224829163402319,0.1378065049648285,0,False,0.9957460761070251,0.0
side,8.72,0,0.10615046322345734,-144.32957458496094,172.02456665039062,1.9011433124542236,0.011629394255578518,0.12771226465702057,0,False,0.9958435297012329,0.0
side,8.74,0,0.10615590959787369,-144.33197021484375,172.02328491210938,1.9011553525924683,0.013584188185632229,0.1375768780708313,0,False,0.9957857728004456,0.0
side,8.76,0,0.1061415746808052,-144.3338623046875,172.02687072753906,1.9011672735214233,0.01239742524921894,0.12983492016792297,0,False,0.9958962798118591,0.0
side,8.78,0,0.1061500832438469,-144.3297119140625,172.02474975585938,1.9011445045471191,0.011857354082167149,0.12834620475769043,0,False,0.995987057685852,0.0
side,8.8,0,0.10615432262420654,-144.33230590820312,172.0237579345703,1.901157259941101,0.013454634696245193,0.13728360831737518,0,False,0.9958291053771973,0.0
side,8.82,0,0.10614684224128723,-144.33056640625,172.02566528320312,1.9011496305465698,0.011891207657754421,0.12951263785362244,0,False,0.9958997368812561,0.0
side,8.84,0,0.10615396499633789,-144.33033752441406,172.02284240722656,1.9011460542678833,0.012153021059930325,0.13039465248584747,0,False,0.9958264827728271,0.0
side,8.86,0,0.10614678263664246,-144.33316040039062,172.026123046875,1.9011636972427368,0.013500210829079151,0.13579410314559937,0,False,0.9959829449653625,0.0
side,8.88,0,0.10614819824695587,-144.33009338378906,172.0254669189453,1.9011470079421997,0.012079848907887936,0.13104429841041565,0,False,0.9960387945175171,0.0
side,8.9,0,0.10615473240613937,-144.3305206298828,172.0226287841797,1.9011471271514893,0.012255738489329815,0.12862128019332886,0,False,0.9958581924438477,0.0
side,8.92,0,0.10614494234323502,-144.33091735839844,172.0263214111328,1.9011516571044922,0.012352897785604,0.12639740109443665,0,False,0.9959487915039062,0.0
side,8.94,0,0.10615625977516174,-144.33038330078125,172.02236938476562,1.9011461734771729,0.011681986041367054,0.13325949013233185,0,False,0.9958861470222473,0.0
side,8.96,0,0.10615062713623047,-144.33038330078125,172.02513122558594,1.9011478424072266,0.013811720535159111,0.12906399369239807,0,False,0.9960103034973145,0.0
side,8.98,0,0.10615164041519165,-144.32958984375,172.0242462158203,1.9011434316635132,0.01177362259477377,0.12495744973421097,0,False,0.9958515763282776,0.0
side,9.0,0,0.10615218430757523,-144.33062744140625,172.02496337890625,1.9011492729187012,0.013203221373260021,0.1299416720867157,0,False,0.9956567883491516,0.0
side,9.02,0,0.10614482313394547,-144.33387756347656,172.026123046875,1.9011671543121338,0.012386761605739594,0.1286410391330719,0,False,0.9955547451972961,0.0
side,9.040000000000001,0,0.10615424811840057,-144.3292236328125,172.02342224121094,1.901140570640564,0.01136250700801611,0.12449035048484802,0,False,0.995724081993103,0.0
side,9.06,0,0.1061537116765976,-144.3324432373047,172.02383422851562,1.9011579751968384,0.01367636676877737,0.1365792155265808,0,False,0.99571692943573,0.0
side,9.08,0,0.10614364594221115,-144.3329315185547,172.0266876220703,1.9011626243591309,0.012072400189936161,0.1377304494380951,0,False,0.9958618879318237,0.0
side,9.1,0,0.10615645349025726,-144.3275604248047,172.0227813720703,1.9011318683624268,0.012394695542752743,0.12632210552692413,0,False,0.9960547089576721,0.0
side,9.120000000000001,0,0.10614711791276932,-144.33267211914062,172.0253448486328,1.9011603593826294,0.012922298163175583,0.1362493485212326,0,False,0.9958439469337463,0.0
side,9.14,0,0.10614147782325745,-144.33375549316406,172.0270233154297,1.9011669158935547,0.011509881354868412,0.13233572244644165,0,False,0.9959378838539124,0.0
side,9.16,0,0.10615890473127365,-144.32766723632812,172.0222625732422,1.9011318683624268,0.012594635598361492,0.12751023471355438,0,False,0.9960501194000244,0.0
side,9.18,0,0.10614650696516037,-144.3328399658203,172.02545166015625,1.9011611938476562,0.012819346971809864,0.1357022374868393,0,False,0.9957839250564575,0.0
side,9.200000000000001,0,0.10614103078842163,-144.3338165283203,172.0274200439453,1.9011675119400024,0.011988963931798935,0.1356247365474701,0,False,0.9959067702293396,0.0
side,9.22,0,0.1061588004231453,-144.33038330078125,172.0218963623047,1.9011456966400146,0.012691016308963299,0.1360732614994049,0,False,0.9960456490516663,0.0
side,9.24,0,0.10614579916000366,-144.3297882080078,172.02601623535156,1.9011458158493042,0.012684548273682594,0.12578243017196655,0,False,0.9960911870002747,0.0
side,9.26,0,0.10615233331918716,-144.33119201660156,172.0236358642578,1.9011512994766235,0.011823674663901329,0.1353369504213333,0,False,0.9959254264831543,0.0
side,9.28,0,0.10615137964487076,-144.33023071289062,172.0240020751953,1.901146650314331,0.012997569516301155,0.11610155552625656,0,False,0.9959915280342102,0.0
side,9.3,0,0.10614171624183655,-144.33456420898438,172.0274658203125,1.9011714458465576,0.01213367935270071,0.1354825645685196,0,False,0.9957520961761475,0.0
side,9.32,0,0.10614998638629913,-144.33016967773438,172.0246124267578,1.901146411895752,0.011416329070925713,0.1256212443113327,0,False,0.995795726776123,0.0
side,9.34,0,0.1061551496386528,-144.33204650878906,172.02352905273438,1.9011554718017578,0.013508971780538559,0.13765153288841248,0,False,0.9957497119903564,0.0
side,9.36,0,0.10614250600337982,-144.3336944580078,172.02655029296875,1.901166558265686,0.01244343351572752,0.12878426909446716,0,False,0.9958783984184265,0.0
side,9.38,0,0.1061505451798439,-144.32928466796875,172.0245361328125,1.9011420011520386,0.01168167032301426,0.12736505270004272,0,False,0.9959840774536133,0.0
side,9.4,0,0.10615454614162445,-144.3321990966797,172.02365112304688,1.9011567831039429,0.013549361377954483,0.1373933106660843,0,False,0.9958322048187256,0.0
side,9.42,0,0.10614606738090515,-144.33102416992188,172.026123046875,1.9011521339416504,0.012115132063627243,0.13240981101989746,0,False,0.9958910942077637,0.0
side,9.44,0,0.10615716874599457,-144.33116149902344,172.02249145507812,1.9011502265930176,0.01293386984616518,0.13489730656147003,0,False,0.9958325028419495,0.0
side,9.46,0,0.10614686459302902,-144.33070373535156,172.0251922607422,1.9011497497558594,0.012172811664640903,0.11777380108833313,0,False,0.9959049820899963,0.0
side,9.48,0,0.10615335404872894,-144.33155822753906,172.0233612060547,1.901153326034546,0.011979716829955578,0.13402371108531952,0,False,0.9957679510116577,0.0
side,9.5,0,0.10615012049674988,-144.33163452148438,172.0236053466797,1.9011539220809937,0.012174799107015133,0.12501969933509827,0,False,0.9958471655845642,0.0
side,9.52,0,0.10614932328462601,-144.33255004882812,172.02484130859375,1.9011590480804443,0.013105858117341995,0.12939168512821198,0,False,0.995989203453064,0.0
side,9.540000000000001,0,0.10614946484565735,-144.33004760742188,172.02459716796875,1.9011456966400146,0.012322153896093369,0.12278089672327042,0,False,0.9959378838539124,0.0
side,9.56,0,0.10614963620901108,-144.3304901123047,172.02474975585938,1.9011485576629639,0.012298868969082832,0.11902471631765366,0,False,0.9956947565078735,0.0
side,9.58,0,0.10614478588104248,-144.33421325683594,172.0267791748047,1.9011693000793457,0.01233044546097517,0.13531766831874847,0,False,0.9955025911331177,0.0
side,9.6,0,0.10614874958992004,-144.33201599121094,172.0251007080078,1.9011566638946533,0.011953321285545826,0.1325760781764984,0,False,0.9957043528556824,0.0
side,9.620000000000001,0,0.10615461319684982,-144.3299102783203,172.02218627929688,1.9011433124542236,0.012000865302979946,0.12484914064407349,0,False,0.9959486722946167,0.0
side,9.64,0,0.10614682734012604,-144.33294677734375,172.02603149414062,1.9011621475219727,0.013764324598014355,0.13450279831886292,0,False,0.9961320161819458,0.0
side,9.66,0,0.10614744573831558,-144.32998657226562,172.02552795410156,1.901146411895752,0.011756408959627151,0.13039624691009521,0,False,0.996087372303009,0.0
side,9.68,0,0.10615529119968414,-144.3302459716797,172.02232360839844,1.901145577430725,0.012132725678384304,0.12739890813827515,0,False,0.9958430528640747,0.0
side,9.700000000000001,0,0.10614500939846039,-144.33103942871094,172.0263214111328,1.9011526107788086,0.012315855361521244,0.125533789396286,0,False,0.9959043860435486,0.0
side,9.72,0,0.10615580528974533,-144.33062744140625,172.0226287841797,1.901147723197937,0.011774541810154915,0.13535572588443756,0,False,0.9958459734916687,0.0
side,9.74,0,0.10615113377571106,-144.3302459716797,172.02491760253906,1.9011471271514893,0.013446030206978321,0.12802061438560486,0,False,0.9959880113601685,0.0
side,9.76,0,0.10615206509828568,-144.3293914794922,172.02426147460938,1.9011423587799072,0.011827033944427967,0.12569725513458252,0,False,0.9958562254905701,0.0
side,9.78,0,0.1061520054936409,-144.33067321777344,172.0249786376953,1.9011496305465698,0.013118875212967396,0.12913087010383606,0,False,0.9956794381141663,0.0
side,9.8,0,0.10614371299743652,-144.33428955078125,172.0271759033203,1.901170015335083,0.012310799211263657,0.1388125717639923,0,False,0.9955667853355408,0.0
side,9.82,0,0.10615000873804092,-144.32992553710938,172.02452087402344,1.9011452198028564,0.011581741273403168,0.12542615830898285,0,False,0.9958055019378662,0.0
side,9.84,0,0.10615592449903488,-144.33204650878906,172.0233917236328,1.9011555910110474,0.013724996708333492,0.13966254889965057,0,False,0.9958009719848633,0.0
side,9.86,0,0.10614637285470963,-144.33358764648438,172.02587890625,1.9011653661727905,0.013039088808000088,0.1344660222530365,0,False,0.9959214329719543,0.0
side,9.88,0,0.1061520203948021,-144.33078002929688,172.023681640625,1.9011493921279907,0.011767854914069176,0.13882073760032654,0,False,0.9959571361541748,0.0
side,9.9,0,0.10615110397338867,-144.32913208007812,172.02391052246094,1.9011406898498535,0.012759790755808353,0.11527252197265625,0,False,0.9960753321647644,0.0
side,9.92,0,0.10614378750324249,-144.33438110351562,172.02713012695312,1.901170253753662,0.012608115561306477,0.13649538159370422,0,False,0.995813250541687,0.0
side,9.94,0,0.10614841431379318,-144.33206176757812,172.0250701904297,1.9011566638946533,0.011458649300038815,0.13199424743652344,0,False,0.9958065748214722,0.0
side,9.96,0,0.10615459084510803,-144.32882690429688,172.02276611328125,1.9011383056640625,0.01262618601322174,0.11289563775062561,0,False,0.9959515929222107,0.0
side,9.98,0,0.10614847391843796,-144.33148193359375,172.02597045898438,1.9011545181274414,0.012534303590655327,0.1303817182779312,0,False,0.9957475662231445,0.0
side,10.0,0,0.10614874213933945,-144.3307342529297,172.02554321289062,1.901150107383728,0.012050660327076912,0.12957555055618286,0,False,0.995631754398346,0.0
side,10.02,0,0.10615228861570358,-144.33175659179688,172.02334594726562,1.9011541604995728,0.012196049094200134,0.127483069896698,0,False,0.9956331849098206,0.0
side,10.040000000000001,0,0.10614800453186035,-144.33059692382812,172.02468872070312,1.9011489152908325,0.011610372923314571,0.11398616433143616,0,False,0.9958741664886475,0.0
side,10.06,0,0.10615070164203644,-144.33203125,172.02386474609375,1.901155710220337,0.012091550044715405,0.12791389226913452,0,False,0.9958286285400391,0.0
side,10.08,0,0.10615163296461105,-144.33224487304688,172.02407836914062,1.9011573791503906,0.012901132926344872,0.1270616352558136,0,False,0.995915412902832,0.0
side,10.1,0,0.10614713281393051,-144.3323516845703,172.02513122558594,1.9011582136154175,0.012325876392424107,0.12544432282447815,0,False,0.9958705902099609,0.0
side,10.120000000000001,0,0.10615354031324387,-144.33096313476562,172.02297973632812,1.901149868965149,0.011780889704823494,0.1312408447265625,0,False,0.9958555698394775,0.0
side,10.14,0,0.10614922642707825,-144.33200073242188,172.02430725097656,1.9011560678482056,0.013050409033894539,0.11868136376142502,0,False,0.9959378838539124,0.0
side,10.16,0,0.10615050792694092,-144.32998657226562,172.02438354492188,1.901145577430725,0.011631900444626808,0.12520256638526917,0,False,0.9959222078323364,0.0
side,10.18,0,0.10615331679582596,-144.3308563232422,172.0228271484375,1.9011492729187012,0.01202456932514906,0.1261999011039734,0,False,0.9957223534584045,0.0
side,10.200000000000001,0,0.10614284873008728,-144.33303833007812,172.0267791748047,1.9011633396148682,0.012287098914384842,0.13320188224315643,0,False,0.9958451986312866,0.0
side,10.22,0,0.10615196079015732,-144.33055114746094,172.0235595703125,1.9011479616165161,0.011692543514072895,0.13467423617839813,0,False,0.9960331320762634,0.0
side,10.24,0,0.10615266114473343,-144.32899475097656,172.02328491210938,1.901139736175537,0.013064122758805752,0.11287110298871994,0,False,0.9961950778961182,0.0
side,10.26,0,0.10614228248596191,-144.33453369140625,172.02772521972656,1.9011716842651367,0.012906087562441826,0.1390226185321808,0,False,0.9958558082580566,0.0
side,10.28,0,0.10614819824695587,-144.3318634033203,172.02503967285156,1.9011558294296265,0.011264951899647713,0.13153748214244843,0,False,0.9958077073097229,0.0
side,10.3,0,0.10615567117929459,-144.32867431640625,172.02243041992188,1.901137113571167,0.012819405645132065,0.11249655485153198,0,False,0.9959515333175659,0.0
side,10.32,0,0.10614728927612305,-144.3319091796875,172.02639770507812,1.9011567831039429,0.012544591911137104,0.13153430819511414,0,False,0.9957243204116821,0.0
side,10.34,0,0.1061481162905693,-144.33067321777344,172.02542114257812,1.9011497497558594,0.011664171703159809,0.12654925882816315,0,False,0.9956225752830505,0.0
side,10.36,0,0.10615354031324387,-144.33155822753906,172.02285766601562,1.9011526107788086,0.012251337990164757,0.12516391277313232,0,False,0.9956381916999817,0.0
side,10.38,0,0.10614710301160812,-144.33079528808594,172.02488708496094,1.9011502265930176,0.011680365540087223,0.11385031789541245,0,False,0.9958524107933044,0.0
side,10.4,0,0.10615429282188416,-144.3306884765625,172.02381896972656,1.9011486768722534,0.012957804836332798,0.12507490813732147,0,False,0.9958044290542603,0.0
side,10.42,0,0.10615015774965286,-144.3304901123047,172.02525329589844,1.901148796081543,0.012204146943986416,0.13071799278259277,0,False,0.9955832958221436,0.0
side,10.44,0,0.10615231096744537,-144.3306884765625,172.02435302734375,1.9011492729187012,0.012664412148296833,0.12527711689472198,0,False,0.9955310821533203,0.0
side,10.46,0,0.10615047067403793,-144.33058166503906,172.02513122558594,1.901149034500122,0.012111952528357506,0.12899531424045563,0,False,0.9955225586891174,0.0
side,10.48,0,0.10615437477827072,-144.3302764892578,172.02378845214844,1.9011465311050415,0.012619175016880035,0.12418690323829651,0,False,0.9955887794494629,0.0
side,10.5,0,0.10614940524101257,-144.33070373535156,172.0255889892578,1.9011503458023071,0.01218650583177805,0.12977342307567596,0,False,0.9955747127532959,0.0
side,10.52,0,0.10615412890911102,-144.33038330078125,172.02391052246094,1.9011473655700684,0.01259984727948904,0.12455378472805023,0,False,0.9956148862838745,0.0
side,10.540000000000001,0,0.10615082085132599,-144.33042907714844,172.02517700195312,1.9011482000350952,0.012315569445490837,0.12968897819519043,0,False,0.9955815076828003,0.0
side,10.56,0,0.10615365952253342,-144.33035278320312,172.0240020751953,1.9011472463607788,0.012628375552594662,0.1254301816225052,0,False,0.9955946803092957,0.0
side,10.58,0,0.10614985972642899,-144.33065795898438,172.025390625,1.9011495113372803,0.012289597652852535,0.12996621429920197,0,False,0.9955525398254395,0.0
side,10.6,0,0.10615336894989014,-144.33062744140625,172.0241241455078,1.901148796081543,0.012536524794995785,0.1258091777563095,0,False,0.9955897927284241,0.0
side,10.620000000000001,0,0.10615039616823196,-144.33056640625,172.0252685546875,1.9011492729187012,0.012211333028972149,0.12971721589565277,0,False,0.9955756068229675,0.0
side,10.64,0,0.1061539351940155,-144.3302459716797,172.02374267578125,1.9011462926864624,0.012401527725160122,0.1223868653178215,0,False,0.995610773563385,0.0
side,10.66,0,0.10615026950836182,-144.33059692382812,172.02513122558594,1.9011491537094116,0.012192687019705772,0.12805220484733582,0,False,0.9955645799636841,0.0
side,10.68,0,0.1061532273888588,-144.33078002929688,172.024169921875,1.9011496305465698,0.012708097696304321,0.12521861493587494,0,False,0.9955688118934631,0.0
side,10.700000000000001,0,0.106149822473526,-144.33065795898438,172.02540588378906,1.901149868965149,0.012157740071415901,0.1298641711473465,0,False,0.9955431222915649,0.0
side,10.72,0,0.10615482181310654,-144.33035278320312,172.02374267578125,1.9011471271514893,0.012540278024971485,0.12456919997930527,0,False,0.9955868124961853,0.0
side,10.74,0,0.10614994168281555,-144.3305206298828,172.0253143310547,1.901148796081543,0.012208953499794006,0.12873618304729462,0,False,0.9955629706382751,0.0
side,10.76,0,0.10615354776382446,-144.33067321777344,172.0239715576172,1.901149034500122,0.01255891565233469,0.12353541702032089,0,False,0.9955917596817017,0.0
side,10.78,0,0.10614997893571854,-144.33045959472656,172.0253143310547,1.9011489152908325,0.012174615636467934,0.1297461837530136,0,False,0.9955610632896423,0.0
side,10.8,0,0.10615430027246475,-144.33021545410156,172.02381896972656,1.901146411895752,0.012688994407653809,0.12461218237876892,0,False,0.9955855011940002,0.0
side,10.82,0,0.10615016520023346,-144.33059692382812,172.0252685546875,1.9011492729187012,0.012282632291316986,0.1293497234582901,0,False,0.9955481886863708,0.0
side,10.84,0,0.10615313798189163,-144.33079528808594,172.0242462158203,1.9011497497558594,0.0125484149903059,0.12476921081542969,0,False,0.9955715537071228,0.0
side,10.86,0,0.1061505675315857,-144.3305206298828,172.02511596679688,1.901148796081543,0.012210562825202942,0.12938816845417023,0,False,0.9955664277076721,0.0
side,10.88,0,0.10615425556898117,-144.33041381835938,172.0238494873047,1.9011471271514893,0.012722683139145374,0.1248270571231842,0,False,0.995589554309845,0.0
side,10.9,0,0.10614968836307526,-144.33071899414062,172.0255889892578,1.901150107383728,0.012390173971652985,0.13184373080730438,0,False,0.995549738407135,0.0
side,10.92,0,0.10615362972021103,-144.3304901123047,172.02392578125,1.9011479616165161,0.012404270470142365,0.1233566626906395,0,False,0.9955786466598511,0.0
side,10.94,0,0.10615012794733047,-144.33055114746094,172.02528381347656,1.901149034500122,0.012382867746055126,0.13006135821342468,0,False,0.9955545663833618,0.0
side,10.96,0,0.10615415871143341,-144.33041381835938,172.02386474609375,1.9011471271514893,0.01270997617393732,0.1247740313410759,0,False,0.9955742359161377,0.0
side,10.98,0,0.10614952445030212,-144.330810546875,172.025390625,1.9011508226394653,0.012146281078457832,0.12892937660217285,0,False,0.9955462217330933,0.0
side,11.0,0,0.10615363717079163,-144.33016967773438,172.0240020751953,1.9011459350585938,0.012671112082898617,0.12575948238372803,0,False,0.9955881834030151,0.0
fore_aft,0.02,0,0.7691230177879333,6.110409736633301,-36.16067886352539,0.6255132555961609,0.2067185938358307,2.3843207359313965,0,False,0.18914541602134705,0.0
fore_aft,0.04,0,0.7595040798187256,7.220839500427246,-35.444374084472656,0.6158353090286255,0.6899434328079224,1.3739750385284424,0,False,0.3980964422225952,0.0
fore_aft,0.06,0,0.7406927347183228,5.899681568145752,-35.639102935791016,0.6166806817054749,1.0913089513778687,1.2226946353912354,0,False,0.5491036772727966,0.0
fore_aft,0.08,0,0.7201417684555054,6.173120021820068,-35.96868896484375,0.6224872469902039,0.9215423464775085,1.2297565937042236,0,False,0.6751831769943237,0.0
fore_aft,0.1,0,0.701650857925415,5.217529773712158,-35.822837829589844,0.6186806559562683,0.9493052363395691,1.5611482858657837,0,False,0.7168182730674744,0.0
fore_aft,0.12,0,0.6810091733932495,4.917316436767578,-34.86814880371094,0.6026054620742798,1.1187587976455688,1.2908225059509277,0,False,0.74654620885849,0.0
fore_aft,0.14,0,0.6574768424034119,8.680274963378906,-33.25457000732422,0.5839357376098633,1.3088021278381348,3.1023178100585938,0,False,0.7690298557281494,0.0
fore_aft,0.16,0,0.6292130947113037,12.413042068481445,-32.0225830078125,0.5771459341049194,1.5345994234085083,2.791952133178711,0,False,0.8175015449523926,0.0
fore_aft,0.18,0,0.5966650247573853,14.733696937561035,-31.23130226135254,0.5757607221603394,1.7191791534423828,1.599973201751709,0,False,0.8520398139953613,0.0
fore_aft,0.2,0,0.5613613724708557,17.286420822143555,-30.937849044799805,0.5853029489517212,1.8355076313018799,2.410646438598633,0,False,0.868675172328949,0.0
fore_aft,0.22,0,0.5210052728652954,17.83350944519043,-30.837709426879883,0.5871484875679016,2.119004726409912,1.2102209329605103,0,False,0.8567442297935486,0.0
fore_aft,0.24,0,0.4776184558868408,19.704973220825195,-31.21531105041504,0.6037774085998535,2.2040820121765137,1.8640482425689697,0,False,0.823384165763855,0.0
fore_aft,0.26,0,0.4307088255882263,20.35059928894043,-31.842172622680664,0.6160610914230347,2.416423797607422,0.6437681913375854,0,False,0.7921515703201294,0.0
fore_aft,0.28,0,0.3795704245567322,21.285268783569336,-32.498680114746094,0.6304625868797302,2.6399524211883545,0.8560776114463806,0,False,0.7606289386749268,0.0
fore_aft,0.3,0,0.3236837685108185,21.17217254638672,-32.82731628417969,0.6339517831802368,2.8775508403778076,0.5510170459747314,1,False,0.7438058853149414,0.0
fore_aft,0.32,0,0.29071876406669617,25.69451332092285,-26.04100799560547,0.5920894742012024,1.5233380794525146,9.556536674499512,2,False,0.7559099793434143,0.0
fore_aft,0.34,0,0.2660851776599884,24.285768508911133,-15.387331008911133,0.4814305603504181,1.6064167022705078,8.881609916687012,2,False,0.7703341841697693,0.0
fore_aft,0.36,0,0.24086540937423706,19.0400390625,-6.001729488372803,0.3445088565349579,1.6007684469223022,9.515209197998047,2,False,0.7877482175827026,0.0
fore_aft,0.38,0,0.22023935616016388,8.921341896057129,-0.4881604313850403,0.1557743400335312,1.1517196893692017,4.091988563537598,3,False,0.828278124332428,0.0
fore_aft,0.4,0,0.21224938333034515,10.358932495117188,-0.8401600122451782,0.18111728131771088,0.4598204493522644,2.8416409492492676,4,False,0.7957737445831299,0.0
fore_aft,0.42,0,0.2119908481836319,11.937409400939941,-1.9911860227584839,0.21067208051681519,0.42414093017578125,2.262871265411377,4,False,0.8241688013076782,0.0
fore_aft,0.44,0,0.21448534727096558,13.12141227722168,-2.3989877700805664,0.23202766478061676,0.4058072566986084,1.035644292831421,3,False,0.8265553116798401,0.0
fore_aft,0.46,0,0.21812298893928528,13.431879043579102,-2.283989906311035,0.2369990348815918,0.3673488199710846,0.3317185342311859,3,False,0.812905490398407,0.0
fore_aft,0.48,0,0.2222331017255783,13.282478332519531,-1.8765439987182617,0.23343196511268616,0.3382226526737213,0.5628991723060608,4,False,0.8059679269790649,0.0
fore_aft,0.5,0,0.22685489058494568,12.961899757385254,-1.4255168437957764,0.2270110547542572,0.3647492527961731,0.6664252281188965,4,False,0.7997572422027588,0.0
fore_aft,0.52,0,0.23195841908454895,12.475935935974121,-1.0261623859405518,0.21800212562084198,0.39462679624557495,0.678871214389801,4,False,0.7939757108688354,0.0
fore_aft,0.54,0,0.23725102841854095,11.82343864440918,-0.7158351540565491,0.20634695887565613,0.4248465597629547,0.7283400893211365,3,False,0.7887382507324219,0.0
fore_aft,0.56,0,0.24247895181179047,11.068230628967285,-0.5227839946746826,0.19308073818683624,0.4518038034439087,0.6718226075172424,4,False,0.7841319441795349,0.0
fore_aft,0.58,0,0.24763387441635132,10.134162902832031,-0.5265653133392334,0.17687197029590607,0.46503543853759766,0.8128857016563416,3,False,0.780072033405304,0.0
fore_aft,0.6,0,0.2526002824306488,9.05749225616455,-0.7447906732559204,0.15843291580677032,0.46685051918029785,0.9328739643096924,4,False,0.7772340774536133,0.0
fore_aft,0.62,0,0.2569667398929596,7.929330348968506,-1.1420010328292847,0.13967113196849823,0.45118939876556396,1.0409713983535767,4,False,0.7731393575668335,0.0
fore_aft,0.64,0,0.2600712776184082,6.812468528747559,-1.7979410886764526,0.1228189468383789,0.415953129529953,1.1107733249664307,4,False,0.7664137482643127,0.0
fore_aft,0.66,0,0.26246151328086853,5.732489109039307,-2.5765397548675537,0.10951504111289978,0.3839850127696991,1.057790756225586,4,False,0.7612088322639465,0.0
fore_aft,0.68,0,0.26481929421424866,4.764255046844482,-3.291874885559082,0.10087760537862778,0.3499409854412079,0.9089992642402649,4,False,0.7551709413528442,0.0
fore_aft,0.7000000000000001,0,0.2669527232646942,3.9341025352478027,-3.892367362976074,0.09640352427959442,0.32502391934394836,0.8126059174537659,4,False,0.7501407265663147,0.0
fore_aft,0.72,0,0.26885977387428284,3.1939890384674072,-4.410760879516602,0.09488223493099213,0.3072335422039032,0.6986140012741089,4,False,0.7462026476860046,0.0
fore_aft,0.74,0,0.27068787813186646,2.5219860076904297,-4.870828151702881,0.09559798985719681,0.2872564196586609,0.5426186919212341,4,False,0.7422991394996643,0.0
fore_aft,0.76,0,0.2723477780818939,1.8989933729171753,-5.314797878265381,0.09840066730976105,0.2646896243095398,0.5913341641426086,4,False,0.7387822270393372,0.0
fore_aft,0.78,0,0.2738281786441803,1.328533411026001,-5.707791328430176,0.10220353305339813,0.24262656271457672,0.49683836102485657,4,False,0.7357770204544067,0.0
fore_aft,0.8,0,0.27514490485191345,0.8050166368484497,-6.072686195373535,0.10685094445943832,0.2185337245464325,0.3870893716812134,4,False,0.7329900860786438,0.0
fore_aft,0.8200000000000001,0,0.276336133480072,0.3185364007949829,-6.430062294006348,0.11230199784040451,0.1931890994310379,0.4544928967952728,4,False,0.7304100394248962,0.0
fore_aft,0.84,0,0.277395635843277,-0.11836283653974533,-6.746086597442627,0.11769118905067444,0.16791094839572906,0.372542142868042,4,False,0.7283600568771362,0.0
fore_aft,0.86,0,0.27824801206588745,-0.5164732933044434,-7.045466899871826,0.12321187555789948,0.1418672502040863,0.35571932792663574,4,False,0.7265029549598694,0.0
fore_aft,0.88,0,0.27899640798568726,-0.8746798038482666,-7.324150562286377,0.12863047420978546,0.11770319193601608,0.3359336256980896,4,False,0.7248842120170593,0.0
fore_aft,0.9,0,0.2796313464641571,-1.1906228065490723,-7.57387638092041,0.1336754560470581,0.0927092507481575,0.3009721338748932,4,False,0.72349613904953,0.0
fore_aft,0.92,0,0.2800928056240082,-1.470648169517517,-7.810431957244873,0.13854388892650604,0.07168134301900864,0.3043215274810791,4,False,0.7224336266517639,0.0
fore_aft,0.9400000000000001,0,0.280466765165329,-1.7139863967895508,-8.01761245727539,0.14289286732673645,0.056761234998703,0.19029675424098969,4,False,0.7216755747795105,0.0
fore_aft,0.96,0,0.2807353734970093,-1.9286425113677979,-8.220349311828613,0.14713053405284882,0.04220465570688248,0.2545401155948639,4,False,0.7209539413452148,0.0
fore_aft,0.98,0,0.28089991211891174,-2.1110496520996094,-8.393566131591797,0.15078724920749664,0.03629475086927414,0.18276508152484894,3,False,0.7205111980438232,0.0
fore_aft,1.0,0,0.2809583842754364,-2.273552894592285,-8.563924789428711,0.1543426811695099,0.035723526030778885,0.22586357593536377,4,False,0.7203676700592041,0.0
fore_aft,1.02,0,0.2809668481349945,-2.406620740890503,-8.707396507263184,0.157337486743927,0.04061500355601311,0.19041356444358826,4,False,0.7201745510101318,0.0
fore_aft,1.04,0,0.281009703874588,-2.538879156112671,-8.865700721740723,0.16058997809886932,0.0390121266245842,0.21239468455314636,4,False,0.7201476693153381,0.0
fore_aft,1.06,0,0.28105559945106506,-2.6786282062530518,-9.016864776611328,0.1637706160545349,0.03523165360093117,0.234680637717247,4,False,0.7200581431388855,0.0
fore_aft,1.08,0,0.28104719519615173,-2.8110365867614746,-9.144974708557129,0.16654542088508606,0.031185489147901535,0.2278236299753189,4,False,0.7199097871780396,0.0
fore_aft,1.1,0,0.2810768485069275,-2.942847967147827,-9.269781112670898,0.16927503049373627,0.027781523764133453,0.17918266355991364,4,False,0.7199224233627319,0.0
fore_aft,1.12,0,0.2811107337474823,-3.040942430496216,-9.369245529174805,0.17142288386821747,0.022432494908571243,0.16980713605880737,4,False,0.7197888493537903,0.0
fore_aft,1.1400000000000001,0,0.28109604120254517,-3.114767074584961,-9.453235626220703,0.17319372296333313,0.020100008696317673,0.12309284508228302,4,False,0.719678521156311,0.0
fore_aft,1.16,0,0.28114232420921326,-3.171297073364258,-9.517693519592285,0.17455388605594635,0.016906550154089928,0.11594700068235397,4,False,0.7196124196052551,0.0
fore_aft,1.18,0,0.28113412857055664,-3.2187490463256836,-9.570039749145508,0.17566785216331482,0.011304354295134544,0.1186400055885315,4,False,0.7195672988891602,0.0
fore_aft,1.2,0,0.28111907839775085,-3.259687662124634,-9.607157707214355,0.176497682929039,0.011060184799134731,0.08825167268514633,4,False,0.719554603099823,0.0
fore_aft,1.22,0,0.28114375472068787,-3.294215679168701,-9.635461807250977,0.17714911699295044,0.00941877719014883,0.07725827395915985,4,False,0.7195059657096863,0.0
fore_aft,1.24,0,0.2811416983604431,-3.3120603561401367,-9.654123306274414,0.17755228281021118,0.008185610175132751,0.06007450446486473,4,False,0.7194719314575195,0.0
fore_aft,1.26,0,0.28113478422164917,-3.317007541656494,-9.664990425109863,0.17775748670101166,0.009554560296237469,0.05207234248518944,4,False,0.7194527983665466,0.0
fore_aft,1.28,0,0.28114941716194153,-3.320003032684326,-9.67251968383789,0.17789728939533234,0.007991449907422066,0.04617040976881981,4,False,0.7194521427154541,0.0
fore_aft,1.3,0,0.28114449977874756,-3.3234400749206543,-9.67501449584961,0.1779569387435913,0.005823476705700159,0.04640583321452141,4,False,0.7194394469261169,0.0
fore_aft,1.32,0,0.2811407744884491,-3.32826566696167,-9.676214218139648,0.17800292372703552,0.006511290557682514,0.04378558695316315,4,False,0.7194453477859497,0.0
fore_aft,1.34,0,0.28114721179008484,-3.330775260925293,-9.6759672164917,0.17801256477832794,0.0066527328453958035,0.04147342965006828,4,False,0.7194489240646362,0.0
fore_aft,1.36,0,0.2811427116394043,-3.3270866870880127,-9.673871994018555,0.17795808613300323,0.007328574080020189,0.038614921271800995,4,False,0.7194433808326721,0.0
fore_aft,1.3800000000000001,0,0.2811416685581207,-3.3208820819854736,-9.671137809753418,0.1778794229030609,0.007872876711189747,0.03773033246397972,4,False,0.7194379568099976,0.0
fore_aft,1.4000000000000001,0,0.2811444401741028,-3.316594123840332,-9.668415069580078,0.1778114140033722,0.006843291688710451,0.03835216909646988,4,False,0.7194371223449707,0.0
fore_aft,1.42,0,0.28114068508148193,-3.3149805068969727,-9.6653413772583,0.17775221168994904,0.0061763920821249485,0.039173439145088196,4,False,0.7194382548332214,0.0
fore_aft,1.44,0,0.28114068508148193,-3.315023422241211,-9.662779808044434,0.1777104288339615,0.00647268770262599,0.0390915647149086,4,False,0.7194473147392273,0.0
fore_aft,1.46,0,0.28114163875579834,-3.3136494159698486,-9.66063404083252,0.1776677519083023,0.006748317740857601,0.03797609359025955,4,False,0.719449520111084,0.0
fore_aft,1.48,0,0.28113964200019836,-3.3099312782287598,-9.658400535583496,0.17761088907718658,0.007236161269247532,0.03741840645670891,4,False,0.7194501757621765,0.0
fore_aft,1.5,0,0.28114017844200134,-3.306307792663574,-9.656659126281738,0.1775626242160797,0.007151626981794834,0.03746894747018814,4,False,0.7194475531578064,0.0
fore_aft,1.52,0,0.2811400592327118,-3.3046796321868896,-9.655181884765625,0.17752952873706818,0.006554330699145794,0.038352664560079575,4,False,0.7194474935531616,0.0
fore_aft,1.54,0,0.28113874793052673,-3.3047304153442383,-9.654007911682129,0.1775105744600296,0.006410797126591206,0.03875051438808441,4,False,0.7194503545761108,0.0
fore_aft,1.56,0,0.2811395525932312,-3.3052525520324707,-9.653273582458496,0.17750133574008942,0.006592366844415665,0.03861489146947861,4,False,0.7194553017616272,0.0
fore_aft,1.58,0,0.2811391353607178,-3.304551362991333,-9.652462005615234,0.17748421430587769,0.006810376886278391,0.03839140385389328,4,False,0.7194554209709167,0.0
fore_aft,1.6,0,0.28113871812820435,-3.302999258041382,-9.652030944824219,0.1774687021970749,0.007059556432068348,0.03790174052119255,4,False,0.7194544672966003,0.0
fore_aft,1.62,0,0.2811392843723297,-3.3022348880767822,-9.651935577392578,0.17746300995349884,0.00688399700447917,0.03827541321516037,4,False,0.7194538712501526,0.0
fore_aft,1.6400000000000001,0,0.28113922476768494,-3.302098274230957,-9.651748657226562,0.17745919525623322,0.006589715369045734,0.039160653948783875,4,False,0.7194538116455078,0.0
fore_aft,1.6600000000000001,0,0.28113868832588196,-3.3029208183288574,-9.651588439941406,0.17746104300022125,0.006537268403917551,0.0392783023416996,4,False,0.7194544672966003,0.0
fore_aft,1.68,0,0.28113916516304016,-3.303497076034546,-9.651708602905273,0.17746610939502716,0.006701566278934479,0.039086729288101196,4,False,0.719458281993866,0.0
fore_aft,1.7,0,0.2811390161514282,-3.3031158447265625,-9.651601791381836,0.17746229469776154,0.0068395244888961315,0.038746196776628494,4,False,0.7194563746452332,0.0
fore_aft,1.72,0,0.2811388671398163,-3.302600383758545,-9.65161418914795,0.177459716796875,0.006877467967569828,0.038885824382305145,4,False,0.7194546461105347,0.0
fore_aft,1.74,0,0.28113916516304016,-3.302074909210205,-9.651619911193848,0.17745696008205414,0.006788718514144421,0.03848903626203537,4,False,0.7194538712501526,0.0
fore_aft,1.76,0,0.2811390459537506,-3.3021655082702637,-9.651394844055176,0.17745374143123627,0.006632051896303892,0.03922247886657715,4,False,0.7194555997848511,0.0
fore_aft,1.78,0,0.28113868832588196,-3.302591562271118,-9.651506423950195,0.17745789885520935,0.006617207545787096,0.03867707401514053,4,False,0.7194557785987854,0.0
fore_aft,1.8,0,0.2811390161514282,-3.3030641078948975,-9.651527404785156,0.17746080458164215,0.006727366242557764,0.03888293728232384,4,False,0.7194560170173645,0.0
fore_aft,1.82,0,0.2811391055583954,-3.302907943725586,-9.651618957519531,0.1774614453315735,0.006796624977141619,0.038722313940525055,4,False,0.7194570899009705,0.0
fore_aft,1.84,0,0.2811386287212372,-3.302518129348755,-9.651535034179688,0.17745797336101532,0.006808095145970583,0.038924362510442734,4,False,0.7194546461105347,0.0
fore_aft,1.86,0,0.28113919496536255,-3.302328586578369,-9.651630401611328,0.1774584800004959,0.006775459740310907,0.0385916605591774,4,False,0.7194536924362183,0.0
fore_aft,1.8800000000000001,0,0.2811390459537506,-3.3025407791137695,-9.651572227478027,0.17745868861675262,0.006629756186157465,0.03898553550243378,4,False,0.7194546461105347,0.0
fore_aft,1.9000000000000001,0,0.28113871812820435,-3.303018569946289,-9.6516752243042,0.17746299505233765,0.006711835041642189,0.03903573006391525,4,False,0.7194551229476929,0.0
fore_aft,1.92,0,0.2811392843723297,-3.3031415939331055,-9.651923179626465,0.1774677187204361,0.006791028659790754,0.03882081061601639,4,False,0.7194563746452332,0.0
fore_aft,1.94,0,0.2811391055583954,-3.302884101867676,-9.651790618896484,0.17746415734291077,0.006752226501703262,0.03869279474020004,4,False,0.7194551825523376,0.0
fore_aft,1.96,0,0.28113889694213867,-3.302675724029541,-9.651843070983887,0.1774638593196869,0.006738168187439442,0.03881567344069481,4,False,0.7194542288780212,0.0
fore_aft,1.98,0,0.2811390161514282,-3.302905797958374,-9.651835441589355,0.17746500670909882,0.006689378991723061,0.039041828364133835,4,False,0.7194553017616272,0.0
fore_aft,2.0,0,0.2811390459537506,-3.3030426502227783,-9.651823997497559,0.177465558052063,0.006698549259454012,0.039024099707603455,4,False,0.7194554209709167,0.0
fore_aft,2.02,0,0.28113898634910583,-3.303051710128784,-9.651847839355469,0.17746597528457642,0.006737973541021347,0.03901223465800285,4,False,0.7194557189941406,0.0
fore_aft,2.04,0,0.28113898634910583,-3.3029937744140625,-9.65179443359375,0.1774647980928421,0.006772925611585379,0.038961198180913925,4,False,0.7194557785987854,0.0
fore_aft,2.06,0,0.28113919496536255,-3.302718162536621,-9.65190601348877,0.17746512591838837,0.006760189309716225,0.0386153906583786,4,False,0.7194547653198242,0.0
fore_aft,2.08,0,0.28113889694213867,-3.302729845046997,-9.651802062988281,0.17746348679065704,0.006692233495414257,0.038750965148210526,4,False,0.7194544672966003,0.0
fore_aft,2.1,0,0.28113892674446106,-3.30297589302063,-9.651820182800293,0.17746512591838837,0.006738623138517141,0.03918830305337906,4,False,0.7194543480873108,0.0
fore_aft,2.12,0,0.2811392545700073,-3.303072452545166,-9.651932716369629,0.1774674952030182,0.006735141389071941,0.038692131638526917,4,False,0.719456136226654,0.0
fore_aft,2.14,0,0.2811388671398163,-3.3029892444610596,-9.651832580566406,0.17746537923812866,0.006739359349012375,0.0384303517639637,4,False,0.7194550037384033,0.0
fore_aft,2.16,0,0.2811391055583954,-3.3028616905212402,-9.651935577392578,0.17746640741825104,0.006786899175494909,0.038837186992168427,4,False,0.7194553017616272,0.0
fore_aft,2.18,0,0.281139075756073,-3.3028509616851807,-9.651850700378418,0.17746496200561523,0.006705515086650848,0.03879323974251747,4,False,0.719454824924469,0.0
fore_aft,2.2,0,0.28113874793052673,-3.302842378616333,-9.651844024658203,0.1774647831916809,0.006715334951877594,0.03887133672833443,4,False,0.7194544672966003,0.0
fore_aft,2.22,0,0.2811392545700073,-3.3031651973724365,-9.651986122131348,0.17746888101100922,0.006743377540260553,0.03881017491221428,4,False,0.7194555401802063,0.0
fore_aft,2.24,0,0.28113898634910583,-3.303051471710205,-9.651847839355469,0.17746597528457642,0.006702433805912733,0.038815900683403015,4,False,0.7194541096687317,0.0
fore_aft,2.2600000000000002,0,0.2811387777328491,-3.302955150604248,-9.651927947998047,0.17746677994728088,0.0067818001843988895,0.03872561454772949,4,False,0.7194549441337585,0.0
fore_aft,2.2800000000000002,0,0.2811393141746521,-3.302816390991211,-9.651957511901855,0.1774665117263794,0.006740382872521877,0.0388876274228096,4,False,0.7194564938545227,0.0
fore_aft,2.3000000000000003,0,0.2811386287212372,-3.3027842044830322,-9.651708602905273,0.17746224999427795,0.0066785202361643314,0.03892798349261284,4,False,0.7194533944129944,0.0
fore_aft,2.32,0,0.281139075756073,-3.303131580352783,-9.652040481567383,0.17746958136558533,0.006770431529730558,0.038536928594112396,4,False,0.7194560170173645,0.0
fore_aft,2.34,0,0.2811393439769745,-3.3031225204467773,-9.651939392089844,0.17746786773204803,0.006723848637193441,0.03895702585577965,4,False,0.7194553017616272,0.0
fore_aft,2.36,0,0.28113874793052673,-3.3030970096588135,-9.651994705200195,0.1774686723947525,0.006739520002156496,0.03880928456783295,4,False,0.7194523811340332,0.0
fore_aft,2.38,0,0.28113922476768494,-3.3029651641845703,-9.651983261108398,0.17746774852275848,0.006783015094697475,0.03875650092959404,4,False,0.7194562554359436,0.0
fore_aft,2.4,0,0.2811391353607178,-3.3031601905822754,-9.652063369750977,0.1774701178073883,0.006727068684995174,0.03901753947138786,4,False,0.7194560170173645,0.0
fore_aft,2.42,0,0.2811390161514282,-3.303140640258789,-9.652037620544434,0.17746959626674652,0.006737121846526861,0.039097342640161514,4,False,0.7194536328315735,0.0
fore_aft,2.44,0,0.2811391353607178,-3.3031129837036133,-9.651957511901855,0.17746810615062714,0.006710837595164776,0.03913291171193123,4,False,0.7194553017616272,0.0
fore_aft,2.46,0,0.28113919496536255,-3.3030738830566406,-9.651983261108398,0.17746832966804504,0.0067206877283751965,0.03899533301591873,4,False,0.7194546461105347,0.0
fore_aft,2.48,0,0.2811391055583954,-3.303001880645752,-9.651832580566406,0.17746545374393463,0.00672041904181242,0.038892846554517746,4,False,0.7194541096687317,0.0
fore_aft,2.5,0,0.2811390161514282,-3.3027431964874268,-9.651759147644043,0.1774628460407257,0.006750148255378008,0.038618456572294235,4,False,0.7194560170173645,0.0
fore_aft,2.52,0,0.28113892674446106,-3.3026440143585205,-9.651643753051758,0.1774604320526123,0.006725440267473459,0.03887150436639786,4,False,0.7194554805755615,0.0
fore_aft,2.54,0,0.28113874793052673,-3.3029332160949707,-9.65179443359375,0.17746445536613464,0.006745228543877602,0.03883625939488411,4,False,0.7194545269012451,0.0
fore_aft,2.56,0,0.2811393141746521,-3.3029325008392334,-9.65186882019043,0.17746569216251373,0.006796482019126415,0.038814183324575424,4,False,0.7194544672966003,0.0
fore_aft,2.58,0,0.28113898634910583,-3.302706241607666,-9.651695251464844,0.17746160924434662,0.006706627551466227,0.03891889378428459,4,False,0.7194557785987854,0.0
fore_aft,2.6,0,0.28113871812820435,-3.3028087615966797,-9.651885986328125,0.1774653047323227,0.006741889286786318,0.03849273920059204,4,False,0.7194541096687317,0.0
fore_aft,2.62,0,0.28113922476768494,-3.3030076026916504,-9.651836395263672,0.177465558052063,0.006712630391120911,0.03903389349579811,4,False,0.7194547057151794,0.0
fore_aft,2.64,0,0.2811388373374939,-3.3029985427856445,-9.651841163635254,0.17746558785438538,0.006719012279063463,0.038813378661870956,4,False,0.7194553017616272,0.0
fore_aft,2.66,0,0.2811390161514282,-3.303032398223877,-9.651843070983887,0.1774657964706421,0.006786659359931946,0.038786135613918304,4,False,0.7194543480873108,0.0
fore_aft,2.68,0,0.28113943338394165,-3.3028879165649414,-9.651899337768555,0.17746594548225403,0.00676123658195138,0.039026301354169846,4,False,0.719456136226654,0.0
fore_aft,2.7,0,0.2811387777328491,-3.3027262687683105,-9.651782035827637,0.1774631291627884,0.006684768479317427,0.03884343057870865,4,False,0.7194559574127197,0.0
fore_aft,2.72,0,0.28113898634910583,-3.3030831813812256,-9.651942253112793,0.1774677187204361,0.006735747214406729,0.03894532099366188,4,False,0.7194544672966003,0.0
fore_aft,2.74,0,0.2811393141746521,-3.3033030033111572,-9.6520357131958,0.17747043073177338,0.006721602287143469,0.038623712956905365,4,False,0.7194546461105347,0.0
fore_aft,2.7600000000000002,0,0.28113889694213867,-3.303218364715576,-9.652012825012207,0.17746959626674652,0.006769072730094194,0.039073068648576736,4,False,0.7194551825523376,0.0
fore_aft,2.7800000000000002,0,0.2811391055583954,-3.3028602600097656,-9.6519775390625,0.17746709287166595,0.006773910950869322,0.038580019026994705,4,False,0.7194540500640869,0.0
fore_aft,2.8000000000000003,0,0.28113916516304016,-3.302915096282959,-9.651907920837402,0.17746621370315552,0.006719503551721573,0.03896927833557129,4,False,0.7194541096687317,0.0
fore_aft,2.82,0,0.28113889694213867,-3.303018093109131,-9.651867866516113,0.17746612429618835,0.006672697141766548,0.038675833493471146,4,False,0.7194547653198242,0.0
fore_aft,2.84,0,0.281139075756073,-3.303349256515503,-9.652138710021973,0.17747238278388977,0.006760383956134319,0.038751181215047836,4,False,0.7194554805755615,0.0
fore_aft,2.86,0,0.2811391055583954,-3.303175687789917,-9.652021408081055,0.17746950685977936,0.006742551922798157,0.039050087332725525,4,False,0.7194546461105347,0.0
fore_aft,2.88,0,0.28113898634910583,-3.302837371826172,-9.651933670043945,0.1774662286043167,0.006764678284525871,0.038782812654972076,4,False,0.719454288482666,0.0
fore_aft,2.9,0,0.28113922476768494,-3.3028337955474854,-9.651895523071289,0.17746560275554657,0.006727100815623999,0.03865586966276169,4,False,0.7194547057151794,0.0
fore_aft,2.92,0,0.2811390459537506,-3.3031420707702637,-9.65197467803955,0.17746856808662415,0.006690013222396374,0.03911652788519859,4,False,0.7194543480873108,0.0
fore_aft,2.94,0,0.2811388373374939,-3.3030941486358643,-9.651914596557617,0.17746731638908386,0.0067309243604540825,0.03893354535102844,4,False,0.7194554805755615,0.0
fore_aft,2.96,0,0.28113916516304016,-3.303156852722168,-9.651994705200195,0.17746895551681519,0.006781032308936119,0.03893719241023064,4,False,0.7194550037384033,0.0
fore_aft,2.98,0,0.2811392545700073,-3.3028907775878906,-9.651847839355469,0.17746511101722717,0.006741825491189957,0.03888999670743942,4,False,0.7194539904594421,0.0
fore_aft,3.0,0,0.2811388671398163,-3.302736282348633,-9.651779174804688,0.17746314406394958,0.006731802597641945,0.03855954855680466,4,False,0.7194548845291138,0.0
fore_aft,3.02,0,0.28113895654678345,-3.3028461933135986,-9.65184211730957,0.17746476829051971,0.006724444683641195,0.03889990597963333,4,False,0.7194551825523376,0.0
fore_aft,3.04,0,0.2811390161514282,-3.3028295040130615,-9.65169620513916,0.17746230959892273,0.006716939155012369,0.038716692477464676,4,False,0.7194548845291138,0.0
fore_aft,3.06,0,0.28113889694213867,-3.3030214309692383,-9.65182113647461,0.17746537923812866,0.006734422408044338,0.03904007375240326,4,False,0.7194560766220093,0.0
fore_aft,3.08,0,0.28113919496536255,-3.3030507564544678,-9.651891708374023,0.1774667203426361,0.006766756996512413,0.038634780794382095,4,False,0.7194549441337585,0.0
fore_aft,3.1,0,0.2811390161514282,-3.3029980659484863,-9.651907920837402,0.17746670544147491,0.006757793948054314,0.0389791876077652,4,False,0.7194556593894958,0.0
fore_aft,3.12,0,0.281139075756073,-3.3029415607452393,-9.651890754699707,0.17746610939502716,0.00673541147261858,0.03865314647555351,4,False,0.7194544076919556,0.0
fore_aft,3.14,0,0.28113919496536255,-3.302851915359497,-9.651846885681152,0.17746487259864807,0.006714940536767244,0.038734111934900284,4,False,0.7194551825523376,0.0
fore_aft,3.16,0,0.28113895654678345,-3.3031139373779297,-9.651944160461426,0.17746789753437042,0.006709271110594273,0.038958996534347534,4,False,0.7194546461105347,0.0
fore_aft,3.18,0,0.2811391353607178,-3.303022623062134,-9.651883125305176,0.17746640741825104,0.006754954811185598,0.03906630724668503,4,False,0.7194550633430481,0.0
fore_aft,3.2,0,0.2811390161514282,-3.3030760288238525,-9.651847839355469,0.17746610939502716,0.006741221062839031,0.03898092731833458,4,False,0.7194545269012451,0.0
fore_aft,3.22,0,0.281139075756073,-3.302910327911377,-9.651935577392578,0.17746664583683014,0.006772482302039862,0.03884315863251686,4,False,0.7194550037384033,0.0
fore_aft,3.24,0,0.2811390161514282,-3.303037643432617,-9.651895523071289,0.17746669054031372,0.006734035909175873,0.039065536111593246,4,False,0.7194550037384033,0.0
fore_aft,3.2600000000000002,0,0.2811391055583954,-3.3031373023986816,-9.652061462402344,0.17746995389461517,0.006760590244084597,0.03860738128423691,4,False,0.7194551229476929,0.0
fore_aft,3.2800000000000002,0,0.281139075756073,-3.3030338287353516,-9.651947975158691,0.17746753990650177,0.006735552102327347,0.03884777054190636,4,False,0.7194540500640869,0.0
fore_aft,3.3000000000000003,0,0.28113892674446106,-3.3031368255615234,-9.651952743530273,0.1774681806564331,0.006744088139384985,0.03879816457629204,4,False,0.7194549441337585,0.0
fore_aft,3.3200000000000003,0,0.28113916516304016,-3.3030242919921875,-9.651968955993652,0.17746785283088684,0.0067597609013319016,0.038950998336076736,4,False,0.7194544672966003,0.0
fore_aft,3.34,0,0.281139075756073,-3.3028416633605957,-9.651815414428711,0.1774643063545227,0.006742445752024651,0.03879198804497719,4,False,0.7194545269012451,0.0
fore_aft,3.36,0,0.28113898634910583,-3.3028159141540527,-9.651822090148926,0.1774642914533615,0.0067359344102442265,0.03891480341553688,4,False,0.719455361366272,0.0
fore_aft,3.38,0,0.2811390459537506,-3.3027727603912354,-9.65178394317627,0.17746342718601227,0.00672902213409543,0.038699742406606674,4,False,0.7194541692733765,0.0
fore_aft,3.4,0,0.28113898634910583,-3.3029191493988037,-9.651801109313965,0.17746450006961823,0.00672002462670207,0.03868576139211655,4,False,0.7194559574127197,0.0
fore_aft,3.42,0,0.2811392545700073,-3.30285906791687,-9.651876449584961,0.17746540904045105,0.006742161698639393,0.03887750953435898,4,False,0.7194545269012451,0.0
fore_aft,3.44,0,0.28113916516304016,-3.3029651641845703,-9.651835441589355,0.17746533453464508,0.006703392136842012,0.03910481929779053,4,False,0.719456136226654,0.0
fore_aft,3.46,0,0.2811387777328491,-3.3028416633605957,-9.651785850524902,0.1774638444185257,0.006726826541125774,0.0389070138335228,4,False,0.7194555401802063,0.0
fore_aft,3.48,0,0.2811392545700073,-3.3028221130371094,-9.65181827545166,0.17746426165103912,0.006752378772944212,0.03892052173614502,4,False,0.7194554805755615,0.0
fore_aft,3.5,0,0.281139075756073,-3.3026771545410156,-9.651573181152344,0.1774594485759735,0.006675554905086756,0.03887820243835449,4,False,0.7194547653198242,0.0
fore_aft,3.52,0,0.2811385691165924,-3.3026771545410156,-9.651647567749023,0.1774606853723526,0.006746979430317879,0.038857217878103256,4,False,0.7194560170173645,0.0
fore_aft,3.54,0,0.2811393737792969,-3.3029050827026367,-9.651830673217773,0.17746493220329285,0.006748684216290712,0.03883051499724388,4,False,0.7194555401802063,0.0
fore_aft,3.56,0,0.281139075756073,-3.302891492843628,-9.651808738708496,0.17746447026729584,0.006707267370074987,0.03905090317130089,4,False,0.7194550037384033,0.0
fore_aft,3.58,0,0.28113895654678345,-3.3028063774108887,-9.651786804199219,0.17746365070343018,0.006746194325387478,0.03891254961490631,4,False,0.719455897808075,0.0
fore_aft,3.6,0,0.2811390161514282,-3.302794933319092,-9.6517333984375,0.17746272683143616,0.00671597383916378,0.038672320544719696,4,False,0.7194554805755615,0.0
fore_aft,3.62,0,0.28113889694213867,-3.302781581878662,-9.651710510253906,0.17746227979660034,0.006725689861923456,0.03876613453030586,4,False,0.7194550037384033,0.0
fore_aft,3.64,0,0.28113892674446106,-3.3027427196502686,-9.651668548583984,0.17746135592460632,0.006722692400217056,0.03875325992703438,4,False,0.719454288482666,0.0
fore_aft,3.66,0,0.28113898634910583,-3.3027985095977783,-9.65175724029541,0.1774631142616272,0.006748692598193884,0.038680300116539,4,False,0.7194543480873108,0.0
fore_aft,3.68,0,0.28113919496536255,-3.3027541637420654,-9.65182113647461,0.17746394872665405,0.0067437863908708096,0.038922954350709915,4,False,0.7194546461105347,0.0
fore_aft,3.7,0,0.28113892674446106,-3.302680492401123,-9.651687622070312,0.17746135592460632,0.006696971133351326,0.0389336459338665,4,False,0.7194557785987854,0.0
fore_aft,3.72,0,0.2811388373374939,-3.3030760288238525,-9.651970863342285,0.17746813595294952,0.006737879943102598,0.03863976523280144,4,False,0.7194540500640869,0.0
fore_aft,3.74,0,0.2811393141746521,-3.3031768798828125,-9.651986122131348,0.177468940615654,0.006756528280675411,0.03883783146739006,4,False,0.7194554805755615,0.0
fore_aft,3.7600000000000002,0,0.2811391353607178,-3.3031163215637207,-9.651966094970703,0.17746828496456146,0.006718733347952366,0.03913465514779091,4,False,0.7194553017616272,0.0
fore_aft,3.7800000000000002,0,0.28113895654678345,-3.3031327724456787,-9.65194034576416,0.1774679571390152,0.006749975495040417,0.03912137448787689,4,False,0.7194544076919556,0.0
fore_aft,3.8000000000000003,0,0.28113919496536255,-3.303060293197632,-9.652003288269043,0.17746859788894653,0.006763209588825703,0.03869485855102539,4,False,0.7194541096687317,0.0
fore_aft,3.8200000000000003,0,0.28113919496536255,-3.302966833114624,-9.651946067810059,0.17746715247631073,0.006707823369652033,0.038752246648073196,4,False,0.7194546461105347,0.0
fore_aft,3.84,0,0.2811388075351715,-3.3030574321746826,-9.651914596557617,0.17746712267398834,0.006729813292622566,0.039006754755973816,4,False,0.7194542288780212,0.0
fore_aft,3.86,0,0.2811392545700073,-3.3030176162719727,-9.651914596557617,0.17746689915657043,0.006763728801161051,0.038664862513542175,4,False,0.7194551825523376,0.0
fore_aft,3.88,0,0.28113922476768494,-3.302966833114624,-9.651957511901855,0.17746731638908386,0.006713849026709795,0.038660064339637756,4,False,0.719455897808075,0.0
fore_aft,3.9,0,0.2811387777328491,-3.3030495643615723,-9.651895523071289,0.1774667501449585,0.006725184619426727,0.03891368582844734,4,False,0.7194542288780212,0.0
fore_aft,3.92,0,0.2811391055583954,-3.3033018112182617,-9.652095794677734,0.17747142910957336,0.006778333801776171,0.038907576352357864,4,False,0.7194562554359436,0.0
fore_aft,3.94,0,0.28113922476768494,-3.303104877471924,-9.652050971984863,0.17746961116790771,0.006750339176505804,0.03877633437514305,4,False,0.7194551825523376,0.0
fore_aft,3.96,0,0.2811388671398163,-3.3029797077178955,-9.651894569396973,0.17746636271476746,0.006736550480127335,0.03891780227422714,4,False,0.7194545269012451,0.0
fore_aft,3.98,0,0.2811390459537506,-3.303199291229248,-9.652045249938965,0.17747002840042114,0.00676471134647727,0.0390055850148201,4,False,0.7194566130638123,0.0
fore_aft,4.0,0,0.281139075756073,-3.3031158447265625,-9.65196418762207,0.17746824026107788,0.0067392936907708645,0.038773760199546814,4,False,0.7194540500640869,0.0
fore_aft,4.0200000000000005,0,0.2811390161514282,-3.3030240535736084,-9.651935577392578,0.17746728658676147,0.006754548288881779,0.03866647183895111,4,False,0.7194549441337585,0.0
fore_aft,4.04,0,0.28113916516304016,-3.302839756011963,-9.651893615722656,0.17746558785438538,0.006712878588587046,0.038887955248355865,4,False,0.7194554805755615,0.0
fore_aft,4.0600000000000005,0,0.28113892674446106,-3.3028335571289062,-9.651788711547852,0.1774638444185257,0.006719487253576517,0.0387050025165081,4,False,0.7194536328315735,0.0
fore_aft,4.08,0,0.28113898634910583,-3.3030343055725098,-9.651808738708496,0.17746524512767792,0.006732563022524118,0.03897280618548393,4,False,0.7194555401802063,0.0
fore_aft,4.1,0,0.2811391055583954,-3.302993059158325,-9.651864051818848,0.17746594548225403,0.0067505259066820145,0.03858539089560509,4,False,0.719455361366272,0.0
fore_aft,4.12,0,0.28113919496536255,-3.3028368949890137,-9.651874542236328,0.17746524512767792,0.006744571961462498,0.03878062963485718,4,False,0.7194543480873108,0.0
fore_aft,4.14,0,0.28113892674446106,-3.3026931285858154,-9.651719093322754,0.1774619221687317,0.006715132389217615,0.03868527337908745,4,False,0.7194555401802063,0.0
fore_aft,4.16,0,0.2811390459537506,-3.3029403686523438,-9.651909828186035,0.17746640741825104,0.006716017611324787,0.03890476003289223,4,False,0.719455361366272,0.0
fore_aft,4.18,0,0.281139075756073,-3.303046464920044,-9.651875495910645,0.17746640741825104,0.0066972714848816395,0.039012789726257324,4,False,0.7194553017616272,0.0
fore_aft,4.2,0,0.28113892674446106,-3.3031063079833984,-9.651912689208984,0.17746736109256744,0.006730586756020784,0.03912867605686188,4,False,0.7194542288780212,0.0
fore_aft,4.22,0,0.2811391055583954,-3.3030309677124023,-9.651861190795898,0.17746609449386597,0.006779114715754986,0.03874104842543602,4,False,0.7194553017616272,0.0
fore_aft,4.24,0,0.2811390459537506,-3.3029446601867676,-9.651993751525879,0.17746777832508087,0.006749482359737158,0.038487862795591354,4,False,0.7194545269012451,0.0
fore_aft,4.26,0,0.28113898634910583,-3.3029003143310547,-9.651884078979492,0.1774657666683197,0.006742986384779215,0.039282068610191345,4,False,0.719455897808075,0.0
fore_aft,4.28,0,0.28113898634910583,-3.302797317504883,-9.651805877685547,0.17746391892433167,0.00671582855284214,0.038820672780275345,4,False,0.7194557189941406,0.0
fore_aft,4.3,0,0.281139075756073,-3.303203821182251,-9.65198802947998,0.17746910452842712,0.006734631489962339,0.039081647992134094,4,False,0.7194550633430481,0.0
fore_aft,4.32,0,0.2811390459537506,-3.3029794692993164,-9.651777267456055,0.17746444046497345,0.006711684167385101,0.038877587765455246,4,False,0.7194539904594421,0.0
fore_aft,4.34,0,0.28113889694213867,-3.303083896636963,-9.651968955993652,0.17746815085411072,0.006791925523430109,0.038687046617269516,4,False,0.7194551825523376,0.0
fore_aft,4.36,0,0.28113922476768494,-3.30279803276062,-9.651809692382812,0.17746399343013763,0.006743596866726875,0.038857750594615936,4,False,0.7194540500640869,0.0
fore_aft,4.38,0,0.2811387777328491,-3.3027665615081787,-9.651813507080078,0.17746387422084808,0.006725170649588108,0.0386374369263649,4,False,0.7194547057151794,0.0
fore_aft,4.4,0,0.2811392545700073,-3.302985191345215,-9.651962280273438,0.1774674952030182,0.006743467878550291,0.03899647668004036,4,False,0.7194557189941406,0.0
fore_aft,4.42,0,0.2811390161514282,-3.3031160831451416,-9.65195369720459,0.17746807634830475,0.006683300714939833,0.0390971377491951,4,False,0.7194551825523376,0.0
fore_aft,4.44,0,0.28113898634910583,-3.3033063411712646,-9.652131080627441,0.1774720400571823,0.006743746809661388,0.038885753601789474,4,False,0.7194557189941406,0.0
fore_aft,4.46,0,0.2811391055583954,-3.303196430206299,-9.651993751525879,0.1774691641330719,0.006754227913916111,0.038973547518253326,4,False,0.7194550633430481,0.0
fore_aft,4.48,0,0.2811391353607178,-3.3029017448425293,-9.65191650390625,0.17746630311012268,0.006749385967850685,0.03856220468878746,4,False,0.7194538116455078,0.0
fore_aft,4.5,0,0.2811390459537506,-3.30283522605896,-9.651876449584961,0.1774652749300003,0.006748463958501816,0.03860556706786156,4,False,0.7194551229476929,0.0
fore_aft,4.5200000000000005,0,0.28113898634910583,-3.3028452396392822,-9.651837348937988,0.17746469378471375,0.0067118131555616856,0.03875930979847908,4,False,0.7194549441337585,0.0
fore_aft,4.54,0,0.28113889694213867,-3.302826166152954,-9.651844024658203,0.17746469378471375,0.006712362170219421,0.03856581822037697,4,False,0.7194543480873108,0.0
fore_aft,4.5600000000000005,0,0.28113916516304016,-3.3030848503112793,-9.651834487915039,0.17746594548225403,0.006732286419719458,0.039002545177936554,4,False,0.7194548845291138,0.0
fore_aft,4.58,0,0.2811390459537506,-3.303090810775757,-9.651926040649414,0.177467480301857,0.006734066642820835,0.0389581099152565,4,False,0.7194551229476929,0.0
fore_aft,4.6000000000000005,0,0.28113889694213867,-3.3028724193573,-9.651834487915039,0.1774647980928421,0.006760548334568739,0.03860744461417198,4,False,0.7194533348083496,0.0
fore_aft,4.62,0,0.281139075756073,-3.3028905391693115,-9.65194320678711,0.17746669054031372,0.006746402941644192,0.03860095888376236,4,False,0.7194553017616272,0.0
fore_aft,4.64,0,0.2811390459537506,-3.302765130996704,-9.651780128479004,0.1774633377790451,0.006690938025712967,0.03892388194799423,4,False,0.7194550037384033,0.0
fore_aft,4.66,0,0.2811388671398163,-3.30301570892334,-9.65185546875,0.17746591567993164,0.006714992690831423,0.038770146667957306,4,False,0.7194542288780212,0.0
fore_aft,4.68,0,0.28113919496536255,-3.3031601905822754,-9.651994705200195,0.17746898531913757,0.006749890279024839,0.03894331678748131,4,False,0.719455897808075,0.0
fore_aft,4.7,0,0.2811390459537506,-3.303071975708008,-9.651915550231934,0.1774672120809555,0.006756452843546867,0.03862302377820015,4,False,0.7194547057151794,0.0
fore_aft,4.72,0,0.2811390459537506,-3.3029115200042725,-9.6519775390625,0.17746737599372864,0.006738972384482622,0.03889758884906769,4,False,0.7194562554359436,0.0
fore_aft,4.74,0,0.2811391055583954,-3.302919864654541,-9.651895523071289,0.17746604979038239,0.00671705836430192,0.03883186727762222,4,False,0.7194544672966003,0.0
fore_aft,4.76,0,0.2811391353607178,-3.303054094314575,-9.65196418762207,0.17746791243553162,0.006695115007460117,0.03884117305278778,4,False,0.7194551825523376,0.0
fore_aft,4.78,0,0.28113889694213867,-3.303271770477295,-9.651981353759766,0.1774693727493286,0.006735691800713539,0.038693949580192566,4,False,0.7194550037384033,0.0
fore_aft,4.8,0,0.28113895654678345,-3.3031506538391113,-9.652037620544434,0.1774696409702301,0.006779948249459267,0.03860626369714737,4,False,0.7194551825523376,0.0
fore_aft,4.82,0,0.2811393439769745,-3.3029136657714844,-9.651968955993652,0.1774672418832779,0.006745847873389721,0.03892134130001068,4,False,0.7194550037384033,0.0
fore_aft,4.84,0,0.2811390161514282,-3.302919626235962,-9.651948928833008,0.17746692895889282,0.00670607527717948,0.0386594757437706,4,False,0.719454288482666,0.0
fore_aft,4.86,0,0.281139075756073,-3.3031857013702393,-9.652059555053711,0.17747019231319427,0.006723860278725624,0.03924593701958656,4,False,0.7194555997848511,0.0
fore_aft,4.88,0,0.28113919496536255,-3.3032660484313965,-9.652070999145508,0.17747081816196442,0.006715723313391209,0.03882212936878204,4,False,0.7194550633430481,0.0
fore_aft,4.9,0,0.2811388373374939,-3.303135871887207,-9.652033805847168,0.17746949195861816,0.006746876053512096,0.038925088942050934,4,False,0.7194551229476929,0.0
fore_aft,4.92,0,0.28113916516304016,-3.3029680252075195,-9.652021408081055,0.17746838927268982,0.006786453537642956,0.03854891657829285,4,False,0.7194547653198242,0.0
fore_aft,4.94,0,0.2811390161514282,-3.3029441833496094,-9.651862144470215,0.17746564745903015,0.006724705453962088,0.03894127905368805,4,False,0.7194541096687317,0.0
fore_aft,4.96,0,0.28113895654678345,-3.302999258041382,-9.651954650878906,0.1774674654006958,0.006750115659087896,0.03879677504301071,4,False,0.719455897808075,0.0
fore_aft,4.98,0,0.28113919496536255,-3.3030264377593994,-9.65195369720459,0.17746758460998535,0.006745262071490288,0.038897015154361725,4,False,0.7194554805755615,0.0
fore_aft,5.0,0,0.28113895654678345,-3.3031673431396484,-9.651962280273438,0.17746849358081818,0.006719480734318495,0.03897107392549515,4,False,0.7194533348083496,0.0
fore_aft,5.0200000000000005,0,0.28113895654678345,-3.3029937744140625,-9.651902198791504,0.17746657133102417,0.0067570931278169155,0.038824763149023056,4,False,0.7194549441337585,0.0
fore_aft,5.04,0,0.28113922476768494,-3.3027806282043457,-9.651832580566406,0.17746426165103912,0.0067731477320194244,0.03890097513794899,4,False,0.7194555401802063,0.0
fore_aft,5.0600000000000005,0,0.28113895654678345,-3.3028697967529297,-9.651808738708496,0.1774643510580063,0.006700175814330578,0.03898971900343895,4,False,0.7194546461105347,0.0
fore_aft,5.08,0,0.28113889694213867,-3.302964687347412,-9.651795387268066,0.17746466398239136,0.0067307110875844955,0.039087288081645966,4,False,0.7194550037384033,0.0
fore_aft,5.1000000000000005,0,0.2811392843723297,-3.3029325008392334,-9.651841163635254,0.17746523022651672,0.006756118964403868,0.038734711706638336,4,False,0.7194563746452332,0.0
fore_aft,5.12,0,0.28113892674446106,-3.302759885787964,-9.651666641235352,0.1774614304304123,0.0067129856906831264,0.038956429809331894,4,False,0.7194542288780212,0.0
fore_aft,5.14,0,0.2811387777328491,-3.302762746810913,-9.651712417602539,0.17746220529079437,0.006753125693649054,0.03882806748151779,4,False,0.7194555401802063,0.0
fore_aft,5.16,0,0.2811391353607178,-3.3028106689453125,-9.651740074157715,0.17746292054653168,0.006728935055434704,0.039024777710437775,4,False,0.7194554805755615,0.0
fore_aft,5.18,0,0.2811387777328491,-3.302861452102661,-9.651705741882324,0.177462637424469,0.0067061251029372215,0.038966771215200424,4,False,0.7194555401802063,0.0
fore_aft,5.2,0,0.28113919496536255,-3.303044080734253,-9.651848793029785,0.17746594548225403,0.006769825238734484,0.03900282457470894,4,False,0.7194561958312988,0.0
fore_aft,5.22,0,0.28113922476768494,-3.302825450897217,-9.651712417602539,0.17746253311634064,0.006718640681356192,0.038932714611291885,4,False,0.7194546461105347,0.0
fore_aft,5.24,0,0.2811387777328491,-3.3026697635650635,-9.651674270629883,0.17746107280254364,0.006743879057466984,0.03889533132314682,4,False,0.7194555997848511,0.0
fore_aft,5.26,0,0.2811390459537506,-3.3027119636535645,-9.651740074157715,0.1774623692035675,0.006749976426362991,0.038958121091127396,4,False,0.719456672668457,0.0
fore_aft,5.28,0,0.28113889694213867,-3.3029651641845703,-9.65167236328125,0.177462637424469,0.006695256102830172,0.039151884615421295,4,False,0.7194547653198242,0.0
fore_aft,5.3,0,0.2811390161514282,-3.3030359745025635,-9.651914596557617,0.1774670034646988,0.006778329145163298,0.03853006288409233,4,False,0.7194557189941406,0.0
fore_aft,5.32,0,0.28113922476768494,-3.3028602600097656,-9.651810646057129,0.1774643361568451,0.006744817830622196,0.03894190117716789,4,False,0.7194536924362183,0.0
fore_aft,5.34,0,0.28113895654678345,-3.302668333053589,-9.651721954345703,0.17746184766292572,0.006722261197865009,0.03843386471271515,4,False,0.719454824924469,0.0
fore_aft,5.36,0,0.2811390161514282,-3.3027737140655518,-9.651766777038574,0.17746315896511078,0.006705647334456444,0.03890080749988556,4,False,0.7194542288780212,0.0
fore_aft,5.38,0,0.28113895654678345,-3.3027596473693848,-9.65167236328125,0.17746153473854065,0.0066774082370102406,0.03890574350953102,4,False,0.7194544076919556,0.0
fore_aft,5.4,0,0.2811390459537506,-3.3030827045440674,-9.65182876586914,0.17746585607528687,0.00675901910290122,0.038716427981853485,4,False,0.7194565534591675,0.0
fore_aft,5.42,0,0.28113919496536255,-3.3031082153320312,-9.651928901672363,0.17746762931346893,0.0067427558824419975,0.03871115669608116,4,False,0.7194544076919556,0.0
fore_aft,5.44,0,0.28113892674446106,-3.3029239177703857,-9.651924133300781,0.17746654152870178,0.006768504157662392,0.038953304290771484,4,False,0.7194549441337585,0.0
fore_aft,5.46,0,0.2811391353607178,-3.3028149604797363,-9.651841163635254,0.1774645894765854,0.006730234250426292,0.038655295968055725,4,False,0.719455897808075,0.0
fore_aft,5.48,0,0.28113898634910583,-3.3029026985168457,-9.651877403259277,0.17746564745903015,0.006680694408714771,0.038933396339416504,4,False,0.7194544076919556,0.0
fore_aft,5.5,0,0.28113892674446106,-3.303292751312256,-9.652023315429688,0.1774701625108719,0.0067303841933608055,0.03873520717024803,4,False,0.7194555401802063,0.0
fore_aft,5.5200000000000005,0,0.2811391353607178,-3.303287982940674,-9.652040481567383,0.17747043073177338,0.006785270757973194,0.03899102285504341,4,False,0.7194556593894958,0.0
fore_aft,5.54,0,0.2811391353607178,-3.3028695583343506,-9.651947975158691,0.17746664583683014,0.00676241097971797,0.03863473981618881,4,False,0.7194541692733765,0.0
fore_aft,5.5600000000000005,0,0.28113898634910583,-3.302933692932129,-9.6519775390625,0.177467480301857,0.006717432290315628,0.03879960998892784,4,False,0.7194538116455078,0.0
fore_aft,5.58,0,0.2811390161514282,-3.303068161010742,-9.652012825012207,0.17746877670288086,0.006699955090880394,0.03881583735346794,4,False,0.7194544672966003,0.0
fore_aft,5.6000000000000005,0,0.2811391353607178,-3.3032214641571045,-9.652029991149902,0.1774699091911316,0.006710251327604055,0.03890858218073845,4,False,0.7194557189941406,0.0
fore_aft,5.62,0,0.28113919496536255,-3.3034262657165527,-9.65215015411377,0.17747297883033752,0.006744083948433399,0.03896687179803848,4,False,0.7194554805755615,0.0
fore_aft,5.64,0,0.28113895654678345,-3.3030636310577393,-9.651947975158691,0.1774676889181137,0.006765561643987894,0.03874100372195244,4,False,0.7194541096687317,0.0
fore_aft,5.66,0,0.2811390459537506,-3.3028335571289062,-9.651867866516113,0.17746512591838837,0.006743716541677713,0.038838792592287064,4,False,0.7194557785987854,0.0
fore_aft,5.68,0,0.2811390161514282,-3.3028550148010254,-9.651922225952148,0.17746615409851074,0.006689834408462048,0.03899373486638069,4,False,0.7194553017616272,0.0
fore_aft,5.7,0,0.281139075756073,-3.3031463623046875,-9.651966094970703,0.1774684637784958,0.006710538174957037,0.03877122700214386,4,False,0.7194547653198242,0.0
fore_aft,5.72,0,0.2811390459537506,-3.3032407760620117,-9.651961326599121,0.17746886610984802,0.006713011767715216,0.03863949328660965,4,False,0.7194553017616272,0.0
fore_aft,5.74,0,0.2811388075351715,-3.303011417388916,-9.651976585388184,0.17746789753437042,0.006795722991228104,0.03840864822268486,4,False,0.7194538116455078,0.0
fore_aft,5.76,0,0.2811393439769745,-3.3028173446655273,-9.651859283447266,0.17746490240097046,0.0067549520172178745,0.03887275606393814,4,False,0.7194555997848511,0.0
fore_aft,5.78,0,0.28113889694213867,-3.3028502464294434,-9.651899337768555,0.17746573686599731,0.006679445505142212,0.03887951746582985,4,False,0.7194546461105347,0.0
fore_aft,5.8,0,0.2811391353607178,-3.303145170211792,-9.652044296264648,0.17746971547603607,0.006737548392266035,0.03893249109387398,4,False,0.7194557189941406,0.0
fore_aft,5.82,0,0.28113940358161926,-3.3032796382904053,-9.652141571044922,0.1774720400571823,0.00670026196166873,0.038591183722019196,4,False,0.7194550633430481,0.0
fore_aft,5.84,0,0.28113889694213867,-3.303344249725342,-9.652202606201172,0.17747342586517334,0.006731805857270956,0.03875218331813812,4,False,0.7194553017616272,0.0
fore_aft,5.86,0,0.28113898634910583,-3.3033058643341064,-9.652173042297363,0.17747272551059723,0.006768007297068834,0.03882236406207085,4,False,0.7194547653198242,0.0
fore_aft,5.88,0,0.2811393439769745,-3.302964687347412,-9.652034759521484,0.17746858298778534,0.006741832476109266,0.03881829231977463,4,False,0.719454824924469,0.0
fore_aft,5.9,0,0.28113889694213867,-3.3030405044555664,-9.652052879333496,0.17746929824352264,0.00671788165345788,0.03857962042093277,4,False,0.7194548845291138,0.0
fore_aft,5.92,0,0.28113922476768494,-3.3030948638916016,-9.652057647705078,0.1774696707725525,0.006748705171048641,0.03888285905122757,4,False,0.7194568514823914,0.0
fore_aft,5.94,0,0.2811393439769745,-3.303286075592041,-9.652063369750977,0.17747078835964203,0.0067034149542450905,0.039175018668174744,4,False,0.7194538116455078,0.0
fore_aft,5.96,0,0.2811388373374939,-3.3032703399658203,-9.65212345123291,0.17747169733047485,0.006731871049851179,0.03882380947470665,4,False,0.7194540500640869,0.0
fore_aft,5.98,0,0.2811391353607178,-3.303084135055542,-9.652076721191406,0.1774699091911316,0.006781678181141615,0.03859567642211914,4,False,0.7194557189941406,0.0
fore_aft,6.0,0,0.2811391055583954,-3.3028790950775146,-9.651954650878906,0.17746680974960327,0.006726400926709175,0.0386880524456501,4,False,0.7194536328315735,0.0
fore_aft,6.0200000000000005,0,0.28113889694213867,-3.3029680252075195,-9.651914596557617,0.17746664583683014,0.006715682800859213,0.0389496386051178,4,False,0.7194547653198242,0.0
fore_aft,6.04,0,0.2811391353607178,-3.30326247215271,-9.652145385742188,0.17747202515602112,0.006739686708897352,0.03888203203678131,4,False,0.7194553017616272,0.0
fore_aft,6.0600000000000005,0,0.2811393737792969,-3.303255319595337,-9.652116775512695,0.17747151851654053,0.006719215773046017,0.03896746784448624,4,False,0.7194554805755615,0.0
fore_aft,6.08,0,0.28113871812820435,-3.3031234741210938,-9.651937484741211,0.17746785283088684,0.00672887684777379,0.03901638463139534,4,False,0.7194546461105347,0.0
fore_aft,6.1000000000000005,0,0.2811391055583954,-3.3030967712402344,-9.652068138122559,0.177469864487648,0.006802903022617102,0.03865968808531761,4,False,0.7194551825523376,0.0
fore_aft,6.12,0,0.2811393439769745,-3.303018093109131,-9.65184211730957,0.17746570706367493,0.00671411631628871,0.03897148370742798,4,False,0.7194544076919556,0.0
fore_aft,6.140000000000001,0,0.28113865852355957,-3.303006410598755,-9.651983261108398,0.1774679720401764,0.006748346146196127,0.038665108382701874,4,False,0.7194538712501526,0.0
fore_aft,6.16,0,0.28113940358161926,-3.302841901779175,-9.651874542236328,0.1774652749300003,0.006770193111151457,0.038919541984796524,4,False,0.7194550633430481,0.0
fore_aft,6.18,0,0.28113892674446106,-3.302762746810913,-9.65176773071289,0.1774631142616272,0.006661183666437864,0.03895135596394539,4,False,0.7194551825523376,0.0
fore_aft,6.2,0,0.2811386287212372,-3.3029229640960693,-9.651701927185059,0.1774628907442093,0.006743399892002344,0.03906368464231491,4,False,0.7194546461105347,0.0
fore_aft,6.22,0,0.2811392843723297,-3.3030827045440674,-9.651825904846191,0.17746581137180328,0.006766025442630053,0.038804229348897934,4,False,0.7194554209709167,0.0
fore_aft,6.24,0,0.2811391353607178,-3.3029112815856934,-9.651809692382812,0.17746460437774658,0.006765792611986399,0.038765911012887955,4,False,0.7194547057151794,0.0
fore_aft,6.26,0,0.28113895654678345,-3.3024797439575195,-9.651659965515137,0.17745979130268097,0.00673096626996994,0.03860267624258995,4,False,0.7194544672966003,0.0
fore_aft,6.28,0,0.2811391055583954,-3.302706003189087,-9.6516752243042,0.17746128141880035,0.006717437878251076,0.038957204669713974,4,False,0.7194542288780212,0.0
fore_aft,6.3,0,0.28113895654678345,-3.3027307987213135,-9.651707649230957,0.17746195197105408,0.006679779849946499,0.03875425457954407,4,False,0.7194557189941406,0.0
fore_aft,6.32,0,0.2811387777328491,-3.302964687347412,-9.65168285369873,0.17746281623840332,0.006733940448611975,0.03920245170593262,4,False,0.7194553017616272,0.0
fore_aft,6.34,0,0.2811393439769745,-3.302830219268799,-9.651792526245117,0.17746388912200928,0.0067613511346280575,0.03885859251022339,4,False,0.7194554805755615,0.0
fore_aft,6.36,0,0.2811387777328491,-3.3027687072753906,-9.651680946350098,0.17746171355247498,0.006704469211399555,0.03878432884812355,4,False,0.7194553017616272,0.0
fore_aft,6.38,0,0.28113868832588196,-3.303032636642456,-9.651915550231934,0.1774670034646988,0.0067962477914988995,0.039129313081502914,4,False,0.719455361366272,0.0
fore_aft,6.4,0,0.28113964200019836,-3.303171396255493,-9.652063369750977,0.1774701625108719,0.0067532663233578205,0.03899740055203438,4,False,0.7194553017616272,0.0
fore_aft,6.42,0,0.28113892674446106,-3.3029704093933105,-9.651897430419922,0.17746637761592865,0.006693058647215366,0.03879036754369736,4,False,0.7194547653198242,0.0
fore_aft,6.44,0,0.28113874793052673,-3.3031163215637207,-9.651957511901855,0.17746813595294952,0.006780089344829321,0.03894703462719917,4,False,0.7194557189941406,0.0
fore_aft,6.46,0,0.2811395823955536,-3.3031084537506104,-9.65202522277832,0.17746920883655548,0.00675294129177928,0.039148230105638504,4,False,0.7194560170173645,0.0
fore_aft,6.48,0,0.2811388373374939,-3.3031716346740723,-9.651911735534668,0.1774677038192749,0.006708880886435509,0.03900354355573654,4,False,0.7194539904594421,0.0
fore_aft,6.5,0,0.2811390161514282,-3.3030171394348145,-9.651962280273438,0.1774676889181137,0.006790469866245985,0.038804393261671066,4,False,0.7194546461105347,0.0
fore_aft,6.5200000000000005,0,0.2811393737792969,-3.3029141426086426,-9.651861190795898,0.17746546864509583,0.006719100754708052,0.03881167992949486,4,False,0.7194547653198242,0.0
fore_aft,6.54,0,0.28113874793052673,-3.3028128147125244,-9.651724815368652,0.17746266722679138,0.006688620429486036,0.039007674902677536,4,False,0.7194545269012451,0.0
fore_aft,6.5600000000000005,0,0.28113916516304016,-3.30301570892334,-9.651829719543457,0.1774654984474182,0.006784571334719658,0.03888164088129997,4,False,0.7194550633430481,0.0
fore_aft,6.58,0,0.2811391353607178,-3.3029372692108154,-9.65176010131836,0.17746394872665405,0.006748926360160112,0.03887986019253731,4,False,0.7194545269012451,0.0
fore_aft,6.6000000000000005,0,0.28113895654678345,-3.3026628494262695,-9.651700019836426,0.17746146023273468,0.0067624845542013645,0.03885531798005104,4,False,0.7194557189941406,0.0
fore_aft,6.62,0,0.28113922476768494,-3.3026506900787354,-9.651597023010254,0.1774596869945526,0.006699101068079472,0.038958556950092316,4,False,0.7194547057151794,0.0
fore_aft,6.640000000000001,0,0.28113871812820435,-3.30287766456604,-9.65166187286377,0.17746199667453766,0.006709079258143902,0.03879992291331291,4,False,0.7194550633430481,0.0
fore_aft,6.66,0,0.2811390459537506,-3.3030056953430176,-9.6517333984375,0.17746387422084808,0.006792338099330664,0.038909174501895905,4,False,0.7194545269012451,0.0
fore_aft,6.68,0,0.28113919496536255,-3.302680492401123,-9.651779174804688,0.1774628460407257,0.006750711239874363,0.038590867072343826,4,False,0.719455897808075,0.0
fore_aft,6.7,0,0.28113889694213867,-3.3024418354034424,-9.651529312133789,0.17745745182037354,0.006695079617202282,0.038775067776441574,4,False,0.7194551229476929,0.0
fore_aft,6.72,0,0.2811388373374939,-3.3028342723846436,-9.651674270629883,0.17746196687221527,0.006721591576933861,0.03899944946169853,4,False,0.7194545269012451,0.0
fore_aft,6.74,0,0.2811392843723297,-3.3029792308807373,-9.651848793029785,0.17746561765670776,0.006747678387910128,0.038929227739572525,4,False,0.7194551825523376,0.0
fore_aft,6.76,0,0.281139075756073,-3.3028957843780518,-9.651756286621094,0.17746363580226898,0.006734970025718212,0.03893400728702545,4,False,0.7194557785987854,0.0
fore_aft,6.78,0,0.28113889694213867,-3.3028652667999268,-9.651869773864746,0.17746533453464508,0.006756363902240992,0.03886643797159195,4,False,0.7194557785987854,0.0
fore_aft,6.8,0,0.28113922476768494,-3.302800178527832,-9.651801109313965,0.1774638444185257,0.006732654292136431,0.038697462528944016,4,False,0.7194544076919556,0.0
fore_aft,6.82,0,0.2811387777328491,-3.302973508834839,-9.651850700378418,0.17746561765670776,0.006685295607894659,0.038724012672901154,4,False,0.7194544076919556,0.0
fore_aft,6.84,0,0.28113898634910583,-3.303039312362671,-9.651899337768555,0.1774667501449585,0.006762840319424868,0.038705974817276,4,False,0.7194555997848511,0.0
fore_aft,6.86,0,0.28113946318626404,-3.3030216693878174,-9.651968002319336,0.17746780812740326,0.006754276808351278,0.03877776488661766,4,False,0.7194545269012451,0.0
fore_aft,6.88,0,0.2811390459537506,-3.303018569946289,-9.651928901672363,0.17746713757514954,0.0067019714042544365,0.038754578679800034,4,False,0.7194548845291138,0.0
fore_aft,6.9,0,0.28113892674446106,-3.3028759956359863,-9.651924133300781,0.1774662882089615,0.006753633730113506,0.038959018886089325,4,False,0.7194557189941406,0.0
fore_aft,6.92,0,0.2811391353607178,-3.3029298782348633,-9.651803970336914,0.17746461927890778,0.0066903214901685715,0.038982026278972626,4,False,0.7194553017616272,0.0
fore_aft,6.94,0,0.28113892674446106,-3.303070306777954,-9.65194034576416,0.17746761441230774,0.0067448606714606285,0.03869972005486488,4,False,0.7194542288780212,0.0
fore_aft,6.96,0,0.28113919496536255,-3.303027629852295,-9.651948928833008,0.17746752500534058,0.006765138357877731,0.038676973432302475,4,False,0.7194555997848511,0.0
fore_aft,6.98,0,0.28113898634910583,-3.3029286861419678,-9.651928901672363,0.17746666073799133,0.006745324470102787,0.038809675723314285,4,False,0.7194545865058899,0.0
fore_aft,7.0,0,0.2811391353607178,-3.302861452102661,-9.65189266204834,0.17746569216251373,0.006740478798747063,0.03885018825531006,4,False,0.7194548845291138,0.0
fore_aft,7.0200000000000005,0,0.281139075756073,-3.3028030395507812,-9.651796340942383,0.17746379971504211,0.006692529655992985,0.03871723264455795,4,False,0.7194554805755615,0.0
fore_aft,7.04,0,0.2811388671398163,-3.3030645847320557,-9.651918411254883,0.1774672120809555,0.006727925501763821,0.03894899785518646,4,False,0.7194545269012451,0.0
fore_aft,7.0600000000000005,0,0.2811393737792969,-3.302997589111328,-9.6519193649292,0.17746686935424805,0.006741219665855169,0.03882736340165138,4,False,0.7194549441337585,0.0
fore_aft,7.08,0,0.281139075756073,-3.3029918670654297,-9.651907920837402,0.17746667563915253,0.00670178746804595,0.03886286914348602,4,False,0.7194554805755615,0.0
fore_aft,7.1000000000000005,0,0.2811388373374939,-3.3028671741485596,-9.65185546875,0.17746512591838837,0.006751303095370531,0.03858606517314911,4,False,0.7194535136222839,0.0
fore_aft,7.12,0,0.28113946318626404,-3.3028650283813477,-9.651851654052734,0.1774650514125824,0.0067160045728087425,0.03882623463869095,4,False,0.7194554805755615,0.0
fore_aft,7.140000000000001,0,0.2811388373374939,-3.303069829940796,-9.651819229125977,0.17746561765670776,0.0066762990318238735,0.03903478756546974,4,False,0.7194561958312988,0.0
fore_aft,7.16,0,0.2811388671398163,-3.3032805919647217,-9.652045249938965,0.17747047543525696,0.006772176828235388,0.03872249275445938,4,False,0.7194548845291138,0.0
fore_aft,7.18,0,0.28113922476768494,-3.303211212158203,-9.652084350585938,0.17747075855731964,0.006779477000236511,0.03880175203084946,4,False,0.7194557189941406,0.0
fore_aft,7.2,0,0.2811391353607178,-3.3030474185943604,-9.651907920837402,0.1774669736623764,0.0067296018823981285,0.03925539180636406,4,False,0.7194548845291138,0.0
fore_aft,7.22,0,0.2811387777328491,-3.3030660152435303,-9.652050971984863,0.177469402551651,0.006741903722286224,0.038885243237018585,4,False,0.7194548845291138,0.0
fore_aft,7.24,0,0.2811393141746521,-3.3031134605407715,-9.651922225952148,0.17746753990650177,0.006738162133842707,0.03905699774622917,4,False,0.7194547653198242,0.0
fore_aft,7.26,0,0.28113892674446106,-3.302905321121216,-9.65184497833252,0.17746515572071075,0.006691877264529467,0.03863656148314476,4,False,0.7194545269012451,0.0
fore_aft,7.28,0,0.28113889694213867,-3.3027796745300293,-9.651739120483398,0.17746272683143616,0.0067623271606862545,0.03876947611570358,4,False,0.7194550633430481,0.0
fore_aft,7.3,0,0.2811390459537506,-3.3027026653289795,-9.651598930358887,0.17745999991893768,0.006734127178788185,0.03898249939084053,4,False,0.7194554805755615,0.0
fore_aft,7.32,0,0.2811388075351715,-3.3029773235321045,-9.651806831359863,0.17746490240097046,0.006755325477570295,0.03876149654388428,4,False,0.7194563150405884,0.0
fore_aft,7.34,0,0.28113916516304016,-3.3030271530151367,-9.651867866516113,0.17746618390083313,0.006762140430510044,0.03890109062194824,4,False,0.7194540500640869,0.0
fore_aft,7.36,0,0.28113898634910583,-3.302673101425171,-9.651652336120605,0.177460715174675,0.0067231310531497,0.03864528611302376,4,False,0.7194547653198242,0.0
fore_aft,7.38,0,0.2811390161514282,-3.3028719425201416,-9.651825904846191,0.17746464908123016,0.006745629943907261,0.03871798887848854,4,False,0.7194546461105347,0.0
fore_aft,7.4,0,0.2811391353607178,-3.3028652667999268,-9.651745796203613,0.17746330797672272,0.00668507581576705,0.03877023980021477,4,False,0.7194546461105347,0.0
fore_aft,7.42,0,0.28113865852355957,-3.303029775619507,-9.651850700378418,0.17746593058109283,0.0067440117709338665,0.03857824578881264,4,False,0.7194552421569824,0.0
fore_aft,7.44,0,0.2811392545700073,-3.3031234741210938,-9.651912689208984,0.1774674654006958,0.006786221172660589,0.03905899450182915,4,False,0.7194554805755615,0.0
fore_aft,7.46,0,0.2811391055583954,-3.302978754043579,-9.651872634887695,0.1774659901857376,0.006718628574162722,0.038728587329387665,4,False,0.7194545269012451,0.0
fore_aft,7.48,0,0.28113895654678345,-3.3030612468719482,-9.651997566223145,0.17746850848197937,0.006771136075258255,0.03899041935801506,4,False,0.7194557785987854,0.0
fore_aft,7.5,0,0.2811392545700073,-3.3031716346740723,-9.651972770690918,0.1774687021970749,0.006754061672836542,0.039108287543058395,4,False,0.7194528579711914,0.0
fore_aft,7.5200000000000005,0,0.28113895654678345,-3.3031115531921387,-9.652107238769531,0.17747056484222412,0.006748263258486986,0.038697704672813416,4,False,0.719456136226654,0.0
fore_aft,7.54,0,0.2811388671398163,-3.302961826324463,-9.651934623718262,0.17746692895889282,0.0067446730099618435,0.03894701227545738,4,False,0.7194545269012451,0.0
fore_aft,7.5600000000000005,0,0.2811391055583954,-3.3030753135681152,-9.652050971984863,0.17746944725513458,0.006744639948010445,0.03873675689101219,4,False,0.719454288482666,0.0
fore_aft,7.58,0,0.28113922476768494,-3.302971363067627,-9.651924133300781,0.17746680974960327,0.006712441798299551,0.0386916920542717,4,False,0.7194551229476929,0.0
fore_aft,7.6000000000000005,0,0.2811388671398163,-3.303065299987793,-9.651985168457031,0.17746831476688385,0.006721834186464548,0.03868698701262474,4,False,0.719456672668457,0.0
fore_aft,7.62,0,0.281139075756073,-3.303006410598755,-9.651864051818848,0.17746601998806,0.006748041603714228,0.03891034051775932,4,False,0.7194545269012451,0.0
fore_aft,7.640000000000001,0,0.2811390459537506,-3.3031840324401855,-9.65196704864502,0.1774686723947525,0.00673924433067441,0.03863450139760971,4,False,0.7194541692733765,0.0
fore_aft,7.66,0,0.28113922476768494,-3.3029892444610596,-9.652008056640625,0.17746828496456146,0.006778770592063665,0.038768015801906586,4,False,0.7194550633430481,0.0
fore_aft,7.68,0,0.28113889694213867,-3.3029839992523193,-9.651931762695312,0.1774670034646988,0.006731470115482807,0.03919307142496109,4,False,0.7194551825523376,0.0
fore_aft,7.7,0,0.2811391055583954,-3.303159475326538,-9.652092933654785,0.1774705946445465,0.006746375467628241,0.03909757360816002,4,False,0.7194550633430481,0.0
fore_aft,7.72,0,0.28113940358161926,-3.3030991554260254,-9.651958465576172,0.17746807634830475,0.006714461371302605,0.03904221951961517,4,False,0.7194556593894958,0.0
fore_aft,7.74,0,0.2811388671398163,-3.3030030727386475,-9.65196418762207,0.17746764421463013,0.006695730146020651,0.03868228197097778,4,False,0.7194538116455078,0.0
fore_aft,7.76,0,0.28113898634910583,-3.302776336669922,-9.651703834533691,0.1774621456861496,0.006740819662809372,0.038748953491449356,4,False,0.7194553017616272,0.0
fore_aft,7.78,0,0.2811390459537506,-3.3025808334350586,-9.65152645111084,0.17745816707611084,0.00670189643278718,0.03855692222714424,4,False,0.7194553017616272,0.0
fore_aft,7.8,0,0.2811388373374939,-3.3027403354644775,-9.651610374450684,0.17746040225028992,0.006718478165566921,0.03903064504265785,4,False,0.7194557189941406,0.0
fore_aft,7.82,0,0.2811390459537506,-3.3028528690338135,-9.651693344116211,0.1774623543024063,0.006750014144927263,0.03894094377756119,4,False,0.7194560170173645,0.0
fore_aft,7.84,0,0.28113898634910583,-3.302736282348633,-9.651630401611328,0.177460715174675,0.006721888668835163,0.03881850838661194,4,False,0.7194555401802063,0.0
fore_aft,7.86,0,0.28113874793052673,-3.3028509616851807,-9.651690483093262,0.17746232450008392,0.006751870270818472,0.03906415030360222,4,False,0.7194548845291138,0.0
fore_aft,7.88,0,0.2811392545700073,-3.302971363067627,-9.651841163635254,0.17746543884277344,0.006773670203983784,0.039047226309776306,4,False,0.7194560170173645,0.0
fore_aft,7.9,0,0.281139075756073,-3.3027801513671875,-9.651735305786133,0.17746268212795258,0.006725097540766001,0.038986850529909134,4,False,0.7194551825523376,0.0
fore_aft,7.92,0,0.2811388671398163,-3.302701950073242,-9.651744842529297,0.1774624139070511,0.006754172965884209,0.03852090612053871,4,False,0.7194549441337585,0.0
fore_aft,7.94,0,0.28113919496536255,-3.302833080291748,-9.651819229125977,0.1774643361568451,0.006731171626597643,0.03886939957737923,4,False,0.7194551825523376,0.0
fore_aft,7.96,0,0.28113898634910583,-3.3029093742370605,-9.65179443359375,0.1774643361568451,0.006699432618916035,0.039159733802080154,4,False,0.7194554805755615,0.0
fore_aft,7.98,0,0.2811391055583954,-3.302919864654541,-9.651888847351074,0.17746596038341522,0.006749880500137806,0.03871605545282364,4,False,0.7194553017616272,0.0
fore_aft,8.0,0,0.2811391353607178,-3.3029375076293945,-9.651801109313965,0.17746460437774658,0.00672893924638629,0.03885406628251076,4,False,0.7194544076919556,0.0
fore_aft,8.02,0,0.2811390459537506,-3.303154706954956,-9.651924133300781,0.17746780812740326,0.006763423793017864,0.039097752422094345,4,False,0.7194555401802063,0.0
fore_aft,8.040000000000001,0,0.2811390459537506,-3.303030252456665,-9.651874542236328,0.17746631801128387,0.0067300559021532536,0.03843163698911667,4,False,0.7194542288780212,0.0
fore_aft,8.06,0,0.2811390161514282,-3.3030927181243896,-9.651954650878906,0.1774679571390152,0.006771973334252834,0.03906065970659256,4,False,0.7194544672966003,0.0
fore_aft,8.08,0,0.28113916516304016,-3.3027868270874023,-9.651811599731445,0.17746394872665405,0.006744706071913242,0.03882559388875961,4,False,0.7194540500640869,0.0
fore_aft,8.1,0,0.28113889694213867,-3.3026790618896484,-9.6517333984375,0.17746210098266602,0.0067253801971673965,0.03881693631410599,4,False,0.7194566130638123,0.0
fore_aft,8.120000000000001,0,0.28113892674446106,-3.3027384281158447,-9.65165901184082,0.177461177110672,0.006715336348861456,0.038890063762664795,4,False,0.7194547057151794,0.0
fore_aft,8.14,0,0.28113895654678345,-3.3028652667999268,-9.651668548583984,0.17746202647686005,0.006699516903609037,0.03886949270963669,4,False,0.7194553017616272,0.0
fore_aft,8.16,0,0.28113889694213867,-3.3028452396392822,-9.651729583740234,0.17746295034885406,0.006765467580407858,0.03876460716128349,4,False,0.7194549441337585,0.0
fore_aft,8.18,0,0.28113922476768494,-3.302720308303833,-9.651689529418945,0.17746159434318542,0.006720920093357563,0.03862393647432327,4,False,0.7194555997848511,0.0
fore_aft,8.2,0,0.28113874793052673,-3.3029346466064453,-9.651786804199219,0.1774643510580063,0.006707435008138418,0.038798145949840546,4,False,0.7194546461105347,0.0
fore_aft,8.22,0,0.281139075756073,-3.3031673431396484,-9.65200138092041,0.1774691492319107,0.006764375139027834,0.03868016228079796,4,False,0.7194552421569824,0.0
fore_aft,8.24,0,0.2811392545700073,-3.3030765056610107,-9.651976585388184,0.17746824026107788,0.006723400671035051,0.038710325956344604,4,False,0.7194535732269287,0.0
fore_aft,8.26,0,0.28113871812820435,-3.3030292987823486,-9.6519775390625,0.17746800184249878,0.006750301457941532,0.038644760847091675,4,False,0.7194545865058899,0.0
fore_aft,8.28,0,0.2811393439769745,-3.3030896186828613,-9.651992797851562,0.17746856808662415,0.006785312667489052,0.03899038955569267,4,False,0.7194545269012451,0.0
fore_aft,8.3,0,0.2811392545700073,-3.303034782409668,-9.651923179626465,0.17746715247631073,0.006704229861497879,0.038968123495578766,4,False,0.7194565534591675,0.0
fore_aft,8.32,0,0.28113874793052673,-3.303175926208496,-9.652132987976074,0.1774713397026062,0.006730265915393829,0.03887413069605827,4,False,0.7194548845291138,0.0
fore_aft,8.34,0,0.2811393141746521,-3.3031609058380127,-9.652056694030762,0.17747002840042114,0.006746213883161545,0.03889269381761551,4,False,0.719454288482666,0.0
fore_aft,8.36,0,0.28113916516304016,-3.302945137023926,-9.652016639709473,0.1774681806564331,0.006706662476062775,0.03881717473268509,4,False,0.7194567918777466,0.0
fore_aft,8.38,0,0.281139075756073,-3.303173065185547,-9.652044296264648,0.1774698793888092,0.0067154038697481155,0.039209384471178055,4,False,0.7194546461105347,0.0
fore_aft,8.4,0,0.2811392545700073,-3.3032386302948,-9.652067184448242,0.1774706095457077,0.00671578710898757,0.03870975226163864,4,False,0.7194535136222839,0.0
fore_aft,8.42,0,0.2811388075351715,-3.303093194961548,-9.651899337768555,0.17746707797050476,0.006739541422575712,0.03861828148365021,4,False,0.7194540500640869,0.0
fore_aft,8.44,0,0.28113916516304016,-3.3028273582458496,-9.651979446411133,0.17746692895889282,0.006794646382331848,0.038632869720458984,4,False,0.719455361366272,0.0
fore_aft,8.46,0,0.28113922476768494,-3.3028526306152344,-9.651861190795898,0.17746512591838837,0.006682573817670345,0.03894462436437607,4,False,0.7194542288780212,0.0
fore_aft,8.48,0,0.2811387777328491,-3.3031420707702637,-9.651982307434082,0.1774686872959137,0.006693536415696144,0.03891932591795921,4,False,0.7194551825523376,0.0
fore_aft,8.5,0,0.2811392545700073,-3.3033363819122314,-9.652032852172852,0.17747057974338531,0.006742216181010008,0.0387808121740818,4,False,0.7194551825523376,0.0
fore_aft,8.52,0,0.2811388075351715,-3.3030850887298584,-9.651890754699707,0.17746688425540924,0.006749238818883896,0.038682010024785995,4,False,0.7194536924362183,0.0
fore_aft,8.540000000000001,0,0.2811390161514282,-3.3027195930480957,-9.651872634887695,0.17746460437774658,0.006786329671740532,0.0383947379887104,4,False,0.7194557785987854,0.0
fore_aft,8.56,0,0.28113919496536255,-3.302776336669922,-9.651798248291016,0.17746368050575256,0.006710785906761885,0.039064113050699234,4,False,0.7194541096687317,0.0
fore_aft,8.58,0,0.28113892674446106,-3.3028628826141357,-9.651848793029785,0.17746497690677643,0.006700289435684681,0.03879429027438164,4,False,0.7194545269012451,0.0
fore_aft,8.6,0,0.2811390459537506,-3.3031320571899414,-9.651869773864746,0.17746679484844208,0.006738817319273949,0.038968365639448166,4,False,0.7194567322731018,0.0
fore_aft,8.620000000000001,0,0.2811388671398163,-3.303208351135254,-9.651960372924805,0.1774686872959137,0.006735397968441248,0.038710299879312515,4,False,0.7194540500640869,0.0
fore_aft,8.64,0,0.28113916516304016,-3.302987575531006,-9.651965141296387,0.17746756970882416,0.006799836177378893,0.03856441378593445,4,False,0.7194536924362183,0.0
fore_aft,8.66,0,0.2811391055583954,-3.3028104305267334,-9.65180778503418,0.17746402323246002,0.006701947655528784,0.038912124931812286,4,False,0.7194548845291138,0.0
fore_aft,8.68,0,0.28113874793052673,-3.302832841873169,-9.651838302612305,0.17746463418006897,0.006705763749778271,0.0388781763613224,4,False,0.719454824924469,0.0
fore_aft,8.700000000000001,0,0.28113922476768494,-3.302940845489502,-9.651877403259277,0.17746588587760925,0.006719906348735094,0.039040494710206985,4,False,0.7194553017616272,0.0
fore_aft,8.72,0,0.28113898634910583,-3.3030874729156494,-9.651772499084473,0.17746494710445404,0.006686796899884939,0.038848962634801865,4,False,0.7194554209709167,0.0
fore_aft,8.74,0,0.28113889694213867,-3.303102493286133,-9.651874542236328,0.17746670544147491,0.0068069337867200375,0.03893306478857994,4,False,0.7194553017616272,0.0
fore_aft,8.76,0,0.2811393439769745,-3.302835702896118,-9.651901245117188,0.17746569216251373,0.006754827685654163,0.03891896829009056,4,False,0.7194550633430481,0.0
fore_aft,8.78,0,0.28113865852355957,-3.3027424812316895,-9.651747703552246,0.17746266722679138,0.006696677301079035,0.03880016505718231,4,False,0.7194542288780212,0.0
fore_aft,8.8,0,0.2811390459537506,-3.302910804748535,-9.651813507080078,0.17746466398239136,0.006750443018972874,0.03873390331864357,4,False,0.7194553017616272,0.0
fore_aft,8.82,0,0.28113940358161926,-3.3032748699188232,-9.652036666870117,0.17747029662132263,0.006717948708683252,0.03897654265165329,4,False,0.7194554805755615,0.0
fore_aft,8.84,0,0.2811387777328491,-3.3032515048980713,-9.652036666870117,0.1774701625108719,0.006756688933819532,0.038578346371650696,4,False,0.7194538712501526,0.0
fore_aft,8.86,0,0.28113919496536255,-3.3030261993408203,-9.652070045471191,0.17746950685977936,0.006811774801462889,0.038651738315820694,4,False,0.7194553017616272,0.0
fore_aft,8.88,0,0.2811391055583954,-3.302948474884033,-9.651949882507324,0.17746710777282715,0.006704904604703188,0.03879528120160103,4,False,0.7194535732269287,0.0
fore_aft,8.9,0,0.28113874793052673,-3.3029582500457764,-9.651937484741211,0.1774669736623764,0.006713507696986198,0.03893880173563957,4,False,0.719454824924469,0.0
fore_aft,8.92,0,0.2811392843723297,-3.303377866744995,-9.652111053466797,0.1774720847606659,0.006745869759470224,0.03910558670759201,4,False,0.7194551825523376,0.0
fore_aft,8.94,0,0.28113922476768494,-3.303459644317627,-9.65224838256836,0.17747478187084198,0.0067459046840667725,0.03871527314186096,4,False,0.7194538712501526,0.0
fore_aft,8.96,0,0.2811390459537506,-3.302884578704834,-9.651909828186035,0.17746609449386597,0.0067608049139380455,0.03881658986210823,4,False,0.7194533348083496,0.0
fore_aft,8.98,0,0.281139075756073,-3.302821636199951,-9.65190601348877,0.17746569216251373,0.006720604375004768,0.03875191882252693,4,False,0.719456136226654,0.0
fore_aft,9.0,0,0.2811391353607178,-3.303100347518921,-9.65200424194336,0.17746882140636444,0.006722568534314632,0.039209991693496704,4,False,0.7194551825523376,0.0
fore_aft,9.02,0,0.2811391055583954,-3.303129196166992,-9.651975631713867,0.17746850848197937,0.006697746925055981,0.03867886960506439,4,False,0.7194542288780212,0.0
fore_aft,9.040000000000001,0,0.2811388075351715,-3.303151845932007,-9.651933670043945,0.177467942237854,0.006774097681045532,0.038680821657180786,4,False,0.7194550633430481,0.0
fore_aft,9.06,0,0.28113922476768494,-3.3029425144195557,-9.65188217163086,0.17746597528457642,0.006796014960855246,0.03891381993889809,4,False,0.7194547653198242,0.0
fore_aft,9.08,0,0.28113919496536255,-3.3029325008392334,-9.651912689208984,0.17746643722057343,0.006708438042551279,0.03872447460889816,4,False,0.7194553017616272,0.0
fore_aft,9.1,0,0.2811387777328491,-3.302952527999878,-9.65188217163086,0.1774660348892212,0.00670113367959857,0.03895358741283417,4,False,0.7194539904594421,0.0
fore_aft,9.120000000000001,0,0.2811391055583954,-3.303284168243408,-9.652054786682129,0.17747065424919128,0.006745087914168835,0.038895223289728165,4,False,0.7194555401802063,0.0
fore_aft,9.14,0,0.28113916516304016,-3.303159475326538,-9.651968002319336,0.17746856808662415,0.006754004396498203,0.03889191895723343,4,False,0.7194554805755615,0.0
fore_aft,9.16,0,0.2811387777328491,-3.3028740882873535,-9.65184211730957,0.17746493220329285,0.00677089300006628,0.03836200758814812,4,False,0.7194544076919556,0.0
fore_aft,9.18,0,0.28113919496536255,-3.3026018142700195,-9.651832580566406,0.17746329307556152,0.00675379391759634,0.038851771503686905,4,False,0.7194546461105347,0.0
fore_aft,9.200000000000001,0,0.28113892674446106,-3.302733898162842,-9.651741981506348,0.17746253311634064,0.006668068002909422,0.03893035650253296,4,False,0.7194551229476929,0.0
fore_aft,9.22,0,0.28113874793052673,-3.3030664920806885,-9.651837348937988,0.17746590077877045,0.006726222578436136,0.03891683742403984,4,False,0.7194560170173645,0.0
fore_aft,9.24,0,0.2811391055583954,-3.303053617477417,-9.651963233947754,0.17746789753437042,0.006761907134205103,0.03873409703373909,4,False,0.7194555401802063,0.0
fore_aft,9.26,0,0.2811390459537506,-3.302961826324463,-9.651864051818848,0.1774657666683197,0.006760881282389164,0.03879019618034363,4,False,0.7194538116455078,0.0
fore_aft,9.28,0,0.28113922476768494,-3.3029916286468506,-9.651993751525879,0.17746804654598236,0.0067440723069012165,0.038830697536468506,4,False,0.7194551825523376,0.0
fore_aft,9.3,0,0.2811388671398163,-3.3031094074249268,-9.65191650390625,0.1774674355983734,0.006722997408360243,0.039001382887363434,4,False,0.7194541096687317,0.0
fore_aft,9.32,0,0.2811390161514282,-3.303293466567993,-9.652131080627441,0.17747195065021515,0.0067771789617836475,0.038707006722688675,4,False,0.7194561958312988,0.0
fore_aft,9.34,0,0.28113940358161926,-3.3030247688293457,-9.651956558227539,0.17746764421463013,0.006757060531526804,0.0390012152493,4,False,0.7194554805755615,0.0
fore_aft,9.36,0,0.2811387777328491,-3.3031036853790283,-9.652050018310547,0.17746959626674652,0.006721814628690481,0.03864223510026932,4,False,0.7194545269012451,0.0
fore_aft,9.38,0,0.28113922476768494,-3.303076982498169,-9.652039527893066,0.17746928334236145,0.006774502340704203,0.03900498151779175,4,False,0.7194557189941406,0.0
fore_aft,9.4,0,0.28113919496536255,-3.303077220916748,-9.652003288269043,0.1774686723947525,0.006713495589792728,0.038824938237667084,4,False,0.7194557189941406,0.0
fore_aft,9.42,0,0.28113889694213867,-3.3030753135681152,-9.651994705200195,0.17746855318546295,0.0067194257862865925,0.03882335126399994,4,False,0.719455361366272,0.0
fore_aft,9.44,0,0.28113922476768494,-3.3030128479003906,-9.651933670043945,0.17746718227863312,0.006743785459548235,0.03910252824425697,4,False,0.7194550037384033,0.0
fore_aft,9.46,0,0.28113919496536255,-3.3028757572174072,-9.65185546875,0.17746517062187195,0.0066876825876533985,0.038701798766851425,4,False,0.719456136226654,0.0
fore_aft,9.48,0,0.2811386287212372,-3.3029165267944336,-9.65173625946045,0.17746342718601227,0.006700801197439432,0.038874346762895584,4,False,0.7194545269012451,0.0
fore_aft,9.5,0,0.28113916516304016,-3.3029983043670654,-9.651796340942383,0.17746484279632568,0.00677253445610404,0.03894313797354698,4,False,0.7194543480873108,0.0
fore_aft,9.52,0,0.28113895654678345,-3.3028740882873535,-9.651775360107422,0.1774638295173645,0.0067322528921067715,0.03855198249220848,4,False,0.7194549441337585,0.0
fore_aft,9.540000000000001,0,0.28113898634910583,-3.3026883602142334,-9.651626586914062,0.17746038734912872,0.00676700659096241,0.03873758763074875,4,False,0.7194544672966003,0.0
fore_aft,9.56,0,0.2811391353607178,-3.302610397338867,-9.651694297790527,0.17746107280254364,0.006697279401123524,0.03847423195838928,4,False,0.719454288482666,0.0
fore_aft,9.58,0,0.2811387777328491,-3.3029696941375732,-9.651838302612305,0.17746537923812866,0.006730931345373392,0.03935925289988518,4,False,0.7194565534591675,0.0
fore_aft,9.6,0,0.2811392843723297,-3.3030014038085938,-9.651881217956543,0.1774662882089615,0.0067463889718055725,0.038846131414175034,4,False,0.719456136226654,0.0
fore_aft,9.620000000000001,0,0.2811391353607178,-3.3029603958129883,-9.651881217956543,0.17746604979038239,0.006708795670419931,0.0388876348733902,4,False,0.7194554805755615,0.0
fore_aft,9.64,0,0.28113874793052673,-3.3030292987823486,-9.651854515075684,0.17746597528457642,0.006744007114320993,0.03888792544603348,4,False,0.7194549441337585,0.0
fore_aft,9.66,0,0.2811392843723297,-3.303091287612915,-9.651946067810059,0.17746782302856445,0.006777880247682333,0.03867057338356972,4,False,0.7194550633430481,0.0
fore_aft,9.68,0,0.2811390161514282,-3.303037405014038,-9.651954650878906,0.17746767401695251,0.006727883592247963,0.039029307663440704,4,False,0.7194557189941406,0.0
fore_aft,9.700000000000001,0,0.28113895654678345,-3.3029348850250244,-9.652021408081055,0.1774682104587555,0.006782310549169779,0.038543250411748886,4,False,0.7194541692733765,0.0
fore_aft,9.72,0,0.28113919496536255,-3.302825927734375,-9.651846885681152,0.17746473848819733,0.006705569569021463,0.03899654000997543,4,False,0.7194546461105347,0.0
fore_aft,9.74,0,0.2811388075351715,-3.3028581142425537,-9.651775360107422,0.17746374011039734,0.006719555705785751,0.03874874860048294,4,False,0.7194546461105347,0.0
fore_aft,9.76,0,0.2811392843723297,-3.3030824661254883,-9.65192699432373,0.1774674504995346,0.006748596206307411,0.03900838643312454,4,False,0.7194545269012451,0.0
fore_aft,9.78,0,0.28113916516304016,-3.3030242919921875,-9.651829719543457,0.1774655431509018,0.006684030871838331,0.03894621878862381,4,False,0.719455361366272,0.0
fore_aft,9.8,0,0.2811388075351715,-3.3029375076293945,-9.651823997497559,0.17746497690677643,0.006742571946233511,0.03890445828437805,4,False,0.7194550037384033,0.0
fore_aft,9.82,0,0.2811393141746521,-3.3030519485473633,-9.651874542236328,0.17746640741825104,0.006763289216905832,0.039019424468278885,4,False,0.7194556593894958,0.0
fore_aft,9.84,0,0.2811391055583954,-3.3029415607452393,-9.651893615722656,0.17746615409851074,0.006715765222907066,0.038819100707769394,4,False,0.7194547057151794,0.0
fore_aft,9.86,0,0.2811391055583954,-3.3030123710632324,-9.651941299438477,0.17746731638908386,0.006737047340720892,0.03878887742757797,4,False,0.7194567918777466,0.0
fore_aft,9.88,0,0.2811390459537506,-3.303152561187744,-9.651878356933594,0.17746704816818237,0.006729394197463989,0.03906959295272827,4,False,0.7194547057151794,0.0
fore_aft,9.9,0,0.2811388671398163,-3.3031625747680664,-9.652106285095215,0.1774708330631256,0.006774025969207287,0.03875032067298889,4,False,0.719455897808075,0.0
fore_aft,9.92,0,0.28113922476768494,-3.302967071533203,-9.651908874511719,0.17746654152870178,0.006757832132279873,0.03902890533208847,4,False,0.7194546461105347,0.0
fore_aft,9.94,0,0.2811391055583954,-3.302976131439209,-9.65186595916748,0.17746587097644806,0.006729981396347284,0.038726627826690674,4,False,0.7194547653198242,0.0
fore_aft,9.96,0,0.28113892674446106,-3.3029627799987793,-9.651912689208984,0.17746657133102417,0.006751019041985273,0.03879613056778908,4,False,0.7194555997848511,0.0
fore_aft,9.98,0,0.2811392843723297,-3.3030717372894287,-9.651924133300781,0.17746736109256744,0.0067572505213320255,0.03887321054935455,4,False,0.7194551229476929,0.0
fore_aft,10.0,0,0.28113898634910583,-3.3029747009277344,-9.651944160461426,0.17746716737747192,0.006731107831001282,0.03856878727674484,4,False,0.7194544672966003,0.0
fore_aft,10.02,0,0.28113895654678345,-3.3028173446655273,-9.651782035827637,0.17746363580226898,0.0067456853576004505,0.038696374744176865,4,False,0.7194549441337585,0.0
fore_aft,10.040000000000001,0,0.281139075756073,-3.302790403366089,-9.651721954345703,0.17746250331401825,0.006715977564454079,0.03870971128344536,4,False,0.7194539904594421,0.0
fore_aft,10.06,0,0.2811388373374939,-3.302757501602173,-9.651795387268066,0.17746353149414062,0.006709936074912548,0.03886938467621803,4,False,0.7194561958312988,0.0
fore_aft,10.08,0,0.28113898634910583,-3.303065776824951,-9.651847839355469,0.17746604979038239,0.006753711961209774,0.03885088488459587,4,False,0.7194546461105347,0.0
fore_aft,10.1,0,0.2811393141746521,-3.303032875061035,-9.65190315246582,0.17746679484844208,0.006735615432262421,0.038843948394060135,4,False,0.7194555997848511,0.0
fore_aft,10.120000000000001,0,0.2811388373374939,-3.302733898162842,-9.651918411254883,0.17746542394161224,0.006745537277311087,0.03863103315234184,4,False,0.7194556593894958,0.0
fore_aft,10.14,0,0.2811388671398163,-3.3028173446655273,-9.651812553405762,0.17746412754058838,0.0067252665758132935,0.03916320577263832,4,False,0.7194553017616272,0.0
fore_aft,10.16,0,0.2811391055583954,-3.303089141845703,-9.651820182800293,0.1774657517671585,0.006715102586895227,0.03913084790110588,4,False,0.719455897808075,0.0
fore_aft,10.18,0,0.2811391055583954,-3.303051471710205,-9.651904106140137,0.17746691405773163,0.006738176103681326,0.038716819137334824,4,False,0.7194558382034302,0.0
fore_aft,10.200000000000001,0,0.2811390161514282,-3.3030290603637695,-9.651925086975098,0.17746713757514954,0.006748444400727749,0.03860076889395714,4,False,0.7194549441337585,0.0
fore_aft,10.22,0,0.2811391353607178,-3.3030614852905273,-9.651922225952148,0.17746727168560028,0.006760705262422562,0.039109304547309875,4,False,0.7194547057151794,0.0
fore_aft,10.24,0,0.2811390459537506,-3.3030452728271484,-9.651949882507324,0.17746764421463013,0.006747233681380749,0.038944218307733536,4,False,0.7194555997848511,0.0
fore_aft,10.26,0,0.2811390459537506,-3.30303692817688,-9.651920318603516,0.17746709287166595,0.006740376818925142,0.03883953019976616,4,False,0.7194544672966003,0.0
fore_aft,10.28,0,0.28113898634910583,-3.3031973838806152,-9.651985168457031,0.17746903002262115,0.0067629083059728146,0.039089858531951904,4,False,0.7194554805755615,0.0
fore_aft,10.3,0,0.2811391055583954,-3.302907943725586,-9.65188980102539,0.17746590077877045,0.006731415633112192,0.03879539668560028,4,False,0.7194550633430481,0.0
fore_aft,10.32,0,0.28113895654678345,-3.303058624267578,-9.651912689208984,0.17746710777282715,0.006735724397003651,0.03906887397170067,4,False,0.7194551825523376,0.0
fore_aft,10.34,0,0.2811391353607178,-3.3030049800872803,-9.651759147644043,0.1774642914533615,0.006752331275492907,0.03932326287031174,4,False,0.7194545269012451,0.0
fore_aft,10.36,0,0.281139075756073,-3.302950859069824,-9.651877403259277,0.17746593058109283,0.006751412060111761,0.03846326097846031,4,False,0.719455897808075,0.0
fore_aft,10.38,0,0.2811390161514282,-3.3028159141540527,-9.651846885681152,0.17746469378471375,0.00672693969681859,0.03860173374414444,4,False,0.7194546461105347,0.0
fore_aft,10.4,0,0.28113895654678345,-3.302746534347534,-9.651683807373047,0.177461639046669,0.006716560572385788,0.03870527446269989,4,False,0.7194544672966003,0.0
fore_aft,10.42,0,0.28113898634910583,-3.302807331085205,-9.651775360107422,0.17746348679065704,0.006734022404998541,0.0386262871325016,4,False,0.7194557189941406,0.0
fore_aft,10.44,0,0.28113889694213867,-3.3027682304382324,-9.651644706726074,0.17746111750602722,0.006685123313218355,0.03883616626262665,4,False,0.7194547653198242,0.0
fore_aft,10.46,0,0.2811388671398163,-3.3030335903167725,-9.65185260772705,0.17746597528457642,0.006766955368220806,0.03861486539244652,4,False,0.7194553017616272,0.0
fore_aft,10.48,0,0.2811393737792969,-3.303028106689453,-9.651915550231934,0.1774669885635376,0.006753169000148773,0.03890756517648697,4,False,0.7194546461105347,0.0
fore_aft,10.5,0,0.28113871812820435,-3.302779197692871,-9.651796340942383,0.17746366560459137,0.006738093215972185,0.03863468021154404,4,False,0.7194538712501526,0.0
fore_aft,10.52,0,0.2811391055583954,-3.302804946899414,-9.651815414428711,0.177464097738266,0.006755381356924772,0.03894036263227463,4,False,0.7194557189941406,0.0
fore_aft,10.540000000000001,0,0.2811390161514282,-3.303020715713501,-9.651840209960938,0.17746569216251373,0.006709480658173561,0.039045002311468124,4,False,0.7194554805755615,0.0
fore_aft,10.56,0,0.281139075756073,-3.3030385971069336,-9.651947975158691,0.17746755480766296,0.006739102303981781,0.03870764374732971,4,False,0.7194544076919556,0.0
fore_aft,10.58,0,0.2811392545700073,-3.3029515743255615,-9.651925086975098,0.1774667203426361,0.0067233191803097725,0.03887118771672249,4,False,0.7194550633430481,0.0
fore_aft,10.6,0,0.28113916516304016,-3.3029019832611084,-9.651834487915039,0.17746497690677643,0.0067194984294474125,0.03885870799422264,4,False,0.7194544076919556,0.0
fore_aft,10.620000000000001,0,0.2811391055583954,-3.3030786514282227,-9.651915550231934,0.1774672567844391,0.006728488951921463,0.0389271043241024,4,False,0.7194559574127197,0.0
fore_aft,10.64,0,0.28113892674446106,-3.302963972091675,-9.65184211730957,0.17746540904045105,0.0067428830079734325,0.03861595317721367,4,False,0.7194547057151794,0.0
fore_aft,10.66,0,0.2811391353607178,-3.302863597869873,-9.651900291442871,0.17746582627296448,0.0067699747160077095,0.038631193339824677,4,False,0.7194538116455078,0.0
fore_aft,10.68,0,0.2811390459537506,-3.3028371334075928,-9.651799201965332,0.17746402323246002,0.00671394681558013,0.03897480294108391,4,False,0.7194548845291138,0.0
fore_aft,10.700000000000001,0,0.28113898634910583,-3.30279803276062,-9.651780128479004,0.17746351659297943,0.006718823220580816,0.03896892070770264,4,False,0.719454824924469,0.0
fore_aft,10.72,0,0.281139075756073,-3.3028697967529297,-9.65180778503418,0.1774643361568451,0.006698389071971178,0.038745731115341187,4,False,0.7194562554359436,0.0
fore_aft,10.74,0,0.2811388671398163,-3.3030335903167725,-9.651808738708496,0.17746523022651672,0.006745414342731237,0.03904972970485687,4,False,0.7194545269012451,0.0
fore_aft,10.76,0,0.2811392843723297,-3.303034782409668,-9.65185546875,0.17746601998806,0.006770119071006775,0.03891034796833992,4,False,0.7194549441337585,0.0
fore_aft,10.78,0,0.28113898634910583,-3.3027772903442383,-9.651814460754395,0.17746394872665405,0.006745014805346727,0.03870004788041115,4,False,0.7194549441337585,0.0
fore_aft,10.8,0,0.28113889694213867,-3.3028314113616943,-9.651827812194824,0.17746445536613464,0.0067346058785915375,0.03892739117145538,4,False,0.7194550633430481,0.0
fore_aft,10.82,0,0.2811391055583954,-3.3028547763824463,-9.651740074157715,0.17746317386627197,0.006708880420774221,0.03901996836066246,4,False,0.7194538116455078,0.0
fore_aft,10.84,0,0.2811390161514282,-3.30299973487854,-9.65188217163086,0.1774662882089615,0.006743523757904768,0.03886570408940315,4,False,0.7194552421569824,0.0
fore_aft,10.86,0,0.281139075756073,-3.302997350692749,-9.651849746704102,0.17746573686599731,0.006766368634998798,0.038796208798885345,4,False,0.7194555997848511,0.0
fore_aft,10.88,0,0.2811391055583954,-3.302879571914673,-9.651930809020996,0.17746640741825104,0.006753250490874052,0.03854522109031677,4,False,0.7194544076919556,0.0
fore_aft,10.9,0,0.2811390161514282,-3.3027491569519043,-9.651792526245117,0.17746344208717346,0.006705294828861952,0.03892739862203598,4,False,0.7194532752037048,0.0
fore_aft,10.92,0,0.2811390161514282,-3.303009033203125,-9.651857376098633,0.17746590077877045,0.006690703332424164,0.039134882390499115,4,False,0.7194555401802063,0.0
fore_aft,10.94,0,0.28113889694213867,-3.303175210952759,-9.651922225952148,0.17746789753437042,0.006735349539667368,0.039072759449481964,4,False,0.7194556593894958,0.0
fore_aft,10.96,0,0.28113892674446106,-3.3029961585998535,-9.651846885681152,0.17746566236019135,0.006774761714041233,0.038667693734169006,4,False,0.7194544076919556,0.0
fore_aft,10.98,0,0.2811391353607178,-3.302844762802124,-9.651920318603516,0.17746606469154358,0.00675594387575984,0.03883038088679314,4,False,0.7194554805755615,0.0
fore_aft,11.0,0,0.2811388671398163,-3.302710771560669,-9.651776313781738,0.17746298015117645,0.006697266362607479,0.03865612670779228,4,False,0.7194541692733765,0.0
